round,train_loss,train_accuracy,test_loss,test_accuracy,test_perplexity,num_fit_clients,num_fit_examples,tau_eff,mean_local_normalizer,mean_local_steps,run_completed
1,3.477503659313169,0.1879538781064241,nan,nan,nan,10,69815,4752.613303463784,2096.601236650295,218.6,False
2,3.2412382631573378,0.1688114211697125,nan,nan,nan,10,35513,1676.701948830654,1025.8852750913215,111.5,False
3,3.1334439990197342,0.18605575189778123,nan,nan,nan,10,47819,2049.040560069753,1409.2171611167453,149.9,False
4,3.1453281020286417,0.1862268006488445,nan,nan,nan,10,47469,2763.2719358512113,1398.431856326435,148.8,False
5,3.1127153070284073,0.18804008089722377,nan,nan,nan,10,65268,3104.44377709086,1953.5243394856534,204.3,False
6,3.086590629192516,0.1892596038814303,nan,nan,nan,10,37615,1671.0098064169395,1090.7038762632685,118.0,False
7,3.100391673835527,0.18487851523449386,nan,nan,nan,10,46014,2556.832212735512,1352.158786871308,144.2,False
8,3.027968082547638,0.19468193482662127,nan,nan,nan,10,77547,4397.8069224818955,2339.1353814580148,242.8,False
9,2.9971870304237975,0.20564811424386673,nan,nan,nan,10,65544,2987.190392822631,1961.910107365727,205.1,False
10,2.9688184937600295,0.21378171990350256,2.9477314847208436,0.2195976322493631,19.062660704285523,10,55131,4153.70388783891,1637.3259172489843,172.6,False
11,2.8907893054641822,0.22507050960089633,nan,nan,nan,10,51766,2232.6811432274844,1532.2562359329145,162.2,False
12,2.874815774623194,0.2332279739601867,nan,nan,nan,10,47773,1829.5313979220527,1407.1256265456946,149.7,False
13,2.869538825637093,0.22964121326566742,nan,nan,nan,10,33892,2251.3434443470646,974.7271379878057,106.4,False
14,2.8408935947135747,0.23559343594962473,nan,nan,nan,10,47166,2315.1149310322653,1389.0912808583041,147.8,False
15,2.7990582912338637,0.2414867467238653,nan,nan,nan,10,63871,2890.8296582643884,1911.1878459992572,200.1,False
16,2.790242407159729,0.24361665667037957,nan,nan,nan,10,46684,2873.877235308305,1375.3302007928432,146.4,False
17,2.7461860648219494,0.2516089488201042,nan,nan,nan,10,55471,2605.054586071377,1649.1987923005963,173.8,False
18,2.7457725216876634,0.25962659160380885,nan,nan,nan,10,45473,2009.232106758519,1336.5319855092264,142.6,False
19,2.7255157436707593,0.26014999120520654,nan,nan,nan,10,62537,3261.403646116575,1870.843273103099,196.0,False
20,2.6569331997981194,0.2796254780429909,2.693401340814468,0.27253484190019484,14.781868683973384,10,37915,1926.6348747117029,1100.838451576506,119.0,False
21,2.6372297311719426,0.281938397293754,nan,nan,nan,10,61783,3091.697951531852,1846.74014843648,193.6,False
22,2.5904135295004544,0.2910098923796065,nan,nan,nan,10,45995,2722.0055561245567,1354.6159841029883,144.4,False
23,2.5568715613490456,0.3013340165059381,nan,nan,nan,10,54647,2168.2207315018877,1620.1283731820577,171.0,False
24,2.5015449978997193,0.3085861986576598,nan,nan,nan,10,92078,4745.23753515171,2792.1377766832566,288.2,False
25,2.483246939867683,0.3139522470910579,nan,nan,nan,10,28103,1310.487259746712,792.518547130399,88.1,False
26,2.4947465075581357,0.30896940037361537,nan,nan,nan,10,38007,1491.5124036091888,1101.2280395868233,119.1,False
27,2.4597291470727938,0.3169253031285864,nan,nan,nan,10,40082,2736.2414673033713,1167.7354922525747,125.7,False
28,2.429756582609167,0.3236438849720882,nan,nan,nan,10,44963,1867.3298057524785,1318.1591284740011,140.8,False
29,2.412097934750494,0.3299398235924491,nan,nan,nan,10,48524,2032.9651980319557,1430.178937289123,152.0,False
30,2.380043999151014,0.3407742035984111,2.377607124133677,0.33970852689944553,10.779078981624549,10,64195,3639.200211481849,1921.1775680356072,201.1,False
31,2.3058520197065033,0.3531032528261486,nan,nan,nan,10,63514,4582.114843759619,1900.1572497397306,199.0,False
32,2.3275691645584295,0.35100210143336574,nan,nan,nan,10,63766,2470.812884470515,1908.0304257416433,199.8,False
33,2.325913791913329,0.35067993879691234,nan,nan,nan,10,58167,2979.314057517578,1734.8473193495622,182.4,False
34,2.2768196818849216,0.358818117574901,nan,nan,nan,10,74999,3900.5105685350054,2259.067329991731,234.9,False
35,2.280796477330644,0.36071342103139376,nan,nan,nan,10,61955,3143.5694846177676,1852.0396830790148,194.2,False
36,2.249543005743966,0.3727270152382031,nan,nan,nan,10,70612,3138.6062085952335,2122.231748835798,221.1,False
37,2.2195337959961257,0.3715879493857796,nan,nan,nan,10,48761,2803.485555790717,1438.4600638996203,152.7,False
38,2.1817041917266797,0.3821451509312781,nan,nan,nan,10,45153,2008.4217047485001,1326.2111030667143,141.6,False
39,2.161535018946706,0.38762350266678325,nan,nan,nan,10,45748,2283.1507086850356,1344.795655310085,143.4,False
40,2.1688100627474403,0.38928234818904,2.1571833993762253,0.3970852689944553,8.646748889560136,10,74270,3115.1695526184694,2237.1146736620044,232.7,False
41,2.138944474401254,0.3947901201241733,nan,nan,nan,10,59272,2440.654904256794,1768.0657335376268,185.8,False
42,2.1183304189415044,0.4003330207276694,nan,nan,nan,10,52249,2906.7615401504336,1546.0331388440773,163.5,False
43,2.124222537052193,0.39557293766631724,nan,nan,nan,10,49604,3106.9771333591393,1466.4271196888265,155.6,False
44,2.1040399260401106,0.3999693533558075,nan,nan,nan,10,32630,1538.369974988606,934.8329906306346,102.4,False
45,2.1067986318392897,0.40008735531775497,nan,nan,nan,10,45790,2001.9073352087712,1345.5058466145806,143.5,False
46,2.1130325100794387,0.40336634842500146,nan,nan,nan,10,50381,2857.837532412863,1488.4469435602164,157.8,False
47,2.0766282974336914,0.4109768253177174,nan,nan,nan,10,16052,500.18980981445344,416.14206154775565,50.4,False
48,2.074740842129373,0.4084495555011826,nan,nan,nan,10,24522,1464.7724454525473,681.4051792363367,76.9,False
49,2.072467560489211,0.40603993177485703,nan,nan,nan,10,59802,3618.396251009073,1782.378961967089,187.1,False
50,2.054979452508582,0.409399314134002,2.1264141563459544,0.3926832009590889,8.384746450412063,10,54238,3194.1415400348033,1610.1116304028185,170.0,False
51,2.0268994634752513,0.41824182418241823,nan,nan,nan,10,33330,1770.1106916575525,958.0784358351166,104.6,False
52,2.0390595385074968,0.41485710282992433,nan,nan,nan,10,57104,2815.4526923951203,1699.1407894715012,178.9,False
53,2.0200386473799177,0.415981915981916,nan,nan,nan,10,60606,3281.048857598706,1809.6388063473319,189.9,False
54,2.0113912989445826,0.4216975932390226,nan,nan,nan,10,54430,2418.6757799506777,1617.6218038641284,170.7,False
55,1.9960369664145905,0.4295889295889296,nan,nan,nan,10,54054,2247.441079715982,1604.4099809120803,169.4,False
56,1.9940905396409747,0.42589417280643,nan,nan,nan,10,74650,3474.867469126615,2247.2516261195487,233.7,False
57,2.0007479443396186,0.4247188615892981,nan,nan,nan,10,56289,3737.3412783258605,1674.772971091669,176.4,False
58,1.9676485890257003,0.4308825054443638,nan,nan,nan,10,38572,1657.1037671218908,1121.1016002481585,121.1,False
59,1.9850949996461176,0.4294253795265259,nan,nan,nan,10,54871,2242.93691963639,1629.6591452821663,171.9,False
60,1.957652043493687,0.4403950479899847,1.9439988921254217,0.4470627903491683,6.986633978510088,10,21567,815.7887095905469,588.7466255885239,67.8,False
61,1.943500481046754,0.4411283809073538,nan,nan,nan,10,50763,2899.215302975542,1503.6325885396068,159.3,False
62,1.952888269204471,0.43536013109218663,nan,nan,nan,10,40277,2206.208311940274,1173.7644502202738,126.3,False
63,1.9620015265014925,0.43452015551463063,nan,nan,nan,10,58644,2640.5417278371788,1748.0458233243942,183.8,False
64,1.9393989938612295,0.44057217476728444,nan,nan,nan,10,83471,4110.699725963247,2523.4153537890093,261.3,False
65,1.910430152016607,0.44688395247264356,nan,nan,nan,10,42586,2625.5530830628873,1248.0095838925217,133.7,False
66,1.8745229443522116,0.4565054673262171,nan,nan,nan,10,61456,4389.07158200951,1835.3279843287462,192.5,False
67,1.931455526863897,0.443049959266354,nan,nan,nan,10,45417,2028.078526100457,1334.7783034598165,142.4,False
68,1.9223673751478687,0.44554711491837723,nan,nan,nan,10,30935,1739.9780801272834,882.8833282736057,97.2,False
69,1.8978442454228563,0.4515434908549201,nan,nan,nan,10,48332,2064.879423485674,1424.1419221276751,151.4,False
70,1.900994112946372,0.4476267819075656,1.8858959652326033,0.4542372246365952,6.592258231004613,10,68957,3363.7237661821955,2070.1119847096843,216.0,False
71,1.8723399640930054,0.4567481707158295,nan,nan,nan,10,76806,3498.1279991699057,2313.03504480975,240.3,False
72,1.8946146095291807,0.4535392483966995,nan,nan,nan,10,50053,3540.2069353038487,1479.2173218207158,156.8,False
73,1.8791184410887751,0.4522631709126886,nan,nan,nan,10,64688,2990.8033287638614,1935.5855777504512,202.5,False
74,1.865462016981623,0.4552613522954092,nan,nan,nan,10,64128,3589.9627015795327,1918.3741360737404,200.7,False
75,1.8528369203942778,0.4608259128667902,nan,nan,nan,10,66932,5275.423278020056,2006.933712202507,209.6,False
76,1.8670761641747744,0.457565810440436,nan,nan,nan,10,62756,2959.2369917399938,1876.9286613016507,196.6,False
77,1.8552076121206131,0.45885278459253326,nan,nan,nan,10,59919,3712.9221297477743,1789.71281513657,187.8,False
78,1.845464295430456,0.46362911058692935,nan,nan,nan,10,57656,2834.179500392695,1717.2922481195885,180.7,False
79,1.8496497263618301,0.4615190784737221,nan,nan,nan,10,55560,3377.118620031274,1653.6237905302592,174.3,False
80,1.837990721137706,0.4635548469201176,1.9382490885591785,0.43170238273640044,6.946577474415875,10,68363,3895.458657709553,2050.58999627178,214.0,False
81,1.8245020343189273,0.4664366609165229,nan,nan,nan,10,66665,2476.2282848366385,1997.0173525326977,208.7,False
82,1.7603897892838423,0.48484069886947584,nan,nan,nan,10,19460,633.1374419073993,524.4405419403798,61.3,False
83,1.8044937969229746,0.47564723567730083,nan,nan,nan,10,59870,2825.2319729553883,1788.3200996745704,187.8,False
84,1.8132271833439302,0.4698241308793456,nan,nan,nan,10,61125,3477.4684210671517,1825.3473355068909,191.4,False
85,1.7526960244721708,0.48509230605058157,nan,nan,nan,10,46855,4992.615300829517,1380.322373745093,146.9,False
86,1.8428513099119526,0.46668629664163847,nan,nan,nan,10,61131,4083.921346632174,1826.933885467481,191.5,False
87,1.8426695439631575,0.4659587053885806,nan,nan,nan,10,35501,2006.5769237503494,1025.4428294122347,111.4,False
88,1.798121651921929,0.4772619562753704,nan,nan,nan,10,48531,3082.3403314190355,1430.8170644774082,152.0,False
89,1.8368890758992238,0.4626244752743633,nan,nan,nan,10,53123,3065.914051166452,1576.2585601681953,166.6,False
90,1.8096110071902114,0.4690907351909711,2.2949965349937975,0.3546942904240971,9.924401624112589,10,62732,3959.6130378177077,1876.0996884622502,196.5,False
91,1.8191414744401744,0.47253868389729636,nan,nan,nan,10,47048,2294.254269468455,1385.2647378606598,147.5,False
92,1.8042065020407376,0.47277319340721546,nan,nan,nan,10,45929,2843.140762928119,1350.801040424136,143.9,False
93,1.7998751653796807,0.4757416799077117,nan,nan,nan,10,45943,2976.53859473945,1350.3677351380643,144.0,False
94,1.8210608870688638,0.4703954414977936,nan,nan,nan,10,46682,2290.2222525580787,1372.3716559314082,146.2,False
95,1.7843613973678163,0.48125040339063274,nan,nan,nan,10,46481,2686.4286374174994,1368.461668700602,145.8,False
96,1.7552339875784941,0.48321813313406814,nan,nan,nan,10,32118,1533.3826718109915,918.8334744933827,100.8,False
97,1.7507779170968616,0.48631230751682447,nan,nan,nan,10,70136,3386.5520760687823,2108.0306668843277,219.8,False
98,1.7550065413631821,0.4840669509938038,nan,nan,nan,10,74562,3466.9568404277147,2245.652645601168,233.5,False
99,1.7360495159804779,0.4874586706190856,nan,nan,nan,10,52626,2679.21458401962,1559.0894218743713,164.9,False
100,1.7316230619045163,0.4906033739414977,1.720132504377018,0.4928817623257905,5.585268487768245,10,90458,4158.593387891252,2743.4312361755137,283.3,False
101,1.7354411083108,0.4910889777169232,nan,nan,nan,10,45281,2634.709004907237,1330.2065799133843,142.0,False
102,1.6876147281279308,0.5026487252124646,nan,nan,nan,10,70600,3684.2805153074623,2120.1285690815625,221.0,False
103,1.7285838184632007,0.49180121089808276,nan,nan,nan,10,63424,2816.483555283509,1895.6489441415204,198.5,False
104,1.6789547468265715,0.5068921641395399,nan,nan,nan,10,37724,1715.0086580275001,1094.3863849681577,118.4,False
105,1.703189486394575,0.4987014453477868,nan,nan,nan,10,35424,1696.600941383246,1023.5136694873751,111.3,False
106,1.6929158522434273,0.5042533548748722,nan,nan,nan,10,60658,2761.8080046187933,1809.704932629579,189.9,False
107,1.690625183523584,0.5026247953788548,nan,nan,nan,10,53147,1925.4097705365293,1575.0588445107048,166.5,False
108,1.6879340344801388,0.502979542894517,nan,nan,nan,10,55042,2077.344659981527,1635.0653153622939,172.5,False
109,1.6651904444162586,0.5063485616402069,nan,nan,nan,10,56627,2256.817998476445,1685.049586079264,177.5,False
110,1.6901753648908204,0.5019268767779818,1.695326228004586,0.5026974374344373,5.448423103518096,10,71359,3959.9017819373594,2145.482577227715,223.5,False
111,1.6714255201709534,0.5064656947533153,nan,nan,nan,10,36423,1337.0490752653127,1051.4140382008493,114.1,False
112,1.666281185644458,0.5089847504034525,nan,nan,nan,10,55149,3018.5427201528832,1638.8191009646046,172.8,False
113,1.6997858042353067,0.500721695117492,nan,nan,nan,10,51961,2770.3135473437787,1538.4187015346774,162.8,False
114,1.6580963874711816,0.5103206246365978,nan,nan,nan,10,48156,2007.4285136173926,1419.932139815154,150.9,False
115,1.660959084231212,0.5077325668690075,nan,nan,nan,10,46621,2146.105725528355,1373.1989463833158,146.3,False
116,1.6921521283273981,0.49851152192289316,nan,nan,nan,10,54418,2416.7808783913083,1615.1029371274694,170.5,False
117,1.6793755156332661,0.5020885868832894,nan,nan,nan,10,51949,2578.0175572856424,1538.6642458103242,162.8,False
118,1.6582822716935104,0.5083028208962921,nan,nan,nan,10,38782,1987.8023974573111,1127.047605667579,121.6,False
119,1.6706324331098015,0.5039204591383073,nan,nan,nan,10,49484,2761.491743164239,1462.641865957415,155.2,False
120,1.6841309739148735,0.5038008788530006,1.6701196750993583,0.5011613966731605,5.312803569432398,10,62354,3260.2976796379753,1863.5949004181753,195.3,False
121,1.6621618229888295,0.5085125942268799,nan,nan,nan,10,54390,2517.735295573529,1616.1008056467697,170.6,False
122,1.6248359841120066,0.5178274809750067,nan,nan,nan,10,51774,2360.3844668020247,1531.8680232395413,162.1,False
123,1.673180636202574,0.5051979615836927,nan,nan,nan,10,63775,3861.0880902940658,1908.7110674631163,199.8,False
124,1.6400118825789145,0.5151041820164451,nan,nan,nan,10,33931,1646.4641698636362,975.6305679715772,106.5,False
125,1.6382646750558667,0.5119402985074627,nan,nan,nan,10,53600,2883.2037163159457,1589.5434841223944,167.9,False
126,1.6444871133319652,0.5133334463525862,nan,nan,nan,10,58987,3614.935237279277,1756.9778665423546,184.6,False
127,1.6539801599148574,0.5066994941881888,nan,nan,nan,10,59706,3518.877581107072,1779.7425194372888,186.9,False
128,1.6446650098005335,0.5115285472179102,nan,nan,nan,10,70217,3388.1986471895916,2108.656105888587,219.8,False
129,1.6549364151875663,0.5115638380009827,nan,nan,nan,10,56988,2889.3368932068947,1697.8347904667164,178.7,False
130,1.6272254493853582,0.5207802763478732,1.636703103124229,0.5156975872920725,5.138201436343501,10,36910,1471.9502309282495,1069.7915214410477,115.9,False
131,1.6019372079148293,0.5253911543673772,nan,nan,nan,10,40585,1981.0774434144075,1184.7976609103384,127.4,False
132,1.6014274691451436,0.520839727456878,nan,nan,nan,10,48873,2238.615477724737,1441.0932446369084,153.1,False
133,1.6326894863536354,0.51422124176953,nan,nan,nan,10,59383,3733.6549890903793,1770.6397545853288,185.9,False
134,1.6342902837092133,0.5147794373046196,nan,nan,nan,10,57580,2984.608724690659,1714.880952255668,180.4,False
135,1.615357660574094,0.5186828840674994,nan,nan,nan,10,54756,2513.0564208179594,1626.6833589722987,171.6,False
136,1.6414894616504534,0.5136585756629015,nan,nan,nan,10,49932,3670.4193492902536,1475.2956241662637,156.4,False
137,1.5998080093079516,0.5249199557986003,nan,nan,nan,10,35293,1794.8924287814727,1019.0219034374253,110.8,False
138,1.6217183336095078,0.5172061664144489,nan,nan,nan,10,81279,3697.861087940205,2455.104842403921,254.5,False
139,1.6125278102333855,0.5196870404995734,nan,nan,nan,10,55087,2891.672046064846,1637.2344621530735,172.6,False
140,1.6078282434724633,0.5239655968852422,1.657149455098221,0.5136745092162446,5.244340289988302,10,45461,2881.924698605672,1337.35168877991,142.6,False
141,1.6391059184200731,0.5197363016511952,nan,nan,nan,10,48692,2531.1430287391395,1437.3275230838194,152.6,False
142,1.5786589718202684,0.5279226270171236,nan,nan,nan,10,56764,3568.4353934751625,1688.1563405048541,177.8,False
143,1.6367079890275928,0.51406784779545,nan,nan,nan,10,39736,3867.953476397896,1157.588383206065,124.6,False
144,1.6343493869215509,0.5164402786827728,nan,nan,nan,10,79804,4579.575884472009,2407.076484482898,249.7,False
145,1.6321839876215374,0.515422105298661,nan,nan,nan,10,118596,5668.454409431272,3621.208162456319,371.1,False
146,1.6092658067854484,0.5218705906067325,nan,nan,nan,10,54571,3361.2214572174694,1619.3765247327606,170.9,False
147,1.611548529064487,0.5199045862732521,nan,nan,nan,10,49888,2384.668922503798,1474.27235432162,156.3,False
148,1.5870470275885895,0.5251966384544068,nan,nan,nan,10,66874,3548.885193751151,2004.835422143693,209.4,False
149,1.5933306651330497,0.5238755197177775,nan,nan,nan,10,31748,1811.7226488630042,907.9015806209848,99.7,False
150,1.5771515850042508,0.529226809400547,1.7889272036017212,0.4930128877566312,5.9830304487241435,10,68379,4381.053993716886,2051.1942714065053,214.1,False
151,1.5858470370734397,0.5271999657592878,nan,nan,nan,10,46728,1902.200067050225,1375.6691911703595,146.5,False
152,1.5856607898172732,0.528173250451173,nan,nan,nan,10,59844,3766.0248812829645,1786.2900091794745,187.5,False
153,1.5560433392840611,0.5329987264963668,nan,nan,nan,10,40047,2596.608766084299,1165.6815094278197,125.5,False
154,1.5788971222251118,0.5280660058354105,nan,nan,nan,10,51753,2156.8490194687593,1532.6900641437746,162.2,False
155,1.5653050757110243,0.5322983018222802,nan,nan,nan,10,78967,3378.4554095915373,2384.009816593057,247.4,False
156,1.5862635133996263,0.5276500132170235,nan,nan,nan,10,75660,3655.5297143727857,2279.607059880914,236.9,False
157,1.5487425057460744,0.5358377245169698,nan,nan,nan,10,52947,2213.0049841516075,1569.6786838495586,165.9,False
158,1.5719534497150904,0.5326741446321768,nan,nan,nan,10,49657,2152.338239782521,1466.7826228008776,155.6,False
159,1.5236760872780606,0.5446420126737918,nan,nan,nan,10,42292,1777.0390699894003,1237.052441332627,132.7,False
160,1.5179465863861172,0.5459326176136859,1.5731548403185847,0.5299715270493032,4.821836346795582,10,45828,2201.3843502051513,1346.2669604751322,143.6,False
161,1.5580579008026583,0.5367963299244959,nan,nan,nan,10,41852,1814.2081000730825,1222.484194130092,131.2,False
162,1.541164764233744,0.5376143680108438,nan,nan,nan,10,35412,1839.0343508893457,1021.2915856299853,111.1,False
163,1.5622008337575792,0.5328911991396308,nan,nan,nan,10,61369,3506.8734763010775,1832.8216753797078,192.2,False
164,1.5687696137996896,0.5341972370194064,nan,nan,nan,10,79407,4201.452151208556,2396.7602320944393,248.6,False
165,1.5589841230189996,0.5346068297788826,nan,nan,nan,10,53501,3552.1207293054385,1586.8375806033544,167.6,False
166,1.562421668897984,0.532958025969544,nan,nan,nan,10,46362,2940.9677060138106,1364.7211060040715,145.3,False
167,1.5583530798540184,0.5335990313792756,nan,nan,nan,10,39644,3333.9263390050032,1154.267097892469,124.4,False
168,1.5567100506077767,0.5317954601327542,nan,nan,nan,10,73218,5057.331138551078,2202.16143330653,229.2,False
169,1.6244712894589504,0.5229457645565028,nan,nan,nan,10,27565,1121.9824728842223,775.9406124023961,86.5,False
170,1.5622732116643063,0.531786693606581,1.8068715175481174,0.47133972725910384,6.091360876210827,10,55432,4059.5607391072294,1646.2711670518504,173.6,False
171,1.5184687356668505,0.5455801959773079,nan,nan,nan,10,48475,2290.54858472028,1429.5734413637595,151.9,False
172,1.5381884246998139,0.5373077718778015,nan,nan,nan,10,87006,4925.498318143598,2634.1415715141757,272.4,False
173,1.5439108697616535,0.5354442344045368,nan,nan,nan,10,33856,2008.0873087992313,973.1949558408336,106.1,False
174,1.5675412469255712,0.5303181940936313,nan,nan,nan,10,62949,3565.939660019806,1880.1625031211563,197.0,False
175,1.515674109678867,0.543507994151771,nan,nan,nan,10,42406,1856.5477066081557,1239.8470950422968,132.9,False
176,1.5378747518894977,0.5370501058574453,nan,nan,nan,10,49595,2997.1662554062773,1465.9196960858349,155.5,False
177,1.5163339364888178,0.544716973261586,nan,nan,nan,10,47946,2180.7729358306674,1413.2869902787165,150.2,False
178,1.4614527077285062,0.5614236981628375,nan,nan,nan,10,24331,861.975571601936,675.0504499553829,76.4,False
179,1.5243726282175685,0.5422061809158584,nan,nan,nan,10,66495,3377.2032403597827,1992.1184698308684,208.2,False
180,1.5293342078600296,0.5372749448251829,1.5678864118668088,0.533624306908437,4.796499647893474,10,43045,2634.638549251925,1261.7429138679206,135.1,False
181,1.5279206089783193,0.5404418159679945,nan,nan,nan,10,74737,4007.9760474526593,2250.6920958278447,234.0,False
182,1.5136654083109067,0.5467180445045814,nan,nan,nan,10,67993,3161.822446535643,2040.0732858250008,213.0,False
183,1.4918833695279874,0.5511024390243903,nan,nan,nan,10,76875,5186.197861813952,2319.2573407924488,240.8,False
184,1.5175794428240263,0.5442376492342325,nan,nan,nan,10,24877,1570.3612328905845,693.072659511211,78.1,False
185,1.5404672495204543,0.5380929205196361,nan,nan,nan,10,80133,3870.0962151417743,2419.1144045965725,250.9,False
186,1.5243556501343014,0.5386127844712182,nan,nan,nan,10,71712,3763.7120197439494,2154.7341350190127,224.4,False
187,1.5132811342784345,0.5457838024676516,nan,nan,nan,10,66541,3385.109324003535,1993.7721019059725,208.3,False
188,1.5206090767870695,0.5412350176454325,nan,nan,nan,10,61489,3333.4177471545063,1838.0273333856967,192.7,False
189,1.4835613683474655,0.5538909130458426,nan,nan,nan,10,36778,1865.4664457598242,1065.367933581106,115.4,False
190,1.496747582304988,0.5521065656411354,1.5654517769831402,0.5265997302562565,4.784836126500474,10,32731,1731.3691468057657,938.5814197476286,102.7,False
191,1.4873198760354593,0.5521820038896895,nan,nan,nan,10,71471,3493.939030131279,2149.435482600206,223.9,False
192,1.5080013442403781,0.5446601786086482,nan,nan,nan,10,62371,4270.4201798761305,1864.7507465703115,195.4,False
193,1.476603831618236,0.5546998295562149,nan,nan,nan,10,31682,1945.3204137815758,905.9043497596261,99.4,False
194,1.5139992650906957,0.5481492244542119,nan,nan,nan,10,55058,2592.19538048182,1635.5513437744216,172.5,False
195,1.4677854637830066,0.558745049574474,nan,nan,nan,10,35603,1619.1914725788308,1027.921515026905,111.7,False
196,1.4501643108265871,0.560473411154345,nan,nan,nan,10,43176,2125.612437437602,1266.171079501566,135.5,False
197,1.458555156056187,0.5625235241321405,nan,nan,nan,10,34539,1728.1458319419773,993.6723390048639,108.3,False
198,1.4757310320580415,0.5565151907372979,nan,nan,nan,10,42493,1688.6485811352384,1243.0866361039448,133.3,False
199,1.4741795325041473,0.5557179596292253,nan,nan,nan,10,54049,2136.1380709613363,1603.3846690445914,169.3,False
200,1.484800418462868,0.5550748008238469,1.5293297456798214,0.543215195564214,4.615082506438414,10,62633,3390.416705618865,1871.9199746299219,196.1,False
201,1.5145170253667055,0.5471015327878299,nan,nan,nan,10,43385,2433.8979458760814,1272.2837471809758,136.1,False
202,1.4726124029431957,0.5524038461538462,nan,nan,nan,10,58240,3034.1502569154645,1735.3200169719173,182.5,False
203,1.4826072333506877,0.5544198895027624,nan,nan,nan,10,39820,3331.7951799209723,1160.8268606803017,125.0,False
204,1.4724906541120526,0.5524926147582385,nan,nan,nan,10,65333,3375.369342314207,1958.1053157429465,204.8,False
205,1.4345688192730512,0.5665801557197045,nan,nan,nan,10,25045,1019.6100200090568,698.3697429768923,78.7,False
206,1.4602741232430583,0.5567205685446492,nan,nan,nan,10,48545,2774.3258143344983,1432.7159373013294,152.2,False
207,1.4338054074322903,0.5672443425952449,nan,nan,nan,10,27928,1539.867094273682,787.837070268457,87.7,False
208,1.453283485642747,0.5609175103189108,nan,nan,nan,10,48697,4931.3017853354395,1437.4221388435167,152.6,False
209,1.4919847718677588,0.5511567555629175,nan,nan,nan,10,54333,3292.816002341213,1613.0598118735425,170.3,False
210,1.496397360463768,0.5472830875873818,1.6078826101684114,0.5245766521804286,4.992229532950433,10,85115,4345.881111494636,2574.448345213087,266.4,False
211,1.5039733523842769,0.5473848236349613,nan,nan,nan,10,63533,3028.0282555285767,1900.2525512186771,198.9,False
212,1.4767284145376955,0.554239800867544,nan,nan,nan,10,54637,2460.566021807192,1622.6750255854363,171.2,False
213,1.4505984814402986,0.5611061352440663,nan,nan,nan,10,89320,4588.172212494197,2706.059604105453,279.6,False
214,1.4339820393387628,0.5667832991286209,nan,nan,nan,10,59446,4701.083979700734,1774.306489083754,186.3,False
215,1.5346621630622548,0.5394285376242309,nan,nan,nan,10,33808,1263.5410184371585,971.4671014539006,106.1,False
216,1.4765192666741478,0.551500427167877,nan,nan,nan,10,74912,3940.0973676438443,2256.44389424412,234.5,False
217,1.4471506726541936,0.5612433625678659,nan,nan,nan,10,50283,2035.032069834058,1488.01854198908,157.8,False
218,1.4127142425333794,0.571505376344086,nan,nan,nan,10,48360,2228.836728604096,1425.4552354362663,151.5,False
219,1.4385275239181357,0.5621676545300592,nan,nan,nan,10,59050,4552.298028609059,1761.0381939653175,185.0,False
220,1.4747738240125339,0.5546655057321144,1.5052111196889524,0.5460062940206803,4.505104646187462,10,68910,2999.6292890140166,2067.5105458020435,215.7,False
221,1.4686506945416138,0.5564095210782908,nan,nan,nan,10,87175,3330.83353821313,2639.004728043238,272.9,False
222,1.437457218916841,0.5634012189683365,nan,nan,nan,10,53816,2957.2148135151765,1595.4442020816518,168.5,False
223,1.4834229067232299,0.5534942850752769,nan,nan,nan,10,84953,3473.234287517709,2570.6734974870064,266.0,False
224,1.4363259344020272,0.5677810620731831,nan,nan,nan,10,19622,675.2391059528901,529.8613137572491,61.8,False
225,1.4767822902358478,0.5521223028856849,nan,nan,nan,10,49451,2450.08104033711,1460.17195710136,154.9,False
226,1.4532975271414887,0.5611790079079799,nan,nan,nan,10,34775,1738.1415549080025,1003.9718783049335,109.2,False
227,1.4467767390847428,0.5630353817504655,nan,nan,nan,10,42960,2043.0196646146644,1258.4849707042733,134.7,False
228,1.457191189413856,0.5571301504880042,nan,nan,nan,10,83196,3992.8827338855003,2515.0777288022023,260.5,False
229,1.4839892427192818,0.5534836784836785,nan,nan,nan,10,45584,1815.2604910505443,1338.6141797526193,142.8,False
230,1.4516608396483983,0.560666174570954,1.5025918304553976,0.5494342874269444,4.493319914639499,10,65028,3233.73298776223,1946.0647434348582,203.6,False
231,1.446276496253352,0.5598310259734828,nan,nan,nan,10,47818,2372.5737303689975,1409.329400602007,149.8,False
232,1.4000091649784066,0.5752636819964639,nan,nan,nan,10,49207,2447.8994679899615,1452.4099313778756,154.1,False
233,1.4369551886496443,0.563887302493813,nan,nan,nan,10,52530,2475.1565243644345,1556.4645912895153,164.5,False
234,1.4437695182670007,0.563904657089898,nan,nan,nan,10,69056,2894.6707544157416,2071.1147934045875,216.1,False
235,1.383284436925327,0.5782296108604742,nan,nan,nan,10,48543,2346.0777472555646,1432.9325323058883,152.2,False
236,1.441774440720174,0.565221495834415,nan,nan,nan,10,42371,2010.3150595038394,1239.172160968941,132.9,False
237,1.4485363163574043,0.5623563280125464,nan,nan,nan,10,46547,1748.7175625386421,1370.6711944432413,146.0,False
238,1.4257777526839377,0.5700238503703083,nan,nan,nan,10,47798,2223.0997808276356,1409.2313218776794,149.8,False
239,1.464040230401253,0.5581243759014757,nan,nan,nan,10,72104,3949.1337784127504,2167.14378758295,225.7,False
240,1.4371975108350423,0.5630517319500649,1.4933790175181967,0.5523565113142515,4.45211390189204,10,64003,3057.714162646037,1914.155327549429,200.4,False
241,1.4118225394226265,0.5738841589267286,nan,nan,nan,10,31008,1048.2740144491042,884.1105517527097,97.4,False
242,1.421920140525466,0.5677385233763487,nan,nan,nan,10,47270,1879.9602628533567,1392.6801818796946,148.2,False
243,1.4433997203644888,0.5623300535418945,nan,nan,nan,10,71346,4366.946971294403,2144.9049524794596,223.4,False
244,1.401459642893469,0.5751972781845063,nan,nan,nan,10,56139,2355.3778624399474,1669.8068206573112,175.9,False
245,1.4155063787807076,0.5698847534479501,nan,nan,nan,10,52930,3260.5931973471843,1568.654855027844,165.8,False
246,1.441388854612432,0.5616281033609187,nan,nan,nan,10,59210,3888.0815197449283,1765.9714400035562,185.5,False
247,1.4376244718988245,0.5627951056880299,nan,nan,nan,10,59089,3404.587876282279,1761.363327343833,185.1,False
248,1.4870458320265119,0.5552063405301995,nan,nan,nan,10,65862,3786.8862872996356,1975.2580445156818,206.4,False
249,1.4682078357987505,0.5563407797502761,nan,nan,nan,10,58865,3467.596247573385,1754.9977338546753,184.4,False
250,1.4046754246126387,0.5725282859257693,1.5035950651094507,0.5525625655627154,4.4978300308637795,10,47285,2219.65634873872,1392.731675258398,148.2,False
251,1.4395836474294632,0.5633839989442998,nan,nan,nan,10,83357,4308.115544354201,2521.171058926206,261.0,False
252,1.4140079295183032,0.5689548142581763,nan,nan,nan,10,61214,3765.1280706858433,1827.1574124918866,191.7,False
253,1.4265524501713798,0.566527837245209,nan,nan,nan,10,77073,3883.3510012352913,2323.1508965163334,241.3,False
254,1.4551240240842607,0.5565291932565006,nan,nan,nan,10,41996,2128.1768917471786,1228.8300151768171,131.8,False
255,1.4267458499482302,0.563762319907632,nan,nan,nan,10,59761,2847.6987994106094,1784.0887781749327,187.4,False
256,1.4207640203209204,0.5649079200090386,nan,nan,nan,10,53106,2813.016777268755,1573.7502885828956,166.3,False
257,1.404913978743565,0.573967726008887,nan,nan,nan,10,38483,1536.667804525923,1116.6070716378001,120.6,False
258,1.4086579165524882,0.5742728083551515,nan,nan,nan,10,34757,1713.5342784723698,1001.5866995365259,109.1,False
259,1.4410480592826822,0.5645438898450946,nan,nan,nan,10,68558,4968.415121901218,2058.519943176062,214.8,False
260,1.422077780818155,0.565040509058034,1.481662785294137,0.5518882062041061,4.400256282691094,10,28759,1117.4969203448084,814.7446663415793,90.4,False
261,1.4269122902670317,0.5634165776579693,nan,nan,nan,10,58983,3211.909122513728,1759.0116094018467,184.8,False
262,1.4251542121847465,0.5672656964800524,nan,nan,nan,10,57927,2511.872992436209,1726.0893762226635,181.6,False
263,1.385165973722469,0.5766653192349425,nan,nan,nan,10,47003,3094.380786099901,1384.3794370638393,147.3,False
264,1.3994650270372473,0.5739617845012607,nan,nan,nan,10,47991,2918.1001233946567,1414.7363401721905,150.4,False
265,1.4344426253461675,0.5660648410896708,nan,nan,nan,10,56384,2949.9685521005285,1676.5724032909584,176.6,False
266,1.4256778992962797,0.5667288375542122,nan,nan,nan,10,44501,2308.208411903881,1307.054550052911,139.6,False
267,1.4339747171037813,0.5691694145676156,nan,nan,nan,10,57923,2479.090057875711,1726.0543031211196,181.6,False
268,1.4198152966837136,0.5679492927893042,nan,nan,nan,10,49066,2371.190169538331,1448.9536797028964,153.8,False
269,1.4345491357737163,0.5668024793867187,nan,nan,nan,10,51787,2829.3192105206704,1534.2582139789859,162.3,False
270,1.410883967154107,0.5710914218284365,1.4755929705443884,0.5529934062640491,4.373628437002319,10,49999,2458.080711336643,1478.8468395172415,156.8,False
271,1.393744761614518,0.576847950667506,nan,nan,nan,10,61947,3077.3982270483134,1849.1952153862835,193.9,False
272,1.3951937493146551,0.5763432134620312,nan,nan,nan,10,46828,2405.4831188668554,1378.0383953247529,146.7,False
273,1.4517213755547984,0.5633790688328836,nan,nan,nan,10,34838,1735.849197764049,1002.7872998296061,109.2,False
274,1.3999484929754853,0.5765933656354827,nan,nan,nan,10,37562,1493.885815404396,1088.8207204068708,117.8,False
275,1.3638044896420163,0.585088401792182,nan,nan,nan,10,37273,1737.9869697142606,1080.2163324381486,117.0,False
276,1.4024864212487669,0.5707024536512232,nan,nan,nan,10,54694,4028.678621641082,1624.2459487972533,171.3,False
277,1.3820983260706965,0.5787107141753454,nan,nan,nan,10,64718,3038.8697677680275,1936.2803815282957,202.6,False
278,1.3985716312051593,0.5742899850523169,nan,nan,nan,10,50175,2871.967085294509,1483.750479534947,157.3,False
279,1.3707126029615229,0.5836227587180574,nan,nan,nan,10,35415,1447.8121186442647,1020.1977082335534,110.9,False
280,1.4009815536580414,0.5752812848922099,1.4802034049846593,0.5553536640191817,4.393839318849717,10,69858,3853.3931339461096,2098.6173805152985,218.8,False
281,1.4063069521904938,0.5724074849231818,nan,nan,nan,10,64503,3444.772160592426,1931.1937410046066,202.1,False
282,1.3937818540038682,0.5759190306720701,nan,nan,nan,10,48611,2562.916170260679,1435.1781526329164,152.5,False
283,1.389326420049252,0.5759714097106826,nan,nan,nan,10,87862,5791.381742799889,2659.355902121908,274.9,False
284,1.4077954331842935,0.5682043703156339,nan,nan,nan,10,47365,2659.4032245328663,1395.1079170961475,148.5,False
285,1.4337671426576724,0.5640094711917917,nan,nan,nan,10,44345,2134.4058134158954,1300.248683139263,139.0,False
286,1.3873575006129402,0.5747344188388768,nan,nan,nan,10,41701,2233.139833358704,1219.2968660271458,130.8,False
287,1.381023064160613,0.5763503191079256,nan,nan,nan,10,70039,3037.7955864617074,2104.133773081277,219.4,False
288,1.364780642028421,0.581715613074498,nan,nan,nan,10,78351,3007.077712374742,2364.0520419289287,245.4,False
289,1.359928330802441,0.5835887210919519,nan,nan,nan,10,81249,4307.78157978773,2454.0315411800702,254.4,False
290,1.381952506360305,0.5770154889089115,1.5165342111450326,0.5454817922973175,4.556406256403572,10,46614,3469.033667327511,1371.8215090009137,146.1,False
291,1.3843396566054025,0.5752123187784164,nan,nan,nan,10,46628,1757.387918595275,1371.2933049175729,146.1,False
292,1.3948807381850095,0.574574639891682,nan,nan,nan,10,61301,3556.20402288468,1831.6129985279294,192.1,False
293,1.3674737772987282,0.5783121569578797,nan,nan,nan,10,65954,3524.141654791185,1975.1375795634317,206.5,False
294,1.3745625109302952,0.5801409675500023,nan,nan,nan,10,43698,2247.896821529885,1280.3768490660013,136.9,False
295,1.3776211052428695,0.5793250950570342,nan,nan,nan,10,42080,1981.6882293926794,1229.3790104248035,131.9,False
296,1.370161006416448,0.5812399170315741,nan,nan,nan,10,69424,3755.9356246830953,2084.048623317985,217.4,False
297,1.3826696955020663,0.579741203917207,nan,nan,nan,10,36863,1538.6218979421,1066.2313624904928,115.6,False
298,1.3456336783088303,0.5887282287216563,nan,nan,nan,10,36516,1471.8185992842446,1056.6750432222916,114.6,False
299,1.3772131416513378,0.5811509904307502,nan,nan,nan,10,37307,2085.7703589664775,1082.2815789846013,117.1,False
300,1.3676975244022445,0.5807962529274004,1.4552962644586458,0.5621721864228982,4.28575299382539,10,50813,1912.6398833508765,1503.0203316790921,159.3,False
301,1.313185119717277,0.5984879684650233,nan,nan,nan,10,33994,1275.8509801438665,976.0892012677184,106.6,False
302,1.3514502549712233,0.5862795996327321,nan,nan,nan,10,88219,3838.0557940738463,2671.0025407332014,276.1,False
303,1.3582072444375188,0.582956205253454,nan,nan,nan,10,41763,1781.8904508980406,1219.233060419822,130.8,False
304,1.3777664529089306,0.5782734203449211,nan,nan,nan,10,40531,2630.121687273257,1182.1213352032332,127.2,False
305,1.3729864896197392,0.5816825315153075,nan,nan,nan,10,58305,2321.266691735699,1736.1732387175884,182.6,False
306,1.3867686735288858,0.576127352883646,nan,nan,nan,10,66461,2876.1163257845137,1991.5821923565345,208.1,False
307,1.3699474987593854,0.5800283877431744,nan,nan,nan,10,71862,4198.2098106298445,2161.7341425992754,225.1,False
308,1.367275846777666,0.5829602658230366,nan,nan,nan,10,50259,2514.0019862788276,1485.7502678343371,157.5,False
309,1.3795375548581719,0.5816801497741365,nan,nan,nan,10,58221,3267.9936683189803,1733.2153918032495,182.3,False
310,1.36872457400839,0.5803507516105941,1.4673675936629313,0.5580136370448074,4.337801242851719,10,83820,4022.469315006586,2535.102958907096,262.5,False
311,1.3939643231120553,0.5750680311858295,nan,nan,nan,10,59899,2754.9765003577495,1788.0761906333773,187.8,False
312,1.3478434540498998,0.5864891958119849,nan,nan,nan,10,35912,1478.9405497132714,1037.0833778837202,112.6,False
313,1.3099570732532815,0.598317054156922,nan,nan,nan,10,43614,1669.0017491956635,1276.1180228559253,136.6,False
314,1.367295889233668,0.5796437343901584,nan,nan,nan,10,48447,2742.9207383684493,1428.8037554006376,151.8,False
315,1.3572591197044135,0.5829050394950157,nan,nan,nan,10,57982,3718.0065703424216,1726.7913493637639,181.6,False
316,1.3678190656250768,0.5814857236357687,nan,nan,nan,10,48892,2572.346023146435,1441.230856837489,153.1,False
317,1.3721145745972883,0.5861791165018126,nan,nan,nan,10,44686,2405.4287941106163,1312.2971303806712,140.2,False
318,1.3805158441515701,0.5803780082817432,nan,nan,nan,10,48782,5071.699086579327,1440.4838352390348,152.8,False
319,1.4039207092017998,0.5748136476577177,nan,nan,nan,10,49503,2396.2534013558984,1462.0683235791266,155.2,False
320,1.3596488804708116,0.584073992994746,1.4654860187109202,0.5607110744792447,4.329647018484244,10,91360,3901.3769102792608,2770.589347248389,286.0,False
321,1.320333081832973,0.5949141292624243,nan,nan,nan,10,48212,2487.2333845760036,1422.2970705971272,151.2,False
322,1.3666699731639131,0.5802263578308429,nan,nan,nan,10,47447,3399.1078771205703,1397.4011533386774,148.6,False
323,1.32425640505572,0.5922812783079483,nan,nan,nan,10,47469,2340.3577982452257,1399.8024627022182,148.8,False
324,1.3259074687416268,0.5913099321773726,nan,nan,nan,10,63843,3613.539849080359,1909.5156699198687,199.8,False
325,1.367336120936859,0.5831429231598675,nan,nan,nan,10,38951,2316.9331697639414,1133.3079618168758,122.2,False
326,1.336286798402027,0.5907618350924861,nan,nan,nan,10,47845,2133.155560045196,1411.8050922410328,150.1,False
327,1.3153020167513876,0.5946527425242343,nan,nan,nan,10,41367,2270.658850601625,1206.12019876583,129.6,False
328,1.3538430813806952,0.5866063472479265,nan,nan,nan,10,58356,2749.2859145938546,1739.5313807384075,182.8,False
329,1.3274259372878883,0.5929158471480753,nan,nan,nan,10,56944,3404.0264339104847,1695.1705607902302,178.5,False
330,1.33818258886225,0.5893493596834058,1.4751498225959687,0.5547916978870073,4.371690701916686,10,81366,4727.6142610757015,2456.719273843686,254.6,False
331,1.3732659506546203,0.5821576881506343,nan,nan,nan,10,70316,3097.1464048407884,2112.0098922862217,220.2,False
332,1.3511742503715718,0.5856265969632001,nan,nan,nan,10,68098,3461.365815097467,2042.33987272072,213.2,False
333,1.3076890799395158,0.5962841740469773,nan,nan,nan,10,51940,2509.5166746931136,1538.1973854211699,162.7,False
334,1.3437577037759356,0.5882793747438675,nan,nan,nan,10,85405,4186.0515171529005,2583.745736681298,267.3,False
335,1.3787289972150572,0.58065164923572,nan,nan,nan,10,59664,3065.0729287743643,1779.114238182209,186.9,False
336,1.3395361127634655,0.5882161539809276,nan,nan,nan,10,79906,3953.199909069852,2411.598329780224,250.1,False
337,1.306746241103525,0.5991402105119501,nan,nan,nan,10,58619,2388.4061347003003,1746.317371251173,183.6,False
338,1.3423638201037367,0.5895076096687556,nan,nan,nan,10,27925,1877.82208684975,789.426256183991,87.7,False
339,1.3318686691974455,0.5927531072484405,nan,nan,nan,10,64607,2486.1469391674646,1933.0296086215792,202.3,False
340,1.3121799672166978,0.5975900615965324,1.4528495099936471,0.5652817323542635,4.275279626655804,10,48217,2243.31074919253,1421.6261925118501,151.1,False
341,1.3423708694923575,0.5872642259613855,nan,nan,nan,10,62878,2896.974163070643,1880.6724793327892,197.0,False
342,1.3339280243402976,0.5915375499275776,nan,nan,nan,10,45566,2355.4989801167158,1339.9871561950142,142.9,False
343,1.3312224596549391,0.5905931355313336,nan,nan,nan,10,36973,2244.0826666675703,1070.461180686028,116.0,False
344,1.2731625053288778,0.607444072670962,nan,nan,nan,10,36163,2153.1550537582025,1045.6394878878682,113.5,False
345,1.317609349418329,0.5970012367466615,nan,nan,nan,10,71963,3976.3461912773805,2164.262618902042,225.4,False
346,1.3431054362707868,0.5891231221711488,nan,nan,nan,10,56781,2744.2888819691057,1689.6543055128611,177.9,False
347,1.3325356318732737,0.5948452688843306,nan,nan,nan,10,44852,2403.9396250239724,1316.5796037462724,140.6,False
348,1.3338740458996987,0.5912316625059606,nan,nan,nan,10,71302,4589.269280203424,2145.356771933039,223.4,False
349,1.3069867736163236,0.5976414028311384,nan,nan,nan,10,48673,2110.835369506277,1437.049928649914,152.7,False
350,1.3107206449466673,0.5960141078485531,1.4478464983721893,0.5646635696088715,4.253943769273129,10,47066,2152.209791720491,1388.324057820482,147.8,False
351,1.29355514106955,0.6031414250055807,nan,nan,nan,10,49277,1919.5863100518247,1454.1139492099833,154.4,False
352,1.327036909970381,0.5933141465574496,nan,nan,nan,10,54204,2678.43874594529,1609.245321115472,169.9,False
353,1.2904896523593983,0.6037897310513447,nan,nan,nan,10,40900,2300.944716561806,1193.6700590300488,128.2,False
354,1.2724722986863215,0.6068940644989845,nan,nan,nan,10,52683,2697.606257848426,1561.7235836687962,165.1,False
355,1.3033326033828603,0.6016012380380886,nan,nan,nan,10,63326,3124.1869109202225,1894.1353035667005,198.4,False
356,1.347470105768603,0.5877892331264445,nan,nan,nan,10,77014,3879.9561333921706,2321.178732652392,241.1,False
357,1.2826518567318062,0.608530297616009,nan,nan,nan,10,39178,1788.220752102894,1139.7825633996842,122.9,False
358,1.3086365639810875,0.5967339739691035,nan,nan,nan,10,65768,4448.563644026173,1971.1307443194305,206.1,False
359,1.2906570132556563,0.6039136959869024,nan,nan,nan,10,51307,2143.4099899493003,1518.1724029641991,160.8,False
360,1.3351439181434654,0.5916992926998244,1.4527867740550786,0.5624719016933912,4.275011421388925,10,62067,3243.2991954994304,1855.7595975987551,194.5,False
361,1.3243663867196682,0.5934259357438235,nan,nan,nan,10,47155,2113.2450778097154,1387.7331831579488,147.7,False
362,1.2653711306717224,0.6087749243541004,nan,nan,nan,10,51556,2243.194306926578,1526.6850248295693,161.6,False
363,1.3012442213438338,0.6008119733853168,nan,nan,nan,10,62071,3185.756374469895,1853.6672954603364,194.3,False
364,1.2931561535839975,0.6054541237284204,nan,nan,nan,10,30179,1016.5705146760794,857.4042545276243,94.7,False
365,1.2935246071763071,0.6042019828427595,nan,nan,nan,10,38934,1916.561131823996,1131.3099493825234,122.0,False
366,1.3269113137667383,0.5919617038855004,nan,nan,nan,10,82306,4582.678315033915,2486.0808443091237,257.6,False
367,1.3347661094701904,0.5947061063856798,nan,nan,nan,10,47262,2953.527391913601,1392.510955403493,148.2,False
368,1.2855390489258418,0.6045256910723921,nan,nan,nan,10,63018,3618.981092175993,1883.4438849204794,197.3,False
369,1.3496589079833081,0.5882047325912748,nan,nan,nan,10,63517,3609.7968453413746,1899.7819889380182,198.9,False
370,1.2909620718342385,0.6007354948070044,1.45185692914508,0.5640828712722913,4.271038171318015,10,69613,3115.472088404035,2090.093310453291,218.0,False
371,1.270322086551917,0.6108029143089612,nan,nan,nan,10,54078,3329.202906865351,1605.525828820108,169.4,False
372,1.2864613065454178,0.6026843888454522,nan,nan,nan,10,46044,3050.4912666261057,1354.2847244756006,144.3,False
373,1.3208682205295836,0.5996957330177972,nan,nan,nan,10,41411,2526.215332996724,1211.4776050566063,130.1,False
374,1.3371767827412495,0.5904103411994589,nan,nan,nan,10,59877,2774.470137021578,1788.1018870505602,187.8,False
375,1.3181867784957169,0.5943931088488645,nan,nan,nan,10,31925,1607.5187538265056,911.855432082931,100.1,False
376,1.3333427350693154,0.5906680805938495,nan,nan,nan,10,49979,3569.284371486841,1475.626086138429,156.5,False
377,1.34672901501854,0.5874619730551934,nan,nan,nan,10,46020,2597.2119065718134,1353.7938134836202,144.3,False
378,1.3271433067612657,0.5927216183484593,nan,nan,nan,10,66883,4884.964945700164,2004.8008897689251,209.4,False
379,1.3415043890575435,0.5887088555997146,nan,nan,nan,10,58878,3573.3778719437337,1755.3254272323616,184.5,False
380,1.3071466434443928,0.5998274720027111,1.513118290443855,0.537857785104151,4.5408684869520615,10,64917,3481.5153248535703,1945.2525742671976,203.4,False
381,1.339843193544556,0.5880409100672471,nan,nan,nan,10,60523,3113.4713298164215,1806.5103765508734,189.6,False
382,1.3149274625047753,0.5980358288506145,nan,nan,nan,10,60789,3328.380051707503,1814.9329098744136,190.4,False
383,1.2770195233422212,0.6076841556344307,nan,nan,nan,10,59447,3565.359130379398,1771.1920318269815,186.1,False
384,1.3506280730999902,0.5892721014576451,nan,nan,nan,10,43289,1688.6394312424522,1269.1222201965693,135.9,False
385,1.3023465214062049,0.5981622539347496,nan,nan,nan,10,87172,4911.285573472448,2638.1353574080563,272.8,False
386,1.3143286376749532,0.5956507824212104,nan,nan,nan,10,59367,3572.424753233436,1770.4056509408983,186.0,False
387,1.2885281751453348,0.602582298442736,nan,nan,nan,10,50730,2860.314561850163,1499.172046399752,158.9,False
388,1.2831249272951264,0.6042991716390183,nan,nan,nan,10,91506,5364.395716301696,2775.680889707414,286.5,False
389,1.3344211070605456,0.5902057942609488,nan,nan,nan,10,72451,3321.308322941653,2179.8576514057727,226.9,False
390,1.2516665549416104,0.611374951576108,1.5291361206567182,0.5512325790499026,4.614188997487119,10,69697,5490.223043649468,2094.761741411574,218.4,False
391,1.322930278611877,0.594346326498778,nan,nan,nan,10,57697,4605.180436629943,1718.346000469956,180.8,False
392,1.32355100808517,0.5918560606060606,nan,nan,nan,10,31680,1547.433991786391,906.1364822298922,99.6,False
393,1.3083535339503336,0.597831875237733,nan,nan,nan,10,52580,3013.306523069156,1558.771971738685,164.8,False
394,1.3288686803258853,0.5948019187825655,nan,nan,nan,10,48364,2534.06682793765,1427.588077922349,151.7,False
395,1.2906624021277857,0.6009171406493458,nan,nan,nan,10,78941,4087.5566584304543,2382.649275290193,247.2,False
396,1.3053728259860173,0.5981960200855496,nan,nan,nan,10,43016,1914.0309201466814,1258.3383799985593,134.8,False
397,1.3031857212521647,0.5998734868742632,nan,nan,nan,10,34779,1967.5431470393664,1002.9464431731516,109.1,False
398,1.259942567242682,0.6116337990606433,nan,nan,nan,10,67493,2946.831766248946,2023.0937042626203,211.3,False
399,1.2409688883756695,0.6168176519907569,nan,nan,nan,10,97802,4384.270197160653,2971.089464396001,306.1,False
400,1.294248308735906,0.6052344601962922,1.4703653540797772,0.5617038813127528,4.350824442176583,10,44016,2632.141804368729,1289.2434197598454,137.9,False
401,1.2854410054499008,0.6042266011983302,nan,nan,nan,10,46231,2299.6321944819456,1360.4248841087085,144.9,False
402,1.2237615012319454,0.6196802521954514,nan,nan,nan,10,35528,1953.2442633058183,1025.2963305081626,111.5,False
403,1.2607591979936519,0.6106268703527045,nan,nan,nan,10,76523,3316.911301418364,2307.0358944019536,239.7,False
404,1.2272961107439881,0.6182805229337469,nan,nan,nan,10,45130,2533.1033283915986,1325.4793150447135,141.5,False
405,1.315825498392159,0.5961497733915032,nan,nan,nan,10,47218,2592.9789257361663,1390.6818926117726,148.0,False
406,1.3203544659466973,0.5947558629296449,nan,nan,nan,10,76924,3677.097901326842,2319.2000141286358,240.9,False
407,1.2455120589840276,0.6131091390316051,nan,nan,nan,10,38538,2243.2336587500135,1119.2391455965212,120.9,False
408,1.2779290120908058,0.6054321666781269,nan,nan,nan,10,72715,3257.4410624247303,2188.0553800512653,227.8,False
409,1.3066433653849272,0.5977124475024573,nan,nan,nan,10,33573,2970.4873252214197,965.3590550537308,105.3,False
410,1.3095030164503443,0.596538361540652,1.455096551829972,0.5648696238573355,4.284897160292374,10,80771,3619.9728360672775,2439.179707185501,252.9,False
411,1.2637038726996823,0.6095249629113809,nan,nan,nan,10,99087,4390.324504825829,3012.105373444283,310.2,False
412,1.2766817845574598,0.6047986217025363,nan,nan,nan,10,70812,3715.9847571454184,2127.387034120396,221.7,False
413,1.242112811242117,0.6156203497708956,nan,nan,nan,10,67873,3356.704713851314,2035.6067666470567,212.5,False
414,1.247713906656832,0.6124247344563968,nan,nan,nan,10,59124,2614.6623626465125,1762.087768398325,185.2,False
415,1.281047389436446,0.6046845035282727,nan,nan,nan,10,53709,2818.5654757133902,1593.490555085908,168.2,False
416,1.280857105492532,0.606702234078026,nan,nan,nan,10,59980,3362.357286143821,1790.224028762291,188.0,False
417,1.2709395861041073,0.6068879533093616,nan,nan,nan,10,55343,2607.8833996052067,1644.2579583291204,173.4,False
418,1.261401132431123,0.6104688247488439,nan,nan,nan,10,50168,3548.575492209403,1480.7751833477316,157.0,False
419,1.3102069318764042,0.5951580815141413,nan,nan,nan,10,74392,3031.4721797555526,2239.041991910971,232.9,False
420,1.255939260209075,0.6165502836196834,1.4496615263148438,0.5682226884459763,4.26167180726173,10,48833,2477.6030692148965,1442.132742186332,153.2,False
421,1.2782009872139644,0.6064072000642863,nan,nan,nan,10,37333,1522.0236995233981,1082.1611036245968,117.2,False
422,1.256704804451144,0.6110828494746259,nan,nan,nan,10,57007,2562.9524654666925,1697.0781018075995,178.7,False
423,1.296921133846141,0.6004244239423265,nan,nan,nan,10,66443,3835.3482293410616,1991.4777809728453,208.1,False
424,1.2332464800600755,0.617891688743762,nan,nan,nan,10,32462,1569.1878491054188,929.2110501486543,101.8,False
425,1.261471902101679,0.6124613345117101,nan,nan,nan,10,45260,2526.9680392064083,1330.4586914386985,142.0,False
426,1.2685856757645653,0.6073947876040156,nan,nan,nan,10,71023,4526.927087831552,2133.880053755284,222.3,False
427,1.2244236655633745,0.6177062997737907,nan,nan,nan,10,64542,2757.2931279800755,1932.0617142596263,202.2,False
428,1.240192754133752,0.6167520189088044,nan,nan,nan,10,101540,5211.870904749235,3088.175380525153,317.8,False
429,1.2641800161111516,0.6083562718580869,nan,nan,nan,10,75201,3518.9520212790353,2264.079167173949,235.3,False
430,1.2261436759797455,0.620077648363838,1.466249060795151,0.5598119286677656,4.332951982122029,10,41469,2613.02404437752,1212.0555631989243,130.0,False
431,1.2246041066603635,0.6198008412122084,nan,nan,nan,10,55634,2568.3357441156772,1654.2502793001936,174.3,False
432,1.228449790953744,0.6207361673132813,nan,nan,nan,10,71913,3024.2357414699163,2161.779543456799,225.1,False
433,1.2938150449888153,0.6054712969525159,nan,nan,nan,10,35275,1320.1116514698547,1017.0801986221641,110.7,False
434,1.2736866455361884,0.6073912506687518,nan,nan,nan,10,24299,942.0855544270128,674.8400156700537,76.4,False
435,1.2463679807109538,0.6149250348110489,nan,nan,nan,10,61762,2564.965394559407,1846.1440639880664,193.6,False
436,1.1897908140848106,0.6359084058534689,nan,nan,nan,10,20569,1089.8058186803603,558.6266587122325,64.7,False
437,1.233529664301196,0.6182323599709031,nan,nan,nan,10,38492,1962.9192482623391,1118.1816605949812,120.8,False
438,1.205681699852347,0.6277236682304194,nan,nan,nan,10,41993,1837.322778724522,1225.0442306192963,131.5,False
439,1.1840287141183339,0.633274085777295,nan,nan,nan,10,60762,3611.124891443116,1813.7065418370767,190.3,False
440,1.2597019481018406,0.6146000368023974,1.4521516736222229,0.5655439832159449,4.272297221770645,10,38041,1640.0473529666087,1103.9066723748615,119.3,False
441,1.2230182057692636,0.6197665210616394,nan,nan,nan,10,78294,4422.015597751149,2361.6992167962444,245.1,False
442,1.2133947952987605,0.623878290842099,nan,nan,nan,10,67308,2553.2188029909175,2018.1509104690879,210.8,False
443,1.186662751937273,0.6297824456114028,nan,nan,nan,10,50654,2354.002096780387,1497.6854722862217,158.7,False
444,1.2573676590742977,0.6134909821490427,nan,nan,nan,10,43303,2016.0342163698297,1268.793265650755,135.8,False
445,1.2294390650631848,0.6217798594847775,nan,nan,nan,10,54656,2211.6060084929995,1623.214476238904,171.3,False
446,1.2745694662536955,0.6116405082212257,nan,nan,nan,10,42816,1709.7935941975454,1252.6991695444833,134.2,False
447,1.2385396467293832,0.6201064191101551,nan,nan,nan,10,44165,2656.501284355505,1295.0979451780581,138.5,False
448,1.2335247985654378,0.6179987829721936,nan,nan,nan,10,75594,3970.469361127445,2277.253644505502,236.7,False
449,1.2073363977426046,0.6283968060986429,nan,nan,nan,10,30433,1507.6764775289043,864.9063272454536,95.4,False
450,1.2010796339418395,0.6278286810142766,1.4541355724833491,0.5636332983665517,4.280781440496522,10,46930,2165.9908316499436,1381.4212612131116,147.1,False
451,1.2238440804624744,0.6212913923276292,nan,nan,nan,10,62119,2651.298792278551,1856.2534862191158,194.6,False
452,1.268163377507993,0.6117625455785525,nan,nan,nan,10,38121,1918.4032361571053,1106.305303883381,119.5,False
453,1.2361367919140411,0.6168883317336885,nan,nan,nan,10,51053,3377.984585876926,1511.9720576701327,160.0,False
454,1.225289452750493,0.6187690941849231,nan,nan,nan,10,76594,5277.93240247964,2309.198597465502,239.9,False
455,1.2993628140430487,0.5999479437792816,nan,nan,nan,10,72998,3697.785626371472,2197.156673299716,228.7,False
456,1.2328419310791179,0.6198594528701015,nan,nan,nan,10,55782,3228.676336264094,1658.6066412484374,174.8,False
457,1.2137518977352553,0.62658907613896,nan,nan,nan,10,51209,2580.8001901942393,1517.1916237132868,160.6,False
458,1.2260402248330378,0.6211568841900595,nan,nan,nan,10,49374,2399.535185707688,1459.2942363691902,154.8,False
459,1.224222625013715,0.6190619794359239,nan,nan,nan,10,69636,4561.419392558958,2090.1315739140077,218.0,False
460,1.1975895542565858,0.6283295222792163,1.4668869029523444,0.5623969728757681,4.335716603163514,10,32362,1561.3645491338962,926.8870644114004,101.6,False
461,1.2769086612522855,0.6050341428351389,nan,nan,nan,10,77908,3825.03090377246,2349.29984518646,243.9,False
462,1.2418990958862273,0.6164120747018967,nan,nan,nan,10,41177,2626.5383618607525,1203.2734365477704,129.2,False
463,1.2868058420052677,0.5998956233803628,nan,nan,nan,10,55568,2638.3853929784277,1652.1121905633493,174.2,False
464,1.234579356472001,0.6189694656488549,nan,nan,nan,10,52400,2965.248061500823,1553.842724803621,164.3,False
465,1.2478180813604964,0.6139667883966099,nan,nan,nan,10,29026,1264.1663405378881,823.9133175622006,91.3,False
466,1.2126795400576384,0.6254714134861971,nan,nan,nan,10,53032,2853.6759584107654,1572.833810310253,166.2,False
467,1.2247851874902427,0.6202920982656666,nan,nan,nan,10,50394,3734.199834313868,1490.9188025527758,157.9,False
468,1.248078527314217,0.6141973945683373,nan,nan,nan,10,45290,2478.416453974536,1330.1649243494621,141.9,False
469,1.2432873892735252,0.6168956781109988,nan,nan,nan,10,80127,4151.21833549709,2418.122795115295,250.8,False
470,1.2367253508986173,0.6172357723577235,1.466391995895325,0.5596808032369249,4.333571357311816,10,55350,2606.163536566515,1646.007681814201,173.5,False
471,1.2573213413508881,0.6112165434199333,nan,nan,nan,10,76405,4299.573924990025,2302.168618280351,239.2,False
472,1.205419237853549,0.6261706821734875,nan,nan,nan,10,68443,3619.4048382905653,2054.545579328471,214.3,False
473,1.2949856911257853,0.5991443146289287,nan,nan,nan,10,42539,2777.4030645887788,1244.460817166042,133.4,False
474,1.1834834025300902,0.6322833423849794,nan,nan,nan,10,25778,934.401795926516,721.312823924378,81.1,False
475,1.1985811737347625,0.6300802579983142,nan,nan,nan,10,54574,2705.803106787316,1621.4616156852526,171.1,False
476,1.1754574804010074,0.6353155339805825,nan,nan,nan,10,57680,3644.163363471351,1717.278799215555,180.7,False
477,1.2475450649514779,0.6126585589119916,nan,nan,nan,10,68823,3677.7433027167294,2066.6568101387334,215.6,False
478,1.211286445851104,0.6247403572683987,nan,nan,nan,10,31293,1327.4639720011587,892.7134633042331,98.2,False
479,1.224211086904961,0.6195726747035186,nan,nan,nan,10,61218,3472.610286051937,1829.4165913708414,191.8,False
480,1.1870540429657521,0.6310134631408149,1.4688931473473748,0.5622471152405215,4.344423841800842,10,45606,2219.465010517812,1340.3032798318468,143.0,False
481,1.2506273698991226,0.6132449111172515,nan,nan,nan,10,43428,2957.6100087109066,1271.4741514933708,136.1,False
482,1.198209395631521,0.6274417992127712,nan,nan,nan,10,68341,3006.648656119137,2051.0132921666946,214.1,False
483,1.2474876475464327,0.6162474876419143,nan,nan,nan,10,73636,4092.7046178690525,2215.633145297322,230.5,False
484,1.2125655968434477,0.6274225176356737,nan,nan,nan,10,39267,2929.699759591922,1140.7003960447091,123.0,False
485,1.2629589496360256,0.6088991288069695,nan,nan,nan,10,83334,4138.7706634032265,2520.457259946951,261.0,False
486,1.2113150128200654,0.6232828958525694,nan,nan,nan,10,53069,2611.4895752105886,1573.7325480537318,166.3,False
487,1.2071435439810752,0.6262804662663369,nan,nan,nan,10,25479,1493.0601651569,711.5907166775198,80.0,False
488,1.2504289334167722,0.617165609792066,nan,nan,nan,10,40686,1961.7142132699537,1186.5106359496565,127.5,False
489,1.2048114103984204,0.6243745453743911,nan,nan,nan,10,45367,2395.6361629122403,1331.824621560182,142.1,False
490,1.1889741601866852,0.6320568866207621,1.4798141976766244,0.5616476846995354,4.392129537227824,10,53299,3534.8534877029924,1581.7176210477444,167.1,False
491,1.1992882245187282,0.6277198639868456,nan,nan,nan,10,62641,3334.9562316257898,1872.1112589574211,196.2,False
492,1.2019633661487406,0.6276064986567736,nan,nan,nan,10,54719,2934.3576144769117,1623.890799458557,171.3,False
493,1.164082588156615,0.6378810488168833,nan,nan,nan,10,46910,2220.969502980308,1382.3193582831962,147.2,False
494,1.2007348003330984,0.6278491643571009,nan,nan,nan,10,59535,2862.0636261460295,1774.1146929296224,186.4,False
495,1.1784834384103726,0.6340138294369444,nan,nan,nan,10,48592,2251.22066879732,1431.6759462055545,152.1,False
496,1.2170178679138064,0.6232012189386956,nan,nan,nan,10,53161,1947.8367069105086,1575.159302510559,166.5,False
497,1.1986828310521538,0.6293766135816437,nan,nan,nan,10,68946,4423.35959391235,2068.8079064744124,215.8,False
498,1.2544183741388293,0.6102193081618811,nan,nan,nan,10,44230,2909.723197190287,1297.8096859362772,138.7,False
499,1.192556081647126,0.6242478050705337,nan,nan,nan,10,40548,2681.950638900395,1182.6511200949212,127.2,False
500,1.211514362133627,0.6241698397237226,1.4814553024456916,0.5626779559418552,4.399343399690729,10,45172,2404.776878353673,1327.0772384845422,141.6,False
501,1.1861361858361055,0.6313761667028435,nan,nan,nan,10,55284,3918.445084341462,1642.5132590058965,173.1,False
502,1.1772244949930089,0.6356240511042998,nan,nan,nan,10,69818,3691.4755992192563,2094.8508787033506,218.4,False
503,1.1737092880539353,0.6304356154936592,nan,nan,nan,10,26101,1361.573228001486,731.9489364206554,82.0,False
504,1.2154142845216642,0.6278654986098725,nan,nan,nan,10,38126,1631.7124338575343,1105.2486856791197,119.5,False
505,1.1784558314080142,0.6335690968443961,nan,nan,nan,10,58816,2826.1405941020143,1752.4131615303916,184.2,False
506,1.1288516925304701,0.6513459688066414,nan,nan,nan,10,44689,2788.2501844687904,1311.840001597765,140.1,False
507,1.2463068662500327,0.6145292420666142,nan,nan,nan,10,57195,2310.0275443065398,1701.410745796163,179.1,False
508,1.186419267635294,0.6327933807248572,nan,nan,nan,10,51486,4817.745114266785,1524.5653023875852,161.4,False
509,1.2134266691159112,0.6222029276912062,nan,nan,nan,10,65649,2843.0045998690257,1967.3955620087563,205.7,False
510,1.2587201305131215,0.6113855272906891,1.4559852010428807,0.5665742544582647,4.288706623168662,10,64784,3015.313460246698,1939.7376003525187,202.9,False
511,1.1471642400641788,0.6446730411927313,nan,nan,nan,10,44134,1902.745713177985,1293.9999650093678,138.3,False
512,1.2028042882287995,0.6265911703350504,nan,nan,nan,10,70467,4818.221129733761,2118.2770889131884,220.7,False
513,1.1834512404772293,0.6324133597563922,nan,nan,nan,10,62067,2959.604723675059,1854.6823500177597,194.4,False
514,1.1960944518035201,0.6300764128621853,nan,nan,nan,10,77343,3769.7020665163614,2332.011225784655,242.2,False
515,1.231494318079893,0.618403524951327,nan,nan,nan,10,68313,3043.584318712906,2049.9471633753483,213.9,False
516,1.1545285089340085,0.6413458825943118,nan,nan,nan,10,38993,1679.9267326244556,1133.2270757283204,122.3,False
517,1.1666754955518632,0.636291234609197,nan,nan,nan,10,62781,4800.534223276943,1877.6725139232476,196.6,False
518,1.2074360460396234,0.6243313069908815,nan,nan,nan,10,65800,3367.4667547276654,1971.0197013508157,206.1,False
519,1.1935298681631799,0.6276614348795523,nan,nan,nan,10,45746,3724.808219440442,1344.1989049059434,143.3,False
520,1.2353574762857351,0.616888930776118,1.504011232760398,0.5563090064438783,4.499702271778114,10,42442,2472.0901538480903,1240.0174534431767,132.9,False
521,1.1855247115925511,0.6299868798289519,nan,nan,nan,10,41158,1776.3327616157817,1200.6801302207782,129.0,False
522,1.1490485925649674,0.6435727850173532,nan,nan,nan,10,61084,3231.356141770766,1824.5209456103971,191.4,False
523,1.1774558701331188,0.6360386007778438,nan,nan,nan,10,89221,4311.904883759978,2704.1288346653178,279.4,False
524,1.1474714045145504,0.6425498103533575,nan,nan,nan,10,66703,3598.5057022076135,1999.7609214630236,208.8,False
525,1.2254355709008822,0.6218349660889224,nan,nan,nan,10,53080,2042.9912537956284,1574.0518393202997,166.4,False
526,1.155662276293622,0.6413285889693537,nan,nan,nan,10,79814,4964.718865280646,2411.1908471298275,250.0,False
527,1.1788471620022365,0.6326267410777096,nan,nan,nan,10,42646,2620.4490808951464,1246.5759895262372,133.6,False
528,1.2035985788357435,0.6259320382558209,nan,nan,nan,10,50293,2605.445427831628,1488.1351084802882,157.7,False
529,1.1579184238579758,0.6383277800916285,nan,nan,nan,10,76832,3889.3909760546653,2316.173377774045,240.6,False
530,1.1143434911448413,0.6520111458532746,1.5326260544631,0.5404053649033418,4.630320343951341,10,47013,3790.5908619382167,1384.5149724645853,147.4,False
531,1.2002805801829803,0.6280886426592798,nan,nan,nan,10,36100,2021.1373835107643,1042.8933448616694,113.2,False
532,1.171821650489375,0.6350674446091215,nan,nan,nan,10,53303,2158.0418060501934,1580.1669081448583,167.0,False
533,1.1724798983816525,0.6335521276116377,nan,nan,nan,10,66577,2841.942531133573,1995.6709152143844,208.5,False
534,1.2240584714089633,0.6217471447159173,nan,nan,nan,10,55336,3702.120266113899,1645.547346324422,173.4,False
535,1.1837979818027855,0.6326202221108443,nan,nan,nan,10,75818,3450.714095392652,2283.1988716976125,237.3,False
536,1.1767016558214578,0.6375714506411246,nan,nan,nan,10,38838,1706.3319854100853,1128.8409860960785,121.8,False
537,1.171410191013131,0.6362774581589958,nan,nan,nan,10,30592,1606.2155984650467,871.759127414411,96.0,False
538,1.1182290071759462,0.6496943937052129,nan,nan,nan,10,56936,3537.088730087925,1693.10122683138,178.3,False
539,1.173452888754474,0.6395192002538876,nan,nan,nan,10,50416,2978.1789740655804,1490.8857084274198,158.0,False
540,1.178502430847854,0.6359747434885556,1.4739279650541397,0.5633710475048703,4.366352380660197,10,63350,2742.3930310351584,1894.8292766571915,198.4,False
541,1.1674357039163188,0.6353658021755344,nan,nan,nan,10,71063,4938.366782880465,2135.37333196349,222.5,False
542,1.142770784049373,0.6432376160319251,nan,nan,nan,10,57635,4709.094223592043,1717.5455729126795,180.7,False
543,1.212300305598017,0.624078329981806,nan,nan,nan,10,41772,1656.2813999767561,1219.4532343831302,130.9,False
544,1.1320894699719382,0.6476294254641797,nan,nan,nan,10,46803,2097.949712293003,1378.2111531280511,146.8,False
545,1.1543444458758791,0.6416219715184021,nan,nan,nan,10,64884,2506.423202107526,1942.583637092782,203.2,False
546,1.156404892892014,0.6425424910979773,nan,nan,nan,10,54482,3452.878305981413,1617.6485427589573,170.7,False
547,1.183763567271582,0.6311570580091993,nan,nan,nan,10,44786,2894.24223508152,1314.7774745928148,140.4,False
548,1.1702456345026107,0.6343004325217476,nan,nan,nan,10,82308,4092.222376735409,2486.056445737114,257.6,False
549,1.1261432091235046,0.6500667174990469,nan,nan,nan,10,41968,2044.1745372494615,1226.786911611138,131.6,False
550,1.2017662896844605,0.6300584705339283,1.4776619757095342,0.5649632848793646,4.382686864564182,10,51992,2291.8196574156627,1541.4519180543382,163.0,False
551,1.1643430430241488,0.636651060983766,nan,nan,nan,10,49341,2507.377531095611,1456.6767596495372,154.6,False
552,1.2121583395020499,0.6242549242033618,nan,nan,nan,10,48485,3534.816395436486,1430.7723432030857,152.0,False
553,1.1249651062340686,0.648714311583268,nan,nan,nan,10,66268,3525.5973019218227,1985.1251740743442,207.5,False
554,1.144423631216502,0.643766153040861,nan,nan,nan,10,61134,2343.616827749148,1824.1109000738038,191.4,False
555,1.2279358230566284,0.6188568036297333,nan,nan,nan,10,94332,3815.8571586286366,2863.123425134955,295.3,False
556,1.1483814667240302,0.6443379232436723,nan,nan,nan,10,32753,1710.4564027745885,939.1851329877793,102.8,False
557,1.2335774965329633,0.6177350790681857,nan,nan,nan,10,58810,3065.13146083592,1753.0816945401948,184.3,False
558,1.1977981454171605,0.6307135356215111,nan,nan,nan,10,36186,1687.393282637786,1046.8083439898426,113.6,False
559,1.1709575202514755,0.6344290178394842,nan,nan,nan,10,50562,2311.6701068616185,1496.867996779472,158.6,False
560,1.240188969811227,0.6154948983391674,1.458417530719369,0.567248613816874,4.299150868336471,10,107416,4437.072484383184,3272.963017800196,336.2,False
561,1.1690527276119393,0.6359552984296957,nan,nan,nan,10,83487,4942.055382450022,2523.096158698633,261.3,False
562,1.1577856843617131,0.6403945650597167,nan,nan,nan,10,41362,2050.434123506685,1208.1987403857256,129.7,False
563,1.1790481848947356,0.631888702746012,nan,nan,nan,10,68645,3113.4187532118017,2060.442838683733,215.0,False
564,1.1705833438403743,0.6340196574594466,nan,nan,nan,10,75086,3807.5559687900986,2261.504206838583,235.1,False
565,1.0904452063730972,0.6615232443125618,nan,nan,nan,10,40440,2105.510802764115,1179.9008138221943,126.9,False
566,1.1664784614665842,0.6361608920748706,nan,nan,nan,10,25110,1020.1792860397559,700.5405565875301,78.9,False
567,1.089281066367011,0.6634449610783135,nan,nan,nan,10,38282,1898.0909375969904,1112.5305499052931,120.2,False
568,1.1541942490431807,0.640499515556034,nan,nan,nan,10,46445,2597.481422892303,1366.8618928776816,145.6,False
569,1.1566553983916068,0.6419713029057611,nan,nan,nan,10,55476,2861.924857795916,1650.0037800932848,173.9,False
570,1.1669512551947108,0.6376270212376897,1.4966184082514304,0.5585194065637644,4.466559423120745,10,38281,2440.5172841347753,1110.1585463790911,119.9,False
571,1.1458489486588004,0.6454029453876048,nan,nan,nan,10,39112,2362.30311886229,1138.172549601907,122.7,False
572,1.1287914785551165,0.6480505578657005,nan,nan,nan,10,48578,3692.9573896667766,1434.3706358749528,152.4,False
573,1.1683870318380094,0.6371347785108389,nan,nan,nan,10,55172,2355.224860551716,1639.1730747825827,172.9,False
574,1.1324457252100923,0.6447098597794159,nan,nan,nan,10,36086,2919.905153604291,1042.9142149354404,113.1,False
575,1.181768524512018,0.6333483609196883,nan,nan,nan,10,62108,3785.6367642478444,1857.1386889699584,194.6,False
576,1.1564119399396966,0.6389920718523036,nan,nan,nan,10,36074,1667.7372437362947,1042.8849230423134,113.2,False
577,1.1539726454580452,0.6394514318197968,nan,nan,nan,10,42219,2556.3285075749163,1234.0891710931396,132.2,False
578,1.12872976907269,0.650261926598374,nan,nan,nan,10,64331,2979.824861957623,1925.434782422709,201.5,False
579,1.100163510587913,0.6579687162113458,nan,nan,nan,10,27746,1008.1395711923255,782.215543618297,87.2,False
580,1.1231672603842549,0.6503120134368066,1.5005744078626309,0.5579012438183726,4.484264127273607,10,81567,5112.932242332709,2464.300381737784,255.4,False
581,1.1384557977602854,0.6467196791399167,nan,nan,nan,10,71807,3479.944249062941,2159.648777859991,224.9,False
582,1.0969410624710667,0.6582816838701363,nan,nan,nan,10,85351,4009.489799792818,2582.683049599573,267.2,False
583,1.1550647509499345,0.6411875893227605,nan,nan,nan,10,65073,2920.5438772513535,1948.1123707720403,203.8,False
584,1.1911401036793592,0.6320415757731297,nan,nan,nan,10,31172,1151.0451918322537,889.7409224764954,97.9,False
585,1.1130924368883677,0.6536976883075265,nan,nan,nan,10,68651,4493.7067563898045,2061.802427940062,215.0,False
586,1.1375638220448705,0.6423072125905684,nan,nan,nan,10,88193,3533.284525282084,2670.0310535279823,276.0,False
587,1.1685740811045982,0.6350874028648299,nan,nan,nan,10,66531,3296.5939362583567,1994.1155478667424,208.4,False
588,1.1282041897664548,0.6472775865764028,nan,nan,nan,10,79323,3776.79022786702,2392.499265064764,248.2,False
589,1.153661652163269,0.6417976393359843,nan,nan,nan,10,47529,1764.6294260605482,1400.5856754261617,149.0,False
590,1.0926359296279813,0.6606155377070154,1.499131437061109,0.56037389479994,4.4777981313152635,10,70345,3426.8447159480884,2114.0852795897426,220.4,False
591,1.1387285172715633,0.6461239937137175,nan,nan,nan,10,62358,3444.670294662861,1862.9727606783792,195.2,False
592,1.1093197505760275,0.653649230367858,nan,nan,nan,10,61328,3304.325421146068,1832.172369985398,192.2,False
593,1.1460691634590217,0.6422405652516858,nan,nan,nan,10,90013,4682.247296978325,2727.5191169531063,281.7,False
594,1.0737412103298913,0.6664228129983759,nan,nan,nan,10,68347,3541.756178855887,2050.392984358964,214.0,False
595,1.1325718036533097,0.6456598967759233,nan,nan,nan,10,74595,3521.044740175598,2246.0464605539873,233.6,False
596,1.1475717732827484,0.6393691640977528,nan,nan,nan,10,67149,4052.806785193907,2013.0976045189786,210.3,False
597,1.0741611334583654,0.6623423101011005,nan,nan,nan,10,67062,4423.389753382339,2010.2550283516623,209.9,False
598,1.0928131440887812,0.6609758387581373,nan,nan,nan,10,63904,3224.2587139645207,1911.0841571109354,200.1,False
599,1.0327164537301836,0.6802997014252719,nan,nan,nan,10,35502,2474.764278850062,1024.360940549626,111.3,False
600,1.2051859847047082,0.6240476655596796,1.5384921997397016,0.5513262400719317,4.6575623002828594,10,61428,3489.3867558245593,1834.609344157781,192.4,False
601,1.1132443001064065,0.6535501489572989,nan,nan,nan,10,48336,2150.6846276575775,1426.5648372364826,151.6,False
602,1.1258674200420518,0.6490863067374042,nan,nan,nan,10,57678,2691.771111064141,1716.7212841955018,180.6,False
603,1.2178890463868954,0.6205504073200906,nan,nan,nan,10,42841,3083.045323755832,1256.0171933056697,134.4,False
604,1.103617444995645,0.6584543139654089,nan,nan,nan,10,30239,1188.278213660343,858.2549341380409,94.8,False
605,1.0533213352252069,0.670847192330268,nan,nan,nan,10,51110,3741.1869658722603,1509.4003231290674,159.9,False
606,1.115249454509141,0.6526587764627438,nan,nan,nan,10,59990,2901.79171397914,1790.751308558447,188.0,False
607,1.133450929522253,0.6481013715216166,nan,nan,nan,10,47903,1967.3105783616597,1412.0526079326714,150.2,False
608,1.0895053291620598,0.6632767643382275,nan,nan,nan,10,47199,2780.3059988409914,1390.6529720641563,147.9,False
609,1.1992891249103952,0.6314610689034298,nan,nan,nan,10,45542,3401.750953204175,1338.0922361610033,142.7,False
610,1.058299407612558,0.6703692584809366,1.5604253255783234,0.5522815824966282,4.76084572403689,10,33310,2064.952893787421,958.0340162653168,104.6,False
611,1.1623890419167415,0.6383443793760447,nan,nan,nan,10,85551,3981.628327748546,2589.0249761855216,267.9,False
612,1.1666299105705482,0.6369312269416327,nan,nan,nan,10,31713,1431.4663651697626,907.4074864740463,99.6,False
613,1.1522268907597548,0.6415521037909897,nan,nan,nan,10,50409,4895.916349187839,1490.6643857011913,157.9,False
614,1.1877496512347778,0.6290667567263312,nan,nan,nan,10,71064,3670.9835522082567,2134.9217397444386,222.4,False
615,1.137799945933209,0.6432935373577714,nan,nan,nan,10,35682,1820.2740343029316,1029.85759344274,111.9,False
616,1.1696928195267948,0.6374425795842493,nan,nan,nan,10,55947,2599.9284608213516,1662.873586999492,175.2,False
617,1.0967013886808894,0.6592373791621912,nan,nan,nan,10,55860,3149.9571088287407,1661.9101280733855,175.1,False
618,1.1470745490979017,0.6450006677223038,nan,nan,nan,10,52417,2729.18096773799,1552.1126406099909,164.2,False
619,1.1042241858411117,0.6558859200999669,nan,nan,nan,10,81627,4322.423609854227,2464.1614852675384,255.4,False
620,1.1034724293499167,0.6550501125789547,1.50247942586719,0.5616476846995354,4.492814873249826,10,50187,2546.3765852920974,1483.456792977152,157.3,False
621,1.0573155454858032,0.6686607596365484,nan,nan,nan,10,53157,4963.021479077036,1576.694483385119,166.5,False
622,1.087034512981913,0.6604791369189275,nan,nan,nan,10,56727,3656.7561674595086,1687.0669691862452,177.6,False
623,1.0644426704626266,0.6673950695220059,nan,nan,nan,10,61779,4843.103062454489,1846.6108415230628,193.6,False
624,1.137692130066229,0.6477549667583007,nan,nan,nan,10,51291,2930.9175225917497,1517.849732657487,160.7,False
625,1.1956786976325615,0.626590133416072,nan,nan,nan,10,51568,2423.86963254953,1527.712597109357,161.7,False
626,1.1114204249898896,0.6524411830967783,nan,nan,nan,10,62142,3766.2039702919783,1855.7588388138186,194.5,False
627,1.2066665488160442,0.6262788493969131,nan,nan,nan,10,62263,3151.2891232717557,1861.5201663473788,195.1,False
628,1.0597835130183706,0.6666834406870639,nan,nan,nan,10,59616,4627.4518675102345,1777.6081485345258,186.7,False
629,1.1634230638724548,0.6377417417417417,nan,nan,nan,10,41625,2168.7853064922,1217.2829297824962,130.6,False
630,1.068435984068301,0.6681807081807082,1.5577395200622184,0.5481230331185374,4.7480761742696975,10,81900,4522.352936431717,2474.0668881867828,256.4,False
631,1.123034699897054,0.6483701489071435,nan,nan,nan,10,34451,1744.0404110570046,992.776907480497,108.2,False
632,1.092423087959187,0.6584148727984345,nan,nan,nan,10,61320,3534.5950636432444,1831.2850479328615,192.1,False
633,1.1928317376180468,0.6292501517911354,nan,nan,nan,10,39528,2746.5023170659383,1150.268585642872,123.9,False
634,1.1429187956140576,0.644480838519489,nan,nan,nan,10,45795,2210.6351012977084,1347.084045496328,143.6,False
635,1.0684309092915676,0.6710756734602631,nan,nan,nan,10,26839,1565.6276167322742,754.0818589880394,84.3,False
636,1.1110997007692363,0.6553817545394881,nan,nan,nan,10,36568,1870.6870565485394,1058.2636790669662,114.8,False
637,1.0941876154928707,0.6580614295282748,nan,nan,nan,10,52255,2296.850048472793,1548.287147327034,163.8,False
638,1.1544687937150049,0.6420378701735304,nan,nan,nan,10,80908,3762.7505956298123,2445.7981124958233,253.5,False
639,1.0087866916965618,0.6845959408222437,nan,nan,nan,10,53804,4908.701427910132,1597.3491909487304,168.7,False
640,1.2363674492212042,0.6178725956389496,1.6017610185885562,0.531095459313652,4.961762491213039,10,46686,3449.029626192521,1375.5611326466883,146.5,False
641,1.1130631542729341,0.6492381181611153,nan,nan,nan,10,54011,3500.005825607297,1603.4302480936608,169.3,False
642,1.1305451814409384,0.6451205631701274,nan,nan,nan,10,104551,4696.975538027678,3182.0273997279846,327.2,False
643,1.1182563787220756,0.652082212417949,nan,nan,nan,10,46465,2877.3267794067765,1368.20628145541,145.8,False
644,1.0711998949853967,0.6653574350963327,nan,nan,nan,10,67215,3979.388384932782,2015.3380049738087,210.5,False
645,1.1038342453134522,0.654725430120198,nan,nan,nan,10,38187,1729.9274779581076,1108.229768047795,119.8,False
646,1.1256524842647493,0.6485139488239227,nan,nan,nan,10,49359,2446.2326484177884,1458.7572558175161,154.8,False
647,1.0760348299292015,0.6655038759689923,nan,nan,nan,10,38700,1612.8254816016865,1123.4413927488956,121.3,False
648,1.0487017991678809,0.6750780248227808,nan,nan,nan,10,41333,2013.2742862236223,1207.2309936293013,129.7,False
649,1.094876800488819,0.6589684101987252,nan,nan,nan,10,85344,3980.717736415254,2582.0592338897845,267.2,False
650,1.035799377209521,0.6745284352818076,1.5142394965616424,0.5598119286677656,4.545962591716763,10,35361,1388.0371263500253,1019.726050712552,110.9,False
651,1.119332331291932,0.6530794552062555,nan,nan,nan,10,81719,4531.578574043415,2468.3373275229515,255.8,False
652,1.0860539489641998,0.6605864436876946,nan,nan,nan,10,88977,4686.312028493995,2695.5884812198506,278.5,False
653,1.1325944868077258,0.645217844124284,nan,nan,nan,10,57610,3917.111344545026,1716.0364740633636,180.5,False
654,1.1233864091170205,0.6510380450978445,nan,nan,nan,10,40268,1877.5268609990112,1172.7538111434994,126.2,False
655,1.0889281250568934,0.6632940834423608,nan,nan,nan,10,34395,1401.6366962994168,989.507338094133,107.9,False
656,1.038025782745507,0.6765811037167822,nan,nan,nan,10,66267,4401.268149626567,1986.6370793214858,207.6,False
657,1.1304438810355444,0.6462469589983979,nan,nan,nan,10,84265,4060.838282053098,2548.3322748462606,263.8,False
658,1.0815454178307484,0.6621086653024537,nan,nan,nan,10,52289,2110.006215333527,1549.0810135851927,163.9,False
659,1.0926948638961824,0.660634192135183,nan,nan,nan,10,38348,1714.5911742593244,1112.334105700844,120.2,False
660,1.0601747535184969,0.6685053792871128,1.5351271620937217,0.5584444777461411,4.641915768153161,10,47497,2300.210512435796,1398.1427835496538,148.8,False
661,1.011494688726603,0.6832642023133005,nan,nan,nan,10,54727,4863.188351810921,1627.5973632444638,171.6,False
662,1.096940878756864,0.6582015249858214,nan,nan,nan,10,31738,1672.1925775143968,906.3044415548951,99.6,False
663,1.1424360044542219,0.6451627374890648,nan,nan,nan,10,44581,2700.2231601694907,1309.0477253151178,139.8,False
664,1.0889743010422357,0.6586498044519171,nan,nan,nan,10,54718,2752.124546771761,1624.61956601897,171.4,False
665,1.0920026518183348,0.6597710016647043,nan,nan,nan,10,49258,2649.511707011381,1455.7753149544287,154.5,False
666,1.0306458078971692,0.6766032355679702,nan,nan,nan,10,68736,4372.232185081173,2062.49029028248,215.2,False
667,1.061496880258263,0.6684849338781426,nan,nan,nan,10,49681,1842.0203939723608,1467.0111705346949,155.7,False
668,1.0740341865557899,0.664271183862811,nan,nan,nan,10,52599,2551.578914450325,1558.1223985839565,164.8,False
669,1.0563013477865362,0.6709231459251247,nan,nan,nan,10,75806,3654.006973119586,2285.6100802581473,237.5,False
670,1.0691948580092785,0.6639712657727965,1.542055542994596,0.5567023827364004,4.674188398144288,10,53177,2447.7309860670457,1577.7383250985486,166.7,False
671,1.0676311804070822,0.6694896051662607,nan,nan,nan,10,35306,1495.1380290981474,1018.5060050068893,110.8,False
672,1.0485538152975344,0.6729397839917147,nan,nan,nan,10,101385,4739.169816523831,3083.623246875232,317.3,False
673,1.0689995051761445,0.6693104437892979,nan,nan,nan,10,38329,1685.9260645385737,1112.7291618779477,120.2,False
674,1.1100550802249072,0.6561373231840735,nan,nan,nan,10,32449,1687.522653291481,930.6302756990821,101.9,False
675,1.0752922774726983,0.6653910770953892,nan,nan,nan,10,42856,1699.2900782529541,1255.1666636964205,134.5,False
676,1.085163456226167,0.6657342036321655,nan,nan,nan,10,45042,2629.89815168707,1321.720524720006,141.1,False
677,1.1001997477770848,0.656588215083319,nan,nan,nan,10,34926,2012.9209866874726,1007.3961184454213,109.6,False
678,1.035859073316908,0.6782249606712113,nan,nan,nan,10,30512,1306.954187832392,867.4323471969992,95.7,False
679,1.1100882524234834,0.6560510928431182,nan,nan,nan,10,46347,2783.2625517626007,1363.8937993473537,145.3,False
680,1.0930135963798229,0.6584362139917695,1.5680758362139395,0.5544732504121085,4.797408307766223,10,53946,2754.7740452571297,1601.7310138062644,169.1,False
681,1.0507532174360734,0.67215639303589,nan,nan,nan,10,70131,3592.1748095671373,2107.1046782685003,219.7,False
682,1.0302890514406882,0.6790028334244669,nan,nan,nan,10,40234,1945.7632096263353,1171.4699948469106,126.1,False
683,1.0889115822422826,0.659211590978052,nan,nan,nan,10,79096,3841.964652504392,2386.820808803376,247.6,False
684,1.0704206187331413,0.6628195114067928,nan,nan,nan,10,74254,3468.3533310110115,2234.4527622365467,232.4,False
685,1.0594067188274816,0.6700907619784704,nan,nan,nan,10,56852,2183.999227854567,1692.168384737201,178.2,False
686,1.074243907961659,0.6628539682020949,nan,nan,nan,10,61199,2684.460939985062,1828.48560026312,191.8,False
687,1.0757338750813759,0.6626174719729248,nan,nan,nan,10,33093,2843.4021864023343,949.8590301335413,103.8,False
688,1.1161009385306657,0.6522067403390761,nan,nan,nan,10,43707,2598.2339810780163,1280.3335257571264,137.0,False
689,1.0962746268846364,0.6591291850986909,nan,nan,nan,10,44533,2771.63551247135,1306.3288644634274,139.5,False
690,1.1494887354661263,0.6396116553692921,1.5400185006750624,0.5555409860632399,4.66467656985532,10,79517,3945.2967032058277,2400.4212025067836,248.9,False
691,1.0396063794396948,0.6714133831631174,nan,nan,nan,10,62078,3324.829254465221,1853.209220864886,194.3,False
692,1.0655665432891868,0.6662951488589995,nan,nan,nan,10,52936,2559.4549287271,1569.1254507608055,165.9,False
693,1.0640756950851484,0.6694797237076648,nan,nan,nan,10,35904,1795.9686958374643,1036.6596955028865,112.5,False
694,1.039419333902726,0.6783777922359575,nan,nan,nan,10,41499,2980.972648155263,1213.0609414300002,130.2,False
695,1.0101092756934218,0.6873626373626374,nan,nan,nan,10,45500,1772.8814856407073,1336.1804745896357,142.6,False
696,1.1080744004966658,0.6564919646236966,nan,nan,nan,10,58118,3632.0670873487256,1731.7484080219656,182.1,False
697,1.053966032746449,0.6721055494148814,nan,nan,nan,10,56997,2810.641509132237,1696.086443662702,178.5,False
698,1.0868290435491947,0.6591421168253253,nan,nan,nan,10,71012,4268.479230591991,2134.1222102338133,222.4,False
699,1.0802580661842318,0.6603877691777148,nan,nan,nan,10,65245,3204.5132797807737,1955.276759463665,204.5,False
700,1.0177665605562105,0.6811999629068654,1.561086078839164,0.554623108047355,4.763992507882761,10,64702,3524.3209798885187,1936.1956573691973,202.6,False
701,1.0171924009507187,0.6834252283345259,nan,nan,nan,10,47518,2669.160337019982,1400.0351912111032,148.9,False
702,1.070888669289626,0.6661894047862549,nan,nan,nan,10,44001,2808.7862532375675,1291.6878730231883,138.1,False
703,1.0473096236305695,0.6702404722632173,nan,nan,nan,10,92152,5424.613134914745,2795.1487586893722,288.4,False
704,1.022969769606972,0.680576933054321,nan,nan,nan,10,57823,2107.138310869037,1721.0280112968285,181.1,False
705,1.0415116934535766,0.6769892854766077,nan,nan,nan,10,45079,2459.1274782264327,1324.1340458419263,141.3,False
706,0.9815237666165578,0.694920520703866,nan,nan,nan,10,61148,3250.6116926716495,1826.2499484182676,191.6,False
707,1.0499542864537594,0.6681285444234405,nan,nan,nan,10,52900,2910.3314119911815,1568.7018835599624,165.8,False
708,1.0359397633181229,0.6754029123697984,nan,nan,nan,10,77188,4257.159683380709,2327.127191581723,241.7,False
709,1.0239872590222143,0.6780358769532618,nan,nan,nan,10,57084,4781.135055779277,1698.3380855576415,178.8,False
710,1.1438834479637128,0.6419954111464733,1.5753762897265362,0.5482916229581897,4.8325597185975395,10,54044,2825.749267315588,1603.2962222846918,169.3,False
711,1.1127535678835578,0.6484552476147206,nan,nan,nan,10,44020,2258.9388780278823,1291.0633187673068,138.0,False
712,1.0456938300761822,0.672317908279726,nan,nan,nan,10,96380,4891.004074756385,2926.100576313313,301.6,False
713,1.0733031906967445,0.6642282674203537,nan,nan,nan,10,48119,1938.7302791934856,1417.1332417854856,150.7,False
714,0.9777577813479675,0.6938257867089954,nan,nan,nan,10,61109,4630.2463594313895,1825.8695125403315,191.5,False
715,1.119160083239853,0.6526108839257628,nan,nan,nan,10,63580,3227.0268303652424,1902.4587306371006,199.2,False
716,1.073452839284492,0.662167083444609,nan,nan,nan,10,41189,1982.6615929017178,1203.2618525492123,129.2,False
717,1.0526378555456115,0.6694660946971985,nan,nan,nan,10,49653,2500.084149633051,1467.0687658345946,155.7,False
718,0.9897273727070058,0.6878295039785202,nan,nan,nan,10,71509,4094.313016382696,2149.7184744699507,223.9,False
719,1.022753473986708,0.6830799331512657,nan,nan,nan,10,24533,943.0668738165399,682.3173785703461,77.1,False
720,1.0529498756805495,0.6715532632414204,1.5667255867658376,0.5558219691293271,4.7909349811326996,10,50410,2757.951275066312,1490.6252267696766,158.0,False
721,1.074762259931853,0.6636915896175155,nan,nan,nan,10,56133,3682.881970074724,1668.7704859294838,175.8,False
722,1.027621602608984,0.6789709921618543,nan,nan,nan,10,59708,3187.4607468479676,1780.2531960584643,187.0,False
723,0.965411265994054,0.6984333899764892,nan,nan,nan,10,42959,2046.5759630058728,1257.2876797896931,134.6,False
724,1.0472413352343388,0.6718268977042836,nan,nan,nan,10,56845,3611.364826522467,1690.65503276749,178.0,False
725,1.0336679834759823,0.6780493951612904,nan,nan,nan,10,31744,1524.3591015176244,906.7390425226101,99.6,False
726,1.0631076498600969,0.6734792598863224,nan,nan,nan,10,24807,1096.7296689183415,691.0260793872142,78.0,False
727,0.9461098314836772,0.705037096630017,nan,nan,nan,10,44748,3130.665604627187,1313.0558878648285,140.1,False
728,1.0161655732104684,0.6793198299574894,nan,nan,nan,10,39990,1796.4135894516055,1165.3459628196686,125.5,False
729,1.0092705447357373,0.6815635425190407,nan,nan,nan,10,63548,4150.617399971289,1900.0116792117533,198.9,False
730,1.062933818804767,0.6666091383699357,1.5818959307173963,0.5559905589689794,4.864169202307295,10,69531,3309.0687083135085,2088.2365825398956,217.8,False
731,1.0436406144705725,0.6745289641423076,nan,nan,nan,10,71226,2906.722356798536,2140.648434228642,223.0,False
732,1.1341499408346651,0.6477432369150967,nan,nan,nan,10,55522,3266.441398923883,1649.4317670708508,173.9,False
733,1.0368687026852192,0.6771690910966677,nan,nan,nan,10,48465,2872.0805031814357,1429.6966691852713,151.8,False
734,1.0264599604098366,0.6776176957294023,nan,nan,nan,10,65869,4062.082145435976,1971.8290086640286,206.1,False
735,1.0299140900324872,0.6763907372903912,nan,nan,nan,10,75140,3607.5965054007875,2263.3140324658134,235.3,False
736,1.0764736884930095,0.6648936170212766,nan,nan,nan,10,34404,1288.30833740684,989.4706245443713,107.9,False
737,1.1032007539457582,0.6568451030403555,nan,nan,nan,10,63907,3303.492805215028,1912.1650433544376,200.2,False
738,1.0534019744715937,0.6704450334821429,nan,nan,nan,10,57344,2978.8170672065394,1705.1798662581332,179.5,False
739,0.9665080897204887,0.6977713521079102,nan,nan,nan,10,65017,3652.119758575217,1946.0507147243436,203.5,False
740,1.0179361908482196,0.679203631971344,1.5760153677980528,0.5576764573655028,4.835649088612159,10,48018,2039.4681979371633,1415.124377421253,150.5,False
741,1.0308371425791667,0.6753619535691282,nan,nan,nan,10,71418,3502.1857922382396,2146.2238906444445,223.6,False
742,1.017598914650793,0.6821318353618364,nan,nan,nan,10,28839,1161.3914288275962,817.3502240237236,90.7,False
743,1.0232560179223766,0.6794177994357528,nan,nan,nan,10,77980,5013.45878654188,2352.017474026332,244.2,False
744,1.0660441547316555,0.665426179059615,nan,nan,nan,10,55892,2720.718504174883,1662.5158171915846,175.2,False
745,1.015844208366355,0.6807100342692238,nan,nan,nan,10,66532,3365.6104663522806,1994.240415067045,208.4,False
746,0.9484010301815846,0.7045789434907537,nan,nan,nan,10,54292,3683.5356066358313,1610.6284941185727,170.0,False
747,1.0989012735679071,0.6557713858797161,nan,nan,nan,10,32124,1559.4389239989362,920.3468389914402,100.9,False
748,1.0475048876359023,0.6746013667425969,nan,nan,nan,10,52680,2531.8761371448677,1561.735384931648,165.1,False
749,0.963096995215978,0.698656323590525,nan,nan,nan,10,36095,1686.2974910940654,1043.402115383312,113.2,False
750,1.0548792317984677,0.6676826039374434,1.566809064834957,0.5572081522553574,4.791334935827692,10,84979,3525.801938917809,2569.0556508461204,265.9,False
751,0.9715895587236009,0.6944838097275329,nan,nan,nan,10,37399,1763.9694065852223,1083.6620956484096,117.3,False
752,1.0222365579117545,0.6817129046875787,nan,nan,nan,10,39722,1480.1573623154443,1156.3941236848218,124.6,False
753,1.0409611508281702,0.6768225238813474,nan,nan,nan,10,49725,3388.115770632905,1468.8224903969672,155.8,False
754,1.0616616338469191,0.6672927804267206,nan,nan,nan,10,41526,2618.218909604199,1214.517189109196,130.3,False
755,1.0335748044245952,0.6752892414122137,nan,nan,nan,10,67072,2962.6704590278423,2010.1794055457929,210.0,False
756,1.0495902646998025,0.6720211926502085,nan,nan,nan,10,53226,3420.007352440787,1579.1964392256273,166.8,False
757,1.0406257648744648,0.6737913359376944,nan,nan,nan,10,80378,3672.977309964954,2426.5863147449923,251.6,False
758,0.9463323493160448,0.7039291825720679,nan,nan,nan,10,30388,1899.9481365616302,865.7934907977884,95.4,False
759,1.0390393726925549,0.6718441118328156,nan,nan,nan,10,60197,3189.205681321163,1798.221468317768,188.7,False
760,1.0157080033533075,0.6798133191468781,1.5998656596269956,0.5537614266446875,4.9523670768642365,10,82708,4216.059919557487,2500.594598141133,259.0,False
761,0.9994538947822492,0.6879555409359256,nan,nan,nan,10,57761,3359.066230166416,1720.4382988635043,181.0,False
762,1.0027277587561245,0.6869056327724945,nan,nan,nan,10,30074,1392.5139029869308,856.7468607426288,94.6,False
763,0.9974966488192901,0.6873021962213485,nan,nan,nan,10,62562,2894.8336835628,1870.1073516665024,196.0,False
764,0.9877989213208054,0.6924667710717585,nan,nan,nan,10,49806,2745.739675431916,1470.492949881752,156.0,False
765,0.9994169629144555,0.6859169199594731,nan,nan,nan,10,42441,2143.578269013102,1241.5072383547556,133.0,False
766,1.03203112233995,0.6760343769183548,nan,nan,nan,10,81450,3905.560939641738,2459.9230710951792,254.9,False
767,1.0030758275730474,0.6861052631578948,nan,nan,nan,10,52250,3838.6837118418675,1548.4222244631167,163.7,False
768,1.0286079849726102,0.6766895343745438,nan,nan,nan,10,82212,4976.395254197175,2482.759185496492,257.2,False
769,1.0786878011604768,0.6639498432601881,nan,nan,nan,10,35090,1434.174307974498,1012.0538331922053,110.1,False
770,1.0227400057515181,0.6815766592599749,1.5849008370817788,0.5580885658624307,4.878807557729723,10,41404,1719.6137957119913,1207.589012016863,129.7,False
771,1.0418098353231826,0.6711904874102697,nan,nan,nan,10,63663,3513.2645801311182,1904.742227291215,199.4,False
772,1.006094203611277,0.6825507016412952,nan,nan,nan,10,60501,2877.370037100044,1806.3568809676901,189.5,False
773,0.992760349459152,0.6890074026904401,nan,nan,nan,10,50252,2384.2885909721276,1485.7922716463077,157.5,False
774,0.9577520066423332,0.6993226402369292,nan,nan,nan,10,68206,3975.726222870379,2047.1339160385603,213.7,False
775,1.00111063870124,0.6867768485507151,nan,nan,nan,10,75451,3035.651981996631,2273.83147925757,236.3,False
776,0.9549375437965374,0.700012433858779,nan,nan,nan,10,72383,3968.9681094176053,2176.220794555099,226.6,False
777,1.0788291520390267,0.6644482936761176,nan,nan,nan,10,32907,1836.9407548633474,945.2422055407931,103.3,False
778,0.9897952661618041,0.6917224189951463,nan,nan,nan,10,30492,1333.477090209748,869.5356488624113,95.8,False
779,1.0003166759526727,0.6873912867602443,nan,nan,nan,10,49442,2160.4773642304804,1460.7686806840895,155.0,False
780,1.0347997018874764,0.6748975481002987,1.5879085407109876,0.5560092911733853,4.893503654600515,10,86382,3509.5587666181423,2614.007444810267,270.4,False
781,0.9933674748499829,0.6878596118053709,nan,nan,nan,10,94025,4944.826924875867,2854.0857125375755,294.4,False
782,1.02187338513479,0.6769241060976018,nan,nan,nan,10,59794,2761.909125793786,1782.645510549346,187.2,False
783,0.9232446450466419,0.711897738446411,nan,nan,nan,10,35595,1547.8966316108292,1027.8419389006401,111.7,False
784,0.9637733240037966,0.6983971690258118,nan,nan,nan,10,48040,2042.0009448943008,1416.8303834036863,150.6,False
785,0.9597956542442024,0.7005344487045428,nan,nan,nan,10,68856,3472.07384398151,2067.3220335765786,215.6,False
786,0.8963651388022502,0.7211671764628216,nan,nan,nan,10,45443,3008.196435833798,1335.449269003821,142.4,False
787,1.0397479586931064,0.6768592899714952,nan,nan,nan,10,42449,1986.437926325529,1240.7709819207769,133.0,False
788,1.0207686180364168,0.6793315721264082,nan,nan,nan,10,80248,4767.586749553831,2423.5467237800854,251.2,False
789,0.984853704318522,0.6930926814408651,nan,nan,nan,10,52524,2755.6644669630787,1557.100081816249,164.7,False
790,0.9743234865938067,0.6922870029378905,1.633729938300996,0.5483103551625955,5.122947404190949,10,48334,2692.9147483171178,1425.230679263514,151.5,False
791,1.0096566275288055,0.6826612402137443,nan,nan,nan,10,64376,3095.388626028195,1926.1428866819624,201.6,False
792,1.061516726758582,0.6665851656508147,nan,nan,nan,10,57259,2801.64862792915,1704.0936682674521,179.4,False
793,1.0067862254931814,0.6849466323150534,nan,nan,nan,10,59774,2780.676258749041,1783.0695463094664,187.3,False
794,1.0376226630072536,0.6753684273014648,nan,nan,nan,10,67381,3323.210170857165,2022.1097669306794,211.2,False
795,0.9830900244343618,0.6904474268016781,nan,nan,nan,10,45527,2370.8089147203414,1338.4734566048687,142.8,False
796,1.0229541251023762,0.6792092760032113,nan,nan,nan,10,75981,4923.802263881937,2291.2644416634794,238.1,False
797,1.07916521913954,0.6605893734186635,nan,nan,nan,10,53752,3587.2257123492273,1594.4394762011407,168.3,False
798,0.9979057176734939,0.6873458573502262,nan,nan,nan,10,70957,3001.345111373345,2133.7791371184585,222.3,False
799,1.0504997432082341,0.6707306273062731,nan,nan,nan,10,33875,1655.999115517152,974.0741006067216,106.3,False
800,0.9776890342685923,0.6925102591674165,1.6183918146434688,0.5452944702532594,5.0449705415131945,10,45569,2901.3445067861935,1341.001154732277,143.0,False
801,0.9544138443656474,0.7023292098517776,nan,nan,nan,10,71784,3718.4630055577168,2158.6925426745174,224.8,False
802,0.9878055407168672,0.6889564028558408,nan,nan,nan,10,65830,4643.420972372949,1972.9433992323961,206.2,False
803,1.0058631995269873,0.6826335458342493,nan,nan,nan,10,45490,2302.2010693093516,1337.0409067184905,142.5,False
804,1.0227592138014077,0.67825248955991,nan,nan,nan,10,62260,2978.8385254410855,1860.0311983984836,194.9,False
805,0.9819585832553466,0.6929091088652599,nan,nan,nan,10,60754,2793.8988328621135,1813.1422032882324,190.3,False
806,0.9546194821180384,0.7006931729008632,nan,nan,nan,10,45876,2360.4370571755258,1349.256843162853,143.8,False
807,1.0076261330225817,0.6867923069986732,nan,nan,nan,10,77629,3453.6566435338573,2340.7276255451334,243.0,False
808,1.0465410001333861,0.6706036588999463,nan,nan,nan,10,83905,4105.886436657764,2536.1847243366137,262.6,False
809,0.9350673340488631,0.706726205126402,nan,nan,nan,10,56882,2903.3440208709508,1691.6502879788259,178.1,False
810,0.9694267016411321,0.6957496335891025,1.620407908391188,0.5522628502922224,5.055151934952558,10,57995,2807.701419060336,1727.2082422525964,181.7,False
811,1.0097995135280355,0.6843917704576018,nan,nan,nan,10,79567,3633.65042196474,2401.041995522363,249.1,False
812,0.9538755334282211,0.7022118704801615,nan,nan,nan,10,61396,3559.4404418583426,1833.2105152923064,192.3,False
813,1.0615509033565542,0.6661569735019518,nan,nan,nan,10,55589,3067.794769236352,1653.5333421259843,174.2,False
814,0.9562413313117236,0.699907986750092,nan,nan,nan,10,54340,3085.5096283326698,1613.76241268619,170.3,False
815,1.016091817569534,0.681527405482741,nan,nan,nan,10,60809,3329.37984280616,1815.7199838579218,190.5,False
816,1.0089928908933883,0.6814585657774622,nan,nan,nan,10,78872,4253.02731373679,2379.014363059615,246.9,False
817,0.990202753715594,0.6899815898661831,nan,nan,nan,10,72786,4070.228653731305,2190.6140780434484,228.0,False
818,0.9399820934603873,0.7072021774024705,nan,nan,nan,10,28658,1530.5477820503907,809.5791027175667,89.9,False
819,0.9444989393299767,0.7027176648213387,nan,nan,nan,10,59610,4519.70898852212,1778.0634875379442,186.8,False
820,1.03484276757942,0.6726399541251523,1.655824871411946,0.5451258804136071,5.237398321019318,10,69755,3465.0276680755587,2093.94958214964,218.3,False
821,0.9873931417239792,0.6919340354314638,nan,nan,nan,10,48996,2582.132704463821,1445.8387127364892,153.5,False
822,0.9748408575289776,0.6932468833331077,nan,nan,nan,10,73877,4410.8489173716025,2224.7502262205735,231.4,False
823,1.0382465789733464,0.6730272343566946,nan,nan,nan,10,62311,3288.1280602405004,1862.2643753404034,195.2,False
824,0.937332727011723,0.705920401795906,nan,nan,nan,10,52564,4715.508150158869,1558.3659204579055,164.8,False
825,1.0769197028507134,0.6642777155655095,nan,nan,nan,10,53580,2707.689305025815,1590.8601418191033,168.0,False
826,0.9016050439226464,0.7183298603071698,nan,nan,nan,10,64785,4598.965676967368,1940.619243792756,203.0,False
827,1.0569446050141256,0.6680715385179212,nan,nan,nan,10,54572,3195.2352320240216,1621.6169916597964,171.1,False
828,0.9318681942091488,0.7099856261097489,nan,nan,nan,10,70962,4854.279074432297,2131.7514364682047,222.1,False
829,0.916666420082021,0.7131735684472166,nan,nan,nan,10,63969,4412.178052256238,1915.0825030914493,200.5,False
830,1.0816242521738304,0.6624475660911131,1.817744452646428,0.5205304960287727,6.157953218739182,10,41004,2193.5991855736092,1197.0762571586652,128.7,False
831,0.9550786518155164,0.6980162561116129,nan,nan,nan,10,32111,1142.7084988213153,916.4974856875755,100.6,False
832,0.9428641143281711,0.7042716577037785,nan,nan,nan,10,42583,2154.6196716705394,1246.2981006298983,133.6,False
833,0.9885696829073604,0.6882107089346267,nan,nan,nan,10,63405,3364.6677967787286,1896.51711332707,198.6,False
834,1.040522224422602,0.6745211384901778,nan,nan,nan,10,40826,2054.5557229121473,1192.4181717981403,128.1,False
835,0.9958026566239403,0.6876931193006255,nan,nan,nan,10,53076,2880.3283603173004,1573.128159032615,166.3,False
836,0.9646910033125758,0.698004585422388,nan,nan,nan,10,79382,4741.200338318548,2395.3034184092635,248.5,False
837,1.020962669358966,0.6781502172563625,nan,nan,nan,10,83772,4084.22900365795,2532.4518857918256,262.2,False
838,1.0101075356110925,0.6820734020005206,nan,nan,nan,10,53786,2659.8770741455096,1594.1586094205545,168.4,False
839,0.9655177143156586,0.6951664433680305,nan,nan,nan,10,48515,3753.497100909572,1433.1895223842996,152.2,False
840,0.9160454818295308,0.711825740397169,1.7290107085039175,0.5350479544432789,5.635076416821765,10,72765,4943.604830731513,2190.7158199896717,228.0,False
841,1.046598881025218,0.6701183431952663,nan,nan,nan,10,56108,2904.696040700258,1666.8010488622454,175.6,False
842,0.9832954453052455,0.6912718815032439,nan,nan,nan,10,57183,2817.0704669058673,1703.6622566274134,179.3,False
843,0.9563964184599645,0.696738450540613,nan,nan,nan,10,55955,3483.112445157713,1662.945578899697,175.2,False
844,0.9588448280748928,0.6995629861278165,nan,nan,nan,10,49884,3012.8599112054517,1474.2928397595922,156.4,False
845,0.8997147535314381,0.7173925323391516,nan,nan,nan,10,53109,2964.0589032673392,1574.6994747446668,166.4,False
846,0.9978247791719135,0.6897243446705885,nan,nan,nan,10,44367,2672.684911234879,1302.0138256593764,139.1,False
847,0.9529768140674503,0.7006286415210058,nan,nan,nan,10,39132,1589.6343973299065,1138.2385488247883,122.8,False
848,1.0121556092772601,0.6830348483868882,nan,nan,nan,10,30934,1434.664287406746,881.9846525601408,97.1,False
849,0.9800185306440992,0.6900306586319906,nan,nan,nan,10,47295,2276.1282927584625,1393.8116969810765,148.3,False
850,0.9701792559443584,0.6922458080012872,1.6359171455595674,0.5517008841600479,5.134164614648931,10,87011,4231.053208809894,2633.109181185688,272.3,False
851,1.0132406522406603,0.6816059530178493,nan,nan,nan,10,41122,2760.5515526564805,1200.8726628009188,128.9,False
852,0.9005998818812178,0.7181964370964095,nan,nan,nan,10,79598,5185.701810782482,2403.188129285779,249.2,False
853,0.9879485630650161,0.6903250592991014,nan,nan,nan,10,59866,2647.024536752151,1786.081357606404,187.6,False
854,0.9618680628963925,0.7005023603362532,nan,nan,nan,10,39613,1711.0607524963145,1153.7901163719312,124.3,False
855,1.0093155851575346,0.6833498904079348,nan,nan,nan,10,63417,3288.3790023984516,1896.2574515110184,198.6,False
856,1.015642116017035,0.6851121481258468,nan,nan,nan,10,33215,1920.0004917549015,953.7795221695894,104.3,False
857,0.9770597400142577,0.6908719946210382,nan,nan,nan,10,43131,2127.4751491461534,1261.3586298274345,135.1,False
858,0.9308650793926604,0.7088353413654619,nan,nan,nan,10,35856,2397.6321394558154,1037.228678788623,112.6,False
859,0.8847913087551601,0.7210633371562114,nan,nan,nan,10,92426,5211.238828392868,2802.0550498884077,289.2,False
860,0.972477699096076,0.6938508253104808,1.658914135829023,0.5478795144612618,5.253603046744232,10,69489,3237.2645310561516,2087.6421818717486,217.7,False
861,0.8457115849424433,0.7375482479057459,nan,nan,nan,10,59329,4480.635480786773,1768.2419142275835,185.8,False
862,0.9753149932584565,0.6892882671295824,nan,nan,nan,10,48965,2199.6249885439183,1445.4992654298348,153.5,False
863,0.9975938215939882,0.6864712576678602,nan,nan,nan,10,72054,4098.107124664466,2167.5738988688395,225.7,False
864,0.995184844147065,0.6848628754600499,nan,nan,nan,10,42115,2559.4256054545817,1232.115321857299,132.1,False
865,0.995387005417908,0.6867071409716938,nan,nan,nan,10,64403,2786.2018738002316,1927.0089302252757,201.7,False
866,0.8892311254588747,0.7224702682956529,nan,nan,nan,10,49274,2844.593139890302,1453.7978178409833,154.3,False
867,1.0158687265561177,0.6795004995004995,nan,nan,nan,10,50050,2790.549466778021,1478.2864656994961,156.8,False
868,0.9500039254063078,0.7019800411848567,nan,nan,nan,10,63130,3499.704877880642,1887.0749875473145,197.7,False
869,0.895689137013936,0.7177877965059686,nan,nan,nan,10,39038,2089.842308441583,1134.3311402564564,122.4,False
870,0.8639782521679845,0.7282066384865914,1.725869845758041,0.5421474599130826,5.617405181224038,10,57724,3876.9074890865936,1719.7967881415232,180.9,False
871,1.0377762749188957,0.6741709355621461,nan,nan,nan,10,66762,3852.8916294072865,2000.80706020364,209.0,False
872,0.9631723613166848,0.6942955661332034,nan,nan,nan,10,53362,2173.6183536682147,1582.047149303477,167.2,False
873,0.9028899290793998,0.7178712251788539,nan,nan,nan,10,42353,1697.4144468476577,1238.1492061849394,132.8,False
874,0.9147348140216163,0.7116034939743305,nan,nan,nan,10,76589,3968.169147677853,2308.586224440336,239.8,False
875,0.9873183517088719,0.6916388106005986,nan,nan,nan,10,45771,1939.6200009538406,1344.692294059117,143.4,False
876,0.8912836361513475,0.7194678517834469,nan,nan,nan,10,34652,2027.155305856566,996.8850042980945,108.5,False
877,0.9736898484772916,0.6948253112271241,nan,nan,nan,10,34862,2336.960549813068,1006.4316281698763,109.5,False
878,0.956830465484521,0.700056327450244,nan,nan,nan,10,42608,1859.9048021128392,1246.8481538205428,133.6,False
879,0.9575912603671283,0.6996618207261137,nan,nan,nan,10,51452,2070.2273578109057,1522.1097327658229,161.2,False
880,0.9518114312303452,0.7017583313421507,1.6640903594592835,0.5466619211748839,5.280867373229247,10,71147,3422.757699161437,2140.0327298781112,223.0,False
881,0.9297071913492851,0.7085604858187841,nan,nan,nan,10,57964,3010.298657961822,1727.4403678094332,181.6,False
882,0.9317809905444697,0.7078621638141809,nan,nan,nan,10,52352,2109.4412894916754,1551.0931937467105,164.1,False
883,0.8917909391440134,0.7201013513513513,nan,nan,nan,10,41440,2172.6709966784074,1209.1432212211453,129.7,False
884,0.9245754844526607,0.7097501087834898,nan,nan,nan,10,64348,3558.534582939688,1924.8488505696848,201.4,False
885,0.9855999873428565,0.6922070369293399,nan,nan,nan,10,48146,2416.0787213971266,1418.7514307490028,150.8,False
886,0.9713846277691394,0.6955716802532175,nan,nan,nan,10,66978,3086.0745768615834,2007.6803409011839,209.7,False
887,0.9112864594610413,0.712279779121746,nan,nan,nan,10,57045,2948.1523762563943,1698.212014090448,178.7,False
888,0.8923107248760036,0.7189130265514287,nan,nan,nan,10,38529,2822.742522619461,1120.026324703909,120.9,False
889,0.9827542301624175,0.6889703884813909,nan,nan,nan,10,36810,1881.9077263598676,1065.9159246862723,115.5,False
890,1.0495585171255049,0.6701878638737171,1.6843475934609862,0.5434961786303012,5.388934009456421,10,66644,3601.4295104015764,1998.1949522090247,208.7,False
891,0.9072283865538462,0.7131363430593851,nan,nan,nan,10,48598,2181.926757111895,1434.2314157611202,152.4,False
892,0.9205472944358262,0.7107149574703756,nan,nan,nan,10,47849,2622.8661534803446,1410.1988114119745,150.0,False
893,0.9137079474292487,0.7133841245488938,nan,nan,nan,10,57359,2996.236592440066,1708.26554078051,179.7,False
894,0.9529548199872061,0.7012559009530596,nan,nan,nan,10,33681,1431.2169791637043,968.2778968414307,105.7,False
895,0.8995957179478075,0.719111463704879,nan,nan,nan,10,63025,3550.0417756983206,1884.5098907456456,197.4,False
896,0.937997691525615,0.7037249367907332,nan,nan,nan,10,68028,3406.4989858807417,2041.2257423308147,213.1,False
897,0.9435374702476084,0.7019772013690493,nan,nan,nan,10,70706,4486.045122353631,2124.9173898412273,221.4,False
898,0.9343164855615568,0.7094775965310758,nan,nan,nan,10,33901,1463.4494029432126,973.9074912724939,106.3,False
899,0.882213983067096,0.7237691075217598,nan,nan,nan,10,23093,852.8388321555924,636.9507781052696,72.6,False
900,0.9568774151719865,0.6970872094289885,1.674861680366245,0.5458939007942455,5.33805673995288,10,45901,2648.0779774984703,1350.7767871950175,144.0,False
901,0.8949123038927679,0.7203469943835845,nan,nan,nan,10,53949,2773.558519766489,1599.7420720333114,168.9,False
902,0.9317057080679381,0.7080878867898978,nan,nan,nan,10,59076,2793.076447672524,1760.1816916810271,185.0,False
903,0.8521903727944551,0.7319387498954062,nan,nan,nan,10,59755,4637.414763511634,1781.4622174219955,187.1,False
904,0.9837577633027582,0.6869597807500409,nan,nan,nan,10,42691,2766.8635688005716,1249.4569191157673,133.9,False
905,0.9354353677704085,0.7046942815807508,nan,nan,nan,10,52532,3136.781942033799,1556.2067004468038,164.6,False
906,0.9845039677314843,0.6907395427363239,nan,nan,nan,10,63377,3368.288357580328,1895.6310466829168,198.5,False
907,0.904781790030098,0.7152389254299073,nan,nan,nan,10,63095,4483.73930669179,1887.1582790738253,197.7,False
908,1.0235332840690594,0.6771138281384536,nan,nan,nan,10,63877,3439.4841997935982,1912.33920828005,200.1,False
909,0.9074874497659342,0.7155291925183519,nan,nan,nan,10,44001,2351.075485475549,1292.2772376899873,138.1,False
910,0.8826200032626349,0.7234727496793341,1.7021174999293083,0.5444889854638094,5.485550755667779,10,39761,2011.085301515812,1157.758061355608,124.7,False
911,0.9460250799817231,0.7026800494520462,nan,nan,nan,10,47723,2098.395099538947,1407.1561029082975,149.6,False
912,0.9140565484065865,0.7151776220725756,nan,nan,nan,10,36679,1445.4164713966288,1059.235399589526,114.9,False
913,0.8529289390571996,0.7322568114976972,nan,nan,nan,10,72084,4334.279391915953,2167.1006783912862,225.7,False
914,0.8475614487577027,0.7335442720104465,nan,nan,nan,10,99555,4806.745281759394,3026.0050775431096,311.6,False
915,0.9213965734112377,0.7129739477055949,nan,nan,nan,10,42146,1771.9363903514804,1232.4491385562574,132.2,False
916,1.0017273726333717,0.6846613735717496,nan,nan,nan,10,73429,3329.03935375755,2209.8534820666123,229.9,False
917,0.9617503510094595,0.6982841912377145,nan,nan,nan,10,60030,3025.411832276379,1791.6168721143626,188.1,False
918,0.9762098061583763,0.6931515223556182,nan,nan,nan,10,58889,3995.111182141921,1756.260054688501,184.5,False
919,0.943447418413134,0.702447216890595,nan,nan,nan,10,41680,2241.5712738949987,1219.6813928947154,130.9,False
920,0.9481806817475965,0.7020439485480413,1.6875044205155523,0.545537988910535,5.4059728222752845,10,82096,3852.834804153693,2482.4541836340945,257.2,False
921,0.9018845931164714,0.7117758186397984,nan,nan,nan,10,31760,1572.7283258299183,907.6768134322983,99.7,False
922,0.9400185606384094,0.7038595451514927,nan,nan,nan,10,67495,3383.904490215443,2024.933107581536,211.4,False
923,0.8698502926723428,0.7262796900800204,nan,nan,nan,10,55111,3006.716381547586,1637.7479088391506,172.7,False
924,0.8897565416531313,0.7213901744904706,nan,nan,nan,10,69574,3264.223280361575,2090.2047283942666,218.0,False
925,0.9559632967290222,0.6975900116144018,nan,nan,nan,10,75768,3602.262500042404,2284.0666933648927,237.4,False
926,0.8961072556065318,0.7162852253890166,nan,nan,nan,10,74804,4025.71712432236,2252.7560612793086,234.2,False
927,0.895948152508411,0.7174387702903342,nan,nan,nan,10,80149,4038.362542502771,2419.0707513475145,250.9,False
928,0.9387648480838932,0.7028772553307818,nan,nan,nan,10,58528,2931.0684779958024,1744.165905746449,183.4,False
929,0.8763600112089888,0.7244156401153232,nan,nan,nan,10,41969,1972.5103721109222,1227.296355041685,131.6,False
930,0.8482391389022903,0.7345113780837964,1.7182732598813384,0.5421849243218942,5.5748937556458715,10,70003,3504.157158712275,2102.274414274711,219.2,False
931,0.9070517900127851,0.7128340860294662,nan,nan,nan,10,54028,3011.3598619674035,1604.1318586848008,169.3,False
932,0.9052481858701994,0.7164847115907474,nan,nan,nan,10,47814,2373.710195371296,1411.5040695785872,150.0,False
933,0.9053978615547281,0.7135744522185423,nan,nan,nan,10,45593,3087.5692550821586,1339.4329935654803,142.9,False
934,0.8577474827775039,0.7265247213914803,nan,nan,nan,10,67209,4563.68576119628,2015.5802472141077,210.5,False
935,0.8449100034813146,0.7361335593487602,nan,nan,nan,10,50734,2303.0472436260648,1499.1070610485208,158.9,False
936,0.9168841781019011,0.7101063829787234,nan,nan,nan,10,41360,2757.8188967791593,1206.7338493883103,129.6,False
937,0.8771787375154126,0.7232036400016446,nan,nan,nan,10,72967,5007.9528098923965,2194.7047751733376,228.4,False
938,0.8987998482256904,0.7149541424381644,nan,nan,nan,10,58987,2454.2894627328888,1757.3923949419448,184.7,False
939,0.9213551984519004,0.709778673467568,nan,nan,nan,10,56071,3381.5524921842134,1666.104619288928,175.6,False
940,0.9146467437011938,0.7115790081737573,1.7108893045042115,0.5466619211748839,5.533880594942065,10,69246,3069.1473792526604,2077.255750855871,216.7,False
941,0.7869082386590768,0.7545386163573157,nan,nan,nan,10,49189,3117.804695392267,1453.8784228160775,154.3,False
942,0.8324731308572364,0.7395237763212941,nan,nan,nan,10,57368,2962.3809068608507,1708.6187109611922,179.8,False
943,0.8388023068585262,0.735031516860305,nan,nan,nan,10,61713,4638.67860716288,1844.0358647531993,193.3,False
944,0.9957816982887484,0.6853505569596555,nan,nan,nan,10,53415,3968.45531039633,1583.8415899072686,167.3,False
945,1.0457588420816093,0.6738840031169988,nan,nan,nan,10,53898,3420.699489227109,1599.0524552026586,168.8,False
946,0.9381951066108432,0.7022288056770816,nan,nan,nan,10,58058,2382.1575575929023,1730.1106135816779,182.0,False
947,0.8987877975071559,0.7184076185927097,nan,nan,nan,10,66994,3022.2320089286754,2008.0709229182783,209.8,False
948,0.9598600391796704,0.7014704179692023,nan,nan,nan,10,43185,2306.332401565526,1265.099215598652,135.5,False
949,0.9486178249912622,0.7017434170975111,nan,nan,nan,10,41585,2788.9772036601667,1213.8158273072218,130.2,False
950,0.8722472521911506,0.724866785079929,1.7126124775179248,0.546437134722014,5.54342464931123,10,61930,2434.9945653308787,1850.4456010475692,194.0,False
951,0.9874700878662662,0.6898596984350063,nan,nan,nan,10,41981,2685.8289193098044,1228.2015830042399,131.6,False
952,1.0039891923610222,0.6857340876488887,nan,nan,nan,10,62043,3485.3256671434247,1854.7859994041253,194.4,False
953,0.9243615027238014,0.710467175156633,nan,nan,nan,10,58736,3263.069743631985,1749.8413960248795,183.9,False
954,0.9298766199094722,0.7048015364916773,nan,nan,nan,10,46860,2647.82705415722,1379.6508837715155,146.9,False
955,0.8954863207225153,0.7181954015978532,nan,nan,nan,10,65588,4503.359945364682,1964.107861901945,205.4,False
956,0.9013941404249494,0.7176117897568083,nan,nan,nan,10,35692,1434.6700390958526,1030.1097485265716,112.0,False
957,0.8866310705057731,0.7226676909780573,nan,nan,nan,10,41654,2544.2718027697074,1216.6872409841044,130.6,False
958,0.8752802230583812,0.7252721617418352,nan,nan,nan,10,38580,2825.4838230451533,1121.3510025016826,121.0,False
959,0.9876970128559361,0.6881708583839592,nan,nan,nan,10,63538,3649.5437950859114,1900.3423067619733,198.9,False
960,0.8877667124284712,0.7178419169892684,1.736482762618703,0.5393563614566163,5.677339712931599,10,61221,2961.3896385775524,1828.2385417937908,191.8,False
961,0.8872144295752109,0.721140982538593,nan,nan,nan,10,85961,3824.6964116754625,2602.118779897984,269.2,False
962,0.915564051097934,0.7116502570650896,nan,nan,nan,10,29759,1333.0416916544816,845.6301047575495,93.4,False
963,0.907741413945482,0.7145999768438115,nan,nan,nan,10,34548,2573.6312205576687,995.0776558681548,108.4,False
964,0.8621900629131238,0.7260728124158223,nan,nan,nan,10,48261,2311.216974666203,1424.1456529700058,151.4,False
965,0.877299716963221,0.7234390411976922,nan,nan,nan,10,74009,4873.227246764369,2227.156949053194,231.6,False
966,0.9281159688037937,0.7066119573567159,nan,nan,nan,10,53373,2813.9157211396187,1582.6363684322966,167.2,False
967,0.8430369844950498,0.7345522156801984,nan,nan,nan,10,64540,4433.266178323063,1931.7828700387622,202.1,False
968,1.0258313177024405,0.6776214637146372,nan,nan,nan,10,78048,3753.6200945561577,2354.426501991908,244.4,False
969,0.8569010919010004,0.7299303085747179,nan,nan,nan,10,48643,3194.648983468818,1436.646135709577,152.5,False
970,0.9401580986467837,0.7030029200536658,1.7125695255158921,0.5466806533792897,5.543186553237812,10,50684,2267.7593561755875,1499.1867222122357,158.9,False
971,0.8891418994135483,0.7177782486623934,nan,nan,nan,10,75508,4280.348207668332,2274.7393603173355,236.4,False
972,0.9149688402916939,0.7101145743501294,nan,nan,nan,10,48702,1881.2380194955747,1437.0320943559618,152.7,False
973,0.9006181757309788,0.7173730656888944,nan,nan,nan,10,64364,3901.387142869876,1925.709211550314,201.5,False
974,0.8805514545952977,0.7210677095175299,nan,nan,nan,10,65973,3495.2964804721614,1976.094091810953,206.6,False
975,0.9318297651286855,0.7076651128312592,nan,nan,nan,10,70149,3883.0455339990904,2107.4067776957263,219.7,False
976,0.8979821933955706,0.7189459996940493,nan,nan,nan,10,52296,2883.943761444929,1549.8714843960522,163.9,False
977,0.8459965328139563,0.7339585389930898,nan,nan,nan,10,68884,4812.820854342998,2067.9638566262615,215.7,False
978,0.9949810701194625,0.6876286464617787,nan,nan,nan,10,42267,2005.8888812691894,1235.3288567837558,132.5,False
979,0.9297968286732181,0.709390174519377,nan,nan,nan,10,75579,3693.5981078595114,2277.0883567786273,236.7,False
980,0.8648775832282423,0.7286569619526752,1.7699614396860588,0.5435336430391129,5.870626983798507,10,52277,2993.1756097294674,1549.5103403839282,163.8,False
981,0.9426993616430144,0.7040699372991438,nan,nan,nan,10,44497,1571.8565645575275,1305.0601154801286,139.5,False
982,0.8881039537402629,0.7200082546088232,nan,nan,nan,10,43612,2235.3104689104753,1277.6601128885045,136.7,False
983,0.8590562573108798,0.7304002343549746,nan,nan,nan,10,54618,3607.806858997111,1622.3872415787725,171.2,False
984,0.8551322809612859,0.7331075080561265,nan,nan,nan,10,78822,4314.990219529073,2378.432648436173,246.8,False
985,0.9442898311532453,0.7005260106030484,nan,nan,nan,10,48288,2734.816080375427,1426.252267210457,151.5,False
986,0.9092063138168059,0.7110403778525041,nan,nan,nan,10,38957,2686.9271653292944,1133.3376703824508,122.2,False
987,0.8651548733935357,0.7269846086414133,nan,nan,nan,10,59319,2843.178857633619,1768.8097984244791,185.8,False
988,0.8173877948140281,0.7406302135958832,nan,nan,nan,10,42557,1765.7344675272184,1245.4138003893568,133.5,False
989,0.7724925988718012,0.7621506294004694,nan,nan,nan,10,23435,964.0601215815014,647.9037529331752,73.7,False
990,0.8505304217209979,0.7336444483578409,1.7509731960032238,0.5399745242020081,5.760205758336597,10,45428,2241.27984723351,1336.0984648659837,142.5,False
991,0.923706736009811,0.7132827857343443,nan,nan,nan,10,42732,1919.4404468972557,1250.7583730366055,134.0,False
992,0.8630381610927552,0.7298730515828379,nan,nan,nan,10,49784,2772.461664846809,1469.8511495377475,155.9,False
993,0.9393565166302902,0.70570730542442,nan,nan,nan,10,54439,3689.938864144753,1616.1748228009678,170.6,False
994,0.8627390908915312,0.7247636035828682,nan,nan,nan,10,52137,3692.704983918722,1544.0809068663762,163.3,False
995,0.9383091196050763,0.7029477625637826,nan,nan,nan,10,54482,1955.3855672155,1616.0641720753897,170.6,False
996,0.8789416528716582,0.7250938213332302,nan,nan,nan,10,51694,2270.795575093039,1530.1020304169444,161.9,False
997,0.8431555171263725,0.7342556925671826,nan,nan,nan,10,43873,2107.7914249273695,1285.4127685764206,137.5,False
998,0.867056125717799,0.7280214176440591,nan,nan,nan,10,39220,2620.185341486399,1139.9765224210707,122.9,False
999,0.8608910883277806,0.7299492385786802,nan,nan,nan,10,49250,3058.9372348120314,1453.3446276356794,154.3,False
1000,0.9649350198362533,0.6963914604194219,1.7559718053487043,0.5391128427993406,5.78907085925155,10,58223,3281.6622878898897,1734.0973283188566,182.4,True
