round,train_loss,train_accuracy,test_loss,test_accuracy,num_fit_clients,num_fit_examples,round_upload_bytes,round_download_bytes,round_local_steps,cumulative_upload_bytes,cumulative_download_bytes,cumulative_local_steps,run_completed
1,4.088379938247227,0.05549371919224042,nan,nan,20,6289,528296800,528296800,207,528296800,528296800,207,False
2,4.003310366770979,0.061121098218663183,nan,nan,20,6119,528296800,528296800,203,1056593600,1056593600,410,False
3,3.87088522256516,0.06894926967174493,nan,nan,20,6367,528296800,528296800,207,1584890400,1584890400,617,False
4,3.7927347674440886,0.06046747967479675,nan,nan,20,5904,528296800,528296800,196,2113187200,2113187200,813,False
5,3.743615802752166,0.06355296080066722,nan,nan,20,5995,528296800,528296800,197,2641484000,2641484000,1010,False
6,3.7140909223199876,0.05925206410879068,nan,nan,20,6177,528296800,528296800,202,3169780800,3169780800,1212,False
7,3.743178782327404,0.059154476772223116,nan,nan,20,6221,528296800,528296800,203,3698077600,3698077600,1415,False
8,3.7195427326252033,0.06226321858013507,nan,nan,20,6071,528296800,528296800,198,4226374400,4226374400,1613,False
9,3.7041935487392386,0.06348237448496871,nan,nan,20,6553,528296800,528296800,214,4754671200,4754671200,1827,False
10,3.7185031611218573,0.05907575035731301,3.7170447088124696,0.05907911070985216,20,6297,528296800,528296800,208,5282968000,5282968000,2035,False
11,3.7097461667400315,0.060409069288092594,nan,nan,20,6307,528296800,528296800,207,5811264800,5811264800,2242,False
12,3.7090198188965338,0.06698344573881054,nan,nan,20,6524,528296800,528296800,213,6339561600,6339561600,2455,False
13,3.724575751507777,0.054295850686410616,nan,nan,20,6483,528296800,528296800,211,6867858400,6867858400,2666,False
14,3.703745831942813,0.05773567884528642,nan,nan,20,6651,528296800,528296800,218,7396155200,7396155200,2884,False
15,3.7300040974646613,0.06133575647432985,nan,nan,20,6603,528296800,528296800,215,7924452000,7924452000,3099,False
16,3.713043467044906,0.05981278756147866,nan,nan,20,6303,528296800,528296800,207,8452748800,8452748800,3306,False
17,3.7029479735323627,0.06253918495297806,nan,nan,20,6380,528296800,528296800,208,8981045600,8981045600,3514,False
18,3.710518011452156,0.05544339183102966,nan,nan,20,6439,528296800,528296800,209,9509342400,9509342400,3723,False
19,3.7164513125999137,0.06385675804151482,nan,nan,20,6311,528296800,528296800,206,10037639200,10037639200,3929,False
20,3.7004884556922906,0.06187217935652933,3.7115448879988437,0.05907911070985216,20,6869,528296800,528296800,225,10565936000,10565936000,4154,False
21,3.6840307037805804,0.06526347668079951,nan,nan,20,6604,528296800,528296800,215,11094232800,11094232800,4369,False
22,3.6931626756487663,0.06889611394952778,nan,nan,20,6459,528296800,528296800,212,11622529600,11622529600,4581,False
23,3.7138461319508886,0.0668693009118541,nan,nan,20,6580,528296800,528296800,213,12150826400,12150826400,4794,False
24,3.7059213559710265,0.056624605678233436,nan,nan,20,6340,528296800,528296800,205,12679123200,12679123200,4999,False
25,3.7133307163832616,0.06273644388398487,nan,nan,20,6344,528296800,528296800,207,13207420000,13207420000,5206,False
26,3.6958606722124303,0.06774645693817162,nan,nan,20,6421,528296800,528296800,211,13735716800,13735716800,5417,False
27,3.718229063910034,0.06475976217258557,nan,nan,20,6223,528296800,528296800,203,14264013600,14264013600,5620,False
28,3.68817450096417,0.06654991243432574,nan,nan,20,6281,528296800,528296800,205,14792310400,14792310400,5825,False
29,3.7190714449023754,0.06321932241854433,nan,nan,20,6169,528296800,528296800,203,15320607200,15320607200,6028,False
30,3.7173700262302516,0.061436213324687954,3.7100498090276277,0.05907911070985216,20,6169,528296800,528296800,200,15848904000,15848904000,6228,False
31,3.6934082449078103,0.05949269792467333,nan,nan,20,6505,528296800,528296800,212,16377200800,16377200800,6440,False
32,3.708393910818114,0.06354896529248819,nan,nan,20,6137,528296800,528296800,201,16905497600,16905497600,6641,False
33,3.706050464960702,0.059927456237186566,nan,nan,20,6341,528296800,528296800,205,17433794400,17433794400,6846,False
34,3.7221795624924447,0.06147848253111411,nan,nan,20,6669,528296800,528296800,217,17962091200,17962091200,7063,False
35,3.701470614104063,0.05964852990875296,nan,nan,20,5918,528296800,528296800,196,18490388000,18490388000,7259,False
36,3.6941001290556774,0.06002574831026714,nan,nan,20,6214,528296800,528296800,203,19018684800,19018684800,7462,False
37,3.7008071854888964,0.06544293695131684,nan,nan,20,6265,528296800,528296800,205,19546981600,19546981600,7667,False
38,3.689442990084315,0.05851063829787234,nan,nan,20,6392,528296800,528296800,207,20075278400,20075278400,7874,False
39,3.695088286467329,0.05889051569871482,nan,nan,20,6147,528296800,528296800,202,20603575200,20603575200,8076,False
40,3.7153479757641743,0.060829927695693176,3.7035601315575306,0.05907911070985216,20,6362,528296800,528296800,209,21131872000,21131872000,8285,False
41,3.703478670290644,0.06696706028589186,nan,nan,20,6436,528296800,528296800,210,21660168800,21660168800,8495,False
42,3.7109249954192696,0.06293592862935929,nan,nan,20,6165,528296800,528296800,203,22188465600,22188465600,8698,False
43,3.7085571818963454,0.059969088098918086,nan,nan,20,6470,528296800,528296800,213,22716762400,22716762400,8911,False
44,3.716261963756122,0.05863758495337443,nan,nan,20,6327,528296800,528296800,206,23245059200,23245059200,9117,False
45,3.716305316236167,0.06050792568604057,nan,nan,20,5867,528296800,528296800,191,23773356000,23773356000,9308,False
46,3.698912723344347,0.06913734039240112,nan,nan,20,6422,528296800,528296800,208,24301652800,24301652800,9516,False
47,3.7042575861560363,0.0655533010769471,nan,nan,20,6407,528296800,528296800,211,24829949600,24829949600,9727,False
48,3.7011281402613925,0.05736106597335067,nan,nan,20,6154,528296800,528296800,202,25358246400,25358246400,9929,False
49,3.701237618799388,0.06758268093944719,nan,nan,20,6259,528296800,528296800,204,25886543200,25886543200,10133,False
50,3.6713699332298746,0.07459207459207459,3.70184993485594,0.05907911070985216,20,6435,528296800,528296800,213,26414840000,26414840000,10346,False
51,3.705647654474998,0.06661224489795918,nan,nan,20,6125,528296800,528296800,203,26943136800,26943136800,10549,False
52,3.6722194185931096,0.06642291285801341,nan,nan,20,6564,528296800,528296800,215,27471433600,27471433600,10764,False
53,3.675597799874537,0.06691094471881472,nan,nan,20,6277,528296800,528296800,207,27999730400,27999730400,10971,False
54,3.657872396718788,0.06938325991189427,nan,nan,20,6356,528296800,528296800,209,28528027200,28528027200,11180,False
55,3.6837554040717477,0.06903293728380208,nan,nan,20,6649,528296800,528296800,219,29056324000,29056324000,11399,False
56,3.6768962480915603,0.06983112733911456,nan,nan,20,6573,528296800,528296800,214,29584620800,29584620800,11613,False
57,3.6960200145280075,0.06152817254639693,nan,nan,20,5981,528296800,528296800,196,30112917600,30112917600,11809,False
58,3.684111785301086,0.06301669006395258,nan,nan,20,6411,528296800,528296800,211,30641214400,30641214400,12020,False
59,3.6771439719434427,0.0731555139603806,nan,nan,20,6411,528296800,528296800,208,31169511200,31169511200,12228,False
60,3.705525751854553,0.06711512001223055,3.6963440032242625,0.05924839182936463,20,6541,528296800,528296800,212,31697808000,31697808000,12440,False
61,3.6839373218785427,0.07070063694267516,nan,nan,20,6280,528296800,528296800,206,32226104800,32226104800,12646,False
62,3.6816487713702712,0.06618473895582329,nan,nan,20,6225,528296800,528296800,205,32754401600,32754401600,12851,False
63,3.690343578744958,0.06518282988871224,nan,nan,20,6290,528296800,528296800,205,33282698400,33282698400,13056,False
64,3.698322045106178,0.06448461162677088,nan,nan,20,6141,528296800,528296800,200,33810995200,33810995200,13256,False
65,3.6699466431207712,0.06421136909527622,nan,nan,20,6245,528296800,528296800,205,34339292000,34339292000,13461,False
66,3.6618992272506357,0.07344545594815614,nan,nan,20,6481,528296800,528296800,211,34867588800,34867588800,13672,False
67,3.679917394869767,0.06722556153116102,nan,nan,20,6322,528296800,528296800,208,35395885600,35395885600,13880,False
68,3.688730589197738,0.06785085613698191,nan,nan,20,6249,528296800,528296800,204,35924182400,35924182400,14084,False
69,3.676488023358865,0.0638812711727698,nan,nan,20,6199,528296800,528296800,201,36452479200,36452479200,14285,False
70,3.6894136390140533,0.06967076820751579,3.6896263788118007,0.05907911070985216,20,6014,528296800,528296800,198,36980776000,36980776000,14483,False
71,3.683875844283256,0.06248022777602025,nan,nan,20,6322,528296800,528296800,207,37509072800,37509072800,14690,False
72,3.680164006582911,0.06955693187232015,nan,nan,20,6297,528296800,528296800,208,38037369600,38037369600,14898,False
73,3.67020369676387,0.07421036491873659,nan,nan,20,6522,528296800,528296800,213,38565666400,38565666400,15111,False
74,3.6725673366763645,0.06403940886699508,nan,nan,20,6293,528296800,528296800,205,39093963200,39093963200,15316,False
75,3.6455993751467446,0.06547719239185322,nan,nan,20,5941,528296800,528296800,196,39622260000,39622260000,15512,False
76,3.7016920376507167,0.06349723217193097,nan,nan,20,6142,528296800,528296800,202,40150556800,40150556800,15714,False
77,3.691459954298525,0.06860673061290846,nan,nan,20,6151,528296800,528296800,201,40678853600,40678853600,15915,False
78,3.681187706378237,0.06782202966172304,nan,nan,20,6001,528296800,528296800,196,41207150400,41207150400,16111,False
79,3.6760313269004268,0.07569211073771803,nan,nan,20,6249,528296800,528296800,205,41735447200,41735447200,16316,False
80,3.69168913298118,0.07491004252535165,3.6854638594857807,0.05907911070985216,20,6114,528296800,528296800,198,42263744000,42263744000,16514,False
81,3.665520785126603,0.07576003901804584,nan,nan,20,6151,528296800,528296800,203,42792040800,42792040800,16717,False
82,3.6820776727911873,0.06704948488431008,nan,nan,20,5921,528296800,528296800,194,43320337600,43320337600,16911,False
83,3.6934782976987703,0.06792750197005516,nan,nan,20,6345,528296800,528296800,208,43848634400,43848634400,17119,False
84,3.6743869480894626,0.06671016147447398,nan,nan,20,6131,528296800,528296800,203,44376931200,44376931200,17322,False
85,3.6266306844514964,0.07740484984743858,nan,nan,20,6227,528296800,528296800,205,44905228000,44905228000,17527,False
86,3.6952983481036483,0.06799310668964437,nan,nan,20,6383,528296800,528296800,210,45433524800,45433524800,17737,False
87,3.6886182719000615,0.0665258711721225,nan,nan,20,6629,528296800,528296800,217,45961821600,45961821600,17954,False
88,3.670310579771413,0.06685633001422475,nan,nan,20,6327,528296800,528296800,208,46490118400,46490118400,18162,False
89,3.64786828138516,0.07257556675062972,nan,nan,20,6352,528296800,528296800,206,47018415200,47018415200,18368,False
90,3.6442060831572194,0.07351097178683386,3.671683096748458,0.056427039837490124,20,6380,528296800,528296800,207,47546712000,47546712000,18575,False
91,3.6604461505190726,0.06393944274440329,nan,nan,20,6209,528296800,528296800,203,48075008800,48075008800,18778,False
92,3.630032309466738,0.08662662029718622,nan,nan,20,6326,528296800,528296800,208,48603305600,48603305600,18986,False
93,3.6588882353914682,0.07599171578779672,nan,nan,20,6277,528296800,528296800,205,49131602400,49131602400,19191,False
94,3.6527513891497265,0.0885890767230169,nan,nan,20,6152,528296800,528296800,202,49659899200,49659899200,19393,False
95,3.6767420484099573,0.07659643965376449,nan,nan,20,6123,528296800,528296800,197,50188196000,50188196000,19590,False
96,3.6427731641736067,0.09001797091978435,nan,nan,20,6121,528296800,528296800,200,50716492800,50716492800,19790,False
97,3.6283187333013553,0.07869362363919129,nan,nan,20,6430,528296800,528296800,211,51244789600,51244789600,20001,False
98,3.6460261233630002,0.08429909509445944,nan,nan,20,6299,528296800,528296800,204,51773086400,51773086400,20205,False
99,3.644634925010498,0.07845618475166087,nan,nan,20,6322,528296800,528296800,207,52301383200,52301383200,20412,False
100,3.653549043109321,0.06792452830188679,3.6560946633941955,0.12351879020426589,20,6095,528296800,528296800,201,52829680000,52829680000,20613,False
101,3.627267668491708,0.08090812128599725,nan,nan,20,6563,528296800,528296800,215,53357976800,53357976800,20828,False
102,3.6308792511109385,0.07161290322580645,nan,nan,20,6200,528296800,528296800,203,53886273600,53886273600,21031,False
103,3.659262043233921,0.07817435249526217,nan,nan,20,6332,528296800,528296800,207,54414570400,54414570400,21238,False
104,3.6567576514606612,0.0705407586763519,nan,nan,20,6195,528296800,528296800,204,54942867200,54942867200,21442,False
105,3.647459332761068,0.07481542247744052,nan,nan,20,6095,528296800,528296800,201,55471164000,55471164000,21643,False
106,3.6320932436548055,0.07710576314122862,nan,nan,20,6316,528296800,528296800,206,55999460800,55999460800,21849,False
107,3.6097949724052776,0.08619313647246608,nan,nan,20,6265,528296800,528296800,205,56527757600,56527757600,22054,False
108,3.61455639513024,0.08978675645342311,nan,nan,20,6237,528296800,528296800,204,57056054400,57056054400,22258,False
109,3.6452943698032616,0.08489046391752578,nan,nan,20,6208,528296800,528296800,202,57584351200,57584351200,22460,False
110,3.6222425685303676,0.08323995517848568,3.638028801543599,0.09919873603430764,20,6247,528296800,528296800,205,58112648000,58112648000,22665,False
111,3.6394201330762597,0.08164689462665736,nan,nan,20,5732,528296800,528296800,188,58640944800,58640944800,22853,False
112,3.6168963012594704,0.08677896886166411,nan,nan,20,5877,528296800,528296800,193,59169241600,59169241600,23046,False
113,3.63292096596683,0.091996891996892,nan,nan,20,6435,528296800,528296800,210,59697538400,59697538400,23256,False
114,3.6244338008563246,0.08041270881100557,nan,nan,20,6106,528296800,528296800,203,60225835200,60225835200,23459,False
115,3.627701421378036,0.0994949494949495,nan,nan,20,5940,528296800,528296800,198,60754132000,60754132000,23657,False
116,3.601391798576425,0.09505999688327879,nan,nan,20,6417,528296800,528296800,209,61282428800,61282428800,23866,False
117,3.6071418360824783,0.08370245914159156,nan,nan,20,6547,528296800,528296800,215,61810725600,61810725600,24081,False
118,3.589266016512032,0.09911646586345381,nan,nan,20,6225,528296800,528296800,204,62339022400,62339022400,24285,False
119,3.5776637928091866,0.09370445934129991,nan,nan,20,6862,528296800,528296800,224,62867319200,62867319200,24509,False
120,3.586449959138045,0.09873292743129834,3.6047714420882992,0.14710529285633675,20,6077,528296800,528296800,197,63395616000,63395616000,24706,False
121,3.563616103213363,0.1095547036272486,nan,nan,20,6782,528296800,528296800,220,63923912800,63923912800,24926,False
122,3.5577328503131866,0.09942493946731235,nan,nan,20,6608,528296800,528296800,216,64452209600,64452209600,25142,False
123,3.5585324606499924,0.10484257631452773,nan,nan,20,6257,528296800,528296800,206,64980506400,64980506400,25348,False
124,3.5708843843637146,0.09870740305522914,nan,nan,20,5957,528296800,528296800,196,65508803200,65508803200,25544,False
125,3.5670652763531354,0.10645836688677726,nan,nan,20,6209,528296800,528296800,203,66037100000,66037100000,25747,False
126,3.5630960663520272,0.09998350107243029,nan,nan,20,6061,528296800,528296800,199,66565396800,66565396800,25946,False
127,3.5586758316487823,0.10139133216056292,nan,nan,20,6253,528296800,528296800,207,67093693600,67093693600,26153,False
128,3.5488837251377827,0.11229858599145018,nan,nan,20,6082,528296800,528296800,201,67621990400,67621990400,26354,False
129,3.55032948973733,0.11565808184547322,nan,nan,20,6329,528296800,528296800,207,68150287200,68150287200,26561,False
130,3.5029565865724233,0.11772625280478684,3.5532354749684516,0.14817740661324907,20,6685,528296800,528296800,220,68678584000,68678584000,26781,False
131,3.4932665031226144,0.12190221031480242,nan,nan,20,5972,528296800,528296800,196,69206880800,69206880800,26977,False
132,3.531989274443322,0.1186359269932757,nan,nan,20,6246,528296800,528296800,206,69735177600,69735177600,27183,False
133,3.51268247719967,0.10978354978354979,nan,nan,20,5775,528296800,528296800,191,70263474400,70263474400,27374,False
134,3.491296766259646,0.12658629441624367,nan,nan,20,6304,528296800,528296800,206,70791771200,70791771200,27580,False
135,3.4850894689442278,0.1314360914624116,nan,nan,20,6079,528296800,528296800,198,71320068000,71320068000,27778,False
136,3.5282407348752707,0.12177061049860129,nan,nan,20,6077,528296800,528296800,199,71848364800,71848364800,27977,False
137,3.513021699650323,0.12147120503306985,nan,nan,20,6199,528296800,528296800,204,72376661600,72376661600,28181,False
138,3.4731571913027377,0.12552957790679428,nan,nan,20,6373,528296800,528296800,208,72904958400,72904958400,28389,False
139,3.4621179878541732,0.13972684976737204,nan,nan,20,6663,528296800,528296800,217,73433255200,73433255200,28606,False
140,3.4570565086248903,0.13510880155894772,3.4659654549289916,0.19422187112064102,20,6158,528296800,528296800,203,73961552000,73961552000,28809,False
141,3.4363795575109433,0.14104967197750704,nan,nan,20,6402,528296800,528296800,210,74489848800,74489848800,29019,False
142,3.39610797959256,0.1527886267770661,nan,nan,20,6401,528296800,528296800,209,75018145600,75018145600,29228,False
143,3.426971245628239,0.1485557083906465,nan,nan,20,6543,528296800,528296800,215,75546442400,75546442400,29443,False
144,3.4309373101133223,0.1476831091180867,nan,nan,20,6690,528296800,528296800,220,76074739200,76074739200,29663,False
145,3.410814066910859,0.13995943204868155,nan,nan,20,6409,528296800,528296800,210,76603036000,76603036000,29873,False
146,3.4109118788635135,0.15019157088122606,nan,nan,20,6525,528296800,528296800,213,77131332800,77131332800,30086,False
147,3.3665807913785333,0.16087780233659615,nan,nan,20,6334,528296800,528296800,207,77659629600,77659629600,30293,False
148,3.3694112364797184,0.1501462463438414,nan,nan,20,6154,528296800,528296800,201,78187926400,78187926400,30494,False
149,3.345219798164886,0.16614024005053696,nan,nan,20,6332,528296800,528296800,206,78716223200,78716223200,30700,False
150,3.3632982412605683,0.16156265518953816,3.3324370216588757,0.21560771921904978,20,6041,528296800,528296800,197,79244520000,79244520000,30897,False
151,3.343612788142064,0.17485400206114737,nan,nan,20,5822,528296800,528296800,192,79772816800,79772816800,31089,False
152,3.304674044965555,0.1757188498402556,nan,nan,20,6573,528296800,528296800,215,80301113600,80301113600,31304,False
153,3.2403225387652856,0.19640834816372754,nan,nan,20,6181,528296800,528296800,204,80829410400,80829410400,31508,False
154,3.2509634025588707,0.19303124488794374,nan,nan,20,6113,528296800,528296800,201,81357707200,81357707200,31709,False
155,3.270565247028432,0.17793538219070135,nan,nan,20,6345,528296800,528296800,207,81886004000,81886004000,31916,False
156,3.21756578991887,0.20547271833524497,nan,nan,20,6103,528296800,528296800,201,82414300800,82414300800,32117,False
157,3.220525395054155,0.20262235096813538,nan,nan,20,6559,528296800,528296800,214,82942597600,82942597600,32331,False
158,3.18913449261439,0.21369649805447472,nan,nan,20,6425,528296800,528296800,212,83470894400,83470894400,32543,False
159,3.2022446749754896,0.1986111111111111,nan,nan,20,6480,528296800,528296800,212,83999191200,83999191200,32755,False
160,3.2324944759801855,0.19470136385013326,3.1592132441414464,0.2422412820223451,20,6379,528296800,528296800,209,84527488000,84527488000,32964,False
161,3.1419350407575037,0.20910973084886128,nan,nan,20,6279,528296800,528296800,207,85055784800,85055784800,33171,False
162,3.113142526450957,0.22180769882991352,nan,nan,20,5897,528296800,528296800,193,85584081600,85584081600,33364,False
163,3.1327337523672116,0.22543532338308458,nan,nan,20,6432,528296800,528296800,209,86112378400,86112378400,33573,False
164,3.073304122265971,0.23368490441661174,nan,nan,20,6068,528296800,528296800,199,86640675200,86640675200,33772,False
165,3.02314657254416,0.22946219797349962,nan,nan,20,6415,528296800,528296800,214,87168972000,87168972000,33986,False
166,2.995229847881307,0.2535211267605634,nan,nan,20,6319,528296800,528296800,209,87697268800,87697268800,34195,False
167,3.037710051775018,0.24123608572852634,nan,nan,20,6019,528296800,528296800,197,88225565600,88225565600,34392,False
168,2.9609426212741066,0.26409925878182405,nan,nan,20,6206,528296800,528296800,203,88753862400,88753862400,34595,False
169,2.95439967107347,0.2569324768917437,nan,nan,20,6383,528296800,528296800,209,89282159200,89282159200,34804,False
170,2.9581144600245306,0.2682080924855491,2.941262077954267,0.2713012075386525,20,6055,528296800,528296800,198,89810456000,89810456000,35002,False
171,2.875792407716349,0.28456417402074624,nan,nan,20,6459,528296800,528296800,213,90338752800,90338752800,35215,False
172,2.965859989725737,0.25644631973745896,nan,nan,20,6399,528296800,528296800,209,90867049600,90867049600,35424,False
173,2.8253630869875064,0.2953599048185604,nan,nan,20,6724,528296800,528296800,222,91395346400,91395346400,35646,False
174,2.805224071207037,0.293488824101069,nan,nan,20,6174,528296800,528296800,202,91923643200,91923643200,35848,False
175,2.863124292136125,0.2859220947147244,nan,nan,20,6187,528296800,528296800,205,92451940000,92451940000,36053,False
176,2.8019490166252674,0.29515050167224083,nan,nan,20,5980,528296800,528296800,196,92980236800,92980236800,36249,False
177,2.7603933712958515,0.31613949716139494,nan,nan,20,6165,528296800,528296800,199,93508533600,93508533600,36448,False
178,2.74617088988592,0.31080452643001083,nan,nan,20,6451,528296800,528296800,210,94036830400,94036830400,36658,False
179,2.7460515219230706,0.31190955552113986,nan,nan,20,6457,528296800,528296800,213,94565127200,94565127200,36871,False
180,2.711556366328818,0.32655759378615107,2.7110150317254607,0.3462363164428394,20,6051,528296800,528296800,198,95093424000,95093424000,37069,False
181,2.6720390084573604,0.3346456692913386,nan,nan,20,6096,528296800,528296800,198,95621720800,95621720800,37267,False
182,2.708387409538682,0.32007952286282304,nan,nan,20,6036,528296800,528296800,199,96150017600,96150017600,37466,False
183,2.595844714715054,0.351235886481538,nan,nan,20,6554,528296800,528296800,215,96678314400,96678314400,37681,False
184,2.5669417072869436,0.3685795814838301,nan,nan,20,6308,528296800,528296800,208,97206611200,97206611200,37889,False
185,2.5685898755899466,0.3495366607055763,nan,nan,20,6151,528296800,528296800,201,97734908000,97734908000,38090,False
186,2.4947121529720997,0.3674426123504688,nan,nan,20,6186,528296800,528296800,203,98263204800,98263204800,38293,False
187,2.5195686557642434,0.3668763102725367,nan,nan,20,6201,528296800,528296800,205,98791501600,98791501600,38498,False
188,2.5249057048506622,0.3588116973541699,nan,nan,20,6463,528296800,528296800,211,99319798400,99319798400,38709,False
189,2.468740538595269,0.38712267180475274,nan,nan,20,6228,528296800,528296800,204,99848095200,99848095200,38913,False
190,2.58625802492386,0.3503844867937145,2.4952125410747885,0.3886130233607945,20,5982,528296800,528296800,195,100376392000,100376392000,39108,False
191,2.4651547060233567,0.37534158495418746,nan,nan,20,6221,528296800,528296800,203,100904688800,100904688800,39311,False
192,2.4138287964814937,0.38493788819875774,nan,nan,20,6440,528296800,528296800,210,101432985600,101432985600,39521,False
193,2.4457533283749733,0.38490853658536583,nan,nan,20,6560,528296800,528296800,217,101961282400,101961282400,39738,False
194,2.3877276453675265,0.4025518341307815,nan,nan,20,6270,528296800,528296800,202,102489579200,102489579200,39940,False
195,2.3475735364722827,0.40278699402786994,nan,nan,20,6028,528296800,528296800,197,103017876000,103017876000,40137,False
196,2.34306039343387,0.4191798308600606,nan,nan,20,6267,528296800,528296800,206,103546172800,103546172800,40343,False
197,2.325045513704819,0.4147126436781609,nan,nan,20,6525,528296800,528296800,215,104074469600,104074469600,40558,False
198,2.3113189633343243,0.41482098251457117,nan,nan,20,6005,528296800,528296800,196,104602766400,104602766400,40754,False
199,2.3404097383847304,0.4072739749528221,nan,nan,20,5829,528296800,528296800,192,105131063200,105131063200,40946,False
200,2.3441722820277717,0.4077770130763937,2.3461199502026897,0.41462588872587747,20,5812,528296800,528296800,192,105659360000,105659360000,41138,False
201,2.2691853555032058,0.4214411811908201,nan,nan,20,6231,528296800,528296800,205,106187656800,106187656800,41343,False
202,2.3616863684960037,0.3948443885570575,nan,nan,20,6362,528296800,528296800,207,106715953600,106715953600,41550,False
203,2.2865488492895856,0.41255989048596853,nan,nan,20,5844,528296800,528296800,192,107244250400,107244250400,41742,False
204,2.2844325654512403,0.41742605915267783,nan,nan,20,6255,528296800,528296800,206,107772547200,107772547200,41948,False
205,2.273745124493352,0.4191726200365509,nan,nan,20,6019,528296800,528296800,198,108300844000,108300844000,42146,False
206,2.1866846620700415,0.4542606516290727,nan,nan,20,6384,528296800,528296800,208,108829140800,108829140800,42354,False
207,2.1996054465036976,0.4367929168716183,nan,nan,20,6099,528296800,528296800,199,109357437600,109357437600,42553,False
208,2.212769810529509,0.42908321120338705,nan,nan,20,6141,528296800,528296800,202,109885734400,109885734400,42755,False
209,2.162574248498045,0.44581127374649643,nan,nan,20,6422,528296800,528296800,209,110414031200,110414031200,42964,False
210,2.1285984937013582,0.47237803841577425,2.2284598096527453,0.4377045480194109,20,5883,528296800,528296800,193,110942328000,110942328000,43157,False
211,2.2130766900774006,0.4440894568690096,nan,nan,20,6260,528296800,528296800,208,111470624800,111470624800,43365,False
212,2.172250410496125,0.4417704476607203,nan,nan,20,5942,528296800,528296800,195,111998921600,111998921600,43560,False
213,2.10370345438816,0.452576203001702,nan,nan,20,6463,528296800,528296800,213,112527218400,112527218400,43773,False
214,2.135348334584601,0.4531275925004148,nan,nan,20,6027,528296800,528296800,198,113055515200,113055515200,43971,False
215,2.056230048437833,0.48058017727639,nan,nan,20,6205,528296800,528296800,204,113583812000,113583812000,44175,False
216,2.154758011602116,0.44311926605504587,nan,nan,20,6540,528296800,528296800,214,114112108800,114112108800,44389,False
217,1.9565650984577576,0.5074452066253974,nan,nan,20,5977,528296800,528296800,197,114640405600,114640405600,44586,False
218,2.041146622560462,0.4765714285714286,nan,nan,20,6125,528296800,528296800,201,115168702400,115168702400,44787,False
219,1.9796125214960583,0.48412575499457955,nan,nan,20,6457,528296800,528296800,210,115696999200,115696999200,44997,False
220,1.96608718864117,0.49128127369219105,2.0853186286662155,0.46710303577474327,20,6595,528296800,528296800,216,116225296000,116225296000,45213,False
221,2.009532558628865,0.4863979023271059,nan,nan,20,6102,528296800,528296800,201,116753592800,116753592800,45414,False
222,1.9464625081877864,0.49748110831234255,nan,nan,20,6352,528296800,528296800,207,117281889600,117281889600,45621,False
223,2.047291588202566,0.47137936690175497,nan,nan,20,6097,528296800,528296800,200,117810186400,117810186400,45821,False
224,1.9093056487073647,0.5104233483001924,nan,nan,20,6236,528296800,528296800,204,118338483200,118338483200,46025,False
225,1.9707176438574678,0.49583970113771436,nan,nan,20,5889,528296800,528296800,195,118866780000,118866780000,46220,False
226,1.967638542404151,0.4866854636591479,nan,nan,20,6384,528296800,528296800,209,119395076800,119395076800,46429,False
227,1.9545929571258203,0.48854961832061067,nan,nan,20,6288,528296800,528296800,205,119923373600,119923373600,46634,False
228,1.9895026983650732,0.4844101575056252,nan,nan,20,6222,528296800,528296800,204,120451670400,120451670400,46838,False
229,1.9051765676946526,0.5036803364879074,nan,nan,20,6657,528296800,528296800,215,120979967200,120979967200,47053,False
230,2.0115742194417274,0.4768092105263158,1.9854021276339036,0.4891660083512019,20,6080,528296800,528296800,198,121508264000,121508264000,47251,False
231,1.8651017697110264,0.5250234594932749,nan,nan,20,6394,528296800,528296800,210,122036560800,122036560800,47461,False
232,1.9616062297163288,0.49843603378167034,nan,nan,20,6394,528296800,528296800,210,122564857600,122564857600,47671,False
233,1.859509806213202,0.5139005897219882,nan,nan,20,5935,528296800,528296800,197,123093154400,123093154400,47868,False
234,1.8765144016461874,0.5081596380675392,nan,nan,20,6189,528296800,528296800,203,123621451200,123621451200,48071,False
235,1.8496885474441267,0.5239137756820478,nan,nan,20,5938,528296800,528296800,194,124149748000,124149748000,48265,False
236,1.8062099314091973,0.5339021788816091,nan,nan,20,6563,528296800,528296800,215,124678044800,124678044800,48480,False
237,1.8146553534987706,0.5253815010900031,nan,nan,20,6422,528296800,528296800,209,125206341600,125206341600,48689,False
238,1.8816443984039435,0.5119705340699816,nan,nan,20,6516,528296800,528296800,217,125734638400,125734638400,48906,False
239,1.7709696054244917,0.5403346280250971,nan,nan,20,6694,528296800,528296800,218,126262935200,126262935200,49124,False
240,1.8217582514361579,0.529692724088521,1.9165469432116604,0.49796862656585034,20,6281,528296800,528296800,206,126791232000,126791232000,49330,False
241,1.803777682339636,0.5227307515689577,nan,nan,20,6533,528296800,528296800,215,127319528800,127319528800,49545,False
242,1.8386325843989713,0.5194211728865195,nan,nan,20,6565,528296800,528296800,215,127847825600,127847825600,49760,False
243,1.748734008139872,0.5344458052663809,nan,nan,20,6532,528296800,528296800,213,128376122400,128376122400,49973,False
244,1.796681403492412,0.5250651540702131,nan,nan,20,6523,528296800,528296800,214,128904419200,128904419200,50187,False
245,1.7521721378008845,0.5500672043010753,nan,nan,20,5952,528296800,528296800,197,129432716000,129432716000,50384,False
246,1.7630235533143979,0.5372118211356955,nan,nan,20,6463,528296800,528296800,210,129961012800,129961012800,50594,False
247,1.7486251262610077,0.546323875215551,nan,nan,20,6379,528296800,528296800,209,130489309600,130489309600,50803,False
248,1.734624368943409,0.5495665878644602,nan,nan,20,6345,528296800,528296800,207,131017606400,131017606400,51010,False
249,1.7031829035993142,0.5546088303640588,nan,nan,20,6455,528296800,528296800,212,131545903200,131545903200,51222,False
250,1.7618536434369694,0.5370906321401371,1.8435447062263235,0.5165331226723846,20,6565,528296800,528296800,216,132074200000,132074200000,51438,False
251,1.751027319772658,0.5375356350966107,nan,nan,20,6314,528296800,528296800,207,132602496800,132602496800,51645,False
252,1.7317325060982858,0.545,nan,nan,20,6200,528296800,528296800,205,133130793600,133130793600,51850,False
253,1.6509157445674638,0.5562954932631253,nan,nan,20,6457,528296800,528296800,213,133659090400,133659090400,52063,False
254,1.7006210032303877,0.5539602398232881,nan,nan,20,6338,528296800,528296800,206,134187387200,134187387200,52269,False
255,1.6526893724851408,0.5633824670287044,nan,nan,20,6445,528296800,528296800,212,134715684000,134715684000,52481,False
256,1.6793998266891368,0.5640726545575737,nan,nan,20,6001,528296800,528296800,198,135243980800,135243980800,52679,False
257,1.5817460811172463,0.5789894467540774,nan,nan,20,6254,528296800,528296800,207,135772277600,135772277600,52886,False
258,1.6872041544421785,0.5574588391817729,nan,nan,20,6013,528296800,528296800,197,136300574400,136300574400,53083,False
259,1.5001589253557863,0.608498831775701,nan,nan,20,6848,528296800,528296800,222,136828871200,136828871200,53305,False
260,1.6907377028858905,0.5509873745548721,1.7573947185937822,0.5327276831057443,20,6178,528296800,528296800,203,137357168000,137357168000,53508,False
261,1.6351377795289226,0.5587332363871385,nan,nan,20,6189,528296800,528296800,203,137885464800,137885464800,53711,False
262,1.5724945081377701,0.5893868306099337,nan,nan,20,6181,528296800,528296800,203,138413761600,138413761600,53914,False
263,1.5943380245836385,0.5824007358577342,nan,nan,20,6523,528296800,528296800,214,138942058400,138942058400,54128,False
264,1.6055441693034564,0.5705147277595953,nan,nan,20,6722,528296800,528296800,219,139470355200,139470355200,54347,False
265,1.5683454499866918,0.5950625200384738,nan,nan,20,6238,528296800,528296800,204,139998652000,139998652000,54551,False
266,1.5854958387536084,0.5818325434439179,nan,nan,20,6330,528296800,528296800,205,140526948800,140526948800,54756,False
267,1.6130901456377034,0.5759717314487632,nan,nan,20,6226,528296800,528296800,203,141055245600,141055245600,54959,False
268,1.4630847021088491,0.6203288490284006,nan,nan,20,6021,528296800,528296800,199,141583542400,141583542400,55158,False
269,1.5006443893414623,0.6016603773584905,nan,nan,20,6625,528296800,528296800,216,142111839200,142111839200,55374,False
270,1.71601597533689,0.5458792125458792,1.697255699767201,0.5495993680171538,20,5994,528296800,528296800,199,142640136000,142640136000,55573,False
271,1.5921169342002783,0.5844381313131313,nan,nan,20,6336,528296800,528296800,206,143168432800,143168432800,55779,False
272,1.6244012485288304,0.5682049541907024,nan,nan,20,5894,528296800,528296800,195,143696729600,143696729600,55974,False
273,1.5937722584643295,0.5848293708555717,nan,nan,20,6183,528296800,528296800,202,144225026400,144225026400,56176,False
274,1.5608105135551722,0.5773597145637366,nan,nan,20,6166,528296800,528296800,202,144753323200,144753323200,56378,False
275,1.578972059650022,0.583360575351422,nan,nan,20,6118,528296800,528296800,199,145281620000,145281620000,56577,False
276,1.648464672650428,0.5587124322548859,nan,nan,20,6089,528296800,528296800,200,145809916800,145809916800,56777,False
277,1.4107875046926293,0.6213252820594312,nan,nan,20,6293,528296800,528296800,206,146338213600,146338213600,56983,False
278,1.549581745225811,0.5859290252595692,nan,nan,20,6453,528296800,528296800,212,146866510400,146866510400,57195,False
279,1.4978595155544168,0.60637157298208,nan,nan,20,6529,528296800,528296800,212,147394807200,147394807200,57407,False
280,1.6481356038752368,0.5652311090077299,1.6606998588495068,0.5519693036903284,20,6339,528296800,528296800,207,147923104000,147923104000,57614,False
281,1.6225589138542804,0.5678119349005425,nan,nan,20,6083,528296800,528296800,199,148451400800,148451400800,57813,False
282,1.6310071594115951,0.5692081151832461,nan,nan,20,6112,528296800,528296800,200,148979697600,148979697600,58013,False
283,1.4968866868921131,0.6069478155339806,nan,nan,20,6592,528296800,528296800,216,149507994400,149507994400,58229,False
284,1.4445025891679841,0.6187819618781962,nan,nan,20,6453,528296800,528296800,210,150036291200,150036291200,58439,False
285,1.5327001576294872,0.5895154884829229,nan,nan,20,6295,528296800,528296800,207,150564588000,150564588000,58646,False
286,1.528600839920683,0.596476786302272,nan,nan,20,6074,528296800,528296800,201,151092884800,151092884800,58847,False
287,1.4305331711779397,0.6250385445575085,nan,nan,20,6486,528296800,528296800,212,151621181600,151621181600,59059,False
288,1.4577177365652474,0.6177170979520559,nan,nan,20,6299,528296800,528296800,204,152149478400,152149478400,59263,False
289,1.5463398585619128,0.5896112276173576,nan,nan,20,6199,528296800,528296800,203,152677775200,152677775200,59466,False
290,1.4409389525661487,0.6154216094902212,1.5806640489767885,0.5801828236090735,20,6238,528296800,528296800,205,153206072000,153206072000,59671,False
291,1.4441074573518928,0.6146866072928919,nan,nan,20,5951,528296800,528296800,195,153734368800,153734368800,59866,False
292,1.3438068641027843,0.6303539679974139,nan,nan,20,6187,528296800,528296800,201,154262665600,154262665600,60067,False
293,1.3863105305063625,0.6334812935954344,nan,nan,20,6308,528296800,528296800,207,154790962400,154790962400,60274,False
294,1.3057609679467521,0.6504138449962378,nan,nan,20,6645,528296800,528296800,216,155319259200,155319259200,60490,False
295,1.3597972429098695,0.6418887330528285,nan,nan,20,6417,528296800,528296800,209,155847556000,155847556000,60699,False
296,1.4602442581691837,0.6069345430978613,nan,nan,20,6172,528296800,528296800,202,156375852800,156375852800,60901,False
297,1.3306247142665997,0.6408536585365854,nan,nan,20,6560,528296800,528296800,215,156904149600,156904149600,61116,False
298,1.4188191784496837,0.6136012364760433,nan,nan,20,6470,528296800,528296800,211,157432446400,157432446400,61327,False
299,1.3767081263304248,0.6338451796738959,nan,nan,20,6317,528296800,528296800,208,157960743200,157960743200,61535,False
300,1.410141990600988,0.6222602207368257,1.5383535293811144,0.5898882744611218,20,6433,528296800,528296800,212,158489040000,158489040000,61747,False
301,1.4080091330828448,0.6158971918134222,nan,nan,20,6303,528296800,528296800,205,159017336800,159017336800,61952,False
302,1.302309006952876,0.6489176805182493,nan,nan,20,6329,528296800,528296800,207,159545633600,159545633600,62159,False
303,1.4177405299875927,0.6158546138179539,nan,nan,20,6383,528296800,528296800,210,160073930400,160073930400,62369,False
304,1.3727091601148824,0.6351135273425008,nan,nan,20,6254,528296800,528296800,205,160602227200,160602227200,62574,False
305,1.4017198577367909,0.6278726198292843,nan,nan,20,6092,528296800,528296800,201,161130524000,161130524000,62775,False
306,1.344416551468463,0.640165368103037,nan,nan,20,6289,528296800,528296800,206,161658820800,161658820800,62981,False
307,1.3301693925835212,0.6402257407117103,nan,nan,20,6379,528296800,528296800,210,162187117600,162187117600,63191,False
308,1.3532281332280942,0.6316592886582201,nan,nan,20,6551,528296800,528296800,215,162715414400,162715414400,63406,False
309,1.4289095727260617,0.6177102263340493,nan,nan,20,6053,528296800,528296800,197,163243711200,163243711200,63603,False
310,1.4267563410859725,0.6257931472081218,1.4708779768028428,0.6058571267351315,20,6304,528296800,528296800,205,163772008000,163772008000,63808,False
311,1.36844169099776,0.6356952917253246,nan,nan,20,6393,528296800,528296800,209,164300304800,164300304800,64017,False
312,1.2396246294643898,0.6677549751243781,nan,nan,20,6432,528296800,528296800,209,164828601600,164828601600,64226,False
313,1.3768912147433248,0.6378579901711574,nan,nan,20,5901,528296800,528296800,195,165356898400,165356898400,64421,False
314,1.386192634935644,0.6230809039158185,nan,nan,20,5797,528296800,528296800,189,165885195200,165885195200,64610,False
315,1.3794153527395314,0.6333695821034644,nan,nan,20,6437,528296800,528296800,212,166413492000,166413492000,64822,False
316,1.330079787609017,0.6428043188877385,nan,nan,20,6761,528296800,528296800,220,166941788800,166941788800,65042,False
317,1.350713977216718,0.6310555020853384,nan,nan,20,6234,528296800,528296800,202,167470085600,167470085600,65244,False
318,1.3677291792376214,0.6404293381037567,nan,nan,20,6149,528296800,528296800,203,167998382400,167998382400,65447,False
319,1.3386217199902206,0.6433371578429765,nan,nan,20,6101,528296800,528296800,202,168526679200,168526679200,65649,False
320,1.20024633653997,0.6799939649969825,1.4418863645862907,0.6097505924839183,20,6628,528296800,528296800,214,169054976000,169054976000,65863,False
321,1.2053953358036154,0.6718164794007491,nan,nan,20,6408,528296800,528296800,209,169583272800,169583272800,66072,False
322,1.2855779406367414,0.6524750802500422,nan,nan,20,5919,528296800,528296800,194,170111569600,170111569600,66266,False
323,1.2770724816163073,0.6581155211358503,nan,nan,20,6198,528296800,528296800,201,170639866400,170639866400,66467,False
324,1.2411240298268251,0.6666124308493329,nan,nan,20,6146,528296800,528296800,201,171168163200,171168163200,66668,False
325,1.1465129498314157,0.695673232160155,nan,nan,20,6194,528296800,528296800,202,171696460000,171696460000,66870,False
326,1.235625131012532,0.669295063870052,nan,nan,20,6341,528296800,528296800,208,172224756800,172224756800,67078,False
327,1.2618186717460815,0.65938995215311,nan,nan,20,6688,528296800,528296800,219,172753053600,172753053600,67297,False
328,1.2150653502466493,0.6714834742505765,nan,nan,20,6505,528296800,528296800,211,173281350400,173281350400,67508,False
329,1.157065853954051,0.6895419727997499,nan,nan,20,6397,528296800,528296800,210,173809647200,173809647200,67718,False
330,1.2960661348839115,0.6582469053195048,1.3922436616986051,0.6186660647782417,20,5978,528296800,528296800,195,174337944000,174337944000,67913,False
331,1.293078494518635,0.6560838033843674,nan,nan,20,6205,528296800,528296800,204,174866240800,174866240800,68117,False
332,1.16657233990385,0.678923076923077,nan,nan,20,6500,528296800,528296800,213,175394537600,175394537600,68330,False
333,1.2138393176831215,0.6648681055155875,nan,nan,20,6672,528296800,528296800,217,175922834400,175922834400,68547,False
334,1.2678088841770438,0.6614891913530825,nan,nan,20,6245,528296800,528296800,204,176451131200,176451131200,68751,False
335,1.1406493193903506,0.6942887441296773,nan,nan,20,6601,528296800,528296800,215,176979428000,176979428000,68966,False
336,1.2323798020053027,0.6748045316738471,nan,nan,20,6267,528296800,528296800,205,177507724800,177507724800,69171,False
337,1.2250824967582425,0.6712824547600315,nan,nan,20,6355,528296800,528296800,208,178036021600,178036021600,69379,False
338,1.1182159082926368,0.6943486733623145,nan,nan,20,6671,528296800,528296800,219,178564318400,178564318400,69598,False
339,1.3033574192395845,0.6502478810171118,nan,nan,20,6253,528296800,528296800,207,179092615200,179092615200,69805,False
340,1.192961219369964,0.6773373223635004,1.357040323625635,0.6270172666741902,20,6685,528296800,528296800,219,179620912000,179620912000,70024,False
341,1.1698052497832885,0.6802667090014288,nan,nan,20,6299,528296800,528296800,205,180149208800,180149208800,70229,False
342,1.1866862727579282,0.6724111162862909,nan,nan,20,6441,528296800,528296800,212,180677505600,180677505600,70441,False
343,1.0724252271620325,0.7145830236360934,nan,nan,20,6727,528296800,528296800,219,181205802400,181205802400,70660,False
344,1.2953313719587802,0.64907819453274,nan,nan,20,6292,528296800,528296800,204,181734099200,181734099200,70864,False
345,1.2270333330175307,0.6636777892106424,nan,nan,20,6803,528296800,528296800,221,182262396000,182262396000,71085,False
346,1.122801903196994,0.6959783913565426,nan,nan,20,6664,528296800,528296800,217,182790692800,182790692800,71302,False
347,1.2090736444157204,0.6746710526315789,nan,nan,20,6080,528296800,528296800,200,183318989600,183318989600,71502,False
348,1.1970044745602113,0.6774352246638242,nan,nan,20,6098,528296800,528296800,199,183847286400,183847286400,71701,False
349,1.1451059258485448,0.6911052055651087,nan,nan,20,6397,528296800,528296800,210,184375583200,184375583200,71911,False
350,1.2674319455026593,0.657606894265827,1.3218006410605212,0.6330549599368017,20,6034,528296800,528296800,197,184903880000,184903880000,72108,False
351,1.1743204941538665,0.6822262118491921,nan,nan,20,6127,528296800,528296800,201,185432176800,185432176800,72309,False
352,1.1397251196286309,0.7030685920577617,nan,nan,20,5540,528296800,528296800,183,185960473600,185960473600,72492,False
353,1.1407010336379513,0.6825954198473283,nan,nan,20,6550,528296800,528296800,215,186488770400,186488770400,72707,False
354,1.0890727372831852,0.7067881835323696,nan,nan,20,6364,528296800,528296800,209,187017067200,187017067200,72916,False
355,1.1236733842238973,0.6933188988555521,nan,nan,20,6466,528296800,528296800,211,187545364000,187545364000,73127,False
356,1.189436618553569,0.6708387516254877,nan,nan,20,6152,528296800,528296800,200,188073660800,188073660800,73327,False
357,1.0750866251416544,0.699289904291448,nan,nan,20,6478,528296800,528296800,211,188601957600,188601957600,73538,False
358,1.1184322553192507,0.6900878293601004,nan,nan,20,6376,528296800,528296800,209,189130254400,189130254400,73747,False
359,1.18302634870036,0.6758161442260842,nan,nan,20,6157,528296800,528296800,200,189658551200,189658551200,73947,False
360,1.16633848129378,0.6822325283863745,1.2933866050896936,0.6443403679042997,20,6253,528296800,528296800,203,190186848000,190186848000,74150,False
361,1.13950351674758,0.687470523502594,nan,nan,20,6361,528296800,528296800,208,190715144800,190715144800,74358,False
362,1.1826158177200006,0.6797257590597453,nan,nan,20,6126,528296800,528296800,200,191243441600,191243441600,74558,False
363,1.0166622939320662,0.7243628640776699,nan,nan,20,6592,528296800,528296800,217,191771738400,191771738400,74775,False
364,1.1801474207269878,0.6734726179170624,nan,nan,20,6318,528296800,528296800,206,192300035200,192300035200,74981,False
365,1.053657027847331,0.705225055083412,nan,nan,20,6354,528296800,528296800,206,192828332000,192828332000,75187,False
366,1.113698417540643,0.7010516548097742,nan,nan,20,6466,528296800,528296800,212,193356628800,193356628800,75399,False
367,1.2320529348584137,0.6670324502273084,nan,nan,20,6379,528296800,528296800,209,193884925600,193884925600,75608,False
368,1.0611329392546562,0.7046846295162278,nan,nan,20,6532,528296800,528296800,215,194413222400,194413222400,75823,False
369,1.083513585784334,0.7074126312490205,nan,nan,20,6381,528296800,528296800,208,194941519200,194941519200,76031,False
370,1.0748079278226668,0.7130650924343638,1.260587736212525,0.6474438550953617,20,6437,528296800,528296800,211,195469816000,195469816000,76242,False
371,1.132496889279586,0.6926038825605647,nan,nan,20,6233,528296800,528296800,205,195998112800,195998112800,76447,False
372,1.0586204903159515,0.7067245817245817,nan,nan,20,6216,528296800,528296800,203,196526409600,196526409600,76650,False
373,1.0602582484829102,0.7096364502301953,nan,nan,20,6299,528296800,528296800,205,197054706400,197054706400,76855,False
374,1.0691478394501608,0.7073762536395989,nan,nan,20,6182,528296800,528296800,202,197583003200,197583003200,77057,False
375,1.1328615191557867,0.6891692610191709,nan,nan,20,6103,528296800,528296800,200,198111300000,198111300000,77257,False
376,1.0405435146474749,0.7061596480201131,nan,nan,20,6364,528296800,528296800,209,198639596800,198639596800,77466,False
377,1.0813100528563337,0.7059611520428667,nan,nan,20,5972,528296800,528296800,196,199167893600,199167893600,77662,False
378,1.0323292611956798,0.7155766579874406,nan,nan,20,6529,528296800,528296800,215,199696190400,199696190400,77877,False
379,1.1342879407443722,0.6892347184341409,nan,nan,20,6233,528296800,528296800,204,200224487200,200224487200,78081,False
380,1.1450308834434535,0.697692793931732,1.205232450297745,0.6676447353571832,20,6328,528296800,528296800,204,200752784000,200752784000,78285,False
381,1.0721152634450395,0.7076947385052931,nan,nan,20,6329,528296800,528296800,206,201281080800,201281080800,78491,False
382,1.0784972089389202,0.7051156728576083,nan,nan,20,6138,528296800,528296800,200,201809377600,201809377600,78691,False
383,1.0709168599453103,0.7112043139604554,nan,nan,20,6676,528296800,528296800,219,202337674400,202337674400,78910,False
384,1.0572381459076428,0.707625060709082,nan,nan,20,6177,528296800,528296800,202,202865971200,202865971200,79112,False
385,1.0570758109782115,0.7113253012048193,nan,nan,20,6225,528296800,528296800,203,203394268000,203394268000,79315,False
386,1.0225742250824539,0.721436343852013,nan,nan,20,6433,528296800,528296800,210,203922564800,203922564800,79525,False
387,1.028742574119499,0.7124078230201988,nan,nan,20,6238,528296800,528296800,203,204450861600,204450861600,79728,False
388,1.0064816410986253,0.7246977547495682,nan,nan,20,5790,528296800,528296800,191,204979158400,204979158400,79919,False
389,1.0601586007509316,0.7135882831570383,nan,nan,20,6145,528296800,528296800,200,205507455200,205507455200,80119,False
390,1.109629810157518,0.6975165818294,1.1734587818084836,0.6736260015799571,20,6483,528296800,528296800,210,206035752000,206035752000,80329,False
391,1.173822643037349,0.6766677306096394,nan,nan,20,6266,528296800,528296800,206,206564048800,206564048800,80535,False
392,1.076555115071597,0.701461038961039,nan,nan,20,6160,528296800,528296800,203,207092345600,207092345600,80738,False
393,1.0363311207458425,0.7158576051779936,nan,nan,20,6180,528296800,528296800,202,207620642400,207620642400,80940,False
394,0.8811979274746105,0.7554364471669219,nan,nan,20,6530,528296800,528296800,211,208148939200,208148939200,81151,False
395,1.0542468195432737,0.7055798004987531,nan,nan,20,6416,528296800,528296800,210,208677236000,208677236000,81361,False
396,0.9865698577972695,0.727424495371073,nan,nan,20,6589,528296800,528296800,215,209205532800,209205532800,81576,False
397,1.199349184684166,0.6776818332779807,nan,nan,20,6022,528296800,528296800,197,209733829600,209733829600,81773,False
398,0.9614230237118855,0.7361111111111112,nan,nan,20,6552,528296800,528296800,214,210262126400,210262126400,81987,False
399,0.9699194949700698,0.7347920546244568,nan,nan,20,6444,528296800,528296800,211,210790423200,210790423200,82198,False
400,1.0470418424369048,0.7056183253366352,1.1625228945362207,0.674190271978332,20,6461,528296800,528296800,212,211318720000,211318720000,82410,False
401,1.0242298786365953,0.7130492676431425,nan,nan,20,6008,528296800,528296800,196,211847016800,211847016800,82606,False
402,1.0247865333012793,0.7194440006390798,nan,nan,20,6259,528296800,528296800,206,212375313600,212375313600,82812,False
403,0.9602284931764338,0.7339449541284404,nan,nan,20,6758,528296800,528296800,220,212903610400,212903610400,83032,False
404,1.1194634579028713,0.697934304097528,nan,nan,20,5906,528296800,528296800,195,213431907200,213431907200,83227,False
405,1.135145200693111,0.6843267108167771,nan,nan,20,6342,528296800,528296800,207,213960204000,213960204000,83434,False
406,1.082148666669679,0.6989196059739434,nan,nan,20,6294,528296800,528296800,205,214488500800,214488500800,83639,False
407,1.0971382673762247,0.7057817310981868,nan,nan,20,5846,528296800,528296800,192,215016797600,215016797600,83831,False
408,0.8878595320469488,0.7558837850998215,nan,nan,20,6161,528296800,528296800,203,215545094400,215545094400,84034,False
409,0.9323715228097298,0.7430185633575465,nan,nan,20,6195,528296800,528296800,202,216073391200,216073391200,84236,False
410,1.0642889668746678,0.705547652916074,1.1177049220624027,0.6858706692246924,20,6327,528296800,528296800,204,216601688000,216601688000,84440,False
411,1.006945661414453,0.7277025925322028,nan,nan,20,6133,528296800,528296800,198,217129984800,217129984800,84638,False
412,1.0426991257988856,0.7119617224880382,nan,nan,20,6270,528296800,528296800,207,217658281600,217658281600,84845,False
413,0.9268406467995667,0.7403136531365314,nan,nan,20,6504,528296800,528296800,212,218186578400,218186578400,85057,False
414,1.0536409428199895,0.7115384615384616,nan,nan,20,6240,528296800,528296800,204,218714875200,218714875200,85261,False
415,0.9391122600451673,0.7372195940790478,nan,nan,20,6553,528296800,528296800,214,219243172000,219243172000,85475,False
416,0.9151368539303377,0.745797329143755,nan,nan,20,6365,528296800,528296800,208,219771468800,219771468800,85683,False
417,1.0965768569985626,0.7016301663098963,nan,nan,20,6073,528296800,528296800,199,220299765600,220299765600,85882,False
418,1.0184979095448334,0.7100154612609517,nan,nan,20,5821,528296800,528296800,190,220828062400,220828062400,86072,False
419,1.0669936740008452,0.699938856618771,nan,nan,20,6542,528296800,528296800,214,221356359200,221356359200,86286,False
420,0.9656185800847236,0.736987189881628,1.0949525495049592,0.6947297144791784,20,6167,528296800,528296800,203,221884656000,221884656000,86489,False
421,0.9128915811179793,0.7504357471082237,nan,nan,20,6311,528296800,528296800,207,222412952800,222412952800,86696,False
422,0.851138671470351,0.759525296689569,nan,nan,20,6404,528296800,528296800,211,222941249600,222941249600,86907,False
423,0.9168990808023247,0.7458646616541353,nan,nan,20,5985,528296800,528296800,196,223469546400,223469546400,87103,False
424,0.8960421578258793,0.7524084778420038,nan,nan,20,6228,528296800,528296800,204,223997843200,223997843200,87307,False
425,1.0294159219665941,0.719381883938846,nan,nan,20,6083,528296800,528296800,199,224526140000,224526140000,87506,False
426,0.9685914733961593,0.7211051168873631,nan,nan,20,6117,528296800,528296800,201,225054436800,225054436800,87707,False
427,0.9632518609390643,0.7409452655514049,nan,nan,20,6157,528296800,528296800,204,225582733600,225582733600,87911,False
428,1.0854573339279023,0.7046945986875316,nan,nan,20,5943,528296800,528296800,195,226111030400,226111030400,88106,False
429,1.1140445096889457,0.6964346349745331,nan,nan,20,5890,528296800,528296800,194,226639327200,226639327200,88300,False
430,1.0736681470329323,0.7059973924380704,1.078638780898669,0.6988488883873152,20,6136,528296800,528296800,201,227167624000,227167624000,88501,False
431,1.0000309385770887,0.7271800101988781,nan,nan,20,5883,528296800,528296800,196,227695920800,227695920800,88697,False
432,0.9690911048285876,0.72771366449239,nan,nan,20,5979,528296800,528296800,196,228224217600,228224217600,88893,False
433,1.057818262775564,0.7149409066854825,nan,nan,20,5669,528296800,528296800,186,228752514400,228752514400,89079,False
434,1.0545787366394,0.7018768419419885,nan,nan,20,6447,528296800,528296800,211,229280811200,229280811200,89290,False
435,0.9158194251064544,0.7499613182732477,nan,nan,20,6463,528296800,528296800,211,229809108000,229809108000,89501,False
436,1.074127720498167,0.7064618467189848,nan,nan,20,5989,528296800,528296800,198,230337404800,230337404800,89699,False
437,0.8825219525949334,0.7578848266122705,nan,nan,20,6373,528296800,528296800,210,230865701600,230865701600,89909,False
438,0.8749109830380094,0.7565758010521282,nan,nan,20,6273,528296800,528296800,205,231393998400,231393998400,90114,False
439,0.874078566889503,0.7607137167436674,nan,nan,20,6277,528296800,528296800,207,231922295200,231922295200,90321,False
440,0.9337455691616867,0.738718484021198,1.0592358218346851,0.6993003047060151,20,6227,528296800,528296800,207,232450592000,232450592000,90528,False
441,0.8798761922166722,0.7552490421455939,nan,nan,20,6525,528296800,528296800,213,232978888800,232978888800,90741,False
442,0.94029861184681,0.7447733734738251,nan,nan,20,5979,528296800,528296800,196,233507185600,233507185600,90937,False
443,0.868414831407748,0.7661818762985456,nan,nan,20,6257,528296800,528296800,207,234035482400,234035482400,91144,False
444,1.0433393145844172,0.7167210736307581,nan,nan,20,5514,528296800,528296800,181,234563779200,234563779200,91325,False
445,0.9663016470353181,0.734400966913431,nan,nan,20,6619,528296800,528296800,215,235092076000,235092076000,91540,False
446,0.8788656623018352,0.7566336944575287,nan,nan,20,6369,528296800,528296800,206,235620372800,235620372800,91746,False
447,0.9931226859744122,0.7297506582004026,nan,nan,20,6457,528296800,528296800,211,236148669600,236148669600,91957,False
448,1.0338915830408706,0.7077398318174017,nan,nan,20,5827,528296800,528296800,190,236676966400,236676966400,92147,False
449,0.8128544336707896,0.7757833891086097,nan,nan,20,6574,528296800,528296800,215,237205263200,237205263200,92362,False
450,0.9961301228461996,0.7213898629263628,1.0301412468690552,0.7076515066019636,20,6274,528296800,528296800,205,237733560000,237733560000,92567,False
451,0.9108730885222771,0.7479806138933764,nan,nan,20,6190,528296800,528296800,203,238261856800,238261856800,92770,False
452,0.9331001025191414,0.7363013698630136,nan,nan,20,6132,528296800,528296800,198,238790153600,238790153600,92968,False
453,0.8673170246951596,0.7548249918220478,nan,nan,20,6114,528296800,528296800,201,239318450400,239318450400,93169,False
454,0.8415953033961567,0.7571661963463537,nan,nan,20,6733,528296800,528296800,220,239846747200,239846747200,93389,False
455,0.9031940663751623,0.7443561208267091,nan,nan,20,6290,528296800,528296800,206,240375044000,240375044000,93595,False
456,0.8782372800517254,0.7627447807088525,nan,nan,20,6179,528296800,528296800,204,240903340800,240903340800,93799,False
457,0.948055425417803,0.7368944923689449,nan,nan,20,6028,528296800,528296800,197,241431637600,241431637600,93996,False
458,0.9207019750014567,0.7425241527373102,nan,nan,20,6521,528296800,528296800,214,241959934400,241959934400,94210,False
459,1.012643051929933,0.7163285666777519,nan,nan,20,6014,528296800,528296800,196,242488231200,242488231200,94406,False
460,0.8450026938987449,0.7621758380771664,1.0149655819961656,0.7166234059361246,20,6324,528296800,528296800,206,243016528000,243016528000,94612,False
461,0.9074538662437024,0.7448898748217399,nan,nan,20,6311,528296800,528296800,206,243544824800,243544824800,94818,False
462,0.8465323495599058,0.7658352229780802,nan,nan,20,6615,528296800,528296800,216,244073121600,244073121600,95034,False
463,1.0246581032282724,0.7198443579766537,nan,nan,20,6168,528296800,528296800,201,244601418400,244601418400,95235,False
464,0.9584384813526267,0.7338618346545867,nan,nan,20,6181,528296800,528296800,202,245129715200,245129715200,95437,False
465,0.8074613989452771,0.7687996263428305,nan,nan,20,6423,528296800,528296800,209,245658012000,245658012000,95646,False
466,0.8820342235535337,0.7519561815336463,nan,nan,20,6390,528296800,528296800,210,246186308800,246186308800,95856,False
467,0.8484653233018031,0.7699226763452738,nan,nan,20,6337,528296800,528296800,210,246714605600,246714605600,96066,False
468,0.8394420125419484,0.7654135338345864,nan,nan,20,6650,528296800,528296800,215,247242902400,247242902400,96281,False
469,0.983086228305677,0.721183800623053,nan,nan,20,6420,528296800,528296800,208,247771199200,247771199200,96489,False
470,0.8615190708545061,0.7561937825469465,1.0042927005250357,0.717356957454012,20,6337,528296800,528296800,208,248299496000,248299496000,96697,False
471,0.843081151465215,0.7638666239179224,nan,nan,20,6238,528296800,528296800,206,248827792800,248827792800,96903,False
472,0.9041323742327361,0.7418828520150106,nan,nan,20,6129,528296800,528296800,200,249356089600,249356089600,97103,False
473,0.8818748197485685,0.7464231354642313,nan,nan,20,6570,528296800,528296800,215,249884386400,249884386400,97318,False
474,0.8833296040975073,0.7556603773584906,nan,nan,20,6360,528296800,528296800,208,250412683200,250412683200,97526,False
475,0.9415282374805753,0.7370454944668892,nan,nan,20,5693,528296800,528296800,187,250940980000,250940980000,97713,False
476,0.847768219792484,0.7627617801047121,nan,nan,20,6112,528296800,528296800,200,251469276800,251469276800,97913,False
477,0.8141108393034058,0.7706917850525016,nan,nan,20,6476,528296800,528296800,212,251997573600,251997573600,98125,False
478,0.7936777591219182,0.7753078522309291,nan,nan,20,6253,528296800,528296800,206,252525870400,252525870400,98331,False
479,0.8077642605586318,0.7711984841307438,nan,nan,20,6333,528296800,528296800,207,253054167200,253054167200,98538,False
480,0.9256665659983252,0.7392141138732959,0.9568091835290607,0.7286987924613475,20,6235,528296800,528296800,204,253582464000,253582464000,98742,False
481,0.8837691002643395,0.7514523473072696,nan,nan,20,6369,528296800,528296800,209,254110760800,254110760800,98951,False
482,0.9079358617665457,0.7512009276130528,nan,nan,20,6037,528296800,528296800,199,254639057600,254639057600,99150,False
483,0.9794152969914328,0.7223724231159175,nan,nan,20,5918,528296800,528296800,196,255167354400,255167354400,99346,False
484,0.9454458035129131,0.7369803739762015,nan,nan,20,6471,528296800,528296800,212,255695651200,255695651200,99558,False
485,0.830018918556676,0.7702442159383034,nan,nan,20,6224,528296800,528296800,203,256223948000,256223948000,99761,False
486,0.8114751187135326,0.7756500077845244,nan,nan,20,6423,528296800,528296800,210,256752244800,256752244800,99971,False
487,0.8907052565869982,0.751657824933687,nan,nan,20,6032,528296800,528296800,198,257280541600,257280541600,100169,False
488,0.8055565044396897,0.7699115044247787,nan,nan,20,6328,528296800,528296800,206,257808838400,257808838400,100375,False
489,0.8514973638465407,0.7571521456436932,nan,nan,20,6152,528296800,528296800,202,258337135200,258337135200,100577,False
490,0.7601486433890566,0.7949336550060314,0.9468452085316982,0.7332693826881842,20,6632,528296800,528296800,218,258865432000,258865432000,100795,False
491,0.851510262016589,0.7627173736388754,nan,nan,20,6153,528296800,528296800,201,259393728800,259393728800,100996,False
492,0.8040766149916457,0.77636783124588,nan,nan,20,6068,528296800,528296800,199,259922025600,259922025600,101195,False
493,0.9185133339919688,0.7462315462315462,nan,nan,20,6435,528296800,528296800,210,260450322400,260450322400,101405,False
494,0.9816248146646163,0.7312941176470589,nan,nan,20,6375,528296800,528296800,208,260978619200,260978619200,101613,False
495,0.7603347945196107,0.7794599656625566,nan,nan,20,6407,528296800,528296800,210,261506916000,261506916000,101823,False
496,0.8626017802533382,0.7601651842439644,nan,nan,20,6296,528296800,528296800,207,262035212800,262035212800,102030,False
497,0.771212449877694,0.7857604133031967,nan,nan,20,6194,528296800,528296800,201,262563509600,262563509600,102231,False
498,0.8654534447715566,0.751858582521064,nan,nan,20,6053,528296800,528296800,199,263091806400,263091806400,102430,False
499,0.9524082154729332,0.7462440151890375,nan,nan,20,6057,528296800,528296800,196,263620103200,263620103200,102626,False
500,0.7899281486369014,0.7781558904553557,0.9302896792887834,0.7340029342060715,20,6171,528296800,528296800,203,264148400000,264148400000,102829,False
501,0.8627710569958281,0.7635346388020405,nan,nan,20,6077,528296800,528296800,197,264676696800,264676696800,103026,False
502,0.8001881552412893,0.7696586979401594,nan,nan,20,6651,528296800,528296800,215,265204993600,265204993600,103241,False
503,0.8323182448991457,0.7623340435994099,nan,nan,20,6101,528296800,528296800,203,265733290400,265733290400,103444,False
504,0.9305603097808401,0.7334508735374259,nan,nan,20,6239,528296800,528296800,206,266261587200,266261587200,103650,False
505,0.8639097661319255,0.761447678992919,nan,nan,20,6355,528296800,528296800,208,266789884000,266789884000,103858,False
506,0.8435937886359891,0.7616099071207431,nan,nan,20,6460,528296800,528296800,210,267318180800,267318180800,104068,False
507,0.774139154097773,0.7735562310030395,nan,nan,20,6580,528296800,528296800,214,267846477600,267846477600,104282,False
508,0.8282386197379095,0.767767929089444,nan,nan,20,6205,528296800,528296800,203,268374774400,268374774400,104485,False
509,0.7642755298116704,0.7798751486325802,nan,nan,20,6728,528296800,528296800,220,268903071200,268903071200,104705,False
510,0.7670645837047202,0.7836728248855203,0.9145065389170818,0.7413384493849453,20,6333,528296800,528296800,208,269431368000,269431368000,104913,False
511,0.8464808393793046,0.7601481958762887,nan,nan,20,6208,528296800,528296800,202,269959664800,269959664800,105115,False
512,0.7097862699780643,0.79524627720504,nan,nan,20,6984,528296800,528296800,227,270487961600,270487961600,105342,False
513,0.8493146776658332,0.7655809583463827,nan,nan,20,6386,528296800,528296800,208,271016258400,271016258400,105550,False
514,0.7059102073488773,0.7993901460439736,nan,nan,20,6231,528296800,528296800,204,271544555200,271544555200,105754,False
515,0.8314445937823385,0.763760738148266,nan,nan,20,6286,528296800,528296800,206,272072852000,272072852000,105960,False
516,0.8778291497692174,0.751519132862539,nan,nan,20,6089,528296800,528296800,199,272601148800,272601148800,106159,False
517,0.7644748309524528,0.7884305510796004,nan,nan,20,6206,528296800,528296800,201,273129445600,273129445600,106360,False
518,0.9073766581822207,0.7314451458795428,nan,nan,20,5861,528296800,528296800,192,273657742400,273657742400,106552,False
519,0.7423887409537516,0.7805257427282626,nan,nan,20,6429,528296800,528296800,210,274186039200,274186039200,106762,False
520,0.7701787581027923,0.7869335816263191,0.9018340645814746,0.7419591468231577,20,6444,528296800,528296800,211,274714336000,274714336000,106973,False
521,0.9289193109752283,0.736137339055794,nan,nan,20,5825,528296800,528296800,193,275242632800,275242632800,107166,False
522,0.7897421765551146,0.7735731039874902,nan,nan,20,6395,528296800,528296800,207,275770929600,275770929600,107373,False
523,0.7751123814261212,0.7733974856433339,nan,nan,20,6443,528296800,528296800,212,276299226400,276299226400,107585,False
524,0.7784168366819451,0.7889160554197229,nan,nan,20,6135,528296800,528296800,202,276827523200,276827523200,107787,False
525,0.8859323929131929,0.7489408441864114,nan,nan,20,6373,528296800,528296800,208,277355820000,277355820000,107995,False
526,0.7565756366325709,0.7891952548893876,nan,nan,20,6238,528296800,528296800,205,277884116800,277884116800,108200,False
527,0.7489670282756563,0.7864559119789245,nan,nan,20,6453,528296800,528296800,211,278412413600,278412413600,108411,False
528,0.8080659342224817,0.770102281667978,nan,nan,20,6355,528296800,528296800,206,278940710400,278940710400,108617,False
529,0.8293017336737629,0.7696737044145874,nan,nan,20,6252,528296800,528296800,203,279469007200,279469007200,108820,False
530,0.7982329889410357,0.775143921435828,0.8814601418181233,0.7477711319264191,20,5906,528296800,528296800,193,279997304000,279997304000,109013,False
531,0.7170336819248643,0.7963170536429144,nan,nan,20,6245,528296800,528296800,202,280525600800,280525600800,109215,False
532,0.8358236851209501,0.7687519452225334,nan,nan,20,6426,528296800,528296800,211,281053897600,281053897600,109426,False
533,0.9130838599262631,0.7512163477132663,nan,nan,20,6166,528296800,528296800,204,281582194400,281582194400,109630,False
534,0.8024357523987122,0.7772846811308349,nan,nan,20,6084,528296800,528296800,199,282110491200,282110491200,109829,False
535,0.7911038326525889,0.7776185928048392,nan,nan,20,6282,528296800,528296800,204,282638788000,282638788000,110033,False
536,0.8083469359351435,0.7657955673172345,nan,nan,20,6046,528296800,528296800,198,283167084800,283167084800,110231,False
537,0.8073701679024945,0.770012706480305,nan,nan,20,6296,528296800,528296800,205,283695381600,283695381600,110436,False
538,0.6724125693282402,0.8036006546644845,nan,nan,20,6110,528296800,528296800,200,284223678400,284223678400,110636,False
539,0.7704658213172392,0.7798283956613242,nan,nan,20,6177,528296800,528296800,204,284751975200,284751975200,110840,False
540,0.72729789516321,0.7934025089050643,0.8704730903385267,0.7531317007109807,20,6457,528296800,528296800,210,285280272000,285280272000,111050,False
541,0.7892744527984058,0.7712620027434842,nan,nan,20,5832,528296800,528296800,192,285808568800,285808568800,111242,False
542,0.8510960239387492,0.7680369820042926,nan,nan,20,6057,528296800,528296800,199,286336865600,286336865600,111441,False
543,0.7272246163243965,0.7886471454277769,nan,nan,20,6113,528296800,528296800,200,286865162400,286865162400,111641,False
544,0.7254340190418482,0.8008986674930276,nan,nan,20,6454,528296800,528296800,209,287393459200,287393459200,111850,False
545,0.8810301939383475,0.7580141377609732,nan,nan,20,6083,528296800,528296800,199,287921756000,287921756000,112049,False
546,0.7140660983155297,0.793837009228844,nan,nan,20,6393,528296800,528296800,209,288450052800,288450052800,112258,False
547,0.7398650310362067,0.7872307453897412,nan,nan,20,6453,528296800,528296800,209,288978349600,288978349600,112467,False
548,0.7757316507448061,0.7775864767569259,nan,nan,20,6389,528296800,528296800,211,289506646400,289506646400,112678,False
549,0.7355758478621489,0.785904881494271,nan,nan,20,6371,528296800,528296800,210,290034943200,290034943200,112888,False
550,0.7705322395611234,0.7785192246584048,0.8543737070270673,0.753865252228868,20,6294,528296800,528296800,207,290563240000,290563240000,113095,False
551,0.7751051631935856,0.7817290975185712,nan,nan,20,6327,528296800,528296800,209,291091536800,291091536800,113304,False
552,0.7909573399140645,0.7690479961983209,nan,nan,20,6313,528296800,528296800,206,291619833600,291619833600,113510,False
553,0.7598542463962092,0.7839477368175455,nan,nan,20,6429,528296800,528296800,210,292148130400,292148130400,113720,False
554,0.7462156511892671,0.7940246601327853,nan,nan,20,6326,528296800,528296800,206,292676427200,292676427200,113926,False
555,0.8000650726925673,0.7697060788243153,nan,nan,20,5988,528296800,528296800,197,293204724000,293204724000,114123,False
556,0.7670673121817441,0.7841004184100419,nan,nan,20,5975,528296800,528296800,195,293733020800,293733020800,114318,False
557,0.6461085290096138,0.8094877235525917,nan,nan,20,6598,528296800,528296800,215,294261317600,294261317600,114533,False
558,0.8675616368644467,0.7590212172835682,nan,nan,20,6457,528296800,528296800,211,294789614400,294789614400,114744,False
559,0.7870784357932047,0.7770464135021097,nan,nan,20,5925,528296800,528296800,193,295317911200,295317911200,114937,False
560,0.7620398704834807,0.7841489536991267,0.8519575270556016,0.7562916149418801,20,6069,528296800,528296800,200,295846208000,295846208000,115137,False
561,0.83852061681233,0.7669709543568465,nan,nan,20,6025,528296800,528296800,197,296374504800,296374504800,115334,False
562,0.7412210633306084,0.7878690111308275,nan,nan,20,6199,528296800,528296800,204,296902801600,296902801600,115538,False
563,0.7700154506762227,0.7844981352359331,nan,nan,20,6167,528296800,528296800,201,297431098400,297431098400,115739,False
564,0.7853397922943137,0.7707325212748206,nan,nan,20,5993,528296800,528296800,197,297959395200,297959395200,115936,False
565,0.8139382432930667,0.7669690334688771,nan,nan,20,6394,528296800,528296800,211,298487692000,298487692000,116147,False
566,0.8374264814290375,0.7643588947531822,nan,nan,20,6442,528296800,528296800,208,299015988800,299015988800,116355,False
567,0.7645996655829053,0.7839526471555409,nan,nan,20,6082,528296800,528296800,201,299544285600,299544285600,116556,False
568,0.6519571336883845,0.8159865505119975,nan,nan,20,6543,528296800,528296800,215,300072582400,300072582400,116771,False
569,0.7716676756218258,0.7860048820179008,nan,nan,20,6145,528296800,528296800,202,300600879200,300600879200,116973,False
570,0.815615158786722,0.7683047493403694,0.8274313124667547,0.7625550163638416,20,6064,528296800,528296800,201,301129176000,301129176000,117174,False
571,0.7530568084924134,0.7951388888888888,nan,nan,20,6336,528296800,528296800,207,301657472800,301657472800,117381,False
572,0.6934926524474507,0.8076190476190476,nan,nan,20,6300,528296800,528296800,205,302185769600,302185769600,117586,False
573,0.8038912649927192,0.7714285714285715,nan,nan,20,6265,528296800,528296800,205,302714066400,302714066400,117791,False
574,0.6570927537622032,0.8068986757006468,nan,nan,20,6494,528296800,528296800,211,303242363200,303242363200,118002,False
575,0.699867166908866,0.8016250191629618,nan,nan,20,6523,528296800,528296800,213,303770660000,303770660000,118215,False
576,0.8180718668526219,0.760931899641577,nan,nan,20,5580,528296800,528296800,183,304298956800,304298956800,118398,False
577,0.6806087575892663,0.808985234055922,nan,nan,20,6366,528296800,528296800,208,304827253600,304827253600,118606,False
578,0.6585963521148587,0.80801654207094,nan,nan,20,6287,528296800,528296800,204,305355550400,305355550400,118810,False
579,0.6826549621640651,0.8066115702479338,nan,nan,20,6050,528296800,528296800,199,305883847200,305883847200,119009,False
580,0.7396434443047543,0.7892030848329049,0.8185739389944124,0.7659406387540909,20,6224,528296800,528296800,202,306412144000,306412144000,119211,False
581,0.7186694574218507,0.7934437196855662,nan,nan,20,5979,528296800,528296800,197,306940440800,306940440800,119408,False
582,0.7414279523901006,0.7913891145410236,nan,nan,20,6155,528296800,528296800,200,307468737600,307468737600,119608,False
583,0.7631408336981457,0.7764724559453882,nan,nan,20,6299,528296800,528296800,208,307997034400,307997034400,119816,False
584,0.6585394720782176,0.8100679431747992,nan,nan,20,6476,528296800,528296800,213,308525331200,308525331200,120029,False
585,0.726285012489313,0.7837587006960557,nan,nan,20,6465,528296800,528296800,212,309053628000,309053628000,120241,False
586,0.7293792762454223,0.8015326868939631,nan,nan,20,6394,528296800,528296800,207,309581924800,309581924800,120448,False
587,0.7711501152621749,0.7909419665920441,nan,nan,20,5807,528296800,528296800,190,310110221600,310110221600,120638,False
588,0.6392233515269194,0.8116646415552855,nan,nan,20,6584,528296800,528296800,212,310638518400,310638518400,120850,False
589,0.740148858791452,0.7835928720500883,nan,nan,20,6229,528296800,528296800,204,311166815200,311166815200,121054,False
590,0.6563555044234671,0.8086581420428285,0.8206750550424524,0.7649249520370162,20,6491,528296800,528296800,212,311695112000,311695112000,121266,False
591,0.7377314344761718,0.7890598290598291,nan,nan,20,5850,528296800,528296800,193,312223408800,312223408800,121459,False
592,0.6795497258362653,0.8025336500395883,nan,nan,20,6315,528296800,528296800,207,312751705600,312751705600,121666,False
593,0.7814634081089136,0.7856691919191919,nan,nan,20,6336,528296800,528296800,206,313280002400,313280002400,121872,False
594,0.7032356670289791,0.7914438502673797,nan,nan,20,6358,528296800,528296800,209,313808299200,313808299200,122081,False
595,0.738017191661757,0.7941041698487857,nan,nan,20,6547,528296800,528296800,215,314336596000,314336596000,122296,False
596,0.773608947840426,0.7753344610179917,nan,nan,20,6503,528296800,528296800,213,314864892800,314864892800,122509,False
597,0.7092778690071242,0.8016065474386178,nan,nan,20,6598,528296800,528296800,217,315393189600,315393189600,122726,False
598,0.6990955172810567,0.7986622073578595,nan,nan,20,5980,528296800,528296800,197,315921486400,315921486400,122923,False
599,0.7073706007325921,0.8054677623261695,nan,nan,20,6328,528296800,528296800,208,316449783200,316449783200,123131,False
600,0.7068410819120657,0.7958156363064338,0.7958345051584522,0.7710190723394651,20,6357,528296800,528296800,209,316978080000,316978080000,123340,False
601,0.7143052868286855,0.7961286294099282,nan,nan,20,6406,528296800,528296800,209,317506376800,317506376800,123549,False
602,0.5759359398609035,0.8312624635680319,nan,nan,20,6519,528296800,528296800,212,318034673600,318034673600,123761,False
603,0.6671501048187896,0.8012256442489001,nan,nan,20,6364,528296800,528296800,208,318562970400,318562970400,123969,False
604,0.6644847154028822,0.8084764809760796,nan,nan,20,6229,528296800,528296800,202,319091267200,319091267200,124171,False
605,0.6444237992485653,0.814574421006048,nan,nan,20,6779,528296800,528296800,221,319619564000,319619564000,124392,False
606,0.7474999821701483,0.7801621363853124,nan,nan,20,6291,528296800,528296800,206,320147860800,320147860800,124598,False
607,0.6341404986915896,0.8077049180327869,nan,nan,20,6100,528296800,528296800,201,320676157600,320676157600,124799,False
608,0.7406197913902568,0.7884087791495199,nan,nan,20,5832,528296800,528296800,192,321204454400,321204454400,124991,False
609,0.850888876275122,0.7636783124588002,nan,nan,20,6068,528296800,528296800,201,321732751200,321732751200,125192,False
610,0.7327422296758014,0.7870967741935484,0.781291767108953,0.7756460896061392,20,5890,528296800,528296800,193,322261048000,322261048000,125385,False
611,0.7636720748459572,0.783819410116988,nan,nan,20,6069,528296800,528296800,199,322789344800,322789344800,125584,False
612,0.8002213431176176,0.7663088356729976,nan,nan,20,6055,528296800,528296800,200,323317641600,323317641600,125784,False
613,0.7245910884667717,0.788984625781382,nan,nan,20,5919,528296800,528296800,196,323845938400,323845938400,125980,False
614,0.6516346900750543,0.8184947582537944,nan,nan,20,6391,528296800,528296800,207,324374235200,324374235200,126187,False
615,0.7598962749132249,0.7959947899706936,nan,nan,20,6142,528296800,528296800,202,324902532000,324902532000,126389,False
616,0.6480248398041916,0.8115516397454724,nan,nan,20,6129,528296800,528296800,201,325430828800,325430828800,126590,False
617,0.7026478111104798,0.8003177124702144,nan,nan,20,6295,528296800,528296800,206,325959125600,325959125600,126796,False
618,0.7997105677660644,0.7766836086404066,nan,nan,20,6296,528296800,528296800,207,326487422400,326487422400,127003,False
619,0.6453369404074936,0.8204849238420889,nan,nan,20,6434,528296800,528296800,212,327015719200,327015719200,127215,False
620,0.6406636381208752,0.8112152357920194,0.7790690320782004,0.7735018620923146,20,6616,528296800,528296800,215,327544016000,327544016000,127430,False
621,0.6520404923745664,0.8088348468523934,nan,nan,20,6497,528296800,528296800,212,328072312800,328072312800,127642,False
622,0.7005129555784809,0.8040270519520443,nan,nan,20,6506,528296800,528296800,211,328600609600,328600609600,127853,False
623,0.7149055849732584,0.7971311475409836,nan,nan,20,6344,528296800,528296800,206,329128906400,329128906400,128059,False
624,0.6651968594183733,0.8108195659216068,nan,nan,20,6174,528296800,528296800,202,329657203200,329657203200,128261,False
625,0.7489509100321633,0.7884276326334348,nan,nan,20,6239,528296800,528296800,204,330185500000,330185500000,128465,False
626,0.6415816960313107,0.809582498844554,nan,nan,20,6491,528296800,528296800,211,330713796800,330713796800,128676,False
627,0.6767899369428786,0.8097808828199429,nan,nan,20,6298,528296800,528296800,207,331242093600,331242093600,128883,False
628,0.7169859837293232,0.793024021059559,nan,nan,20,6078,528296800,528296800,201,331770390400,331770390400,129084,False
629,0.7066213120496231,0.7967631497043262,nan,nan,20,6426,528296800,528296800,210,332298687200,332298687200,129294,False
630,0.7522161375810918,0.7847397675593735,0.756730397759812,0.7849565511793252,20,5937,528296800,528296800,195,332826984000,332826984000,129489,False
631,0.7041006032682681,0.8009209516500384,nan,nan,20,6515,528296800,528296800,213,333355280800,333355280800,129702,False
632,0.6456720890729303,0.8131445282438048,nan,nan,20,6497,528296800,528296800,213,333883577600,333883577600,129915,False
633,0.6754732840465189,0.8097134977784587,nan,nan,20,6527,528296800,528296800,214,334411874400,334411874400,130129,False
634,0.6114290867347018,0.8122551324243849,nan,nan,20,6381,528296800,528296800,211,334940171200,334940171200,130340,False
635,0.6177423648377485,0.8183797232156741,nan,nan,20,6431,528296800,528296800,210,335468468000,335468468000,130550,False
636,0.6367567408465286,0.815587603559374,nan,nan,20,6518,528296800,528296800,211,335996764800,335996764800,130761,False
637,0.7696153437081366,0.7790697674418605,nan,nan,20,6020,528296800,528296800,199,336525061600,336525061600,130960,False
638,0.7216206965738637,0.7933375434164824,nan,nan,20,6334,528296800,528296800,207,337053358400,337053358400,131167,False
639,0.69136575360014,0.8008636439129713,nan,nan,20,6021,528296800,528296800,199,337581655200,337581655200,131366,False
640,0.7953098827166214,0.7772590863621207,0.7582282610771525,0.7832637399842004,20,5998,528296800,528296800,196,338109952000,338109952000,131562,False
641,0.6498025416457391,0.810784785748676,nan,nan,20,6231,528296800,528296800,205,338638248800,338638248800,131767,False
642,0.7808230439411217,0.7801837270341208,nan,nan,20,6096,528296800,528296800,201,339166545600,339166545600,131968,False
643,0.6931655407563734,0.799396681749623,nan,nan,20,5967,528296800,528296800,199,339694842400,339694842400,132167,False
644,0.6354993154542656,0.8142242066656036,nan,nan,20,6271,528296800,528296800,205,340223139200,340223139200,132372,False
645,0.5377522094621182,0.8431052397209441,nan,nan,20,6737,528296800,528296800,220,340751436000,340751436000,132592,False
646,0.6712179848662057,0.8071268775966762,nan,nan,20,6258,528296800,528296800,205,341279732800,341279732800,132797,False
647,0.6914009252725651,0.8083211915169176,nan,nan,20,6177,528296800,528296800,205,341808029600,341808029600,133002,False
648,0.747420625851106,0.7873743200923026,nan,nan,20,6067,528296800,528296800,201,342336326400,342336326400,133203,False
649,0.5567694588475598,0.8367252543940795,nan,nan,20,6486,528296800,528296800,211,342864623200,342864623200,133414,False
650,0.630482306680844,0.8189281288723668,0.751777065955897,0.7839408644622503,20,6456,528296800,528296800,214,343392920000,343392920000,133628,False
651,0.6127857414335306,0.8198512672636212,nan,nan,20,6589,528296800,528296800,215,343921216800,343921216800,133843,False
652,0.6283374887621983,0.812975835815955,nan,nan,20,6042,528296800,528296800,198,344449513600,344449513600,134041,False
653,0.8061483533059912,0.7740247383444339,nan,nan,20,6306,528296800,528296800,206,344977810400,344977810400,134247,False
654,0.7070086659448189,0.8032109362581465,nan,nan,20,6291,528296800,528296800,206,345506107200,345506107200,134453,False
655,0.7372243766057477,0.791875626880642,nan,nan,20,5982,528296800,528296800,196,346034404000,346034404000,134649,False
656,0.6334526117286111,0.8121270762780197,nan,nan,20,6201,528296800,528296800,202,346562700800,346562700800,134851,False
657,0.6978103317250939,0.8016382910375843,nan,nan,20,6226,528296800,528296800,204,347090997600,347090997600,135055,False
658,0.6726155914418412,0.8151548156215964,nan,nan,20,6427,528296800,528296800,209,347619294400,347619294400,135264,False
659,0.6241237360990595,0.8164205177068445,nan,nan,20,6297,528296800,528296800,205,348147591200,348147591200,135469,False
660,0.6560085613203888,0.8102717135228522,0.723854824411265,0.7905428281232366,20,6367,528296800,528296800,208,348675888000,348675888000,135677,False
661,0.6840344296699147,0.8041220893643801,nan,nan,20,6356,528296800,528296800,206,349204184800,349204184800,135883,False
662,0.6346140532431469,0.8216347614706776,nan,nan,20,6582,528296800,528296800,216,349732481600,349732481600,136099,False
663,0.6755106832165009,0.8063048423789405,nan,nan,20,6154,528296800,528296800,203,350260778400,350260778400,136302,False
664,0.5930537968910862,0.8321472772277227,nan,nan,20,6464,528296800,528296800,211,350789075200,350789075200,136513,False
665,0.7020773293799375,0.803311982502734,nan,nan,20,6401,528296800,528296800,209,351317372000,351317372000,136722,False
666,0.7036316661218809,0.8058035714285714,nan,nan,20,6272,528296800,528296800,205,351845668800,351845668800,136927,False
667,0.5965986806902301,0.8247389558232932,nan,nan,20,6225,528296800,528296800,203,352373965600,352373965600,137130,False
668,0.6093702188239252,0.8234407954203073,nan,nan,20,6638,528296800,528296800,214,352902262400,352902262400,137344,False
669,0.6268533085505017,0.8200379867046533,nan,nan,20,6318,528296800,528296800,207,353430559200,353430559200,137551,False
670,0.7586368619318641,0.7831673626726631,0.7225413160067947,0.7915585148403115,20,6226,528296800,528296800,204,353958856000,353958856000,137755,False
671,0.5978481585146728,0.8218567476175838,nan,nan,20,6506,528296800,528296800,212,354487152800,354487152800,137967,False
672,0.6542947724319131,0.8055555555555556,nan,nan,20,6696,528296800,528296800,220,355015449600,355015449600,138187,False
673,0.6397152136155168,0.8145962732919255,nan,nan,20,6440,528296800,528296800,211,355543746400,355543746400,138398,False
674,0.663036685320725,0.8091487428052105,nan,nan,20,6602,528296800,528296800,217,356072043200,356072043200,138615,False
675,0.6270689061422389,0.8204406938584153,nan,nan,20,6399,528296800,528296800,207,356600340000,356600340000,138822,False
676,0.6389689440358507,0.8152295632698768,nan,nan,20,6251,528296800,528296800,206,357128636800,357128636800,139028,False
677,0.6380506719908245,0.8159353714557263,nan,nan,20,6313,528296800,528296800,205,357656933600,357656933600,139233,False
678,0.6536685549495606,0.8068387308893638,nan,nan,20,6083,528296800,528296800,198,358185230400,358185230400,139431,False
679,0.69206273438226,0.7995906801007556,nan,nan,20,6352,528296800,528296800,207,358713527200,358713527200,139638,False
680,0.5525187094926503,0.8343890004634636,0.7301639532642,0.7886807358085994,20,6473,528296800,528296800,212,359241824000,359241824000,139850,False
681,0.5425223079565655,0.8450229709035222,nan,nan,20,6530,528296800,528296800,212,359770120800,359770120800,140062,False
682,0.6861477190220706,0.7968043899289864,nan,nan,20,6196,528296800,528296800,204,360298417600,360298417600,140266,False
683,0.6356387368003119,0.8136568673199565,nan,nan,20,6429,528296800,528296800,209,360826714400,360826714400,140475,False
684,0.6021947741128655,0.8196570728720147,nan,nan,20,6532,528296800,528296800,214,361355011200,361355011200,140689,False
685,0.6192749966682665,0.8232765483203311,nan,nan,20,6281,528296800,528296800,206,361883308000,361883308000,140895,False
686,0.6590922966507703,0.8109404990403071,nan,nan,20,6252,528296800,528296800,204,362411604800,362411604800,141099,False
687,0.5676843095661332,0.8253341433778858,nan,nan,20,6584,528296800,528296800,214,362939901600,362939901600,141313,False
688,0.6529624885361217,0.8161347804957071,nan,nan,20,6173,528296800,528296800,203,363468198400,363468198400,141516,False
689,0.6194019845234823,0.8196051735874744,nan,nan,20,5876,528296800,528296800,194,363996495200,363996495200,141710,False
690,0.6013061854963212,0.8261802575107297,0.7090279354345259,0.7975962081029229,20,6524,528296800,528296800,212,364524792000,364524792000,141922,False
691,0.6374517832544863,0.8121166791323859,nan,nan,20,6685,528296800,528296800,220,365053088800,365053088800,142142,False
692,0.5979396321032164,0.8293612964728313,nan,nan,20,6294,528296800,528296800,207,365581385600,365581385600,142349,False
693,0.5819560014428165,0.8386947107949273,nan,nan,20,6466,528296800,528296800,214,366109682400,366109682400,142563,False
694,0.5449094465385397,0.8428434810328339,nan,nan,20,6274,528296800,528296800,207,366637979200,366637979200,142770,False
695,0.5574942476986756,0.837562656641604,nan,nan,20,6384,528296800,528296800,209,367166276000,367166276000,142979,False
696,0.5573285129428981,0.8355413430790315,nan,nan,20,6567,528296800,528296800,213,367694572800,367694572800,143192,False
697,0.5765399903474979,0.8257878739401696,nan,nan,20,6251,528296800,528296800,205,368222869600,368222869600,143397,False
698,0.611373896918464,0.8181952226481863,nan,nan,20,6782,528296800,528296800,222,368751166400,368751166400,143619,False
699,0.5114657294609122,0.8499330058061635,nan,nan,20,6717,528296800,528296800,220,369279463200,369279463200,143839,False
700,0.5645292517834952,0.8312107044978236,0.7169344994341355,0.794154158672836,20,6203,528296800,528296800,204,369807760000,369807760000,144043,False
701,0.6139452119002213,0.8124462781502493,nan,nan,20,5817,528296800,528296800,193,370336056800,370336056800,144236,False
702,0.5865633779452006,0.8266374863217133,nan,nan,20,6397,528296800,528296800,212,370864353600,370864353600,144448,False
703,0.5871200582510042,0.8339095145047347,nan,nan,20,6653,528296800,528296800,219,371392650400,371392650400,144667,False
704,0.676865157988857,0.8012144455097475,nan,nan,20,6258,528296800,528296800,203,371920947200,371920947200,144870,False
705,0.6222012014443128,0.8188612099644128,nan,nan,20,5620,528296800,528296800,184,372449244000,372449244000,145054,False
706,0.627688185175455,0.8180330551464572,nan,nan,20,6111,528296800,528296800,199,372977540800,372977540800,145253,False
707,0.5956474270507685,0.8274562989752863,nan,nan,20,6636,528296800,528296800,217,373505837600,373505837600,145470,False
708,0.5868608942967746,0.8312216486782418,nan,nan,20,6393,528296800,528296800,211,374034134400,374034134400,145681,False
709,0.6107827209854764,0.8221526535480024,nan,nan,20,6708,528296800,528296800,219,374562431200,374562431200,145900,False
710,0.5237453452951655,0.84370382531604,0.7024238278965099,0.7934206071549487,20,6091,528296800,528296800,201,375090728000,375090728000,146101,False
711,0.6572121621594741,0.8041791989868609,nan,nan,20,6317,528296800,528296800,207,375619024800,375619024800,146308,False
712,0.6333651360109908,0.8191471430979268,nan,nan,20,5933,528296800,528296800,193,376147321600,376147321600,146501,False
713,0.661477389882646,0.8165329052969502,nan,nan,20,6230,528296800,528296800,202,376675618400,376675618400,146703,False
714,0.5887826626957277,0.8316209170372643,nan,nan,20,6521,528296800,528296800,215,377203915200,377203915200,146918,False
715,0.6007271156983671,0.8298774740810556,nan,nan,20,6366,528296800,528296800,207,377732212000,377732212000,147125,False
716,0.6574503883327617,0.812470477090222,nan,nan,20,6351,528296800,528296800,207,378260508800,378260508800,147332,False
717,0.6218378546436566,0.820737039350406,nan,nan,20,6404,528296800,528296800,212,378788805600,378788805600,147544,False
718,0.5881024969788614,0.828098922773479,nan,nan,20,6591,528296800,528296800,217,379317102400,379317102400,147761,False
719,0.5879715897538417,0.8310867032784157,nan,nan,20,6009,528296800,528296800,197,379845399200,379845399200,147958,False
720,0.6528565521009007,0.8131720430107527,0.683931859691718,0.8041981717639093,20,5952,528296800,528296800,197,380373696000,380373696000,148155,False
721,0.6531008058351061,0.8134067033516759,nan,nan,20,5997,528296800,528296800,196,380901992800,380901992800,148351,False
722,0.6617743398700663,0.8050365556458164,nan,nan,20,6155,528296800,528296800,201,381430289600,381430289600,148552,False
723,0.7032637077184394,0.80167160020895,nan,nan,20,5743,528296800,528296800,189,381958586400,381958586400,148741,False
724,0.5905880062133123,0.831798750411049,nan,nan,20,6082,528296800,528296800,200,382486883200,382486883200,148941,False
725,0.637775100243993,0.8146050214329456,nan,nan,20,6532,528296800,528296800,214,383015180000,383015180000,149155,False
726,0.6647082054856299,0.8029985007496252,nan,nan,20,6670,528296800,528296800,216,383543476800,383543476800,149371,False
727,0.698004405351604,0.8075663282017688,nan,nan,20,6106,528296800,528296800,199,384071773600,384071773600,149570,False
728,0.6516349549406858,0.8103565365025467,nan,nan,20,5890,528296800,528296800,192,384600070400,384600070400,149762,False
729,0.6043905653348655,0.8180897738778266,nan,nan,20,5926,528296800,528296800,195,385128367200,385128367200,149957,False
730,0.6524822750402953,0.8106632407258713,0.6759974147164651,0.8053831396004966,20,6227,528296800,528296800,205,385656664000,385656664000,150162,False
731,0.6679329132303513,0.8074544542871469,nan,nan,20,5983,528296800,528296800,196,386184960800,386184960800,150358,False
732,0.5992432286842293,0.8246917483401833,nan,nan,20,6326,528296800,528296800,208,386713257600,386713257600,150566,False
733,0.6139472329020369,0.8176875099952023,nan,nan,20,6253,528296800,528296800,205,387241554400,387241554400,150771,False
734,0.5857793294921544,0.8325513670927035,nan,nan,20,6181,528296800,528296800,204,387769851200,387769851200,150975,False
735,0.5635869440424339,0.8249534450651769,nan,nan,20,6444,528296800,528296800,211,388298148000,388298148000,151186,False
736,0.601076625032725,0.8313953488372093,nan,nan,20,5848,528296800,528296800,192,388826444800,388826444800,151378,False
737,0.587760242866533,0.8269917689082156,nan,nan,20,6439,528296800,528296800,210,389354741600,389354741600,151588,False
738,0.5989915982272093,0.8272813388064414,nan,nan,20,6334,528296800,528296800,208,389883038400,389883038400,151796,False
739,0.6420253276534263,0.8137068692624249,nan,nan,20,6318,528296800,528296800,208,390411335200,390411335200,152004,False
740,0.6602798786368816,0.8086927889364505,0.705476046900033,0.7956212617086108,20,6074,528296800,528296800,197,390939632000,390939632000,152201,False
741,0.570475180441063,0.8247714048212801,nan,nan,20,6015,528296800,528296800,199,391467928800,391467928800,152400,False
742,0.6004686839561563,0.8224078159470533,nan,nan,20,6346,528296800,528296800,207,391996225600,391996225600,152607,False
743,0.5980630600684147,0.8255168157975933,nan,nan,20,6482,528296800,528296800,213,392524522400,392524522400,152820,False
744,0.6625427025579843,0.8065764023210832,nan,nan,20,6204,528296800,528296800,204,393052819200,393052819200,153024,False
745,0.6280419570922698,0.8189972769501842,nan,nan,20,6243,528296800,528296800,203,393581116000,393581116000,153227,False
746,0.5873824937811476,0.8268325487558843,nan,nan,20,5948,528296800,528296800,196,394109412800,394109412800,153423,False
747,0.5434892581393775,0.8388367161466223,nan,nan,20,6602,528296800,528296800,217,394637709600,394637709600,153640,False
748,0.5984973378299158,0.8208046161243789,nan,nan,20,6239,528296800,528296800,203,395166006400,395166006400,153843,False
749,0.5273053826477779,0.8382470119521912,nan,nan,20,6275,528296800,528296800,205,395694303200,395694303200,154048,False
750,0.6031925774696336,0.817118127905113,0.6695545839074099,0.8061166911183839,20,6239,528296800,528296800,206,396222600000,396222600000,154254,False
751,0.5681746642497779,0.8253160400591036,nan,nan,20,6091,528296800,528296800,200,396750896800,396750896800,154454,False
752,0.5272757990371331,0.8457152166829586,nan,nan,20,6138,528296800,528296800,200,397279193600,397279193600,154654,False
753,0.649687784021489,0.8150326797385621,nan,nan,20,6120,528296800,528296800,201,397807490400,397807490400,154855,False
754,0.6194495938859127,0.8215283483976993,nan,nan,20,6085,528296800,528296800,201,398335787200,398335787200,155056,False
755,0.6685838755952136,0.8036387477462711,nan,nan,20,6101,528296800,528296800,201,398864084000,398864084000,155257,False
756,0.5656870583355671,0.832549673896557,nan,nan,20,6593,528296800,528296800,214,399392380800,399392380800,155471,False
757,0.5177493402803386,0.8475308641975309,nan,nan,20,6480,528296800,528296800,210,399920677600,399920677600,155681,False
758,0.6175319581386597,0.8196566388407623,nan,nan,20,6349,528296800,528296800,210,400448974400,400448974400,155891,False
759,0.5565051688131601,0.8376508447304908,nan,nan,20,6215,528296800,528296800,203,400977271200,400977271200,156094,False
760,0.5674218411093681,0.8327379019162066,0.6616521023786468,0.8065681074370838,20,6158,528296800,528296800,199,401505568000,401505568000,156293,False
761,0.614905985723731,0.8288244766505636,nan,nan,20,6210,528296800,528296800,203,402033864800,402033864800,156496,False
762,0.5851693892200065,0.8230088495575221,nan,nan,20,6102,528296800,528296800,200,402562161600,402562161600,156696,False
763,0.5779356594345163,0.8315183571873055,nan,nan,20,6428,528296800,528296800,209,403090458400,403090458400,156905,False
764,0.6286087721613619,0.8238357843137255,nan,nan,20,6528,528296800,528296800,214,403618755200,403618755200,157119,False
765,0.6624286026285022,0.8038160469667319,nan,nan,20,6132,528296800,528296800,200,404147052000,404147052000,157319,False
766,0.6511911909052256,0.8029172882479695,nan,nan,20,6033,528296800,528296800,198,404675348800,404675348800,157517,False
767,0.6414773613333332,0.8132975151108126,nan,nan,20,5956,528296800,528296800,196,405203645600,405203645600,157713,False
768,0.6157375249515701,0.8219954648526077,nan,nan,20,6174,528296800,528296800,203,405731942400,405731942400,157916,False
769,0.5913278584877943,0.829807093963908,nan,nan,20,6428,528296800,528296800,209,406260239200,406260239200,158125,False
770,0.5589082548891426,0.8298306148055207,0.6594045141550182,0.8082609186322085,20,6376,528296800,528296800,209,406788536000,406788536000,158334,False
771,0.6156887571300682,0.8268473294469828,nan,nan,20,6347,528296800,528296800,208,407316832800,407316832800,158542,False
772,0.5827867246437364,0.8306402439024391,nan,nan,20,6560,528296800,528296800,215,407845129600,407845129600,158757,False
773,0.6473370423566934,0.8123841877702286,nan,nan,20,6476,528296800,528296800,212,408373426400,408373426400,158969,False
774,0.57834502891335,0.8311688311688312,nan,nan,20,6314,528296800,528296800,207,408901723200,408901723200,159176,False
775,0.5610962819516779,0.8406430466677072,nan,nan,20,6407,528296800,528296800,211,409430020000,409430020000,159387,False
776,0.5188630594509603,0.8490481856038072,nan,nan,20,6724,528296800,528296800,216,409958316800,409958316800,159603,False
777,0.6100263770336055,0.8276417525773195,nan,nan,20,6208,528296800,528296800,204,410486613600,410486613600,159807,False
778,0.6010067549255705,0.8225218080888184,nan,nan,20,6305,528296800,528296800,206,411014910400,411014910400,160013,False
779,0.5173027310171314,0.8513513513513513,nan,nan,20,6216,528296800,528296800,205,411543207200,411543207200,160218,False
780,0.6095336563157066,0.8242433795712484,0.6591102295973381,0.8103487191061957,20,6344,528296800,528296800,207,412071504000,412071504000,160425,False
781,0.6250511668359747,0.8253603189205765,nan,nan,20,6522,528296800,528296800,215,412599800800,412599800800,160640,False
782,0.5344577403161763,0.842024303953238,nan,nan,20,6501,528296800,528296800,213,413128097600,413128097600,160853,False
783,0.541021432196945,0.8368,nan,nan,20,6250,528296800,528296800,206,413656394400,413656394400,161059,False
784,0.5382461463756791,0.8448640483383686,nan,nan,20,6620,528296800,528296800,215,414184691200,414184691200,161274,False
785,0.5831928562368723,0.8342728297632469,nan,nan,20,6209,528296800,528296800,204,414712988000,414712988000,161478,False
786,0.5622599617560686,0.830168776371308,nan,nan,20,6636,528296800,528296800,217,415241284800,415241284800,161695,False
787,0.6230114675321804,0.8159693282213702,nan,nan,20,5999,528296800,528296800,197,415769581600,415769581600,161892,False
788,0.5329541687831287,0.8432533499532565,nan,nan,20,6418,528296800,528296800,210,416297878400,416297878400,162102,False
789,0.6234146934614009,0.8166614567052204,nan,nan,20,6398,528296800,528296800,210,416826175200,416826175200,162312,False
790,0.5875931165402087,0.8304904051172708,0.6419526153258688,0.8136214874167701,20,6566,528296800,528296800,213,417354472000,417354472000,162525,False
791,0.6400910422127002,0.8139415684264479,nan,nan,20,5853,528296800,528296800,192,417882768800,417882768800,162717,False
792,0.5837290083736695,0.8284089113604045,nan,nan,20,6329,528296800,528296800,209,418411065600,418411065600,162926,False
793,0.6086717490442121,0.8305400372439479,nan,nan,20,6444,528296800,528296800,210,418939362400,418939362400,163136,False
794,0.5853799396552849,0.8281896277441935,nan,nan,20,6286,528296800,528296800,204,419467659200,419467659200,163340,False
795,0.6063848619321629,0.8213995778535477,nan,nan,20,6159,528296800,528296800,202,419995956000,419995956000,163542,False
796,0.5416739138066116,0.8387043463890266,nan,nan,20,6051,528296800,528296800,199,420524252800,420524252800,163741,False
797,0.5143260880248288,0.8457012095456031,nan,nan,20,6118,528296800,528296800,201,421052549600,421052549600,163942,False
798,0.5252644286147921,0.8422476918178924,nan,nan,20,6282,528296800,528296800,205,421580846400,421580846400,164147,False
799,0.5559486140883549,0.8326543913964478,nan,nan,20,6137,528296800,528296800,201,422109143200,422109143200,164348,False
800,0.61215468130336,0.8195752834105061,0.6347711569245036,0.8167814016476695,20,6263,528296800,528296800,207,422637440000,422637440000,164555,False
801,0.5016708848368561,0.8503581438804111,nan,nan,20,6422,528296800,528296800,210,423165736800,423165736800,164765,False
802,0.5266377380992149,0.8428974600188147,nan,nan,20,6378,528296800,528296800,210,423694033600,423694033600,164975,False
803,0.5462732508225798,0.8331475879637,nan,nan,20,6281,528296800,528296800,205,424222330400,424222330400,165180,False
804,0.5628994229080393,0.8320256204963972,nan,nan,20,6245,528296800,528296800,204,424750627200,424750627200,165384,False
805,0.5212437737683253,0.8461874272409778,nan,nan,20,6872,528296800,528296800,223,425278924000,425278924000,165607,False
806,0.526511300169654,0.8465477114041893,nan,nan,20,6445,528296800,528296800,210,425807220800,425807220800,165817,False
807,0.6136700237306036,0.8238681810910254,nan,nan,20,6251,528296800,528296800,206,426335517600,426335517600,166023,False
808,0.4627379513950239,0.8637747336377474,nan,nan,20,6570,528296800,528296800,213,426863814400,426863814400,166236,False
809,0.5780149163336236,0.8243690165361184,nan,nan,20,5745,528296800,528296800,188,427392111200,427392111200,166424,False
810,0.5653780179317822,0.8328789093825181,0.6493094166814978,0.8075837941541587,20,6235,528296800,528296800,205,427920408000,427920408000,166629,False
811,0.6548094626035288,0.8072709953960946,nan,nan,20,6299,528296800,528296800,206,428448704800,428448704800,166835,False
812,0.5387728674670279,0.8425544886450236,nan,nan,20,6561,528296800,528296800,216,428977001600,428977001600,167051,False
813,0.5962413947003788,0.8187389130785357,nan,nan,20,6201,528296800,528296800,203,429505298400,429505298400,167254,False
814,0.5195577349019767,0.8486892534110072,nan,nan,20,6523,528296800,528296800,213,430033595200,430033595200,167467,False
815,0.5523072414012835,0.8375101050929669,nan,nan,20,6185,528296800,528296800,204,430561892000,430561892000,167671,False
816,0.5997307600554114,0.8218050065876152,nan,nan,20,6072,528296800,528296800,199,431090188800,431090188800,167870,False
817,0.6080805923187345,0.8254695373339441,nan,nan,20,6549,528296800,528296800,213,431618485600,431618485600,168083,False
818,0.5539331768981139,0.8334555050579094,nan,nan,20,6821,528296800,528296800,221,432146782400,432146782400,168304,False
819,0.4974700662820085,0.853448275862069,nan,nan,20,6264,528296800,528296800,205,432675079200,432675079200,168509,False
820,0.5501316239790187,0.8393096514745308,0.643406431806261,0.8079787834330211,20,5968,528296800,528296800,197,433203376000,433203376000,168706,False
821,0.5704272014132477,0.8278917145200985,nan,nan,20,6095,528296800,528296800,201,433731672800,433731672800,168907,False
822,0.6255592842920197,0.8154571476679575,nan,nan,20,5939,528296800,528296800,195,434259969600,434259969600,169102,False
823,0.5257755539527461,0.8474959612277867,nan,nan,20,6190,528296800,528296800,204,434788266400,434788266400,169306,False
824,0.4856979111427306,0.8541118166331113,nan,nan,20,6457,528296800,528296800,213,435316563200,435316563200,169519,False
825,0.5488248397168114,0.8388489208633093,nan,nan,20,6255,528296800,528296800,204,435844860000,435844860000,169723,False
826,0.5938650523565423,0.8306020355356218,nan,nan,20,5797,528296800,528296800,189,436373156800,436373156800,169912,False
827,0.5131821289775982,0.8468021814576103,nan,nan,20,6051,528296800,528296800,200,436901453600,436901453600,170112,False
828,0.5660887860371285,0.8368665120900961,nan,nan,20,6038,528296800,528296800,198,437429750400,437429750400,170310,False
829,0.5663858211713011,0.8309656823623304,nan,nan,20,6265,528296800,528296800,204,437958047200,437958047200,170514,False
830,0.5285578039771828,0.8400507775309426,0.6253364679170589,0.8153142986118949,20,6302,528296800,528296800,208,438486344000,438486344000,170722,False
831,0.6007006543464462,0.8264602176912463,nan,nan,20,6523,528296800,528296800,213,439014640800,439014640800,170935,False
832,0.4820748633324945,0.852882703777336,nan,nan,20,6539,528296800,528296800,214,439542937600,439542937600,171149,False
833,0.5301755469560219,0.8415612465288491,nan,nan,20,6482,528296800,528296800,213,440071234400,440071234400,171362,False
834,0.5639266244923948,0.8401708098215648,nan,nan,20,6557,528296800,528296800,213,440599531200,440599531200,171575,False
835,0.46662407133830425,0.8612505705157463,nan,nan,20,6573,528296800,528296800,215,441127828000,441127828000,171790,False
836,0.5382817143486515,0.8410426397468735,nan,nan,20,6637,528296800,528296800,217,441656124800,441656124800,172007,False
837,0.5346609936566343,0.8323000619962803,nan,nan,20,6452,528296800,528296800,209,442184421600,442184421600,172216,False
838,0.5235865967669852,0.8513598987982289,nan,nan,20,6324,528296800,528296800,208,442712718400,442712718400,172424,False
839,0.587813242676939,0.825,nan,nan,20,6320,528296800,528296800,205,443241015200,443241015200,172629,False
840,0.6042314730566952,0.8259288537549407,0.6136226767194606,0.8218034081932062,20,6325,528296800,528296800,207,443769312000,443769312000,172836,False
841,0.5070743684766599,0.8506894912030433,nan,nan,20,6309,528296800,528296800,206,444297608800,444297608800,173042,False
842,0.5770777040598721,0.8288554123311073,nan,nan,20,6439,528296800,528296800,210,444825905600,444825905600,173252,False
843,0.5015522860619654,0.8453911696359411,nan,nan,20,6455,528296800,528296800,212,445354202400,445354202400,173464,False
844,0.5467154057621675,0.8351440717997166,nan,nan,20,6351,528296800,528296800,208,445882499200,445882499200,173672,False
845,0.5834517169955266,0.8235014272121789,nan,nan,20,6306,528296800,528296800,204,446410796000,446410796000,173876,False
846,0.6094011371352186,0.8264163372859025,nan,nan,20,6072,528296800,528296800,199,446939092800,446939092800,174075,False
847,0.5591297418829521,0.8420110641067361,nan,nan,20,6146,528296800,528296800,202,447467389600,447467389600,174277,False
848,0.5050130160278882,0.8537906137184116,nan,nan,20,6648,528296800,528296800,217,447995686400,447995686400,174494,False
849,0.5842798379202052,0.8242868785656071,nan,nan,20,6135,528296800,528296800,200,448523983200,448523983200,174694,False
850,0.5509852806572694,0.8362769339456022,0.6171528482905307,0.8194898995598691,20,5662,528296800,528296800,186,449052280000,449052280000,174880,False
851,0.5243392919279811,0.838021778584392,nan,nan,20,6612,528296800,528296800,216,449580576800,449580576800,175096,False
852,0.504663972674324,0.8429220881015833,nan,nan,20,6379,528296800,528296800,208,450108873600,450108873600,175304,False
853,0.587167913472197,0.8259707593145732,nan,nan,20,6361,528296800,528296800,209,450637170400,450637170400,175513,False
854,0.6112817373350394,0.8237566393046837,nan,nan,20,6213,528296800,528296800,202,451165467200,451165467200,175715,False
855,0.5071814845734909,0.848646110502426,nan,nan,20,6389,528296800,528296800,209,451693764000,451693764000,175924,False
856,0.48527080660669386,0.8594681708299758,nan,nan,20,6205,528296800,528296800,200,452222060800,452222060800,176124,False
857,0.5414100928267918,0.8447246184472462,nan,nan,20,6028,528296800,528296800,196,452750357600,452750357600,176320,False
858,0.5075515820365692,0.8439315955503902,nan,nan,20,6023,528296800,528296800,197,453278654400,453278654400,176517,False
859,0.4868221379597903,0.8602044180679196,nan,nan,20,6066,528296800,528296800,198,453806951200,453806951200,176715,False
860,0.5381622510220463,0.8389882788402221,0.6069309887021272,0.8238347816273558,20,6484,528296800,528296800,214,454335248000,454335248000,176929,False
861,0.5746746259046372,0.8337852927101611,nan,nan,20,6269,528296800,528296800,204,454863544800,454863544800,177133,False
862,0.487202445167424,0.8599549211119459,nan,nan,20,6655,528296800,528296800,217,455391841600,455391841600,177350,False
863,0.5154456242913065,0.8503961965134706,nan,nan,20,6310,528296800,528296800,205,455920138400,455920138400,177555,False
864,0.5040160621343349,0.8476466992665037,nan,nan,20,6544,528296800,528296800,214,456448435200,456448435200,177769,False
865,0.49528285715152,0.8499772001823985,nan,nan,20,6579,528296800,528296800,214,456976732000,456976732000,177983,False
866,0.5672788605717479,0.8363874345549738,nan,nan,20,6112,528296800,528296800,202,457505028800,457505028800,178185,False
867,0.5334307379080211,0.8455650607834309,nan,nan,20,6663,528296800,528296800,219,458033325600,458033325600,178404,False
868,0.5239794578870189,0.845236149697663,nan,nan,20,6119,528296800,528296800,199,458561622400,458561622400,178603,False
869,0.6563717056928484,0.8036357680969538,nan,nan,20,6106,528296800,528296800,201,459089919200,459089919200,178804,False
870,0.561270888340706,0.8377659574468085,0.604735282443875,0.8242861979460557,20,6016,528296800,528296800,199,459618216000,459618216000,179003,False
871,0.5448170583456118,0.839429227488929,nan,nan,20,6097,528296800,528296800,201,460146512800,460146512800,179204,False
872,0.5399862352139162,0.8374075265358636,nan,nan,20,6218,528296800,528296800,203,460674809600,460674809600,179407,False
873,0.5402580261686386,0.8376664552948636,nan,nan,20,6308,528296800,528296800,208,461203106400,461203106400,179615,False
874,0.5113243688823076,0.8481788079470198,nan,nan,20,6040,528296800,528296800,200,461731403200,461731403200,179815,False
875,0.5904094211260478,0.8266666666666667,nan,nan,20,6300,528296800,528296800,206,462259700000,462259700000,180021,False
876,0.5926278048644592,0.8210510644633021,nan,nan,20,6717,528296800,528296800,220,462787996800,462787996800,180241,False
877,0.6619022818563204,0.8070879888268156,nan,nan,20,5728,528296800,528296800,188,463316293600,463316293600,180429,False
878,0.4912628530842,0.8529318541996831,nan,nan,20,6310,528296800,528296800,206,463844590400,463844590400,180635,False
879,0.5078522853188744,0.848522745036736,nan,nan,20,6397,528296800,528296800,208,464372887200,464372887200,180843,False
880,0.5601625409903477,0.832365405744781,0.6011214140723163,0.8262611443403679,20,6371,528296800,528296800,209,464901184000,464901184000,181052,False
881,0.5084802631214117,0.8510019392372333,nan,nan,20,6188,528296800,528296800,202,465429480800,465429480800,181254,False
882,0.5415786503885109,0.838503964150293,nan,nan,20,5802,528296800,528296800,191,465957777600,465957777600,181445,False
883,0.5476816770688303,0.8332775359892869,nan,nan,20,5974,528296800,528296800,195,466486074400,466486074400,181640,False
884,0.5507160971506525,0.8376996805111822,nan,nan,20,6260,528296800,528296800,203,467014371200,467014371200,181843,False
885,0.5145100408882667,0.8508799012040753,nan,nan,20,6478,528296800,528296800,212,467542668000,467542668000,182055,False
886,0.4858069517262606,0.8495200911013503,nan,nan,20,6147,528296800,528296800,200,468070964800,468070964800,182255,False
887,0.6337452410677148,0.8167574931880109,nan,nan,20,5872,528296800,528296800,193,468599261600,468599261600,182448,False
888,0.5875931481885918,0.8177952240758914,nan,nan,20,6114,528296800,528296800,202,469127558400,469127558400,182650,False
889,0.5380561663772219,0.8389250814332248,nan,nan,20,6140,528296800,528296800,201,469655855200,469655855200,182851,False
890,0.5146019272853979,0.8477740545715653,0.5912360365874287,0.8284053718541925,20,6267,528296800,528296800,207,470184152000,470184152000,183058,False
891,0.5852835111923156,0.8326680504550535,nan,nan,20,6263,528296800,528296800,206,470712448800,470712448800,183264,False
892,0.48813998745016596,0.8533706119913016,nan,nan,20,6438,528296800,528296800,212,471240745600,471240745600,183476,False
893,0.4872474515325028,0.8510088781275222,nan,nan,20,6195,528296800,528296800,203,471769042400,471769042400,183679,False
894,0.48637628966404256,0.8543704393727682,nan,nan,20,6441,528296800,528296800,213,472297339200,472297339200,183892,False
895,0.5388873691629602,0.8414445133292002,nan,nan,20,6452,528296800,528296800,213,472825636000,472825636000,184105,False
896,0.4748484242584679,0.8625599752360316,nan,nan,20,6461,528296800,528296800,211,473353932800,473353932800,184316,False
897,0.5097706606808091,0.848750405712431,nan,nan,20,6162,528296800,528296800,200,473882229600,473882229600,184516,False
898,0.4724103131486281,0.8627833658609818,nan,nan,20,6661,528296800,528296800,218,474410526400,474410526400,184734,False
899,0.512587061512092,0.8467363319703165,nan,nan,20,6603,528296800,528296800,215,474938823200,474938823200,184949,False
900,0.5941369631835197,0.8244104525175271,0.5883480645089774,0.8284053718541925,20,6276,528296800,528296800,205,475467120000,475467120000,185154,False
901,0.5204193829386097,0.8467570658389152,nan,nan,20,6121,528296800,528296800,201,475995416800,475995416800,185355,False
902,0.47711315230729223,0.8544600938967136,nan,nan,20,6177,528296800,528296800,201,476523713600,476523713600,185556,False
903,0.5163701484119356,0.8457124641377112,nan,nan,20,6274,528296800,528296800,209,477052010400,477052010400,185765,False
904,0.5246036228752373,0.8425849212924607,nan,nan,20,6035,528296800,528296800,197,477580307200,477580307200,185962,False
905,0.5783397005437172,0.8323630136986301,nan,nan,20,5840,528296800,528296800,194,478108604000,478108604000,186156,False
906,0.577723536241767,0.8341677096370463,nan,nan,20,6392,528296800,528296800,210,478636900800,478636900800,186366,False
907,0.5182674323681178,0.8459214501510574,nan,nan,20,6289,528296800,528296800,206,479165197600,479165197600,186572,False
908,0.582756821123063,0.8314233516027238,nan,nan,20,6021,528296800,528296800,197,479693494400,479693494400,186769,False
909,0.5096296222758253,0.8492392807745505,nan,nan,20,6507,528296800,528296800,213,480221791200,480221791200,186982,False
910,0.5380168681022195,0.8389377478875668,0.5918224771153832,0.8251890305834556,20,5799,528296800,528296800,192,480750088000,480750088000,187174,False
911,0.510695175998208,0.8536782538399353,nan,nan,20,6185,528296800,528296800,205,481278384800,481278384800,187379,False
912,0.6202394407444434,0.8132857628270472,nan,nan,20,5886,528296800,528296800,196,481806681600,481806681600,187575,False
913,0.4890841703260201,0.8543417366946778,nan,nan,20,6426,528296800,528296800,209,482334978400,482334978400,187784,False
914,0.5060174478104907,0.8508601103537813,nan,nan,20,6162,528296800,528296800,202,482863275200,482863275200,187986,False
915,0.4734840558227367,0.8545343883140597,nan,nan,20,6572,528296800,528296800,213,483391572000,483391572000,188199,False
916,0.5629219202414284,0.8367218282111899,nan,nan,20,6345,528296800,528296800,208,483919868800,483919868800,188407,False
917,0.489582727405477,0.8608786610878661,nan,nan,20,6692,528296800,528296800,217,484448165600,484448165600,188624,False
918,0.4813057461039421,0.8480024491045461,nan,nan,20,6533,528296800,528296800,215,484976462400,484976462400,188839,False
919,0.5018538440010192,0.8489841625339946,nan,nan,20,6251,528296800,528296800,206,485504759200,485504759200,189045,False
920,0.49683021684668105,0.8514433992864093,0.5881846075993792,0.8271075499379302,20,6166,528296800,528296800,201,486033056000,486033056000,189246,False
921,0.5588730984625536,0.8373243933588761,nan,nan,20,6264,528296800,528296800,206,486561352800,486561352800,189452,False
922,0.6560459222385867,0.8057291666666667,nan,nan,20,5760,528296800,528296800,189,487089649600,487089649600,189641,False
923,0.4638491228316762,0.8638955582232893,nan,nan,20,6664,528296800,528296800,216,487617946400,487617946400,189857,False
924,0.5706604904881217,0.8260146373918829,nan,nan,20,6012,528296800,528296800,199,488146243200,488146243200,190056,False
925,0.479459545902368,0.8563676986913501,nan,nan,20,6266,528296800,528296800,205,488674540000,488674540000,190261,False
926,0.5395764159878655,0.8342079370285339,nan,nan,20,6098,528296800,528296800,200,489202836800,489202836800,190461,False
927,0.5608479273682497,0.8387942332896461,nan,nan,20,6104,528296800,528296800,200,489731133600,489731133600,190661,False
928,0.458350260356968,0.8632923368022706,nan,nan,20,6342,528296800,528296800,207,490259430400,490259430400,190868,False
929,0.5210591579083499,0.8445021645021645,nan,nan,20,5775,528296800,528296800,190,490787727200,490787727200,191058,False
930,0.5466894103781655,0.8387456224132442,0.5819679931800019,0.8293082044915924,20,6282,528296800,528296800,207,491316024000,491316024000,191265,False
931,0.5742293823069611,0.8289386947923534,nan,nan,20,6068,528296800,528296800,200,491844320800,491844320800,191465,False
932,0.5906293130033626,0.8250704692422484,nan,nan,20,6031,528296800,528296800,197,492372617600,492372617600,191662,False
933,0.6215889419943927,0.8288423153692615,nan,nan,20,6012,528296800,528296800,197,492900914400,492900914400,191859,False
934,0.5157036481210466,0.8491302227280118,nan,nan,20,6151,528296800,528296800,200,493429211200,493429211200,192059,False
935,0.5447567464868671,0.8358472400513479,nan,nan,20,6232,528296800,528296800,205,493957508000,493957508000,192264,False
936,0.5563334182848092,0.8346601347213717,nan,nan,20,6532,528296800,528296800,215,494485804800,494485804800,192479,False
937,0.5012483322181599,0.8469516027655563,nan,nan,20,6364,528296800,528296800,207,495014101600,495014101600,192686,False
938,0.4342570109542983,0.8672985781990521,nan,nan,20,6330,528296800,528296800,206,495542398400,495542398400,192892,False
939,0.459791015334668,0.8633093525179856,nan,nan,20,6533,528296800,528296800,213,496070695200,496070695200,193105,False
940,0.6479666886638257,0.8126947679186485,0.5735595130231603,0.8321859835233044,20,6097,528296800,528296800,202,496598992000,496598992000,193307,False
941,0.44456018523570656,0.8654769046190762,nan,nan,20,6668,528296800,528296800,217,497127288800,497127288800,193524,False
942,0.5262331156138297,0.8505710149589835,nan,nan,20,6217,528296800,528296800,205,497655585600,497655585600,193729,False
943,0.4571006069708181,0.8629302467255558,nan,nan,20,6566,528296800,528296800,213,498183882400,498183882400,193942,False
944,0.5313085971536663,0.8456486042692939,nan,nan,20,6699,528296800,528296800,221,498712179200,498712179200,194163,False
945,0.5720485817349185,0.831524303916942,nan,nan,20,6357,528296800,528296800,208,499240476000,499240476000,194371,False
946,0.5317542758376059,0.8411599934091284,nan,nan,20,6069,528296800,528296800,197,499768772800,499768772800,194568,False
947,0.47258261213963093,0.8587927317523868,nan,nan,20,6494,528296800,528296800,211,500297069600,500297069600,194779,False
948,0.5207475848168885,0.8447385409941898,nan,nan,20,6196,528296800,528296800,202,500825366400,500825366400,194981,False
949,0.4788488438680273,0.8635852993099021,nan,nan,20,6231,528296800,528296800,206,501353663200,501353663200,195187,False
950,0.5498007301345981,0.8363895036357888,0.570480068325122,0.8339352217582665,20,6326,528296800,528296800,208,501881960000,501881960000,195395,False
951,0.5805017856919036,0.8242984693877551,nan,nan,20,6272,528296800,528296800,204,502410256800,502410256800,195599,False
952,0.5434818176814163,0.8374392220421394,nan,nan,20,6170,528296800,528296800,204,502938553600,502938553600,195803,False
953,0.5003799120523068,0.8493840013881658,nan,nan,20,5763,528296800,528296800,192,503466850400,503466850400,195995,False
954,0.4945061678944849,0.855686274509804,nan,nan,20,6375,528296800,528296800,205,503995147200,503995147200,196200,False
955,0.48611567724569466,0.85589801516863,nan,nan,20,6197,528296800,528296800,202,504523444000,504523444000,196402,False
956,0.48566257369005755,0.8570072761784245,nan,nan,20,6322,528296800,528296800,208,505051740800,505051740800,196610,False
957,0.49678252419782826,0.8534857510867815,nan,nan,20,6211,528296800,528296800,204,505580037600,505580037600,196814,False
958,0.4864494575368439,0.8541130131798212,nan,nan,20,6601,528296800,528296800,217,506108334400,506108334400,197031,False
959,0.49277744864816664,0.85370611183355,nan,nan,20,6152,528296800,528296800,204,506636631200,506636631200,197235,False
960,0.5591897072851895,0.8328363154406891,0.568082078902881,0.8327502539216792,20,6036,528296800,528296800,199,507164928000,507164928000,197434,False
961,0.5463002943138298,0.8381110190555096,nan,nan,20,6035,528296800,528296800,197,507693224800,507693224800,197631,False
962,0.501743202143497,0.8420116429495472,nan,nan,20,6184,528296800,528296800,202,508221521600,508221521600,197833,False
963,0.4320281843329035,0.8690953998147577,nan,nan,20,6478,528296800,528296800,212,508749818400,508749818400,198045,False
964,0.5255745784779884,0.845830639948287,nan,nan,20,6188,528296800,528296800,205,509278115200,509278115200,198250,False
965,0.446632208179749,0.8612001832340815,nan,nan,20,6549,528296800,528296800,215,509806412000,509806412000,198465,False
966,0.5184516590704105,0.845575004089645,nan,nan,20,6113,528296800,528296800,200,510334708800,510334708800,198665,False
967,0.49880386415416317,0.8533805636839673,nan,nan,20,6493,528296800,528296800,213,510863005600,510863005600,198878,False
968,0.464299803529067,0.8627332931968693,nan,nan,20,6644,528296800,528296800,217,511391302400,511391302400,199095,False
969,0.47126829177255025,0.8582123758594347,nan,nan,20,6545,528296800,528296800,216,511919599200,511919599200,199311,False
970,0.5178611593854242,0.8431501230516817,0.5667190204394777,0.8337659406387541,20,6095,528296800,528296800,201,512447896000,512447896000,199512,False
971,0.479476964571444,0.8572382701619636,nan,nan,20,5989,528296800,528296800,197,512976192800,512976192800,199709,False
972,0.4671601336432122,0.8571207908557306,nan,nan,20,6474,528296800,528296800,210,513504489600,513504489600,199919,False
973,0.42673761296840157,0.8668895304664944,nan,nan,20,6581,528296800,528296800,215,514032786400,514032786400,200134,False
974,0.41896694518034916,0.8719832109129066,nan,nan,20,6671,528296800,528296800,217,514561083200,514561083200,200351,False
975,0.5500230413067511,0.8372656755009696,nan,nan,20,6188,528296800,528296800,204,515089380000,515089380000,200555,False
976,0.5643085302968723,0.8324712164191557,nan,nan,20,5993,528296800,528296800,197,515617676800,515617676800,200752,False
977,0.4923698623865986,0.8550208881324463,nan,nan,20,6463,528296800,528296800,211,516145973600,516145973600,200963,False
978,0.44393887416141986,0.8616092683701,nan,nan,20,6301,528296800,528296800,205,516674270400,516674270400,201168,False
979,0.49289487931719156,0.8545173745173745,nan,nan,20,6475,528296800,528296800,210,517202567200,517202567200,201378,False
980,0.5075851491190193,0.8497417436218501,0.5643194677423186,0.8357408870330663,20,6389,528296800,528296800,207,517730864000,517730864000,201585,False
981,0.46079193586962996,0.8665926395939086,nan,nan,20,6304,528296800,528296800,207,518259160800,518259160800,201792,False
982,0.592967956661928,0.8325503355704698,nan,nan,20,5960,528296800,528296800,197,518787457600,518787457600,201989,False
983,0.4744433720245377,0.8558441558441559,nan,nan,20,6160,528296800,528296800,201,519315754400,519315754400,202190,False
984,0.5284553484341904,0.8437050071988482,nan,nan,20,6251,528296800,528296800,205,519844051200,519844051200,202395,False
985,0.46776054852353594,0.8561568627450981,nan,nan,20,6375,528296800,528296800,208,520372348000,520372348000,202603,False
986,0.475525081279244,0.8587828274885988,nan,nan,20,6359,528296800,528296800,209,520900644800,520900644800,202812,False
987,0.4838626586231631,0.8540506127646029,nan,nan,20,6283,528296800,528296800,205,521428941600,521428941600,203017,False
988,0.4507806851379911,0.8622305529522024,nan,nan,20,6402,528296800,528296800,209,521957238400,521957238400,203226,False
989,0.5236071427790527,0.8380999342537804,nan,nan,20,6084,528296800,528296800,200,522485535200,522485535200,203426,False
990,0.46653991065702616,0.8581929555895865,0.5598902631163826,0.8363051574314412,20,6530,528296800,528296800,214,523013832000,523013832000,203640,False
991,0.47837799696090666,0.8596224116930572,nan,nan,20,6568,528296800,528296800,213,523542128800,523542128800,203853,False
992,0.4543699613996467,0.8684637869438129,nan,nan,20,6158,528296800,528296800,203,524070425600,524070425600,204056,False
993,0.5061616887512634,0.8466042154566745,nan,nan,20,5978,528296800,528296800,195,524598722400,524598722400,204251,False
994,0.493227681839483,0.8403600189483657,nan,nan,20,6333,528296800,528296800,208,525127019200,525127019200,204459,False
995,0.6123840822203254,0.8264462809917356,nan,nan,20,5808,528296800,528296800,193,525655316000,525655316000,204652,False
996,0.45913336434515406,0.8648072190319934,nan,nan,20,6095,528296800,528296800,201,526183612800,526183612800,204853,False
997,0.4886085303394642,0.8557391692719964,nan,nan,20,6717,528296800,528296800,220,526711909600,526711909600,205073,False
998,0.5205806297319682,0.8427662957074722,nan,nan,20,6290,528296800,528296800,204,527240206400,527240206400,205277,False
999,0.49785701373503866,0.8503380454824832,nan,nan,20,6508,528296800,528296800,216,527768503200,527768503200,205493,False
1000,0.4830278312746115,0.8532124939310568,0.5545422030469255,0.8362487303916036,20,6179,528296800,528296800,203,528296800000,528296800000,205696,True
