round,train_loss,train_accuracy,test_loss,test_accuracy,num_fit_clients,num_fit_examples,round_upload_bytes,round_download_bytes,round_local_steps,cumulative_upload_bytes,cumulative_download_bytes,cumulative_local_steps,run_completed
1,4.102535708747761,0.03071724773460298,nan,nan,20,6511,528296800,528296800,214,528296800,528296800,214,False
2,3.7718179565222703,0.055846422338568937,nan,nan,20,6303,528296800,528296800,209,1056593600,1056593600,423,False
3,3.7451028136264393,0.0569283703472005,nan,nan,20,6394,528296800,528296800,210,1584890400,1584890400,633,False
4,3.781331001770974,0.0638060296698038,nan,nan,20,6269,528296800,528296800,204,2113187200,2113187200,837,False
5,3.738994953000244,0.06804966210906804,nan,nan,20,6363,528296800,528296800,208,2641484000,2641484000,1045,False
6,3.709037204669676,0.06896035901271504,nan,nan,20,6685,528296800,528296800,220,3169780800,3169780800,1265,False
7,3.6822455436480004,0.07451042827575227,nan,nan,20,6281,528296800,528296800,205,3698077600,3698077600,1470,False
8,3.6864988234142135,0.06921555702043507,nan,nan,20,6068,528296800,528296800,198,4226374400,4226374400,1668,False
9,3.7145943860775548,0.07981453883093227,nan,nan,20,6039,528296800,528296800,198,4754671200,4754671200,1866,False
10,3.6747770539923263,0.08462380728922259,3.6722205162532657,0.07329872474889967,20,6393,528296800,528296800,208,5282968000,5282968000,2074,False
11,3.622721233922574,0.08159722222222222,nan,nan,20,5760,528296800,528296800,191,5811264800,5811264800,2265,False
12,3.6190192443770623,0.08641202254226675,nan,nan,20,6388,528296800,528296800,211,6339561600,6339561600,2476,False
13,3.5672758048978346,0.1067398119122257,nan,nan,20,6380,528296800,528296800,208,6867858400,6867858400,2684,False
14,3.521165671298962,0.12561199510403917,nan,nan,20,6536,528296800,528296800,214,7396155200,7396155200,2898,False
15,3.4450333293484805,0.1402894135567403,nan,nan,20,6565,528296800,528296800,216,7924452000,7924452000,3114,False
16,3.4514110686290485,0.13115250643646828,nan,nan,20,6603,528296800,528296800,216,8452748800,8452748800,3330,False
17,3.4017832751544015,0.14422769427566356,nan,nan,20,6254,528296800,528296800,206,8981045600,8981045600,3536,False
18,3.315999068404348,0.1845967619912241,nan,nan,20,6609,528296800,528296800,215,9509342400,9509342400,3751,False
19,3.2691065921975513,0.19240898528272657,nan,nan,20,6455,528296800,528296800,212,10037639200,10037639200,3963,False
20,3.102243022936692,0.24037101084735105,3.066684472938919,0.274235413610202,20,6361,528296800,528296800,209,10565936000,10565936000,4172,False
21,3.042939948254591,0.25330906684315024,nan,nan,20,6044,528296800,528296800,199,11094232800,11094232800,4371,False
22,2.936643973488844,0.27908396946564884,nan,nan,20,6550,528296800,528296800,214,11622529600,11622529600,4585,False
23,2.842752147464688,0.306070826306914,nan,nan,20,5930,528296800,528296800,195,12150826400,12150826400,4780,False
24,2.7754694230138917,0.3138161273754494,nan,nan,20,5841,528296800,528296800,192,12679123200,12679123200,4972,False
25,2.5924825267509948,0.3519440124416796,nan,nan,20,6430,528296800,528296800,211,13207420000,13207420000,5183,False
26,2.4690178685123985,0.37384452189725714,nan,nan,20,6599,528296800,528296800,216,13735716800,13735716800,5399,False
27,2.352576119909408,0.39981302586475537,nan,nan,20,6418,528296800,528296800,210,14264013600,14264013600,5609,False
28,2.303512292952659,0.41377016464327293,nan,nan,20,6013,528296800,528296800,199,14792310400,14792310400,5808,False
29,2.2221729423587826,0.43324816352603,nan,nan,20,6262,528296800,528296800,204,15320607200,15320607200,6012,False
30,2.305746296312407,0.40565118544982137,2.2358324195445087,0.4152465861640898,20,6158,528296800,528296800,203,15848904000,15848904000,6215,False
31,2.15329061838678,0.4529026067487606,nan,nan,20,6253,528296800,528296800,206,16377200800,16377200800,6421,False
32,2.0662633621805577,0.4631258457374831,nan,nan,20,5912,528296800,528296800,195,16905497600,16905497600,6616,False
33,1.9685873365008624,0.4790583919290737,nan,nan,20,6542,528296800,528296800,214,17433794400,17433794400,6830,False
34,1.8687583431058867,0.5121648845498218,nan,nan,20,6453,528296800,528296800,213,17962091200,17962091200,7043,False
35,1.9450070844792393,0.4971896579412237,nan,nan,20,6227,528296800,528296800,206,18490388000,18490388000,7249,False
36,1.7212564468820593,0.5435717699537996,nan,nan,20,6277,528296800,528296800,206,19018684800,19018684800,7455,False
37,1.7886303820005627,0.5209081999346619,nan,nan,20,6122,528296800,528296800,201,19546981600,19546981600,7656,False
38,1.5041153647470518,0.6043111245100995,nan,nan,20,6634,528296800,528296800,215,20075278400,20075278400,7871,False
39,1.4986328972558838,0.5974554707379135,nan,nan,20,5895,528296800,528296800,195,20603575200,20603575200,8066,False
40,1.6199025528610878,0.5599513085818625,1.7922358877730684,0.5290599255163074,20,6572,528296800,528296800,216,21131872000,21131872000,8282,False
41,1.5024500366755504,0.5955907101985863,nan,nan,20,5942,528296800,528296800,196,21660168800,21660168800,8478,False
42,1.6031569672081778,0.5756516211061665,nan,nan,20,6292,528296800,528296800,207,22188465600,22188465600,8685,False
43,1.5305889624919244,0.5985053267610113,nan,nan,20,6289,528296800,528296800,207,22716762400,22716762400,8892,False
44,1.430901361605091,0.6193081255028158,nan,nan,20,6215,528296800,528296800,204,23245059200,23245059200,9096,False
45,1.3590417294454216,0.635330126803673,nan,nan,20,6861,528296800,528296800,225,23773356000,23773356000,9321,False
46,1.2885841931229556,0.6522428277064511,nan,nan,20,6309,528296800,528296800,206,24301652800,24301652800,9527,False
47,1.4147896463674827,0.6195524146054181,nan,nan,20,5943,528296800,528296800,194,24829949600,24829949600,9721,False
48,1.4187242155147117,0.6279508970727101,nan,nan,20,6354,528296800,528296800,207,25358246400,25358246400,9928,False
49,1.3186701208130445,0.6418273406287998,nan,nan,20,5757,528296800,528296800,189,25886543200,25886543200,10117,False
50,1.2471258298241514,0.6663535306090497,1.425718371505703,0.6108791332806681,20,6387,528296800,528296800,208,26414840000,26414840000,10325,False
51,1.2751884367957615,0.6544585987261147,nan,nan,20,6280,528296800,528296800,205,26943136800,26943136800,10530,False
52,1.1660664533995928,0.6890922959572845,nan,nan,20,6555,528296800,528296800,212,27471433600,27471433600,10742,False
53,1.2775154419374177,0.6527162317413425,nan,nan,20,6093,528296800,528296800,200,27999730400,27999730400,10942,False
54,1.1735777383618253,0.6769518466573166,nan,nan,20,6417,528296800,528296800,211,28528027200,28528027200,11153,False
55,1.1537665446939078,0.6973977695167286,nan,nan,20,6725,528296800,528296800,221,29056324000,29056324000,11374,False
56,1.1283799861991701,0.6834001603849238,nan,nan,20,6235,528296800,528296800,204,29584620800,29584620800,11578,False
57,1.141642003378187,0.6852358718402833,nan,nan,20,6211,528296800,528296800,202,30112917600,30112917600,11780,False
58,1.1700826594724234,0.6817670682730924,nan,nan,20,6225,528296800,528296800,203,30641214400,30641214400,11983,False
59,1.0408579169869914,0.7168724279835391,nan,nan,20,6075,528296800,528296800,199,31169511200,31169511200,12182,False
60,1.093738998178628,0.6927831865244939,1.1989614196292382,0.6620020313734342,20,6471,528296800,528296800,213,31697808000,31697808000,12395,False
61,0.999448513146416,0.7225305216426193,nan,nan,20,6307,528296800,528296800,207,32226104800,32226104800,12602,False
62,0.9899613280113666,0.7217741935483871,nan,nan,20,6200,528296800,528296800,202,32754401600,32754401600,12804,False
63,1.0301923062448441,0.7147390131683325,nan,nan,20,6303,528296800,528296800,205,33282698400,33282698400,13009,False
64,0.9699565232834981,0.7319571131381021,nan,nan,20,6249,528296800,528296800,205,33810995200,33810995200,13214,False
65,0.9787758477823677,0.7255665722379604,nan,nan,20,5648,528296800,528296800,187,34339292000,34339292000,13401,False
66,0.9548439661890045,0.7375139620232967,nan,nan,20,6267,528296800,528296800,205,34867588800,34867588800,13606,False
67,0.9126622733510689,0.7463406787839794,nan,nan,20,6217,528296800,528296800,204,35395885600,35395885600,13810,False
68,0.9104208748310396,0.7482898009950248,nan,nan,20,6432,528296800,528296800,210,35924182400,35924182400,14020,False
69,0.8513766878265004,0.7566545912742164,nan,nan,20,6349,528296800,528296800,208,36452479200,36452479200,14228,False
70,0.8989263661364192,0.7514569223499764,1.0219368789336198,0.7105292856336757,20,6349,528296800,528296800,208,36980776000,36980776000,14436,False
71,0.9102689073755091,0.7429777561292418,nan,nan,20,6159,528296800,528296800,203,37509072800,37509072800,14639,False
72,0.876325118574036,0.7479473276529822,nan,nan,20,6455,528296800,528296800,211,38037369600,38037369600,14850,False
73,0.8810016315284598,0.7547169811320755,nan,nan,20,6413,528296800,528296800,212,38565666400,38565666400,15062,False
74,0.9026194438845889,0.748221044663134,nan,nan,20,6605,528296800,528296800,216,39093963200,39093963200,15278,False
75,0.8352560041733594,0.7604012497944417,nan,nan,20,6081,528296800,528296800,200,39622260000,39622260000,15478,False
76,0.8331661369379266,0.7677108433734939,nan,nan,20,6225,528296800,528296800,204,40150556800,40150556800,15682,False
77,0.8021941080457559,0.7719353816914792,nan,nan,20,6314,528296800,528296800,206,40678853600,40678853600,15888,False
78,0.7830454507422588,0.7810447294338442,nan,nan,20,6394,528296800,528296800,210,41207150400,41207150400,16098,False
79,0.8694116719124306,0.7534716549583401,nan,nan,20,6121,528296800,528296800,201,41735447200,41735447200,16299,False
80,0.8052674862722655,0.7744701504610905,0.8988779775849611,0.7449497799345446,20,6181,528296800,528296800,203,42263744000,42263744000,16502,False
81,0.7068066761182216,0.7989792558445835,nan,nan,20,6074,528296800,528296800,199,42792040800,42792040800,16701,False
82,0.7813924096539662,0.7841858910063524,nan,nan,20,5982,528296800,528296800,194,43320337600,43320337600,16895,False
83,0.717604070483401,0.7977716727716728,nan,nan,20,6552,528296800,528296800,212,43848634400,43848634400,17107,False
84,0.7964899340770071,0.7722380500158278,nan,nan,20,6318,528296800,528296800,207,44376931200,44376931200,17314,False
85,0.7036970765411518,0.7992684042066758,nan,nan,20,6561,528296800,528296800,215,44905228000,44905228000,17529,False
86,0.7686078493299905,0.7816813048933501,nan,nan,20,6376,528296800,528296800,209,45433524800,45433524800,17738,False
87,0.7068977980401944,0.7959860673411843,nan,nan,20,6029,528296800,528296800,196,45961821600,45961821600,17934,False
88,0.7053858102826583,0.7967776257789938,nan,nan,20,6579,528296800,528296800,213,46490118400,46490118400,18147,False
89,0.6888781261697104,0.7991387265456783,nan,nan,20,6502,528296800,528296800,209,47018415200,47018415200,18356,False
90,0.7958339587714087,0.7728991942114783,0.8223756457569771,0.7649813790768536,20,6081,528296800,528296800,201,47546712000,47546712000,18557,False
91,0.7074187127086227,0.799717247879359,nan,nan,20,6366,528296800,528296800,206,48075008800,48075008800,18763,False
92,0.7574824790631443,0.7809788836143395,nan,nan,20,6109,528296800,528296800,199,48603305600,48603305600,18962,False
93,0.7238633241140159,0.7943285528031291,nan,nan,20,6136,528296800,528296800,202,49131602400,49131602400,19164,False
94,0.6698564915708223,0.8064166150030998,nan,nan,20,6452,528296800,528296800,210,49659899200,49659899200,19374,False
95,0.7106114019293335,0.7958236658932715,nan,nan,20,6465,528296800,528296800,212,50188196000,50188196000,19586,False
96,0.6696442880811202,0.8063875305623472,nan,nan,20,6544,528296800,528296800,211,50716492800,50716492800,19797,False
97,0.7004983564607458,0.7977124183006536,nan,nan,20,6120,528296800,528296800,201,51244789600,51244789600,19998,False
98,0.5934340688216712,0.8254569405565618,nan,nan,20,6073,528296800,528296800,198,51773086400,51773086400,20196,False
99,0.6750614429434402,0.8036841207572915,nan,nan,20,5863,528296800,528296800,194,52301383200,52301383200,20390,False
100,0.6588053890799921,0.8078202995008319,0.7584305187135905,0.7732761539329647,20,6010,528296800,528296800,198,52829680000,52829680000,20588,False
101,0.6549148806837682,0.8151247481791415,nan,nan,20,6453,528296800,528296800,211,53357976800,53357976800,20799,False
102,0.6240775315169378,0.8223300970873786,nan,nan,20,6180,528296800,528296800,201,53886273600,53886273600,21000,False
103,0.6079674862734487,0.8304737919093341,nan,nan,20,6353,528296800,528296800,208,54414570400,54414570400,21208,False
104,0.6054660710426922,0.8275595422208475,nan,nan,20,6466,528296800,528296800,213,54942867200,54942867200,21421,False
105,0.6103203203579671,0.8176526117054751,nan,nan,20,6356,528296800,528296800,208,55471164000,55471164000,21629,False
106,0.6027077900586514,0.8245426829268293,nan,nan,20,6560,528296800,528296800,213,55999460800,55999460800,21842,False
107,0.6098171869350761,0.8210816062176166,nan,nan,20,6176,528296800,528296800,201,56527757600,56527757600,22043,False
108,0.6200840512835063,0.8233198380566802,nan,nan,20,6175,528296800,528296800,201,57056054400,57056054400,22244,False
109,0.5739887629050782,0.8275172943889316,nan,nan,20,6505,528296800,528296800,214,57584351200,57584351200,22458,False
110,0.5051874695621166,0.8516898008449004,0.682637336957456,0.7966933754655231,20,6628,528296800,528296800,217,58112648000,58112648000,22675,False
111,0.6362056455120455,0.8160603980782429,nan,nan,20,5828,528296800,528296800,190,58640944800,58640944800,22865,False
112,0.5781405700431508,0.8315737380402507,nan,nan,20,6062,528296800,528296800,199,59169241600,59169241600,23064,False
113,0.6144830423621505,0.8204630079326534,nan,nan,20,6177,528296800,528296800,201,59697538400,59697538400,23265,False
114,0.603667349210934,0.8262150220913107,nan,nan,20,6111,528296800,528296800,202,60225835200,60225835200,23467,False
115,0.5760887396855207,0.826487845766974,nan,nan,20,5965,528296800,528296800,195,60754132000,60754132000,23662,False
116,0.576348914771554,0.8278614457831325,nan,nan,20,6640,528296800,528296800,218,61282428800,61282428800,23880,False
117,0.6103493630456146,0.8259353202282815,nan,nan,20,6308,528296800,528296800,207,61810725600,61810725600,24087,False
118,0.5248250569494819,0.845709946848899,nan,nan,20,6585,528296800,528296800,217,62339022400,62339022400,24304,False
119,0.6207564465766817,0.8139765405584007,nan,nan,20,6053,528296800,528296800,201,62867319200,62867319200,24505,False
120,0.620530502328307,0.8170003512469266,0.6362699898380874,0.8115336869427829,20,5694,528296800,528296800,188,63395616000,63395616000,24693,False
121,0.5239865914577452,0.8413781624500666,nan,nan,20,6008,528296800,528296800,196,63923912800,63923912800,24889,False
122,0.45544766837410017,0.8602285177649084,nan,nan,20,6389,528296800,528296800,209,64452209600,64452209600,25098,False
123,0.5530786772432421,0.8289868816184606,nan,nan,20,6327,528296800,528296800,208,64980506400,64980506400,25306,False
124,0.5861466748923881,0.8294207317073171,nan,nan,20,6560,528296800,528296800,217,65508803200,65508803200,25523,False
125,0.550350911646315,0.8371249587866798,nan,nan,20,6066,528296800,528296800,200,66037100000,66037100000,25723,False
126,0.4763688917975957,0.856256619760932,nan,nan,20,6609,528296800,528296800,216,66565396800,66565396800,25939,False
127,0.5743292300699968,0.8354118805382343,nan,nan,20,6094,528296800,528296800,199,67093693600,67093693600,26138,False
128,0.5860060770767238,0.8309260832625318,nan,nan,20,5885,528296800,528296800,194,67621990400,67621990400,26332,False
129,0.480268475097969,0.8527168732125834,nan,nan,20,6294,528296800,528296800,206,68150287200,68150287200,26538,False
130,0.5356706524942486,0.8354529753493484,0.6006507679202893,0.825245457623293,20,6369,528296800,528296800,210,68678584000,68678584000,26748,False
131,0.5821149685891703,0.8357847098755455,nan,nan,20,6187,528296800,528296800,203,69206880800,69206880800,26951,False
132,0.509964691223833,0.8426605504587156,nan,nan,20,6540,528296800,528296800,215,69735177600,69735177600,27166,False
133,0.6130203072850903,0.8256666666666667,nan,nan,20,6000,528296800,528296800,196,70263474400,70263474400,27362,False
134,0.4963600495074285,0.8509430812885995,nan,nan,20,5991,528296800,528296800,198,70791771200,70791771200,27560,False
135,0.5271403940669189,0.8406124093473005,nan,nan,20,6205,528296800,528296800,204,71320068000,71320068000,27764,False
136,0.4239522430183101,0.8647803425167535,nan,nan,20,6715,528296800,528296800,219,71848364800,71848364800,27983,False
137,0.4590601822320478,0.8602748185888529,nan,nan,20,6477,528296800,528296800,213,72376661600,72376661600,28196,False
138,0.5726858314124318,0.8308514082227259,nan,nan,20,6178,528296800,528296800,204,72904958400,72904958400,28400,False
139,0.5123705496927019,0.8421848739495799,nan,nan,20,5950,528296800,528296800,196,73433255200,73433255200,28596,False
140,0.4810150272483021,0.8570522979397781,0.578279638859478,0.8244554790655683,20,6310,528296800,528296800,206,73961552000,73961552000,28802,False
141,0.45179434481307684,0.8720160172493454,nan,nan,20,6493,528296800,528296800,213,74489848800,74489848800,29015,False
142,0.48924505726728607,0.8502485169151835,nan,nan,20,6237,528296800,528296800,205,75018145600,75018145600,29220,False
143,0.5137224807463874,0.8482315112540193,nan,nan,20,6220,528296800,528296800,204,75546442400,75546442400,29424,False
144,0.44570405555296017,0.8629697525206232,nan,nan,20,6546,528296800,528296800,214,76074739200,76074739200,29638,False
145,0.5453033085309428,0.8352005195648644,nan,nan,20,6159,528296800,528296800,202,76603036000,76603036000,29840,False
146,0.493170407803727,0.8515689855553711,nan,nan,20,6023,528296800,528296800,197,77131332800,77131332800,30037,False
147,0.4915646074642071,0.8522002551020408,nan,nan,20,6272,528296800,528296800,205,77659629600,77659629600,30242,False
148,0.43230396826091816,0.8701458173445894,nan,nan,20,6515,528296800,528296800,213,78187926400,78187926400,30455,False
149,0.49695659948479876,0.8506547323056523,nan,nan,20,6033,528296800,528296800,199,78716223200,78716223200,30654,False
150,0.4513632333556542,0.8598204441644354,0.5430194612564291,0.8365308655907912,20,6349,528296800,528296800,208,79244520000,79244520000,30862,False
151,0.39974461361741104,0.8750943966168252,nan,nan,20,6621,528296800,528296800,217,79772816800,79772816800,31079,False
152,0.443642715828712,0.8669165885660731,nan,nan,20,6402,528296800,528296800,210,80301113600,80301113600,31289,False
153,0.4565853770699184,0.8613341568869672,nan,nan,20,6476,528296800,528296800,213,80829410400,80829410400,31502,False
154,0.5229463388599475,0.8470607235142119,nan,nan,20,6192,528296800,528296800,200,81357707200,81357707200,31702,False
155,0.45328173636825697,0.8687354312354313,nan,nan,20,6864,528296800,528296800,225,81886004000,81886004000,31927,False
156,0.5050370954799268,0.8556633240177544,nan,nan,20,6083,528296800,528296800,202,82414300800,82414300800,32129,False
157,0.43574802889007724,0.8686836176375925,nan,nan,20,6214,528296800,528296800,206,82942597600,82942597600,32335,False
158,0.46047092191349626,0.8638884487402947,nan,nan,20,6311,528296800,528296800,206,83470894400,83470894400,32541,False
159,0.49910978257841737,0.8524197412553906,nan,nan,20,6261,528296800,528296800,206,83999191200,83999191200,32747,False
160,0.4849739778436289,0.851100358982363,0.5150691788374954,0.8477598465184516,20,6407,528296800,528296800,208,84527488000,84527488000,32955,False
161,0.4289253540577797,0.8670769230769231,nan,nan,20,6500,528296800,528296800,212,85055784800,85055784800,33167,False
162,0.4879124357136089,0.8604532288294429,nan,nan,20,5869,528296800,528296800,191,85584081600,85584081600,33358,False
163,0.4219041530385974,0.8683875079668578,nan,nan,20,6276,528296800,528296800,206,86112378400,86112378400,33564,False
164,0.3809616726982984,0.8781329731352244,nan,nan,20,6663,528296800,528296800,217,86640675200,86640675200,33781,False
165,0.5051309020792473,0.8529459768238943,nan,nan,20,6127,528296800,528296800,203,87168972000,87168972000,33984,False
166,0.46764542629944944,0.8654786311307365,nan,nan,20,6341,528296800,528296800,207,87697268800,87697268800,34191,False
167,0.4154132834390248,0.8764080596541329,nan,nan,20,6303,528296800,528296800,207,88225565600,88225565600,34398,False
168,0.47964895597413837,0.860801050558109,nan,nan,20,6092,528296800,528296800,199,88753862400,88753862400,34597,False
169,0.415286954443083,0.8692619626926196,nan,nan,20,6165,528296800,528296800,201,89282159200,89282159200,34798,False
170,0.48483747527131643,0.8527860204418068,0.4981776067936424,0.8488883873152014,20,6066,528296800,528296800,201,89810456000,89810456000,34999,False
171,0.46388092852593565,0.8519398258115598,nan,nan,20,6315,528296800,528296800,208,90338752800,90338752800,35207,False
172,0.4585912630313229,0.8596162845109967,nan,nan,20,6411,528296800,528296800,211,90867049600,90867049600,35418,False
173,0.40191802876745225,0.8771628994544037,nan,nan,20,6415,528296800,528296800,211,91395346400,91395346400,35629,False
174,0.46743932341555583,0.8653449643140365,nan,nan,20,6305,528296800,528296800,203,91923643200,91923643200,35832,False
175,0.4234922170663149,0.8677280166641869,nan,nan,20,6721,528296800,528296800,220,92451940000,92451940000,36052,False
176,0.4409570193134672,0.8736106700539854,nan,nan,20,6298,528296800,528296800,206,92980236800,92980236800,36258,False
177,0.38369149933053764,0.8804846103470858,nan,nan,20,6108,528296800,528296800,200,93508533600,93508533600,36458,False
178,0.3633529113510257,0.8838230839139655,nan,nan,20,6602,528296800,528296800,215,94036830400,94036830400,36673,False
179,0.3813143974646018,0.8842412451361867,nan,nan,20,6168,528296800,528296800,203,94565127200,94565127200,36876,False
180,0.4015702523870192,0.8763553973134811,0.4882332983626131,0.8523868637851258,20,6179,528296800,528296800,200,95093424000,95093424000,37076,False
181,0.4101562624809855,0.8718114304165321,nan,nan,20,6194,528296800,528296800,205,95621720800,95621720800,37281,False
182,0.3983142862596431,0.8756145526057031,nan,nan,20,6102,528296800,528296800,200,96150017600,96150017600,37481,False
183,0.42835683308661976,0.8761378413524057,nan,nan,20,6152,528296800,528296800,202,96678314400,96678314400,37683,False
184,0.40375982464237753,0.8758432380340507,nan,nan,20,6226,528296800,528296800,204,97206611200,97206611200,37887,False
185,0.42135728188257293,0.8773890508584387,nan,nan,20,6174,528296800,528296800,202,97734908000,97734908000,38089,False
186,0.4125078399435128,0.8725646758224209,nan,nan,20,6262,528296800,528296800,204,98263204800,98263204800,38293,False
187,0.47109803407375683,0.858098189528625,nan,nan,20,6131,528296800,528296800,201,98791501600,98791501600,38494,False
188,0.4048140421108376,0.8708733127337779,nan,nan,20,6149,528296800,528296800,203,99319798400,99319798400,38697,False
189,0.382758127745679,0.8870020631645771,nan,nan,20,6301,528296800,528296800,205,99848095200,99848095200,38902,False
190,0.43377847085167387,0.8676375404530744,0.47399301538886074,0.859778806003837,20,6180,528296800,528296800,203,100376392000,100376392000,39105,False
191,0.41648456734763784,0.8736996098829649,nan,nan,20,6152,528296800,528296800,200,100904688800,100904688800,39305,False
192,0.4555188489290643,0.8629943502824858,nan,nan,20,6372,528296800,528296800,210,101432985600,101432985600,39515,False
193,0.43715627040904975,0.8705826170009551,nan,nan,20,6282,528296800,528296800,207,101961282400,101961282400,39722,False
194,0.3340871050899282,0.895970695970696,nan,nan,20,6825,528296800,528296800,223,102489579200,102489579200,39945,False
195,0.34795705975029356,0.8940846732556424,nan,nan,20,6779,528296800,528296800,221,103017876000,103017876000,40166,False
196,0.4569241965602287,0.8622482131254061,nan,nan,20,6156,528296800,528296800,201,103546172800,103546172800,40367,False
197,0.329973792427118,0.8934875228241023,nan,nan,20,6572,528296800,528296800,213,104074469600,104074469600,40580,False
198,0.3744506406695186,0.8890522875816993,nan,nan,20,6120,528296800,528296800,201,104602766400,104602766400,40781,False
199,0.41856709324336694,0.8722453382647557,nan,nan,20,6489,528296800,528296800,214,105131063200,105131063200,40995,False
200,0.37782901351742776,0.877623506619309,0.4608220392916948,0.8578602866493624,20,6194,528296800,528296800,203,105659360000,105659360000,41198,False
201,0.3236227511703847,0.895132811300476,nan,nan,20,6513,528296800,528296800,215,106187656800,106187656800,41413,False
202,0.39668114765085927,0.8763306199123356,nan,nan,20,6388,528296800,528296800,208,106715953600,106715953600,41621,False
203,0.39628154449841546,0.877151051625239,nan,nan,20,6276,528296800,528296800,207,107244250400,107244250400,41828,False
204,0.3144321830646411,0.9048293220072361,nan,nan,20,6357,528296800,528296800,208,107772547200,107772547200,42036,False
205,0.3234738637124844,0.8996333638863429,nan,nan,20,6546,528296800,528296800,213,108300844000,108300844000,42249,False
206,0.35757331279729415,0.8904628562016143,nan,nan,20,6071,528296800,528296800,200,108829140800,108829140800,42449,False
207,0.35145468493772614,0.8946453956720897,nan,nan,20,6331,528296800,528296800,207,109357437600,109357437600,42656,False
208,0.382549073508032,0.8870868087735557,nan,nan,20,6474,528296800,528296800,213,109885734400,109885734400,42869,False
209,0.4065835068337815,0.8778758000345961,nan,nan,20,5781,528296800,528296800,192,110414031200,110414031200,43061,False
210,0.3548136152973436,0.8916759865793258,0.44998097692167177,0.8634465635932739,20,6259,528296800,528296800,205,110942328000,110942328000,43266,False
211,0.3836950988205589,0.8758697027197976,nan,nan,20,6324,528296800,528296800,209,111470624800,111470624800,43475,False
212,0.40580997052190076,0.8731549815498155,nan,nan,20,6504,528296800,528296800,211,111998921600,111998921600,43686,False
213,0.3996437474262001,0.885878227605993,nan,nan,20,6274,528296800,528296800,204,112527218400,112527218400,43890,False
214,0.33724578188966775,0.8940796239165565,nan,nan,20,6807,528296800,528296800,220,113055515200,113055515200,44110,False
215,0.32990019874510185,0.8940940012368583,nan,nan,20,6468,528296800,528296800,213,113583812000,113583812000,44323,False
216,0.3231862219460742,0.8931662190390928,nan,nan,20,6702,528296800,528296800,218,114112108800,114112108800,44541,False
217,0.40900629893551665,0.8764217645250538,nan,nan,20,6506,528296800,528296800,217,114640405600,114640405600,44758,False
218,0.3918269453841143,0.8793045804078904,nan,nan,20,5982,528296800,528296800,196,115168702400,115168702400,44954,False
219,0.41550128206286535,0.8730956494424376,nan,nan,20,6367,528296800,528296800,209,115696999200,115696999200,45163,False
220,0.4192764436745506,0.8674403399803857,0.46643521541290445,0.8570138810518,20,6118,528296800,528296800,203,116225296000,116225296000,45366,False
221,0.3629286011287196,0.8846037507562009,nan,nan,20,6612,528296800,528296800,217,116753592800,116753592800,45583,False
222,0.35918327968081654,0.8912664447614519,nan,nan,20,6309,528296800,528296800,206,117281889600,117281889600,45789,False
223,0.3804383036121391,0.881497221314155,nan,nan,20,6118,528296800,528296800,200,117810186400,117810186400,45989,False
224,0.29376897065739715,0.9056098329656477,nan,nan,20,6346,528296800,528296800,208,118338483200,118338483200,46197,False
225,0.3666473579591786,0.8832081019274747,nan,nan,20,6122,528296800,528296800,201,118866780000,118866780000,46398,False
226,0.40563885214066653,0.8708920187793427,nan,nan,20,6390,528296800,528296800,211,119395076800,119395076800,46609,False
227,0.43213151114924064,0.8644963354354867,nan,nan,20,5867,528296800,528296800,192,119923373600,119923373600,46801,False
228,0.4199517503816622,0.8681099339781975,nan,nan,20,6513,528296800,528296800,213,120451670400,120451670400,47014,False
229,0.3900956265829389,0.8806087229369313,nan,nan,20,6374,528296800,528296800,208,120979967200,120979967200,47222,False
230,0.35915591507338435,0.8941375596245577,0.4426015407946804,0.8648008125493737,20,6499,528296800,528296800,212,121508264000,121508264000,47434,False
231,0.37060037424097214,0.8856673143027948,nan,nan,20,6691,528296800,528296800,219,122036560800,122036560800,47653,False
232,0.39686512097579774,0.8827275551413483,nan,nan,20,6438,528296800,528296800,209,122564857600,122564857600,47862,False
233,0.3248607470918961,0.9003317011530564,nan,nan,20,6331,528296800,528296800,206,123093154400,123093154400,48068,False
234,0.3710277655449719,0.8844909902972432,nan,nan,20,6493,528296800,528296800,212,123621451200,123621451200,48280,False
235,0.35212505872108424,0.8875156445556946,nan,nan,20,6392,528296800,528296800,210,124149748000,124149748000,48490,False
236,0.3462378473441851,0.8923794712286158,nan,nan,20,6430,528296800,528296800,210,124678044800,124678044800,48700,False
237,0.3999945525573394,0.8770669784533155,nan,nan,20,5987,528296800,528296800,195,125206341600,125206341600,48895,False
238,0.3450575786765554,0.8854149343089972,nan,nan,20,6013,528296800,528296800,197,125734638400,125734638400,49092,False
239,0.35527341286008335,0.8877872206484104,nan,nan,20,6354,528296800,528296800,206,126262935200,126262935200,49298,False
240,0.3386251032596762,0.8884590586718246,0.4390997209050911,0.8629387202347365,20,6204,528296800,528296800,204,126791232000,126791232000,49502,False
241,0.34767210844088214,0.8891105569409808,nan,nan,20,6015,528296800,528296800,200,127319528800,127319528800,49702,False
242,0.4327080983104672,0.8711899431720338,nan,nan,20,5807,528296800,528296800,190,127847825600,127847825600,49892,False
243,0.348824992345605,0.8872822872165625,nan,nan,20,6086,528296800,528296800,200,128376122400,128376122400,50092,False
244,0.35435226815798704,0.8888551011099285,nan,nan,20,6577,528296800,528296800,213,128904419200,128904419200,50305,False
245,0.3698175807669007,0.8834031982611396,nan,nan,20,6441,528296800,528296800,211,129432716000,129432716000,50516,False
246,0.35214129249009196,0.8854052359303967,nan,nan,20,6379,528296800,528296800,209,129961012800,129961012800,50725,False
247,0.32423545345688726,0.8957228116710876,nan,nan,20,6032,528296800,528296800,199,130489309600,130489309600,50924,False
248,0.35998910614205487,0.895360155743024,nan,nan,20,6164,528296800,528296800,204,131017606400,131017606400,51128,False
249,0.3543754348720865,0.8893300248138958,nan,nan,20,6045,528296800,528296800,198,131545903200,131545903200,51326,False
250,0.3931883744613885,0.873045232890533,0.42110498606546537,0.8724184629274349,20,5947,528296800,528296800,193,132074200000,132074200000,51519,False
251,0.33300880619761697,0.8937378325762492,nan,nan,20,6164,528296800,528296800,201,132602496800,132602496800,51720,False
252,0.3265496146721853,0.9023140239167573,nan,nan,20,6439,528296800,528296800,211,133130793600,133130793600,51931,False
253,0.3808923092389579,0.8807705081368317,nan,nan,20,6022,528296800,528296800,197,133659090400,133659090400,52128,False
254,0.3513213994850169,0.8939912066438691,nan,nan,20,6141,528296800,528296800,200,134187387200,134187387200,52328,False
255,0.35244173617290486,0.8890480738618275,nan,nan,20,6282,528296800,528296800,206,134715684000,134715684000,52534,False
256,0.3806744805242263,0.8812777869257369,nan,nan,20,6073,528296800,528296800,199,135243980800,135243980800,52733,False
257,0.3323621685301284,0.8932270916334661,nan,nan,20,6275,528296800,528296800,205,135772277600,135772277600,52938,False
258,0.3530173684980014,0.8891883322764743,nan,nan,20,6308,528296800,528296800,209,136300574400,136300574400,53147,False
259,0.3426769326343105,0.8908974564069749,nan,nan,20,6251,528296800,528296800,204,136828871200,136828871200,53351,False
260,0.33226671186797824,0.8906757383640018,0.4025981747603634,0.8748448256404469,20,6467,528296800,528296800,210,137357168000,137357168000,53561,False
261,0.26220556531377415,0.920916818457802,nan,nan,20,6588,528296800,528296800,216,137885464800,137885464800,53777,False
262,0.33155491673979987,0.8920585967617579,nan,nan,20,6485,528296800,528296800,212,138413761600,138413761600,53989,False
263,0.3042097599527412,0.8983129546509828,nan,nan,20,6461,528296800,528296800,211,138942058400,138942058400,54200,False
264,0.37605902957905674,0.8832684824902723,nan,nan,20,5911,528296800,528296800,193,139470355200,139470355200,54393,False
265,0.2937956171417913,0.906839429227489,nan,nan,20,6097,528296800,528296800,199,139998652000,139998652000,54592,False
266,0.3348360236312644,0.8948526921774467,nan,nan,20,5906,528296800,528296800,194,140526948800,140526948800,54786,False
267,0.3295023650037222,0.8935023771790809,nan,nan,20,6310,528296800,528296800,207,141055245600,141055245600,54993,False
268,0.3539343784197594,0.888277472069368,nan,nan,20,5997,528296800,528296800,196,141583542400,141583542400,55189,False
269,0.3626562048917316,0.8831736426290133,nan,nan,20,5949,528296800,528296800,196,142111839200,142111839200,55385,False
270,0.40219667783651947,0.8757663762504033,0.4073589266241169,0.8739419930030471,20,6198,528296800,528296800,202,142640136000,142640136000,55587,False
271,0.36059024092274605,0.8912781696198177,nan,nan,20,5813,528296800,528296800,189,143168432800,143168432800,55776,False
272,0.2992568383698238,0.9003518873960332,nan,nan,20,6252,528296800,528296800,205,143696729600,143696729600,55981,False
273,0.3341787313314343,0.8954806646994875,nan,nan,20,6439,528296800,528296800,208,144225026400,144225026400,56189,False
274,0.31507079708245606,0.901468189233279,nan,nan,20,6130,528296800,528296800,201,144753323200,144753323200,56390,False
275,0.3300304309467713,0.8936342968496265,nan,nan,20,6158,528296800,528296800,201,145281620000,145281620000,56591,False
276,0.3394778895703265,0.895662175484719,nan,nan,20,6086,528296800,528296800,198,145809916800,145809916800,56789,False
277,0.3020644996739309,0.9004169339320077,nan,nan,20,6236,528296800,528296800,205,146338213600,146338213600,56994,False
278,0.36523249648370804,0.8909290646578782,nan,nan,20,6372,528296800,528296800,210,146866510400,146866510400,57204,False
279,0.3440623279190973,0.8885402906208718,nan,nan,20,6056,528296800,528296800,198,147394807200,147394807200,57402,False
280,0.2847253322465868,0.9083234597156398,0.3840659087303731,0.8798104051461461,20,6752,528296800,528296800,220,147923104000,147923104000,57622,False
281,0.3094309630738081,0.899753618724977,nan,nan,20,6494,528296800,528296800,212,148451400800,148451400800,57834,False
282,0.33855346622764393,0.8945631405245787,nan,nan,20,5757,528296800,528296800,190,148979697600,148979697600,58024,False
283,0.3355166837651916,0.888991531947652,nan,nan,20,6495,528296800,528296800,213,149507994400,149507994400,58237,False
284,0.3049112130762922,0.9025207402680281,nan,nan,20,6268,528296800,528296800,205,150036291200,150036291200,58442,False
285,0.302444059458544,0.8986323411102172,nan,nan,20,6215,528296800,528296800,203,150564588000,150564588000,58645,False
286,0.28456307092844085,0.9109533795773512,nan,nan,20,6199,528296800,528296800,202,151092884800,151092884800,58847,False
287,0.32196403539383234,0.8979336255479023,nan,nan,20,6388,528296800,528296800,209,151621181600,151621181600,59056,False
288,0.3611869473145621,0.878089235362415,nan,nan,20,6029,528296800,528296800,198,152149478400,152149478400,59254,False
289,0.30490789158131265,0.9028025271342945,nan,nan,20,6173,528296800,528296800,201,152677775200,152677775200,59455,False
290,0.39830806274510755,0.8822351959966639,0.3820038356518398,0.8805439566640334,20,5995,528296800,528296800,198,153206072000,153206072000,59653,False
291,0.2894095234337765,0.9131385720981097,nan,nan,20,6401,528296800,528296800,208,153734368800,153734368800,59861,False
292,0.3284851739455613,0.8959528100933967,nan,nan,20,6103,528296800,528296800,201,154262665600,154262665600,60062,False
293,0.32225754139478946,0.9025341130604289,nan,nan,20,6156,528296800,528296800,201,154790962400,154790962400,60263,False
294,0.2897424926125939,0.9029950083194676,nan,nan,20,6010,528296800,528296800,199,155319259200,155319259200,60462,False
295,0.31157990769771693,0.8994017632241813,nan,nan,20,6352,528296800,528296800,207,155847556000,155847556000,60669,False
296,0.23834553963759256,0.9205359925210346,nan,nan,20,6418,528296800,528296800,211,156375852800,156375852800,60880,False
297,0.30835787876073484,0.8978460563826417,nan,nan,20,6314,528296800,528296800,207,156904149600,156904149600,61087,False
298,0.3293297205037803,0.8976666158304103,nan,nan,20,6557,528296800,528296800,215,157432446400,157432446400,61302,False
299,0.27666674886292836,0.9092147072174308,nan,nan,20,6609,528296800,528296800,214,157960743200,157960743200,61516,False
300,0.31479683094021266,0.9034383033419023,0.37645472630382515,0.8837602979347703,20,6224,528296800,528296800,202,158489040000,158489040000,61718,False
301,0.3511853731695998,0.8928405031837242,nan,nan,20,6439,528296800,528296800,212,159017336800,159017336800,61930,False
302,0.27876762426461943,0.9075959279561472,nan,nan,20,6385,528296800,528296800,209,159545633600,159545633600,62139,False
303,0.3014746144610388,0.8992412746585736,nan,nan,20,6590,528296800,528296800,215,160073930400,160073930400,62354,False
304,0.3008259286750229,0.9053571428571429,nan,nan,20,6160,528296800,528296800,203,160602227200,160602227200,62557,False
305,0.33925772714267804,0.888871399338895,nan,nan,20,6353,528296800,528296800,209,161130524000,161130524000,62766,False
306,0.2925795938246163,0.9054844318002213,nan,nan,20,6327,528296800,528296800,207,161658820800,161658820800,62973,False
307,0.31189865465897665,0.898548412825012,nan,nan,20,6269,528296800,528296800,207,162187117600,162187117600,63180,False
308,0.3150734744888618,0.9006062539885131,nan,nan,20,6268,528296800,528296800,206,162715414400,162715414400,63386,False
309,0.3420033979339036,0.8909860071591279,nan,nan,20,6146,528296800,528296800,202,163243711200,163243711200,63588,False
310,0.30503633799991803,0.90171875,0.38837527571904606,0.8766504909152466,20,6400,528296800,528296800,210,163772008000,163772008000,63798,False
311,0.28165990162098375,0.9117103235747304,nan,nan,20,6490,528296800,528296800,214,164300304800,164300304800,64012,False
312,0.33600626945888556,0.8946662693682956,nan,nan,20,6712,528296800,528296800,219,164828601600,164828601600,64231,False
313,0.2725683104039022,0.9076428243222545,nan,nan,20,6529,528296800,528296800,214,165356898400,165356898400,64445,False
314,0.2812457592351088,0.9102262709374082,nan,nan,20,6806,528296800,528296800,221,165885195200,165885195200,64666,False
315,0.31885850980999575,0.9039266173157386,nan,nan,20,6214,528296800,528296800,203,166413492000,166413492000,64869,False
316,0.2777788320554116,0.9093444909344491,nan,nan,20,6453,528296800,528296800,212,166941788800,166941788800,65081,False
317,0.26369114986522807,0.9153250773993808,nan,nan,20,6460,528296800,528296800,212,167470085600,167470085600,65293,False
318,0.32743382664529025,0.8923173803526449,nan,nan,20,6352,528296800,528296800,208,167998382400,167998382400,65501,False
319,0.3313533840900115,0.9011313330054107,nan,nan,20,6099,528296800,528296800,199,168526679200,168526679200,65700,False
320,0.2870130860822254,0.9008592200925314,0.3854164372359828,0.8795846969867961,20,6052,528296800,528296800,199,169054976000,169054976000,65899,False
321,0.3609211659555369,0.8919140560931605,nan,nan,20,6097,528296800,528296800,200,169583272800,169583272800,66099,False
322,0.30125679852134857,0.9040164452877926,nan,nan,20,6324,528296800,528296800,208,170111569600,170111569600,66307,False
323,0.29155468424728676,0.9065230961298377,nan,nan,20,6408,528296800,528296800,213,170639866400,170639866400,66520,False
324,0.30504228054197363,0.9041327913279132,nan,nan,20,5904,528296800,528296800,193,171168163200,171168163200,66713,False
325,0.35104411534147417,0.887173946596697,nan,nan,20,6479,528296800,528296800,212,171696460000,171696460000,66925,False
326,0.31347284382044116,0.9022693390756998,nan,nan,20,6037,528296800,528296800,196,172224756800,172224756800,67121,False
327,0.28762577970166026,0.9060781918142944,nan,nan,20,6548,528296800,528296800,214,172753053600,172753053600,67335,False
328,0.3174538577752045,0.8978075738358399,nan,nan,20,5519,528296800,528296800,183,173281350400,173281350400,67518,False
329,0.3035765211299199,0.9009579477187856,nan,nan,20,6159,528296800,528296800,201,173809647200,173809647200,67719,False
330,0.2978004927163299,0.9003777148253069,0.36540535951344133,0.8863559417672949,20,6354,528296800,528296800,208,174337944000,174337944000,67927,False
331,0.2966209420805526,0.9054142204827136,nan,nan,20,6132,528296800,528296800,201,174866240800,174866240800,68128,False
332,0.32062987208138877,0.8975586404978458,nan,nan,20,6267,528296800,528296800,206,175394537600,175394537600,68334,False
333,0.3800321724768681,0.8878048780487805,nan,nan,20,5945,528296800,528296800,197,175922834400,175922834400,68531,False
334,0.28400249512599884,0.9095907147220526,nan,nan,20,6548,528296800,528296800,213,176451131200,176451131200,68744,False
335,0.2881671332762031,0.9076043816478806,nan,nan,20,6299,528296800,528296800,206,176979428000,176979428000,68950,False
336,0.31007190389600375,0.9011194029850746,nan,nan,20,6432,528296800,528296800,211,177507724800,177507724800,69161,False
337,0.34864312975694,0.8912720673156245,nan,nan,20,6061,528296800,528296800,200,178036021600,178036021600,69361,False
338,0.3133478115647861,0.8976622527382704,nan,nan,20,6117,528296800,528296800,198,178564318400,178564318400,69559,False
339,0.27627643593452983,0.9102504277492611,nan,nan,20,6429,528296800,528296800,212,179092615200,179092615200,69771,False
340,0.3232376437272401,0.9011684518013632,0.3614395345398191,0.886130233607945,20,6162,528296800,528296800,205,179620912000,179620912000,69976,False
341,0.2976616826939246,0.9031934459120549,nan,nan,20,5981,528296800,528296800,195,180149208800,180149208800,70171,False
342,0.2722729002118354,0.9094567404426559,nan,nan,20,6461,528296800,528296800,208,180677505600,180677505600,70379,False
343,0.30203643304248484,0.9015254237288136,nan,nan,20,5900,528296800,528296800,194,181205802400,181205802400,70573,False
344,0.2867921674583238,0.9064849624060151,nan,nan,20,6384,528296800,528296800,209,181734099200,181734099200,70782,False
345,0.3204389814062893,0.8966299416720674,nan,nan,20,6172,528296800,528296800,201,182262396000,182262396000,70983,False
346,0.2850748112983702,0.9083601286173634,nan,nan,20,6220,528296800,528296800,205,182790692800,182790692800,71188,False
347,0.2594560772787426,0.9161030595813204,nan,nan,20,6210,528296800,528296800,206,183318989600,183318989600,71394,False
348,0.269257842425434,0.9088376412320074,nan,nan,20,6461,528296800,528296800,211,183847286400,183847286400,71605,False
349,0.3109614023456942,0.9026290165530672,nan,nan,20,6162,528296800,528296800,202,184375583200,184375583200,71807,False
350,0.30911436297219635,0.9050600778473515,0.3605510232821502,0.8843809953729828,20,5909,528296800,528296800,196,184903880000,184903880000,72003,False
351,0.30138520245730727,0.90263948158685,nan,nan,20,6327,528296800,528296800,207,185432176800,185432176800,72210,False
352,0.30554558892845035,0.9050120048019208,nan,nan,20,6664,528296800,528296800,217,185960473600,185960473600,72427,False
353,0.26174190692318783,0.9181790683605565,nan,nan,20,6612,528296800,528296800,218,186488770400,186488770400,72645,False
354,0.30359464941074077,0.9029924366984544,nan,nan,20,6082,528296800,528296800,199,187017067200,187017067200,72844,False
355,0.3168510844055811,0.8969853574504737,nan,nan,20,5805,528296800,528296800,191,187545364000,187545364000,73035,False
356,0.301240929660697,0.9026931708881052,nan,nan,20,6238,528296800,528296800,203,188073660800,188073660800,73238,False
357,0.2912539441204203,0.91263879817113,nan,nan,20,6124,528296800,528296800,200,188601957600,188601957600,73438,False
358,0.29649269935000433,0.9063462723351817,nan,nan,20,6492,528296800,528296800,214,189130254400,189130254400,73652,False
359,0.2634505603110124,0.9161011721159777,nan,nan,20,6484,528296800,528296800,212,189658551200,189658551200,73864,False
360,0.2719813682628341,0.9117647058823529,0.35384461345568746,0.8869202121656697,20,6154,528296800,528296800,200,190186848000,190186848000,74064,False
361,0.2505596119901713,0.9185882352941176,nan,nan,20,6375,528296800,528296800,207,190715144800,190715144800,74271,False
362,0.2865047163647007,0.9089783281733747,nan,nan,20,6460,528296800,528296800,211,191243441600,191243441600,74482,False
363,0.33359459510263006,0.896875,nan,nan,20,6080,528296800,528296800,199,191771738400,191771738400,74681,False
364,0.26862574381924326,0.9142595139844109,nan,nan,20,6543,528296800,528296800,214,192300035200,192300035200,74895,False
365,0.2720843477351296,0.9087968952134541,nan,nan,20,6184,528296800,528296800,201,192828332000,192828332000,75096,False
366,0.33706714060349435,0.8883074407195422,nan,nan,20,6115,528296800,528296800,198,193356628800,193356628800,75294,False
367,0.24109470633073496,0.9186153846153846,nan,nan,20,6500,528296800,528296800,215,193884925600,193884925600,75509,False
368,0.25705762671579274,0.9135152385511409,nan,nan,20,6267,528296800,528296800,205,194413222400,194413222400,75714,False
369,0.374659432155751,0.8823046618516087,nan,nan,20,6092,528296800,528296800,199,194941519200,194941519200,75913,False
370,0.27630017205988927,0.9129671031619291,0.3508279885015831,0.8905879697551067,20,6262,528296800,528296800,206,195469816000,195469816000,76119,False
371,0.2689551152149662,0.9106127092475216,nan,nan,20,6153,528296800,528296800,201,195998112800,195998112800,76320,False
372,0.22992421906860808,0.9223991343329726,nan,nan,20,6469,528296800,528296800,212,196526409600,196526409600,76532,False
373,0.2430610060432332,0.9176470588235294,nan,nan,20,6460,528296800,528296800,211,197054706400,197054706400,76743,False
374,0.22903625307938277,0.9174626865671642,nan,nan,20,6700,528296800,528296800,219,197583003200,197583003200,76962,False
375,0.2747966199480139,0.9097242810554402,nan,nan,20,6746,528296800,528296800,221,198111300000,198111300000,77183,False
376,0.29383766547961415,0.9051048167706833,nan,nan,20,6249,528296800,528296800,204,198639596800,198639596800,77387,False
377,0.28461834691053356,0.9100147516800524,nan,nan,20,6101,528296800,528296800,197,199167893600,199167893600,77584,False
378,0.2526652199848347,0.9161368452921587,nan,nan,20,6606,528296800,528296800,214,199696190400,199696190400,77798,False
379,0.3113994980696062,0.9007081038552321,nan,nan,20,6355,528296800,528296800,207,200224487200,200224487200,78005,False
380,0.2479328331022354,0.9183580039676484,0.35088465714842104,0.8897979911973818,20,6553,528296800,528296800,214,200752784000,200752784000,78219,False
381,0.291106504473826,0.906523534269199,nan,nan,20,6055,528296800,528296800,198,201281080800,201281080800,78417,False
382,0.2885095072620335,0.9075574665123202,nan,nan,20,6047,528296800,528296800,197,201809377600,201809377600,78614,False
383,0.23356246881738113,0.921907175669254,nan,nan,20,6313,528296800,528296800,204,202337674400,202337674400,78818,False
384,0.26876035975427365,0.9131612492033142,nan,nan,20,6276,528296800,528296800,209,202865971200,202865971200,79027,False
385,0.276163195938019,0.9101440665379474,nan,nan,20,6733,528296800,528296800,223,203394268000,203394268000,79250,False
386,0.2608524556187773,0.91344,nan,nan,20,6250,528296800,528296800,204,203922564800,203922564800,79454,False
387,0.2897824533047222,0.9066814791302967,nan,nan,20,6301,528296800,528296800,207,204450861600,204450861600,79661,False
388,0.22453448197562978,0.9268727705112961,nan,nan,20,6728,528296800,528296800,220,204979158400,204979158400,79881,False
389,0.2754819661058908,0.9084093872229465,nan,nan,20,6136,528296800,528296800,198,205507455200,205507455200,80079,False
390,0.24695372983939665,0.915343099460293,0.34713055355031447,0.8886694504006319,20,6485,528296800,528296800,212,206035752000,206035752000,80291,False
391,0.27919899054325964,0.9043652115961346,nan,nan,20,6002,528296800,528296800,197,206564048800,206564048800,80488,False
392,0.20698691471698552,0.9306060606060607,nan,nan,20,6600,528296800,528296800,217,207092345600,207092345600,80705,False
393,0.25445926546548636,0.9146382127375792,nan,nan,20,5998,528296800,528296800,196,207620642400,207620642400,80901,False
394,0.26300587398435005,0.9039843239712606,nan,nan,20,6124,528296800,528296800,201,208148939200,208148939200,81102,False
395,0.24063201381903865,0.9144492574257426,nan,nan,20,6464,528296800,528296800,213,208677236000,208677236000,81315,False
396,0.25507939091369436,0.9117783624825878,nan,nan,20,6461,528296800,528296800,213,209205532800,209205532800,81528,False
397,0.2581355428495327,0.9147899159663866,nan,nan,20,5950,528296800,528296800,194,209733829600,209733829600,81722,False
398,0.2795851520012756,0.9073322932917317,nan,nan,20,6410,528296800,528296800,209,210262126400,210262126400,81931,False
399,0.23101501734092478,0.9203044896691005,nan,nan,20,6437,528296800,528296800,212,210790423200,210790423200,82143,False
400,0.2948569292998118,0.9048655370744598,0.33905404527991045,0.8926757702290938,20,6433,528296800,528296800,209,211318720000,211318720000,82352,False
401,0.2175854754973588,0.9277389277389277,nan,nan,20,6435,528296800,528296800,211,211847016800,211847016800,82563,False
402,0.25941901378134175,0.9130221932114883,nan,nan,20,6128,528296800,528296800,199,212375313600,212375313600,82762,False
403,0.2894196715395605,0.9049466537342385,nan,nan,20,6186,528296800,528296800,202,212903610400,212903610400,82964,False
404,0.2820733640677606,0.9089210649229332,nan,nan,20,6423,528296800,528296800,208,213431907200,213431907200,83172,False
405,0.27915946358572424,0.9066822196300617,nan,nan,20,6001,528296800,528296800,196,213960204000,213960204000,83368,False
406,0.2544764318195728,0.9161605937921727,nan,nan,20,5928,528296800,528296800,195,214488500800,214488500800,83563,False
407,0.2861561056586145,0.9016179114234352,nan,nan,20,6119,528296800,528296800,199,215016797600,215016797600,83762,False
408,0.2778800587384155,0.9108391608391608,nan,nan,20,6292,528296800,528296800,208,215545094400,215545094400,83970,False
409,0.280318546553403,0.9044186775305547,nan,nan,20,6382,528296800,528296800,208,216073391200,216073391200,84178,False
410,0.2542613286672403,0.9168167676436876,0.3359619106749705,0.8948764247827559,20,6107,528296800,528296800,201,216601688000,216601688000,84379,False
411,0.2431893706829188,0.9163838321505708,nan,nan,20,6482,528296800,528296800,213,217129984800,217129984800,84592,False
412,0.2420102427354253,0.9201811933770697,nan,nan,20,6402,528296800,528296800,209,217658281600,217658281600,84801,False
413,0.25629953104733955,0.9221897335932424,nan,nan,20,6156,528296800,528296800,201,218186578400,218186578400,85002,False
414,0.31531991546855453,0.9007046764894299,nan,nan,20,6244,528296800,528296800,203,218714875200,218714875200,85205,False
415,0.22757423357114875,0.9234192756292203,nan,nan,20,6516,528296800,528296800,213,219243172000,219243172000,85418,False
416,0.27862154069271405,0.9144843194309732,nan,nan,20,6186,528296800,528296800,203,219771468800,219771468800,85621,False
417,0.2997092039753079,0.9062017895711201,nan,nan,20,6482,528296800,528296800,214,220299765600,220299765600,85835,False
418,0.29256292133632483,0.9020381328073636,nan,nan,20,6084,528296800,528296800,200,220828062400,220828062400,86035,False
419,0.25966846394654564,0.9162427941675144,nan,nan,20,5898,528296800,528296800,193,221356359200,221356359200,86228,False
420,0.2734584787548044,0.9117412776804206,0.3352097910893527,0.8959485385396682,20,6277,528296800,528296800,206,221884656000,221884656000,86434,False
421,0.2934681954658757,0.9031255113729341,nan,nan,20,6111,528296800,528296800,199,222412952800,222412952800,86633,False
422,0.25572833068951184,0.9162229877857814,nan,nan,20,6386,528296800,528296800,208,222941249600,222941249600,86841,False
423,0.23013232553010815,0.9264590830855891,nan,nan,20,6391,528296800,528296800,208,223469546400,223469546400,87049,False
424,0.22917681367703444,0.9239872553482021,nan,nan,20,6591,528296800,528296800,217,223997843200,223997843200,87266,False
425,0.2693168202077537,0.9134313563522221,nan,nan,20,6053,528296800,528296800,198,224526140000,224526140000,87464,False
426,0.26152856295075305,0.9070114370959722,nan,nan,20,6033,528296800,528296800,196,225054436800,225054436800,87660,False
427,0.29213701774424605,0.9010451786918409,nan,nan,20,5932,528296800,528296800,193,225582733600,225582733600,87853,False
428,0.26166261893428566,0.9134570403867145,nan,nan,20,6413,528296800,528296800,209,226111030400,226111030400,88062,False
429,0.249211533996256,0.9138488679800059,nan,nan,20,6802,528296800,528296800,220,226639327200,226639327200,88282,False
430,0.31025233299266236,0.9022179051319411,0.33623608854645437,0.8923372079900689,20,6177,528296800,528296800,200,227167624000,227167624000,88482,False
431,0.2984672233187882,0.8973050550151491,nan,nan,20,6271,528296800,528296800,205,227695920800,227695920800,88687,False
432,0.29892059940283344,0.9015820149875104,nan,nan,20,6005,528296800,528296800,197,228224217600,228224217600,88884,False
433,0.2145654764484589,0.9233196591984854,nan,nan,20,6338,528296800,528296800,209,228752514400,228752514400,89093,False
434,0.25763219294536704,0.9177910260433009,nan,nan,20,6374,528296800,528296800,212,229280811200,229280811200,89305,False
435,0.22436416878178933,0.9211980226810119,nan,nan,20,6878,528296800,528296800,223,229809108000,229809108000,89528,False
436,0.2547979593578109,0.91248370273794,nan,nan,20,6136,528296800,528296800,200,230337404800,230337404800,89728,False
437,0.2389219615280529,0.9183768656716418,nan,nan,20,6432,528296800,528296800,211,230865701600,230865701600,89939,False
438,0.2560499980061374,0.9100346020761245,nan,nan,20,6358,528296800,528296800,207,231393998400,231393998400,90146,False
439,0.2698601860899506,0.9107264086897489,nan,nan,20,5892,528296800,528296800,197,231922295200,231922295200,90343,False
440,0.26438897938228895,0.9123309466984885,0.33125016594724155,0.8935221758266562,20,6285,528296800,528296800,206,232450592000,232450592000,90549,False
441,0.2157084542142122,0.9272934287573195,nan,nan,20,6148,528296800,528296800,200,232978888800,232978888800,90749,False
442,0.24517510971296966,0.92333984375,nan,nan,20,6144,528296800,528296800,200,233507185600,233507185600,90949,False
443,0.25580023418473297,0.9151308657271179,nan,nan,20,6457,528296800,528296800,214,234035482400,234035482400,91163,False
444,0.2442549199690945,0.9219693450998606,nan,nan,20,6459,528296800,528296800,210,234563779200,234563779200,91373,False
445,0.24332997344403276,0.9177549751243781,nan,nan,20,6432,528296800,528296800,210,235092076000,235092076000,91583,False
446,0.28129907720677483,0.9022435897435898,nan,nan,20,6240,528296800,528296800,205,235620372800,235620372800,91788,False
447,0.23363484471247303,0.9231517509727627,nan,nan,20,6168,528296800,528296800,203,236148669600,236148669600,91991,False
448,0.24832099880851172,0.9164396003633061,nan,nan,20,6606,528296800,528296800,218,236676966400,236676966400,92209,False
449,0.21413956002397436,0.9304523970290345,nan,nan,20,5924,528296800,528296800,193,237205263200,237205263200,92402,False
450,0.23760205056858824,0.9224540641544691,0.3548520402241851,0.8859609524884324,20,6422,528296800,528296800,209,237733560000,237733560000,92611,False
451,0.28034418418422463,0.90737272262898,nan,nan,20,5873,528296800,528296800,192,238261856800,238261856800,92803,False
452,0.2626355419303061,0.9111492816989382,nan,nan,20,6404,528296800,528296800,210,238790153600,238790153600,93013,False
453,0.28225506307098314,0.9114331723027376,nan,nan,20,6210,528296800,528296800,204,239318450400,239318450400,93217,False
454,0.222937663749586,0.9266439205955335,nan,nan,20,6448,528296800,528296800,211,239846747200,239846747200,93428,False
455,0.22930891631840294,0.9238812855605105,nan,nan,20,6503,528296800,528296800,213,240375044000,240375044000,93641,False
456,0.2676907825798499,0.9059621909840039,nan,nan,20,6189,528296800,528296800,203,240903340800,240903340800,93844,False
457,0.21026837577121207,0.9268963286430535,nan,nan,20,6183,528296800,528296800,203,241431637600,241431637600,94047,False
458,0.24236428800143264,0.9133269720101781,nan,nan,20,6288,528296800,528296800,204,241959934400,241959934400,94251,False
459,0.23651264260810548,0.9228575954379851,nan,nan,20,6313,528296800,528296800,204,242488231200,242488231200,94455,False
460,0.21369118174680146,0.9267469879518072,0.3346692861814879,0.8937478839860061,20,6225,528296800,528296800,203,243016528000,243016528000,94658,False
461,0.2566991156169226,0.9172617199627445,nan,nan,20,6442,528296800,528296800,210,243544824800,243544824800,94868,False
462,0.2411309442490703,0.9165522501906941,nan,nan,20,6555,528296800,528296800,213,244073121600,244073121600,95081,False
463,0.25901957409081333,0.913732097725358,nan,nan,20,5935,528296800,528296800,193,244601418400,244601418400,95274,False
464,0.29583889486494297,0.8988817891373801,nan,nan,20,6260,528296800,528296800,205,245129715200,245129715200,95479,False
465,0.25496889871834216,0.9129007036747459,nan,nan,20,6395,528296800,528296800,209,245658012000,245658012000,95688,False
466,0.2169841596903512,0.9275011351596791,nan,nan,20,6607,528296800,528296800,215,246186308800,246186308800,95903,False
467,0.22475680330868958,0.9274850207405131,nan,nan,20,6509,528296800,528296800,214,246714605600,246714605600,96117,False
468,0.25133827079433324,0.9191919191919192,nan,nan,20,6237,528296800,528296800,204,247242902400,247242902400,96321,False
469,0.2227437244340925,0.9250571210967251,nan,nan,20,6565,528296800,528296800,214,247771199200,247771199200,96535,False
470,0.24635531349407036,0.9149275131432213,0.3217528684859539,0.8978106308543053,20,6277,528296800,528296800,206,248299496000,248299496000,96741,False
471,0.2190570759348529,0.9264277139427199,nan,nan,20,5831,528296800,528296800,193,248827792800,248827792800,96934,False
472,0.20445547688848756,0.9318041871921182,nan,nan,20,6496,528296800,528296800,214,249356089600,249356089600,97148,False
473,0.23734017689089787,0.9198158145442997,nan,nan,20,6298,528296800,528296800,206,249884386400,249884386400,97354,False
474,0.22399030444404797,0.9254211332312404,nan,nan,20,6530,528296800,528296800,211,250412683200,250412683200,97565,False
475,0.24701355886305143,0.9225453961112003,nan,nan,20,6223,528296800,528296800,203,250940980000,250940980000,97768,False
476,0.2409390489456608,0.9156475384132957,nan,nan,20,6378,528296800,528296800,208,251469276800,251469276800,97976,False
477,0.224363396451552,0.9245927075252134,nan,nan,20,6445,528296800,528296800,211,251997573600,251997573600,98187,False
478,0.27154404183093805,0.9050747249137789,nan,nan,20,6089,528296800,528296800,201,252525870400,252525870400,98388,False
479,0.2084642633069013,0.9269861691862336,nan,nan,20,6218,528296800,528296800,199,253054167200,253054167200,98587,False
480,0.25332471908501203,0.9173604687018193,0.31840753277824474,0.9004062746868299,20,6486,528296800,528296800,211,253582464000,253582464000,98798,False
481,0.27851732065480156,0.9066735289071882,nan,nan,20,5829,528296800,528296800,191,254110760800,254110760800,98989,False
482,0.221477273828552,0.9227185089974294,nan,nan,20,6224,528296800,528296800,205,254639057600,254639057600,99194,False
483,0.18740992887813349,0.9335333833458365,nan,nan,20,6665,528296800,528296800,217,255167354400,255167354400,99411,False
484,0.24123509906340168,0.9190913334370624,nan,nan,20,6427,528296800,528296800,211,255695651200,255695651200,99622,False
485,0.21334037984182314,0.9236960721184804,nan,nan,20,6212,528296800,528296800,205,256223948000,256223948000,99827,False
486,0.2284336641033292,0.9237275103798247,nan,nan,20,6503,528296800,528296800,212,256752244800,256752244800,100039,False
487,0.2254360745372694,0.9241682974559687,nan,nan,20,6132,528296800,528296800,201,257280541600,257280541600,100240,False
488,0.24896821248609985,0.9169499757163672,nan,nan,20,6177,528296800,528296800,203,257808838400,257808838400,100443,False
489,0.31086300676730516,0.9008201411405684,nan,nan,20,5243,528296800,528296800,174,258337135200,258337135200,100617,False
490,0.22942267884965384,0.9250625782227785,0.3200134793585491,0.8978106308543053,20,6392,528296800,528296800,209,258865432000,258865432000,100826,False
491,0.23169079433495093,0.923500611995104,nan,nan,20,6536,528296800,528296800,214,259393728800,259393728800,101040,False
492,0.2539111473655473,0.9164437450826122,nan,nan,20,6355,528296800,528296800,207,259922025600,259922025600,101247,False
493,0.2491358960926397,0.9154779969650987,nan,nan,20,6590,528296800,528296800,215,260450322400,260450322400,101462,False
494,0.22329584656822635,0.9252509652509653,nan,nan,20,6475,528296800,528296800,212,260978619200,260978619200,101674,False
495,0.2134858384097524,0.9302471066624961,nan,nan,20,6394,528296800,528296800,212,261506916000,261506916000,101886,False
496,0.21776183858705325,0.9217850287907869,nan,nan,20,6252,528296800,528296800,207,262035212800,262035212800,102093,False
497,0.2794219945298212,0.9095109128564601,nan,nan,20,6277,528296800,528296800,209,262563509600,262563509600,102302,False
498,0.22890474867684943,0.919935691318328,nan,nan,20,6220,528296800,528296800,202,263091806400,263091806400,102504,False
499,0.2115512252914636,0.9273269502432899,nan,nan,20,6371,528296800,528296800,208,263620103200,263620103200,102712,False
500,0.20318388681629362,0.9316715542521994,0.32589599865847846,0.8933528947071436,20,6820,528296800,528296800,224,264148400000,264148400000,102936,False
501,0.2141198307496572,0.9267477203647416,nan,nan,20,6580,528296800,528296800,216,264676696800,264676696800,103152,False
502,0.24530287496832356,0.9166149068322982,nan,nan,20,6440,528296800,528296800,208,265204993600,265204993600,103360,False
503,0.22914016416537664,0.9170389278876835,nan,nan,20,6268,528296800,528296800,202,265733290400,265733290400,103562,False
504,0.22631406161989007,0.924475086179881,nan,nan,20,6382,528296800,528296800,210,266261587200,266261587200,103772,False
505,0.21391774095445917,0.9278001611603546,nan,nan,20,6205,528296800,528296800,204,266789884000,266789884000,103976,False
506,0.22033041290991373,0.9269464915091317,nan,nan,20,6242,528296800,528296800,205,267318180800,267318180800,104181,False
507,0.2878293168586113,0.9040615076048805,nan,nan,20,5983,528296800,528296800,197,267846477600,267846477600,104378,False
508,0.239942326584454,0.9205496761964934,nan,nan,20,6331,528296800,528296800,208,268374774400,268374774400,104586,False
509,0.25788974964863665,0.918127687727423,nan,nan,20,6046,528296800,528296800,197,268903071200,268903071200,104783,False
510,0.24050072810323148,0.9204527339391041,0.314812609572508,0.8980927660534929,20,6273,528296800,528296800,207,269431368000,269431368000,104990,False
511,0.21192593965655085,0.9255755282245348,nan,nan,20,6342,528296800,528296800,208,269959664800,269959664800,105198,False
512,0.22908018120397294,0.9182590233545648,nan,nan,20,6594,528296800,528296800,216,270487961600,270487961600,105414,False
513,0.23617234180747568,0.9215427723751443,nan,nan,20,6067,528296800,528296800,200,271016258400,271016258400,105614,False
514,0.23180910244866063,0.9239549591238624,nan,nan,20,6483,528296800,528296800,214,271544555200,271544555200,105828,False
515,0.19655697862806584,0.9354113110539846,nan,nan,20,6224,528296800,528296800,202,272072852000,272072852000,106030,False
516,0.20051415448484441,0.9325808419768151,nan,nan,20,6556,528296800,528296800,213,272601148800,272601148800,106243,False
517,0.2413797786476858,0.9228514118191637,nan,nan,20,6481,528296800,528296800,211,273129445600,273129445600,106454,False
518,0.21097185413511838,0.9256746337702391,nan,nan,20,6485,528296800,528296800,212,273657742400,273657742400,106666,False
519,0.1955416786373155,0.9333545411165898,nan,nan,20,6287,528296800,528296800,208,274186039200,274186039200,106874,False
520,0.22257878135059186,0.9216335540838853,0.31612551829142516,0.8998420042884551,20,6342,528296800,528296800,208,274714336000,274714336000,107082,False
521,0.20411350420494173,0.9268512944009633,nan,nan,20,6644,528296800,528296800,219,275242632800,275242632800,107301,False
522,0.23354802611295053,0.9218427323272439,nan,nan,20,6295,528296800,528296800,208,275770929600,275770929600,107509,False
523,0.2365278979405211,0.9240940254652301,nan,nan,20,6126,528296800,528296800,203,276299226400,276299226400,107712,False
524,0.18771870807113888,0.9352898019075568,nan,nan,20,6815,528296800,528296800,222,276827523200,276827523200,107934,False
525,0.23317194932961605,0.9259734016984458,nan,nan,20,6241,528296800,528296800,206,277355820000,277355820000,108140,False
526,0.233887456491578,0.9202482544608224,nan,nan,20,6445,528296800,528296800,211,277884116800,277884116800,108351,False
527,0.21504884724630643,0.9247906698564593,nan,nan,20,6688,528296800,528296800,218,278412413600,278412413600,108569,False
528,0.23159306088445436,0.9201219512195122,nan,nan,20,6560,528296800,528296800,215,278940710400,278940710400,108784,False
529,0.25774104342327686,0.9095029949813825,nan,nan,20,6177,528296800,528296800,203,279469007200,279469007200,108987,False
530,0.2076178662485136,0.9321266968325792,0.31249533073518176,0.9017605236429297,20,6409,528296800,528296800,208,279997304000,279997304000,109195,False
531,0.22921554965268873,0.9242448204965997,nan,nan,20,6323,528296800,528296800,207,280525600800,280525600800,109402,False
532,0.22823561020133123,0.9198855507868383,nan,nan,20,6291,528296800,528296800,208,281053897600,281053897600,109610,False
533,0.22282999113063784,0.9217364244593123,nan,nan,20,6427,528296800,528296800,210,281582194400,281582194400,109820,False
534,0.2294444356002986,0.9210357027983275,nan,nan,20,6218,528296800,528296800,204,282110491200,282110491200,110024,False
535,0.21917251032796442,0.92124959323137,nan,nan,20,6146,528296800,528296800,201,282638788000,282638788000,110225,False
536,0.20408518263578787,0.9279869067103109,nan,nan,20,6721,528296800,528296800,218,283167084800,283167084800,110443,False
537,0.208016733143882,0.928524697415767,nan,nan,20,6114,528296800,528296800,203,283695381600,283695381600,110646,False
538,0.2106341780836975,0.9299119747550241,nan,nan,20,6021,528296800,528296800,198,284223678400,284223678400,110844,False
539,0.23908401380127622,0.9175979983319433,nan,nan,20,5995,528296800,528296800,197,284751975200,284751975200,111041,False
540,0.21675581308486114,0.9272352840226532,0.3199411594306706,0.8966820900575556,20,5827,528296800,528296800,193,285280272000,285280272000,111234,False
541,0.25038283059392197,0.9151505646173149,nan,nan,20,6376,528296800,528296800,208,285808568800,285808568800,111442,False
542,0.22074614855850747,0.9257884972170687,nan,nan,20,6468,528296800,528296800,213,286336865600,286336865600,111655,False
543,0.21312085893964997,0.9255264509501797,nan,nan,20,5841,528296800,528296800,192,286865162400,286865162400,111847,False
544,0.2275512679373296,0.9176888315041962,nan,nan,20,6196,528296800,528296800,201,287393459200,287393459200,112048,False
545,0.25215088665945146,0.9172072907012666,nan,nan,20,6474,528296800,528296800,212,287921756000,287921756000,112260,False
546,0.22492342493419637,0.9237083534524384,nan,nan,20,6213,528296800,528296800,203,288450052800,288450052800,112463,False
547,0.17752087433565134,0.937442502299908,nan,nan,20,6522,528296800,528296800,213,288978349600,288978349600,112676,False
548,0.22960593781704466,0.9221861973135711,nan,nan,20,6477,528296800,528296800,212,289506646400,289506646400,112888,False
549,0.24528096070132258,0.920725727361883,nan,nan,20,6118,528296800,528296800,203,290034943200,290034943200,113091,False
550,0.21850529701314444,0.9235434956105347,0.31463588025698797,0.9025505022006546,20,6265,528296800,528296800,204,290563240000,290563240000,113295,False
551,0.1923595570248037,0.9328679637605822,nan,nan,20,6733,528296800,528296800,217,291091536800,291091536800,113512,False
552,0.23033245409472566,0.922314829375688,nan,nan,20,6359,528296800,528296800,208,291619833600,291619833600,113720,False
553,0.2542220127575844,0.9147391524565254,nan,nan,20,5923,528296800,528296800,195,292148130400,292148130400,113915,False
554,0.23474361585860645,0.9203569068076669,nan,nan,20,6052,528296800,528296800,199,292676427200,292676427200,114114,False
555,0.20924115281788935,0.927313769751693,nan,nan,20,6645,528296800,528296800,218,293204724000,293204724000,114332,False
556,0.20903320191091615,0.9335895465026902,nan,nan,20,6505,528296800,528296800,211,293733020800,293733020800,114543,False
557,0.2279425179462804,0.9234563971992361,nan,nan,20,6284,528296800,528296800,207,294261317600,294261317600,114750,False
558,0.19371727676489978,0.935064935064935,nan,nan,20,6468,528296800,528296800,212,294789614400,294789614400,114962,False
559,0.24440299002563534,0.9166262724188076,nan,nan,20,6189,528296800,528296800,203,295317911200,295317911200,115165,False
560,0.1887756367808639,0.935618193465727,0.296872244618733,0.9065568220291164,20,6244,528296800,528296800,204,295846208000,295846208000,115369,False
561,0.19931484653654302,0.9294792312461252,nan,nan,20,6452,528296800,528296800,214,296374504800,296374504800,115583,False
562,0.19968260121471806,0.9317787931306128,nan,nan,20,6347,528296800,528296800,207,296902801600,296902801600,115790,False
563,0.2092338771486176,0.9260227622270071,nan,nan,20,6502,528296800,528296800,213,297431098400,297431098400,116003,False
564,0.21544375100845034,0.9250871080139372,nan,nan,20,6314,528296800,528296800,207,297959395200,297959395200,116210,False
565,0.1684840490740214,0.9414400494437577,nan,nan,20,6472,528296800,528296800,212,298487692000,298487692000,116422,False
566,0.24241924293068023,0.9180642907058001,nan,nan,20,5724,528296800,528296800,189,299015988800,299015988800,116611,False
567,0.20898523001961683,0.9281537176274018,nan,nan,20,5985,528296800,528296800,196,299544285600,299544285600,116807,False
568,0.2072502504049037,0.9261785660148553,nan,nan,20,6597,528296800,528296800,215,300072582400,300072582400,117022,False
569,0.19715993458087788,0.9340140201158184,nan,nan,20,6562,528296800,528296800,213,300600879200,300600879200,117235,False
570,0.19566822121046185,0.9286579824295668,0.3106968151690284,0.8998984313282925,20,6602,528296800,528296800,214,301129176000,301129176000,117449,False
571,0.24676608169667813,0.9202072538860103,nan,nan,20,6755,528296800,528296800,220,301657472800,301657472800,117669,False
572,0.2087284617250574,0.9312620734063104,nan,nan,20,6212,528296800,528296800,202,302185769600,302185769600,117871,False
573,0.20002170098843602,0.9303958177744586,nan,nan,20,6695,528296800,528296800,218,302714066400,302714066400,118089,False
574,0.20624710367476964,0.9317723678089627,nan,nan,20,6449,528296800,528296800,209,303242363200,303242363200,118298,False
575,0.2372812155078101,0.9189856742960646,nan,nan,20,6073,528296800,528296800,199,303770660000,303770660000,118497,False
576,0.2503051715219344,0.9100573742828215,nan,nan,20,5926,528296800,528296800,196,304298956800,304298956800,118693,False
577,0.2013889590571352,0.9309904153354632,nan,nan,20,6260,528296800,528296800,206,304827253600,304827253600,118899,False
578,0.1775856116575523,0.9352904040404041,nan,nan,20,6336,528296800,528296800,207,305355550400,305355550400,119106,False
579,0.21753043974800798,0.9284896089019801,nan,nan,20,6111,528296800,528296800,199,305883847200,305883847200,119305,False
580,0.1833069861085475,0.9362965340179717,0.3091255028762286,0.9020426588421171,20,6232,528296800,528296800,203,306412144000,306412144000,119508,False
581,0.22252141773700643,0.9252918287937744,nan,nan,20,6425,528296800,528296800,211,306940440800,306940440800,119719,False
582,0.2072019852044679,0.9291579455804219,nan,nan,20,6211,528296800,528296800,204,307468737600,307468737600,119923,False
583,0.1795145951758472,0.9395154821113428,nan,nan,20,6233,528296800,528296800,204,307997034400,307997034400,120127,False
584,0.19554132259069426,0.9334377447141738,nan,nan,20,6385,528296800,528296800,210,308525331200,308525331200,120337,False
585,0.18786321635106265,0.9348446179252364,nan,nan,20,6661,528296800,528296800,217,309053628000,309053628000,120554,False
586,0.2243699815196041,0.9287680103610166,nan,nan,20,6177,528296800,528296800,202,309581924800,309581924800,120756,False
587,0.2211671094742896,0.9227817745803357,nan,nan,20,6255,528296800,528296800,203,310110221600,310110221600,120959,False
588,0.20346108454366912,0.9328125,nan,nan,20,6400,528296800,528296800,210,310638518400,310638518400,121169,False
589,0.21953442272201124,0.9262586879132056,nan,nan,20,5899,528296800,528296800,194,311166815200,311166815200,121363,False
590,0.22215002284425722,0.9274324764074194,0.30323686008528167,0.902719783320167,20,6146,528296800,528296800,203,311695112000,311695112000,121566,False
591,0.22818737138711806,0.9204527339391041,nan,nan,20,6273,528296800,528296800,206,312223408800,312223408800,121772,False
592,0.18412225020996803,0.9400778210116731,nan,nan,20,6425,528296800,528296800,211,312751705600,312751705600,121983,False
593,0.26092106492825534,0.9152956507574523,nan,nan,20,6139,528296800,528296800,202,313280002400,313280002400,122185,False
594,0.2390160781094962,0.9160595502058917,nan,nan,20,6314,528296800,528296800,207,313808299200,313808299200,122392,False
595,0.21932655454062935,0.9257298958511183,nan,nan,20,5857,528296800,528296800,193,314336596000,314336596000,122585,False
596,0.22916961114254983,0.9204017388697346,nan,nan,20,6671,528296800,528296800,218,314864892800,314864892800,122803,False
597,0.1693164539474372,0.9401669758812616,nan,nan,20,6468,528296800,528296800,211,315393189600,315393189600,123014,False
598,0.20519053694325026,0.9298301317669472,nan,nan,20,6299,528296800,528296800,208,315921486400,315921486400,123222,False
599,0.22308512007919246,0.9227373068432672,nan,nan,20,6342,528296800,528296800,207,316449783200,316449783200,123429,False
600,0.24847299705590578,0.9223499763742322,0.3010249675167776,0.9037918970770793,20,6349,528296800,528296800,208,316978080000,316978080000,123637,False
601,0.18752117558621645,0.9348946135831382,nan,nan,20,6405,528296800,528296800,208,317506376800,317506376800,123845,False
602,0.1945015850948199,0.9311390869103595,nan,nan,20,6593,528296800,528296800,216,318034673600,318034673600,124061,False
603,0.17499312169209588,0.9359375,nan,nan,20,6400,528296800,528296800,209,318562970400,318562970400,124270,False
604,0.17400199013209114,0.939205579138872,nan,nan,20,6596,528296800,528296800,215,319091267200,319091267200,124485,False
605,0.2136433632499827,0.9299302473050095,nan,nan,20,6308,528296800,528296800,205,319619564000,319619564000,124690,False
606,0.19433931582203443,0.927073090789905,nan,nan,20,6102,528296800,528296800,202,320147860800,320147860800,124892,False
607,0.168503506324337,0.9381669805398619,nan,nan,20,6372,528296800,528296800,209,320676157600,320676157600,125101,False
608,0.22112224553940726,0.9208196721311476,nan,nan,20,6100,528296800,528296800,201,321204454400,321204454400,125302,False
609,0.21753058154849558,0.926626323751891,nan,nan,20,6610,528296800,528296800,216,321732751200,321732751200,125518,False
610,0.194047505753283,0.9305448371662294,0.31292159008315207,0.9002369935673175,20,6479,528296800,528296800,211,322261048000,322261048000,125729,False
611,0.20733895374023267,0.9289725801123224,nan,nan,20,6054,528296800,528296800,200,322789344800,322789344800,125929,False
612,0.19653571023223212,0.9304461942257218,nan,nan,20,6096,528296800,528296800,199,323317641600,323317641600,126128,False
613,0.22782645513007269,0.9241853610610774,nan,nan,20,6107,528296800,528296800,201,323845938400,323845938400,126329,False
614,0.19567913507878595,0.9333848531684699,nan,nan,20,6470,528296800,528296800,210,324374235200,324374235200,126539,False
615,0.19471810826743777,0.9313264346190028,nan,nan,20,6378,528296800,528296800,208,324902532000,324902532000,126747,False
616,0.24863429199624265,0.9201680672268907,nan,nan,20,6188,528296800,528296800,202,325430828800,325430828800,126949,False
617,0.18241174526095802,0.9328141701023057,nan,nan,20,6549,528296800,528296800,215,325959125600,325959125600,127164,False
618,0.23870924402192328,0.9151749717787454,nan,nan,20,6201,528296800,528296800,206,326487422400,326487422400,127370,False
619,0.2088362043310414,0.9297507283910651,nan,nan,20,6178,528296800,528296800,204,327015719200,327015719200,127574,False
620,0.2080274650562907,0.9300932090545939,0.32167005683899247,0.8979234849339803,20,6008,528296800,528296800,196,327544016000,327544016000,127770,False
621,0.1980334000450055,0.9309195576427814,nan,nan,20,6601,528296800,528296800,214,328072312800,328072312800,127984,False
622,0.18425612059429233,0.9321930360415394,nan,nan,20,6548,528296800,528296800,213,328600609600,328600609600,128197,False
623,0.21930808311280026,0.9287178678441886,nan,nan,20,6341,528296800,528296800,209,329128906400,329128906400,128406,False
624,0.18225240472889806,0.9348816698515361,nan,nan,20,6803,528296800,528296800,221,329657203200,329657203200,128627,False
625,0.1820088271425276,0.9364477476111027,nan,nan,20,6593,528296800,528296800,216,330185500000,330185500000,128843,False
626,0.20023233631500614,0.9343873517786562,nan,nan,20,6325,528296800,528296800,206,330713796800,330713796800,129049,False
627,0.19422362662297338,0.930090206185567,nan,nan,20,6208,528296800,528296800,202,331242093600,331242093600,129251,False
628,0.2105936427285731,0.926230831315577,nan,nan,20,6195,528296800,528296800,203,331770390400,331770390400,129454,False
629,0.18568454732504822,0.9357483601669648,nan,nan,20,6708,528296800,528296800,216,332298687200,332298687200,129670,False
630,0.20378176544995277,0.9265339966832504,0.31849111471148167,0.8963435278185307,20,6030,528296800,528296800,198,332826984000,332826984000,129868,False
631,0.19491330881376298,0.9356706336442586,nan,nan,20,6218,528296800,528296800,203,333355280800,333355280800,130071,False
632,0.189985893571764,0.9362146529562982,nan,nan,20,6224,528296800,528296800,203,333883577600,333883577600,130274,False
633,0.2045833942824361,0.9253824539494224,nan,nan,20,6406,528296800,528296800,211,334411874400,334411874400,130485,False
634,0.21227729545328305,0.92412771560237,nan,nan,20,6076,528296800,528296800,198,334940171200,334940171200,130683,False
635,0.1779077918688971,0.9393292682926829,nan,nan,20,6560,528296800,528296800,213,335468468000,335468468000,130896,False
636,0.2138880779270076,0.9232066217044758,nan,nan,20,6524,528296800,528296800,213,335996764800,335996764800,131109,False
637,0.18156166065982313,0.9391045710707576,nan,nan,20,6388,528296800,528296800,210,336525061600,336525061600,131319,False
638,0.2089572266183001,0.9288057742782152,nan,nan,20,6096,528296800,528296800,198,337053358400,337053358400,131517,False
639,0.20425605927794016,0.9278217342160504,nan,nan,20,6193,528296800,528296800,201,337581655200,337581655200,131718,False
640,0.21393159626793362,0.9294764921640547,0.2997038720484418,0.9055411353120415,20,5998,528296800,528296800,196,338109952000,338109952000,131914,False
641,0.18956390568995418,0.9354531001589825,nan,nan,20,6290,528296800,528296800,206,338638248800,338638248800,132120,False
642,0.22214920137806363,0.9225860621326616,nan,nan,20,5955,528296800,528296800,195,339166545600,339166545600,132315,False
643,0.20865063482982127,0.9272267046353425,nan,nan,20,6321,528296800,528296800,204,339694842400,339694842400,132519,False
644,0.2250362140149313,0.9248745294855709,nan,nan,20,6376,528296800,528296800,207,340223139200,340223139200,132726,False
645,0.17114496660421485,0.9396358990737783,nan,nan,20,6262,528296800,528296800,205,340751436000,340751436000,132931,False
646,0.182083166983844,0.9359799152675349,nan,nan,20,6373,528296800,528296800,209,341279732800,341279732800,133140,False
647,0.19079154181357688,0.9350572150393818,nan,nan,20,6729,528296800,528296800,220,341808029600,341808029600,133360,False
648,0.19284524641961623,0.9322231473771857,nan,nan,20,6005,528296800,528296800,198,342336326400,342336326400,133558,False
649,0.19181287044832876,0.930843487893654,nan,nan,20,6319,528296800,528296800,206,342864623200,342864623200,133764,False
650,0.17210309493877796,0.9414794007490637,0.3046979714450281,0.9034533348380543,20,6408,528296800,528296800,211,343392920000,343392920000,133975,False
651,0.17598043370913874,0.9427764565992865,nan,nan,20,6728,528296800,528296800,220,343921216800,343921216800,134195,False
652,0.17280691429093986,0.9352180936995154,nan,nan,20,6190,528296800,528296800,201,344449513600,344449513600,134396,False
653,0.1778127480149128,0.9385854120618882,nan,nan,20,6334,528296800,528296800,208,344977810400,344977810400,134604,False
654,0.18231647072543974,0.9353359683794467,nan,nan,20,6325,528296800,528296800,209,345506107200,345506107200,134813,False
655,0.1999929528042729,0.926555484284798,nan,nan,20,6236,528296800,528296800,205,346034404000,346034404000,135018,False
656,0.21201596261652741,0.9216155810983397,nan,nan,20,6264,528296800,528296800,204,346562700800,346562700800,135222,False
657,0.1911243863609982,0.9370314842578711,nan,nan,20,6003,528296800,528296800,196,347090997600,347090997600,135418,False
658,0.20659034265284665,0.9311660308508873,nan,nan,20,6029,528296800,528296800,198,347619294400,347619294400,135616,False
659,0.23150512452799707,0.9180710829300851,nan,nan,20,5993,528296800,528296800,195,348147591200,348147591200,135811,False
660,0.20130003517012876,0.9285714285714286,0.2921875858129302,0.9066696761087913,20,6328,528296800,528296800,206,348675888000,348675888000,136017,False
661,0.18467165335878785,0.9357638888888888,nan,nan,20,6336,528296800,528296800,205,349204184800,349204184800,136222,False
662,0.18342514947757152,0.9378081756004454,nan,nan,20,6287,528296800,528296800,205,349732481600,349732481600,136427,False
663,0.17525134141162962,0.938885560215698,nan,nan,20,6676,528296800,528296800,217,350260778400,350260778400,136644,False
664,0.19895978574866638,0.93209574987787,nan,nan,20,6141,528296800,528296800,202,350789075200,350789075200,136846,False
665,0.18428881172628175,0.9376132930513595,nan,nan,20,6620,528296800,528296800,218,351317372000,351317372000,137064,False
666,0.17741462738160232,0.9375317420010157,nan,nan,20,5907,528296800,528296800,194,351845668800,351845668800,137258,False
667,0.17388618846306447,0.9394994198574507,nan,nan,20,6033,528296800,528296800,196,352373965600,352373965600,137454,False
668,0.18006540981102911,0.9374512556543441,nan,nan,20,6411,528296800,528296800,207,352902262400,352902262400,137661,False
669,0.185825351253273,0.9370936280884266,nan,nan,20,6152,528296800,528296800,201,353430559200,353430559200,137862,False
670,0.17366116894214667,0.9413345983554712,0.30414892098944285,0.9008576910055298,20,6324,528296800,528296800,207,353958856000,353958856000,138069,False
671,0.18466854315686218,0.9347262714609653,nan,nan,20,6174,528296800,528296800,201,354487152800,354487152800,138270,False
672,0.19801210956931606,0.9292181069958848,nan,nan,20,6075,528296800,528296800,200,355015449600,355015449600,138470,False
673,0.16986598332258343,0.942772028849169,nan,nan,20,6378,528296800,528296800,210,355543746400,355543746400,138680,False
674,0.18568732162741391,0.9362268881228455,nan,nan,20,6382,528296800,528296800,210,356072043200,356072043200,138890,False
675,0.2033824359504577,0.931748726655348,nan,nan,20,5890,528296800,528296800,195,356600340000,356600340000,139085,False
676,0.16716747204588314,0.9413229571984436,nan,nan,20,6425,528296800,528296800,212,357128636800,357128636800,139297,False
677,0.1741355315993993,0.9391264647694415,nan,nan,20,6571,528296800,528296800,216,357656933600,357656933600,139513,False
678,0.19431189903182777,0.9337007874015748,nan,nan,20,6350,528296800,528296800,208,358185230400,358185230400,139721,False
679,0.20373816819117457,0.9275793650793651,nan,nan,20,6048,528296800,528296800,198,358713527200,358713527200,139919,False
680,0.1894042564435316,0.9317720530835285,0.29641499286001444,0.9066696761087913,20,6405,528296800,528296800,209,359241824000,359241824000,140128,False
681,0.19176593377482937,0.9347073371805441,nan,nan,20,6065,528296800,528296800,198,359770120800,359770120800,140326,False
682,0.2071378861652001,0.9272254710851202,nan,nan,20,6156,528296800,528296800,200,360298417600,360298417600,140526,False
683,0.20722857223900676,0.9245801033591732,nan,nan,20,6192,528296800,528296800,202,360826714400,360826714400,140728,False
684,0.18155229990690996,0.9388182498130142,nan,nan,20,6685,528296800,528296800,216,361355011200,361355011200,140944,False
685,0.21244543188064932,0.9257179528317022,nan,nan,20,6233,528296800,528296800,202,361883308000,361883308000,141146,False
686,0.19196793631881653,0.9306385655866625,nan,nan,20,6358,528296800,528296800,206,362411604800,362411604800,141352,False
687,0.19638291796332585,0.9323164918970448,nan,nan,20,6294,528296800,528296800,207,362939901600,362939901600,141559,False
688,0.18235239280085588,0.9381081512202903,nan,nan,20,6269,528296800,528296800,208,363468198400,363468198400,141767,False
689,0.1703298096607314,0.9413235294117647,nan,nan,20,6800,528296800,528296800,223,363996495200,363996495200,141990,False
690,0.18252097157140618,0.9380449747590638,0.30528584669532577,0.9032276266787045,20,6537,528296800,528296800,213,364524792000,364524792000,142203,False
691,0.17666918106378787,0.9364303178484108,nan,nan,20,6544,528296800,528296800,215,365053088800,365053088800,142418,False
692,0.20157642853346067,0.9323632874960026,nan,nan,20,6254,528296800,528296800,206,365581385600,365581385600,142624,False
693,0.20688683325307672,0.9291626870423432,nan,nan,20,6282,528296800,528296800,204,366109682400,366109682400,142828,False
694,0.1711909971892953,0.9418193506910961,nan,nan,20,6222,528296800,528296800,201,366637979200,366637979200,143029,False
695,0.20459993053749642,0.9305511309334182,nan,nan,20,6278,528296800,528296800,208,367166276000,367166276000,143237,False
696,0.22142844782180493,0.926829268292683,nan,nan,20,5822,528296800,528296800,191,367694572800,367694572800,143428,False
697,0.19117117633348912,0.930298719772404,nan,nan,20,6327,528296800,528296800,207,368222869600,368222869600,143635,False
698,0.1983752833021192,0.9316084377059987,nan,nan,20,6068,528296800,528296800,201,368751166400,368751166400,143836,False
699,0.18906356984023928,0.9348419194350827,nan,nan,20,6231,528296800,528296800,202,369279463200,369279463200,144038,False
700,0.2245108157261143,0.9268076034819683,0.2932971143995635,0.9057668434713915,20,5629,528296800,528296800,186,369807760000,369807760000,144224,False
701,0.18771022547419133,0.9354399758088903,nan,nan,20,6614,528296800,528296800,217,370336056800,370336056800,144441,False
702,0.17952288490680748,0.9366697559468644,nan,nan,20,6474,528296800,528296800,212,370864353600,370864353600,144653,False
703,0.18684840677799217,0.9300787401574803,nan,nan,20,6350,528296800,528296800,209,371392650400,371392650400,144862,False
704,0.1977053710233119,0.9329305135951662,nan,nan,20,6620,528296800,528296800,214,371920947200,371920947200,145076,False
705,0.22043439880882554,0.9235323972255117,nan,nan,20,5911,528296800,528296800,197,372449244000,372449244000,145273,False
706,0.19937192296852552,0.9287594858293325,nan,nan,20,6457,528296800,528296800,212,372977540800,372977540800,145485,False
707,0.1839223929139349,0.9369000786782061,nan,nan,20,6355,528296800,528296800,205,373505837600,373505837600,145690,False
708,0.21590071116322157,0.9271386936396365,nan,nan,20,5833,528296800,528296800,192,374034134400,374034134400,145882,False
709,0.17361401548545197,0.940729001584786,nan,nan,20,6310,528296800,528296800,206,374562431200,374562431200,146088,False
710,0.20289538770164756,0.9290269828291088,0.30392975375542264,0.9036790429974043,20,6115,528296800,528296800,201,375090728000,375090728000,146289,False
711,0.19038524541509805,0.9349390053174852,nan,nan,20,6394,528296800,528296800,209,375619024800,375619024800,146498,False
712,0.20977225829784477,0.9257473481195757,nan,nan,20,6222,528296800,528296800,205,376147321600,376147321600,146703,False
713,0.15734932739789526,0.9452095808383234,nan,nan,20,6680,528296800,528296800,218,376675618400,376675618400,146921,False
714,0.17505211355170563,0.9391870435058749,nan,nan,20,6298,528296800,528296800,206,377203915200,377203915200,147127,False
715,0.1836300705093661,0.9373153921890384,nan,nan,20,6094,528296800,528296800,198,377732212000,377732212000,147325,False
716,0.20136226359667353,0.9316118935837245,nan,nan,20,6390,528296800,528296800,208,378260508800,378260508800,147533,False
717,0.19889395287852663,0.9308869507980911,nan,nan,20,6077,528296800,528296800,200,378788805600,378788805600,147733,False
718,0.16757076123376036,0.9434606011372868,nan,nan,20,6155,528296800,528296800,202,379317102400,379317102400,147935,False
719,0.16140203488997484,0.9447540200604999,nan,nan,20,6281,528296800,528296800,205,379845399200,379845399200,148140,False
720,0.18492647680299254,0.9366244162775184,0.300787991301468,0.9054847082722041,20,5996,528296800,528296800,195,380373696000,380373696000,148335,False
721,0.18627631738683445,0.9380108991825613,nan,nan,20,5872,528296800,528296800,191,380901992800,380901992800,148526,False
722,0.20488350041304354,0.930001654807215,nan,nan,20,6043,528296800,528296800,198,381430289600,381430289600,148724,False
723,0.17402661228524557,0.9383797309978105,nan,nan,20,6394,528296800,528296800,213,381958586400,381958586400,148937,False
724,0.16736281824905372,0.9407325892155322,nan,nan,20,6361,528296800,528296800,208,382486883200,382486883200,149145,False
725,0.17038703292041574,0.9421252371916509,nan,nan,20,6324,528296800,528296800,209,383015180000,383015180000,149354,False
726,0.18614580547170445,0.9358781181985601,nan,nan,20,5973,528296800,528296800,195,383543476800,383543476800,149549,False
727,0.17398479467633332,0.9408216498206716,nan,nan,20,6134,528296800,528296800,200,384071773600,384071773600,149749,False
728,0.18824865018669712,0.9362116539522805,nan,nan,20,6161,528296800,528296800,204,384600070400,384600070400,149953,False
729,0.1817380017549982,0.9324472243940578,nan,nan,20,6395,528296800,528296800,209,385128367200,385128367200,150162,False
730,0.19260391575047228,0.9300130208333334,0.30012002605816646,0.9020426588421171,20,6144,528296800,528296800,199,385656664000,385656664000,150361,False
731,0.1639934216731126,0.9378230465186987,nan,nan,20,6578,528296800,528296800,216,386184960800,386184960800,150577,False
732,0.18905485808999853,0.9327117327117327,nan,nan,20,6435,528296800,528296800,210,386713257600,386713257600,150787,False
733,0.1879871364423425,0.9361088871096878,nan,nan,20,6245,528296800,528296800,204,387241554400,387241554400,150991,False
734,0.17758943928752272,0.9397739588171543,nan,nan,20,6459,528296800,528296800,211,387769851200,387769851200,151202,False
735,0.1883139710236747,0.9321044546850998,nan,nan,20,6510,528296800,528296800,215,388298148000,388298148000,151417,False
736,0.18251220981809835,0.9355937702790396,nan,nan,20,6164,528296800,528296800,201,388826444800,388826444800,151618,False
737,0.16252991906210365,0.9462612982744454,nan,nan,20,6085,528296800,528296800,200,389354741600,389354741600,151818,False
738,0.17395583843888884,0.9386762860727729,nan,nan,20,6376,528296800,528296800,209,389883038400,389883038400,152027,False
739,0.17014320563791985,0.942017957692893,nan,nan,20,6571,528296800,528296800,214,390411335200,390411335200,152241,False
740,0.1815630050050765,0.9375204448806019,0.31476457805305824,0.9009141180453674,20,6114,528296800,528296800,201,390939632000,390939632000,152442,False
741,0.20043089803824277,0.9291012592720372,nan,nan,20,5797,528296800,528296800,189,391467928800,391467928800,152631,False
742,0.15404955296537637,0.9471285323609845,nan,nan,20,6582,528296800,528296800,214,391996225600,391996225600,152845,False
743,0.19638986455375548,0.9282415044539756,nan,nan,20,6062,528296800,528296800,197,392524522400,392524522400,153042,False
744,0.1981689695783204,0.9275435073627845,nan,nan,20,5976,528296800,528296800,199,393052819200,393052819200,153241,False
745,0.18151749669422812,0.93461915658712,nan,nan,20,6118,528296800,528296800,201,393581116000,393581116000,153442,False
746,0.1974959574116209,0.9295819935691318,nan,nan,20,6220,528296800,528296800,205,394109412800,394109412800,153647,False
747,0.17027839672181008,0.9383157240522063,nan,nan,20,6436,528296800,528296800,212,394637709600,394637709600,153859,False
748,0.1592053496899928,0.9427541456380678,nan,nan,20,6935,528296800,528296800,225,395166006400,395166006400,154084,False
749,0.16886361889460255,0.9416626154594069,nan,nan,20,6171,528296800,528296800,203,395694303200,395694303200,154287,False
750,0.165801008144202,0.943054489639294,0.3011983058553775,0.9043561674754542,20,6515,528296800,528296800,212,396222600000,396222600000,154499,False
751,0.172537084829912,0.9429326698802675,nan,nan,20,6431,528296800,528296800,209,396750896800,396750896800,154708,False
752,0.2045502178736545,0.9260111805327195,nan,nan,20,6082,528296800,528296800,199,397279193600,397279193600,154907,False
753,0.181625394312265,0.9369979524334541,nan,nan,20,6349,528296800,528296800,207,397807490400,397807490400,155114,False
754,0.1591116269373654,0.9468997895418488,nan,nan,20,6177,528296800,528296800,204,398335787200,398335787200,155318,False
755,0.16120798373721135,0.9438596491228071,nan,nan,20,6270,528296800,528296800,205,398864084000,398864084000,155523,False
756,0.19050955131212122,0.9340466304694985,nan,nan,20,6262,528296800,528296800,205,399392380800,399392380800,155728,False
757,0.16738839489327342,0.943705063484779,nan,nan,20,6537,528296800,528296800,217,399920677600,399920677600,155945,False
758,0.1600998312392126,0.9444275736410568,nan,nan,20,6586,528296800,528296800,216,400448974400,400448974400,156161,False
759,0.17431367239119785,0.9421138211382114,nan,nan,20,6150,528296800,528296800,203,400977271200,400977271200,156364,False
760,0.1709346605672712,0.9403524627202892,0.30160169562896855,0.9021555129217921,20,6639,528296800,528296800,218,401505568000,401505568000,156582,False
761,0.21234637278233984,0.9272068511198946,nan,nan,20,6072,528296800,528296800,200,402033864800,402033864800,156782,False
762,0.1626013079203004,0.9415403649860811,nan,nan,20,6466,528296800,528296800,211,402562161600,402562161600,156993,False
763,0.20925240426262762,0.9271988751757538,nan,nan,20,6401,528296800,528296800,209,403090458400,403090458400,157202,False
764,0.20038638920829124,0.9298552568792747,nan,nan,20,6287,528296800,528296800,207,403618755200,403618755200,157409,False
765,0.1818162577309679,0.9358187824445493,nan,nan,20,6357,528296800,528296800,207,404147052000,404147052000,157616,False
766,0.18807323560099995,0.9343465998119712,nan,nan,20,6382,528296800,528296800,210,404675348800,404675348800,157826,False
767,0.16777697264130254,0.9392169245342595,nan,nan,20,6334,528296800,528296800,207,405203645600,405203645600,158033,False
768,0.16285274000968547,0.9403639909002275,nan,nan,20,6154,528296800,528296800,200,405731942400,405731942400,158233,False
769,0.18157445363075797,0.9346081611746628,nan,nan,20,5857,528296800,528296800,190,406260239200,406260239200,158423,False
770,0.1960875244893729,0.9328592690590375,0.3084823960725724,0.9041304593161043,20,6047,528296800,528296800,197,406788536000,406788536000,158620,False
771,0.187136341747196,0.9346030675880668,nan,nan,20,5933,528296800,528296800,194,407316832800,407316832800,158814,False
772,0.16108465227191202,0.9427010148321624,nan,nan,20,6405,528296800,528296800,210,407845129600,407845129600,159024,False
773,0.18986628569072547,0.9329825104472992,nan,nan,20,6461,528296800,528296800,214,408373426400,408373426400,159238,False
774,0.18814099316790264,0.9320911610717586,nan,nan,20,6494,528296800,528296800,214,408901723200,408901723200,159452,False
775,0.18643200772049195,0.9330947564960324,nan,nan,20,6427,528296800,528296800,209,409430020000,409430020000,159661,False
776,0.19602663648729865,0.9289140116478246,nan,nan,20,5838,528296800,528296800,192,409958316800,409958316800,159853,False
777,0.16722317218524607,0.9365367180417045,nan,nan,20,6618,528296800,528296800,217,410486613600,410486613600,160070,False
778,0.1850912220863979,0.9363222871994802,nan,nan,20,6156,528296800,528296800,203,411014910400,411014910400,160273,False
779,0.18424489145365194,0.9395348837209302,nan,nan,20,6020,528296800,528296800,199,411543207200,411543207200,160472,False
780,0.1943146679378722,0.9316521739130434,0.302173019148348,0.9042997404356168,20,5750,528296800,528296800,188,412071504000,412071504000,160660,False
781,0.14883405748279718,0.9470791457286433,nan,nan,20,6368,528296800,528296800,206,412599800800,412599800800,160866,False
782,0.2072704400323021,0.9299576570218772,nan,nan,20,5668,528296800,528296800,187,413128097600,413128097600,161053,False
783,0.19534058073610117,0.9326827654647701,nan,nan,20,6046,528296800,528296800,198,413656394400,413656394400,161251,False
784,0.1562915972782304,0.9429708222811671,nan,nan,20,6032,528296800,528296800,198,414184691200,414184691200,161449,False
785,0.15330761029752193,0.9491599707815924,nan,nan,20,6845,528296800,528296800,224,414712988000,414712988000,161673,False
786,0.1684118297987384,0.9380662164388075,nan,nan,20,6071,528296800,528296800,198,415241284800,415241284800,161871,False
787,0.19498435583487117,0.9332664325137983,nan,nan,20,5979,528296800,528296800,195,415769581600,415769581600,162066,False
788,0.1722260881856456,0.9395995366539798,nan,nan,20,6043,528296800,528296800,198,416297878400,416297878400,162264,False
789,0.179101426196171,0.9364227642276423,nan,nan,20,6150,528296800,528296800,201,416826175200,416826175200,162465,False
790,0.18758466201160864,0.935699828740464,0.2989895461025632,0.9069518113079788,20,6423,528296800,528296800,208,417354472000,417354472000,162673,False
791,0.1951989723387471,0.9310286392136926,nan,nan,20,5901,528296800,528296800,193,417882768800,417882768800,162866,False
792,0.1449686402159816,0.9456143008635055,nan,nan,20,6601,528296800,528296800,215,418411065600,418411065600,163081,False
793,0.17362673014555674,0.9408736349453978,nan,nan,20,6410,528296800,528296800,210,418939362400,418939362400,163291,False
794,0.15179521965403528,0.9524893746205222,nan,nan,20,6588,528296800,528296800,215,419467659200,419467659200,163506,False
795,0.1940984738410698,0.9297620974267681,nan,nan,20,6179,528296800,528296800,203,419995956000,419995956000,163709,False
796,0.13720715172808037,0.9494432741498646,nan,nan,20,6646,528296800,528296800,219,420524252800,420524252800,163928,False
797,0.17677094151697864,0.9390185036202735,nan,nan,20,6215,528296800,528296800,205,421052549600,421052549600,164133,False
798,0.16602997629361504,0.943934114665822,nan,nan,20,6314,528296800,528296800,209,421580846400,421580846400,164342,False
799,0.18706876454659535,0.9293686490088289,nan,nan,20,6003,528296800,528296800,197,422109143200,422109143200,164539,False
800,0.1588693005651903,0.9427523520969542,0.2953716778295087,0.9074032276266787,20,6271,528296800,528296800,206,422637440000,422637440000,164745,False
801,0.15862095401028842,0.9382871536523929,nan,nan,20,6352,528296800,528296800,208,423165736800,423165736800,164953,False
802,0.1542169023301507,0.944032792054233,nan,nan,20,6343,528296800,528296800,207,423694033600,423694033600,165160,False
803,0.17795383246911423,0.9391824526420738,nan,nan,20,6018,528296800,528296800,198,424222330400,424222330400,165358,False
804,0.15111527500303495,0.9466986075759845,nan,nan,20,6679,528296800,528296800,219,424750627200,424750627200,165577,False
805,0.1595463155404155,0.9413078149920255,nan,nan,20,6270,528296800,528296800,207,425278924000,425278924000,165784,False
806,0.17844265619728866,0.9387527839643652,nan,nan,20,6286,528296800,528296800,205,425807220800,425807220800,165989,False
807,0.16574766772529412,0.9440381017179792,nan,nan,20,5879,528296800,528296800,194,426335517600,426335517600,166183,False
808,0.15408269600032212,0.9474657217686027,nan,nan,20,6491,528296800,528296800,212,426863814400,426863814400,166395,False
809,0.17944977384440838,0.9369700847864342,nan,nan,20,6251,528296800,528296800,204,427392111200,427392111200,166599,False
810,0.20441238392972388,0.9276996755754673,0.2944842389374955,0.9077982169055412,20,6473,528296800,528296800,212,427920408000,427920408000,166811,False
811,0.18703200819833163,0.932315112540193,nan,nan,20,6220,528296800,528296800,206,428448704800,428448704800,167017,False
812,0.1469214023116449,0.9476235146966854,nan,nan,20,6396,528296800,528296800,208,428977001600,428977001600,167225,False
813,0.1808496029182227,0.9361251425778068,nan,nan,20,6137,528296800,528296800,202,429505298400,429505298400,167427,False
814,0.1654755135457551,0.9448433420365535,nan,nan,20,6128,528296800,528296800,204,430033595200,430033595200,167631,False
815,0.13830647512836602,0.9503956177723676,nan,nan,20,6572,528296800,528296800,215,430561892000,430561892000,167846,False
816,0.1759679335638441,0.9385202135774218,nan,nan,20,6555,528296800,528296800,216,431090188800,431090188800,168062,False
817,0.1644791647957239,0.9412416851441242,nan,nan,20,6314,528296800,528296800,206,431618485600,431618485600,168268,False
818,0.1759195658526679,0.9449629868039909,nan,nan,20,6214,528296800,528296800,204,432146782400,432146782400,168472,False
819,0.1461858082351527,0.948388073255638,nan,nan,20,6607,528296800,528296800,213,432675079200,432675079200,168685,False
820,0.16031026859566325,0.9409732652448183,0.2993289636255266,0.9089831847421285,20,6658,528296800,528296800,219,433203376000,433203376000,168904,False
821,0.1615201359480702,0.9436430727943643,nan,nan,20,5962,528296800,528296800,196,433731672800,433731672800,169100,False
822,0.1626547249106426,0.9438498526446409,nan,nan,20,6447,528296800,528296800,213,434259969600,434259969600,169313,False
823,0.16813690446173757,0.9408237336278996,nan,nan,20,6337,528296800,528296800,208,434788266400,434788266400,169521,False
824,0.14436261083985444,0.9457473420888055,nan,nan,20,6396,528296800,528296800,210,435316563200,435316563200,169731,False
825,0.16081881611688972,0.9437392258266729,nan,nan,20,6381,528296800,528296800,207,435844860000,435844860000,169938,False
826,0.16014076912697164,0.9455538221528861,nan,nan,20,6410,528296800,528296800,210,436373156800,436373156800,170148,False
827,0.18478162370735127,0.9319782330345711,nan,nan,20,6248,528296800,528296800,205,436901453600,436901453600,170353,False
828,0.1617318125496079,0.9477840451248992,nan,nan,20,6205,528296800,528296800,203,437429750400,437429750400,170556,False
829,0.16576162313256912,0.9416158536585366,nan,nan,20,6560,528296800,528296800,216,437958047200,437958047200,170772,False
830,0.16799788587213083,0.9438519447929736,0.29895090807265856,0.9084189143437535,20,6376,528296800,528296800,209,438486344000,438486344000,170981,False
831,0.16556587733454145,0.9395613066119615,nan,nan,20,6337,528296800,528296800,206,439014640800,439014640800,171187,False
832,0.13674419102170532,0.9496964440589766,nan,nan,20,5765,528296800,528296800,189,439542937600,439542937600,171376,False
833,0.15969635294463969,0.9427872112589873,nan,nan,20,6537,528296800,528296800,213,440071234400,440071234400,171589,False
834,0.13556738627946746,0.949177438307873,nan,nan,20,6808,528296800,528296800,221,440599531200,440599531200,171810,False
835,0.14344669211222308,0.9441725298256347,nan,nan,20,6538,528296800,528296800,214,441127828000,441127828000,172024,False
836,0.17496001297381036,0.9349267271458479,nan,nan,20,5732,528296800,528296800,190,441656124800,441656124800,172214,False
837,0.1780779663946032,0.9372004627334325,nan,nan,20,6051,528296800,528296800,198,442184421600,442184421600,172412,False
838,0.1474239066632286,0.9421790379101624,nan,nan,20,6278,528296800,528296800,206,442712718400,442712718400,172618,False
839,0.15440705424191997,0.9441194581280788,nan,nan,20,6496,528296800,528296800,213,443241015200,443241015200,172831,False
840,0.16055990016437613,0.9402277039848197,0.3114086351569815,0.9037918970770793,20,6324,528296800,528296800,207,443769312000,443769312000,173038,False
841,0.15905592598303678,0.9447925992241122,nan,nan,20,6702,528296800,528296800,220,444297608800,444297608800,173258,False
842,0.16688215523458613,0.9406310995445674,nan,nan,20,6148,528296800,528296800,199,444825905600,444825905600,173457,False
843,0.16559962591507085,0.9388322520852641,nan,nan,20,6474,528296800,528296800,210,445354202400,445354202400,173667,False
844,0.1440452002147271,0.9503134796238244,nan,nan,20,6380,528296800,528296800,207,445882499200,445882499200,173874,False
845,0.17165590300769548,0.940073706136837,nan,nan,20,6241,528296800,528296800,205,446410796000,446410796000,174079,False
846,0.18149222228168058,0.9325494038869835,nan,nan,20,6123,528296800,528296800,202,446939092800,446939092800,174281,False
847,0.17334766621157674,0.9383414932680538,nan,nan,20,6536,528296800,528296800,213,447467389600,447467389600,174494,False
848,0.1568546129910482,0.9432074862858987,nan,nan,20,6198,528296800,528296800,204,447995686400,447995686400,174698,False
849,0.17282704650783798,0.9415435139573071,nan,nan,20,6090,528296800,528296800,199,448523983200,448523983200,174897,False
850,0.15734049940043632,0.9392545598731166,0.3023824886171991,0.9075725087461912,20,6305,528296800,528296800,208,449052280000,449052280000,175105,False
851,0.14528006655353473,0.9508825786646201,nan,nan,20,6515,528296800,528296800,212,449580576800,449580576800,175317,False
852,0.1395699123437348,0.9517274017983909,nan,nan,20,6339,528296800,528296800,207,450108873600,450108873600,175524,False
853,0.1311005792081227,0.9554455445544554,nan,nan,20,6464,528296800,528296800,211,450637170400,450637170400,175735,False
854,0.18506096891897855,0.9319967923015237,nan,nan,20,6235,528296800,528296800,203,451165467200,451165467200,175938,False
855,0.19198190259038556,0.9316647455952577,nan,nan,20,6073,528296800,528296800,201,451693764000,451693764000,176139,False
856,0.18370297641711975,0.935263500325309,nan,nan,20,6148,528296800,528296800,201,452222060800,452222060800,176340,False
857,0.13819239308338296,0.9524475524475524,nan,nan,20,6435,528296800,528296800,209,452750357600,452750357600,176549,False
858,0.19146528271537783,0.9359925788497218,nan,nan,20,6468,528296800,528296800,210,453278654400,453278654400,176759,False
859,0.15574049569684012,0.945583596214511,nan,nan,20,6340,528296800,528296800,207,453806951200,453806951200,176966,False
860,0.16230476285355686,0.944867215406119,0.29346321417077,0.9094910281006658,20,6439,528296800,528296800,210,454335248000,454335248000,177176,False
861,0.15427072056334346,0.944890234670704,nan,nan,20,6605,528296800,528296800,217,454863544800,454863544800,177393,False
862,0.1641338545026384,0.9440077009465747,nan,nan,20,6233,528296800,528296800,204,455391841600,455391841600,177597,False
863,0.1734154233246871,0.9381192139028748,nan,nan,20,6157,528296800,528296800,200,455920138400,455920138400,177797,False
864,0.14459387755718614,0.9499399965712326,nan,nan,20,5833,528296800,528296800,191,456448435200,456448435200,177988,False
865,0.15235349158367661,0.9496592317224287,nan,nan,20,6456,528296800,528296800,214,456976732000,456976732000,178202,False
866,0.14186439362425465,0.9481469947056992,nan,nan,20,6422,528296800,528296800,210,457505028800,457505028800,178412,False
867,0.1517345643712011,0.9485778563393862,nan,nan,20,6223,528296800,528296800,205,458033325600,458033325600,178617,False
868,0.14953489659601882,0.9455708047411104,nan,nan,20,6412,528296800,528296800,209,458561622400,458561622400,178826,False
869,0.13756500194156487,0.9494295405488745,nan,nan,20,6486,528296800,528296800,212,459089919200,459089919200,179038,False
870,0.15343904699086774,0.9407304240173321,0.3079440408770864,0.9053718541925291,20,6462,528296800,528296800,209,459618216000,459618216000,179247,False
871,0.15016254868699258,0.9473518780449474,nan,nan,20,6363,528296800,528296800,208,460146512800,460146512800,179455,False
872,0.1666639083367858,0.9365185432676244,nan,nan,20,5986,528296800,528296800,196,460674809600,460674809600,179651,False
873,0.16284164212018346,0.9416012558869702,nan,nan,20,6370,528296800,528296800,208,461203106400,461203106400,179859,False
874,0.1552065173933699,0.944206008583691,nan,nan,20,6291,528296800,528296800,206,461731403200,461731403200,180065,False
875,0.18188861707446285,0.9351201176662853,nan,nan,20,6119,528296800,528296800,201,462259700000,462259700000,180266,False
876,0.1581202513177638,0.9427523520969542,nan,nan,20,6271,528296800,528296800,206,462787996800,462787996800,180472,False
877,0.1310844039010831,0.9505092297899427,nan,nan,20,6284,528296800,528296800,207,463316293600,463316293600,180679,False
878,0.13585235659727177,0.9475855745721271,nan,nan,20,6544,528296800,528296800,213,463844590400,463844590400,180892,False
879,0.15025011306276256,0.9464007478965409,nan,nan,20,6418,528296800,528296800,208,464372887200,464372887200,181100,False
880,0.14492232138469258,0.945716975211798,0.29342313957542615,0.9078546439453786,20,6374,528296800,528296800,208,464901184000,464901184000,181308,False
881,0.1542996314491223,0.9468239857766284,nan,nan,20,6187,528296800,528296800,203,465429480800,465429480800,181511,False
882,0.15655742842145703,0.9443163097199341,nan,nan,20,6070,528296800,528296800,201,465957777600,465957777600,181712,False
883,0.16870464427561416,0.9426953190071631,nan,nan,20,6003,528296800,528296800,196,466486074400,466486074400,181908,False
884,0.16150252194206957,0.9405819829238543,nan,nan,20,5739,528296800,528296800,188,467014371200,467014371200,182096,False
885,0.15885448633304602,0.9426346734466868,nan,nan,20,6293,528296800,528296800,206,467542668000,467542668000,182302,False
886,0.160776065842316,0.9416292495189224,nan,nan,20,6236,528296800,528296800,205,468070964800,468070964800,182507,False
887,0.15262159951349272,0.9473852040816326,nan,nan,20,6272,528296800,528296800,206,468599261600,468599261600,182713,False
888,0.13539299948191613,0.9524399690162665,nan,nan,20,6455,528296800,528296800,211,469127558400,469127558400,182924,False
889,0.15758511564652455,0.9443930991990142,nan,nan,20,6492,528296800,528296800,213,469655855200,469655855200,183137,False
890,0.1446162374547259,0.9466048459467544,0.2996774990077536,0.9069518113079788,20,6686,528296800,528296800,219,470184152000,470184152000,183356,False
891,0.15714990701666243,0.9441441441441442,nan,nan,20,6660,528296800,528296800,217,470712448800,470712448800,183573,False
892,0.15345271563892846,0.9440478167026399,nan,nan,20,6023,528296800,528296800,198,471240745600,471240745600,183771,False
893,0.18579238552053673,0.9355670103092784,nan,nan,20,5820,528296800,528296800,191,471769042400,471769042400,183962,False
894,0.13577677436561106,0.9493881250944252,nan,nan,20,6619,528296800,528296800,218,472297339200,472297339200,184180,False
895,0.14898330733684276,0.9467540773904701,nan,nan,20,6254,528296800,528296800,205,472825636000,472825636000,184385,False
896,0.177761214773284,0.9357694784288474,nan,nan,20,6212,528296800,528296800,202,473353932800,473353932800,184587,False
897,0.12889430521975015,0.953395061728395,nan,nan,20,6480,528296800,528296800,213,473882229600,473882229600,184800,False
898,0.16475581020391017,0.942749292230261,nan,nan,20,6358,528296800,528296800,208,474410526400,474410526400,185008,False
899,0.1657117145378294,0.9410983905757425,nan,nan,20,6027,528296800,528296800,198,474938823200,474938823200,185206,False
900,0.16644383756246664,0.9386160714285714,0.3020291724325827,0.9061054057104164,20,6272,528296800,528296800,206,475467120000,475467120000,185412,False
901,0.15807662016755902,0.942795299938157,nan,nan,20,6468,528296800,528296800,211,475995416800,475995416800,185623,False
902,0.16563084734066855,0.9429005315110098,nan,nan,20,6585,528296800,528296800,218,476523713600,476523713600,185841,False
903,0.18813860458761575,0.9335326182521541,nan,nan,20,5687,528296800,528296800,187,477052010400,477052010400,186028,False
904,0.14401456831470777,0.9470639282614984,nan,nan,20,6914,528296800,528296800,227,477580307200,477580307200,186255,False
905,0.15230200452982076,0.9416918910307471,nan,nan,20,6277,528296800,528296800,205,478108604000,478108604000,186460,False
906,0.12621733975390084,0.9554699537750385,nan,nan,20,6490,528296800,528296800,212,478636900800,478636900800,186672,False
907,0.18199188541040606,0.9375108187640644,nan,nan,20,5777,528296800,528296800,190,479165197600,479165197600,186862,False
908,0.1673456750852103,0.9378172588832487,nan,nan,20,6304,528296800,528296800,207,479693494400,479693494400,187069,False
909,0.16178364205236395,0.946818766066838,nan,nan,20,6224,528296800,528296800,205,480221791200,480221791200,187274,False
910,0.15331827791892774,0.9462530712530712,0.30912642087251363,0.9051461460331791,20,6512,528296800,528296800,215,480750088000,480750088000,187489,False
911,0.13342572036937353,0.9519832985386222,nan,nan,20,6706,528296800,528296800,218,481278384800,481278384800,187707,False
912,0.15127253568307467,0.9441014516936426,nan,nan,20,5993,528296800,528296800,198,481806681600,481806681600,187905,False
913,0.1323638282759681,0.9534630350194553,nan,nan,20,6425,528296800,528296800,211,482334978400,482334978400,188116,False
914,0.1527703870966141,0.9418850724401758,nan,nan,20,6143,528296800,528296800,200,482863275200,482863275200,188316,False
915,0.1389618246322271,0.9520816967792616,nan,nan,20,6365,528296800,528296800,205,483391572000,483391572000,188521,False
916,0.15039708965835852,0.943367189904586,nan,nan,20,6498,528296800,528296800,214,483919868800,483919868800,188735,False
917,0.1281672127358854,0.955244122965642,nan,nan,20,6636,528296800,528296800,217,484448165600,484448165600,188952,False
918,0.15828270368349961,0.9407024479245857,nan,nan,20,6577,528296800,528296800,215,484976462400,484976462400,189167,False
919,0.1589773631999764,0.9421821572894,nan,nan,20,6434,528296800,528296800,210,485504759200,485504759200,189377,False
920,0.15169658484929663,0.9477165354330709,0.29975213174181725,0.9073468005868413,20,6350,528296800,528296800,207,486033056000,486033056000,189584,False
921,0.15839238911228012,0.9448471478096439,nan,nan,20,6346,528296800,528296800,207,486561352800,486561352800,189791,False
922,0.1368785202368822,0.9503579952267303,nan,nan,20,6285,528296800,528296800,207,487089649600,487089649600,189998,False
923,0.14996250337035422,0.9468622656886716,nan,nan,20,6135,528296800,528296800,202,487617946400,487617946400,190200,False
924,0.17860223837692735,0.9345532476096274,nan,nan,20,6066,528296800,528296800,200,488146243200,488146243200,190400,False
925,0.15341920545240642,0.9450721908349027,nan,nan,20,6372,528296800,528296800,208,488674540000,488674540000,190608,False
926,0.17739891278073266,0.9363910277870774,nan,nan,20,5974,528296800,528296800,196,489202836800,489202836800,190804,False
927,0.1492785458305982,0.9476645073303784,nan,nan,20,5866,528296800,528296800,194,489731133600,489731133600,190998,False
928,0.15278249071948646,0.9453451445762995,nan,nan,20,5983,528296800,528296800,196,490259430400,490259430400,191194,False
929,0.13402855938032973,0.9533154921201308,nan,nan,20,6726,528296800,528296800,218,490787727200,490787727200,191412,False
930,0.14202039560234364,0.9445204438364493,0.296531052238152,0.905710416431554,20,6579,528296800,528296800,215,491316024000,491316024000,191627,False
931,0.15181838656003233,0.9471323293816084,nan,nan,20,6242,528296800,528296800,204,491844320800,491844320800,191831,False
932,0.1464690262458466,0.9469981238273921,nan,nan,20,6396,528296800,528296800,209,492372617600,492372617600,192040,False
933,0.16269869561479886,0.9438434616608335,nan,nan,20,6286,528296800,528296800,204,492900914400,492900914400,192244,False
934,0.1838320971565305,0.9348717948717948,nan,nan,20,5850,528296800,528296800,192,493429211200,493429211200,192436,False
935,0.1966881623695739,0.9333549013264316,nan,nan,20,6182,528296800,528296800,203,493957508000,493957508000,192639,False
936,0.13744983468910793,0.9496089049338147,nan,nan,20,6648,528296800,528296800,217,494485804800,494485804800,192856,False
937,0.17311781732099693,0.9376840039254171,nan,nan,20,6114,528296800,528296800,200,495014101600,495014101600,193056,False
938,0.16434107186913152,0.9435470158136371,nan,nan,20,5881,528296800,528296800,192,495542398400,495542398400,193248,False
939,0.1386620538612298,0.95,nan,nan,20,6380,528296800,528296800,209,496070695200,496070695200,193457,False
940,0.13309529472559173,0.9527389903329753,0.3002369093876124,0.9085317684234285,20,6517,528296800,528296800,212,496598992000,496598992000,193669,False
941,0.1408323439330306,0.9479796372892141,nan,nan,20,6286,528296800,528296800,207,497127288800,497127288800,193876,False
942,0.14776297885269546,0.9477634803921569,nan,nan,20,6528,528296800,528296800,215,497655585600,497655585600,194091,False
943,0.13825169235254023,0.9495427309996847,nan,nan,20,6342,528296800,528296800,209,498183882400,498183882400,194300,False
944,0.1539960876930508,0.9457164518574678,nan,nan,20,6595,528296800,528296800,214,498712179200,498712179200,194514,False
945,0.13160275366675211,0.951385733757383,nan,nan,20,6603,528296800,528296800,216,499240476000,499240476000,194730,False
946,0.17802759493872294,0.9377556464520719,nan,nan,20,5623,528296800,528296800,185,499768772800,499768772800,194915,False
947,0.1451675636735311,0.948109476348679,nan,nan,20,6321,528296800,528296800,208,500297069600,500297069600,195123,False
948,0.15447464744836925,0.9445342820181113,nan,nan,20,6184,528296800,528296800,203,500825366400,500825366400,195326,False
949,0.14171336953214433,0.9496665608129565,nan,nan,20,6298,528296800,528296800,203,501353663200,501353663200,195529,False
950,0.14240657772171686,0.9482470784641068,0.3047209604574022,0.9044125945152918,20,5990,528296800,528296800,195,501881960000,501881960000,195724,False
951,0.1546037708171236,0.944900918318028,nan,nan,20,6207,528296800,528296800,203,502410256800,502410256800,195927,False
952,0.15330283606903805,0.9472491909385113,nan,nan,20,6180,528296800,528296800,201,502938553600,502938553600,196128,False
953,0.13321695832576827,0.9512080326325698,nan,nan,20,6374,528296800,528296800,209,503466850400,503466850400,196337,False
954,0.1359438993381875,0.952208772205628,nan,nan,20,6361,528296800,528296800,208,503995147200,503995147200,196545,False
955,0.13069547216413588,0.9523387929762431,nan,nan,20,6777,528296800,528296800,220,504523444000,504523444000,196765,False
956,0.14372646723399465,0.9481132075471698,nan,nan,20,6360,528296800,528296800,208,505051740800,505051740800,196973,False
957,0.14381205331147143,0.9471847739888977,nan,nan,20,6305,528296800,528296800,206,505580037600,505580037600,197179,False
958,0.15397839350517578,0.9461185718964953,nan,nan,20,6106,528296800,528296800,200,506108334400,506108334400,197379,False
959,0.1534390239002087,0.9448198198198198,nan,nan,20,6216,528296800,528296800,203,506636631200,506636631200,197582,False
960,0.164514897348405,0.9413376309427881,0.2950588962742793,0.9099988714592032,20,6205,528296800,528296800,205,507164928000,507164928000,197787,False
961,0.15110199503092064,0.9442497610704046,nan,nan,20,6278,528296800,528296800,203,507693224800,507693224800,197990,False
962,0.15486896060851743,0.9450205761316872,nan,nan,20,6075,528296800,528296800,201,508221521600,508221521600,198191,False
963,0.12808169864022326,0.9541962174940898,nan,nan,20,6768,528296800,528296800,217,508749818400,508749818400,198408,False
964,0.14719992914536228,0.9495973754846406,nan,nan,20,6706,528296800,528296800,217,509278115200,509278115200,198625,False
965,0.14318224033830118,0.9474611564952747,nan,nan,20,6243,528296800,528296800,203,509806412000,509806412000,198828,False
966,0.1338778402918274,0.954169914263445,nan,nan,20,6415,528296800,528296800,211,510334708800,510334708800,199039,False
967,0.13893642299168496,0.9463752162289668,nan,nan,20,6359,528296800,528296800,208,510863005600,510863005600,199247,False
968,0.1515774382446781,0.9460403110617362,nan,nan,20,6301,528296800,528296800,206,511391302400,511391302400,199453,False
969,0.1375040042149942,0.9512003765887337,nan,nan,20,6373,528296800,528296800,207,511919599200,511919599200,199660,False
970,0.15998766892041877,0.9438380003164056,0.29647638741323606,0.9092653199413159,20,6321,528296800,528296800,207,512447896000,512447896000,199867,False
971,0.12523550818705773,0.9561962408410322,nan,nan,20,6278,528296800,528296800,207,512976192800,512976192800,200074,False
972,0.15236320332184028,0.9441189725101397,nan,nan,20,6657,528296800,528296800,218,513504489600,513504489600,200292,False
973,0.151520886794089,0.9445818901533894,nan,nan,20,6063,528296800,528296800,200,514032786400,514032786400,200492,False
974,0.1502821362264108,0.9490111248454882,nan,nan,20,6472,528296800,528296800,213,514561083200,514561083200,200705,False
975,0.121420398607956,0.9542554846740314,nan,nan,20,6427,528296800,528296800,211,515089380000,515089380000,200916,False
976,0.13719846965030097,0.9491041699698748,nan,nan,20,6307,528296800,528296800,206,515617676800,515617676800,201122,False
977,0.13317006948238402,0.951256205807131,nan,nan,20,6647,528296800,528296800,219,516145973600,516145973600,201341,False
978,0.15993652956483098,0.9404226992844067,nan,nan,20,6009,528296800,528296800,197,516674270400,516674270400,201538,False
979,0.12788368873996697,0.9534623380777227,nan,nan,20,6253,528296800,528296800,203,517202567200,517202567200,201741,False
980,0.14486633613271316,0.9452821389709312,0.3037697369405774,0.9061054057104164,20,6433,528296800,528296800,211,517730864000,517730864000,201952,False
981,0.15063392488334484,0.9476716274603937,nan,nan,20,6249,528296800,528296800,205,518259160800,518259160800,202157,False
982,0.14859588310285138,0.9437144886363636,nan,nan,20,5632,528296800,528296800,185,518787457600,518787457600,202342,False
983,0.14729924778667128,0.9478657543173672,nan,nan,20,6138,528296800,528296800,203,519315754400,519315754400,202545,False
984,0.12711974935793455,0.9500159184972938,nan,nan,20,6282,528296800,528296800,205,519844051200,519844051200,202750,False
985,0.16847432344139607,0.9427207637231504,nan,nan,20,5866,528296800,528296800,192,520372348000,520372348000,202942,False
986,0.13641863244274238,0.952081316553727,nan,nan,20,6198,528296800,528296800,204,520900644800,520900644800,203146,False
987,0.1270111531940986,0.9536067045794673,nan,nan,20,6682,528296800,528296800,216,521428941600,521428941600,203362,False
988,0.15712098231761504,0.9428884368643404,nan,nan,20,6391,528296800,528296800,206,521957238400,521957238400,203568,False
989,0.1267841201648067,0.9552526062550121,nan,nan,20,6235,528296800,528296800,205,522485535200,522485535200,203773,False
990,0.12772702353985713,0.9526184538653366,0.29466021354560884,0.9103938607380657,20,6416,528296800,528296800,210,523013832000,523013832000,203983,False
991,0.1622100442695929,0.9398898505114084,nan,nan,20,6355,528296800,528296800,208,523542128800,523542128800,204191,False
992,0.12737834966951433,0.9529248340793333,nan,nan,20,6479,528296800,528296800,211,524070425600,524070425600,204402,False
993,0.12064059005612884,0.9541580957978254,nan,nan,20,6806,528296800,528296800,221,524598722400,524598722400,204623,False
994,0.1383852964784248,0.9509439801918911,nan,nan,20,6462,528296800,528296800,209,525127019200,525127019200,204832,False
995,0.14155016075367668,0.9435865111881501,nan,nan,20,6346,528296800,528296800,208,525655316000,525655316000,205040,False
996,0.1383158296459204,0.9497533908754624,nan,nan,20,6488,528296800,528296800,213,526183612800,526183612800,205253,False
997,0.1314496198273944,0.9514415781487102,nan,nan,20,6590,528296800,528296800,217,526711909600,526711909600,205470,False
998,0.14772208248989255,0.9473684210526315,nan,nan,20,6384,528296800,528296800,207,527240206400,527240206400,205677,False
999,0.1273733639998167,0.9528772753963594,nan,nan,20,6812,528296800,528296800,223,527768503200,527768503200,205900,False
1000,0.12864520890699832,0.9531344183242917,0.29817043610599075,0.911578828574653,20,6636,528296800,528296800,218,528296800000,528296800000,206118,True
