round,train_loss,train_accuracy,test_loss,test_accuracy,num_fit_clients,num_fit_examples,round_upload_bytes,round_download_bytes,round_local_steps,cumulative_upload_bytes,cumulative_download_bytes,cumulative_local_steps,run_completed
1,4.1184320938662164,0.010062893081761006,nan,nan,20,6360,528296800,528296800,207,528296800,528296800,207,False
2,4.082908071106842,0.055175862643773964,nan,nan,20,5999,528296800,528296800,198,1056593600,1056593600,405,False
3,3.995132199978378,0.06668819635071856,nan,nan,20,6193,528296800,528296800,203,1584890400,1584890400,608,False
4,3.852145993313354,0.060019361084220714,nan,nan,20,6198,528296800,528296800,203,2113187200,2113187200,811,False
5,3.7780310156919135,0.06250994114840146,nan,nan,20,6287,528296800,528296800,207,2641484000,2641484000,1018,False
6,3.824787234866057,0.054106593228576055,nan,nan,20,6173,528296800,528296800,201,3169780800,3169780800,1219,False
7,3.7687607846732587,0.047045951859956234,nan,nan,20,6398,528296800,528296800,210,3698077600,3698077600,1429,False
8,3.7628474390332216,0.04551241247612985,nan,nan,20,6284,528296800,528296800,204,4226374400,4226374400,1633,False
9,3.7607013899201296,0.04367245657568238,nan,nan,20,6045,528296800,528296800,198,4754671200,4754671200,1831,False
10,3.7704919188080113,0.06415895646898226,3.778336906470775,0.056427039837490124,20,6593,528296800,528296800,217,5282968000,5282968000,2048,False
11,3.738928700810677,0.07054804693301649,nan,nan,20,6733,528296800,528296800,220,5811264800,5811264800,2268,False
12,3.786429647858975,0.05438270562404999,nan,nan,20,5921,528296800,528296800,193,6339561600,6339561600,2461,False
13,3.7193770399283554,0.06648894464481732,nan,nan,20,6377,528296800,528296800,208,6867858400,6867858400,2669,False
14,3.7462725050572496,0.06588419405320814,nan,nan,20,6390,528296800,528296800,209,7396155200,7396155200,2878,False
15,3.7312886886049115,0.062355301744096314,nan,nan,20,6479,528296800,528296800,212,7924452000,7924452000,3090,False
16,3.7365278042476833,0.06756756756756757,nan,nan,20,6142,528296800,528296800,205,8452748800,8452748800,3295,False
17,3.7326043172937764,0.06619976654994164,nan,nan,20,5997,528296800,528296800,196,8981045600,8981045600,3491,False
18,3.7218384059941823,0.04953861097620204,nan,nan,20,6177,528296800,528296800,202,9509342400,9509342400,3693,False
19,3.7406669385709055,0.060591827148896195,nan,nan,20,6387,528296800,528296800,211,10037639200,10037639200,3904,False
20,3.6881854038322923,0.06731984829329962,3.715742366521922,0.05907911070985216,20,6328,528296800,528296800,209,10565936000,10565936000,4113,False
21,3.7081720428609497,0.07115568290353391,nan,nan,20,6282,528296800,528296800,205,11094232800,11094232800,4318,False
22,3.683676486391216,0.06693849813115868,nan,nan,20,5886,528296800,528296800,192,11622529600,11622529600,4510,False
23,3.7309458031661893,0.05671406003159558,nan,nan,20,6330,528296800,528296800,207,12150826400,12150826400,4717,False
24,3.7192978499666287,0.06541614123581337,nan,nan,20,6344,528296800,528296800,208,12679123200,12679123200,4925,False
25,3.7163734720131165,0.07306889352818371,nan,nan,20,6227,528296800,528296800,204,13207420000,13207420000,5129,False
26,3.690982725856474,0.07523219814241486,nan,nan,20,6460,528296800,528296800,211,13735716800,13735716800,5340,False
27,3.698520323593692,0.07737556561085973,nan,nan,20,6630,528296800,528296800,216,14264013600,14264013600,5556,False
28,3.7159887997380645,0.06831091180866966,nan,nan,20,6690,528296800,528296800,217,14792310400,14792310400,5773,False
29,3.7170025214655915,0.06931182087586434,nan,nan,20,6074,528296800,528296800,199,15320607200,15320607200,5972,False
30,3.6954757952644215,0.08857509627727857,3.689161272353532,0.0948538539668209,20,6232,528296800,528296800,204,15848904000,15848904000,6176,False
31,3.703367236482765,0.08437399935959014,nan,nan,20,6246,528296800,528296800,205,16377200800,16377200800,6381,False
32,3.655494285865677,0.0809831416417205,nan,nan,20,6347,528296800,528296800,207,16905497600,16905497600,6588,False
33,3.659019281369545,0.0773892773892774,nan,nan,20,6435,528296800,528296800,211,17433794400,17433794400,6799,False
34,3.6726220509154146,0.06588557516737675,nan,nan,20,6572,528296800,528296800,215,17962091200,17962091200,7014,False
35,3.66234768822247,0.0674787626222151,nan,nan,20,6239,528296800,528296800,205,18490388000,18490388000,7219,False
36,3.6585736606435404,0.07547781017168773,nan,nan,20,6174,528296800,528296800,203,19018684800,19018684800,7422,False
37,3.6789791825036984,0.07875579086697551,nan,nan,20,6044,528296800,528296800,198,19546981600,19546981600,7620,False
38,3.6506229540034956,0.08708430007733953,nan,nan,20,6465,528296800,528296800,212,20075278400,20075278400,7832,False
39,3.614879777048255,0.09862494073020389,nan,nan,20,6327,528296800,528296800,209,20603575200,20603575200,8041,False
40,3.6040139760036967,0.11046220590689138,3.596851439094479,0.15139374788398602,20,5993,528296800,528296800,195,21131872000,21131872000,8236,False
41,3.550805495087037,0.12017851450430347,nan,nan,20,6274,528296800,528296800,204,21660168800,21660168800,8440,False
42,3.5990975049060467,0.0858768753233316,nan,nan,20,5799,528296800,528296800,191,22188465600,22188465600,8631,False
43,3.526209648608509,0.08605747301201155,nan,nan,20,6577,528296800,528296800,213,22716762400,22716762400,8844,False
44,3.5145446585847586,0.11728584587043292,nan,nan,20,6514,528296800,528296800,212,23245059200,23245059200,9056,False
45,3.515029363313878,0.1558242506811989,nan,nan,20,5872,528296800,528296800,191,23773356000,23773356000,9247,False
46,3.4149588810103344,0.1661322339288441,nan,nan,20,6549,528296800,528296800,215,24301652800,24301652800,9462,False
47,3.371909869972722,0.162482235907153,nan,nan,20,6333,528296800,528296800,208,24829949600,24829949600,9670,False
48,3.2746581614916517,0.1991914165759602,nan,nan,20,6431,528296800,528296800,209,25358246400,25358246400,9879,False
49,3.2115477865899513,0.2322472848788638,nan,nan,20,5985,528296800,528296800,197,25886543200,25886543200,10076,False
50,3.1326124852095525,0.24466750313676286,3.06406165969357,0.2609186322085543,20,6376,528296800,528296800,208,26414840000,26414840000,10284,False
51,3.0227558788010027,0.25933609958506226,nan,nan,20,5784,528296800,528296800,191,26943136800,26943136800,10475,False
52,2.923371185610494,0.308207171314741,nan,nan,20,6275,528296800,528296800,206,27471433600,27471433600,10681,False
53,2.875356173182968,0.2980190755685987,nan,nan,20,6815,528296800,528296800,223,27999730400,27999730400,10904,False
54,2.752044157468257,0.3328852293732146,nan,nan,20,5951,528296800,528296800,197,28528027200,28528027200,11101,False
55,2.5638994207423638,0.36422881969587256,nan,nan,20,6905,528296800,528296800,225,29056324000,29056324000,11326,False
56,2.463208693501056,0.40002988643156007,nan,nan,20,6692,528296800,528296800,218,29584620800,29584620800,11544,False
57,2.3331986410574013,0.42585551330798477,nan,nan,20,6312,528296800,528296800,204,30112917600,30112917600,11748,False
58,2.295944783073127,0.42107900450977115,nan,nan,20,5987,528296800,528296800,196,30641214400,30641214400,11944,False
59,2.291827522935981,0.41348384103912167,nan,nan,20,6467,528296800,528296800,211,31169511200,31169511200,12155,False
60,2.131134495583026,0.45343367826904984,2.2093363602238627,0.4274348267689877,20,6378,528296800,528296800,208,31697808000,31697808000,12363,False
61,2.059693625434897,0.47102130325814534,nan,nan,20,6384,528296800,528296800,206,32226104800,32226104800,12569,False
62,1.9366198492068398,0.5071865443425077,nan,nan,20,6540,528296800,528296800,213,32754401600,32754401600,12782,False
63,1.880917092151531,0.5064557779212395,nan,nan,20,6196,528296800,528296800,203,33282698400,33282698400,12985,False
64,1.9061937908651214,0.5029393564356436,nan,nan,20,6464,528296800,528296800,211,33810995200,33810995200,13196,False
65,1.74309009216248,0.5544833729216152,nan,nan,20,6736,528296800,528296800,220,34339292000,34339292000,13416,False
66,1.8897370733541299,0.5160222918843609,nan,nan,20,5742,528296800,528296800,189,34867588800,34867588800,13605,False
67,1.6248893812901497,0.5835407591785936,nan,nan,20,6428,528296800,528296800,210,35395885600,35395885600,13815,False
68,1.658868165397644,0.56448,nan,nan,20,6250,528296800,528296800,206,35924182400,35924182400,14021,False
69,1.577261869508086,0.5817152103559871,nan,nan,20,6180,528296800,528296800,203,36452479200,36452479200,14224,False
70,1.5549141267173,0.5959367945823928,1.7251769922856162,0.5423202798781176,20,6645,528296800,528296800,216,36980776000,36980776000,14440,False
71,1.5227761984905013,0.5940548072457037,nan,nan,20,6459,528296800,528296800,210,37509072800,37509072800,14650,False
72,1.4390139095817402,0.6234076433121019,nan,nan,20,6280,528296800,528296800,206,38037369600,38037369600,14856,False
73,1.3708518030656371,0.6321732405259087,nan,nan,20,6465,528296800,528296800,212,38565666400,38565666400,15068,False
74,1.3460304676958945,0.6347546259050684,nan,nan,20,6215,528296800,528296800,203,39093963200,39093963200,15271,False
75,1.387764071537309,0.6258634538152611,nan,nan,20,6225,528296800,528296800,205,39622260000,39622260000,15476,False
76,1.227198774234616,0.6639676113360324,nan,nan,20,6422,528296800,528296800,210,40150556800,40150556800,15686,False
77,1.1884203044662391,0.6731751276659658,nan,nan,20,6658,528296800,528296800,218,40678853600,40678853600,15904,False
78,1.1669024640169838,0.6806877494626957,nan,nan,20,6514,528296800,528296800,211,41207150400,41207150400,16115,False
79,1.2899068137365974,0.6406825025092004,nan,nan,20,5978,528296800,528296800,196,41735447200,41735447200,16311,False
80,1.141377201227781,0.6994703570818384,1.395861208176535,0.6207538652522289,20,5853,528296800,528296800,191,42263744000,42263744000,16502,False
81,1.1675286426474418,0.6803020767778477,nan,nan,20,6356,528296800,528296800,208,42792040800,42792040800,16710,False
82,1.126332687080865,0.6951122432733641,nan,nan,20,6281,528296800,528296800,205,43320337600,43320337600,16915,False
83,1.0706174834747906,0.7059005251776336,nan,nan,20,6474,528296800,528296800,212,43848634400,43848634400,17127,False
84,1.0113091168599262,0.7244572158365262,nan,nan,20,6264,528296800,528296800,206,44376931200,44376931200,17333,False
85,1.118495870645774,0.6941580756013745,nan,nan,20,6402,528296800,528296800,209,44905228000,44905228000,17542,False
86,0.8675324132407147,0.7581244196843082,nan,nan,20,6462,528296800,528296800,213,45433524800,45433524800,17755,False
87,0.998125089928933,0.7379518072289156,nan,nan,20,6308,528296800,528296800,208,45961821600,45961821600,17963,False
88,0.9431557866706071,0.7353110599078341,nan,nan,20,6944,528296800,528296800,224,46490118400,46490118400,18187,False
89,1.0112825404905605,0.7281835811247576,nan,nan,20,6188,528296800,528296800,204,47018415200,47018415200,18391,False
90,0.9386508307222021,0.7382157545080671,1.0604317011890771,0.7048865816499267,20,6322,528296800,528296800,208,47546712000,47546712000,18599,False
91,0.8575623280926404,0.753084441595898,nan,nan,20,6241,528296800,528296800,205,48075008800,48075008800,18804,False
92,0.9407257549680759,0.7346838751837935,nan,nan,20,6121,528296800,528296800,198,48603305600,48603305600,19002,False
93,0.9301019119934145,0.7424885952493314,nan,nan,20,6357,528296800,528296800,206,49131602400,49131602400,19208,False
94,0.7772127020578153,0.7810172714308351,nan,nan,20,6311,528296800,528296800,208,49659899200,49659899200,19416,False
95,0.8123928039694961,0.769544527532291,nan,nan,20,5884,528296800,528296800,194,50188196000,50188196000,19610,False
96,0.818661467349035,0.7681884174866914,nan,nan,20,6199,528296800,528296800,203,50716492800,50716492800,19813,False
97,0.8458357514759195,0.7629310344827587,nan,nan,20,6032,528296800,528296800,198,51244789600,51244789600,20011,False
98,0.7772847872548926,0.7747834456207893,nan,nan,20,6234,528296800,528296800,205,51773086400,51773086400,20216,False
99,0.8064333408586396,0.7656226584744493,nan,nan,20,6673,528296800,528296800,215,52301383200,52301383200,20431,False
100,0.8301189428870848,0.7731038878266412,0.9125395253285532,0.7377271188353459,20,6276,528296800,528296800,208,52829680000,52829680000,20639,False
101,0.7468811412230776,0.7829028290282903,nan,nan,20,6504,528296800,528296800,211,53357976800,53357976800,20850,False
102,0.764761791464659,0.781982856218664,nan,nan,20,6183,528296800,528296800,203,53886273600,53886273600,21053,False
103,0.6576466529684908,0.8177683444511825,nan,nan,20,6596,528296800,528296800,215,54414570400,54414570400,21268,False
104,0.73549591039516,0.7943217665615142,nan,nan,20,6340,528296800,528296800,208,54942867200,54942867200,21476,False
105,0.7019681590168841,0.7950819672131147,nan,nan,20,6344,528296800,528296800,208,55471164000,55471164000,21684,False
106,0.7186115794391466,0.7923426346528228,nan,nan,20,6164,528296800,528296800,200,55999460800,55999460800,21884,False
107,0.6355958071188671,0.8177548144668859,nan,nan,20,6387,528296800,528296800,210,56527757600,56527757600,22094,False
108,0.666491168838896,0.8072801996183766,nan,nan,20,6813,528296800,528296800,220,57056054400,57056054400,22314,False
109,0.6444643839903843,0.8178988326848249,nan,nan,20,6425,528296800,528296800,208,57584351200,57584351200,22522,False
110,0.7806593263451413,0.7835327455919395,0.8155361257830668,0.7648685249971786,20,6352,528296800,528296800,207,58112648000,58112648000,22729,False
111,0.7205427333192213,0.7951400064370776,nan,nan,20,6214,528296800,528296800,203,58640944800,58640944800,22932,False
112,0.7203133302305001,0.7901448362720404,nan,nan,20,6352,528296800,528296800,207,59169241600,59169241600,23139,False
113,0.6689541639669924,0.8047682560853617,nan,nan,20,5998,528296800,528296800,198,59697538400,59697538400,23337,False
114,0.6315139377949491,0.8166776968894772,nan,nan,20,6044,528296800,528296800,196,60225835200,60225835200,23533,False
115,0.5837180417328436,0.8359155968717722,nan,nan,20,6777,528296800,528296800,219,60754132000,60754132000,23752,False
116,0.5704356015089758,0.8351959704076815,nan,nan,20,6353,528296800,528296800,208,61282428800,61282428800,23960,False
117,0.5953164101071802,0.8304823547541994,nan,nan,20,6489,528296800,528296800,214,61810725600,61810725600,24174,False
118,0.5861489523713496,0.8328589500316256,nan,nan,20,6324,528296800,528296800,207,62339022400,62339022400,24381,False
119,0.6550709553917244,0.8192791005291006,nan,nan,20,6048,528296800,528296800,200,62867319200,62867319200,24581,False
120,0.5556232378218435,0.8349761526232115,0.7099545915728699,0.7904864010833992,20,6290,528296800,528296800,206,63395616000,63395616000,24787,False
121,0.6106568906936836,0.8207269155206287,nan,nan,20,6108,528296800,528296800,198,63923912800,63923912800,24985,False
122,0.5563711363508501,0.8320385332504662,nan,nan,20,6436,528296800,528296800,210,64452209600,64452209600,25195,False
123,0.6776190754811519,0.8035082072738976,nan,nan,20,6214,528296800,528296800,202,64980506400,64980506400,25397,False
124,0.5572125585955688,0.8363022113022113,nan,nan,20,6512,528296800,528296800,212,65508803200,65508803200,25609,False
125,0.4997910317038111,0.8483109216136439,nan,nan,20,6098,528296800,528296800,200,66037100000,66037100000,25809,False
126,0.6267250348286287,0.8191957273012881,nan,nan,20,6366,528296800,528296800,208,66565396800,66565396800,26017,False
127,0.5930548955173303,0.8310437391441655,nan,nan,20,6333,528296800,528296800,208,67093693600,67093693600,26225,False
128,0.6416182765659167,0.812448270153948,nan,nan,20,6041,528296800,528296800,197,67621990400,67621990400,26422,False
129,0.5271510377010842,0.8401038485033598,nan,nan,20,6548,528296800,528296800,216,68150287200,68150287200,26638,False
130,0.5111762357054569,0.853353428786737,0.654012593233132,0.8116465410224579,20,6635,528296800,528296800,216,68678584000,68678584000,26854,False
131,0.5299361256638864,0.8406015037593985,nan,nan,20,6650,528296800,528296800,218,69206880800,69206880800,27072,False
132,0.5711724531093952,0.8295006570302234,nan,nan,20,6088,528296800,528296800,200,69735177600,69735177600,27272,False
133,0.4729742500304633,0.8620582282422544,nan,nan,20,6423,528296800,528296800,210,70263474400,70263474400,27482,False
134,0.49635569371057897,0.8533653846153846,nan,nan,20,5824,528296800,528296800,192,70791771200,70791771200,27674,False
135,0.5343295735167135,0.8456945317410434,nan,nan,20,6364,528296800,528296800,207,71320068000,71320068000,27881,False
136,0.5855625697210723,0.8344771241830066,nan,nan,20,6120,528296800,528296800,202,71848364800,71848364800,28083,False
137,0.5871753468398263,0.8295260825093761,nan,nan,20,5866,528296800,528296800,193,72376661600,72376661600,28276,False
138,0.47809922989096076,0.8558696988322065,nan,nan,20,6508,528296800,528296800,214,72904958400,72904958400,28490,False
139,0.5328751911926132,0.8416367327815086,nan,nan,20,6403,528296800,528296800,210,73433255200,73433255200,28700,False
140,0.5003449469050514,0.8516292312559317,0.6060337033730276,0.8190384832411691,20,6322,528296800,528296800,204,73961552000,73961552000,28904,False
141,0.5488590441662844,0.8339852918166171,nan,nan,20,6391,528296800,528296800,210,74489848800,74489848800,29114,False
142,0.5133679015474022,0.8511642542479547,nan,nan,20,6356,528296800,528296800,206,75018145600,75018145600,29320,False
143,0.5122488847494883,0.8438983050847457,nan,nan,20,5900,528296800,528296800,195,75546442400,75546442400,29515,False
144,0.5063221907336545,0.8568264515108369,nan,nan,20,6321,528296800,528296800,209,76074739200,76074739200,29724,False
145,0.49153445861571465,0.8573648228713486,nan,nan,20,6436,528296800,528296800,209,76603036000,76603036000,29933,False
146,0.5697450087391225,0.8313371616078753,nan,nan,20,6095,528296800,528296800,198,77131332800,77131332800,30131,False
147,0.5536964970229054,0.8356537045927348,nan,nan,20,6249,528296800,528296800,204,77659629600,77659629600,30335,False
148,0.4650794258457925,0.8606161280579885,nan,nan,20,6622,528296800,528296800,216,78187926400,78187926400,30551,False
149,0.5209543330913906,0.8402460179782368,nan,nan,20,6341,528296800,528296800,207,78716223200,78716223200,30758,False
150,0.5353258184422024,0.8331868518193004,0.5830494559399095,0.8231012301094685,20,5689,528296800,528296800,186,79244520000,79244520000,30944,False
151,0.4504695842266128,0.8629595867517472,nan,nan,20,6582,528296800,528296800,214,79772816800,79772816800,31158,False
152,0.4693800944082376,0.8556571068389537,nan,nan,20,6346,528296800,528296800,207,80301113600,80301113600,31365,False
153,0.5161783778279599,0.8477593615715162,nan,nan,20,6516,528296800,528296800,214,80829410400,80829410400,31579,False
154,0.44049653574086833,0.8674133494778266,nan,nan,20,6607,528296800,528296800,218,81357707200,81357707200,31797,False
155,0.4748799989415858,0.8508714238737257,nan,nan,20,6082,528296800,528296800,199,81886004000,81886004000,31996,False
156,0.4900630329188065,0.8541900336484538,nan,nan,20,6241,528296800,528296800,205,82414300800,82414300800,32201,False
157,0.48720292409906324,0.8533816805927794,nan,nan,20,6343,528296800,528296800,208,82942597600,82942597600,32409,False
158,0.5069342538967977,0.8428674873280232,nan,nan,20,5524,528296800,528296800,181,83470894400,83470894400,32590,False
159,0.42100381061166053,0.872096577017115,nan,nan,20,6544,528296800,528296800,215,83999191200,83999191200,32805,False
160,0.49793743696650944,0.8568410789730256,0.5553823810320059,0.834668773276154,20,6154,528296800,528296800,199,84527488000,84527488000,33004,False
161,0.5169753447743075,0.8490469707283866,nan,nan,20,5876,528296800,528296800,194,85055784800,85055784800,33198,False
162,0.5087125631273391,0.8496752242499227,nan,nan,20,6466,528296800,528296800,214,85584081600,85584081600,33412,False
163,0.4614599460009173,0.8592097075295582,nan,nan,20,6428,528296800,528296800,208,86112378400,86112378400,33620,False
164,0.47775877358453545,0.8588987217305801,nan,nan,20,6102,528296800,528296800,200,86640675200,86640675200,33820,False
165,0.4497561209828877,0.8621424223980524,nan,nan,20,6572,528296800,528296800,214,87168972000,87168972000,34034,False
166,0.36885342786286335,0.8801652892561983,nan,nan,20,6292,528296800,528296800,208,87697268800,87697268800,34242,False
167,0.4278969971891726,0.8704602510460251,nan,nan,20,5975,528296800,528296800,196,88225565600,88225565600,34438,False
168,0.49353555118522047,0.8580060422960725,nan,nan,20,6289,528296800,528296800,205,88753862400,88753862400,34643,False
169,0.4700152098699597,0.8577293541765356,nan,nan,20,6333,528296800,528296800,207,89282159200,89282159200,34850,False
170,0.4770289228403672,0.8513351335133513,0.5743123717373159,0.8220855433923936,20,6666,528296800,528296800,216,89810456000,89810456000,35066,False
171,0.49626577366351415,0.8519936204146731,nan,nan,20,6270,528296800,528296800,205,90338752800,90338752800,35271,False
172,0.4360690093170599,0.8661175710594315,nan,nan,20,6192,528296800,528296800,204,90867049600,90867049600,35475,False
173,0.47436739187006466,0.8538776796973518,nan,nan,20,6344,528296800,528296800,208,91395346400,91395346400,35683,False
174,0.544526794586324,0.8417689591390617,nan,nan,20,5947,528296800,528296800,196,91923643200,91923643200,35879,False
175,0.4486819582727807,0.8610726909482096,nan,nan,20,6507,528296800,528296800,213,92451940000,92451940000,36092,False
176,0.45890552161055126,0.8627145085803433,nan,nan,20,6410,528296800,528296800,212,92980236800,92980236800,36304,False
177,0.451449475586746,0.8671117469400731,nan,nan,20,6291,528296800,528296800,203,93508533600,93508533600,36507,False
178,0.4093672220523541,0.8755656108597285,nan,nan,20,6630,528296800,528296800,216,94036830400,94036830400,36723,False
179,0.43436257151868535,0.868933588761175,nan,nan,20,6264,528296800,528296800,208,94565127200,94565127200,36931,False
180,0.4570262494004469,0.8614457831325302,0.532756665115929,0.8398036339013656,20,6308,528296800,528296800,206,95093424000,95093424000,37137,False
181,0.4386306476986887,0.8653486924034869,nan,nan,20,6424,528296800,528296800,210,95621720800,95621720800,37347,False
182,0.38798774771780026,0.8760765550239235,nan,nan,20,6270,528296800,528296800,205,96150017600,96150017600,37552,False
183,0.4530477130761274,0.8662212554381603,nan,nan,20,6436,528296800,528296800,210,96678314400,96678314400,37762,False
184,0.42131648164032476,0.8720738542697,nan,nan,20,6066,528296800,528296800,197,97206611200,97206611200,37959,False
185,0.44149930993123454,0.8658594118572103,nan,nan,20,6359,528296800,528296800,209,97734908000,97734908000,38168,False
186,0.4399087336045484,0.8682934459565149,nan,nan,20,6393,528296800,528296800,206,98263204800,98263204800,38374,False
187,0.43078259983146805,0.8703983862834089,nan,nan,20,5949,528296800,528296800,193,98791501600,98791501600,38567,False
188,0.4548553488125613,0.8641400353300145,nan,nan,20,6227,528296800,528296800,204,99319798400,99319798400,38771,False
189,0.43647981867184443,0.8643486777668952,nan,nan,20,6126,528296800,528296800,201,99848095200,99848095200,38972,False
190,0.46521435988644444,0.8650159744408946,0.5009830170218017,0.8524997178648008,20,6260,528296800,528296800,206,100376392000,100376392000,39178,False
191,0.444254704488354,0.867318204406162,nan,nan,20,6037,528296800,528296800,200,100904688800,100904688800,39378,False
192,0.397117537566276,0.8778461027089912,nan,nan,20,6017,528296800,528296800,197,101432985600,101432985600,39575,False
193,0.41104875881309677,0.8673705047838997,nan,nan,20,6062,528296800,528296800,197,101961282400,101961282400,39772,False
194,0.43474024259749755,0.8673251028806584,nan,nan,20,6075,528296800,528296800,201,102489579200,102489579200,39973,False
195,0.44583341574891305,0.8630403108305003,nan,nan,20,6177,528296800,528296800,201,103017876000,103017876000,40174,False
196,0.42944322131026336,0.8682293316439658,nan,nan,20,6314,528296800,528296800,207,103546172800,103546172800,40381,False
197,0.38985809344709305,0.8811252268602541,nan,nan,20,6612,528296800,528296800,218,104074469600,104074469600,40599,False
198,0.4164862860061048,0.8747518199867638,nan,nan,20,6044,528296800,528296800,201,104602766400,104602766400,40800,False
199,0.4021445303710312,0.8797189083183526,nan,nan,20,6119,528296800,528296800,201,105131063200,105131063200,41001,False
200,0.35745515761962776,0.8927803379416283,0.507307408060746,0.8450513486062521,20,6510,528296800,528296800,211,105659360000,105659360000,41212,False
201,0.406626183881719,0.871664167916042,nan,nan,20,6670,528296800,528296800,218,106187656800,106187656800,41430,False
202,0.4419421240175227,0.8664693307021871,nan,nan,20,6081,528296800,528296800,200,106715953600,106715953600,41630,False
203,0.38497717771176704,0.8813075214217708,nan,nan,20,6302,528296800,528296800,209,107244250400,107244250400,41839,False
204,0.3966554581684531,0.8764497422680413,nan,nan,20,6208,528296800,528296800,204,107772547200,107772547200,42043,False
205,0.4110824434912953,0.8778441181216717,nan,nan,20,6197,528296800,528296800,203,108300844000,108300844000,42246,False
206,0.34850750658697055,0.8833333333333333,nan,nan,20,6480,528296800,528296800,215,108829140800,108829140800,42461,False
207,0.41289407164155545,0.8660684612828182,nan,nan,20,6018,528296800,528296800,196,109357437600,109357437600,42657,False
208,0.35116870852275534,0.8952618453865336,nan,nan,20,6416,528296800,528296800,210,109885734400,109885734400,42867,False
209,0.3995572321904478,0.8766274023558587,nan,nan,20,6452,528296800,528296800,213,110414031200,110414031200,43080,False
210,0.3435001232138719,0.8936014088641033,0.46731206872584036,0.8573524432908249,20,6814,528296800,528296800,222,110942328000,110942328000,43302,False
211,0.38230743763308583,0.8841242314362289,nan,nan,20,6343,528296800,528296800,208,111470624800,111470624800,43510,False
212,0.3257572720005357,0.8950984883188273,nan,nan,20,6549,528296800,528296800,216,111998921600,111998921600,43726,False
213,0.3761153138031916,0.886047264486889,nan,nan,20,6178,528296800,528296800,201,112527218400,112527218400,43927,False
214,0.3864708543726965,0.8805560045256182,nan,nan,20,6187,528296800,528296800,203,113055515200,113055515200,44130,False
215,0.4227676206644067,0.8711506051784893,nan,nan,20,6527,528296800,528296800,213,113583812000,113583812000,44343,False
216,0.4659946079167323,0.8566150598170302,nan,nan,20,5684,528296800,528296800,186,114112108800,114112108800,44529,False
217,0.3614262670594064,0.8874370277078085,nan,nan,20,6352,528296800,528296800,208,114640405600,114640405600,44737,False
218,0.38799468271508314,0.8759159745969711,nan,nan,20,6141,528296800,528296800,201,115168702400,115168702400,44938,False
219,0.45661819898336287,0.8554139099564305,nan,nan,20,6197,528296800,528296800,202,115696999200,115696999200,45140,False
220,0.36379655127350086,0.8887668653906495,0.45677112404291953,0.8591016815257871,20,6374,528296800,528296800,210,116225296000,116225296000,45350,False
221,0.3640659826112051,0.8876617229409909,nan,nan,20,6338,528296800,528296800,208,116753592800,116753592800,45558,False
222,0.3576323079370085,0.8917993749069802,nan,nan,20,6719,528296800,528296800,219,117281889600,117281889600,45777,False
223,0.33699408862849267,0.8956077946180019,nan,nan,20,6466,528296800,528296800,211,117810186400,117810186400,45988,False
224,0.3861981731324684,0.8792125984251968,nan,nan,20,6350,528296800,528296800,207,118338483200,118338483200,46195,False
225,0.35601888469679827,0.8862720793306477,nan,nan,20,6454,528296800,528296800,210,118866780000,118866780000,46405,False
226,0.35962555577912764,0.8849008026654551,nan,nan,20,6603,528296800,528296800,217,119395076800,119395076800,46622,False
227,0.34379168865741755,0.8879296031877801,nan,nan,20,6023,528296800,528296800,197,119923373600,119923373600,46819,False
228,0.3379118601367925,0.8919217418744083,nan,nan,20,6338,528296800,528296800,207,120451670400,120451670400,47026,False
229,0.39114217273340074,0.8756161682550115,nan,nan,20,6086,528296800,528296800,201,120979967200,120979967200,47227,False
230,0.31685619610407567,0.901301174230403,0.4808052049413947,0.8464620246021893,20,6302,528296800,528296800,206,121508264000,121508264000,47433,False
231,0.3548264138828518,0.8891287586738628,nan,nan,20,6485,528296800,528296800,210,122036560800,122036560800,47643,False
232,0.4553414434484048,0.863849765258216,nan,nan,20,6177,528296800,528296800,201,122564857600,122564857600,47844,False
233,0.33465066995789333,0.897907818153217,nan,nan,20,6357,528296800,528296800,209,123093154400,123093154400,48053,False
234,0.3412383138626627,0.8967366324498238,nan,nan,20,6527,528296800,528296800,211,123621451200,123621451200,48264,False
235,0.320643493962365,0.902130898021309,nan,nan,20,6570,528296800,528296800,214,124149748000,124149748000,48478,False
236,0.38816505444843563,0.8871883875039445,nan,nan,20,6338,528296800,528296800,207,124678044800,124678044800,48685,False
237,0.35675087824565765,0.8878667724028548,nan,nan,20,6305,528296800,528296800,207,125206341600,125206341600,48892,False
238,0.329224472918155,0.9000149678191888,nan,nan,20,6681,528296800,528296800,219,125734638400,125734638400,49111,False
239,0.36857336984647615,0.8899646534501306,nan,nan,20,6507,528296800,528296800,213,126262935200,126262935200,49324,False
240,0.38433974795231046,0.8746223564954683,0.4339040692632051,0.8663243426249859,20,5958,528296800,528296800,195,126791232000,126791232000,49519,False
241,0.3586959889252409,0.8884126741160263,nan,nan,20,6533,528296800,528296800,215,127319528800,127319528800,49734,False
242,0.37864287122517715,0.8833899401584991,nan,nan,20,6183,528296800,528296800,202,127847825600,127847825600,49936,False
243,0.3850482742934959,0.8828213879408419,nan,nan,20,6153,528296800,528296800,200,128376122400,128376122400,50136,False
244,0.319656789704958,0.8953579858379229,nan,nan,20,6355,528296800,528296800,209,128904419200,128904419200,50345,False
245,0.4035775719143552,0.8745073309159703,nan,nan,20,6343,528296800,528296800,207,129432716000,129432716000,50552,False
246,0.44401154474380045,0.8683330679828053,nan,nan,20,6281,528296800,528296800,207,129961012800,129961012800,50759,False
247,0.3223559307823863,0.8941051352172592,nan,nan,20,6582,528296800,528296800,215,130489309600,130489309600,50974,False
248,0.36126999973128804,0.887678904791537,nan,nan,20,6428,528296800,528296800,210,131017606400,131017606400,51184,False
249,0.3496532256875919,0.8907039407207814,nan,nan,20,5938,528296800,528296800,196,131545903200,131545903200,51380,False
250,0.31138977250001654,0.9019328263624842,0.4386109619804678,0.8645751043900237,20,6312,528296800,528296800,206,132074200000,132074200000,51586,False
251,0.35255787256576215,0.8864197530864197,nan,nan,20,6480,528296800,528296800,209,132602496800,132602496800,51795,False
252,0.34098308907057523,0.8915270018621974,nan,nan,20,6444,528296800,528296800,211,133130793600,133130793600,52006,False
253,0.3348842514661023,0.8917755817660185,nan,nan,20,6274,528296800,528296800,204,133659090400,133659090400,52210,False
254,0.35446580803490396,0.8879609202647337,nan,nan,20,6346,528296800,528296800,210,134187387200,134187387200,52420,False
255,0.3701410288858219,0.8870765370138017,nan,nan,20,6376,528296800,528296800,208,134715684000,134715684000,52628,False
256,0.35701854087808865,0.8903760356915232,nan,nan,20,6276,528296800,528296800,205,135243980800,135243980800,52833,False
257,0.35858282840345057,0.8846026490066226,nan,nan,20,6040,528296800,528296800,197,135772277600,135772277600,53030,False
258,0.33221809167751293,0.9011592434411226,nan,nan,20,6556,528296800,528296800,214,136300574400,136300574400,53244,False
259,0.3728078889576552,0.8828398599172238,nan,nan,20,6282,528296800,528296800,207,136828871200,136828871200,53451,False
260,0.41044265194598833,0.8784029038112523,0.4215564701414824,0.8707820787721476,20,6612,528296800,528296800,215,137357168000,137357168000,53666,False
261,0.34811329380935657,0.8933037834415071,nan,nan,20,6317,528296800,528296800,207,137885464800,137885464800,53873,False
262,0.34672441345378585,0.8872664468519391,nan,nan,20,6369,528296800,528296800,209,138413761600,138413761600,54082,False
263,0.37362637893233824,0.8867132867132868,nan,nan,20,6435,528296800,528296800,209,138942058400,138942058400,54291,False
264,0.3770806846790494,0.8784046692607004,nan,nan,20,6168,528296800,528296800,201,139470355200,139470355200,54492,False
265,0.34266283316163365,0.8940940012368583,nan,nan,20,6468,528296800,528296800,210,139998652000,139998652000,54702,False
266,0.35491384277300153,0.8879877582249426,nan,nan,20,6535,528296800,528296800,214,140526948800,140526948800,54916,False
267,0.36160107394945873,0.8899983894346916,nan,nan,20,6209,528296800,528296800,204,141055245600,141055245600,55120,False
268,0.32721492776011846,0.8958535795270489,nan,nan,20,6174,528296800,528296800,203,141583542400,141583542400,55323,False
269,0.3023404929546984,0.8954677247062414,nan,nan,20,6553,528296800,528296800,216,142111839200,142111839200,55539,False
270,0.3156397705798176,0.8969201759899434,0.4226434808386299,0.8673964563818982,20,6364,528296800,528296800,207,142640136000,142640136000,55746,False
271,0.3257136221815306,0.8956314535345512,nan,nan,20,6295,528296800,528296800,205,143168432800,143168432800,55951,False
272,0.3002400126119353,0.9055522027761014,nan,nan,20,6628,528296800,528296800,217,143696729600,143696729600,56168,False
273,0.3501653393780895,0.8871538956857695,nan,nan,20,6212,528296800,528296800,205,144225026400,144225026400,56373,False
274,0.35999103248312975,0.8825587206396801,nan,nan,20,6003,528296800,528296800,198,144753323200,144753323200,56571,False
275,0.3446606060560306,0.8956547887535709,nan,nan,20,6651,528296800,528296800,216,145281620000,145281620000,56787,False
276,0.250826202361009,0.917677776071264,nan,nan,20,6511,528296800,528296800,212,145809916800,145809916800,56999,False
277,0.3115440733372718,0.8952578636436213,nan,nan,20,6263,528296800,528296800,205,146338213600,146338213600,57204,False
278,0.31761071159631443,0.8997905590462382,nan,nan,20,6207,528296800,528296800,204,146866510400,146866510400,57408,False
279,0.2841827221876362,0.9086046156197463,nan,nan,20,6543,528296800,528296800,215,147394807200,147394807200,57623,False
280,0.35294953530676554,0.8922061596480201,0.4056148280638387,0.877271188353459,20,6364,528296800,528296800,207,147923104000,147923104000,57830,False
281,0.3326555670144803,0.889779901040778,nan,nan,20,5861,528296800,528296800,193,148451400800,148451400800,58023,False
282,0.32833775087923095,0.8944444444444445,nan,nan,20,6300,528296800,528296800,207,148979697600,148979697600,58230,False
283,0.3263576154972304,0.8956975228161669,nan,nan,20,6136,528296800,528296800,200,149507994400,149507994400,58430,False
284,0.34769476315327885,0.8903290129611167,nan,nan,20,6018,528296800,528296800,198,150036291200,150036291200,58628,False
285,0.33288185779604423,0.8905495874202086,nan,nan,20,6423,528296800,528296800,210,150564588000,150564588000,58838,False
286,0.3393136061677898,0.8909299655568312,nan,nan,20,6097,528296800,528296800,201,151092884800,151092884800,59039,False
287,0.31042480169434944,0.8993548387096775,nan,nan,20,6200,528296800,528296800,203,151621181600,151621181600,59242,False
288,0.34239202367438787,0.89534706331045,nan,nan,20,6555,528296800,528296800,215,152149478400,152149478400,59457,False
289,0.34053596309780326,0.8974921630094044,nan,nan,20,6380,528296800,528296800,208,152677775200,152677775200,59665,False
290,0.32179561452039873,0.8914728682170543,0.38519725316185105,0.8809389459428958,20,6321,528296800,528296800,207,153206072000,153206072000,59872,False
291,0.3075410245553953,0.9024240564590366,nan,nan,20,6518,528296800,528296800,212,153734368800,153734368800,60084,False
292,0.36768493322037304,0.8814187400741132,nan,nan,20,5667,528296800,528296800,185,154262665600,154262665600,60269,False
293,0.26322089271013305,0.9111111111111111,nan,nan,20,6525,528296800,528296800,215,154790962400,154790962400,60484,False
294,0.32528207515254676,0.8940428911834789,nan,nan,20,6295,528296800,528296800,206,155319259200,155319259200,60690,False
295,0.3928355653459222,0.8722574353973671,nan,nan,20,6153,528296800,528296800,202,155847556000,155847556000,60892,False
296,0.3473796868660781,0.8946933377417755,nan,nan,20,6049,528296800,528296800,201,156375852800,156375852800,61093,False
297,0.28800860795447253,0.9107473749227919,nan,nan,20,6476,528296800,528296800,210,156904149600,156904149600,61303,False
298,0.3374944409392117,0.8952686447473938,nan,nan,20,6235,528296800,528296800,206,157432446400,157432446400,61509,False
299,0.28860141393719213,0.9046633773674996,nan,nan,20,6283,528296800,528296800,206,157960743200,157960743200,61715,False
300,0.3029325652449938,0.9040025514272046,0.3936235201088385,0.8751833878794718,20,6271,528296800,528296800,205,158489040000,158489040000,61920,False
301,0.35186905730506735,0.8880849011095031,nan,nan,20,6219,528296800,528296800,205,159017336800,159017336800,62125,False
302,0.3459341241713714,0.8933014354066986,nan,nan,20,6270,528296800,528296800,206,159545633600,159545633600,62331,False
303,0.3280635948789387,0.8947368421052632,nan,nan,20,6498,528296800,528296800,213,160073930400,160073930400,62544,False
304,0.32904620729156814,0.8942536013930663,nan,nan,20,6317,528296800,528296800,206,160602227200,160602227200,62750,False
305,0.3584695701371652,0.8867924528301887,nan,nan,20,5618,528296800,528296800,185,161130524000,161130524000,62935,False
306,0.3726766519693279,0.8849434020778415,nan,nan,20,6449,528296800,528296800,210,161658820800,161658820800,63145,False
307,0.3232871072204009,0.8932998587792249,nan,nan,20,6373,528296800,528296800,208,162187117600,162187117600,63353,False
308,0.35248305360699195,0.8807548397592322,nan,nan,20,6147,528296800,528296800,199,162715414400,162715414400,63552,False
309,0.3403360433710946,0.8967521367521367,nan,nan,20,5850,528296800,528296800,192,163243711200,163243711200,63744,False
310,0.3071884445362503,0.9023084643693543,0.39496092603406013,0.8784561561900462,20,5978,528296800,528296800,197,163772008000,163772008000,63941,False
311,0.3287306126264897,0.8931623931623932,nan,nan,20,6318,528296800,528296800,208,164300304800,164300304800,64149,False
312,0.3351044567771267,0.9004421156050434,nan,nan,20,6107,528296800,528296800,201,164828601600,164828601600,64350,False
313,0.2856545078644689,0.9113022841886681,nan,nan,20,6742,528296800,528296800,220,165356898400,165356898400,64570,False
314,0.2702520077772507,0.9127669241253975,nan,nan,20,6603,528296800,528296800,214,165885195200,165885195200,64784,False
315,0.27851185234339815,0.9034015852047557,nan,nan,20,6056,528296800,528296800,198,166413492000,166413492000,64982,False
316,0.28966034155333936,0.9070831361413472,nan,nan,20,6339,528296800,528296800,207,166941788800,166941788800,65189,False
317,0.37991280736787086,0.8783159335957557,nan,nan,20,5843,528296800,528296800,192,167470085600,167470085600,65381,False
318,0.35222081919436166,0.891502808988764,nan,nan,20,5696,528296800,528296800,184,167998382400,167998382400,65565,False
319,0.2895183591956945,0.9064143007360673,nan,nan,20,6657,528296800,528296800,217,168526679200,168526679200,65782,False
320,0.36213200052561995,0.8906449553001277,0.3859757337004078,0.8800925403453335,20,6264,528296800,528296800,206,169054976000,169054976000,65988,False
321,0.31354173594623347,0.9022360045699364,nan,nan,20,6127,528296800,528296800,201,169583272800,169583272800,66189,False
322,0.32147897158797695,0.9008878127522195,nan,nan,20,6195,528296800,528296800,204,170111569600,170111569600,66393,False
323,0.2981611416864216,0.9033754599264118,nan,nan,20,6251,528296800,528296800,205,170639866400,170639866400,66598,False
324,0.30749662064334937,0.9007670182166826,nan,nan,20,6258,528296800,528296800,203,171168163200,171168163200,66801,False
325,0.28139525246700026,0.9052797478329393,nan,nan,20,6345,528296800,528296800,206,171696460000,171696460000,67007,False
326,0.31434428568514233,0.9007739938080496,nan,nan,20,6460,528296800,528296800,209,172224756800,172224756800,67216,False
327,0.2555656699659844,0.9160530191458026,nan,nan,20,6790,528296800,528296800,224,172753053600,172753053600,67440,False
328,0.3093748856723391,0.9012174449067653,nan,nan,20,6489,528296800,528296800,211,173281350400,173281350400,67651,False
329,0.3115616276383101,0.901271385967666,nan,nan,20,6371,528296800,528296800,207,173809647200,173809647200,67858,False
330,0.25202458732136945,0.9173271173271174,0.38085297884514363,0.877271188353459,20,6435,528296800,528296800,211,174337944000,174337944000,68069,False
331,0.27747779608232825,0.9073900841908326,nan,nan,20,6414,528296800,528296800,210,174866240800,174866240800,68279,False
332,0.3101801086887743,0.9018645731108931,nan,nan,20,6114,528296800,528296800,200,175394537600,175394537600,68479,False
333,0.23579075053854007,0.9206279342723005,nan,nan,20,6816,528296800,528296800,223,175922834400,175922834400,68702,False
334,0.27341362758974,0.9103458973165813,nan,nan,20,6447,528296800,528296800,212,176451131200,176451131200,68914,False
335,0.3118416712996186,0.8911651728553137,nan,nan,20,6248,528296800,528296800,204,176979428000,176979428000,69118,False
336,0.2851312987893686,0.9014277035236938,nan,nan,20,6584,528296800,528296800,217,177507724800,177507724800,69335,False
337,0.3182365624660442,0.8974707180444746,nan,nan,20,5891,528296800,528296800,193,178036021600,178036021600,69528,False
338,0.2569919914206961,0.9125425928930716,nan,nan,20,6163,528296800,528296800,203,178564318400,178564318400,69731,False
339,0.2881135347196911,0.9065334358186011,nan,nan,20,6505,528296800,528296800,213,179092615200,179092615200,69944,False
340,0.312241783278651,0.898779495524817,0.3969728280917851,0.8723620358875973,20,6145,528296800,528296800,204,179620912000,179620912000,70148,False
341,0.28148214477749034,0.9111218257794921,nan,nan,20,6222,528296800,528296800,205,180149208800,180149208800,70353,False
342,0.3165210417781178,0.9020889810237601,nan,nan,20,6271,528296800,528296800,206,180677505600,180677505600,70559,False
343,0.29308381742722484,0.9037334672693789,nan,nan,20,5973,528296800,528296800,198,181205802400,181205802400,70757,False
344,0.28889599657878773,0.9075219798111365,nan,nan,20,6142,528296800,528296800,202,181734099200,181734099200,70959,False
345,0.3310844223215303,0.8961207596169453,nan,nan,20,6161,528296800,528296800,203,182262396000,182262396000,71162,False
346,0.31263577192664105,0.8959365708622399,nan,nan,20,6054,528296800,528296800,198,182790692800,182790692800,71360,False
347,0.30425833009689246,0.9014675052410901,nan,nan,20,6201,528296800,528296800,203,183318989600,183318989600,71563,False
348,0.23644516918215308,0.9207207207207208,nan,nan,20,6660,528296800,528296800,216,183847286400,183847286400,71779,False
349,0.2959811498499472,0.9019579405366207,nan,nan,20,6895,528296800,528296800,225,184375583200,184375583200,72004,False
350,0.31551095908655247,0.8947623666343356,0.37386576620292855,0.8829703193770455,20,6186,528296800,528296800,204,184903880000,184903880000,72208,False
351,0.3081499099020784,0.8969724356077723,nan,nan,20,6639,528296800,528296800,220,185432176800,185432176800,72428,False
352,0.32180118213396486,0.9013147473467448,nan,nan,20,6313,528296800,528296800,207,185960473600,185960473600,72635,False
353,0.28088920389322236,0.9061813617822404,nan,nan,20,6374,528296800,528296800,210,186488770400,186488770400,72845,False
354,0.30572226327437024,0.8996235884567126,nan,nan,20,6376,528296800,528296800,211,187017067200,187017067200,73056,False
355,0.2965416271452322,0.9025649045980607,nan,nan,20,6394,528296800,528296800,210,187545364000,187545364000,73266,False
356,0.25888783480818,0.9147298520977966,nan,nan,20,6626,528296800,528296800,216,188073660800,188073660800,73482,False
357,0.35454630240270885,0.889355516071717,nan,nan,20,6191,528296800,528296800,204,188601957600,188601957600,73686,False
358,0.31789591222217206,0.8984162533994561,nan,nan,20,6251,528296800,528296800,204,189130254400,189130254400,73890,False
359,0.27920095986886,0.9060702875399361,nan,nan,20,6260,528296800,528296800,206,189658551200,189658551200,74096,False
360,0.32853217053637085,0.8963252541047694,0.365778651023312,0.8833653086559079,20,6395,528296800,528296800,210,190186848000,190186848000,74306,False
361,0.2991716828178205,0.9022917311861257,nan,nan,20,6458,528296800,528296800,211,190715144800,190715144800,74517,False
362,0.25521470602769186,0.9197080291970803,nan,nan,20,6576,528296800,528296800,216,191243441600,191243441600,74733,False
363,0.3107516519421314,0.8994899489948995,nan,nan,20,6666,528296800,528296800,220,191771738400,191771738400,74953,False
364,0.3341976627249829,0.8876330876330877,nan,nan,20,6105,528296800,528296800,199,192300035200,192300035200,75152,False
365,0.26284421465625385,0.9108270202020202,nan,nan,20,6336,528296800,528296800,207,192828332000,192828332000,75359,False
366,0.32013089886218216,0.8998341625207297,nan,nan,20,6030,528296800,528296800,197,193356628800,193356628800,75556,False
367,0.2965894320806602,0.8980971850919955,nan,nan,20,6359,528296800,528296800,209,193884925600,193884925600,75765,False
368,0.3266063184495702,0.8890118577075099,nan,nan,20,6325,528296800,528296800,208,194413222400,194413222400,75973,False
369,0.2750890217744727,0.9124121779859484,nan,nan,20,6405,528296800,528296800,209,194941519200,194941519200,76182,False
370,0.31422429134961544,0.89487743557511,0.35486284813511226,0.8881051800022571,20,6364,528296800,528296800,209,195469816000,195469816000,76391,False
371,0.3025350942572548,0.8986422481844016,nan,nan,20,6334,528296800,528296800,205,195998112800,195998112800,76596,False
372,0.3132093470427024,0.9037795275590551,nan,nan,20,6350,528296800,528296800,207,196526409600,196526409600,76803,False
373,0.2917564526330243,0.9065420560747663,nan,nan,20,6099,528296800,528296800,202,197054706400,197054706400,77005,False
374,0.30664661701084156,0.899752679307502,nan,nan,20,6065,528296800,528296800,200,197583003200,197583003200,77205,False
375,0.32420523531191686,0.8967870817379724,nan,nan,20,6007,528296800,528296800,198,198111300000,198111300000,77403,False
376,0.3165704187648708,0.8973743195645213,nan,nan,20,6246,528296800,528296800,203,198639596800,198639596800,77606,False
377,0.31900346544080355,0.8963279518835074,nan,nan,20,6318,528296800,528296800,209,199167893600,199167893600,77815,False
378,0.2982165646637806,0.9071312803889789,nan,nan,20,6170,528296800,528296800,204,199696190400,199696190400,78019,False
379,0.2591335240699215,0.9216995447647951,nan,nan,20,6590,528296800,528296800,216,200224487200,200224487200,78235,False
380,0.27854365999669206,0.9120384268988292,0.34847083076331864,0.888218034081932,20,6662,528296800,528296800,216,200752784000,200752784000,78451,False
381,0.27031374086890153,0.9127567081397092,nan,nan,20,6671,528296800,528296800,217,201281080800,201281080800,78668,False
382,0.3313174761220779,0.8934641668126861,nan,nan,20,5707,528296800,528296800,188,201809377600,201809377600,78856,False
383,0.26904460478978515,0.9128547061559932,nan,nan,20,6449,528296800,528296800,212,202337674400,202337674400,79068,False
384,0.27704903505635,0.9084452678709279,nan,nan,20,6477,528296800,528296800,211,202865971200,202865971200,79279,False
385,0.3104591346736481,0.898769823625315,nan,nan,20,6747,528296800,528296800,219,203394268000,203394268000,79498,False
386,0.3336917769926651,0.8919006131010003,nan,nan,20,6198,528296800,528296800,205,203922564800,203922564800,79703,False
387,0.3068645212048173,0.9034331134787755,nan,nan,20,5913,528296800,528296800,193,204450861600,204450861600,79896,False
388,0.31004963109550543,0.8998714239794279,nan,nan,20,6222,528296800,528296800,204,204979158400,204979158400,80100,False
389,0.2717186267154431,0.9082193933679082,nan,nan,20,6363,528296800,528296800,209,205507455200,205507455200,80309,False
390,0.28759367930941787,0.9082147774208352,0.36748682429149854,0.8839860060941203,20,6537,528296800,528296800,213,206035752000,206035752000,80522,False
391,0.2830071399382051,0.9116112684453719,nan,nan,20,6709,528296800,528296800,218,206564048800,206564048800,80740,False
392,0.29341828956426147,0.8990278014668258,nan,nan,20,5863,528296800,528296800,193,207092345600,207092345600,80933,False
393,0.26494848171405744,0.9155844155844156,nan,nan,20,6776,528296800,528296800,220,207620642400,207620642400,81153,False
394,0.23085945360844082,0.919833109819699,nan,nan,20,6711,528296800,528296800,220,208148939200,208148939200,81373,False
395,0.32488990700295506,0.8948236069897791,nan,nan,20,6066,528296800,528296800,197,208677236000,208677236000,81570,False
396,0.29121327661236457,0.9048595771536763,nan,nan,20,6338,528296800,528296800,206,209205532800,209205532800,81776,False
397,0.23695579983575035,0.921072226358898,nan,nan,20,6715,528296800,528296800,221,209733829600,209733829600,81997,False
398,0.30944316730669097,0.8997005988023952,nan,nan,20,6012,528296800,528296800,194,210262126400,210262126400,82191,False
399,0.27985423548228733,0.9077327204071581,nan,nan,20,6091,528296800,528296800,199,210790423200,210790423200,82390,False
400,0.2595381517335202,0.9172716273442226,0.3669299294886424,0.8843809953729828,20,6612,528296800,528296800,215,211318720000,211318720000,82605,False
401,0.31833424441700503,0.900136565380676,nan,nan,20,5858,528296800,528296800,194,211847016800,211847016800,82799,False
402,0.29651686743735395,0.8962821403752605,nan,nan,20,5756,528296800,528296800,189,212375313600,212375313600,82988,False
403,0.259987334678277,0.912494076765124,nan,nan,20,6331,528296800,528296800,206,212903610400,212903610400,83194,False
404,0.28494645616105774,0.9051015661342844,nan,nan,20,6449,528296800,528296800,211,213431907200,213431907200,83405,False
405,0.28833262049825786,0.9066751028155647,nan,nan,20,6322,528296800,528296800,206,213960204000,213960204000,83611,False
406,0.2888240079343296,0.902072192513369,nan,nan,20,5984,528296800,528296800,196,214488500800,214488500800,83807,False
407,0.2980835989077542,0.9063711052549992,nan,nan,20,6451,528296800,528296800,211,215016797600,215016797600,84018,False
408,0.2698288526899332,0.9124293785310734,nan,nan,20,6372,528296800,528296800,207,215545094400,215545094400,84225,False
409,0.28066329024551273,0.9033980582524271,nan,nan,20,6180,528296800,528296800,202,216073391200,216073391200,84427,False
410,0.3070015806088539,0.90158315652032,0.36311631360235364,0.8846631305721702,20,6127,528296800,528296800,201,216601688000,216601688000,84628,False
411,0.3105657739466006,0.8930079774753636,nan,nan,20,6393,528296800,528296800,209,217129984800,217129984800,84837,False
412,0.28770984024536,0.9064516129032258,nan,nan,20,6510,528296800,528296800,213,217658281600,217658281600,85050,False
413,0.243326889334291,0.9221055834474364,nan,nan,20,6573,528296800,528296800,214,218186578400,218186578400,85264,False
414,0.22729782138169335,0.9211578442347673,nan,nan,20,6253,528296800,528296800,203,218714875200,218714875200,85467,False
415,0.2507427481824684,0.9168684422921711,nan,nan,20,6195,528296800,528296800,204,219243172000,219243172000,85671,False
416,0.27246078426344555,0.9107840192249925,nan,nan,20,6658,528296800,528296800,217,219771468800,219771468800,85888,False
417,0.2966316260891784,0.8996433203631647,nan,nan,20,6168,528296800,528296800,200,220299765600,220299765600,86088,False
418,0.24765064713795787,0.9216702224931423,nan,nan,20,6562,528296800,528296800,215,220828062400,220828062400,86303,False
419,0.27622087842534815,0.9102040816326531,nan,nan,20,6370,528296800,528296800,210,221356359200,221356359200,86513,False
420,0.3077329095412194,0.8962866023229183,0.3490553467561074,0.8912650942331565,20,6113,528296800,528296800,201,221884656000,221884656000,86714,False
421,0.26343596216577136,0.9095369518552591,nan,nan,20,6522,528296800,528296800,213,222412952800,222412952800,86927,False
422,0.3496802935264211,0.8843870066363954,nan,nan,20,5726,528296800,528296800,191,222941249600,222941249600,87118,False
423,0.3032553782989823,0.8957453718739851,nan,nan,20,6158,528296800,528296800,202,223469546400,223469546400,87320,False
424,0.3069456990512935,0.9024896265560166,nan,nan,20,5784,528296800,528296800,191,223997843200,223997843200,87511,False
425,0.2728418483694758,0.9063420685377578,nan,nan,20,6449,528296800,528296800,210,224526140000,224526140000,87721,False
426,0.2969264030762923,0.9017769002961501,nan,nan,20,6078,528296800,528296800,200,225054436800,225054436800,87921,False
427,0.3072379895932658,0.8996162701458174,nan,nan,20,6515,528296800,528296800,211,225582733600,225582733600,88132,False
428,0.2742396578087444,0.9116169544740973,nan,nan,20,6370,528296800,528296800,208,226111030400,226111030400,88340,False
429,0.25368828992757136,0.912679614716564,nan,nan,20,6333,528296800,528296800,207,226639327200,226639327200,88547,False
430,0.2612152151031793,0.9123371871798625,0.34517182310041084,0.8901365534364067,20,6833,528296800,528296800,224,227167624000,227167624000,88771,False
431,0.2793584951172578,0.9137902559867878,nan,nan,20,6055,528296800,528296800,198,227695920800,227695920800,88969,False
432,0.27123038046466397,0.9080036798528058,nan,nan,20,6522,528296800,528296800,212,228224217600,228224217600,89181,False
433,0.2997507383452527,0.9052461662631154,nan,nan,20,6195,528296800,528296800,203,228752514400,228752514400,89384,False
434,0.3320766140382239,0.8933224755700325,nan,nan,20,6140,528296800,528296800,200,229280811200,229280811200,89584,False
435,0.30702849186968545,0.8998435054773083,nan,nan,20,6390,528296800,528296800,208,229809108000,229809108000,89792,False
436,0.3026708779993003,0.905514403292181,nan,nan,20,6075,528296800,528296800,202,230337404800,230337404800,89994,False
437,0.2521808990383166,0.9145584002423875,nan,nan,20,6601,528296800,528296800,218,230865701600,230865701600,90212,False
438,0.2599170011156799,0.9129323308270677,nan,nan,20,6650,528296800,528296800,217,231393998400,231393998400,90429,False
439,0.26618629325847626,0.9160532498042286,nan,nan,20,6385,528296800,528296800,207,231922295200,231922295200,90636,False
440,0.29288736548865124,0.9046833773087071,0.338233264977689,0.8899108452770568,20,6064,528296800,528296800,200,232450592000,232450592000,90836,False
441,0.2494816357305681,0.9152200867947923,nan,nan,20,6452,528296800,528296800,212,232978888800,232978888800,91048,False
442,0.2756620131160758,0.9080042366469965,nan,nan,20,6609,528296800,528296800,217,233507185600,233507185600,91265,False
443,0.23424730708091962,0.9214275003748688,nan,nan,20,6669,528296800,528296800,220,234035482400,234035482400,91485,False
444,0.2673291817424421,0.9141595814257685,nan,nan,20,6116,528296800,528296800,201,234563779200,234563779200,91686,False
445,0.3113652697874989,0.8996699669966997,nan,nan,20,6060,528296800,528296800,200,235092076000,235092076000,91886,False
446,0.26608858982850936,0.9101500159591446,nan,nan,20,6266,528296800,528296800,207,235620372800,235620372800,92093,False
447,0.28089495308850815,0.8989650073928044,nan,nan,20,6087,528296800,528296800,198,236148669600,236148669600,92291,False
448,0.23807237107376875,0.9196075328374743,nan,nan,20,6319,528296800,528296800,207,236676966400,236676966400,92498,False
449,0.2680490306241968,0.9075670498084292,nan,nan,20,6264,528296800,528296800,206,237205263200,237205263200,92704,False
450,0.30135389977001326,0.9069654164637116,0.3360593981310202,0.8939171651055186,20,6159,528296800,528296800,203,237733560000,237733560000,92907,False
451,0.22137669682642702,0.9269866247049567,nan,nan,20,6355,528296800,528296800,210,238261856800,238261856800,93117,False
452,0.260868126422515,0.9153495440729483,nan,nan,20,6580,528296800,528296800,213,238790153600,238790153600,93330,False
453,0.222449701654138,0.9293486361603815,nan,nan,20,6709,528296800,528296800,221,239318450400,239318450400,93551,False
454,0.28318180441086893,0.9068117313150426,nan,nan,20,6342,528296800,528296800,207,239846747200,239846747200,93758,False
455,0.30477181496993716,0.9018268467037331,nan,nan,20,6295,528296800,528296800,206,240375044000,240375044000,93964,False
456,0.2477894714529522,0.9137039937353172,nan,nan,20,6385,528296800,528296800,208,240903340800,240903340800,94172,False
457,0.2843947167910466,0.9051383399209486,nan,nan,20,6072,528296800,528296800,201,241431637600,241431637600,94373,False
458,0.29632541608191343,0.9001610305958132,nan,nan,20,6210,528296800,528296800,204,241959934400,241959934400,94577,False
459,0.27299103142873565,0.9095307208514756,nan,nan,20,6201,528296800,528296800,204,242488231200,242488231200,94781,False
460,0.2564072921300364,0.9184025058731402,0.3429129454200578,0.8890644396794944,20,6385,528296800,528296800,208,243016528000,243016528000,94989,False
461,0.2702155829258057,0.9093922651933701,nan,nan,20,6335,528296800,528296800,206,243544824800,243544824800,95195,False
462,0.2488769934174341,0.9190113477382248,nan,nan,20,6433,528296800,528296800,210,244073121600,244073121600,95405,False
463,0.2821262215827058,0.9064736228989848,nan,nan,20,6009,528296800,528296800,198,244601418400,244601418400,95603,False
464,0.25490503687863825,0.9161300455473536,nan,nan,20,6367,528296800,528296800,207,245129715200,245129715200,95810,False
465,0.2541810928692206,0.9181405540773204,nan,nan,20,6389,528296800,528296800,210,245658012000,245658012000,96020,False
466,0.27021455906387953,0.9043363124793115,nan,nan,20,6042,528296800,528296800,199,246186308800,246186308800,96219,False
467,0.2752425861827384,0.9079275386405186,nan,nan,20,6017,528296800,528296800,199,246714605600,246714605600,96418,False
468,0.22951242825423065,0.9210567210567211,nan,nan,20,6435,528296800,528296800,210,247242902400,247242902400,96628,False
469,0.24144475055538728,0.9154253558424362,nan,nan,20,6042,528296800,528296800,196,247771199200,247771199200,96824,False
470,0.2324961334388612,0.9211009174311927,0.33084882806068805,0.8936914569461686,20,6540,528296800,528296800,214,248299496000,248299496000,97038,False
471,0.26496699632738396,0.9117551813471503,nan,nan,20,6176,528296800,528296800,203,248827792800,248827792800,97241,False
472,0.23312639531526597,0.9201206923932032,nan,nan,20,6297,528296800,528296800,207,249356089600,249356089600,97448,False
473,0.22988028349587078,0.9223910171730515,nan,nan,20,6056,528296800,528296800,199,249884386400,249884386400,97647,False
474,0.26157369123100876,0.9141015310233682,nan,nan,20,6205,528296800,528296800,203,250412683200,250412683200,97850,False
475,0.27068597949406914,0.9092420212765957,nan,nan,20,6016,528296800,528296800,196,250940980000,250940980000,98046,False
476,0.2618581352864256,0.9091504337862171,nan,nan,20,6109,528296800,528296800,203,251469276800,251469276800,98249,False
477,0.24410993452713284,0.921048400064319,nan,nan,20,6219,528296800,528296800,205,251997573600,251997573600,98454,False
478,0.3229973309327344,0.897562582345191,nan,nan,20,6072,528296800,528296800,199,252525870400,252525870400,98653,False
479,0.24689829111941003,0.9156444040587611,nan,nan,20,6603,528296800,528296800,214,253054167200,253054167200,98867,False
480,0.25342604386569967,0.9130640580624803,0.3390553978936773,0.8920550727908814,20,6338,528296800,528296800,207,253582464000,253582464000,99074,False
481,0.247305621591742,0.9183067791315214,nan,nan,20,6402,528296800,528296800,209,254110760800,254110760800,99283,False
482,0.2208421053479779,0.9240980790254568,nan,nan,20,6403,528296800,528296800,207,254639057600,254639057600,99490,False
483,0.22144109856840014,0.9278350515463918,nan,nan,20,6499,528296800,528296800,212,255167354400,255167354400,99702,False
484,0.2602604405325339,0.912288579553959,nan,nan,20,6681,528296800,528296800,217,255695651200,255695651200,99919,False
485,0.24406750708535271,0.9166025542391137,nan,nan,20,6499,528296800,528296800,213,256223948000,256223948000,100132,False
486,0.1934407054527586,0.9325792528650096,nan,nan,20,6719,528296800,528296800,221,256752244800,256752244800,100353,False
487,0.21896890224805118,0.9254649070185963,nan,nan,20,6668,528296800,528296800,220,257280541600,257280541600,100573,False
488,0.27246733001186785,0.9127450980392157,nan,nan,20,6120,528296800,528296800,202,257808838400,257808838400,100775,False
489,0.30313248897198525,0.9026158209895997,nan,nan,20,6346,528296800,528296800,208,258337135200,258337135200,100983,False
490,0.26639820053475366,0.9165275459098498,0.3443696282441615,0.8863559417672949,20,6589,528296800,528296800,214,258865432000,258865432000,101197,False
491,0.27581315792195243,0.9100780454699695,nan,nan,20,5894,528296800,528296800,194,259393728800,259393728800,101391,False
492,0.2258211325540901,0.9239166391002316,nan,nan,20,6046,528296800,528296800,200,259922025600,259922025600,101591,False
493,0.2229775366301632,0.9268180423442773,nan,nan,20,6518,528296800,528296800,213,260450322400,260450322400,101804,False
494,0.24565197432216349,0.9186083123425692,nan,nan,20,6352,528296800,528296800,210,260978619200,260978619200,102014,False
495,0.2542756664771018,0.9146994019515265,nan,nan,20,6354,528296800,528296800,207,261506916000,261506916000,102221,False
496,0.27705088342946,0.9059413954994334,nan,nan,20,6177,528296800,528296800,203,262035212800,262035212800,102424,False
497,0.2109204271650956,0.9256830601092896,nan,nan,20,6405,528296800,528296800,210,262563509600,262563509600,102634,False
498,0.2596766086657557,0.9181733167082294,nan,nan,20,6416,528296800,528296800,211,263091806400,263091806400,102845,False
499,0.2420129393223305,0.9173042487384014,nan,nan,20,6143,528296800,528296800,199,263620103200,263620103200,103044,False
500,0.21643741069163028,0.9283328272092317,0.32278986537030047,0.896851371177068,20,6586,528296800,528296800,215,264148400000,264148400000,103259,False
501,0.2642689129950593,0.9083627042614547,nan,nan,20,6242,528296800,528296800,204,264676696800,264676696800,103463,False
502,0.2485584876382183,0.9172667626820291,nan,nan,20,6249,528296800,528296800,203,265204993600,265204993600,103666,False
503,0.27670269765469724,0.9038584183673469,nan,nan,20,6272,528296800,528296800,206,265733290400,265733290400,103872,False
504,0.22527832358335337,0.9239803205840342,nan,nan,20,6301,528296800,528296800,206,266261587200,266261587200,104078,False
505,0.29337102472019927,0.9019607843137255,nan,nan,20,5865,528296800,528296800,194,266789884000,266789884000,104272,False
506,0.20774555862068647,0.9253619943275115,nan,nan,20,6699,528296800,528296800,220,267318180800,267318180800,104492,False
507,0.24605222763281445,0.9193720469440634,nan,nan,20,6561,528296800,528296800,214,267846477600,267846477600,104706,False
508,0.23633297194829414,0.9243593701759802,nan,nan,20,6478,528296800,528296800,210,268374774400,268374774400,104916,False
509,0.2318110238276492,0.9209287731408848,nan,nan,20,6374,528296800,528296800,210,268903071200,268903071200,105126,False
510,0.2652420211862862,0.9083039435716576,0.3375101251353826,0.8910393860738066,20,6238,528296800,528296800,205,269431368000,269431368000,105331,False
511,0.2326471153859599,0.9201590193804869,nan,nan,20,6037,528296800,528296800,198,269959664800,269959664800,105529,False
512,0.26582997349555715,0.9087422087262266,nan,nan,20,6257,528296800,528296800,204,270487961600,270487961600,105733,False
513,0.21401189792779396,0.9280976786252638,nan,nan,20,6634,528296800,528296800,217,271016258400,271016258400,105950,False
514,0.23626408041482683,0.9218219996769504,nan,nan,20,6191,528296800,528296800,203,271544555200,271544555200,106153,False
515,0.2259840292947698,0.9254350950023951,nan,nan,20,6263,528296800,528296800,206,272072852000,272072852000,106359,False
516,0.24101279028345698,0.9172643869891576,nan,nan,20,5995,528296800,528296800,196,272601148800,272601148800,106555,False
517,0.2515783392698088,0.9154682007031,nan,nan,20,6258,528296800,528296800,207,273129445600,273129445600,106762,False
518,0.24940703573262768,0.9149232914923291,nan,nan,20,6453,528296800,528296800,211,273657742400,273657742400,106973,False
519,0.23638687465719121,0.9209273760171964,nan,nan,20,6513,528296800,528296800,212,274186039200,274186039200,107185,False
520,0.28537120552504375,0.9089253187613844,0.327265754602736,0.8947071436632434,20,6039,528296800,528296800,198,274714336000,274714336000,107383,False
521,0.2229850358794513,0.9213448488587291,nan,nan,20,6484,528296800,528296800,212,275242632800,275242632800,107595,False
522,0.2899170086159184,0.9068022674224742,nan,nan,20,5998,528296800,528296800,198,275770929600,275770929600,107793,False
523,0.22313514428939688,0.9216568414520633,nan,nan,20,6446,528296800,528296800,211,276299226400,276299226400,108004,False
524,0.2441767033796982,0.9213292117465224,nan,nan,20,6470,528296800,528296800,212,276827523200,276827523200,108216,False
525,0.2747598087657789,0.9092833876221499,nan,nan,20,6140,528296800,528296800,202,277355820000,277355820000,108418,False
526,0.27217077911763443,0.9130434782608695,nan,nan,20,6095,528296800,528296800,202,277884116800,277884116800,108620,False
527,0.2243245806574272,0.9255005432252057,nan,nan,20,6443,528296800,528296800,209,278412413600,278412413600,108829,False
528,0.2665239033533065,0.9076272564644657,nan,nan,20,6149,528296800,528296800,202,278940710400,278940710400,109031,False
529,0.20121600098873665,0.9317484662576687,nan,nan,20,6520,528296800,528296800,212,279469007200,279469007200,109243,False
530,0.2733502509610769,0.9047198161569736,0.32193023637029633,0.8957792574201557,20,5657,528296800,528296800,186,279997304000,279997304000,109429,False
531,0.2666048634538354,0.9060501721593703,nan,nan,20,6099,528296800,528296800,201,280525600800,280525600800,109630,False
532,0.2151404357945827,0.9218984680084109,nan,nan,20,6658,528296800,528296800,218,281053897600,281053897600,109848,False
533,0.23040485879568154,0.923906439854192,nan,nan,20,6584,528296800,528296800,214,281582194400,281582194400,110062,False
534,0.23199626966108547,0.9252112900653803,nan,nan,20,6271,528296800,528296800,204,282110491200,282110491200,110266,False
535,0.2636954245858447,0.9147645650438947,nan,nan,20,6265,528296800,528296800,203,282638788000,282638788000,110469,False
536,0.21408311906408253,0.9309698803862227,nan,nan,20,6939,528296800,528296800,226,283167084800,283167084800,110695,False
537,0.2198842704460573,0.9274711168164314,nan,nan,20,6232,528296800,528296800,205,283695381600,283695381600,110900,False
538,0.2616257823045977,0.9114166933162776,nan,nan,20,6254,528296800,528296800,206,284223678400,284223678400,111106,False
539,0.20322775948310814,0.9323308270676691,nan,nan,20,6517,528296800,528296800,213,284751975200,284751975200,111319,False
540,0.24264508947924876,0.9158211794546608,0.34707882998355855,0.8892901478388444,20,6308,528296800,528296800,209,285280272000,285280272000,111528,False
541,0.20811643017799847,0.9293798820341145,nan,nan,20,6273,528296800,528296800,206,285808568800,285808568800,111734,False
542,0.22520212853786978,0.922613531047266,nan,nan,20,6474,528296800,528296800,210,286336865600,286336865600,111944,False
543,0.27062350403020197,0.9135050741608118,nan,nan,20,6405,528296800,528296800,210,286865162400,286865162400,112154,False
544,0.26931592128373727,0.9113535629048756,nan,nan,20,5866,528296800,528296800,192,287393459200,287393459200,112346,False
545,0.2404236405883874,0.917747641509434,nan,nan,20,6784,528296800,528296800,221,287921756000,287921756000,112567,False
546,0.24448903906761377,0.920031545741325,nan,nan,20,6340,528296800,528296800,208,288450052800,288450052800,112775,False
547,0.2771104514615868,0.9089425587467362,nan,nan,20,6128,528296800,528296800,200,288978349600,288978349600,112975,False
548,0.2588348996838892,0.9124501686599202,nan,nan,20,6522,528296800,528296800,213,289506646400,289506646400,113188,False
549,0.25990337893604726,0.9154078549848943,nan,nan,20,5958,528296800,528296800,196,290034943200,290034943200,113384,False
550,0.23533090522015876,0.9192373275461169,0.3176949906666679,0.8980363390136553,20,6451,528296800,528296800,211,290563240000,290563240000,113595,False
551,0.20959536868040657,0.9292298542967589,nan,nan,20,6726,528296800,528296800,218,291091536800,291091536800,113813,False
552,0.20025724456430213,0.928292454304015,nan,nan,20,6401,528296800,528296800,211,291619833600,291619833600,114024,False
553,0.2732770013676267,0.9122113255298956,nan,nan,20,6322,528296800,528296800,206,292148130400,292148130400,114230,False
554,0.22559946492345212,0.9199052132701422,nan,nan,20,6330,528296800,528296800,206,292676427200,292676427200,114436,False
555,0.24560207271573337,0.9186211238784826,nan,nan,20,6353,528296800,528296800,210,293204724000,293204724000,114646,False
556,0.2787523596233399,0.9066430183811673,nan,nan,20,6202,528296800,528296800,203,293733020800,293733020800,114849,False
557,0.25435145551244426,0.91652499149949,nan,nan,20,5882,528296800,528296800,194,294261317600,294261317600,115043,False
558,0.22227271206361812,0.9229050279329609,nan,nan,20,6265,528296800,528296800,205,294789614400,294789614400,115248,False
559,0.2124572261958873,0.9240841777084957,nan,nan,20,6415,528296800,528296800,211,295317911200,295317911200,115459,False
560,0.27753347206492746,0.9107562235791451,0.31657604579058607,0.8986006094120302,20,6387,528296800,528296800,207,295846208000,295846208000,115666,False
561,0.22695141892938905,0.9206052363141789,nan,nan,20,5882,528296800,528296800,196,296374504800,296374504800,115862,False
562,0.2437577590844719,0.9171892587232674,nan,nan,20,6219,528296800,528296800,204,296902801600,296902801600,116066,False
563,0.23703831572294043,0.9221297836938436,nan,nan,20,6010,528296800,528296800,197,297431098400,297431098400,116263,False
564,0.24227863487226775,0.9195509822263798,nan,nan,20,6414,528296800,528296800,210,297959395200,297959395200,116473,False
565,0.22127602182681094,0.925982800982801,nan,nan,20,6512,528296800,528296800,212,298487692000,298487692000,116685,False
566,0.25210279240489636,0.91513223970539,nan,nan,20,5974,528296800,528296800,196,299015988800,299015988800,116881,False
567,0.24396009631210663,0.919672131147541,nan,nan,20,6100,528296800,528296800,200,299544285600,299544285600,117081,False
568,0.23137764607526234,0.921865154379332,nan,nan,20,6348,528296800,528296800,206,300072582400,300072582400,117287,False
569,0.2299571790416433,0.920507268790597,nan,nan,20,6466,528296800,528296800,212,300600879200,300600879200,117499,False
570,0.22522001410732279,0.9191643960036331,0.32305246471497695,0.8979234849339803,20,6606,528296800,528296800,216,301129176000,301129176000,117715,False
571,0.24023535641825097,0.9147124959845808,nan,nan,20,6226,528296800,528296800,204,301657472800,301657472800,117919,False
572,0.19945677570269194,0.929827220369809,nan,nan,20,6598,528296800,528296800,215,302185769600,302185769600,118134,False
573,0.2180989506240989,0.9257648953301127,nan,nan,20,6210,528296800,528296800,204,302714066400,302714066400,118338,False
574,0.24577860530049975,0.9173320807891029,nan,nan,20,6387,528296800,528296800,209,303242363200,303242363200,118547,False
575,0.22744951477557313,0.9260165087129318,nan,nan,20,6542,528296800,528296800,213,303770660000,303770660000,118760,False
576,0.22657611475789846,0.9234579737935442,nan,nan,20,6258,528296800,528296800,204,304298956800,304298956800,118964,False
577,0.2429577876366348,0.9170185125040597,nan,nan,20,6158,528296800,528296800,201,304827253600,304827253600,119165,False
578,0.24836505847275897,0.915759973623475,nan,nan,20,6066,528296800,528296800,198,305355550400,305355550400,119363,False
579,0.23790265540853747,0.9211321354746382,nan,nan,20,6289,528296800,528296800,204,305883847200,305883847200,119567,False
580,0.22798099315864337,0.9263259713042077,0.3196243557020822,0.8978106308543053,20,6203,528296800,528296800,201,306412144000,306412144000,119768,False
581,0.24357636955767606,0.9186848436246993,nan,nan,20,6235,528296800,528296800,205,306940440800,306940440800,119973,False
582,0.2267062941323472,0.9244929797191888,nan,nan,20,6410,528296800,528296800,209,307468737600,307468737600,120182,False
583,0.2600309060532293,0.9128213316302092,nan,nan,20,6263,528296800,528296800,205,307997034400,307997034400,120387,False
584,0.21915853097697202,0.9260822003438037,nan,nan,20,6399,528296800,528296800,208,308525331200,308525331200,120595,False
585,0.21348565997049862,0.9310140636565507,nan,nan,20,6755,528296800,528296800,221,309053628000,309053628000,120816,False
586,0.22398017832923534,0.9244947453516572,nan,nan,20,6185,528296800,528296800,204,309581924800,309581924800,121020,False
587,0.19523393165324787,0.9333436917339962,nan,nan,20,6436,528296800,528296800,211,310110221600,310110221600,121231,False
588,0.1941297094057377,0.9315298792602782,nan,nan,20,6543,528296800,528296800,214,310638518400,310638518400,121445,False
589,0.24537492782368833,0.9140233722871453,nan,nan,20,5990,528296800,528296800,198,311166815200,311166815200,121643,False
590,0.2057789097318959,0.9295946357817738,0.3134600691932034,0.8985441823721928,20,6562,528296800,528296800,214,311695112000,311695112000,121857,False
591,0.2122468332647987,0.928559831141419,nan,nan,20,6159,528296800,528296800,202,312223408800,312223408800,122059,False
592,0.21292861125424623,0.9297637795275591,nan,nan,20,6350,528296800,528296800,207,312751705600,312751705600,122266,False
593,0.2419018436173801,0.916241062308478,nan,nan,20,5874,528296800,528296800,192,313280002400,313280002400,122458,False
594,0.2274633946140075,0.925209043047383,nan,nan,20,6458,528296800,528296800,211,313808299200,313808299200,122669,False
595,0.23798316180583565,0.9221851675400985,nan,nan,20,6297,528296800,528296800,208,314336596000,314336596000,122877,False
596,0.22013648451119178,0.9244214274154394,nan,nan,20,6179,528296800,528296800,202,314864892800,314864892800,123079,False
597,0.2601115734638905,0.9097087378640777,nan,nan,20,6180,528296800,528296800,204,315393189600,315393189600,123283,False
598,0.20843017917771128,0.9304804327076042,nan,nan,20,6286,528296800,528296800,207,315921486400,315921486400,123490,False
599,0.2243842374944706,0.9216838760921366,nan,nan,20,6295,528296800,528296800,206,316449783200,316449783200,123696,False
600,0.23477778685668255,0.9171174037543748,0.3061367713050317,0.9031147725990295,20,6286,528296800,528296800,204,316978080000,316978080000,123900,False
601,0.18730890057075994,0.9351879254217224,nan,nan,20,6758,528296800,528296800,219,317506376800,317506376800,124119,False
602,0.22394928709288628,0.9221538461538461,nan,nan,20,6500,528296800,528296800,212,318034673600,318034673600,124331,False
603,0.23252365250375046,0.9169853409815168,nan,nan,20,6276,528296800,528296800,204,318562970400,318562970400,124535,False
604,0.23829208695783358,0.9243172096084238,nan,nan,20,6078,528296800,528296800,201,319091267200,319091267200,124736,False
605,0.23256682965391498,0.9198504308242562,nan,nan,20,6151,528296800,528296800,202,319619564000,319619564000,124938,False
606,0.22301716134431923,0.9274535376589501,nan,nan,20,6134,528296800,528296800,199,320147860800,320147860800,125137,False
607,0.2235770551538063,0.9223221586263287,nan,nan,20,6115,528296800,528296800,201,320676157600,320676157600,125338,False
608,0.19980331521193273,0.9357322438717788,nan,nan,20,6364,528296800,528296800,210,321204454400,321204454400,125548,False
609,0.2051142982614765,0.931023720349563,nan,nan,20,6408,528296800,528296800,211,321732751200,321732751200,125759,False
610,0.20104887067897406,0.928462709284627,0.3079743516551441,0.89995485836813,20,6570,528296800,528296800,214,322261048000,322261048000,125973,False
611,0.24066194250127862,0.9221709374502626,nan,nan,20,6283,528296800,528296800,206,322789344800,322789344800,126179,False
612,0.19678311453173022,0.9294134769320331,nan,nan,20,6871,528296800,528296800,226,323317641600,323317641600,126405,False
613,0.242637607445997,0.915932092719556,nan,nan,20,6126,528296800,528296800,202,323845938400,323845938400,126607,False
614,0.23825806117063286,0.9156530089628682,nan,nan,20,6248,528296800,528296800,206,324374235200,324374235200,126813,False
615,0.24795957798609128,0.9188306104901118,nan,nan,20,5815,528296800,528296800,193,324902532000,324902532000,127006,False
616,0.26671787645684053,0.9145399597044996,nan,nan,20,5956,528296800,528296800,195,325430828800,325430828800,127201,False
617,0.21809737239868526,0.9232218558643429,nan,nan,20,6369,528296800,528296800,208,325959125600,325959125600,127409,False
618,0.22955858943654225,0.921779633793768,nan,nan,20,6226,528296800,528296800,204,326487422400,326487422400,127613,False
619,0.20429235241671712,0.9304625684723068,nan,nan,20,6572,528296800,528296800,216,327015719200,327015719200,127829,False
620,0.2768260436800533,0.9089655172413793,0.3124373580105565,0.9007448369258548,20,5800,528296800,528296800,191,327544016000,327544016000,128020,False
621,0.2243675551511136,0.9242979242979243,nan,nan,20,6552,528296800,528296800,212,328072312800,328072312800,128232,False
622,0.24437066984015415,0.922673031026253,nan,nan,20,6285,528296800,528296800,207,328600609600,328600609600,128439,False
623,0.2422458829229151,0.9213654891304348,nan,nan,20,5888,528296800,528296800,194,329128906400,329128906400,128633,False
624,0.29843300962421926,0.9034218100415734,nan,nan,20,6254,528296800,528296800,207,329657203200,329657203200,128840,False
625,0.21655648483156384,0.9265734265734266,nan,nan,20,6292,528296800,528296800,208,330185500000,330185500000,129048,False
626,0.20351110832312772,0.9356984478935698,nan,nan,20,6765,528296800,528296800,221,330713796800,330713796800,129269,False
627,0.224171890451174,0.9250039638496909,nan,nan,20,6307,528296800,528296800,205,331242093600,331242093600,129474,False
628,0.25856994440120384,0.9118307149727477,nan,nan,20,6238,528296800,528296800,206,331770390400,331770390400,129680,False
629,0.24610318382361585,0.91765625,nan,nan,20,6400,528296800,528296800,212,332298687200,332298687200,129892,False
630,0.2252448958873918,0.923030303030303,0.31125099432480524,0.900067712447805,20,6600,528296800,528296800,216,332826984000,332826984000,130108,False
631,0.18110002926440197,0.9406175771971497,nan,nan,20,6736,528296800,528296800,219,333355280800,333355280800,130327,False
632,0.24405290493457418,0.9138662316476346,nan,nan,20,6130,528296800,528296800,201,333883577600,333883577600,130528,False
633,0.2028545972288324,0.930940481599273,nan,nan,20,6603,528296800,528296800,217,334411874400,334411874400,130745,False
634,0.24366181587390204,0.9181465934775589,nan,nan,20,6194,528296800,528296800,203,334940171200,334940171200,130948,False
635,0.21893498211389256,0.921003559925411,nan,nan,20,5899,528296800,528296800,193,335468468000,335468468000,131141,False
636,0.23678618346287078,0.9187800430963037,nan,nan,20,6033,528296800,528296800,198,335996764800,335996764800,131339,False
637,0.19557811660178676,0.9362179487179487,nan,nan,20,6240,528296800,528296800,205,336525061600,336525061600,131544,False
638,0.20943491265809222,0.9290914846470402,nan,nan,20,6318,528296800,528296800,207,337053358400,337053358400,131751,False
639,0.221181813726084,0.9230647208121827,nan,nan,20,6304,528296800,528296800,208,337581655200,337581655200,131959,False
640,0.20933685507918326,0.9317156634002177,0.32051533260836235,0.8955535492608058,20,6429,528296800,528296800,211,338109952000,338109952000,132170,False
641,0.2041983519029331,0.9310344827586207,nan,nan,20,6496,528296800,528296800,212,338638248800,338638248800,132382,False
642,0.21352114314246243,0.9288452691305015,nan,nan,20,6521,528296800,528296800,213,339166545600,339166545600,132595,False
643,0.223885644342348,0.9214463840399002,nan,nan,20,6416,528296800,528296800,211,339694842400,339694842400,132806,False
644,0.22260645601307136,0.9240180296200902,nan,nan,20,6212,528296800,528296800,202,340223139200,340223139200,133008,False
645,0.20183604531633365,0.9267466912896276,nan,nan,20,6498,528296800,528296800,212,340751436000,340751436000,133220,False
646,0.20199251774247012,0.9316873674644047,nan,nan,20,6602,528296800,528296800,218,341279732800,341279732800,133438,False
647,0.21486970246253437,0.9300847457627118,nan,nan,20,6136,528296800,528296800,199,341808029600,341808029600,133637,False
648,0.2065443378082434,0.9344383602190321,nan,nan,20,6757,528296800,528296800,219,342336326400,342336326400,133856,False
649,0.216019402831326,0.9238252267106348,nan,nan,20,6065,528296800,528296800,199,342864623200,342864623200,134055,False
650,0.23032885027010194,0.9201202151217969,0.31803798236288344,0.8997291502087801,20,6322,528296800,528296800,208,343392920000,343392920000,134263,False
651,0.17892054263344923,0.9362885048835462,nan,nan,20,6655,528296800,528296800,217,343921216800,343921216800,134480,False
652,0.18024593302959388,0.9375198223913733,nan,nan,20,6306,528296800,528296800,206,344449513600,344449513600,134686,False
653,0.2260165885878636,0.9276939822733634,nan,nan,20,6431,528296800,528296800,211,344977810400,344977810400,134897,False
654,0.21782903467589038,0.9250845819236346,nan,nan,20,6207,528296800,528296800,204,345506107200,345506107200,135101,False
655,0.235073580126275,0.9210702341137124,nan,nan,20,5980,528296800,528296800,196,346034404000,346034404000,135297,False
656,0.22779159602323926,0.9225529394343255,nan,nan,20,6753,528296800,528296800,220,346562700800,346562700800,135517,False
657,0.21799241944219366,0.930120855283545,nan,nan,20,6454,528296800,528296800,210,347090997600,347090997600,135727,False
658,0.2427523779094771,0.9177095834047659,nan,nan,20,5833,528296800,528296800,192,347619294400,347619294400,135919,False
659,0.2208827463627111,0.9255595199481025,nan,nan,20,6166,528296800,528296800,204,348147591200,348147591200,136123,False
660,0.2151216438433449,0.92642086620512,0.3199528522731461,0.8966256630177181,20,6211,528296800,528296800,204,348675888000,348675888000,136327,False
661,0.23422938519012684,0.9225604996096799,nan,nan,20,6405,528296800,528296800,210,349204184800,349204184800,136537,False
662,0.24561822135250308,0.9198275862068965,nan,nan,20,5800,528296800,528296800,192,349732481600,349732481600,136729,False
663,0.23776510229691555,0.9150405283698589,nan,nan,20,6662,528296800,528296800,218,350260778400,350260778400,136947,False
664,0.2750509521053741,0.9113458153304529,nan,nan,20,6249,528296800,528296800,205,350789075200,350789075200,137152,False
665,0.22367773938238986,0.9295296315163865,nan,nan,20,5889,528296800,528296800,196,351317372000,351317372000,137348,False
666,0.19612672635632922,0.9330291433617898,nan,nan,20,6794,528296800,528296800,220,351845668800,351845668800,137568,False
667,0.19549751574114227,0.9343197946549902,nan,nan,20,6623,528296800,528296800,218,352373965600,352373965600,137786,False
668,0.2836147767863196,0.907317859445519,nan,nan,20,6204,528296800,528296800,205,352902262400,352902262400,137991,False
669,0.20167342157774304,0.9291595463725338,nan,nan,20,6437,528296800,528296800,210,353430559200,353430559200,138201,False
670,0.251301399783303,0.9150559511698881,0.3139631837091843,0.9010833991648798,20,5898,528296800,528296800,193,353958856000,353958856000,138394,False
671,0.24634514086017884,0.9161490683229814,nan,nan,20,6440,528296800,528296800,210,354487152800,354487152800,138604,False
672,0.24996306689529563,0.9134347897234495,nan,nan,20,6111,528296800,528296800,198,355015449600,355015449600,138802,False
673,0.2464336770167604,0.9136392606755895,nan,nan,20,6276,528296800,528296800,206,355543746400,355543746400,139008,False
674,0.2202899631854512,0.9250260843642868,nan,nan,20,6709,528296800,528296800,219,356072043200,356072043200,139227,False
675,0.22836442211643737,0.9202636948673678,nan,nan,20,6371,528296800,528296800,211,356600340000,356600340000,139438,False
676,0.23533085843611595,0.9152810768012668,nan,nan,20,6315,528296800,528296800,205,357128636800,357128636800,139643,False
677,0.21980795104936948,0.9240465932663157,nan,nan,20,6267,528296800,528296800,206,357656933600,357656933600,139849,False
678,0.20942134462631262,0.9272396543883583,nan,nan,20,6597,528296800,528296800,216,358185230400,358185230400,140065,False
679,0.20284393810078227,0.9268255423159181,nan,nan,20,6546,528296800,528296800,214,358713527200,358713527200,140279,False
680,0.21709801880433904,0.9282637754344274,0.31350726821852815,0.8992777338900801,20,6733,528296800,528296800,219,359241824000,359241824000,140498,False
681,0.2064314035304714,0.9297059817505914,nan,nan,20,5918,528296800,528296800,196,359770120800,359770120800,140694,False
682,0.23062887799389561,0.9213427678130657,nan,nan,20,6077,528296800,528296800,199,360298417600,360298417600,140893,False
683,0.2570959885595902,0.9151771205719857,nan,nan,20,6154,528296800,528296800,202,360826714400,360826714400,141095,False
684,0.19772891594267591,0.9295238095238095,nan,nan,20,6825,528296800,528296800,223,361355011200,361355011200,141318,False
685,0.23811498427875444,0.914804469273743,nan,nan,20,6444,528296800,528296800,211,361883308000,361883308000,141529,False
686,0.2236871295704782,0.9258791988645324,nan,nan,20,6341,528296800,528296800,206,362411604800,362411604800,141735,False
687,0.20433038913766738,0.9272390935717589,nan,nan,20,6487,528296800,528296800,211,362939901600,362939901600,141946,False
688,0.2076893389372986,0.9264658244250081,nan,nan,20,6174,528296800,528296800,203,363468198400,363468198400,142149,False
689,0.22120503488978582,0.9253970800577571,nan,nan,20,6233,528296800,528296800,205,363996495200,363996495200,142354,False
690,0.22842990759206858,0.9216769580760481,0.31526422555768696,0.897302787495768,20,6154,528296800,528296800,200,364524792000,364524792000,142554,False
691,0.22585059523347276,0.9256425948592412,nan,nan,20,6536,528296800,528296800,212,365053088800,365053088800,142766,False
692,0.20278121457833279,0.9289436286120322,nan,nan,20,6333,528296800,528296800,207,365581385600,365581385600,142973,False
693,0.24448118318789355,0.9179420384239662,nan,nan,20,6142,528296800,528296800,202,366109682400,366109682400,143175,False
694,0.1925272847109534,0.9331838565022421,nan,nan,20,6690,528296800,528296800,219,366637979200,366637979200,143394,False
695,0.19720990497944307,0.9261400128452152,nan,nan,20,6228,528296800,528296800,204,367166276000,367166276000,143598,False
696,0.17306390198635727,0.9352789959171329,nan,nan,20,6613,528296800,528296800,215,367694572800,367694572800,143813,False
697,0.2273054662725282,0.9255555555555556,nan,nan,20,6300,528296800,528296800,205,368222869600,368222869600,144018,False
698,0.20787439860327192,0.928416798960889,nan,nan,20,6929,528296800,528296800,227,368751166400,368751166400,144245,False
699,0.2544618511802834,0.9111863313990973,nan,nan,20,6204,528296800,528296800,204,369279463200,369279463200,144449,False
700,0.1989967114702631,0.9333643988816402,0.3025671719677386,0.9026633562803296,20,6438,528296800,528296800,214,369807760000,369807760000,144663,False
701,0.21956917620676977,0.9208762465260749,nan,nan,20,6117,528296800,528296800,201,370336056800,370336056800,144864,False
702,0.21740649556358263,0.9256063812469477,nan,nan,20,6143,528296800,528296800,200,370864353600,370864353600,145064,False
703,0.2050133814787154,0.9264136328427576,nan,nan,20,6455,528296800,528296800,212,371392650400,371392650400,145276,False
704,0.18551538916827956,0.9377559377559378,nan,nan,20,6105,528296800,528296800,201,371920947200,371920947200,145477,False
705,0.1874692612776312,0.9325227963525836,nan,nan,20,6580,528296800,528296800,216,372449244000,372449244000,145693,False
706,0.22009732143258326,0.9276755171852094,nan,nan,20,6139,528296800,528296800,201,372977540800,372977540800,145894,False
707,0.2033601582608844,0.9282109718378643,nan,nan,20,6143,528296800,528296800,202,373505837600,373505837600,146096,False
708,0.20319390543581495,0.9289582669640013,nan,nan,20,6278,528296800,528296800,206,374034134400,374034134400,146302,False
709,0.2487521493743348,0.9169823232323232,nan,nan,20,6336,528296800,528296800,209,374562431200,374562431200,146511,False
710,0.25904122249800904,0.9142500779544745,0.31374167608644365,0.9011398262047173,20,6414,528296800,528296800,210,375090728000,375090728000,146721,False
711,0.1875104162932455,0.934304207119741,nan,nan,20,6180,528296800,528296800,202,375619024800,375619024800,146923,False
712,0.21304680103768606,0.9230892485178658,nan,nan,20,6241,528296800,528296800,207,376147321600,376147321600,147130,False
713,0.191489597179828,0.9321296147025633,nan,nan,20,6203,528296800,528296800,205,376675618400,376675618400,147335,False
714,0.21866581884387415,0.926875,nan,nan,20,6400,528296800,528296800,209,377203915200,377203915200,147544,False
715,0.22683288878997857,0.917728665913857,nan,nan,20,6199,528296800,528296800,204,377732212000,377732212000,147748,False
716,0.1980111399984496,0.9292828685258964,nan,nan,20,6024,528296800,528296800,196,378260508800,378260508800,147944,False
717,0.21182050475888184,0.9291021671826626,nan,nan,20,6460,528296800,528296800,212,378788805600,378788805600,148156,False
718,0.19413140700568823,0.9301016419077405,nan,nan,20,6395,528296800,528296800,209,379317102400,379317102400,148365,False
719,0.22022720623537057,0.9246782138884475,nan,nan,20,6293,528296800,528296800,207,379845399200,379845399200,148572,False
720,0.19236596269140568,0.9330136138613861,0.31556368219557823,0.8935786028664936,20,6464,528296800,528296800,212,380373696000,380373696000,148784,False
721,0.18943248792224984,0.9332493702770781,nan,nan,20,6352,528296800,528296800,210,380901992800,380901992800,148994,False
722,0.2426006357772842,0.9188673242125358,nan,nan,20,6286,528296800,528296800,207,381430289600,381430289600,149201,False
723,0.23665496210135906,0.9169836282454109,nan,nan,20,6047,528296800,528296800,201,381958586400,381958586400,149402,False
724,0.236328059441904,0.91910555738244,nan,nan,20,6082,528296800,528296800,199,382486883200,382486883200,149601,False
725,0.20445324712490548,0.9305186170212766,nan,nan,20,6016,528296800,528296800,198,383015180000,383015180000,149799,False
726,0.2054795885228947,0.9318441219631501,nan,nan,20,6133,528296800,528296800,201,383543476800,383543476800,150000,False
727,0.19698471665915734,0.9320674414797839,nan,nan,20,6109,528296800,528296800,198,384071773600,384071773600,150198,False
728,0.1967188953711429,0.9329200445080273,nan,nan,20,6291,528296800,528296800,205,384600070400,384600070400,150403,False
729,0.237572825160656,0.9212598425196851,nan,nan,20,6604,528296800,528296800,217,385128367200,385128367200,150620,False
730,0.22168706871541813,0.9251635551300462,0.3013937019586106,0.9031711996388669,20,6267,528296800,528296800,206,385656664000,385656664000,150826,False
731,0.20160766652725326,0.9321776155717761,nan,nan,20,6576,528296800,528296800,215,386184960800,386184960800,151041,False
732,0.20270139311979715,0.9317627944760357,nan,nan,20,6155,528296800,528296800,203,386713257600,386713257600,151244,False
733,0.17568074667989528,0.93562424969988,nan,nan,20,6664,528296800,528296800,214,387241554400,387241554400,151458,False
734,0.19247565099252567,0.9295728725138572,nan,nan,20,6134,528296800,528296800,202,387769851200,387769851200,151660,False
735,0.17692104199444,0.9398682042833608,nan,nan,20,6070,528296800,528296800,197,388298148000,388298148000,151857,False
736,0.24180375818626948,0.9163052208835342,nan,nan,20,6225,528296800,528296800,203,388826444800,388826444800,152060,False
737,0.21554156357574294,0.928639391056137,nan,nan,20,6306,528296800,528296800,205,389354741600,389354741600,152265,False
738,0.22523768586364318,0.9252960825994534,nan,nan,20,6586,528296800,528296800,216,389883038400,389883038400,152481,False
739,0.20486351252891122,0.9309545875810936,nan,nan,20,6474,528296800,528296800,213,390411335200,390411335200,152694,False
740,0.20556848334547248,0.9282799748901444,0.32375983065655317,0.8944250084640559,20,6372,528296800,528296800,211,390939632000,390939632000,152905,False
741,0.21117629803996976,0.9273413154010169,nan,nan,20,6097,528296800,528296800,198,391467928800,391467928800,153103,False
742,0.18257625904575958,0.935996435996436,nan,nan,20,6734,528296800,528296800,221,391996225600,391996225600,153324,False
743,0.1820801427416202,0.9379652605459057,nan,nan,20,6448,528296800,528296800,213,392524522400,392524522400,153537,False
744,0.2245482754760349,0.9238979118329467,nan,nan,20,6465,528296800,528296800,211,393052819200,393052819200,153748,False
745,0.18853726070391566,0.9377130461729161,nan,nan,20,6454,528296800,528296800,209,393581116000,393581116000,153957,False
746,0.2130196006116012,0.929778933680104,nan,nan,20,6152,528296800,528296800,203,394109412800,394109412800,154160,False
747,0.1884955491408184,0.9348723436783366,nan,nan,20,6541,528296800,528296800,215,394637709600,394637709600,154375,False
748,0.21425659470929873,0.929902688438067,nan,nan,20,6063,528296800,528296800,197,395166006400,395166006400,154572,False
749,0.21841727985260306,0.92542484738492,nan,nan,20,6061,528296800,528296800,200,395694303200,395694303200,154772,False
750,0.226028485210254,0.9211372482653579,0.304848168544314,0.9008012639656924,20,5909,528296800,528296800,194,396222600000,396222600000,154966,False
751,0.2181487560172871,0.9237719730573353,nan,nan,20,6087,528296800,528296800,201,396750896800,396750896800,155167,False
752,0.2002893703934026,0.9308042982741778,nan,nan,20,6142,528296800,528296800,201,397279193600,397279193600,155368,False
753,0.22109719187768836,0.9247460757156049,nan,nan,20,6498,528296800,528296800,211,397807490400,397807490400,155579,False
754,0.19495758865384372,0.9306930693069307,nan,nan,20,6262,528296800,528296800,203,398335787200,398335787200,155782,False
755,0.19750200680461977,0.9318031704095112,nan,nan,20,6056,528296800,528296800,199,398864084000,398864084000,155981,False
756,0.2522781209996288,0.9166103983794733,nan,nan,20,5924,528296800,528296800,192,399392380800,399392380800,156173,False
757,0.20242681285327782,0.9288183532369579,nan,nan,20,6364,528296800,528296800,209,399920677600,399920677600,156382,False
758,0.19554988115070246,0.9335305105853051,nan,nan,20,6424,528296800,528296800,209,400448974400,400448974400,156591,False
759,0.1936311763923729,0.9296169417626907,nan,nan,20,6422,528296800,528296800,210,400977271200,400977271200,156801,False
760,0.21417402426702617,0.9240757714634892,0.3018778837900266,0.9023247940413046,20,6546,528296800,528296800,215,401505568000,401505568000,157016,False
761,0.1956111717193821,0.931889568523723,nan,nan,20,6049,528296800,528296800,199,402033864800,402033864800,157215,False
762,0.21495422668025296,0.9241986936047395,nan,nan,20,6583,528296800,528296800,216,402562161600,402562161600,157431,False
763,0.23391049694524127,0.9204084940833198,nan,nan,20,6169,528296800,528296800,202,403090458400,403090458400,157633,False
764,0.2220171240012581,0.9241214057507987,nan,nan,20,6260,528296800,528296800,205,403618755200,403618755200,157838,False
765,0.22197970797098704,0.9196912465101001,nan,nan,20,6089,528296800,528296800,201,404147052000,404147052000,158039,False
766,0.23805894570625363,0.9186393126424689,nan,nan,20,5703,528296800,528296800,187,404675348800,404675348800,158226,False
767,0.19992721326939017,0.9270865653118213,nan,nan,20,6446,528296800,528296800,211,405203645600,405203645600,158437,False
768,0.21637867660933258,0.9230648699467252,nan,nan,20,6382,528296800,528296800,208,405731942400,405731942400,158645,False
769,0.24358659114616663,0.9193677151524828,nan,nan,20,6263,528296800,528296800,204,406260239200,406260239200,158849,False
770,0.2009731457059478,0.9325617283950617,0.31439557700807763,0.8983184742128428,20,6480,528296800,528296800,213,406788536000,406788536000,159062,False
771,0.21416937486501994,0.9269352951011537,nan,nan,20,5981,528296800,528296800,197,407316832800,407316832800,159259,False
772,0.1924399299657314,0.9320997094356935,nan,nan,20,6539,528296800,528296800,213,407845129600,407845129600,159472,False
773,0.2110495184954577,0.9305289993626513,nan,nan,20,6276,528296800,528296800,206,408373426400,408373426400,159678,False
774,0.24131468282960827,0.9170882976987106,nan,nan,20,6127,528296800,528296800,198,408901723200,408901723200,159876,False
775,0.21087184041566753,0.9271742926999651,nan,nan,20,5726,528296800,528296800,186,409430020000,409430020000,160062,False
776,0.21576231853853733,0.9245788064871674,nan,nan,20,6351,528296800,528296800,208,409958316800,409958316800,160270,False
777,0.2091966428716738,0.9273822736641827,nan,nan,20,6307,528296800,528296800,206,410486613600,410486613600,160476,False
778,0.22991982558671084,0.9220526144852225,nan,nan,20,6158,528296800,528296800,203,411014910400,411014910400,160679,False
779,0.1961545485126795,0.9275431102673628,nan,nan,20,6321,528296800,528296800,207,411543207200,411543207200,160886,False
780,0.19403430398600405,0.9324907521578298,0.2996921991773228,0.9045254485949668,20,6488,528296800,528296800,212,412071504000,412071504000,161098,False
781,0.18454725697951385,0.9356734434561627,nan,nan,20,6296,528296800,528296800,205,412599800800,412599800800,161303,False
782,0.2303371713639476,0.9215654167348943,nan,nan,20,6107,528296800,528296800,200,413128097600,413128097600,161503,False
783,0.2089163211290129,0.9269501278772379,nan,nan,20,6256,528296800,528296800,206,413656394400,413656394400,161709,False
784,0.20253142366895835,0.9285486950986632,nan,nan,20,6284,528296800,528296800,205,414184691200,414184691200,161914,False
785,0.2224268305336728,0.9220392156862746,nan,nan,20,6375,528296800,528296800,209,414712988000,414712988000,162123,False
786,0.17407575791099966,0.9366092636579573,nan,nan,20,6736,528296800,528296800,221,415241284800,415241284800,162344,False
787,0.18520964829151643,0.9353021768914599,nan,nan,20,6569,528296800,528296800,217,415769581600,415769581600,162561,False
788,0.2016934563827068,0.934043229497775,nan,nan,20,6292,528296800,528296800,207,416297878400,416297878400,162768,False
789,0.19911417162637698,0.9324894514767933,nan,nan,20,6162,528296800,528296800,203,416826175200,416826175200,162971,False
790,0.17654112217016799,0.9357617896009673,0.30862378507041993,0.9006319828461798,20,6616,528296800,528296800,216,417354472000,417354472000,163187,False
791,0.20054688623702022,0.9344806763285024,nan,nan,20,6624,528296800,528296800,218,417882768800,417882768800,163405,False
792,0.22809913182272756,0.922543352601156,nan,nan,20,6055,528296800,528296800,199,418411065600,418411065600,163604,False
793,0.23878369456558177,0.9140539697395103,nan,nan,20,6411,528296800,528296800,210,418939362400,418939362400,163814,False
794,0.21438733003912613,0.9300699300699301,nan,nan,20,6006,528296800,528296800,197,419467659200,419467659200,164011,False
795,0.20514113052800198,0.9237116612174996,nan,nan,20,6423,528296800,528296800,211,419995956000,419995956000,164222,False
796,0.18694735699255058,0.9357049608355091,nan,nan,20,6128,528296800,528296800,202,420524252800,420524252800,164424,False
797,0.2047725253069747,0.9247773012207192,nan,nan,20,6062,528296800,528296800,200,421052549600,421052549600,164624,False
798,0.19764572662689375,0.9269236723951076,nan,nan,20,6459,528296800,528296800,211,421580846400,421580846400,164835,False
799,0.1810763728373419,0.935405240706886,nan,nan,20,6564,528296800,528296800,215,422109143200,422109143200,165050,False
800,0.19438270116595932,0.9316279804200222,0.3078432687113751,0.9012526802843923,20,6333,528296800,528296800,209,422637440000,422637440000,165259,False
801,0.17256057069786793,0.9352208032004924,nan,nan,20,6499,528296800,528296800,214,423165736800,423165736800,165473,False
802,0.22140221312748695,0.9272088353413654,nan,nan,20,5976,528296800,528296800,195,423694033600,423694033600,165668,False
803,0.2169645735094364,0.9226899211806138,nan,nan,20,5963,528296800,528296800,197,424222330400,424222330400,165865,False
804,0.21978194390524985,0.9228795895462563,nan,nan,20,6237,528296800,528296800,203,424750627200,424750627200,166068,False
805,0.22164224877686717,0.917144678138942,nan,nan,20,6276,528296800,528296800,207,425278924000,425278924000,166275,False
806,0.18302558929292417,0.9338308457711443,nan,nan,20,6030,528296800,528296800,199,425807220800,425807220800,166474,False
807,0.1995618088808188,0.9297520661157025,nan,nan,20,6050,528296800,528296800,199,426335517600,426335517600,166673,False
808,0.20809323851001552,0.9265345577573707,nan,nan,20,6207,528296800,528296800,207,426863814400,426863814400,166880,False
809,0.19704966207535468,0.9282027929568913,nan,nan,20,6588,528296800,528296800,215,427392111200,427392111200,167095,False
810,0.18453562118019248,0.9351691581431943,0.31516158609704525,0.8990520257307302,20,6355,528296800,528296800,207,427920408000,427920408000,167302,False
811,0.20463631236445037,0.927741935483871,nan,nan,20,6200,528296800,528296800,203,428448704800,428448704800,167505,False
812,0.22146955379446195,0.9213923843765321,nan,nan,20,6119,528296800,528296800,201,428977001600,428977001600,167706,False
813,0.18483623344758507,0.9291044776119403,nan,nan,20,6164,528296800,528296800,203,429505298400,429505298400,167909,False
814,0.2209850527171359,0.9276832460732984,nan,nan,20,6112,528296800,528296800,199,430033595200,430033595200,168108,False
815,0.17772187913104281,0.9391521977162521,nan,nan,20,6393,528296800,528296800,210,430561892000,430561892000,168318,False
816,0.17436917198578478,0.9368775854144323,nan,nan,20,6527,528296800,528296800,214,431090188800,431090188800,168532,False
817,0.1957462677288706,0.932274638019617,nan,nan,20,6423,528296800,528296800,210,431618485600,431618485600,168742,False
818,0.18856580355506358,0.9322404371584699,nan,nan,20,6405,528296800,528296800,211,432146782400,432146782400,168953,False
819,0.21254546579669592,0.926757051581736,nan,nan,20,6417,528296800,528296800,209,432675079200,432675079200,169162,False
820,0.16865180691026496,0.9396660365469439,0.30092076519154193,0.9039047511567543,20,6348,528296800,528296800,208,433203376000,433203376000,169370,False
821,0.17828400741053257,0.9368354229487383,nan,nan,20,6301,528296800,528296800,208,433731672800,433731672800,169578,False
822,0.21111561439917406,0.9249061326658323,nan,nan,20,6392,528296800,528296800,206,434259969600,434259969600,169784,False
823,0.20192898483854485,0.9303710490151168,nan,nan,20,6549,528296800,528296800,213,434788266400,434788266400,169997,False
824,0.1865579646735369,0.9359310026182042,nan,nan,20,6493,528296800,528296800,211,435316563200,435316563200,170208,False
825,0.17049768017122507,0.9403921568627451,nan,nan,20,6375,528296800,528296800,209,435844860000,435844860000,170417,False
826,0.20967864860263494,0.9264382269726501,nan,nan,20,6362,528296800,528296800,209,436373156800,436373156800,170626,False
827,0.19795410360606586,0.9302984825746207,nan,nan,20,5997,528296800,528296800,196,436901453600,436901453600,170822,False
828,0.2034795930102312,0.9276803776129467,nan,nan,20,5932,528296800,528296800,196,437429750400,437429750400,171018,False
829,0.1909864830675157,0.9297774972384409,nan,nan,20,6337,528296800,528296800,206,437958047200,437958047200,171224,False
830,0.17474383430749982,0.9329098233653548,0.3057901158436146,0.9004627017266674,20,6454,528296800,528296800,210,438486344000,438486344000,171434,False
831,0.17127906172524285,0.9361302442078898,nan,nan,20,6388,528296800,528296800,211,439014640800,439014640800,171645,False
832,0.18899877116499703,0.9335002347050539,nan,nan,20,6391,528296800,528296800,210,439542937600,439542937600,171855,False
833,0.20139374538188204,0.9298943823664473,nan,nan,20,6533,528296800,528296800,214,440071234400,440071234400,172069,False
834,0.21205057798579888,0.9251992642550583,nan,nan,20,6524,528296800,528296800,213,440599531200,440599531200,172282,False
835,0.21927150724215166,0.9230115567641061,nan,nan,20,5884,528296800,528296800,193,441127828000,441127828000,172475,False
836,0.21840310874000443,0.9252696456086287,nan,nan,20,6490,528296800,528296800,213,441656124800,441656124800,172688,False
837,0.15821351490326802,0.9457957957957958,nan,nan,20,6660,528296800,528296800,219,442184421600,442184421600,172907,False
838,0.19402015738676304,0.9333333333333333,nan,nan,20,6195,528296800,528296800,203,442712718400,442712718400,173110,False
839,0.22765240872104914,0.9194541521051756,nan,nan,20,6009,528296800,528296800,196,443241015200,443241015200,173306,False
840,0.17672705926530602,0.9370551953186779,0.3033148915251603,0.9040176052364293,20,6323,528296800,528296800,208,443769312000,443769312000,173514,False
841,0.19582315596764346,0.9327029156816391,nan,nan,20,6345,528296800,528296800,208,444297608800,444297608800,173722,False
842,0.20270887745382982,0.9293556085918855,nan,nan,20,6285,528296800,528296800,207,444825905600,444825905600,173929,False
843,0.17622604535874486,0.937431906614786,nan,nan,20,6425,528296800,528296800,211,445354202400,445354202400,174140,False
844,0.19346492324288336,0.9348212841662623,nan,nan,20,6183,528296800,528296800,203,445882499200,445882499200,174343,False
845,0.16970394355080443,0.9386281588447654,nan,nan,20,6371,528296800,528296800,209,446410796000,446410796000,174552,False
846,0.17313268486961375,0.9359137055837563,nan,nan,20,6304,528296800,528296800,206,446939092800,446939092800,174758,False
847,0.19585120450028745,0.9311140408701384,nan,nan,20,6068,528296800,528296800,197,447467389600,447467389600,174955,False
848,0.20460037056169436,0.9245312746179297,nan,nan,20,6347,528296800,528296800,207,447995686400,447995686400,175162,False
849,0.18483945082103462,0.9333652160051013,nan,nan,20,6273,528296800,528296800,204,448523983200,448523983200,175366,False
850,0.20082734128684532,0.931050511310815,0.29893994432259274,0.9021555129217921,20,6454,528296800,528296800,209,449052280000,449052280000,175575,False
851,0.1699720468549624,0.9411207576953433,nan,nan,20,6335,528296800,528296800,208,449580576800,449580576800,175783,False
852,0.19331504027627205,0.9309996634129922,nan,nan,20,5942,528296800,528296800,192,450108873600,450108873600,175975,False
853,0.19698243304613058,0.9295571245186136,nan,nan,20,6232,528296800,528296800,204,450637170400,450637170400,176179,False
854,0.16366066293724438,0.9434994823250998,nan,nan,20,6761,528296800,528296800,220,451165467200,451165467200,176399,False
855,0.2190159797674534,0.9262642740619902,nan,nan,20,6130,528296800,528296800,201,451693764000,451693764000,176600,False
856,0.18459039314636283,0.9343568854770484,nan,nan,20,6383,528296800,528296800,210,452222060800,452222060800,176810,False
857,0.25055857757372946,0.9144508670520232,nan,nan,20,6055,528296800,528296800,202,452750357600,452750357600,177012,False
858,0.18725416915464954,0.937028533945556,nan,nan,20,6098,528296800,528296800,199,453278654400,453278654400,177211,False
859,0.15908474984785748,0.9436575385583884,nan,nan,20,6354,528296800,528296800,210,453806951200,453806951200,177421,False
860,0.2099306277809778,0.9316266000624415,0.29194493879180583,0.9068953842681413,20,6406,528296800,528296800,210,454335248000,454335248000,177631,False
861,0.19505606606343548,0.9323487374940448,nan,nan,20,6297,528296800,528296800,207,454863544800,454863544800,177838,False
862,0.20059998632264772,0.9306770327178491,nan,nan,20,6174,528296800,528296800,203,455391841600,455391841600,178041,False
863,0.21162697677650136,0.9278403275332651,nan,nan,20,5862,528296800,528296800,192,455920138400,455920138400,178233,False
864,0.19029574688227,0.9349358974358974,nan,nan,20,6240,528296800,528296800,205,456448435200,456448435200,178438,False
865,0.18495201441803982,0.9359795134443022,nan,nan,20,6248,528296800,528296800,203,456976732000,456976732000,178641,False
866,0.2059760300098865,0.9298952457695407,nan,nan,20,6205,528296800,528296800,205,457505028800,457505028800,178846,False
867,0.20656329731402173,0.9231610182726847,nan,nan,20,6403,528296800,528296800,210,458033325600,458033325600,179056,False
868,0.18610962327496255,0.9331663797151354,nan,nan,20,6389,528296800,528296800,209,458561622400,458561622400,179265,False
869,0.23033103562068946,0.9218074026598302,nan,nan,20,6241,528296800,528296800,203,459089919200,459089919200,179468,False
870,0.17820518849414554,0.9385113268608414,0.2944175499534381,0.9071210924274913,20,6180,528296800,528296800,203,459618216000,459618216000,179671,False
871,0.19854609805207488,0.9308085650367529,nan,nan,20,6258,528296800,528296800,206,460146512800,460146512800,179877,False
872,0.19389570855974467,0.9316912972085386,nan,nan,20,6090,528296800,528296800,199,460674809600,460674809600,180076,False
873,0.17416035412131398,0.9431524547803618,nan,nan,20,6579,528296800,528296800,216,461203106400,461203106400,180292,False
874,0.1923911475402165,0.9344453711426188,nan,nan,20,5995,528296800,528296800,197,461731403200,461731403200,180489,False
875,0.16671219897882875,0.9388195407612884,nan,nan,20,6489,528296800,528296800,212,462259700000,462259700000,180701,False
876,0.18883026768558384,0.93551276309897,nan,nan,20,6699,528296800,528296800,219,462787996800,462787996800,180920,False
877,0.1895574595391508,0.9326829268292683,nan,nan,20,6150,528296800,528296800,201,463316293600,463316293600,181121,False
878,0.19480578525737827,0.9312697620236312,nan,nan,20,6009,528296800,528296800,199,463844590400,463844590400,181320,False
879,0.17944859069526736,0.9400964680255174,nan,nan,20,6427,528296800,528296800,211,464372887200,464372887200,181531,False
880,0.1793722703212501,0.9381505506109519,0.2927814154939207,0.9064439679494414,20,6629,528296800,528296800,216,464901184000,464901184000,181747,False
881,0.18159497219226398,0.9354577806535102,nan,nan,20,6182,528296800,528296800,203,465429480800,465429480800,181950,False
882,0.1684924237327337,0.940337827367116,nan,nan,20,6453,528296800,528296800,211,465957777600,465957777600,182161,False
883,0.18680595236285502,0.9339741569492593,nan,nan,20,6346,528296800,528296800,208,466486074400,466486074400,182369,False
884,0.18592076957692838,0.9316092849353482,nan,nan,20,6419,528296800,528296800,211,467014371200,467014371200,182580,False
885,0.1858980542509611,0.9376706827309237,nan,nan,20,6225,528296800,528296800,202,467542668000,467542668000,182782,False
886,0.21493528592137628,0.9284375532458681,nan,nan,20,5869,528296800,528296800,191,468070964800,468070964800,182973,False
887,0.16988781249427723,0.9390436985433819,nan,nan,20,6316,528296800,528296800,205,468599261600,468599261600,183178,False
888,0.1870355450344888,0.9357827995447895,nan,nan,20,6151,528296800,528296800,200,469127558400,469127558400,183378,False
889,0.1596091493258964,0.9381409196162752,nan,nan,20,6046,528296800,528296800,199,469655855200,469655855200,183577,False
890,0.18165573868481596,0.9364082133006436,0.2840491064399861,0.908588195463266,20,6526,528296800,528296800,215,470184152000,470184152000,183792,False
891,0.231369996993033,0.9202360876897133,nan,nan,20,5930,528296800,528296800,193,470712448800,470712448800,183985,False
892,0.15577157974420217,0.9473233404710921,nan,nan,20,7005,528296800,528296800,230,471240745600,471240745600,184215,False
893,0.19030902921540682,0.9315960912052117,nan,nan,20,6140,528296800,528296800,201,471769042400,471769042400,184416,False
894,0.19063449577949532,0.9355764630840376,nan,nan,20,6271,528296800,528296800,206,472297339200,472297339200,184622,False
895,0.17541116449087057,0.939036067666773,nan,nan,20,6266,528296800,528296800,202,472825636000,472825636000,184824,False
896,0.17392121693880955,0.9426472886388498,nan,nan,20,6399,528296800,528296800,208,473353932800,473353932800,185032,False
897,0.16829566177740993,0.9406805179162903,nan,nan,20,6642,528296800,528296800,217,473882229600,473882229600,185249,False
898,0.16793984808249793,0.9416169952621122,nan,nan,20,6543,528296800,528296800,213,474410526400,474410526400,185462,False
899,0.18660470911419774,0.9346864031741188,nan,nan,20,6553,528296800,528296800,214,474938823200,474938823200,185676,False
900,0.16021902779896793,0.945333980268478,0.2943188596183459,0.9042997404356168,20,6183,528296800,528296800,204,475467120000,475467120000,185880,False
901,0.18302768065559555,0.934004647560031,nan,nan,20,6455,528296800,528296800,212,475995416800,475995416800,186092,False
902,0.14417125623187035,0.9494047619047619,nan,nan,20,6048,528296800,528296800,198,476523713600,476523713600,186290,False
903,0.17178888389326147,0.940768162887552,nan,nan,20,6483,528296800,528296800,212,477052010400,477052010400,186502,False
904,0.19394806718089938,0.9332906734922413,nan,nan,20,6251,528296800,528296800,205,477580307200,477580307200,186707,False
905,0.21294737176488865,0.9280727390810196,nan,nan,20,6159,528296800,528296800,202,478108604000,478108604000,186909,False
906,0.1884050064818673,0.9317160826594789,nan,nan,20,6678,528296800,528296800,215,478636900800,478636900800,187124,False
907,0.1799863247058891,0.9356743318831573,nan,nan,20,6436,528296800,528296800,212,479165197600,479165197600,187336,False
908,0.189458667431064,0.9281503903138442,nan,nan,20,6277,528296800,528296800,206,479693494400,479693494400,187542,False
909,0.1862081506385191,0.9359975501454602,nan,nan,20,6531,528296800,528296800,215,480221791200,480221791200,187757,False
910,0.18040249474751463,0.9351343101343101,0.288458066467049,0.9094346010608283,20,6552,528296800,528296800,214,480750088000,480750088000,187971,False
911,0.17789726723663532,0.9373708472420919,nan,nan,20,6291,528296800,528296800,206,481278384800,481278384800,188177,False
912,0.16741643495131242,0.9414965986394558,nan,nan,20,6615,528296800,528296800,214,481806681600,481806681600,188391,False
913,0.18192179392454194,0.935478680611424,nan,nan,20,6215,528296800,528296800,203,482334978400,482334978400,188594,False
914,0.2252589981129589,0.9237897427704106,nan,nan,20,6259,528296800,528296800,203,482863275200,482863275200,188797,False
915,0.18690964760795525,0.9384316267012314,nan,nan,20,6172,528296800,528296800,201,483391572000,483391572000,188998,False
916,0.1927352561880968,0.9325304925119654,nan,nan,20,6477,528296800,528296800,212,483919868800,483919868800,189210,False
917,0.21266710919091955,0.9254242819843342,nan,nan,20,6128,528296800,528296800,201,484448165600,484448165600,189411,False
918,0.19011782441628786,0.9367356921571824,nan,nan,20,6133,528296800,528296800,201,484976462400,484976462400,189612,False
919,0.20192361588540955,0.9316102103066303,nan,nan,20,6229,528296800,528296800,206,485504759200,485504759200,189818,False
920,0.20319159815319293,0.9310510318349065,0.3047990890903191,0.9015912425234173,20,6251,528296800,528296800,204,486033056000,486033056000,190022,False
921,0.24046437223080355,0.9130289903365545,nan,nan,20,6002,528296800,528296800,196,486561352800,486561352800,190218,False
922,0.1872271246958748,0.9342701014832162,nan,nan,20,6405,528296800,528296800,210,487089649600,487089649600,190428,False
923,0.19800574831271897,0.9324802155244991,nan,nan,20,5939,528296800,528296800,195,487617946400,487617946400,190623,False
924,0.18087733328621125,0.9333002317113539,nan,nan,20,6042,528296800,528296800,197,488146243200,488146243200,190820,False
925,0.1718054023939688,0.9402330155848085,nan,nan,20,6609,528296800,528296800,216,488674540000,488674540000,191036,False
926,0.18109672645141384,0.9362194315928619,nan,nan,20,6052,528296800,528296800,197,489202836800,489202836800,191233,False
927,0.18439840169434185,0.9354521625163827,nan,nan,20,6104,528296800,528296800,198,489731133600,489731133600,191431,False
928,0.17381193184895954,0.9370031498425079,nan,nan,20,6667,528296800,528296800,219,490259430400,490259430400,191650,False
929,0.1894996580807028,0.9307308970099668,nan,nan,20,6020,528296800,528296800,196,490787727200,490787727200,191846,False
930,0.1807853448490332,0.9394844388557058,0.3014862271312289,0.9052025730730165,20,6362,528296800,528296800,208,491316024000,491316024000,192054,False
931,0.18921946639569617,0.9349786426198387,nan,nan,20,6321,528296800,528296800,205,491844320800,491844320800,192259,False
932,0.18901204112426856,0.9373385012919897,nan,nan,20,6192,528296800,528296800,203,492372617600,492372617600,192462,False
933,0.16639162533368945,0.9442108667529108,nan,nan,20,6184,528296800,528296800,203,492900914400,492900914400,192665,False
934,0.17535015463249246,0.9351307189542484,nan,nan,20,6120,528296800,528296800,200,493429211200,493429211200,192865,False
935,0.18871446550854307,0.935419106575205,nan,nan,20,5977,528296800,528296800,196,493957508000,493957508000,193061,False
936,0.2099383974446709,0.9313081972217983,nan,nan,20,6551,528296800,528296800,214,494485804800,494485804800,193275,False
937,0.19001331770888782,0.93584036838066,nan,nan,20,6515,528296800,528296800,215,495014101600,495014101600,193490,False
938,0.18167413575855038,0.9370029627319507,nan,nan,20,6413,528296800,528296800,208,495542398400,495542398400,193698,False
939,0.1724072227645168,0.9386735572782084,nan,nan,20,5805,528296800,528296800,193,496070695200,496070695200,193891,False
940,0.1593842917656458,0.9446428571428571,0.2902698616769752,0.9081932061844036,20,6160,528296800,528296800,202,496598992000,496598992000,194093,False
941,0.20516175681659327,0.9281214666451301,nan,nan,20,6191,528296800,528296800,203,497127288800,497127288800,194296,False
942,0.17169848855432293,0.9403734504942727,nan,nan,20,6373,528296800,528296800,208,497655585600,497655585600,194504,False
943,0.17933102983501498,0.9341471249598458,nan,nan,20,6226,528296800,528296800,203,498183882400,498183882400,194707,False
944,0.22053137361809352,0.9213206307490145,nan,nan,20,6088,528296800,528296800,199,498712179200,498712179200,194906,False
945,0.1934617669958246,0.930378726833199,nan,nan,20,6205,528296800,528296800,203,499240476000,499240476000,195109,False
946,0.23850907486645004,0.9253537160513905,nan,nan,20,6149,528296800,528296800,202,499768772800,499768772800,195311,False
947,0.17997332365099017,0.9348502209854314,nan,nan,20,6109,528296800,528296800,199,500297069600,500297069600,195510,False
948,0.17769645866694708,0.9393639808864722,nan,nan,20,6069,528296800,528296800,200,500825366400,500825366400,195710,False
949,0.1809282655842645,0.937312936481543,nan,nan,20,6014,528296800,528296800,197,501353663200,501353663200,195907,False
950,0.16302658496291467,0.9431532663316583,0.30925387556431,0.9043561674754542,20,6368,528296800,528296800,210,501881960000,501881960000,196117,False
951,0.18626069589036454,0.9340035673747366,nan,nan,20,6167,528296800,528296800,200,502410256800,502410256800,196317,False
952,0.20838480513227273,0.9299309415529728,nan,nan,20,5937,528296800,528296800,195,502938553600,502938553600,196512,False
953,0.16647344707914813,0.9413765182186234,nan,nan,20,6175,528296800,528296800,202,503466850400,503466850400,196714,False
954,0.20823587044934003,0.9274206672091131,nan,nan,20,6145,528296800,528296800,202,503995147200,503995147200,196916,False
955,0.1834877114563664,0.9338896020539152,nan,nan,20,6232,528296800,528296800,202,504523444000,504523444000,197118,False
956,0.18036350051603603,0.9349581111957349,nan,nan,20,6565,528296800,528296800,214,505051740800,505051740800,197332,False
957,0.22969025424004016,0.9212074303405573,nan,nan,20,6460,528296800,528296800,211,505580037600,505580037600,197543,False
958,0.2022152046686878,0.9315332690453231,nan,nan,20,6222,528296800,528296800,205,506108334400,506108334400,197748,False
959,0.2097076421114214,0.9335822056307357,nan,nan,20,6429,528296800,528296800,210,506636631200,506636631200,197958,False
960,0.16569486309985013,0.9425514403292181,0.28691825830644496,0.9088703306624535,20,6075,528296800,528296800,199,507164928000,507164928000,198157,False
961,0.15809666008339712,0.9454778704297627,nan,nan,20,6236,528296800,528296800,205,507693224800,507693224800,198362,False
962,0.16628028233978517,0.9417882905552759,nan,nan,20,5961,528296800,528296800,193,508221521600,508221521600,198555,False
963,0.1678322581970871,0.941338642977485,nan,nan,20,6529,528296800,528296800,215,508749818400,508749818400,198770,False
964,0.2017467907005877,0.9306866254474455,nan,nan,20,6146,528296800,528296800,204,509278115200,509278115200,198974,False
965,0.17791285895355655,0.9336963484945547,nan,nan,20,6244,528296800,528296800,208,509806412000,509806412000,199182,False
966,0.1500299507683756,0.943718112244898,nan,nan,20,6272,528296800,528296800,203,510334708800,510334708800,199385,False
967,0.18308050716335944,0.9334843825861789,nan,nan,20,6179,528296800,528296800,202,510863005600,510863005600,199587,False
968,0.18685957549505447,0.9347932668736721,nan,nan,20,6119,528296800,528296800,204,511391302400,511391302400,199791,False
969,0.16547991786948527,0.9397024275646045,nan,nan,20,6385,528296800,528296800,208,511919599200,511919599200,199999,False
970,0.1584796529505369,0.9429216381812319,0.30057142420824595,0.9051461460331791,20,6202,528296800,528296800,204,512447896000,512447896000,200203,False
971,0.15949843428191204,0.9427207637231504,nan,nan,20,6285,528296800,528296800,206,512976192800,512976192800,200409,False
972,0.1931052316018654,0.9322061453422208,nan,nan,20,6151,528296800,528296800,202,513504489600,513504489600,200611,False
973,0.17841096247691374,0.9363241678726484,nan,nan,20,6219,528296800,528296800,206,514032786400,514032786400,200817,False
974,0.1652374637215599,0.9403785959159339,nan,nan,20,6709,528296800,528296800,220,514561083200,514561083200,201037,False
975,0.19490532679496309,0.9319981369352585,nan,nan,20,6441,528296800,528296800,212,515089380000,515089380000,201249,False
976,0.18638339131686182,0.933456561922366,nan,nan,20,5951,528296800,528296800,195,515617676800,515617676800,201444,False
977,0.17463872587883242,0.9331941544885177,nan,nan,20,6227,528296800,528296800,203,516145973600,516145973600,201647,False
978,0.17176417261713572,0.9370970278345652,nan,nan,20,6359,528296800,528296800,207,516674270400,516674270400,201854,False
979,0.16459343056694664,0.9420557867159809,nan,nan,20,6489,528296800,528296800,211,517202567200,517202567200,202065,False
980,0.1738977455269403,0.9397345823575332,0.29021946849584607,0.908023925064891,20,6405,528296800,528296800,212,517730864000,517730864000,202277,False
981,0.17923157266629955,0.9368369511996083,nan,nan,20,6127,528296800,528296800,201,518259160800,518259160800,202478,False
982,0.2084314717671345,0.9316053511705685,nan,nan,20,5980,528296800,528296800,199,518787457600,518787457600,202677,False
983,0.14954069928271715,0.9519862370972787,nan,nan,20,6394,528296800,528296800,209,519315754400,519315754400,202886,False
984,0.17345315650251525,0.9372404982433727,nan,nan,20,6262,528296800,528296800,205,519844051200,519844051200,203091,False
985,0.18341415507005746,0.9342168289956889,nan,nan,20,6263,528296800,528296800,206,520372348000,520372348000,203297,False
986,0.18310463094094956,0.930995837335895,nan,nan,20,6246,528296800,528296800,202,520900644800,520900644800,203499,False
987,0.16495290993237124,0.940799210656142,nan,nan,20,6081,528296800,528296800,200,521428941600,521428941600,203699,False
988,0.18004620491540865,0.9356419470761189,nan,nan,20,6122,528296800,528296800,201,521957238400,521957238400,203900,False
989,0.1522428221172745,0.9458401305057096,nan,nan,20,6130,528296800,528296800,199,522485535200,522485535200,204099,False
990,0.17821909689935564,0.9381977026371138,0.2933200697586211,0.9053718541925291,20,6181,528296800,528296800,203,523013832000,523013832000,204302,False
991,0.1909062712482775,0.9333220223956566,nan,nan,20,5894,528296800,528296800,192,523542128800,523542128800,204494,False
992,0.16971065611455885,0.9406225059856345,nan,nan,20,6265,528296800,528296800,206,524070425600,524070425600,204700,False
993,0.1578752600062563,0.9444360789037796,nan,nan,20,6641,528296800,528296800,217,524598722400,524598722400,204917,False
994,0.14614793929434325,0.9484679665738162,nan,nan,20,6462,528296800,528296800,211,525127019200,525127019200,205128,False
995,0.16895297212804924,0.9422365245374095,nan,nan,20,6215,528296800,528296800,205,525655316000,525655316000,205333,False
996,0.18067704625929248,0.9378522229179712,nan,nan,20,6388,528296800,528296800,207,526183612800,526183612800,205540,False
997,0.17544011341447424,0.9375989863794741,nan,nan,20,6314,528296800,528296800,205,526711909600,526711909600,205745,False
998,0.14057710617090988,0.950238379022646,nan,nan,20,6712,528296800,528296800,222,527240206400,527240206400,205967,False
999,0.161621795484871,0.9432354283975042,nan,nan,20,6571,528296800,528296800,215,527768503200,527768503200,206182,False
1000,0.17664168750778358,0.9399579219938501,0.2885847552280611,0.9104502877779032,20,6179,528296800,528296800,201,528296800000,528296800000,206383,True
