round,train_loss,train_accuracy,test_loss,test_accuracy,num_fit_clients,num_fit_examples,round_upload_bytes,round_download_bytes,round_local_steps,cumulative_upload_bytes,cumulative_download_bytes,cumulative_local_steps,run_completed
1,4.098278190744433,0.04681170292573143,nan,nan,20,6665,528296800,528296800,218,528296800,528296800,218,False
2,3.7534520850197537,0.06723456038941283,nan,nan,20,6574,528296800,528296800,216,1056593600,1056593600,434,False
3,3.768282506892261,0.05639945856519778,nan,nan,20,6649,528296800,528296800,215,1584890400,1584890400,649,False
4,3.7104737359603117,0.06187399030694669,nan,nan,20,6190,528296800,528296800,202,2113187200,2113187200,851,False
5,3.7250103704806503,0.0720360180090045,nan,nan,20,5997,528296800,528296800,196,2641484000,2641484000,1047,False
6,3.7327582505703965,0.06313090850825188,nan,nan,20,6241,528296800,528296800,205,3169780800,3169780800,1252,False
7,3.713631515300788,0.06298258894776684,nan,nan,20,6605,528296800,528296800,216,3698077600,3698077600,1468,False
8,3.726817248412861,0.06606304493628437,nan,nan,20,5964,528296800,528296800,196,4226374400,4226374400,1664,False
9,3.701662984215059,0.06755358462675536,nan,nan,20,6765,528296800,528296800,221,4754671200,4754671200,1885,False
10,3.683145372831967,0.06775313113022484,3.6673643855663283,0.05907911070985216,20,6627,528296800,528296800,216,5282968000,5282968000,2101,False
11,3.6516252235221534,0.06264719736222327,nan,nan,20,6369,528296800,528296800,206,5811264800,5811264800,2307,False
12,3.61384126295144,0.08163582646555746,nan,nan,20,6431,528296800,528296800,212,6339561600,6339561600,2519,False
13,3.6197534846391712,0.07678799489144317,nan,nan,20,6264,528296800,528296800,205,6867858400,6867858400,2724,False
14,3.576750416423294,0.10048244884378639,nan,nan,20,6011,528296800,528296800,200,7396155200,7396155200,2924,False
15,3.57269496619235,0.10359937402190923,nan,nan,20,6390,528296800,528296800,212,7924452000,7924452000,3136,False
16,3.556776282446067,0.10964417968121075,nan,nan,20,6211,528296800,528296800,204,8452748800,8452748800,3340,False
17,3.476949129124669,0.11630540278227111,nan,nan,20,6182,528296800,528296800,203,8981045600,8981045600,3543,False
18,3.4512294889672184,0.12663060769965,nan,nan,20,6286,528296800,528296800,206,9509342400,9509342400,3749,False
19,3.3612029532680254,0.14757498404594768,nan,nan,20,6268,528296800,528296800,206,10037639200,10037639200,3955,False
20,3.3539142094605356,0.14862096138691883,3.274059429325835,0.20499943572960164,20,6345,528296800,528296800,209,10565936000,10565936000,4164,False
21,3.194477664387312,0.20921689764568374,nan,nan,20,5989,528296800,528296800,196,11094232800,11094232800,4360,False
22,3.2249410068256896,0.1905952194969536,nan,nan,20,6401,528296800,528296800,207,11622529600,11622529600,4567,False
23,3.0497250454004856,0.2518118735543562,nan,nan,20,6485,528296800,528296800,214,12150826400,12150826400,4781,False
24,2.996634853754512,0.2540685732343182,nan,nan,20,6329,528296800,528296800,207,12679123200,12679123200,4988,False
25,2.8380543380419208,0.29620090148100453,nan,nan,20,6212,528296800,528296800,203,13207420000,13207420000,5191,False
26,2.7570762381281955,0.31994238156209986,nan,nan,20,6248,528296800,528296800,204,13735716800,13735716800,5395,False
27,2.728597534784479,0.3185328185328185,nan,nan,20,6216,528296800,528296800,203,14264013600,14264013600,5598,False
28,2.569136266557068,0.3401773215118992,nan,nan,20,6429,528296800,528296800,209,14792310400,14792310400,5807,False
29,2.5206533519315046,0.3541489903275072,nan,nan,20,5893,528296800,528296800,195,15320607200,15320607200,6002,False
30,2.380479077628491,0.38013123760109874,2.483405864772833,0.3647443855095362,20,6553,528296800,528296800,215,15848904000,15848904000,6217,False
31,2.436864231305866,0.3639250555731978,nan,nan,20,6298,528296800,528296800,204,16377200800,16377200800,6421,False
32,2.277315402015924,0.40195306347456294,nan,nan,20,6349,528296800,528296800,207,16905497600,16905497600,6628,False
33,2.1699595157844525,0.43670502725620836,nan,nan,20,6604,528296800,528296800,215,17433794400,17433794400,6843,False
34,2.192317167577127,0.4230585993330157,nan,nan,20,6297,528296800,528296800,205,17962091200,17962091200,7048,False
35,2.1185653092033565,0.4510768187213838,nan,nan,20,5897,528296800,528296800,193,18490388000,18490388000,7241,False
36,1.9785143822754876,0.47882300490414625,nan,nan,20,6729,528296800,528296800,219,19018684800,19018684800,7460,False
37,1.9443162389361883,0.4878636875100466,nan,nan,20,6221,528296800,528296800,204,19546981600,19546981600,7664,False
38,1.9971088862983861,0.4723656240510173,nan,nan,20,6586,528296800,528296800,216,20075278400,20075278400,7880,False
39,1.8925722516401853,0.4926700708285291,nan,nan,20,6071,528296800,528296800,199,20603575200,20603575200,8079,False
40,1.8587928600811732,0.5087719298245614,1.9770700037714832,0.48877101907233944,20,6441,528296800,528296800,212,21131872000,21131872000,8291,False
41,1.70748440344524,0.5502661596958175,nan,nan,20,6575,528296800,528296800,215,21660168800,21660168800,8506,False
42,1.6440221457240498,0.5640596469872186,nan,nan,20,6572,528296800,528296800,216,22188465600,22188465600,8722,False
43,1.607128886283385,0.56971912913412,nan,nan,20,6017,528296800,528296800,198,22716762400,22716762400,8920,False
44,1.698924010174151,0.5428616700998257,nan,nan,20,6311,528296800,528296800,207,23245059200,23245059200,9127,False
45,1.6568600011405237,0.5579882595589402,nan,nan,20,6303,528296800,528296800,208,23773356000,23773356000,9335,False
46,1.5419006670951114,0.5938884644766997,nan,nan,20,6545,528296800,528296800,213,24301652800,24301652800,9548,False
47,1.509736639590492,0.6028390680450548,nan,nan,20,6481,528296800,528296800,213,24829949600,24829949600,9761,False
48,1.529839628335065,0.6031446540880503,nan,nan,20,6360,528296800,528296800,207,25358246400,25358246400,9968,False
49,1.3980919637373126,0.6244000619290911,nan,nan,20,6459,528296800,528296800,212,25886543200,25886543200,10180,False
50,1.511149913077261,0.5976470588235294,1.657374099177817,0.5537185419252906,20,6375,528296800,528296800,209,26414840000,26414840000,10389,False
51,1.3662960977686145,0.6379501824528002,nan,nan,20,6303,528296800,528296800,207,26943136800,26943136800,10596,False
52,1.3147501728197661,0.6450304259634888,nan,nan,20,6409,528296800,528296800,208,27471433600,27471433600,10804,False
53,1.2800328084042198,0.6560902255639097,nan,nan,20,6650,528296800,528296800,218,27999730400,27999730400,11022,False
54,1.24151211679937,0.6621794871794872,nan,nan,20,6240,528296800,528296800,204,28528027200,28528027200,11226,False
55,1.163580780988436,0.6796943873053188,nan,nan,20,6806,528296800,528296800,223,29056324000,29056324000,11449,False
56,1.2554647124026028,0.6589245943366211,nan,nan,20,6286,528296800,528296800,206,29584620800,29584620800,11655,False
57,1.2742834360895225,0.6515052356020943,nan,nan,20,6112,528296800,528296800,202,30112917600,30112917600,11857,False
58,1.3321407701390933,0.6314449395289624,nan,nan,20,6284,528296800,528296800,205,30641214400,30641214400,12062,False
59,1.1475119355452217,0.6846374045801527,nan,nan,20,6288,528296800,528296800,205,31169511200,31169511200,12267,False
60,1.1157097732561925,0.6985074626865672,1.3577765287710977,0.6290486401083399,20,6365,528296800,528296800,208,31697808000,31697808000,12475,False
61,1.1594726524368806,0.6721049264235445,nan,nan,20,6252,528296800,528296800,204,32226104800,32226104800,12679,False
62,1.131917556681359,0.6917107001321003,nan,nan,20,6056,528296800,528296800,196,32754401600,32754401600,12875,False
63,1.1366149122129943,0.6829190056134723,nan,nan,20,6235,528296800,528296800,205,33282698400,33282698400,13080,False
64,1.097822750224897,0.6937521937521938,nan,nan,20,5698,528296800,528296800,186,33810995200,33810995200,13266,False
65,1.025396736539567,0.7133243606998654,nan,nan,20,6687,528296800,528296800,216,34339292000,34339292000,13482,False
66,1.1274596167457245,0.6977829638273045,nan,nan,20,5999,528296800,528296800,201,34867588800,34867588800,13683,False
67,1.1621467530717353,0.677158727486955,nan,nan,20,5941,528296800,528296800,196,35395885600,35395885600,13879,False
68,1.032748087346764,0.7191249117854622,nan,nan,20,5668,528296800,528296800,187,35924182400,35924182400,14066,False
69,1.0380344303238944,0.7100165189968464,nan,nan,20,6659,528296800,528296800,217,36452479200,36452479200,14283,False
70,0.9632741800313249,0.7346333853354134,1.2564419677625889,0.6504344882067487,20,6410,528296800,528296800,209,36980776000,36980776000,14492,False
71,0.9554204729457554,0.7322084864684263,nan,nan,20,5986,528296800,528296800,198,37509072800,37509072800,14690,False
72,1.0334029811420222,0.704983798796482,nan,nan,20,6481,528296800,528296800,215,38037369600,38037369600,14905,False
73,0.9945002078528281,0.723811004041032,nan,nan,20,6434,528296800,528296800,210,38565666400,38565666400,15115,False
74,0.920071853787808,0.7446775203506575,nan,nan,20,6388,528296800,528296800,209,39093963200,39093963200,15324,False
75,0.9155103596385213,0.7411875293749021,nan,nan,20,6383,528296800,528296800,209,39622260000,39622260000,15533,False
76,0.984979191771218,0.7307396586190988,nan,nan,20,6503,528296800,528296800,212,40150556800,40150556800,15745,False
77,0.9527311814922547,0.7276383526383526,nan,nan,20,6216,528296800,528296800,205,40678853600,40678853600,15950,False
78,0.8912960627025369,0.7444825895046592,nan,nan,20,6117,528296800,528296800,200,41207150400,41207150400,16150,False
79,0.8622888938260403,0.759828667584519,nan,nan,20,6537,528296800,528296800,212,41735447200,41735447200,16362,False
80,0.9294630373824261,0.7306713331212218,1.0402407261416116,0.7088929014783885,20,6286,528296800,528296800,206,42263744000,42263744000,16568,False
81,0.7993118891170855,0.7752243034786714,nan,nan,20,6353,528296800,528296800,209,42792040800,42792040800,16777,False
82,0.8336279353033708,0.7624283723091219,nan,nan,20,6457,528296800,528296800,210,43320337600,43320337600,16987,False
83,0.8563694218960656,0.7580025608194623,nan,nan,20,6248,528296800,528296800,204,43848634400,43848634400,17191,False
84,0.8571711837620035,0.7538042607720647,nan,nan,20,6243,528296800,528296800,205,44376931200,44376931200,17396,False
85,0.9003895821830328,0.747980330172111,nan,nan,20,5694,528296800,528296800,189,44905228000,44905228000,17585,False
86,0.7385251023809373,0.7864920541494997,nan,nan,20,6796,528296800,528296800,221,45433524800,45433524800,17806,False
87,0.8661162646248856,0.7579923803213516,nan,nan,20,6037,528296800,528296800,201,45961821600,45961821600,18007,False
88,0.8476767937936963,0.7611565053425519,nan,nan,20,6364,528296800,528296800,211,46490118400,46490118400,18218,False
89,0.7700349264769143,0.7781918340894362,nan,nan,20,6172,528296800,528296800,203,47018415200,47018415200,18421,False
90,0.7975313252394308,0.7785031121906786,0.928980991784128,0.7402099085881955,20,6587,528296800,528296800,216,47546712000,47546712000,18637,False
91,0.7680964508522505,0.7854914196567863,nan,nan,20,6410,528296800,528296800,208,48075008800,48075008800,18845,False
92,0.8019234060316754,0.7749643931001741,nan,nan,20,6319,528296800,528296800,206,48603305600,48603305600,19051,False
93,0.7396417433633024,0.7921736270963499,nan,nan,20,6082,528296800,528296800,199,49131602400,49131602400,19250,False
94,0.6878893503068912,0.8003973712364358,nan,nan,20,6543,528296800,528296800,211,49659899200,49659899200,19461,False
95,0.6541193057668389,0.8076744545876527,nan,nan,20,6463,528296800,528296800,213,50188196000,50188196000,19674,False
96,0.7202358356043953,0.790034471952366,nan,nan,20,6382,528296800,528296800,210,50716492800,50716492800,19884,False
97,0.736604982618217,0.7824332712600869,nan,nan,20,6444,528296800,528296800,211,51244789600,51244789600,20095,False
98,0.7799365165354848,0.7687342569269522,nan,nan,20,6352,528296800,528296800,206,51773086400,51773086400,20301,False
99,0.8194113948364865,0.7688679245283019,nan,nan,20,5936,528296800,528296800,196,52301383200,52301383200,20497,False
100,0.7793131474077813,0.7833928875276501,0.8258809020416743,0.7621036000451417,20,5877,528296800,528296800,192,52829680000,52829680000,20689,False
101,0.6809562303290481,0.806087762669963,nan,nan,20,6472,528296800,528296800,214,53357976800,53357976800,20903,False
102,0.6855840276897442,0.8094423537461513,nan,nan,20,5846,528296800,528296800,193,53886273600,53886273600,21096,False
103,0.6807552155480596,0.8020677005169251,nan,nan,20,5997,528296800,528296800,198,54414570400,54414570400,21294,False
104,0.747728699938058,0.7826675693974272,nan,nan,20,5908,528296800,528296800,194,54942867200,54942867200,21488,False
105,0.5933445605901342,0.8278775079197466,nan,nan,20,6629,528296800,528296800,214,55471164000,55471164000,21702,False
106,0.6970632064879168,0.7995511049723757,nan,nan,20,5792,528296800,528296800,190,55999460800,55999460800,21892,False
107,0.6258179264510243,0.8244647355163728,nan,nan,20,6352,528296800,528296800,208,56527757600,56527757600,22100,False
108,0.646930144919539,0.8058920293106027,nan,nan,20,6687,528296800,528296800,219,57056054400,57056054400,22319,False
109,0.6556080547688147,0.8134088473901729,nan,nan,20,6533,528296800,528296800,213,57584351200,57584351200,22532,False
110,0.6228782843215,0.8264517190327356,0.7675904603026519,0.7782417334386638,20,6079,528296800,528296800,199,58112648000,58112648000,22731,False
111,0.7434895010375908,0.7796692607003891,nan,nan,20,6168,528296800,528296800,204,58640944800,58640944800,22935,False
112,0.7415561192253524,0.7868367823245682,nan,nan,20,6427,528296800,528296800,208,59169241600,59169241600,23143,False
113,0.6464432510727313,0.8158493017213381,nan,nan,20,6158,528296800,528296800,202,59697538400,59697538400,23345,False
114,0.624837463754915,0.8256315465187923,nan,nan,20,6492,528296800,528296800,213,60225835200,60225835200,23558,False
115,0.5665736011599881,0.8323400250941029,nan,nan,20,6376,528296800,528296800,210,60754132000,60754132000,23768,False
116,0.5558951194822246,0.8373282198785554,nan,nan,20,6258,528296800,528296800,205,61282428800,61282428800,23973,False
117,0.5683672410396094,0.8334382871536524,nan,nan,20,6352,528296800,528296800,207,61810725600,61810725600,24180,False
118,0.631307158382703,0.8159073359073359,nan,nan,20,6475,528296800,528296800,211,62339022400,62339022400,24391,False
119,0.5800536759533438,0.829790851895936,nan,nan,20,5881,528296800,528296800,195,62867319200,62867319200,24586,False
120,0.5984614831552041,0.830249396621078,0.7160176009817568,0.7894142873264869,20,6215,528296800,528296800,203,63395616000,63395616000,24789,False
121,0.6529162490301632,0.8093497791990254,nan,nan,20,6567,528296800,528296800,215,63923912800,63923912800,25004,False
122,0.6291974748099168,0.8183683940482298,nan,nan,20,5847,528296800,528296800,191,64452209600,64452209600,25195,False
123,0.6978222557435917,0.800299052998837,nan,nan,20,6019,528296800,528296800,197,64980506400,64980506400,25392,False
124,0.6150016705739444,0.8242854726872991,nan,nan,20,5913,528296800,528296800,195,65508803200,65508803200,25587,False
125,0.4724098385536755,0.8629869153256129,nan,nan,20,6649,528296800,528296800,219,66037100000,66037100000,25806,False
126,0.5525142766013673,0.8402629165392846,nan,nan,20,6542,528296800,528296800,213,66565396800,66565396800,26019,False
127,0.5678338019988488,0.8364627498485766,nan,nan,20,6604,528296800,528296800,215,67093693600,67093693600,26234,False
128,0.5630105235542379,0.8394807661864809,nan,nan,20,6317,528296800,528296800,208,67621990400,67621990400,26442,False
129,0.5868873402699769,0.8277821625887924,nan,nan,20,6335,528296800,528296800,206,68150287200,68150287200,26648,False
130,0.6242111367585088,0.817137062700693,0.6649423436687488,0.8025617876086221,20,5917,528296800,528296800,197,68678584000,68678584000,26845,False
131,0.5722368218248474,0.8374941851449837,nan,nan,20,6449,528296800,528296800,213,69206880800,69206880800,27058,False
132,0.5796675625529063,0.8298263193052772,nan,nan,20,5988,528296800,528296800,196,69735177600,69735177600,27254,False
133,0.49920042670820297,0.8503666718676861,nan,nan,20,6409,528296800,528296800,211,70263474400,70263474400,27465,False
134,0.49081513371501345,0.8472176489957195,nan,nan,20,6074,528296800,528296800,199,70791771200,70791771200,27664,False
135,0.594557003244172,0.8308264596474203,nan,nan,20,6183,528296800,528296800,202,71320068000,71320068000,27866,False
136,0.5723625254744735,0.834216628022524,nan,nan,20,6038,528296800,528296800,198,71848364800,71848364800,28064,False
137,0.5674664479347659,0.8287451984635084,nan,nan,20,6248,528296800,528296800,205,72376661600,72376661600,28269,False
138,0.5331062801161837,0.8416254635352287,nan,nan,20,6472,528296800,528296800,211,72904958400,72904958400,28480,False
139,0.5437762398467981,0.8339793281653747,nan,nan,20,6192,528296800,528296800,204,73433255200,73433255200,28684,False
140,0.5012997174763026,0.8482967207895574,0.6205182703498416,0.8172328179663695,20,6282,528296800,528296800,204,73961552000,73961552000,28888,False
141,0.5637239161370381,0.8341912338168772,nan,nan,20,6411,528296800,528296800,210,74489848800,74489848800,29098,False
142,0.5341145102547288,0.8407204385277995,nan,nan,20,6385,528296800,528296800,211,75018145600,75018145600,29309,False
143,0.5613248923504994,0.8333333333333334,nan,nan,20,6096,528296800,528296800,199,75546442400,75546442400,29508,False
144,0.4332853723598957,0.8673079859520537,nan,nan,20,6549,528296800,528296800,212,76074739200,76074739200,29720,False
145,0.498208910540109,0.8518811255137527,nan,nan,20,6326,528296800,528296800,209,76603036000,76603036000,29929,False
146,0.5410286827327495,0.84171839268213,nan,nan,20,6122,528296800,528296800,200,77131332800,77131332800,30129,False
147,0.5207832121775383,0.8444544634806131,nan,nan,20,6654,528296800,528296800,217,77659629600,77659629600,30346,False
148,0.5543409562545009,0.835415922884684,nan,nan,20,5602,528296800,528296800,186,78187926400,78187926400,30532,False
149,0.5649449827225458,0.835633825162621,nan,nan,20,6303,528296800,528296800,205,78716223200,78716223200,30737,False
150,0.4965718368647501,0.8536167295166267,0.5983513440239336,0.820167024037919,20,5834,528296800,528296800,191,79244520000,79244520000,30928,False
151,0.5450498190199639,0.8426016260162602,nan,nan,20,6150,528296800,528296800,202,79772816800,79772816800,31130,False
152,0.46907860749794555,0.8569889162561576,nan,nan,20,6496,528296800,528296800,212,80301113600,80301113600,31342,False
153,0.47517862353028456,0.8546839299314547,nan,nan,20,6565,528296800,528296800,215,80829410400,80829410400,31557,False
154,0.44934335411547827,0.8676859747133197,nan,nan,20,6802,528296800,528296800,222,81357707200,81357707200,31779,False
155,0.49530911898361674,0.8552785678433997,nan,nan,20,5977,528296800,528296800,196,81886004000,81886004000,31975,False
156,0.5759080436530327,0.827290806180205,nan,nan,20,6537,528296800,528296800,216,82414300800,82414300800,32191,False
157,0.45256706118098394,0.8654214559386973,nan,nan,20,6264,528296800,528296800,205,82942597600,82942597600,32396,False
158,0.474265642469736,0.8554105909439754,nan,nan,20,6515,528296800,528296800,212,83470894400,83470894400,32608,False
159,0.5031587025773063,0.8479214172952114,nan,nan,20,5701,528296800,528296800,188,83999191200,83999191200,32796,False
160,0.4788809743927364,0.8535866360956437,0.6281914420677299,0.8102922920663582,20,6106,528296800,528296800,202,84527488000,84527488000,32998,False
161,0.4782878711581814,0.8547724399494311,nan,nan,20,6328,528296800,528296800,210,85055784800,85055784800,33208,False
162,0.4673510372696184,0.8662179908076165,nan,nan,20,6092,528296800,528296800,200,85584081600,85584081600,33408,False
163,0.39919657896990063,0.8798467432950191,nan,nan,20,6525,528296800,528296800,213,86112378400,86112378400,33621,False
164,0.4526138433317845,0.8638297872340426,nan,nan,20,6110,528296800,528296800,201,86640675200,86640675200,33822,False
165,0.4593630165283303,0.8579926784624771,nan,nan,20,6556,528296800,528296800,215,87168972000,87168972000,34037,False
166,0.49073773658025405,0.8556044289397846,nan,nan,20,6593,528296800,528296800,215,87697268800,87697268800,34252,False
167,0.4884707169046657,0.8571202029812877,nan,nan,20,6306,528296800,528296800,206,88225565600,88225565600,34458,False
168,0.5243686386395756,0.8380458423958508,nan,nan,20,5977,528296800,528296800,198,88753862400,88753862400,34656,False
169,0.44749334840160854,0.8712795335992636,nan,nan,20,6518,528296800,528296800,213,89282159200,89282159200,34869,False
170,0.5684915250848306,0.8447577092511013,0.5710761372801709,0.82913892337208,20,5675,528296800,528296800,188,89810456000,89810456000,35057,False
171,0.47511775132047246,0.8561001042752867,nan,nan,20,5754,528296800,528296800,188,90338752800,90338752800,35245,False
172,0.45982248500640244,0.8614220400441431,nan,nan,20,6343,528296800,528296800,206,90867049600,90867049600,35451,False
173,0.3999717007800246,0.8728587144428729,nan,nan,20,6363,528296800,528296800,208,91395346400,91395346400,35659,False
174,0.42430395355712336,0.8724670311997427,nan,nan,20,6218,528296800,528296800,204,91923643200,91923643200,35863,False
175,0.43021322531936756,0.8703820650457846,nan,nan,20,6334,528296800,528296800,209,92451940000,92451940000,36072,False
176,0.45256473823051974,0.8694017652827721,nan,nan,20,6118,528296800,528296800,200,92980236800,92980236800,36272,False
177,0.4985731131493778,0.846830985915493,nan,nan,20,6248,528296800,528296800,206,93508533600,93508533600,36478,False
178,0.45910329885794515,0.8642367497074068,nan,nan,20,5981,528296800,528296800,195,94036830400,94036830400,36673,False
179,0.4293092588748326,0.8675247213938158,nan,nan,20,6371,528296800,528296800,207,94565127200,94565127200,36880,False
180,0.43398378119672243,0.8636873298093866,0.5398627883652615,0.8383365308655908,20,6243,528296800,528296800,204,95093424000,95093424000,37084,False
181,0.40021438004819443,0.8805807055885108,nan,nan,20,6406,528296800,528296800,209,95621720800,95621720800,37293,False
182,0.4594217861534826,0.866846105129829,nan,nan,20,6316,528296800,528296800,207,96150017600,96150017600,37500,False
183,0.44978059918732755,0.8601376720901126,nan,nan,20,6392,528296800,528296800,208,96678314400,96678314400,37708,False
184,0.490075905166603,0.8435196560196561,nan,nan,20,6512,528296800,528296800,213,97206611200,97206611200,37921,False
185,0.4455151309488119,0.85993584848022,nan,nan,20,6547,528296800,528296800,214,97734908000,97734908000,38135,False
186,0.5486479736690465,0.8397656788421778,nan,nan,20,5804,528296800,528296800,193,98263204800,98263204800,38328,False
187,0.49511222303473335,0.8529510395707579,nan,nan,20,5964,528296800,528296800,194,98791501600,98791501600,38522,False
188,0.42359623676631836,0.8691258211217787,nan,nan,20,5937,528296800,528296800,196,99319798400,99319798400,38718,False
189,0.4165241065654379,0.8769720873786407,nan,nan,20,6592,528296800,528296800,215,99848095200,99848095200,38933,False
190,0.3496206109639941,0.8874221299317709,0.5237866536971746,0.8376594063875409,20,6742,528296800,528296800,219,100376392000,100376392000,39152,False
191,0.4315711844976548,0.8618369582225004,nan,nan,20,6391,528296800,528296800,208,100904688800,100904688800,39360,False
192,0.4683765933035546,0.856816182937555,nan,nan,20,5685,528296800,528296800,188,101432985600,101432985600,39548,False
193,0.34192156499604837,0.8901644430654669,nan,nan,20,6446,528296800,528296800,210,101961282400,101961282400,39758,False
194,0.4335680921379247,0.8678655199374511,nan,nan,20,6395,528296800,528296800,208,102489579200,102489579200,39966,False
195,0.4337097868925938,0.8752074845329711,nan,nan,20,6627,528296800,528296800,217,103017876000,103017876000,40183,False
196,0.46192169780483594,0.8585151416476717,nan,nan,20,6142,528296800,528296800,201,103546172800,103546172800,40384,False
197,0.41285276227404794,0.8745644599303136,nan,nan,20,6601,528296800,528296800,216,104074469600,104074469600,40600,False
198,0.37939264505522197,0.8793159083575347,nan,nan,20,6198,528296800,528296800,203,104602766400,104602766400,40803,False
199,0.4221890138589033,0.8677093515803194,nan,nan,20,6138,528296800,528296800,204,105131063200,105131063200,41007,False
200,0.4488839519289619,0.8621060722521138,0.5139243712127646,0.8435278185306399,20,6505,528296800,528296800,212,105659360000,105659360000,41219,False
201,0.475442667527572,0.8579043811427619,nan,nan,20,6003,528296800,528296800,197,106187656800,106187656800,41416,False
202,0.37683723338522784,0.885202492211838,nan,nan,20,6420,528296800,528296800,209,106715953600,106715953600,41625,False
203,0.4411061330153606,0.8687568930203245,nan,nan,20,6347,528296800,528296800,206,107244250400,107244250400,41831,False
204,0.5181401301086809,0.8573853989813243,nan,nan,20,5890,528296800,528296800,195,107772547200,107772547200,42026,False
205,0.4232807020759988,0.8662041625371655,nan,nan,20,6054,528296800,528296800,199,108300844000,108300844000,42225,False
206,0.3834386081936678,0.8784602784602784,nan,nan,20,6105,528296800,528296800,200,108829140800,108829140800,42425,False
207,0.3770997048855955,0.8824265165728581,nan,nan,20,6396,528296800,528296800,209,109357437600,109357437600,42634,False
208,0.4527401602717169,0.8570034163006345,nan,nan,20,6147,528296800,528296800,203,109885734400,109885734400,42837,False
209,0.34012412159399547,0.8938203112960394,nan,nan,20,6489,528296800,528296800,212,110414031200,110414031200,43049,False
210,0.40324199858636384,0.8791243158717749,0.4927729447045911,0.8498476469924388,20,6395,528296800,528296800,210,110942328000,110942328000,43259,False
211,0.4010999740315508,0.8698178391959799,nan,nan,20,6368,528296800,528296800,209,111470624800,111470624800,43468,False
212,0.41126684632177307,0.8694585309995092,nan,nan,20,6113,528296800,528296800,199,111998921600,111998921600,43667,False
213,0.3910832226376177,0.8735913767760901,nan,nan,20,6123,528296800,528296800,200,112527218400,112527218400,43867,False
214,0.41345319370448413,0.869177403369673,nan,nan,20,6054,528296800,528296800,197,113055515200,113055515200,44064,False
215,0.435751194958924,0.8571908602150538,nan,nan,20,5952,528296800,528296800,196,113583812000,113583812000,44260,False
216,0.33327344465411174,0.8939890710382513,nan,nan,20,6405,528296800,528296800,210,114112108800,114112108800,44470,False
217,0.3668821985447553,0.8813615333773959,nan,nan,20,6052,528296800,528296800,201,114640405600,114640405600,44671,False
218,0.42751236077246685,0.8669233344492803,nan,nan,20,5974,528296800,528296800,196,115168702400,115168702400,44867,False
219,0.38469581932316954,0.8774049928446493,nan,nan,20,6289,528296800,528296800,205,115696999200,115696999200,45072,False
220,0.4102666406745173,0.8699349674837419,0.47899065787495426,0.8531204153030132,20,5997,528296800,528296800,196,116225296000,116225296000,45268,False
221,0.40291009171920666,0.8810980392156863,nan,nan,20,6375,528296800,528296800,207,116753592800,116753592800,45475,False
222,0.3789779227774213,0.8815482667495725,nan,nan,20,6433,528296800,528296800,210,117281889600,117281889600,45685,False
223,0.4101702902293982,0.86953125,nan,nan,20,6400,528296800,528296800,208,117810186400,117810186400,45893,False
224,0.3783131985501349,0.8833928267890532,nan,nan,20,5883,528296800,528296800,194,118338483200,118338483200,46087,False
225,0.40013233373726714,0.8740250932519498,nan,nan,20,5898,528296800,528296800,195,118866780000,118866780000,46282,False
226,0.39356436541655293,0.885258593991948,nan,nan,20,6458,528296800,528296800,211,119395076800,119395076800,46493,False
227,0.38833267587212933,0.8819875776397516,nan,nan,20,6601,528296800,528296800,215,119923373600,119923373600,46708,False
228,0.4203103989092794,0.87627365356623,nan,nan,20,6183,528296800,528296800,202,120451670400,120451670400,46910,False
229,0.4175814689598648,0.8816800409766092,nan,nan,20,5857,528296800,528296800,193,120979967200,120979967200,47103,False
230,0.3880743728398913,0.8802375983303901,0.4636019212157526,0.8588759733664372,20,6229,528296800,528296800,203,121508264000,121508264000,47306,False
231,0.4125060315353605,0.8709273182957393,nan,nan,20,6384,528296800,528296800,207,122036560800,122036560800,47513,False
232,0.3986489239485452,0.881337309684508,nan,nan,20,6371,528296800,528296800,210,122564857600,122564857600,47723,False
233,0.3964688859152826,0.8788358114520721,nan,nan,20,6322,528296800,528296800,206,123093154400,123093154400,47929,False
234,0.34965728267973184,0.8939164648910412,nan,nan,20,6608,528296800,528296800,215,123621451200,123621451200,48144,False
235,0.36566264986941405,0.8891275611368142,nan,nan,20,6052,528296800,528296800,199,124149748000,124149748000,48343,False
236,0.40997287324633463,0.8734136546184739,nan,nan,20,6225,528296800,528296800,203,124678044800,124678044800,48546,False
237,0.36667638257948254,0.8889230769230769,nan,nan,20,6500,528296800,528296800,212,125206341600,125206341600,48758,False
238,0.40609067012840355,0.869210647791968,nan,nan,20,6499,528296800,528296800,215,125734638400,125734638400,48973,False
239,0.41336388119366485,0.8680325399216632,nan,nan,20,6638,528296800,528296800,216,126262935200,126262935200,49189,False
240,0.33636241297443936,0.895056915640106,0.44801356087903005,0.8642929691908362,20,6413,528296800,528296800,210,126791232000,126791232000,49399,False
241,0.48370117897882153,0.8598433242506812,nan,nan,20,5872,528296800,528296800,193,127319528800,127319528800,49592,False
242,0.367192684581874,0.8895677409500534,nan,nan,20,6547,528296800,528296800,211,127847825600,127847825600,49803,False
243,0.3512676883895878,0.89,nan,nan,20,6200,528296800,528296800,202,128376122400,128376122400,50005,False
244,0.36162547431205916,0.886716224951519,nan,nan,20,6188,528296800,528296800,202,128904419200,128904419200,50207,False
245,0.33453291622590015,0.8982923906530856,nan,nan,20,6676,528296800,528296800,219,129432716000,129432716000,50426,False
246,0.40519327063134003,0.873758865248227,nan,nan,20,6345,528296800,528296800,208,129961012800,129961012800,50634,False
247,0.326910584172987,0.8998205741626795,nan,nan,20,6688,528296800,528296800,218,130489309600,130489309600,50852,False
248,0.417457786038574,0.8709842788790157,nan,nan,20,5852,528296800,528296800,192,131017606400,131017606400,51044,False
249,0.37149463300285834,0.8851042196237926,nan,nan,20,5901,528296800,528296800,196,131545903200,131545903200,51240,False
250,0.3512057896184158,0.8927654432865126,0.4460119445710591,0.8614716171989617,20,6621,528296800,528296800,215,132074200000,132074200000,51455,False
251,0.34692403429627683,0.8892936331960722,nan,nan,20,6314,528296800,528296800,207,132602496800,132602496800,51662,False
252,0.3935098115669652,0.8804761904761905,nan,nan,20,6300,528296800,528296800,205,133130793600,133130793600,51867,False
253,0.3598634524856804,0.8875838926174496,nan,nan,20,6556,528296800,528296800,216,133659090400,133659090400,52083,False
254,0.3581906793542263,0.8900147082856676,nan,nan,20,6119,528296800,528296800,202,134187387200,134187387200,52285,False
255,0.364931805551108,0.8891667969360638,nan,nan,20,6397,528296800,528296800,210,134715684000,134715684000,52495,False
256,0.3493114723774418,0.8910204739642109,nan,nan,20,6203,528296800,528296800,205,135243980800,135243980800,52700,False
257,0.4120087015245759,0.8764883596943309,nan,nan,20,5627,528296800,528296800,186,135772277600,135772277600,52886,False
258,0.3519353853374947,0.8918666251168589,nan,nan,20,6418,528296800,528296800,209,136300574400,136300574400,53095,False
259,0.32334188662376695,0.8975282370273368,nan,nan,20,6109,528296800,528296800,201,136828871200,136828871200,53296,False
260,0.3603096583455814,0.8825263811297331,0.4484178992012475,0.8623744498363616,20,6444,528296800,528296800,212,137357168000,137357168000,53508,False
261,0.3242885265872915,0.8954834501875102,nan,nan,20,6133,528296800,528296800,201,137885464800,137885464800,53709,False
262,0.33966806979385034,0.8921696574225122,nan,nan,20,6130,528296800,528296800,200,138413761600,138413761600,53909,False
263,0.3654961236583709,0.8806390977443609,nan,nan,20,6384,528296800,528296800,208,138942058400,138942058400,54117,False
264,0.34627187728821235,0.888941029250743,nan,nan,20,6393,528296800,528296800,210,139470355200,139470355200,54327,False
265,0.340197230408222,0.8939557891482455,nan,nan,20,6469,528296800,528296800,211,139998652000,139998652000,54538,False
266,0.37479752685783213,0.8817695214105793,nan,nan,20,6352,528296800,528296800,208,140526948800,140526948800,54746,False
267,0.34972437678547696,0.8901634192331866,nan,nan,20,6364,528296800,528296800,209,141055245600,141055245600,54955,False
268,0.4216023449266622,0.8656282095172886,nan,nan,20,5842,528296800,528296800,193,141583542400,141583542400,55148,False
269,0.39897546304108683,0.8830188679245283,nan,nan,20,6360,528296800,528296800,208,142111839200,142111839200,55356,False
270,0.34497918357042123,0.89117328798887,0.4320952863614401,0.8676221645412482,20,6469,528296800,528296800,213,142640136000,142640136000,55569,False
271,0.3475161058992543,0.8957064793130367,nan,nan,20,6405,528296800,528296800,209,143168432800,143168432800,55778,False
272,0.3776472494088006,0.8844190004641808,nan,nan,20,6463,528296800,528296800,212,143696729600,143696729600,55990,False
273,0.4153974833502881,0.8732276897414513,nan,nan,20,5995,528296800,528296800,195,144225026400,144225026400,56185,False
274,0.3327403123157697,0.8918918918918919,nan,nan,20,6660,528296800,528296800,218,144753323200,144753323200,56403,False
275,0.4260574762609117,0.8692664216077992,nan,nan,20,6257,528296800,528296800,206,145281620000,145281620000,56609,False
276,0.32980578563499136,0.8990423632527187,nan,nan,20,6161,528296800,528296800,202,145809916800,145809916800,56811,False
277,0.30622063879814626,0.9033795493934142,nan,nan,20,6924,528296800,528296800,226,146338213600,146338213600,57037,False
278,0.341286629791692,0.8915153412648716,nan,nan,20,6388,528296800,528296800,208,146866510400,146866510400,57245,False
279,0.3757629516393416,0.8845903771131339,nan,nan,20,6152,528296800,528296800,202,147394807200,147394807200,57447,False
280,0.311484079701801,0.8978444236176195,0.42790503907709515,0.8650265207087237,20,6402,528296800,528296800,211,147923104000,147923104000,57658,False
281,0.3219644893092611,0.8911308537870802,nan,nan,20,6641,528296800,528296800,218,148451400800,148451400800,57876,False
282,0.3733299141860506,0.8813828100222011,nan,nan,20,6306,528296800,528296800,208,148979697600,148979697600,58084,False
283,0.3550918733656365,0.8937480751462888,nan,nan,20,6494,528296800,528296800,213,149507994400,149507994400,58297,False
284,0.4009319586384944,0.8730264251288017,nan,nan,20,6017,528296800,528296800,197,150036291200,150036291200,58494,False
285,0.27975331886101373,0.9117152894455476,nan,nan,20,6547,528296800,528296800,216,150564588000,150564588000,58710,False
286,0.38395430446414613,0.8825362205951083,nan,nan,20,6419,528296800,528296800,210,151092884800,151092884800,58920,False
287,0.28518758595493726,0.9123487434067639,nan,nan,20,6446,528296800,528296800,208,151621181600,151621181600,59128,False
288,0.4229369067220265,0.8707874682472481,nan,nan,20,5905,528296800,528296800,195,152149478400,152149478400,59323,False
289,0.3653679612867487,0.8876404494382022,nan,nan,20,6141,528296800,528296800,202,152677775200,152677775200,59525,False
290,0.34559618189413666,0.8882475549142216,0.42479554664239755,0.8653086559079111,20,6237,528296800,528296800,205,153206072000,153206072000,59730,False
291,0.34427595715853304,0.8966296038915914,nan,nan,20,5756,528296800,528296800,189,153734368800,153734368800,59919,False
292,0.3473050287619094,0.8898911353032659,nan,nan,20,6430,528296800,528296800,211,154262665600,154262665600,60130,False
293,0.3264460215511723,0.8951126626467788,nan,nan,20,6302,528296800,528296800,207,154790962400,154790962400,60337,False
294,0.33540359604366543,0.8955841766329347,nan,nan,20,6522,528296800,528296800,214,155319259200,155319259200,60551,False
295,0.3343698834346697,0.8958628283781658,nan,nan,20,6357,528296800,528296800,209,155847556000,155847556000,60760,False
296,0.30359288243294735,0.9037227214377407,nan,nan,20,6232,528296800,528296800,204,156375852800,156375852800,60964,False
297,0.36249453050044245,0.8909756485755213,nan,nan,20,6283,528296800,528296800,205,156904149600,156904149600,61169,False
298,0.37308716032681827,0.8822782801840393,nan,nan,20,6303,528296800,528296800,206,157432446400,157432446400,61375,False
299,0.3007867274133638,0.9068199233716475,nan,nan,20,6525,528296800,528296800,215,157960743200,157960743200,61590,False
300,0.31235718270582274,0.8996288277141974,0.42892702500151,0.8664936237444983,20,6466,528296800,528296800,211,158489040000,158489040000,61801,False
301,0.26929429116948506,0.9112789051439358,nan,nan,20,6357,528296800,528296800,207,159017336800,159017336800,62008,False
302,0.35346366180643846,0.8893986563984926,nan,nan,20,6103,528296800,528296800,200,159545633600,159545633600,62208,False
303,0.3211984285652574,0.9024056029232643,nan,nan,20,6568,528296800,528296800,214,160073930400,160073930400,62422,False
304,0.31941920489453657,0.893491124260355,nan,nan,20,6084,528296800,528296800,199,160602227200,160602227200,62621,False
305,0.3333854530292905,0.8946069792033838,nan,nan,20,5674,528296800,528296800,186,161130524000,161130524000,62807,False
306,0.3537070749814558,0.8929329198629019,nan,nan,20,6127,528296800,528296800,201,161658820800,161658820800,63008,False
307,0.34524620922024263,0.8943982425859093,nan,nan,20,6373,528296800,528296800,208,162187117600,162187117600,63216,False
308,0.3213778443198808,0.8930897537728356,nan,nan,20,6295,528296800,528296800,205,162715414400,162715414400,63421,False
309,0.3012170052670559,0.9039937353171495,nan,nan,20,6385,528296800,528296800,209,163243711200,163243711200,63630,False
310,0.3569535921156744,0.8857092696629213,0.4065700144218061,0.8710077869314976,20,5696,528296800,528296800,186,163772008000,163772008000,63816,False
311,0.2994062118280404,0.9003069962837292,nan,nan,20,6189,528296800,528296800,204,164300304800,164300304800,64020,False
312,0.3508894125651688,0.8888352638352638,nan,nan,20,6216,528296800,528296800,204,164828601600,164828601600,64224,False
313,0.34853481005095255,0.8903734707018673,nan,nan,20,6212,528296800,528296800,204,165356898400,165356898400,64428,False
314,0.3395014942138358,0.8937835763622409,nan,nan,20,6515,528296800,528296800,214,165885195200,165885195200,64642,False
315,0.34675236779368657,0.8879880873593646,nan,nan,20,6044,528296800,528296800,200,166413492000,166413492000,64842,False
316,0.2855472956896016,0.908275645059786,nan,nan,20,6356,528296800,528296800,204,166941788800,166941788800,65046,False
317,0.32889048205085664,0.8964803312629399,nan,nan,20,6279,528296800,528296800,206,167470085600,167470085600,65252,False
318,0.35966826307997285,0.8906958561376075,nan,nan,20,6395,528296800,528296800,208,167998382400,167998382400,65460,False
319,0.32272895516196665,0.8948212281545614,nan,nan,20,6237,528296800,528296800,205,168526679200,168526679200,65665,False
320,0.29539728021385697,0.9094054734193142,0.3947135813449336,0.8766504909152466,20,6358,528296800,528296800,209,169054976000,169054976000,65874,False
321,0.24103524395316844,0.924163096937966,nan,nan,20,6303,528296800,528296800,205,169583272800,169583272800,66079,False
322,0.3678274026046918,0.8867163252638113,nan,nan,20,6444,528296800,528296800,212,170111569600,170111569600,66291,False
323,0.3427354325805386,0.8858584266120132,nan,nan,20,6343,528296800,528296800,206,170639866400,170639866400,66497,False
324,0.30616708391106406,0.9004731603850546,nan,nan,20,6129,528296800,528296800,201,171168163200,171168163200,66698,False
325,0.29742623560433384,0.905709474973213,nan,nan,20,6533,528296800,528296800,215,171696460000,171696460000,66913,False
326,0.29182373452818344,0.9046532846715328,nan,nan,20,6576,528296800,528296800,213,172224756800,172224756800,67126,False
327,0.3473619264877262,0.891499227202473,nan,nan,20,6470,528296800,528296800,212,172753053600,172753053600,67338,False
328,0.2927584453464298,0.9064389359129383,nan,nan,20,6616,528296800,528296800,218,173281350400,173281350400,67556,False
329,0.3233828041020799,0.8935592136806776,nan,nan,20,6257,528296800,528296800,204,173809647200,173809647200,67760,False
330,0.29121826535632195,0.9062740866348081,0.3915312762064558,0.8763683557160591,20,6487,528296800,528296800,214,174337944000,174337944000,67974,False
331,0.25700720277487926,0.916679620705736,nan,nan,20,6433,528296800,528296800,210,174866240800,174866240800,68184,False
332,0.3493456924906776,0.8805422647527911,nan,nan,20,6270,528296800,528296800,207,175394537600,175394537600,68391,False
333,0.3034988281767251,0.9039823705336062,nan,nan,20,6353,528296800,528296800,207,175922834400,175922834400,68598,False
334,0.3163931706600659,0.8953412073490814,nan,nan,20,6096,528296800,528296800,202,176451131200,176451131200,68800,False
335,0.33624339485109245,0.8899006622516556,nan,nan,20,6040,528296800,528296800,199,176979428000,176979428000,68999,False
336,0.31128998143557235,0.9016176956091119,nan,nan,20,6058,528296800,528296800,198,177507724800,177507724800,69197,False
337,0.3183273507586183,0.9015847860538827,nan,nan,20,6310,528296800,528296800,207,178036021600,178036021600,69404,False
338,0.29276199105866557,0.9030714616453156,nan,nan,20,6479,528296800,528296800,213,178564318400,178564318400,69617,False
339,0.3533162506329531,0.8886870355078448,nan,nan,20,6055,528296800,528296800,199,179092615200,179092615200,69816,False
340,0.4275817046252498,0.8652975983292726,0.38582243400144195,0.8780611669111839,20,5746,528296800,528296800,189,179620912000,179620912000,70005,False
341,0.3057834027998147,0.9061650045330916,nan,nan,20,6618,528296800,528296800,217,180149208800,180149208800,70222,False
342,0.3160761249882367,0.8986670949092661,nan,nan,20,6227,528296800,528296800,206,180677505600,180677505600,70428,False
343,0.2592389584987433,0.9142815206223397,nan,nan,20,6813,528296800,528296800,220,181205802400,181205802400,70648,False
344,0.31666087215201466,0.9042785758900687,nan,nan,20,6404,528296800,528296800,211,181734099200,181734099200,70859,False
345,0.3270366057598219,0.8938405220436098,nan,nan,20,6283,528296800,528296800,207,182262396000,182262396000,71066,False
346,0.321565896150048,0.8979241454658967,nan,nan,20,6407,528296800,528296800,211,182790692800,182790692800,71277,False
347,0.3226911540599791,0.895323289391086,nan,nan,20,6372,528296800,528296800,208,183318989600,183318989600,71485,False
348,0.2612246169385599,0.911907369738695,nan,nan,20,6391,528296800,528296800,210,183847286400,183847286400,71695,False
349,0.3201574843927851,0.8945702864756829,nan,nan,20,6004,528296800,528296800,197,184375583200,184375583200,71892,False
350,0.2966724842501907,0.9059512796793093,0.3771323131601478,0.8816160704209457,20,6486,528296800,528296800,212,184903880000,184903880000,72104,False
351,0.33244221698885884,0.8916247906197655,nan,nan,20,5970,528296800,528296800,196,185432176800,185432176800,72300,False
352,0.30875730754126784,0.9037905312833003,nan,nan,20,6569,528296800,528296800,214,185960473600,185960473600,72514,False
353,0.27482265131891936,0.9071291560102301,nan,nan,20,6256,528296800,528296800,205,186488770400,186488770400,72719,False
354,0.31533756767663623,0.8991444554129648,nan,nan,20,6078,528296800,528296800,200,187017067200,187017067200,72919,False
355,0.3168766442993466,0.9008979591836734,nan,nan,20,6125,528296800,528296800,201,187545364000,187545364000,73120,False
356,0.28949251975324275,0.9063938618925831,nan,nan,20,5865,528296800,528296800,192,188073660800,188073660800,73312,False
357,0.3040336647503649,0.8968735417638825,nan,nan,20,6429,528296800,528296800,211,188601957600,188601957600,73523,False
358,0.30256487265290566,0.8989867004433185,nan,nan,20,6316,528296800,528296800,206,189130254400,189130254400,73729,False
359,0.3196730737541784,0.8999221789883268,nan,nan,20,6425,528296800,528296800,212,189658551200,189658551200,73941,False
360,0.2754096036562639,0.9032112166440525,0.4065047311750549,0.8702178083737727,20,6633,528296800,528296800,219,190186848000,190186848000,74160,False
361,0.3075857160582829,0.9014626635873749,nan,nan,20,6495,528296800,528296800,213,190715144800,190715144800,74373,False
362,0.3125202898511502,0.9009589687156108,nan,nan,20,6361,528296800,528296800,208,191243441600,191243441600,74581,False
363,0.2966864508128828,0.9053254437869822,nan,nan,20,6253,528296800,528296800,205,191771738400,191771738400,74786,False
364,0.3355264223551687,0.8946741534796665,nan,nan,20,5877,528296800,528296800,191,192300035200,192300035200,74977,False
365,0.3250849640476859,0.8967691095350669,nan,nan,20,6345,528296800,528296800,206,192828332000,192828332000,75183,False
366,0.3115156943441897,0.898229382676663,nan,nan,20,6269,528296800,528296800,205,193356628800,193356628800,75388,False
367,0.35667232559856665,0.8827140013271401,nan,nan,20,6028,528296800,528296800,198,193884925600,193884925600,75586,False
368,0.3111150027930823,0.9014175257731959,nan,nan,20,6208,528296800,528296800,202,194413222400,194413222400,75788,False
369,0.2915088630256218,0.902543720190779,nan,nan,20,6290,528296800,528296800,206,194941519200,194941519200,75994,False
370,0.31427909159300804,0.9023732470334412,0.3701205701930786,0.8845502764924952,20,5562,528296800,528296800,183,195469816000,195469816000,76177,False
371,0.28295540885135556,0.9039135069285823,nan,nan,20,6567,528296800,528296800,213,195998112800,195998112800,76390,False
372,0.25341410584572444,0.9163205660667589,nan,nan,20,6501,528296800,528296800,213,196526409600,196526409600,76603,False
373,0.3026327060158919,0.901345977363108,nan,nan,20,6538,528296800,528296800,213,197054706400,197054706400,76816,False
374,0.3094896611619948,0.8988026898474659,nan,nan,20,6097,528296800,528296800,202,197583003200,197583003200,77018,False
375,0.29977054054746355,0.90279099270536,nan,nan,20,6306,528296800,528296800,206,198111300000,198111300000,77224,False
376,0.27952980858217275,0.9077584833519197,nan,nan,20,6277,528296800,528296800,207,198639596800,198639596800,77431,False
377,0.3011316477226118,0.9018092105263158,nan,nan,20,6080,528296800,528296800,202,199167893600,199167893600,77633,False
378,0.28614637700507733,0.9072975140336809,nan,nan,20,6235,528296800,528296800,204,199696190400,199696190400,77837,False
379,0.31486903706564595,0.8968704394357062,nan,nan,20,6167,528296800,528296800,202,200224487200,200224487200,78039,False
380,0.25815856852673874,0.9127589967284624,0.38160034164915824,0.8806568107437084,20,6419,528296800,528296800,210,200752784000,200752784000,78249,False
381,0.30783246829492683,0.9001567398119122,nan,nan,20,6380,528296800,528296800,210,201281080800,201281080800,78459,False
382,0.29010972422597986,0.9080200096821043,nan,nan,20,6197,528296800,528296800,205,201809377600,201809377600,78664,False
383,0.3105844369101848,0.9033074853616079,nan,nan,20,6319,528296800,528296800,207,202337674400,202337674400,78871,False
384,0.2786505039344913,0.9097190234914786,nan,nan,20,6513,528296800,528296800,211,202865971200,202865971200,79082,False
385,0.259227331547066,0.9111842105263158,nan,nan,20,6384,528296800,528296800,209,203394268000,203394268000,79291,False
386,0.2782094793329784,0.9127547169811321,nan,nan,20,6625,528296800,528296800,215,203922564800,203922564800,79506,False
387,0.25205129429468176,0.9177456207159177,nan,nan,20,6565,528296800,528296800,212,204450861600,204450861600,79718,False
388,0.30399307157336736,0.9078356346697721,nan,nan,20,6011,528296800,528296800,200,204979158400,204979158400,79918,False
389,0.32621309053032627,0.8958799105717024,nan,nan,20,6262,528296800,528296800,203,205507455200,205507455200,80121,False
390,0.26848080850518674,0.9107473749227919,0.368938658814871,0.8843245683331452,20,6476,528296800,528296800,212,206035752000,206035752000,80333,False
391,0.2918974657323387,0.9056754596322941,nan,nan,20,6255,528296800,528296800,203,206564048800,206564048800,80536,False
392,0.26378911318571807,0.9108832807570978,nan,nan,20,6340,528296800,528296800,207,207092345600,207092345600,80743,False
393,0.29913791456659594,0.9027081243731193,nan,nan,20,5982,528296800,528296800,196,207620642400,207620642400,80939,False
394,0.2955043421516522,0.9105754276827371,nan,nan,20,6430,528296800,528296800,210,208148939200,208148939200,81149,False
395,0.28726484255554774,0.902599388379205,nan,nan,20,6540,528296800,528296800,214,208677236000,208677236000,81363,False
396,0.30228973918514096,0.898989898989899,nan,nan,20,6435,528296800,528296800,208,209205532800,209205532800,81571,False
397,0.3135353786431792,0.903202972925146,nan,nan,20,5651,528296800,528296800,184,209733829600,209733829600,81755,False
398,0.2874465081569437,0.9075364154528183,nan,nan,20,6316,528296800,528296800,208,210262126400,210262126400,81963,False
399,0.29181621532447677,0.903932946486138,nan,nan,20,6204,528296800,528296800,202,210790423200,210790423200,82165,False
400,0.31509865656530917,0.8968832891246684,0.35853046064801414,0.8872023473648573,20,6032,528296800,528296800,199,211318720000,211318720000,82364,False
401,0.26883824525106736,0.909382518043304,nan,nan,20,6235,528296800,528296800,205,211847016800,211847016800,82569,False
402,0.3085083314262395,0.9012546846993645,nan,nan,20,6137,528296800,528296800,203,212375313600,212375313600,82772,False
403,0.2860600380294606,0.9084306915061573,nan,nan,20,6334,528296800,528296800,206,212903610400,212903610400,82978,False
404,0.25594583014827804,0.9117647058823529,nan,nan,20,5984,528296800,528296800,195,213431907200,213431907200,83173,False
405,0.3121914264274735,0.8965461062235256,nan,nan,20,6138,528296800,528296800,199,213960204000,213960204000,83372,False
406,0.30611856228620427,0.8968189891813337,nan,nan,20,6193,528296800,528296800,203,214488500800,214488500800,83575,False
407,0.29447945918388496,0.9012031859006948,nan,nan,20,5901,528296800,528296800,195,215016797600,215016797600,83770,False
408,0.2664290079056092,0.9103569713462462,nan,nan,20,6247,528296800,528296800,205,215545094400,215545094400,83975,False
409,0.268664131151409,0.9149710504549214,nan,nan,20,6045,528296800,528296800,199,216073391200,216073391200,84174,False
410,0.292614691731246,0.9015930965814802,0.3713336940470109,0.8791897077079336,20,6026,528296800,528296800,199,216601688000,216601688000,84373,False
411,0.33490850212969836,0.895757766913736,nan,nan,20,6341,528296800,528296800,209,217129984800,217129984800,84582,False
412,0.2550648351423683,0.9117958012384836,nan,nan,20,6621,528296800,528296800,216,217658281600,217658281600,84798,False
413,0.2782191301551369,0.9035001635590448,nan,nan,20,6114,528296800,528296800,202,218186578400,218186578400,85000,False
414,0.3033814292178319,0.9038461538461539,nan,nan,20,6656,528296800,528296800,216,218714875200,218714875200,85216,False
415,0.3165102252124857,0.8963714149897005,nan,nan,20,6311,528296800,528296800,207,219243172000,219243172000,85423,False
416,0.2787576798755405,0.9038974017321786,nan,nan,20,6004,528296800,528296800,199,219771468800,219771468800,85622,False
417,0.264948460680299,0.9095881595881596,nan,nan,20,6216,528296800,528296800,203,220299765600,220299765600,85825,False
418,0.3101302952024862,0.9001646460110762,nan,nan,20,6681,528296800,528296800,218,220828062400,220828062400,86043,False
419,0.2922965842337841,0.9026798307475318,nan,nan,20,6381,528296800,528296800,209,221356359200,221356359200,86252,False
420,0.26373451934516834,0.9180923542770628,0.35886999026013205,0.8882744611217696,20,6605,528296800,528296800,216,221884656000,221884656000,86468,False
421,0.3151081417136875,0.8997191475301504,nan,nan,20,6053,528296800,528296800,199,222412952800,222412952800,86667,False
422,0.24595821165004658,0.9225122349102773,nan,nan,20,6130,528296800,528296800,202,222941249600,222941249600,86869,False
423,0.29678555866482537,0.900523560209424,nan,nan,20,6494,528296800,528296800,212,223469546400,223469546400,87081,False
424,0.28431432073505536,0.9082693947144075,nan,nan,20,5865,528296800,528296800,192,223997843200,223997843200,87273,False
425,0.2422590545833136,0.9162847540482738,nan,nan,20,6546,528296800,528296800,213,224526140000,224526140000,87486,False
426,0.2421889189652819,0.9206714944042133,nan,nan,20,6076,528296800,528296800,196,225054436800,225054436800,87682,False
427,0.30130528569577697,0.9038844621513944,nan,nan,20,6024,528296800,528296800,198,225582733600,225582733600,87880,False
428,0.29005098659203427,0.9039087947882736,nan,nan,20,6140,528296800,528296800,204,226111030400,226111030400,88084,False
429,0.26932608270088015,0.9106008793356131,nan,nan,20,6141,528296800,528296800,201,226639327200,226639327200,88285,False
430,0.2590944948645718,0.9141779314680918,0.3616200763395443,0.88601737952827,20,6362,528296800,528296800,208,227167624000,227167624000,88493,False
431,0.23799727584893737,0.9200822915018199,nan,nan,20,6319,528296800,528296800,206,227695920800,227695920800,88699,False
432,0.30317725915403443,0.903975219411461,nan,nan,20,5811,528296800,528296800,191,228224217600,228224217600,88890,False
433,0.3186616433043723,0.8973859392758565,nan,nan,20,6159,528296800,528296800,203,228752514400,228752514400,89093,False
434,0.28622772406344904,0.9074715487382484,nan,nan,20,6063,528296800,528296800,199,229280811200,229280811200,89292,False
435,0.2961405896935997,0.90473017988008,nan,nan,20,6004,528296800,528296800,196,229809108000,229809108000,89488,False
436,0.2684946843417273,0.9102984841381466,nan,nan,20,6399,528296800,528296800,208,230337404800,230337404800,89696,False
437,0.29277080860532073,0.9035204251079375,nan,nan,20,6022,528296800,528296800,196,230865701600,230865701600,89892,False
438,0.2559016994986509,0.9147647880763856,nan,nan,20,6441,528296800,528296800,211,231393998400,231393998400,90103,False
439,0.28306520322676626,0.9045483664317745,nan,nan,20,6244,528296800,528296800,202,231922295200,231922295200,90305,False
440,0.2808562724617349,0.9067688378033205,0.3511329203450563,0.888330888161607,20,6264,528296800,528296800,205,232450592000,232450592000,90510,False
441,0.2758791259516295,0.9092061479955633,nan,nan,20,6311,528296800,528296800,209,232978888800,232978888800,90719,False
442,0.2475226214511815,0.9205384994253817,nan,nan,20,6091,528296800,528296800,201,233507185600,233507185600,90920,False
443,0.2941817334357089,0.9021956087824351,nan,nan,20,6012,528296800,528296800,199,234035482400,234035482400,91119,False
444,0.2579746628213413,0.9159101056704867,nan,nan,20,6719,528296800,528296800,220,234563779200,234563779200,91339,False
445,0.3014192465253073,0.9011976047904192,nan,nan,20,6346,528296800,528296800,207,235092076000,235092076000,91546,False
446,0.26005880701060174,0.9204113924050633,nan,nan,20,6320,528296800,528296800,207,235620372800,235620372800,91753,False
447,0.29613087318610004,0.9055932751374071,nan,nan,20,6186,528296800,528296800,202,236148669600,236148669600,91955,False
448,0.27299314279344883,0.9106360609777466,nan,nan,20,5707,528296800,528296800,187,236676966400,236676966400,92142,False
449,0.29602644999077216,0.9038236767406913,nan,nan,20,5989,528296800,528296800,197,237205263200,237205263200,92339,False
450,0.2855682195380209,0.9061704834605598,0.3474798390523882,0.8895158559981944,20,6288,528296800,528296800,206,237733560000,237733560000,92545,False
451,0.2897819498363344,0.9090763566511926,nan,nan,20,6247,528296800,528296800,204,238261856800,238261856800,92749,False
452,0.2821571618400292,0.9074476987447698,nan,nan,20,5975,528296800,528296800,196,238790153600,238790153600,92945,False
453,0.3009456652593305,0.9057286748504879,nan,nan,20,6354,528296800,528296800,207,239318450400,239318450400,93152,False
454,0.277995156660602,0.9100684261974584,nan,nan,20,6138,528296800,528296800,199,239846747200,239846747200,93351,False
455,0.29382397740037003,0.9038799297461281,nan,nan,20,6263,528296800,528296800,205,240375044000,240375044000,93556,False
456,0.25548941729926294,0.9121485943775101,nan,nan,20,5976,528296800,528296800,195,240903340800,240903340800,93751,False
457,0.2782169637212446,0.9140419947506562,nan,nan,20,6096,528296800,528296800,198,241431637600,241431637600,93949,False
458,0.28308950481436884,0.9080702896192646,nan,nan,20,6146,528296800,528296800,204,241959934400,241959934400,94153,False
459,0.2597296624717697,0.9156763796190787,nan,nan,20,6143,528296800,528296800,201,242488231200,242488231200,94354,False
460,0.2555437414514848,0.9132299571098648,0.3577797961664205,0.8881616070420946,20,6062,528296800,528296800,198,243016528000,243016528000,94552,False
461,0.26916276459464633,0.9037580201649863,nan,nan,20,6546,528296800,528296800,215,243544824800,243544824800,94767,False
462,0.2147658755325512,0.922991425849476,nan,nan,20,6298,528296800,528296800,206,244073121600,244073121600,94973,False
463,0.26707691806367767,0.9094792180055856,nan,nan,20,6087,528296800,528296800,201,244601418400,244601418400,95174,False
464,0.2693419813275048,0.9113481377863263,nan,nan,20,5719,528296800,528296800,189,245129715200,245129715200,95363,False
465,0.251471192259137,0.9150785180667784,nan,nan,20,6559,528296800,528296800,215,245658012000,245658012000,95578,False
466,0.24879299611471387,0.9181511795859413,nan,nan,20,6231,528296800,528296800,204,246186308800,246186308800,95782,False
467,0.2855360235786887,0.9078230201987817,nan,nan,20,6238,528296800,528296800,205,246714605600,246714605600,95987,False
468,0.3255533626916919,0.8941798941798942,nan,nan,20,6615,528296800,528296800,218,247242902400,247242902400,96205,False
469,0.27732778150166565,0.9089056130448416,nan,nan,20,6378,528296800,528296800,207,247771199200,247771199200,96412,False
470,0.24609847528861167,0.9160917696133483,0.3596303373787099,0.8866380769664823,20,6233,528296800,528296800,202,248299496000,248299496000,96614,False
471,0.248584195693451,0.9172679172679172,nan,nan,20,6237,528296800,528296800,203,248827792800,248827792800,96817,False
472,0.28341482855596517,0.9021220595492679,nan,nan,20,6079,528296800,528296800,198,249356089600,249356089600,97015,False
473,0.29272740482123466,0.9006221914967162,nan,nan,20,5786,528296800,528296800,192,249884386400,249884386400,97207,False
474,0.2607510738306008,0.9125515976150436,nan,nan,20,6541,528296800,528296800,214,250412683200,250412683200,97421,False
475,0.2549190284047627,0.9148573200992556,nan,nan,20,6448,528296800,528296800,211,250940980000,250940980000,97632,False
476,0.2613800457150741,0.9140419947506562,nan,nan,20,6096,528296800,528296800,198,251469276800,251469276800,97830,False
477,0.2835326996155379,0.9062027231467473,nan,nan,20,5949,528296800,528296800,196,251997573600,251997573600,98026,False
478,0.2661466556860148,0.9079621294428062,nan,nan,20,6443,528296800,528296800,211,252525870400,252525870400,98237,False
479,0.28846701007575803,0.9069127408126922,nan,nan,20,6177,528296800,528296800,203,253054167200,253054167200,98440,False
480,0.2548504896427656,0.9149654643131235,0.34937123085047694,0.8877666177632322,20,6515,528296800,528296800,214,253582464000,253582464000,98654,False
481,0.2513097589154779,0.9102585769815785,nan,nan,20,5917,528296800,528296800,196,254110760800,254110760800,98850,False
482,0.24353863848288154,0.9171779141104295,nan,nan,20,6194,528296800,528296800,201,254639057600,254639057600,99051,False
483,0.22960435992516,0.9233231707317073,nan,nan,20,6560,528296800,528296800,215,255167354400,255167354400,99266,False
484,0.2690339706693295,0.9105821807655194,nan,nan,20,6218,528296800,528296800,203,255695651200,255695651200,99469,False
485,0.2496568734091548,0.9157894736842105,nan,nan,20,6460,528296800,528296800,208,256223948000,256223948000,99677,False
486,0.27999153751941575,0.9050688033443651,nan,nan,20,5741,528296800,528296800,189,256752244800,256752244800,99866,False
487,0.23779229284757045,0.9200250901677905,nan,nan,20,6377,528296800,528296800,207,257280541600,257280541600,100073,False
488,0.2389566357791919,0.922499201022691,nan,nan,20,6258,528296800,528296800,204,257808838400,257808838400,100277,False
489,0.27303245162864714,0.9079934747145187,nan,nan,20,6130,528296800,528296800,201,258337135200,258337135200,100478,False
490,0.24382980830664583,0.923305147604213,0.33304093251270306,0.8933528947071436,20,6741,528296800,528296800,218,258865432000,258865432000,100696,False
491,0.25815762261400643,0.9124334784712144,nan,nan,20,6201,528296800,528296800,202,259393728800,259393728800,100898,False
492,0.2676505848034353,0.9081909627973814,nan,nan,20,6263,528296800,528296800,205,259922025600,259922025600,101103,False
493,0.25664082408202143,0.9190064794816415,nan,nan,20,6482,528296800,528296800,212,260450322400,260450322400,101315,False
494,0.23607102448345643,0.9251775848460931,nan,nan,20,6335,528296800,528296800,207,260978619200,260978619200,101522,False
495,0.2780750378110741,0.910114247311828,nan,nan,20,5952,528296800,528296800,197,261506916000,261506916000,101719,False
496,0.2644175734685699,0.9131313131313131,nan,nan,20,5940,528296800,528296800,193,262035212800,262035212800,101912,False
497,0.21937988384012844,0.9234076433121019,nan,nan,20,6280,528296800,528296800,207,262563509600,262563509600,102119,False
498,0.2260729608104968,0.9280902660828562,nan,nan,20,5938,528296800,528296800,194,263091806400,263091806400,102313,False
499,0.26756605259294397,0.9127221261204592,nan,nan,20,6359,528296800,528296800,209,263620103200,263620103200,102522,False
500,0.2531131130044001,0.914859437751004,0.34446568928861604,0.8901929804762442,20,6225,528296800,528296800,204,264148400000,264148400000,102726,False
501,0.22311601287509727,0.9241771762534605,nan,nan,20,6502,528296800,528296800,212,264676696800,264676696800,102938,False
502,0.24611703975858326,0.9191302987642734,nan,nan,20,6393,528296800,528296800,209,265204993600,265204993600,103147,False
503,0.2706157472074638,0.9138476920513248,nan,nan,20,6001,528296800,528296800,195,265733290400,265733290400,103342,False
504,0.27490760747629234,0.9057370642488667,nan,nan,20,6397,528296800,528296800,210,266261587200,266261587200,103552,False
505,0.2713289865001561,0.9087230943518368,nan,nan,20,6179,528296800,528296800,203,266789884000,266789884000,103755,False
506,0.23902365074570192,0.9202111145606955,nan,nan,20,6442,528296800,528296800,211,267318180800,267318180800,103966,False
507,0.21053607979774047,0.9297470283450168,nan,nan,20,6562,528296800,528296800,215,267846477600,267846477600,104181,False
508,0.2376615799348166,0.9232903541700669,nan,nan,20,6127,528296800,528296800,202,268374774400,268374774400,104383,False
509,0.22601348946765823,0.925334623447831,nan,nan,20,6201,528296800,528296800,203,268903071200,268903071200,104586,False
510,0.2366304487889341,0.9184489921526389,0.33521703152674853,0.8928450513486063,20,6499,528296800,528296800,210,269431368000,269431368000,104796,False
511,0.2710605846436857,0.9120179063360881,nan,nan,20,5808,528296800,528296800,192,269959664800,269959664800,104988,False
512,0.24190932430938053,0.9182477248187567,nan,nan,20,6483,528296800,528296800,213,270487961600,270487961600,105201,False
513,0.2447344604475708,0.9154295246038365,nan,nan,20,5995,528296800,528296800,196,271016258400,271016258400,105397,False
514,0.20958788483216964,0.9258811072454999,nan,nan,20,6611,528296800,528296800,217,271544555200,271544555200,105614,False
515,0.21511729303574922,0.9277364505844846,nan,nan,20,6587,528296800,528296800,214,272072852000,272072852000,105828,False
516,0.2227608343190609,0.9234774376775008,nan,nan,20,6338,528296800,528296800,208,272601148800,272601148800,106036,False
517,0.23231123624351188,0.9241991753885189,nan,nan,20,6306,528296800,528296800,205,273129445600,273129445600,106241,False
518,0.23503881119617262,0.9191566813286819,nan,nan,20,6593,528296800,528296800,215,273657742400,273657742400,106456,False
519,0.2408685876821104,0.9129930394431555,nan,nan,20,6034,528296800,528296800,197,274186039200,274186039200,106653,False
520,0.23447913505570353,0.9178238849861133,0.32765828939246183,0.896964225256743,20,6121,528296800,528296800,199,274714336000,274714336000,106852,False
521,0.2483356403204131,0.9149139579349904,nan,nan,20,6276,528296800,528296800,203,275242632800,275242632800,107055,False
522,0.2681535494686873,0.9104580812445981,nan,nan,20,5785,528296800,528296800,189,275770929600,275770929600,107244,False
523,0.23970539732374332,0.9160882307573655,nan,nan,20,6483,528296800,528296800,213,276299226400,276299226400,107457,False
524,0.2451571648487407,0.9168207024029574,nan,nan,20,6492,528296800,528296800,211,276827523200,276827523200,107668,False
525,0.23887271012331054,0.9241803278688525,nan,nan,20,6344,528296800,528296800,209,277355820000,277355820000,107877,False
526,0.21585367020029383,0.9240240240240241,nan,nan,20,6660,528296800,528296800,219,277884116800,277884116800,108096,False
527,0.2318991861559124,0.9191761585270714,nan,nan,20,6409,528296800,528296800,211,278412413600,278412413600,108307,False
528,0.25106910261719645,0.9196498358605596,nan,nan,20,6397,528296800,528296800,209,278940710400,278940710400,108516,False
529,0.2756069000416391,0.9110110265569188,nan,nan,20,6439,528296800,528296800,210,279469007200,279469007200,108726,False
530,0.2467370615876246,0.9129872230308912,0.3311661226649059,0.8944814355038935,20,6183,528296800,528296800,204,279997304000,279997304000,108930,False
531,0.23470837709550782,0.9233221986030975,nan,nan,20,6586,528296800,528296800,216,280525600800,280525600800,109146,False
532,0.19682573382121038,0.9310453400503779,nan,nan,20,6352,528296800,528296800,206,281053897600,281053897600,109352,False
533,0.21455026939791189,0.9274815164385717,nan,nan,20,6357,528296800,528296800,209,281582194400,281582194400,109561,False
534,0.2317787043311758,0.9209322908983626,nan,nan,20,6779,528296800,528296800,221,282110491200,282110491200,109782,False
535,0.3041324647637257,0.9019172872761845,nan,nan,20,6311,528296800,528296800,208,282638788000,282638788000,109990,False
536,0.20581036990369814,0.9300688828990715,nan,nan,20,6678,528296800,528296800,218,283167084800,283167084800,110208,False
537,0.24984799275381422,0.9153150343106675,nan,nan,20,6412,528296800,528296800,212,283695381600,283695381600,110420,False
538,0.24733730322925207,0.9166020771973338,nan,nan,20,6451,528296800,528296800,212,284223678400,284223678400,110632,False
539,0.23754225526729814,0.9185278389430639,nan,nan,20,6358,528296800,528296800,206,284751975200,284751975200,110838,False
540,0.21683270560606843,0.9301527907701902,0.3362697620327808,0.8925629161494189,20,6414,528296800,528296800,210,285280272000,285280272000,111048,False
541,0.2829525105767235,0.9031762295081968,nan,nan,20,5856,528296800,528296800,192,285808568800,285808568800,111240,False
542,0.2490000283057403,0.9126510878323932,nan,nan,20,6205,528296800,528296800,204,286336865600,286336865600,111444,False
543,0.17968446647104572,0.9355379457482474,nan,nan,20,6562,528296800,528296800,213,286865162400,286865162400,111657,False
544,0.2448458181340097,0.9207106431978944,nan,nan,20,6079,528296800,528296800,199,287393459200,287393459200,111856,False
545,0.2297168866048582,0.9245533736896501,nan,nan,20,6773,528296800,528296800,221,287921756000,287921756000,112077,False
546,0.2169393720777151,0.9289669356114539,nan,nan,20,6321,528296800,528296800,206,288450052800,288450052800,112283,False
547,0.2343192707201246,0.9212392108508015,nan,nan,20,6488,528296800,528296800,213,288978349600,288978349600,112496,False
548,0.22335238237760477,0.9250868448874793,nan,nan,20,6621,528296800,528296800,217,289506646400,289506646400,112713,False
549,0.22954924193588208,0.9207470182046453,nan,nan,20,6372,528296800,528296800,207,290034943200,290034943200,112920,False
550,0.21925054966724866,0.9212503757138564,0.33690015465986406,0.8932964676673062,20,6654,528296800,528296800,219,290563240000,290563240000,113139,False
551,0.2350086193373885,0.9180061698327651,nan,nan,20,6159,528296800,528296800,202,291091536800,291091536800,113341,False
552,0.275456875555246,0.9076263924592973,nan,nan,20,5835,528296800,528296800,191,291619833600,291619833600,113532,False
553,0.2110330391021202,0.9307474874371859,nan,nan,20,6368,528296800,528296800,209,292148130400,292148130400,113741,False
554,0.19848821955096463,0.9313304721030042,nan,nan,20,6524,528296800,528296800,213,292676427200,292676427200,113954,False
555,0.2622156569941185,0.9131211432283208,nan,nan,20,6158,528296800,528296800,201,293204724000,293204724000,114155,False
556,0.22706083473357644,0.9225836721926807,nan,nan,20,6394,528296800,528296800,208,293733020800,293733020800,114363,False
557,0.21118126879130855,0.926647390047177,nan,nan,20,6571,528296800,528296800,214,294261317600,294261317600,114577,False
558,0.25395154981884716,0.9206177606177606,nan,nan,20,6475,528296800,528296800,212,294789614400,294789614400,114789,False
559,0.24389174359047897,0.9186479055474689,nan,nan,20,6183,528296800,528296800,203,295317911200,295317911200,114992,False
560,0.2080426369307434,0.9291413980210661,0.3381555540346962,0.8944250084640559,20,6266,528296800,528296800,208,295846208000,295846208000,115200,False
561,0.23136125332567398,0.9226218278063211,nan,nan,20,6423,528296800,528296800,212,296374504800,296374504800,115412,False
562,0.2819374249774339,0.9077419354838709,nan,nan,20,6200,528296800,528296800,205,296902801600,296902801600,115617,False
563,0.22905532506447945,0.9270965692503177,nan,nan,20,6296,528296800,528296800,205,297431098400,297431098400,115822,False
564,0.19593471564511897,0.9322585645636335,nan,nan,20,6451,528296800,528296800,211,297959395200,297959395200,116033,False
565,0.2638629653663312,0.9107788366743346,nan,nan,20,6086,528296800,528296800,200,298487692000,298487692000,116233,False
566,0.220811743124277,0.9265843621399177,nan,nan,20,6075,528296800,528296800,199,299015988800,299015988800,116432,False
567,0.234862988057079,0.922971741112124,nan,nan,20,6582,528296800,528296800,216,299544285600,299544285600,116648,False
568,0.21779648425575024,0.9295939234589541,nan,nan,20,6846,528296800,528296800,222,300072582400,300072582400,116870,False
569,0.2601153798546276,0.9105839416058394,nan,nan,20,6028,528296800,528296800,198,300600879200,300600879200,117068,False
570,0.21684658796517686,0.9243671851174139,0.3225539219142648,0.8954406951811308,20,6558,528296800,528296800,213,301129176000,301129176000,117281,False
571,0.1862361886319074,0.936203158872716,nan,nan,20,6458,528296800,528296800,210,301657472800,301657472800,117491,False
572,0.21970594805091068,0.9258328095537398,nan,nan,20,6364,528296800,528296800,209,302185769600,302185769600,117700,False
573,0.25745508497260644,0.9116636675936529,nan,nan,20,6113,528296800,528296800,200,302714066400,302714066400,117900,False
574,0.20385472209061647,0.9304443397707647,nan,nan,20,6369,528296800,528296800,210,303242363200,303242363200,118110,False
575,0.23446005646552429,0.9168332052267486,nan,nan,20,6505,528296800,528296800,213,303770660000,303770660000,118323,False
576,0.19666924555683932,0.9315152443695419,nan,nan,20,6527,528296800,528296800,215,304298956800,304298956800,118538,False
577,0.22242320895358073,0.923559703894432,nan,nan,20,6214,528296800,528296800,203,304827253600,304827253600,118741,False
578,0.19513401687761509,0.9310808790551652,nan,nan,20,6689,528296800,528296800,218,305355550400,305355550400,118959,False
579,0.2114385474214709,0.9265750828991,nan,nan,20,6333,528296800,528296800,208,305883847200,305883847200,119167,False
580,0.21396417945697283,0.928065480875177,0.3246687174906191,0.8952149870217808,20,6353,528296800,528296800,207,306412144000,306412144000,119374,False
581,0.2119113254369849,0.9280070237050044,nan,nan,20,6834,528296800,528296800,222,306940440800,306940440800,119596,False
582,0.20395742246022652,0.9275602409638555,nan,nan,20,6640,528296800,528296800,216,307468737600,307468737600,119812,False
583,0.20463417476851,0.9296385542168675,nan,nan,20,6225,528296800,528296800,202,307997034400,307997034400,120014,False
584,0.21602728599908813,0.9281045751633987,nan,nan,20,6120,528296800,528296800,200,308525331200,308525331200,120214,False
585,0.23207437023076982,0.9222546161321672,nan,nan,20,6174,528296800,528296800,202,309053628000,309053628000,120416,False
586,0.192730827632918,0.9338046272493573,nan,nan,20,6224,528296800,528296800,203,309581924800,309581924800,120619,False
587,0.21476450309518205,0.92577351013565,nan,nan,20,6561,528296800,528296800,217,310110221600,310110221600,120836,False
588,0.21626288690713202,0.9245818870306091,nan,nan,20,6338,528296800,528296800,208,310638518400,310638518400,121044,False
589,0.22949884372834287,0.9232158988256549,nan,nan,20,6642,528296800,528296800,218,311166815200,311166815200,121262,False
590,0.23032579385555646,0.9212092731829574,0.32428706104633515,0.8958921114998307,20,6384,528296800,528296800,209,311695112000,311695112000,121471,False
591,0.27467002147985964,0.9052221091895558,nan,nan,20,5898,528296800,528296800,194,312223408800,312223408800,121665,False
592,0.19840295291147902,0.9315175097276265,nan,nan,20,6425,528296800,528296800,212,312751705600,312751705600,121877,False
593,0.20810649445330776,0.9297297297297298,nan,nan,20,6290,528296800,528296800,208,313280002400,313280002400,122085,False
594,0.25980083924293584,0.9146587906109125,nan,nan,20,6433,528296800,528296800,210,313808299200,313808299200,122295,False
595,0.27161372974503306,0.911465665571719,nan,nan,20,6393,528296800,528296800,209,314336596000,314336596000,122504,False
596,0.2350908802356792,0.9194237771093874,nan,nan,20,6317,528296800,528296800,206,314864892800,314864892800,122710,False
597,0.2341011352949964,0.920803586252698,nan,nan,20,6023,528296800,528296800,196,315393189600,315393189600,122906,False
598,0.21722668459881464,0.9250170415814588,nan,nan,20,5868,528296800,528296800,192,315921486400,315921486400,123098,False
599,0.2039484968849747,0.9282994923857868,nan,nan,20,6304,528296800,528296800,209,316449783200,316449783200,123307,False
600,0.22175059837063837,0.9239509165277988,0.3341504488837812,0.8946507166234059,20,6601,528296800,528296800,214,316978080000,316978080000,123521,False
601,0.2159180847482881,0.9272286234081262,nan,nan,20,6596,528296800,528296800,216,317506376800,317506376800,123737,False
602,0.29930776455398117,0.8975703548330711,nan,nan,20,5721,528296800,528296800,189,318034673600,318034673600,123926,False
603,0.22114050282067899,0.9203067689229744,nan,nan,20,5998,528296800,528296800,199,318562970400,318562970400,124125,False
604,0.22113742563163108,0.9242567994939912,nan,nan,20,6324,528296800,528296800,206,319091267200,319091267200,124331,False
605,0.2658426296424317,0.9073583029499502,nan,nan,20,6034,528296800,528296800,198,319619564000,319619564000,124529,False
606,0.25463170834696414,0.917077045274027,nan,nan,20,6295,528296800,528296800,207,320147860800,320147860800,124736,False
607,0.20102660607634765,0.9336447092929618,nan,nan,20,6209,528296800,528296800,204,320676157600,320676157600,124940,False
608,0.25391962800001694,0.9165734377497203,nan,nan,20,6257,528296800,528296800,205,321204454400,321204454400,125145,False
609,0.22910039768820362,0.9191854915685651,nan,nan,20,6286,528296800,528296800,208,321732751200,321732751200,125353,False
610,0.2579374518374852,0.9093615613628846,0.3260787620244157,0.8978670578941429,20,6046,528296800,528296800,196,322261048000,322261048000,125549,False
611,0.23863569922581895,0.9174975876487617,nan,nan,20,6218,528296800,528296800,201,322789344800,322789344800,125750,False
612,0.20755596972773946,0.9288928892889289,nan,nan,20,6666,528296800,528296800,217,323317641600,323317641600,125967,False
613,0.22270809313097492,0.9230886152910777,nan,nan,20,6579,528296800,528296800,216,323845938400,323845938400,126183,False
614,0.22176367166864372,0.9254007398273736,nan,nan,20,6488,528296800,528296800,209,324374235200,324374235200,126392,False
615,0.20285617245174023,0.9298610001597699,nan,nan,20,6259,528296800,528296800,203,324902532000,324902532000,126595,False
616,0.22531299117271605,0.9247822644497229,nan,nan,20,6315,528296800,528296800,206,325430828800,325430828800,126801,False
617,0.21031835261664467,0.9248301886792453,nan,nan,20,6625,528296800,528296800,216,325959125600,325959125600,127017,False
618,0.21765651247749124,0.9245673716905783,nan,nan,20,6761,528296800,528296800,219,326487422400,326487422400,127236,False
619,0.24752067748902074,0.9120178514504304,nan,nan,20,6274,528296800,528296800,204,327015719200,327015719200,127440,False
620,0.1948210092550886,0.932997557997558,0.3312463125752321,0.8951021329421058,20,6552,528296800,528296800,215,327544016000,327544016000,127655,False
621,0.218656001051195,0.9270849391089873,nan,nan,20,6487,528296800,528296800,214,328072312800,328072312800,127869,False
622,0.22708812555521213,0.9261039351156504,nan,nan,20,6658,528296800,528296800,216,328600609600,328600609600,128085,False
623,0.229941805078161,0.9243502731335872,nan,nan,20,6041,528296800,528296800,198,329128906400,329128906400,128283,False
624,0.19870481524306705,0.9357164774470696,nan,nan,20,6518,528296800,528296800,215,329657203200,329657203200,128498,False
625,0.20406197236616355,0.9297129810828441,nan,nan,20,6132,528296800,528296800,203,330185500000,330185500000,128701,False
626,0.2467237559816491,0.9161227154046997,nan,nan,20,6128,528296800,528296800,201,330713796800,330713796800,128902,False
627,0.1788108574551665,0.9370764762826719,nan,nan,20,6198,528296800,528296800,203,331242093600,331242093600,129105,False
628,0.21123997363969202,0.9264569842738205,nan,nan,20,6486,528296800,528296800,213,331770390400,331770390400,129318,False
629,0.2590501701621932,0.916347275454091,nan,nan,20,6001,528296800,528296800,197,332298687200,332298687200,129515,False
630,0.22843755756711753,0.9206219312602292,0.31767374748651445,0.9000112854079675,20,6110,528296800,528296800,203,332826984000,332826984000,129718,False
631,0.22314344150079976,0.9226662599145821,nan,nan,20,6556,528296800,528296800,214,333355280800,333355280800,129932,False
632,0.22574902634083316,0.9271447282252783,nan,nan,20,6108,528296800,528296800,202,333883577600,333883577600,130134,False
633,0.2291824578262286,0.9218800648298218,nan,nan,20,6170,528296800,528296800,204,334411874400,334411874400,130338,False
634,0.24002562395033286,0.9204119850187266,nan,nan,20,6408,528296800,528296800,211,334940171200,334940171200,130549,False
635,0.19616864657748803,0.9299617102744097,nan,nan,20,6268,528296800,528296800,206,335468468000,335468468000,130755,False
636,0.20755053834081127,0.9294040387456903,nan,nan,20,6091,528296800,528296800,197,335996764800,335996764800,130952,False
637,0.22509817931222414,0.92418410041841,nan,nan,20,5975,528296800,528296800,197,336525061600,336525061600,131149,False
638,0.22285669536749958,0.9213448006254886,nan,nan,20,6395,528296800,528296800,206,337053358400,337053358400,131355,False
639,0.19712776593271633,0.933043738765728,nan,nan,20,6676,528296800,528296800,218,337581655200,337581655200,131573,False
640,0.17541850713833312,0.9371184371184371,0.3333237991619831,0.8937478839860061,20,6552,528296800,528296800,214,338109952000,338109952000,131787,False
641,0.2267994672055674,0.92150979153506,nan,nan,20,6332,528296800,528296800,207,338638248800,338638248800,131994,False
642,0.20781310164688857,0.9274847870182555,nan,nan,20,5916,528296800,528296800,194,339166545600,339166545600,132188,False
643,0.19583133060319044,0.9350475872432793,nan,nan,20,5989,528296800,528296800,197,339694842400,339694842400,132385,False
644,0.2629474915168991,0.914561170212766,nan,nan,20,6016,528296800,528296800,195,340223139200,340223139200,132580,False
645,0.16886743095603315,0.9426418576041827,nan,nan,20,6503,528296800,528296800,214,340751436000,340751436000,132794,False
646,0.22079251730916857,0.9217324052590874,nan,nan,20,6465,528296800,528296800,212,341279732800,341279732800,133006,False
647,0.19974863115610214,0.9287598944591029,nan,nan,20,6443,528296800,528296800,210,341808029600,341808029600,133216,False
648,0.20634361700267057,0.9281572164948454,nan,nan,20,6208,528296800,528296800,205,342336326400,342336326400,133421,False
649,0.22500033739176933,0.925997425997426,nan,nan,20,6216,528296800,528296800,203,342864623200,342864623200,133624,False
650,0.19580379174773768,0.932640805064113,0.32158647627798753,0.8996727231689425,20,6161,528296800,528296800,202,343392920000,343392920000,133826,False
651,0.22398171161174674,0.9243097429387496,nan,nan,20,6302,528296800,528296800,206,343921216800,343921216800,134032,False
652,0.18699846180450924,0.9357712142522269,nan,nan,20,6399,528296800,528296800,210,344449513600,344449513600,134242,False
653,0.2373613074790625,0.9248144562762182,nan,nan,20,6198,528296800,528296800,203,344977810400,344977810400,134445,False
654,0.2090037836090944,0.927941421201531,nan,nan,20,6009,528296800,528296800,198,345506107200,345506107200,134643,False
655,0.21633758106587284,0.9293119698397738,nan,nan,20,6366,528296800,528296800,208,346034404000,346034404000,134851,False
656,0.19607382192685205,0.9346564885496184,nan,nan,20,6550,528296800,528296800,214,346562700800,346562700800,135065,False
657,0.19095713800200856,0.9322088353413654,nan,nan,20,6225,528296800,528296800,205,347090997600,347090997600,135270,False
658,0.21754815734667268,0.9244501115715652,nan,nan,20,6274,528296800,528296800,207,347619294400,347619294400,135477,False
659,0.16352586532623728,0.9441747572815534,nan,nan,20,6592,528296800,528296800,215,348147591200,348147591200,135692,False
660,0.20112388852688934,0.9290592983545483,0.3129314794697539,0.9015348154835797,20,6442,528296800,528296800,211,348675888000,348675888000,135903,False
661,0.20680827682438704,0.9284126984126985,nan,nan,20,6300,528296800,528296800,206,349204184800,349204184800,136109,False
662,0.22037562298403734,0.9217377155873739,nan,nan,20,6146,528296800,528296800,201,349732481600,349732481600,136310,False
663,0.1954131248067994,0.9333333333333333,nan,nan,20,6465,528296800,528296800,212,350260778400,350260778400,136522,False
664,0.18135803052017485,0.9350871731008717,nan,nan,20,6424,528296800,528296800,211,350789075200,350789075200,136733,False
665,0.21682858858118859,0.925689359713351,nan,nan,20,6419,528296800,528296800,209,351317372000,351317372000,136942,False
666,0.20148338954994086,0.9291491911324146,nan,nan,20,6676,528296800,528296800,218,351845668800,351845668800,137160,False
667,0.23569859970027776,0.9192748417992133,nan,nan,20,5847,528296800,528296800,189,352373965600,352373965600,137349,False
668,0.18677838950042688,0.936470953712333,nan,nan,20,6438,528296800,528296800,212,352902262400,352902262400,137561,False
669,0.2311002982553207,0.9193394728485234,nan,nan,20,6298,528296800,528296800,205,353430559200,353430559200,137766,False
670,0.2158624146136461,0.9320403413498837,0.315778768041739,0.8998984313282925,20,6445,528296800,528296800,208,353958856000,353958856000,137974,False
671,0.20378082000219327,0.9332582824059183,nan,nan,20,6218,528296800,528296800,204,354487152800,354487152800,138178,False
672,0.273642431250965,0.9072130601365984,nan,nan,20,6003,528296800,528296800,197,355015449600,355015449600,138375,False
673,0.19231555004516682,0.9366672150024675,nan,nan,20,6079,528296800,528296800,198,355543746400,355543746400,138573,False
674,0.18350100697764843,0.9375304234950511,nan,nan,20,6163,528296800,528296800,201,356072043200,356072043200,138774,False
675,0.21870952356246917,0.9259259259259259,nan,nan,20,5967,528296800,528296800,199,356600340000,356600340000,138973,False
676,0.2148000346390904,0.9310174514323345,nan,nan,20,6074,528296800,528296800,199,357128636800,357128636800,139172,False
677,0.1986000239910473,0.9329378810347668,nan,nan,20,6069,528296800,528296800,200,357656933600,357656933600,139372,False
678,0.19855506733159614,0.9302737520128824,nan,nan,20,6210,528296800,528296800,202,358185230400,358185230400,139574,False
679,0.1675813911581071,0.9397157582383258,nan,nan,20,6403,528296800,528296800,209,358713527200,358713527200,139783,False
680,0.2034554166878598,0.9277768821537965,0.31010585555157427,0.9033969077982169,20,6203,528296800,528296800,203,359241824000,359241824000,139986,False
681,0.19158066915953811,0.9321595864965272,nan,nan,20,6191,528296800,528296800,202,359770120800,359770120800,140188,False
682,0.2165727399652965,0.92739898989899,nan,nan,20,6336,528296800,528296800,209,360298417600,360298417600,140397,False
683,0.1983379100511987,0.9321411464154559,nan,nan,20,6263,528296800,528296800,203,360826714400,360826714400,140600,False
684,0.1963293921903257,0.935671594841145,nan,nan,20,6358,528296800,528296800,208,361355011200,361355011200,140808,False
685,0.21301032575103557,0.924629659775354,nan,nan,20,6143,528296800,528296800,203,361883308000,361883308000,141011,False
686,0.21340256706736385,0.9243802949482272,nan,nan,20,6374,528296800,528296800,209,362411604800,362411604800,141220,False
687,0.19864181954774515,0.9312415553220237,nan,nan,20,6661,528296800,528296800,219,362939901600,362939901600,141439,False
688,0.1881987076682683,0.9381881094683863,nan,nan,20,6358,528296800,528296800,210,363468198400,363468198400,141649,False
689,0.2176024015614109,0.9193414269083652,nan,nan,20,6013,528296800,528296800,198,363996495200,363996495200,141847,False
690,0.20541323364021355,0.9316780009489166,0.3228585984620509,0.897077079336418,20,6323,528296800,528296800,207,364524792000,364524792000,142054,False
691,0.19411626225951928,0.9326001571091909,nan,nan,20,6365,528296800,528296800,208,365053088800,365053088800,142262,False
692,0.19271531508206904,0.9330291673456086,nan,nan,20,6137,528296800,528296800,203,365581385600,365581385600,142465,False
693,0.2153681497762067,0.9274355411455921,nan,nan,20,6477,528296800,528296800,214,366109682400,366109682400,142679,False
694,0.21982200591834142,0.9229544730977396,nan,nan,20,6282,528296800,528296800,204,366637979200,366637979200,142883,False
695,0.22287576287770675,0.9286976071944757,nan,nan,20,6227,528296800,528296800,203,367166276000,367166276000,143086,False
696,0.19017307239461095,0.9331363707044006,nan,nan,20,6431,528296800,528296800,210,367694572800,367694572800,143296,False
697,0.192389869962359,0.9328931203931204,nan,nan,20,6512,528296800,528296800,212,368222869600,368222869600,143508,False
698,0.22735363930213034,0.9253112033195021,nan,nan,20,6507,528296800,528296800,213,368751166400,368751166400,143721,False
699,0.19512055983055307,0.9309623430962343,nan,nan,20,6214,528296800,528296800,204,369279463200,369279463200,143925,False
700,0.18644520153754462,0.936087295401403,0.3235463866422279,0.8966820900575556,20,6415,528296800,528296800,209,369807760000,369807760000,144134,False
701,0.22997164584600835,0.9186925098554534,nan,nan,20,6088,528296800,528296800,200,370336056800,370336056800,144334,False
702,0.1905592056471191,0.933678125950715,nan,nan,20,6574,528296800,528296800,213,370864353600,370864353600,144547,False
703,0.18096420563101423,0.9403852033017426,nan,nan,20,6542,528296800,528296800,215,371392650400,371392650400,144762,False
704,0.20634135684636593,0.9268093448782878,nan,nan,20,6121,528296800,528296800,202,371920947200,371920947200,144964,False
705,0.22840589895955282,0.9269590454692035,nan,nan,20,6202,528296800,528296800,202,372449244000,372449244000,145166,False
706,0.20029411062354974,0.9361564570874414,nan,nan,20,6187,528296800,528296800,202,372977540800,372977540800,145368,False
707,0.21011061718841614,0.9267411300919842,nan,nan,20,6088,528296800,528296800,196,373505837600,373505837600,145564,False
708,0.19200034987097336,0.9335188620902907,nan,nan,20,6468,528296800,528296800,211,374034134400,374034134400,145775,False
709,0.21289999255317485,0.9230769230769231,nan,nan,20,6409,528296800,528296800,211,374562431200,374562431200,145986,False
710,0.18876980060857265,0.9325273648096716,0.3107324315273066,0.9039047511567543,20,6121,528296800,528296800,200,375090728000,375090728000,146186,False
711,0.1729606225529254,0.9386955158356851,nan,nan,20,6378,528296800,528296800,211,375619024800,375619024800,146397,False
712,0.17856842681299628,0.9375474851846224,nan,nan,20,6581,528296800,528296800,215,376147321600,376147321600,146612,False
713,0.1948990537531488,0.9291720569210866,nan,nan,20,6184,528296800,528296800,201,376675618400,376675618400,146813,False
714,0.19515276678017715,0.9307036247334755,nan,nan,20,6566,528296800,528296800,214,377203915200,377203915200,147027,False
715,0.1879526797547178,0.9338768115942029,nan,nan,20,6624,528296800,528296800,218,377732212000,377732212000,147245,False
716,0.17967584120185676,0.9367205542725173,nan,nan,20,6495,528296800,528296800,211,378260508800,378260508800,147456,False
717,0.18887398828254845,0.9313331271265078,nan,nan,20,6466,528296800,528296800,214,378788805600,378788805600,147670,False
718,0.21673226370907928,0.925777331995988,nan,nan,20,5982,528296800,528296800,194,379317102400,379317102400,147864,False
719,0.22089801157896335,0.9250202429149798,nan,nan,20,6175,528296800,528296800,203,379845399200,379845399200,148067,False
720,0.19372794277616479,0.9389460154241646,0.3033633541676089,0.9046947297144792,20,6224,528296800,528296800,202,380373696000,380373696000,148269,False
721,0.19287997289426054,0.9318252246668732,nan,nan,20,6454,528296800,528296800,211,380901992800,380901992800,148480,False
722,0.18308540452638958,0.9356981132075471,nan,nan,20,6625,528296800,528296800,217,381430289600,381430289600,148697,False
723,0.2183462497937383,0.9239576213260424,nan,nan,20,5852,528296800,528296800,192,381958586400,381958586400,148889,False
724,0.18726345835934358,0.9329767149150409,nan,nan,20,6356,528296800,528296800,208,382486883200,382486883200,149097,False
725,0.1620818034824394,0.9418231791113147,nan,nan,20,6549,528296800,528296800,214,383015180000,383015180000,149311,False
726,0.18361114222646183,0.9351027674380967,nan,nan,20,6179,528296800,528296800,201,383543476800,383543476800,149512,False
727,0.20358236865486673,0.9306155075939249,nan,nan,20,6255,528296800,528296800,204,384071773600,384071773600,149716,False
728,0.2023824263387014,0.9287969687401326,nan,nan,20,6334,528296800,528296800,207,384600070400,384600070400,149923,False
729,0.19232621011282433,0.9330959798249517,nan,nan,20,6741,528296800,528296800,220,385128367200,385128367200,150143,False
730,0.1957874519024903,0.9361633703167712,0.30687335508898356,0.9030019185193545,20,6219,528296800,528296800,204,385656664000,385656664000,150347,False
731,0.19644516940635873,0.9308206106870229,nan,nan,20,6288,528296800,528296800,207,386184960800,386184960800,150554,False
732,0.17804980456082226,0.9354891932024418,nan,nan,20,6061,528296800,528296800,198,386713257600,386713257600,150752,False
733,0.21643415521848366,0.925238172129824,nan,nan,20,6193,528296800,528296800,203,387241554400,387241554400,150955,False
734,0.19459356228725444,0.9350689127105666,nan,nan,20,6530,528296800,528296800,214,387769851200,387769851200,151169,False
735,0.18784464228119094,0.9366840731070496,nan,nan,20,6128,528296800,528296800,200,388298148000,388298148000,151369,False
736,0.19547987166724815,0.9293553872314113,nan,nan,20,6469,528296800,528296800,210,388826444800,388826444800,151579,False
737,0.2037714997651364,0.9302811244979919,nan,nan,20,6225,528296800,528296800,205,389354741600,389354741600,151784,False
738,0.17148814262109977,0.9429768041237113,nan,nan,20,6208,528296800,528296800,202,389883038400,389883038400,151986,False
739,0.18663134109457025,0.9333729039916902,nan,nan,20,6739,528296800,528296800,218,390411335200,390411335200,152204,False
740,0.21494095073938035,0.9294439087110254,0.3160656200091869,0.9016476695632547,20,6222,528296800,528296800,204,390939632000,390939632000,152408,False
741,0.18452506706402838,0.9338957055214724,nan,nan,20,6520,528296800,528296800,214,391467928800,391467928800,152622,False
742,0.23282780153256816,0.9208366854384553,nan,nan,20,6215,528296800,528296800,204,391996225600,391996225600,152826,False
743,0.18801822872933094,0.9369676320272572,nan,nan,20,6457,528296800,528296800,210,392524522400,392524522400,153036,False
744,0.2064087176065831,0.9271066965716117,nan,nan,20,6242,528296800,528296800,204,393052819200,393052819200,153240,False
745,0.20308599655830137,0.9256006628003314,nan,nan,20,6035,528296800,528296800,199,393581116000,393581116000,153439,False
746,0.2127124983895874,0.9285161689617825,nan,nan,20,6463,528296800,528296800,211,394109412800,394109412800,153650,False
747,0.21075098297301606,0.9269470404984423,nan,nan,20,6420,528296800,528296800,210,394637709600,394637709600,153860,False
748,0.18087102659753698,0.9374430610385667,nan,nan,20,6586,528296800,528296800,216,395166006400,395166006400,154076,False
749,0.20102945547894668,0.9287671232876712,nan,nan,20,6570,528296800,528296800,215,395694303200,395694303200,154291,False
750,0.20455419818149184,0.9296290134752953,0.3079434618456425,0.9031711996388669,20,6011,528296800,528296800,197,396222600000,396222600000,154488,False
751,0.20761143325017475,0.9321360457724094,nan,nan,20,6292,528296800,528296800,205,396750896800,396750896800,154693,False
752,0.1752256393391655,0.9386072083078802,nan,nan,20,6548,528296800,528296800,213,397279193600,397279193600,154906,False
753,0.19304495582188486,0.9295575776592406,nan,nan,20,6374,528296800,528296800,212,397807490400,397807490400,155118,False
754,0.2220489399020045,0.926985195154778,nan,nan,20,5944,528296800,528296800,194,398335787200,398335787200,155312,False
755,0.17569967174313095,0.9394639556377079,nan,nan,20,6492,528296800,528296800,214,398864084000,398864084000,155526,False
756,0.213771035125881,0.9270154237557641,nan,nan,20,6289,528296800,528296800,205,399392380800,399392380800,155731,False
757,0.21275403252843345,0.9293745051464767,nan,nan,20,6315,528296800,528296800,207,399920677600,399920677600,155938,False
758,0.18720423887331894,0.9358253390671518,nan,nan,20,6046,528296800,528296800,197,400448974400,400448974400,156135,False
759,0.17100358318996414,0.9345283305483822,nan,nan,20,6583,528296800,528296800,214,400977271200,400977271200,156349,False
760,0.19440738669050106,0.9307716241443684,0.3184370273204356,0.9004062746868299,20,6428,528296800,528296800,208,401505568000,401505568000,156557,False
761,0.21557549581776356,0.9256811220377237,nan,nan,20,6203,528296800,528296800,203,402033864800,402033864800,156760,False
762,0.18017149490710763,0.9365200182676207,nan,nan,20,6569,528296800,528296800,215,402562161600,402562161600,156975,False
763,0.19583136791896208,0.9304376768181062,nan,nan,20,6009,528296800,528296800,195,403090458400,403090458400,157170,False
764,0.27291916745348815,0.9068934646374217,nan,nan,20,5585,528296800,528296800,187,403618755200,403618755200,157357,False
765,0.16297592169226605,0.9446333171442448,nan,nan,20,6177,528296800,528296800,201,404147052000,404147052000,157558,False
766,0.19953399047533238,0.930564166150031,nan,nan,20,6452,528296800,528296800,210,404675348800,404675348800,157768,False
767,0.1975526666489389,0.9328945256060363,nan,nan,20,6229,528296800,528296800,203,405203645600,405203645600,157971,False
768,0.19315434336704618,0.9312519224853891,nan,nan,20,6502,528296800,528296800,211,405731942400,405731942400,158182,False
769,0.17389496631825066,0.9433844228964654,nan,nan,20,6394,528296800,528296800,210,406260239200,406260239200,158392,False
770,0.17427886198153925,0.9375194280385453,0.31712010345075836,0.9033969077982169,20,6434,528296800,528296800,212,406788536000,406788536000,158604,False
771,0.1732107909197539,0.9394701790735533,nan,nan,20,6757,528296800,528296800,220,407316832800,407316832800,158824,False
772,0.19870852529366514,0.9326080386823814,nan,nan,20,6618,528296800,528296800,216,407845129600,407845129600,159040,False
773,0.1872679904204133,0.9381633594831564,nan,nan,20,6501,528296800,528296800,214,408373426400,408373426400,159254,False
774,0.17873714469999127,0.9380290688388436,nan,nan,20,6261,528296800,528296800,205,408901723200,408901723200,159459,False
775,0.2111626844100602,0.9236842105263158,nan,nan,20,6460,528296800,528296800,212,409430020000,409430020000,159671,False
776,0.19801062453681684,0.9353836595215905,nan,nan,20,6438,528296800,528296800,210,409958316800,409958316800,159881,False
777,0.2127844430844918,0.9227210418094586,nan,nan,20,5836,528296800,528296800,192,410486613600,410486613600,160073,False
778,0.17893956915560477,0.9352295563456485,nan,nan,20,6469,528296800,528296800,212,411014910400,411014910400,160285,False
779,0.22070798461564378,0.9241354975299929,nan,nan,20,5668,528296800,528296800,188,411543207200,411543207200,160473,False
780,0.17564399614309864,0.9361057998725303,0.32462892426336987,0.8978670578941429,20,6276,528296800,528296800,208,412071504000,412071504000,160681,False
781,0.19336414238953512,0.9312856238125395,nan,nan,20,6316,528296800,528296800,205,412599800800,412599800800,160886,False
782,0.16399508612550237,0.9446628364076202,nan,nan,20,6614,528296800,528296800,214,413128097600,413128097600,161100,False
783,0.19350454363386194,0.9326489345154767,nan,nan,20,6429,528296800,528296800,211,413656394400,413656394400,161311,False
784,0.18265650271209574,0.9377330955083509,nan,nan,20,6167,528296800,528296800,201,414184691200,414184691200,161512,False
785,0.19710723146167783,0.9298112058465287,nan,nan,20,6568,528296800,528296800,214,414712988000,414712988000,161726,False
786,0.22813300877397355,0.9175124859030127,nan,nan,20,6207,528296800,528296800,206,415241284800,415241284800,161932,False
787,0.1976973044121172,0.9308930261912275,nan,nan,20,6338,528296800,528296800,206,415769581600,415769581600,162138,False
788,0.19635132174503253,0.9287810906843813,nan,nan,20,6473,528296800,528296800,210,416297878400,416297878400,162348,False
789,0.18876861807737333,0.9343283582089552,nan,nan,20,6700,528296800,528296800,219,416826175200,416826175200,162567,False
790,0.2180968807876555,0.9216567667362338,0.31143271417559143,0.9011398262047173,20,6229,528296800,528296800,204,417354472000,417354472000,162771,False
791,0.1871422779737783,0.9347969626939584,nan,nan,20,6058,528296800,528296800,198,417882768800,417882768800,162969,False
792,0.21876525083429513,0.9259078326005536,nan,nan,20,6141,528296800,528296800,201,418411065600,418411065600,163170,False
793,0.20444833370081095,0.93038601121742,nan,nan,20,6062,528296800,528296800,199,418939362400,418939362400,163369,False
794,0.18975200858054136,0.9302625221452729,nan,nan,20,6209,528296800,528296800,202,419467659200,419467659200,163571,False
795,0.218944129819528,0.9251442704039571,nan,nan,20,6065,528296800,528296800,198,419995956000,419995956000,163769,False
796,0.1991656011698899,0.9272669016340916,nan,nan,20,6242,528296800,528296800,204,420524252800,420524252800,163973,False
797,0.19114699088209927,0.9329459097004917,nan,nan,20,6711,528296800,528296800,219,421052549600,421052549600,164192,False
798,0.17587452742641138,0.941195118085275,nan,nan,20,6309,528296800,528296800,207,421580846400,421580846400,164399,False
799,0.20650023305525617,0.9282259322827274,nan,nan,20,6409,528296800,528296800,210,422109143200,422109143200,164609,False
800,0.1838836211649602,0.938058458276541,0.3114777987192479,0.9021555129217921,20,6603,528296800,528296800,219,422637440000,422637440000,164828,False
801,0.17327908830691047,0.9346303501945525,nan,nan,20,6425,528296800,528296800,213,423165736800,423165736800,165041,False
802,0.17765077668153345,0.9362113402061856,nan,nan,20,6208,528296800,528296800,203,423694033600,423694033600,165244,False
803,0.200811012373128,0.9268594402350394,nan,nan,20,6467,528296800,528296800,212,424222330400,424222330400,165456,False
804,0.17718047062539694,0.9423426150121066,nan,nan,20,6608,528296800,528296800,218,424750627200,424750627200,165674,False
805,0.19272802866028013,0.9370324189526185,nan,nan,20,6416,528296800,528296800,211,425278924000,425278924000,165885,False
806,0.1892915585582102,0.935965184954927,nan,nan,20,6434,528296800,528296800,209,425807220800,425807220800,166094,False
807,0.18042513994589113,0.936187141947804,nan,nan,20,6284,528296800,528296800,205,426335517600,426335517600,166299,False
808,0.18694560171195856,0.9388167874599697,nan,nan,20,5933,528296800,528296800,194,426863814400,426863814400,166493,False
809,0.17782177855253314,0.9363349131121643,nan,nan,20,6330,528296800,528296800,207,427392111200,427392111200,166700,False
810,0.17691247396867082,0.9339579173706036,0.3006747641697679,0.9042997404356168,20,6511,528296800,528296800,213,427920408000,427920408000,166913,False
811,0.202130261299285,0.9314631278347052,nan,nan,20,5953,528296800,528296800,196,428448704800,428448704800,167109,False
812,0.18913135494291605,0.9310564953718481,nan,nan,20,6266,528296800,528296800,207,428977001600,428977001600,167316,False
813,0.1611500918337724,0.942539247065996,nan,nan,20,6561,528296800,528296800,215,429505298400,429505298400,167531,False
814,0.15856683724783838,0.9414138153647514,nan,nan,20,6196,528296800,528296800,206,430033595200,430033595200,167737,False
815,0.18897282383789277,0.9333662388943732,nan,nan,20,6078,528296800,528296800,198,430561892000,430561892000,167935,False
816,0.16451412033903973,0.945407835581246,nan,nan,20,6228,528296800,528296800,204,431090188800,431090188800,168139,False
817,0.1691015199062635,0.9386991109031352,nan,nan,20,6411,528296800,528296800,212,431618485600,431618485600,168351,False
818,0.17813650626319158,0.937796021471424,nan,nan,20,6334,528296800,528296800,208,432146782400,432146782400,168559,False
819,0.18016751015477556,0.9358581788879936,nan,nan,20,6205,528296800,528296800,205,432675079200,432675079200,168764,False
820,0.16290131164601376,0.9418362441916359,0.3052550088221138,0.9050332919535041,20,6241,528296800,528296800,205,433203376000,433203376000,168969,False
821,0.19268292973377096,0.9301258075484529,nan,nan,20,5882,528296800,528296800,195,433731672800,433731672800,169164,False
822,0.20302631915351915,0.9286203355015406,nan,nan,20,5842,528296800,528296800,190,434259969600,434259969600,169354,False
823,0.17869031007121988,0.9367833901456462,nan,nan,20,6454,528296800,528296800,210,434788266400,434788266400,169564,False
824,0.20236553612645644,0.9280254777070064,nan,nan,20,6280,528296800,528296800,206,435316563200,435316563200,169770,False
825,0.16218618876548335,0.9414199299586119,nan,nan,20,6282,528296800,528296800,205,435844860000,435844860000,169975,False
826,0.18744686018646506,0.9360975609756098,nan,nan,20,6150,528296800,528296800,203,436373156800,436373156800,170178,False
827,0.21297327914959835,0.9257939581719598,nan,nan,20,6455,528296800,528296800,211,436901453600,436901453600,170389,False
828,0.19453400111774732,0.9362224039247752,nan,nan,20,6115,528296800,528296800,200,437429750400,437429750400,170589,False
829,0.15711943565446856,0.9455166270783848,nan,nan,20,6736,528296800,528296800,219,437958047200,437958047200,170808,False
830,0.18056915782035163,0.9381619937694704,0.29971077318802847,0.9073468005868413,20,6420,528296800,528296800,207,438486344000,438486344000,171015,False
831,0.20180495141165455,0.9296625222024867,nan,nan,20,5630,528296800,528296800,187,439014640800,439014640800,171202,False
832,0.20521989826852455,0.9327613104524181,nan,nan,20,6410,528296800,528296800,210,439542937600,439542937600,171412,False
833,0.1661752186667291,0.941515010110437,nan,nan,20,6429,528296800,528296800,211,440071234400,440071234400,171623,False
834,0.16586678392018223,0.9422291993720565,nan,nan,20,6370,528296800,528296800,210,440599531200,440599531200,171833,False
835,0.21491525633370256,0.9267495094833225,nan,nan,20,6116,528296800,528296800,201,441127828000,441127828000,172034,False
836,0.22136670214637585,0.9230523116301392,nan,nan,20,6251,528296800,528296800,205,441656124800,441656124800,172239,False
837,0.16489414598308877,0.9404497941083307,nan,nan,20,6314,528296800,528296800,207,442184421600,442184421600,172446,False
838,0.1627700718233442,0.940592570311325,nan,nan,20,6649,528296800,528296800,217,442712718400,442712718400,172663,False
839,0.18472360780030964,0.933282090699462,nan,nan,20,6505,528296800,528296800,213,443241015200,443241015200,172876,False
840,0.18741247683414428,0.9343734920379604,0.30663703068049897,0.9028890644396795,20,6217,528296800,528296800,206,443769312000,443769312000,173082,False
841,0.19691373154034839,0.9328407224958949,nan,nan,20,6090,528296800,528296800,200,444297608800,444297608800,173282,False
842,0.15816897214937184,0.9427762930356862,nan,nan,20,6361,528296800,528296800,209,444825905600,444825905600,173491,False
843,0.19199729299905627,0.9375897845171588,nan,nan,20,6265,528296800,528296800,205,445354202400,445354202400,173696,False
844,0.19127815012602084,0.9321509925154572,nan,nan,20,6146,528296800,528296800,203,445882499200,445882499200,173899,False
845,0.1633322522181291,0.9415818324197337,nan,nan,20,6385,528296800,528296800,208,446410796000,446410796000,174107,False
846,0.194643748819423,0.9348272053021934,nan,nan,20,6337,528296800,528296800,208,446939092800,446939092800,174315,False
847,0.19214830976099173,0.9325559407500787,nan,nan,20,6346,528296800,528296800,208,447467389600,447467389600,174523,False
848,0.20289250951487564,0.928891736066624,nan,nan,20,6244,528296800,528296800,204,447995686400,447995686400,174727,False
849,0.1750241200431584,0.9406355863849007,nan,nan,20,6199,528296800,528296800,204,448523983200,448523983200,174931,False
850,0.18556514758570483,0.9341601592405451,0.31198011096047706,0.9028890644396795,20,6531,528296800,528296800,211,449052280000,449052280000,175142,False
851,0.17385058568023148,0.9364982445428179,nan,nan,20,6551,528296800,528296800,212,449580576800,449580576800,175354,False
852,0.1688856609693413,0.9440077009465747,nan,nan,20,6233,528296800,528296800,205,450108873600,450108873600,175559,False
853,0.15919894084220407,0.9443433424325144,nan,nan,20,6594,528296800,528296800,215,450637170400,450637170400,175774,False
854,0.18123759483423224,0.9389386189258312,nan,nan,20,6256,528296800,528296800,204,451165467200,451165467200,175978,False
855,0.18867605188730543,0.9328241624717931,nan,nan,20,5761,528296800,528296800,189,451693764000,451693764000,176167,False
856,0.1612669672101906,0.9423371321653342,nan,nan,20,5879,528296800,528296800,194,452222060800,452222060800,176361,False
857,0.16597000038867094,0.9417142857142857,nan,nan,20,6125,528296800,528296800,202,452750357600,452750357600,176563,False
858,0.17759835882924385,0.9386675483551,nan,nan,20,6049,528296800,528296800,198,453278654400,453278654400,176761,False
859,0.16563902770004563,0.9404462338533803,nan,nan,20,5961,528296800,528296800,196,453806951200,453806951200,176957,False
860,0.15974944115081455,0.9455375413190619,0.3073565609506769,0.9047511567543167,20,6353,528296800,528296800,208,454335248000,454335248000,177165,False
861,0.1836681830397459,0.9347222222222222,nan,nan,20,6480,528296800,528296800,211,454863544800,454863544800,177376,False
862,0.19917419710783157,0.9307310830267157,nan,nan,20,6251,528296800,528296800,205,455391841600,455391841600,177581,False
863,0.2077205351180903,0.9288903061224489,nan,nan,20,6272,528296800,528296800,205,455920138400,455920138400,177786,False
864,0.20672360993561073,0.9286203355015406,nan,nan,20,5842,528296800,528296800,194,456448435200,456448435200,177980,False
865,0.18741186002552734,0.9393148450244698,nan,nan,20,6130,528296800,528296800,201,456976732000,456976732000,178181,False
866,0.1792930259869363,0.9371889480006864,nan,nan,20,5827,528296800,528296800,191,457505028800,457505028800,178372,False
867,0.19469023395135646,0.9330653887772453,nan,nan,20,6469,528296800,528296800,211,458033325600,458033325600,178583,False
868,0.16328873127240506,0.9372283920811202,nan,nan,20,6213,528296800,528296800,205,458561622400,458561622400,178788,False
869,0.17908714369985212,0.9349263600841599,nan,nan,20,6654,528296800,528296800,216,459089919200,459089919200,179004,False
870,0.21880941670446663,0.9227325484994197,0.302927666519797,0.9055411353120415,20,6031,528296800,528296800,197,459618216000,459618216000,179201,False
871,0.18584225528479806,0.9332886356017432,nan,nan,20,5966,528296800,528296800,196,460146512800,460146512800,179397,False
872,0.16141568804090292,0.9413004702448516,nan,nan,20,6167,528296800,528296800,204,460674809600,460674809600,179601,False
873,0.15725357815824803,0.947481776010603,nan,nan,20,6036,528296800,528296800,199,461203106400,461203106400,179800,False
874,0.17289670972011725,0.9376747245518829,nan,nan,20,6081,528296800,528296800,199,461731403200,461731403200,179999,False
875,0.16811081582367554,0.9413010590015128,nan,nan,20,6610,528296800,528296800,216,462259700000,462259700000,180215,False
876,0.17056238101090587,0.9403101989660034,nan,nan,20,6383,528296800,528296800,210,462787996800,462787996800,180425,False
877,0.19343423946237734,0.930571289852727,nan,nan,20,6179,528296800,528296800,202,463316293600,463316293600,180627,False
878,0.17686275879787222,0.9346295675494468,nan,nan,20,5966,528296800,528296800,195,463844590400,463844590400,180822,False
879,0.16836888151818732,0.9421974522292994,nan,nan,20,6280,528296800,528296800,205,464372887200,464372887200,181027,False
880,0.16861300478115193,0.9388293743207576,0.29940390055113136,0.9071210924274913,20,6441,528296800,528296800,211,464901184000,464901184000,181238,False
881,0.20007724944869498,0.9297653734089864,nan,nan,20,6521,528296800,528296800,216,465429480800,465429480800,181454,False
882,0.1753939954629784,0.9419628814092482,nan,nan,20,6358,528296800,528296800,207,465957777600,465957777600,181661,False
883,0.160291797771539,0.9418193012159458,nan,nan,20,6497,528296800,528296800,210,466486074400,466486074400,181871,False
884,0.16029695437817965,0.944391785150079,nan,nan,20,6330,528296800,528296800,206,467014371200,467014371200,182077,False
885,0.1465429696401082,0.9492610086850526,nan,nan,20,6563,528296800,528296800,216,467542668000,467542668000,182293,False
886,0.18213366986165194,0.9355499527261267,nan,nan,20,6346,528296800,528296800,208,468070964800,468070964800,182501,False
887,0.1676711918020109,0.9394618834080718,nan,nan,20,6244,528296800,528296800,205,468599261600,468599261600,182706,False
888,0.18009113473491853,0.938267765510807,nan,nan,20,6431,528296800,528296800,212,469127558400,469127558400,182918,False
889,0.1798063403420509,0.9368246051537822,nan,nan,20,6015,528296800,528296800,195,469655855200,469655855200,183113,False
890,0.15830747734545159,0.9456853607584766,0.3042116909630613,0.9055411353120415,20,6223,528296800,528296800,204,470184152000,470184152000,183317,False
891,0.1849613096250093,0.9334811529933481,nan,nan,20,6314,528296800,528296800,205,470712448800,470712448800,183522,False
892,0.15880252597200764,0.9474314812041336,nan,nan,20,6677,528296800,528296800,216,471240745600,471240745600,183738,False
893,0.1851888752753719,0.9366093366093367,nan,nan,20,6105,528296800,528296800,202,471769042400,471769042400,183940,False
894,0.1795538235516648,0.940930307419926,nan,nan,20,6213,528296800,528296800,203,472297339200,472297339200,184143,False
895,0.15434442653436722,0.9451145958986731,nan,nan,20,6632,528296800,528296800,214,472825636000,472825636000,184357,False
896,0.169730275524905,0.9358833672989497,nan,nan,20,6379,528296800,528296800,212,473353932800,473353932800,184569,False
897,0.15986493273804914,0.9451052150045746,nan,nan,20,6558,528296800,528296800,215,473882229600,473882229600,184784,False
898,0.17350127069932908,0.9402440957362498,nan,nan,20,6309,528296800,528296800,208,474410526400,474410526400,184992,False
899,0.16397887808703993,0.9414664202094886,nan,nan,20,6492,528296800,528296800,211,474938823200,474938823200,185203,False
900,0.1955367584084688,0.9333550594753137,0.31027175879763663,0.9054847082722041,20,6137,528296800,528296800,201,475467120000,475467120000,185404,False
901,0.14922778019018257,0.9485451257603157,nan,nan,20,6083,528296800,528296800,202,475995416800,475995416800,185606,False
902,0.15949751902476003,0.9465343364815111,nan,nan,20,6247,528296800,528296800,202,476523713600,476523713600,185808,False
903,0.14745711376449946,0.9486133768352365,nan,nan,20,6130,528296800,528296800,202,477052010400,477052010400,186010,False
904,0.1766200304245025,0.9392922513727883,nan,nan,20,6556,528296800,528296800,214,477580307200,477580307200,186224,False
905,0.16052784329974482,0.943207632894139,nan,nan,20,6603,528296800,528296800,216,478108604000,478108604000,186440,False
906,0.18987907595823933,0.9350906095551894,nan,nan,20,6070,528296800,528296800,200,478636900800,478636900800,186640,False
907,0.1797777733173335,0.9365378573672636,nan,nan,20,6366,528296800,528296800,210,479165197600,479165197600,186850,False
908,0.18611787052955045,0.9370431893687707,nan,nan,20,6020,528296800,528296800,198,479693494400,479693494400,187048,False
909,0.16790013984433036,0.9399170124481327,nan,nan,20,6025,528296800,528296800,198,480221791200,480221791200,187246,False
910,0.16187097456645655,0.9429420040644052,0.3220843369448754,0.8995598690892675,20,6397,528296800,528296800,210,480750088000,480750088000,187456,False
911,0.18469344329990445,0.9374165554072096,nan,nan,20,5992,528296800,528296800,197,481278384800,481278384800,187653,False
912,0.18955780248810283,0.9336702463676564,nan,nan,20,6332,528296800,528296800,208,481806681600,481806681600,187861,False
913,0.16458951978112007,0.942565927843391,nan,nan,20,6181,528296800,528296800,202,482334978400,482334978400,188063,False
914,0.16352217056541923,0.9437795275590551,nan,nan,20,6350,528296800,528296800,208,482863275200,482863275200,188271,False
915,0.16581681810937618,0.9415175612988734,nan,nan,20,6036,528296800,528296800,197,483391572000,483391572000,188468,False
916,0.16582812262211463,0.9401109660574413,nan,nan,20,6128,528296800,528296800,201,483919868800,483919868800,188669,False
917,0.1732009274785349,0.9340460526315789,nan,nan,20,6080,528296800,528296800,200,484448165600,484448165600,188869,False
918,0.15929771440181603,0.9416892094980462,nan,nan,20,6654,528296800,528296800,217,484976462400,484976462400,189086,False
919,0.17447479260401408,0.9375,nan,nan,20,6400,528296800,528296800,210,485504759200,485504759200,189296,False
920,0.1840324355470361,0.933813672922252,0.305535874481382,0.906048978670579,20,5968,528296800,528296800,197,486033056000,486033056000,189493,False
921,0.18581569945518273,0.9340749222967446,nan,nan,20,6113,528296800,528296800,200,486561352800,486561352800,189693,False
922,0.1694017698339424,0.940219142765066,nan,nan,20,6206,528296800,528296800,202,487089649600,487089649600,189895,False
923,0.19026052753727898,0.9358649789029536,nan,nan,20,5925,528296800,528296800,193,487617946400,487617946400,190088,False
924,0.17007703151460477,0.9382271014255285,nan,nan,20,6103,528296800,528296800,201,488146243200,488146243200,190289,False
925,0.16423019530839503,0.9454431764889792,nan,nan,20,6397,528296800,528296800,210,488674540000,488674540000,190499,False
926,0.18993027143106073,0.9269533814839134,nan,nan,20,6092,528296800,528296800,200,489202836800,489202836800,190699,False
927,0.18085619364531827,0.9361702127659575,nan,nan,20,6298,528296800,528296800,206,489731133600,489731133600,190905,False
928,0.16557900048905852,0.9418126428027418,nan,nan,20,6565,528296800,528296800,213,490259430400,490259430400,191118,False
929,0.15412228048792972,0.9439266853059957,nan,nan,20,6438,528296800,528296800,212,490787727200,490787727200,191330,False
930,0.14165681970709085,0.9497573955235561,0.31452650354767125,0.9008012639656924,20,6389,528296800,528296800,208,491316024000,491316024000,191538,False
931,0.1873333314695744,0.9340583462799931,nan,nan,20,5793,528296800,528296800,190,491844320800,491844320800,191728,False
932,0.16760792730269333,0.9420172161767094,nan,nan,20,6157,528296800,528296800,203,492372617600,492372617600,191931,False
933,0.1569361914136353,0.9455898310339482,nan,nan,20,6451,528296800,528296800,213,492900914400,492900914400,192144,False
934,0.15405409385947486,0.94663357120695,nan,nan,20,6446,528296800,528296800,211,493429211200,493429211200,192355,False
935,0.17166323585874907,0.9366908746447742,nan,nan,20,6334,528296800,528296800,210,493957508000,493957508000,192565,False
936,0.1798077450497459,0.9374894407839162,nan,nan,20,5919,528296800,528296800,196,494485804800,494485804800,192761,False
937,0.16990073553374307,0.9360166773572803,nan,nan,20,6236,528296800,528296800,203,495014101600,495014101600,192964,False
938,0.16701916205844347,0.9437590129786894,nan,nan,20,6241,528296800,528296800,204,495542398400,495542398400,193168,False
939,0.14774639939899187,0.9497973183660742,nan,nan,20,6414,528296800,528296800,209,496070695200,496070695200,193377,False
940,0.1463877602833218,0.9479541734860883,0.3066645827173393,0.9046383026746417,20,6110,528296800,528296800,202,496598992000,496598992000,193579,False
941,0.14293801204233894,0.9488044144696505,nan,nan,20,6524,528296800,528296800,214,497127288800,497127288800,193793,False
942,0.15246855603398063,0.9466707768187423,nan,nan,20,6488,528296800,528296800,214,497655585600,497655585600,194007,False
943,0.17331436367369668,0.9394633507853403,nan,nan,20,6112,528296800,528296800,201,498183882400,498183882400,194208,False
944,0.16021596477370645,0.944016354772763,nan,nan,20,6359,528296800,528296800,207,498712179200,498712179200,194415,False
945,0.19159678494027826,0.9303415941058272,nan,nan,20,5972,528296800,528296800,195,499240476000,499240476000,194610,False
946,0.16532004366461903,0.9414080957631124,nan,nan,20,6349,528296800,528296800,208,499768772800,499768772800,194818,False
947,0.1717635988113197,0.9412534773359515,nan,nan,20,6111,528296800,528296800,200,500297069600,500297069600,195018,False
948,0.17189633709205146,0.9388775988744724,nan,nan,20,6397,528296800,528296800,210,500825366400,500825366400,195228,False
949,0.1676213654637831,0.9437558103501704,nan,nan,20,6454,528296800,528296800,212,501353663200,501353663200,195440,False
950,0.15575420602334036,0.942035742035742,0.3008769224505569,0.9072903735470037,20,6435,528296800,528296800,210,501881960000,501881960000,195650,False
951,0.14186004929217919,0.9489827856025039,nan,nan,20,6390,528296800,528296800,209,502410256800,502410256800,195859,False
952,0.1587546965830607,0.9430844553243574,nan,nan,20,6536,528296800,528296800,214,502938553600,502938553600,196073,False
953,0.16044289002226386,0.9438900703418943,nan,nan,20,6113,528296800,528296800,202,503466850400,503466850400,196275,False
954,0.17397059372868634,0.9376062563753825,nan,nan,20,5882,528296800,528296800,194,503995147200,503995147200,196469,False
955,0.13308386913814696,0.951060606060606,nan,nan,20,6600,528296800,528296800,216,504523444000,504523444000,196685,False
956,0.1542193625241798,0.9455694151952049,nan,nan,20,6173,528296800,528296800,202,505051740800,505051740800,196887,False
957,0.15293517845353624,0.9453609807779627,nan,nan,20,6607,528296800,528296800,215,505580037600,505580037600,197102,False
958,0.15184007800852697,0.945089066840987,nan,nan,20,6119,528296800,528296800,200,506108334400,506108334400,197302,False
959,0.1450018339099498,0.9451733833177132,nan,nan,20,6402,528296800,528296800,210,506636631200,506636631200,197512,False
960,0.17660496566594566,0.9397707088648474,0.2993149195661422,0.908023925064891,20,6193,528296800,528296800,203,507164928000,507164928000,197715,False
961,0.15902560978153255,0.9444183497729763,nan,nan,20,6387,528296800,528296800,209,507693224800,507693224800,197924,False
962,0.16447189391273892,0.9437568541438195,nan,nan,20,6383,528296800,528296800,207,508221521600,508221521600,198131,False
963,0.14917024392867959,0.9467971258217398,nan,nan,20,6541,528296800,528296800,215,508749818400,508749818400,198346,False
964,0.14938075205997928,0.9466087226447307,nan,nan,20,6443,528296800,528296800,210,509278115200,509278115200,198556,False
965,0.17133290010383473,0.9388659636252483,nan,nan,20,6543,528296800,528296800,214,509806412000,509806412000,198770,False
966,0.17457756045123182,0.9401013669175242,nan,nan,20,6511,528296800,528296800,213,510334708800,510334708800,198983,False
967,0.1574314951450978,0.9423626787057938,nan,nan,20,6645,528296800,528296800,216,510863005600,510863005600,199199,False
968,0.16256306327247158,0.9418277970583374,nan,nan,20,6051,528296800,528296800,199,511391302400,511391302400,199398,False
969,0.16113603225188528,0.9425015752993069,nan,nan,20,6348,528296800,528296800,209,511919599200,511919599200,199607,False
970,0.1684704647947525,0.9370175980240815,0.3009167213567613,0.9074596546665162,20,6478,528296800,528296800,214,512447896000,512447896000,199821,False
971,0.14358797719605998,0.949363156259708,nan,nan,20,6438,528296800,528296800,210,512976192800,512976192800,200031,False
972,0.1569181314343823,0.9413755962455762,nan,nan,20,6499,528296800,528296800,215,513504489600,513504489600,200246,False
973,0.15792823329315717,0.9391092553931802,nan,nan,20,5748,528296800,528296800,189,514032786400,514032786400,200435,False
974,0.18046142246585034,0.9355642023346303,nan,nan,20,6425,528296800,528296800,209,514561083200,514561083200,200644,False
975,0.14771584647534278,0.9449427776059388,nan,nan,20,6466,528296800,528296800,210,515089380000,515089380000,200854,False
976,0.1551321396241249,0.945648854961832,nan,nan,20,6550,528296800,528296800,215,515617676800,515617676800,201069,False
977,0.14934340785485628,0.9476351351351351,nan,nan,20,6512,528296800,528296800,212,516145973600,516145973600,201281,False
978,0.17654251472957083,0.9336572290165857,nan,nan,20,5969,528296800,528296800,197,516674270400,516674270400,201478,False
979,0.15505685703140454,0.9440524193548387,nan,nan,20,5952,528296800,528296800,194,517202567200,517202567200,201672,False
980,0.14216242857026204,0.9502688172043011,0.3034870217144052,0.9075160817063537,20,6696,528296800,528296800,219,517730864000,517730864000,201891,False
981,0.16861639384154042,0.94146581406788,nan,nan,20,6099,528296800,528296800,201,518259160800,518259160800,202092,False
982,0.17003365025344827,0.9411289018275918,nan,nan,20,6183,528296800,528296800,202,518787457600,518787457600,202294,False
983,0.18744121950309833,0.9375643224699829,nan,nan,20,5830,528296800,528296800,192,519315754400,519315754400,202486,False
984,0.1544508661142183,0.9456573705179283,nan,nan,20,6275,528296800,528296800,205,519844051200,519844051200,202691,False
985,0.14395135749906313,0.9490740740740741,nan,nan,20,6048,528296800,528296800,199,520372348000,520372348000,202890,False
986,0.16590479400965757,0.940494200706001,nan,nan,20,5949,528296800,528296800,196,520900644800,520900644800,203086,False
987,0.1937945523116722,0.9290825250437271,nan,nan,20,6289,528296800,528296800,205,521428941600,521428941600,203291,False
988,0.1621321728689446,0.9396740833594485,nan,nan,20,6382,528296800,528296800,209,521957238400,521957238400,203500,False
989,0.1717664020413145,0.9395568589116976,nan,nan,20,6138,528296800,528296800,205,522485535200,522485535200,203705,False
990,0.15128849397788283,0.946593299886713,0.3204543458300161,0.9019862318022797,20,6179,528296800,528296800,203,523013832000,523013832000,203908,False
991,0.1676016671843487,0.9388907339754234,nan,nan,20,6022,528296800,528296800,197,523542128800,523542128800,204105,False
992,0.18187788589057652,0.9390488948425988,nan,nan,20,5972,528296800,528296800,199,524070425600,524070425600,204304,False
993,0.144976333569841,0.9509629389868911,nan,nan,20,6179,528296800,528296800,203,524598722400,524598722400,204507,False
994,0.15465921464995427,0.9445847805494159,nan,nan,20,6334,528296800,528296800,208,525127019200,525127019200,204715,False
995,0.17032338992058982,0.9385512073272273,nan,nan,20,6005,528296800,528296800,198,525655316000,525655316000,204913,False
996,0.1673619738333412,0.9431097764431098,nan,nan,20,5994,528296800,528296800,196,526183612800,526183612800,205109,False
997,0.17703000654495943,0.9377522508537721,nan,nan,20,6442,528296800,528296800,212,526711909600,526711909600,205321,False
998,0.17038809561997628,0.9414164490861618,nan,nan,20,6128,528296800,528296800,201,527240206400,527240206400,205522,False
999,0.15377682137160784,0.9430428726203374,nan,nan,20,6461,528296800,528296800,211,527768503200,527768503200,205733,False
1000,0.16492537456484874,0.9433565301828775,0.3111089431611265,0.9053718541925291,20,6179,528296800,528296800,203,528296800000,528296800000,205936,True
