round,train_loss,train_accuracy,test_loss,test_accuracy,num_fit_clients,num_fit_examples,round_upload_bytes,round_download_bytes,round_local_steps,cumulative_upload_bytes,cumulative_download_bytes,cumulative_local_steps,run_completed
1,4.098279014209653,0.04696174043510878,nan,nan,20,6665,528296800,528296800,218,528296800,528296800,218,False
2,4.032003715040475,0.06404015819896562,nan,nan,20,6574,528296800,528296800,216,1056593600,1056593600,434,False
3,3.860137255967407,0.06843134305910663,nan,nan,20,6649,528296800,528296800,215,1584890400,1584890400,649,False
4,3.7064144793157623,0.06494345718901454,nan,nan,20,6190,528296800,528296800,202,2113187200,2113187200,851,False
5,3.8190187336465446,0.060030015007503754,nan,nan,20,5997,528296800,528296800,196,2641484000,2641484000,1047,False
6,3.837848872294928,0.05447844896651178,nan,nan,20,6241,528296800,528296800,205,3169780800,3169780800,1252,False
7,3.7579076556885087,0.04466313398940197,nan,nan,20,6605,528296800,528296800,216,3698077600,3698077600,1468,False
8,3.7966238538504125,0.03873239436619718,nan,nan,20,5964,528296800,528296800,196,4226374400,4226374400,1664,False
9,3.8276425759526242,0.06060606060606061,nan,nan,20,6765,528296800,528296800,221,4754671200,4754671200,1885,False
10,3.811032914172763,0.05990644333786027,3.7862467051978412,0.05907911070985216,20,6627,528296800,528296800,216,5282968000,5282968000,2101,False
11,3.773441463011665,0.0574658502119642,nan,nan,20,6369,528296800,528296800,206,5811264800,5811264800,2307,False
12,3.7422444441143896,0.05939978230446276,nan,nan,20,6431,528296800,528296800,212,6339561600,6339561600,2519,False
13,3.7522928294931486,0.05842911877394636,nan,nan,20,6264,528296800,528296800,205,6867858400,6867858400,2724,False
14,3.7268365584877836,0.07436366661121277,nan,nan,20,6011,528296800,528296800,200,7396155200,7396155200,2924,False
15,3.7445959625856045,0.054460093896713614,nan,nan,20,6390,528296800,528296800,212,7924452000,7924452000,3136,False
16,3.7605552871030343,0.04749637739494445,nan,nan,20,6211,528296800,528296800,204,8452748800,8452748800,3340,False
17,3.74793111811329,0.05968942089938531,nan,nan,20,6182,528296800,528296800,203,8981045600,8981045600,3543,False
18,3.7311485290072204,0.06808781419026408,nan,nan,20,6286,528296800,528296800,206,9509342400,9509342400,3749,False
19,3.6830519436648794,0.07035737077217613,nan,nan,20,6268,528296800,528296800,206,10037639200,10037639200,3955,False
20,3.7156304171932693,0.06193853427895981,3.7362679974003092,0.06788172892450062,20,6345,528296800,528296800,209,10565936000,10565936000,4164,False
21,3.689079172007328,0.06929370512606445,nan,nan,20,5989,528296800,528296800,196,11094232800,11094232800,4360,False
22,3.707147115022945,0.0712388689267302,nan,nan,20,6401,528296800,528296800,207,11622529600,11622529600,4567,False
23,3.714746123161698,0.07417116422513492,nan,nan,20,6485,528296800,528296800,214,12150826400,12150826400,4781,False
24,3.7375244603071907,0.061937114868067626,nan,nan,20,6329,528296800,528296800,207,12679123200,12679123200,4988,False
25,3.7111090116169247,0.06922086284610432,nan,nan,20,6212,528296800,528296800,203,13207420000,13207420000,5191,False
26,3.6813076570076766,0.07074263764404609,nan,nan,20,6248,528296800,528296800,204,13735716800,13735716800,5395,False
27,3.744633596414458,0.08976833976833977,nan,nan,20,6216,528296800,528296800,203,14264013600,14264013600,5598,False
28,3.7033405852069343,0.09550474412816923,nan,nan,20,6429,528296800,528296800,209,14792310400,14792310400,5807,False
29,3.7192398426833346,0.08942813507551332,nan,nan,20,5893,528296800,528296800,195,15320607200,15320607200,6002,False
30,3.679553147801621,0.09110331146039982,3.6799983271975614,0.09276605349283376,20,6553,528296800,528296800,215,15848904000,15848904000,6217,False
31,3.6936657932986527,0.09177516671959352,nan,nan,20,6298,528296800,528296800,204,16377200800,16377200800,6421,False
32,3.671862285594186,0.09828319420381162,nan,nan,20,6349,528296800,528296800,207,16905497600,16905497600,6628,False
33,3.665211926331165,0.08646274984857662,nan,nan,20,6604,528296800,528296800,215,17433794400,17433794400,6843,False
34,3.663452050980072,0.07463871684929331,nan,nan,20,6297,528296800,528296800,205,17962091200,17962091200,7048,False
35,3.655025947775217,0.06647447854841444,nan,nan,20,5897,528296800,528296800,193,18490388000,18490388000,7241,False
36,3.61822123711062,0.0674691633229306,nan,nan,20,6729,528296800,528296800,219,19018684800,19018684800,7460,False
37,3.6165429269591054,0.058511493329046774,nan,nan,20,6221,528296800,528296800,204,19546981600,19546981600,7664,False
38,3.633088467948675,0.08047373215912541,nan,nan,20,6586,528296800,528296800,216,20075278400,20075278400,7880,False
39,3.5958882107449566,0.11085488387415582,nan,nan,20,6071,528296800,528296800,199,20603575200,20603575200,8079,False
40,3.577344621232792,0.1016922838068623,3.594286776546861,0.1103148628822932,20,6441,528296800,528296800,212,21131872000,21131872000,8291,False
41,3.542281387713472,0.11209125475285171,nan,nan,20,6575,528296800,528296800,215,21660168800,21660168800,8506,False
42,3.486973979635639,0.1202069385270846,nan,nan,20,6572,528296800,528296800,216,22188465600,22188465600,8722,False
43,3.422263480706807,0.14359315273392056,nan,nan,20,6017,528296800,528296800,198,22716762400,22716762400,8920,False
44,3.383682964645613,0.1663761685945175,nan,nan,20,6311,528296800,528296800,207,23245059200,23245059200,9127,False
45,3.3636610722439677,0.16817388545137235,nan,nan,20,6303,528296800,528296800,208,23773356000,23773356000,9335,False
46,3.3276513437718447,0.16944232238349885,nan,nan,20,6545,528296800,528296800,213,24301652800,24301652800,9548,False
47,3.2032835170490985,0.20660391914827958,nan,nan,20,6481,528296800,528296800,213,24829949600,24829949600,9761,False
48,3.148914703183204,0.22767295597484277,nan,nan,20,6360,528296800,528296800,207,25358246400,25358246400,9968,False
49,3.064793011207923,0.24431026474686485,nan,nan,20,6459,528296800,528296800,212,25886543200,25886543200,10180,False
50,3.0554475652657302,0.24956862745098038,2.970960273603838,0.2549373659857804,20,6375,528296800,528296800,209,26414840000,26414840000,10389,False
51,2.845528360039549,0.3017610661589719,nan,nan,20,6303,528296800,528296800,207,26943136800,26943136800,10596,False
52,2.801764671879526,0.31237322515212984,nan,nan,20,6409,528296800,528296800,208,27471433600,27471433600,10804,False
53,2.632496088644616,0.35172932330827067,nan,nan,20,6650,528296800,528296800,218,27999730400,27999730400,11022,False
54,2.523785456403708,0.3762820512820513,nan,nan,20,6240,528296800,528296800,204,28528027200,28528027200,11226,False
55,2.448900306711749,0.38642374375550986,nan,nan,20,6806,528296800,528296800,223,29056324000,29056324000,11449,False
56,2.3994377756096017,0.3873687559656379,nan,nan,20,6286,528296800,528296800,206,29584620800,29584620800,11655,False
57,2.3094152506557903,0.4005235602094241,nan,nan,20,6112,528296800,528296800,202,30112917600,30112917600,11857,False
58,2.281814668244575,0.4059516231699554,nan,nan,20,6284,528296800,528296800,205,30641214400,30641214400,12062,False
59,2.0831391008016262,0.46978371501272265,nan,nan,20,6288,528296800,528296800,205,31169511200,31169511200,12267,False
60,1.990930370467906,0.5010212097407698,2.1573046716122444,0.44334725200315994,20,6365,528296800,528296800,208,31697808000,31697808000,12475,False
61,1.9222736230223743,0.4910428662827895,nan,nan,20,6252,528296800,528296800,204,32226104800,32226104800,12679,False
62,1.9016494287111485,0.5123844121532365,nan,nan,20,6056,528296800,528296800,196,32754401600,32754401600,12875,False
63,1.901376219510841,0.5145148356054531,nan,nan,20,6235,528296800,528296800,205,33282698400,33282698400,13080,False
64,1.7765381234011846,0.55001755001755,nan,nan,20,5698,528296800,528296800,186,33810995200,33810995200,13266,False
65,1.6656403382770752,0.5642291012412143,nan,nan,20,6687,528296800,528296800,216,34339292000,34339292000,13482,False
66,1.7303236867014737,0.5579263210535089,nan,nan,20,5999,528296800,528296800,201,34867588800,34867588800,13683,False
67,1.7337359348504837,0.5547887561016663,nan,nan,20,5941,528296800,528296800,196,35395885600,35395885600,13879,False
68,1.5553437263804082,0.6037402964008468,nan,nan,20,5668,528296800,528296800,187,35924182400,35924182400,14066,False
69,1.5293927690542073,0.6056464934674876,nan,nan,20,6659,528296800,528296800,217,36452479200,36452479200,14283,False
70,1.4440210014674668,0.6265210608424338,1.673237622167628,0.5529849904074032,20,6410,528296800,528296800,209,36980776000,36980776000,14492,False
71,1.3847093877232906,0.6384898095556298,nan,nan,20,5986,528296800,528296800,198,37509072800,37509072800,14690,False
72,1.4476679276753734,0.6139484647430952,nan,nan,20,6481,528296800,528296800,215,38037369600,38037369600,14905,False
73,1.394021363900543,0.6293130245570407,nan,nan,20,6434,528296800,528296800,210,38565666400,38565666400,15115,False
74,1.2682130980907789,0.6645272385723231,nan,nan,20,6388,528296800,528296800,209,39093963200,39093963200,15324,False
75,1.2468686740114157,0.6666144446185179,nan,nan,20,6383,528296800,528296800,209,39622260000,39622260000,15533,False
76,1.3010743205847601,0.6516992157465785,nan,nan,20,6503,528296800,528296800,212,40150556800,40150556800,15745,False
77,1.2409134793120462,0.6655405405405406,nan,nan,20,6216,528296800,528296800,205,40678853600,40678853600,15950,False
78,1.169437470517167,0.6862841262056564,nan,nan,20,6117,528296800,528296800,200,41207150400,41207150400,16150,False
79,1.1209698593500685,0.6934373565855897,nan,nan,20,6537,528296800,528296800,212,41735447200,41735447200,16362,False
80,1.175247956362455,0.6770601336302895,1.3735573177156835,0.6222773953278411,20,6286,528296800,528296800,206,42263744000,42263744000,16568,False
81,1.049179522352586,0.712734141350543,nan,nan,20,6353,528296800,528296800,209,42792040800,42792040800,16777,False
82,1.0312302489135405,0.7189097103918228,nan,nan,20,6457,528296800,528296800,210,43320337600,43320337600,16987,False
83,1.0781346653968515,0.7021446862996159,nan,nan,20,6248,528296800,528296800,204,43848634400,43848634400,17191,False
84,1.0562033595903053,0.7168028191574564,nan,nan,20,6243,528296800,528296800,205,44376931200,44376931200,17396,False
85,1.0703734677869854,0.705830698981384,nan,nan,20,5694,528296800,528296800,189,44905228000,44905228000,17585,False
86,0.9146016207668907,0.746174220129488,nan,nan,20,6796,528296800,528296800,221,45433524800,45433524800,17806,False
87,1.0570707703655635,0.7109491469272817,nan,nan,20,6037,528296800,528296800,201,45961821600,45961821600,18007,False
88,0.9753637862861383,0.7305153991200503,nan,nan,20,6364,528296800,528296800,211,46490118400,46490118400,18218,False
89,0.9334436833510829,0.7386584575502269,nan,nan,20,6172,528296800,528296800,203,47018415200,47018415200,18421,False
90,0.9480648037513906,0.7375132837407014,1.0541860430897958,0.7087236203588759,20,6587,528296800,528296800,216,47546712000,47546712000,18637,False
91,0.8909607665005973,0.7561622464898596,nan,nan,20,6410,528296800,528296800,208,48075008800,48075008800,18845,False
92,0.9322751582701724,0.7461623674632062,nan,nan,20,6319,528296800,528296800,206,48603305600,48603305600,19051,False
93,0.8305545730007318,0.7714567576455114,nan,nan,20,6082,528296800,528296800,199,49131602400,49131602400,19250,False
94,0.7756989539926722,0.7820571603240104,nan,nan,20,6543,528296800,528296800,211,49659899200,49659899200,19461,False
95,0.7336905649110258,0.7897261333745939,nan,nan,20,6463,528296800,528296800,213,50188196000,50188196000,19674,False
96,0.8074513394811691,0.7748354747727985,nan,nan,20,6382,528296800,528296800,210,50716492800,50716492800,19884,False
97,0.8172038888048859,0.7666045934202359,nan,nan,20,6444,528296800,528296800,211,51244789600,51244789600,20095,False
98,0.84483938411779,0.7555100755667506,nan,nan,20,6352,528296800,528296800,206,51773086400,51773086400,20301,False
99,0.885704776862099,0.7523584905660378,nan,nan,20,5936,528296800,528296800,196,52301383200,52301383200,20497,False
100,0.8482034971174667,0.7631444614599285,0.8879902371568101,0.7477711319264191,20,5877,528296800,528296800,192,52829680000,52829680000,20689,False
101,0.7285996379937438,0.7955809641532756,nan,nan,20,6472,528296800,528296800,214,53357976800,53357976800,20903,False
102,0.7478259132344695,0.7919945261717414,nan,nan,20,5846,528296800,528296800,193,53886273600,53886273600,21096,False
103,0.7224349768070434,0.7870601967650492,nan,nan,20,5997,528296800,528296800,198,54414570400,54414570400,21294,False
104,0.8133218207610323,0.7699729180771835,nan,nan,20,5908,528296800,528296800,194,54942867200,54942867200,21488,False
105,0.651264674492885,0.8111329008900287,nan,nan,20,6629,528296800,528296800,214,55471164000,55471164000,21702,False
106,0.725051546502776,0.7905732044198895,nan,nan,20,5792,528296800,528296800,190,55999460800,55999460800,21892,False
107,0.6575398674164078,0.8178526448362721,nan,nan,20,6352,528296800,528296800,208,56527757600,56527757600,22100,False
108,0.6917701855255061,0.7948257813668311,nan,nan,20,6687,528296800,528296800,219,57056054400,57056054400,22319,False
109,0.6792430372658667,0.8045308434103781,nan,nan,20,6533,528296800,528296800,213,57584351200,57584351200,22532,False
110,0.643550111847386,0.8169106760980425,0.8067864677650693,0.7693262611443403,20,6079,528296800,528296800,199,58112648000,58112648000,22731,False
111,0.7856708429566549,0.7720492866407264,nan,nan,20,6168,528296800,528296800,204,58640944800,58640944800,22935,False
112,0.7612831176912013,0.780768632332348,nan,nan,20,6427,528296800,528296800,208,59169241600,59169241600,23143,False
113,0.6548027706053622,0.8140630074699577,nan,nan,20,6158,528296800,528296800,202,59697538400,59697538400,23345,False
114,0.6482748336199434,0.819162045594578,nan,nan,20,6492,528296800,528296800,213,60225835200,60225835200,23558,False
115,0.5804099455905828,0.8265370138017566,nan,nan,20,6376,528296800,528296800,210,60754132000,60754132000,23768,False
116,0.5893801117438517,0.8275806967082134,nan,nan,20,6258,528296800,528296800,205,61282428800,61282428800,23973,False
117,0.5856044886244334,0.8307619647355163,nan,nan,20,6352,528296800,528296800,207,61810725600,61810725600,24180,False
118,0.6498577909626095,0.8131274131274131,nan,nan,20,6475,528296800,528296800,211,62339022400,62339022400,24391,False
119,0.6034719464710386,0.8206087400102023,nan,nan,20,5881,528296800,528296800,195,62867319200,62867319200,24586,False
120,0.5991000938420322,0.8234915526950926,0.7332696670832611,0.7876086220516871,20,6215,528296800,528296800,203,63395616000,63395616000,24789,False
121,0.6636397850859836,0.8099588853357698,nan,nan,20,6567,528296800,528296800,215,63923912800,63923912800,25004,False
122,0.6375231637592517,0.8151188643748931,nan,nan,20,5847,528296800,528296800,191,64452209600,64452209600,25195,False
123,0.704990039204349,0.7983053663399236,nan,nan,20,6019,528296800,528296800,197,64980506400,64980506400,25392,False
124,0.6207168491791292,0.8209030948756976,nan,nan,20,5913,528296800,528296800,195,65508803200,65508803200,25587,False
125,0.47899349670868957,0.8572717701910062,nan,nan,20,6649,528296800,528296800,219,66037100000,66037100000,25806,False
126,0.5510038152958905,0.8387343320085601,nan,nan,20,6542,528296800,528296800,213,66565396800,66565396800,26019,False
127,0.5740543483248232,0.8279830405814658,nan,nan,20,6604,528296800,528296800,215,67093693600,67093693600,26234,False
128,0.5615895412872915,0.8386892512268482,nan,nan,20,6317,528296800,528296800,208,67621990400,67621990400,26442,False
129,0.5674736021208594,0.8333070244672455,nan,nan,20,6335,528296800,528296800,206,68150287200,68150287200,26648,False
130,0.6206009916870532,0.8159540307588304,0.6571049747422915,0.8048752962419592,20,5917,528296800,528296800,197,68678584000,68678584000,26845,False
131,0.5597437087612238,0.8402853155527988,nan,nan,20,6449,528296800,528296800,213,69206880800,69206880800,27058,False
132,0.5787700951626958,0.8294923179692719,nan,nan,20,5988,528296800,528296800,196,69735177600,69735177600,27254,False
133,0.4929931718099878,0.8530191917615852,nan,nan,20,6409,528296800,528296800,211,70263474400,70263474400,27465,False
134,0.488895342666576,0.847382285149819,nan,nan,20,6074,528296800,528296800,199,70791771200,70791771200,27664,False
135,0.5968233601618079,0.8282387190684134,nan,nan,20,6183,528296800,528296800,202,71320068000,71320068000,27866,False
136,0.5696269302541132,0.834216628022524,nan,nan,20,6038,528296800,528296800,198,71848364800,71848364800,28064,False
137,0.5566162481515283,0.8313060179257362,nan,nan,20,6248,528296800,528296800,205,72376661600,72376661600,28269,False
138,0.5257111032547663,0.8420889987639061,nan,nan,20,6472,528296800,528296800,211,72904958400,72904958400,28480,False
139,0.5431429006729858,0.8396317829457365,nan,nan,20,6192,528296800,528296800,204,73433255200,73433255200,28684,False
140,0.49303334016816625,0.8482967207895574,0.6150181850721357,0.8175149531655569,20,6282,528296800,528296800,204,73961552000,73961552000,28888,False
141,0.5507081422116302,0.8413664014974263,nan,nan,20,6411,528296800,528296800,210,74489848800,74489848800,29098,False
142,0.5388209688390431,0.838371182458888,nan,nan,20,6385,528296800,528296800,211,75018145600,75018145600,29309,False
143,0.5552790841403029,0.8326771653543307,nan,nan,20,6096,528296800,528296800,199,75546442400,75546442400,29508,False
144,0.4421091920703736,0.8689876316994961,nan,nan,20,6549,528296800,528296800,212,76074739200,76074739200,29720,False
145,0.48383148708723783,0.8537780588049321,nan,nan,20,6326,528296800,528296800,209,76603036000,76603036000,29929,False
146,0.5382767370574928,0.8443319176739628,nan,nan,20,6122,528296800,528296800,200,77131332800,77131332800,30129,False
147,0.5117485255281784,0.8449053201082056,nan,nan,20,6654,528296800,528296800,217,77659629600,77659629600,30346,False
148,0.5425346728264009,0.838450553373795,nan,nan,20,5602,528296800,528296800,186,78187926400,78187926400,30532,False
149,0.5557893261386727,0.8361097889893702,nan,nan,20,6303,528296800,528296800,205,78716223200,78716223200,30737,False
150,0.4915231870711463,0.8486458690435379,0.5827850102032971,0.8280103825753301,20,5834,528296800,528296800,191,79244520000,79244520000,30928,False
151,0.5378115057880892,0.8419512195121951,nan,nan,20,6150,528296800,528296800,202,79772816800,79772816800,31130,False
152,0.46844002948167823,0.8583743842364532,nan,nan,20,6496,528296800,528296800,212,80301113600,80301113600,31342,False
153,0.4651961240071948,0.8607768469154607,nan,nan,20,6565,528296800,528296800,215,80829410400,80829410400,31557,False
154,0.44573693771402495,0.8660688032931491,nan,nan,20,6802,528296800,528296800,222,81357707200,81357707200,31779,False
155,0.4749246648266121,0.8591266521666387,nan,nan,20,5977,528296800,528296800,196,81886004000,81886004000,31975,False
156,0.5568305807766865,0.8285146091479272,nan,nan,20,6537,528296800,528296800,216,82414300800,82414300800,32191,False
157,0.4468369935365634,0.8671775223499362,nan,nan,20,6264,528296800,528296800,205,82942597600,82942597600,32396,False
158,0.45904469895030064,0.8595548733691482,nan,nan,20,6515,528296800,528296800,212,83470894400,83470894400,32608,False
159,0.49541117147675023,0.8459919312401333,nan,nan,20,5701,528296800,528296800,188,83999191200,83999191200,32796,False
160,0.4681248563557468,0.8596462495905667,0.6379247448565715,0.8080352104728586,20,6106,528296800,528296800,202,84527488000,84527488000,32998,False
161,0.46482589481723424,0.8535082174462706,nan,nan,20,6328,528296800,528296800,210,85055784800,85055784800,33208,False
162,0.4535852113563765,0.8657255416940249,nan,nan,20,6092,528296800,528296800,200,85584081600,85584081600,33408,False
163,0.38970582223714995,0.8813793103448276,nan,nan,20,6525,528296800,528296800,213,86112378400,86112378400,33621,False
164,0.4482335570222224,0.8630114566284779,nan,nan,20,6110,528296800,528296800,201,86640675200,86640675200,33822,False
165,0.4352292709763982,0.8680597925564368,nan,nan,20,6556,528296800,528296800,215,87168972000,87168972000,34037,False
166,0.4716199450831915,0.8578795692401031,nan,nan,20,6593,528296800,528296800,215,87697268800,87697268800,34252,False
167,0.4892606394772459,0.8545829368855059,nan,nan,20,6306,528296800,528296800,206,88225565600,88225565600,34458,False
168,0.49890571023214914,0.8477497072109754,nan,nan,20,5977,528296800,528296800,198,88753862400,88753862400,34656,False
169,0.4322225852238186,0.8766492789199141,nan,nan,20,6518,528296800,528296800,213,89282159200,89282159200,34869,False
170,0.5484219752403083,0.8429955947136564,0.5272816788489684,0.8392393635029907,20,5675,528296800,528296800,188,89810456000,89810456000,35057,False
171,0.45233231922239325,0.8606187000347584,nan,nan,20,5754,528296800,528296800,188,90338752800,90338752800,35245,False
172,0.43435102987793106,0.867885858426612,nan,nan,20,6343,528296800,528296800,206,90867049600,90867049600,35451,False
173,0.38915836646477864,0.8775734716328776,nan,nan,20,6363,528296800,528296800,208,91395346400,91395346400,35659,False
174,0.4152203695845589,0.8755226761016404,nan,nan,20,6218,528296800,528296800,204,91923643200,91923643200,35863,False
175,0.4251547116235741,0.8689611619829491,nan,nan,20,6334,528296800,528296800,209,92451940000,92451940000,36072,False
176,0.4372005416710574,0.8689114089571756,nan,nan,20,6118,528296800,528296800,200,92980236800,92980236800,36272,False
177,0.4778737239813892,0.8535531370038413,nan,nan,20,6248,528296800,528296800,206,93508533600,93508533600,36478,False
178,0.4417532250407228,0.8672462798863066,nan,nan,20,5981,528296800,528296800,195,94036830400,94036830400,36673,False
179,0.4179566533696079,0.8720765970805211,nan,nan,20,6371,528296800,528296800,207,94565127200,94565127200,36880,False
180,0.4074106509906921,0.8739388114688451,0.504489630480919,0.8431892562916149,20,6243,528296800,528296800,204,95093424000,95093424000,37084,False
181,0.3915116024464415,0.8807368092413362,nan,nan,20,6406,528296800,528296800,209,95621720800,95621720800,37293,False
182,0.44699216226824784,0.8658961367954402,nan,nan,20,6316,528296800,528296800,207,96150017600,96150017600,37500,False
183,0.44784833829691434,0.8582603254067585,nan,nan,20,6392,528296800,528296800,208,96678314400,96678314400,37708,False
184,0.4785135487267285,0.8508906633906634,nan,nan,20,6512,528296800,528296800,213,97206611200,97206611200,37921,False
185,0.43062408961616294,0.8658927753169391,nan,nan,20,6547,528296800,528296800,214,97734908000,97734908000,38135,False
186,0.5314639628834978,0.8421778084079945,nan,nan,20,5804,528296800,528296800,193,98263204800,98263204800,38328,False
187,0.47850861105041004,0.8536217303822937,nan,nan,20,5964,528296800,528296800,194,98791501600,98791501600,38522,False
188,0.4024134701450746,0.875189489641233,nan,nan,20,5937,528296800,528296800,196,99319798400,99319798400,38718,False
189,0.4056347347298655,0.8768203883495146,nan,nan,20,6592,528296800,528296800,215,99848095200,99848095200,38933,False
190,0.34348752784029696,0.8884603975081579,0.515857936202935,0.839972915020878,20,6742,528296800,528296800,219,100376392000,100376392000,39152,False
191,0.42385139971612446,0.8666875293381318,nan,nan,20,6391,528296800,528296800,208,100904688800,100904688800,39360,False
192,0.44902742877274937,0.8575197889182058,nan,nan,20,5685,528296800,528296800,188,101432985600,101432985600,39548,False
193,0.3397415977195622,0.8881476884889854,nan,nan,20,6446,528296800,528296800,210,101961282400,101961282400,39758,False
194,0.4238719306717262,0.871618451915559,nan,nan,20,6395,528296800,528296800,208,102489579200,102489579200,39966,False
195,0.41756264323497116,0.8809416025350838,nan,nan,20,6627,528296800,528296800,217,103017876000,103017876000,40183,False
196,0.45077169090180375,0.8588407684793227,nan,nan,20,6142,528296800,528296800,201,103546172800,103546172800,40384,False
197,0.39959270423798826,0.8751704287229207,nan,nan,20,6601,528296800,528296800,216,104074469600,104074469600,40600,False
198,0.3700481114053162,0.8810906744111003,nan,nan,20,6198,528296800,528296800,203,104602766400,104602766400,40803,False
199,0.407256638387697,0.8747148908439231,nan,nan,20,6138,528296800,528296800,204,105131063200,105131063200,41007,False
200,0.43819215432651265,0.8659492697924673,0.468776115148523,0.8560546213745627,20,6505,528296800,528296800,212,105659360000,105659360000,41219,False
201,0.4676294184478992,0.8527402965184074,nan,nan,20,6003,528296800,528296800,197,106187656800,106187656800,41416,False
202,0.36218149169229225,0.893613707165109,nan,nan,20,6420,528296800,528296800,209,106715953600,106715953600,41625,False
203,0.42333865127691594,0.8693871120214275,nan,nan,20,6347,528296800,528296800,206,107244250400,107244250400,41831,False
204,0.5116787632674308,0.8548387096774194,nan,nan,20,5890,528296800,528296800,195,107772547200,107772547200,42026,False
205,0.41021059993189907,0.8723158242484308,nan,nan,20,6054,528296800,528296800,199,108300844000,108300844000,42225,False
206,0.37230605889908075,0.8845208845208845,nan,nan,20,6105,528296800,528296800,200,108829140800,108829140800,42425,False
207,0.3572156357903935,0.8877423389618512,nan,nan,20,6396,528296800,528296800,209,109357437600,109357437600,42634,False
208,0.44130371680429586,0.8631852936391736,nan,nan,20,6147,528296800,528296800,203,109885734400,109885734400,42837,False
209,0.3300326739610537,0.8962860224996148,nan,nan,20,6489,528296800,528296800,212,110414031200,110414031200,43049,False
210,0.3907312320034144,0.8853792025019547,0.46846796531680474,0.8570703080916375,20,6395,528296800,528296800,210,110942328000,110942328000,43259,False
211,0.38080979408766497,0.8732726130653267,nan,nan,20,6368,528296800,528296800,209,111470624800,111470624800,43468,False
212,0.39938234048244237,0.8761655488303616,nan,nan,20,6113,528296800,528296800,199,111998921600,111998921600,43667,False
213,0.38368274666102475,0.874244651314715,nan,nan,20,6123,528296800,528296800,200,112527218400,112527218400,43867,False
214,0.4033640443129255,0.8729765444334324,nan,nan,20,6054,528296800,528296800,197,113055515200,113055515200,44064,False
215,0.4082245032646648,0.8723118279569892,nan,nan,20,5952,528296800,528296800,196,113583812000,113583812000,44260,False
216,0.3235621447841056,0.8972677595628415,nan,nan,20,6405,528296800,528296800,210,114112108800,114112108800,44470,False
217,0.3625045387759657,0.8813615333773959,nan,nan,20,6052,528296800,528296800,201,114640405600,114640405600,44671,False
218,0.40636374834322553,0.8741211918312688,nan,nan,20,5974,528296800,528296800,196,115168702400,115168702400,44867,False
219,0.3735250898438144,0.8797901097153761,nan,nan,20,6289,528296800,528296800,205,115696999200,115696999200,45072,False
220,0.40650150680047026,0.8734367183591796,0.47943945539655514,0.8525561449046383,20,5997,528296800,528296800,196,116225296000,116225296000,45268,False
221,0.39198772466416454,0.8814117647058823,nan,nan,20,6375,528296800,528296800,207,116753592800,116753592800,45475,False
222,0.36640919931319793,0.8812373698119074,nan,nan,20,6433,528296800,528296800,210,117281889600,117281889600,45685,False
223,0.38953413253873803,0.87828125,nan,nan,20,6400,528296800,528296800,208,117810186400,117810186400,45893,False
224,0.36595351303057383,0.8864524902260751,nan,nan,20,5883,528296800,528296800,194,118338483200,118338483200,46087,False
225,0.3921988504458277,0.8763987792472024,nan,nan,20,5898,528296800,528296800,195,118866780000,118866780000,46282,False
226,0.3772292510851798,0.8951687829049241,nan,nan,20,6458,528296800,528296800,211,119395076800,119395076800,46493,False
227,0.3810785133496024,0.8813816088471443,nan,nan,20,6601,528296800,528296800,215,119923373600,119923373600,46708,False
228,0.4209995335520769,0.8722303089115316,nan,nan,20,6183,528296800,528296800,202,120451670400,120451670400,46910,False
229,0.4152043849832143,0.8840703431791019,nan,nan,20,5857,528296800,528296800,193,120979967200,120979967200,47103,False
230,0.3734317259684499,0.8828062289292021,0.44200375489154853,0.8632208554339239,20,6229,528296800,528296800,203,121508264000,121508264000,47306,False
231,0.4017699579113072,0.8776629072681704,nan,nan,20,6384,528296800,528296800,207,122036560800,122036560800,47513,False
232,0.3971341009507737,0.8814942709150839,nan,nan,20,6371,528296800,528296800,210,122564857600,122564857600,47723,False
233,0.3898797312027214,0.8753559000316355,nan,nan,20,6322,528296800,528296800,206,123093154400,123093154400,47929,False
234,0.3445112210282375,0.8937651331719129,nan,nan,20,6608,528296800,528296800,215,123621451200,123621451200,48144,False
235,0.3559552012343804,0.8912756113681428,nan,nan,20,6052,528296800,528296800,199,124149748000,124149748000,48343,False
236,0.3963950772972471,0.874859437751004,nan,nan,20,6225,528296800,528296800,203,124678044800,124678044800,48546,False
237,0.34976433235406873,0.8918461538461538,nan,nan,20,6500,528296800,528296800,212,125206341600,125206341600,48758,False
238,0.40318185096808096,0.8704416064009848,nan,nan,20,6499,528296800,528296800,215,125734638400,125734638400,48973,False
239,0.4059766415247324,0.8727026212714674,nan,nan,20,6638,528296800,528296800,216,126262935200,126262935200,49189,False
240,0.3323487829737555,0.8958365819429285,0.4382982059864222,0.8645186773501862,20,6413,528296800,528296800,210,126791232000,126791232000,49399,False
241,0.4754995813925385,0.8596730245231607,nan,nan,20,5872,528296800,528296800,193,127319528800,127319528800,49592,False
242,0.35865315814916915,0.8912478998014358,nan,nan,20,6547,528296800,528296800,211,127847825600,127847825600,49803,False
243,0.3389891448560933,0.8941935483870967,nan,nan,20,6200,528296800,528296800,202,128376122400,128376122400,50005,False
244,0.35745264240164304,0.8860698125404007,nan,nan,20,6188,528296800,528296800,202,128904419200,128904419200,50207,False
245,0.32127685271467316,0.8993409227082085,nan,nan,20,6676,528296800,528296800,219,129432716000,129432716000,50426,False
246,0.395048467577725,0.8761229314420804,nan,nan,20,6345,528296800,528296800,208,129961012800,129961012800,50634,False
247,0.33043394644152035,0.8969796650717703,nan,nan,20,6688,528296800,528296800,218,130489309600,130489309600,50852,False
248,0.4074395545595978,0.8704716336295284,nan,nan,20,5852,528296800,528296800,192,131017606400,131017606400,51044,False
249,0.3596680588233536,0.8849347568208779,nan,nan,20,5901,528296800,528296800,196,131545903200,131545903200,51240,False
250,0.3459758801415862,0.8927654432865126,0.423879515780322,0.8673400293420607,20,6621,528296800,528296800,215,132074200000,132074200000,51455,False
251,0.3451866106810753,0.8885017421602788,nan,nan,20,6314,528296800,528296800,207,132602496800,132602496800,51662,False
252,0.39541718830768435,0.8768253968253968,nan,nan,20,6300,528296800,528296800,205,133130793600,133130793600,51867,False
253,0.3565245814806619,0.8840756558877364,nan,nan,20,6556,528296800,528296800,216,133659090400,133659090400,52083,False
254,0.34818458045335265,0.8929563654191861,nan,nan,20,6119,528296800,528296800,202,134187387200,134187387200,52285,False
255,0.35067939545364657,0.8941691417852118,nan,nan,20,6397,528296800,528296800,210,134715684000,134715684000,52495,False
256,0.34158117951476635,0.8931162340802837,nan,nan,20,6203,528296800,528296800,205,135243980800,135243980800,52700,False
257,0.40111059756131184,0.8825306557668384,nan,nan,20,5627,528296800,528296800,186,135772277600,135772277600,52886,False
258,0.3478912617549783,0.8906201308818946,nan,nan,20,6418,528296800,528296800,209,136300574400,136300574400,53095,False
259,0.3137912007366129,0.9012931740055655,nan,nan,20,6109,528296800,528296800,201,136828871200,136828871200,53296,False
260,0.35579966971324084,0.8811297330850404,0.4326306925463281,0.865421509987586,20,6444,528296800,528296800,212,137357168000,137357168000,53508,False
261,0.32449416867682834,0.8923854557312897,nan,nan,20,6133,528296800,528296800,201,137885464800,137885464800,53709,False
262,0.336706837851305,0.8938009787928222,nan,nan,20,6130,528296800,528296800,200,138413761600,138413761600,53909,False
263,0.3712776288617957,0.8778195488721805,nan,nan,20,6384,528296800,528296800,208,138942058400,138942058400,54117,False
264,0.3514126976970895,0.887533239480682,nan,nan,20,6393,528296800,528296800,210,139470355200,139470355200,54327,False
265,0.3362781298959937,0.8941103725459886,nan,nan,20,6469,528296800,528296800,211,139998652000,139998652000,54538,False
266,0.3779429108800568,0.8778337531486146,nan,nan,20,6352,528296800,528296800,208,140526948800,140526948800,54746,False
267,0.36099339034033695,0.8859208045254557,nan,nan,20,6364,528296800,528296800,209,141055245600,141055245600,54955,False
268,0.408640635621666,0.8714481342006162,nan,nan,20,5842,528296800,528296800,193,141583542400,141583542400,55148,False
269,0.38929744459594945,0.884119496855346,nan,nan,20,6360,528296800,528296800,208,142111839200,142111839200,55356,False
270,0.34425616350651483,0.8883907868294945,0.4165116745090259,0.8701049542940977,20,6469,528296800,528296800,213,142640136000,142640136000,55569,False
271,0.34280210252586607,0.892896174863388,nan,nan,20,6405,528296800,528296800,209,143168432800,143168432800,55778,False
272,0.35982997697201213,0.888287173139409,nan,nan,20,6463,528296800,528296800,212,143696729600,143696729600,55990,False
273,0.4114022399033975,0.8717264386989158,nan,nan,20,5995,528296800,528296800,195,144225026400,144225026400,56185,False
274,0.32800444994686734,0.8954954954954955,nan,nan,20,6660,528296800,528296800,218,144753323200,144753323200,56403,False
275,0.41075985198641046,0.8737414096212243,nan,nan,20,6257,528296800,528296800,206,145281620000,145281620000,56609,False
276,0.32567681371561025,0.8992046745658172,nan,nan,20,6161,528296800,528296800,202,145809916800,145809916800,56811,False
277,0.29208541824845546,0.9056903523974581,nan,nan,20,6924,528296800,528296800,226,146338213600,146338213600,57037,False
278,0.33225634708706014,0.8948027551659361,nan,nan,20,6388,528296800,528296800,208,146866510400,146866510400,57245,False
279,0.3683684867366504,0.8847529258777633,nan,nan,20,6152,528296800,528296800,202,147394807200,147394807200,57447,False
280,0.305466236125562,0.8987816307403936,0.41142645030591546,0.8707820787721476,20,6402,528296800,528296800,211,147923104000,147923104000,57658,False
281,0.3148468500172907,0.8923354916428249,nan,nan,20,6641,528296800,528296800,218,148451400800,148451400800,57876,False
282,0.3563223119485146,0.8839200761179828,nan,nan,20,6306,528296800,528296800,208,148979697600,148979697600,58084,False
283,0.3456000992927894,0.8974437942716353,nan,nan,20,6494,528296800,528296800,213,149507994400,149507994400,58297,False
284,0.3756158893634775,0.8738574040219378,nan,nan,20,6017,528296800,528296800,197,150036291200,150036291200,58494,False
285,0.2790542414391907,0.914311898579502,nan,nan,20,6547,528296800,528296800,216,150564588000,150564588000,58710,False
286,0.36371366807446437,0.8889235083346315,nan,nan,20,6419,528296800,528296800,210,151092884800,151092884800,58920,False
287,0.2777659744463498,0.9137449581135588,nan,nan,20,6446,528296800,528296800,208,151621181600,151621181600,59128,False
288,0.4188644019790644,0.8712955122777307,nan,nan,20,5905,528296800,528296800,195,152149478400,152149478400,59323,False
289,0.3691461827818888,0.8863377300113988,nan,nan,20,6141,528296800,528296800,202,152677775200,152677775200,59525,False
290,0.3402568217195512,0.8903318903318903,0.3902968488950625,0.8761990745965467,20,6237,528296800,528296800,205,153206072000,153206072000,59730,False
291,0.337692001021627,0.8978457261987491,nan,nan,20,5756,528296800,528296800,189,153734368800,153734368800,59919,False
292,0.33300914678600957,0.8959564541213064,nan,nan,20,6430,528296800,528296800,211,154262665600,154262665600,60130,False
293,0.3221300739218028,0.8952713424309743,nan,nan,20,6302,528296800,528296800,207,154790962400,154790962400,60337,False
294,0.3280960759972298,0.8977307574363692,nan,nan,20,6522,528296800,528296800,214,155319259200,155319259200,60551,False
295,0.3260082839719338,0.8957055214723927,nan,nan,20,6357,528296800,528296800,209,155847556000,155847556000,60760,False
296,0.3021521309127048,0.9045250320924262,nan,nan,20,6232,528296800,528296800,204,156375852800,156375852800,60964,False
297,0.36659499888902597,0.8873149769218526,nan,nan,20,6283,528296800,528296800,205,156904149600,156904149600,61169,False
298,0.3654952451923465,0.8837061716642869,nan,nan,20,6303,528296800,528296800,206,157432446400,157432446400,61375,False
299,0.3011560081750497,0.9031417624521073,nan,nan,20,6525,528296800,528296800,215,157960743200,157960743200,61590,False
300,0.31608345584487013,0.8993195174760285,0.4127464830209461,0.8702178083737727,20,6466,528296800,528296800,211,158489040000,158489040000,61801,False
301,0.26170862452794363,0.9142677363536259,nan,nan,20,6357,528296800,528296800,207,159017336800,159017336800,62008,False
302,0.35091251936697987,0.8928395870883172,nan,nan,20,6103,528296800,528296800,200,159545633600,159545633600,62208,False
303,0.32168160585616234,0.8999695493300852,nan,nan,20,6568,528296800,528296800,214,160073930400,160073930400,62422,False
304,0.31515631294839286,0.8977646285338593,nan,nan,20,6084,528296800,528296800,199,160602227200,160602227200,62621,False
305,0.33433844076300806,0.8926683115967572,nan,nan,20,5674,528296800,528296800,186,161130524000,161130524000,62807,False
306,0.35629700470648273,0.8875469234535662,nan,nan,20,6127,528296800,528296800,201,161658820800,161658820800,63008,False
307,0.34369535485120917,0.8937705946963753,nan,nan,20,6373,528296800,528296800,208,162187117600,162187117600,63216,False
308,0.32057729170164295,0.8922954725972995,nan,nan,20,6295,528296800,528296800,205,162715414400,162715414400,63421,False
309,0.29356724586742206,0.9055599060297572,nan,nan,20,6385,528296800,528296800,209,163243711200,163243711200,63630,False
310,0.35758926971118016,0.8800912921348315,0.39717413942629026,0.8708385058119851,20,5696,528296800,528296800,186,163772008000,163772008000,63816,False
311,0.2994588819108356,0.900630150266602,nan,nan,20,6189,528296800,528296800,204,164300304800,164300304800,64020,False
312,0.33845697975258415,0.8902831402831403,nan,nan,20,6216,528296800,528296800,204,164828601600,164828601600,64224,False
313,0.3448486347641995,0.8921442369607212,nan,nan,20,6212,528296800,528296800,204,165356898400,165356898400,64428,False
314,0.33935743499195586,0.8920951650038373,nan,nan,20,6515,528296800,528296800,214,165885195200,165885195200,64642,False
315,0.3459371966610322,0.8896426207809398,nan,nan,20,6044,528296800,528296800,200,166413492000,166413492000,64842,False
316,0.2814819708805299,0.908747640025173,nan,nan,20,6356,528296800,528296800,204,166941788800,166941788800,65046,False
317,0.3314787556138735,0.8953655040611562,nan,nan,20,6279,528296800,528296800,206,167470085600,167470085600,65252,False
318,0.35222857415652814,0.8855355746677092,nan,nan,20,6395,528296800,528296800,208,167998382400,167998382400,65460,False
319,0.30578588839923176,0.8975468975468975,nan,nan,20,6237,528296800,528296800,205,168526679200,168526679200,65665,False
320,0.29280025197457277,0.9079899339414911,0.37521194043149797,0.8819546326599706,20,6358,528296800,528296800,209,169054976000,169054976000,65874,False
321,0.2513404949313328,0.9179755671902269,nan,nan,20,6303,528296800,528296800,205,169583272800,169583272800,66079,False
322,0.35461245851809753,0.8909062693978895,nan,nan,20,6444,528296800,528296800,212,170111569600,170111569600,66291,False
323,0.34137915701129806,0.8872773135740186,nan,nan,20,6343,528296800,528296800,206,170639866400,170639866400,66497,False
324,0.30504126147926097,0.9014521129058574,nan,nan,20,6129,528296800,528296800,201,171168163200,171168163200,66698,False
325,0.2911961693809944,0.906934027246288,nan,nan,20,6533,528296800,528296800,215,171696460000,171696460000,66913,False
326,0.28672550948350317,0.9067822384428224,nan,nan,20,6576,528296800,528296800,213,172224756800,172224756800,67126,False
327,0.33821700947385114,0.8969088098918083,nan,nan,20,6470,528296800,528296800,212,172753053600,172753053600,67338,False
328,0.28526639292208983,0.9081015719467956,nan,nan,20,6616,528296800,528296800,218,173281350400,173281350400,67556,False
329,0.3171889307672497,0.8975547386926642,nan,nan,20,6257,528296800,528296800,204,173809647200,173809647200,67760,False
330,0.28859893294773864,0.9068907044858948,0.3749089101483948,0.8808260918632208,20,6487,528296800,528296800,214,174337944000,174337944000,67974,False
331,0.25794306465915523,0.9171459661122338,nan,nan,20,6433,528296800,528296800,210,174866240800,174866240800,68184,False
332,0.3489554480004512,0.8824561403508772,nan,nan,20,6270,528296800,528296800,207,175394537600,175394537600,68391,False
333,0.2946700894935111,0.9053990240831103,nan,nan,20,6353,528296800,528296800,207,175922834400,175922834400,68598,False
334,0.3102210549960949,0.8999343832020997,nan,nan,20,6096,528296800,528296800,202,176451131200,176451131200,68800,False
335,0.33568247933656176,0.8908940397350993,nan,nan,20,6040,528296800,528296800,199,176979428000,176979428000,68999,False
336,0.3097561901258769,0.9027731924727633,nan,nan,20,6058,528296800,528296800,198,177507724800,177507724800,69197,False
337,0.3179376648213543,0.9011093502377179,nan,nan,20,6310,528296800,528296800,207,178036021600,178036021600,69404,False
338,0.30124754579346796,0.9035344960642074,nan,nan,20,6479,528296800,528296800,213,178564318400,178564318400,69617,False
339,0.3514755317807493,0.8898431048720066,nan,nan,20,6055,528296800,528296800,199,179092615200,179092615200,69816,False
340,0.41267496211019244,0.8677340758788723,0.3862152642246402,0.8752962419591468,20,5746,528296800,528296800,189,179620912000,179620912000,70005,False
341,0.29808356899832283,0.9057116953762466,nan,nan,20,6618,528296800,528296800,217,180149208800,180149208800,70222,False
342,0.31611835890048307,0.8969005941866067,nan,nan,20,6227,528296800,528296800,206,180677505600,180677505600,70428,False
343,0.25986173769420035,0.910318508733304,nan,nan,20,6813,528296800,528296800,220,181205802400,181205802400,70648,False
344,0.3154486594640235,0.9033416614615865,nan,nan,20,6404,528296800,528296800,211,181734099200,181734099200,70859,False
345,0.32168693203119153,0.8922489256724495,nan,nan,20,6283,528296800,528296800,207,182262396000,182262396000,71066,False
346,0.32068326689659926,0.9008896519431872,nan,nan,20,6407,528296800,528296800,211,182790692800,182790692800,71277,False
347,0.3184578787074737,0.8950094161958568,nan,nan,20,6372,528296800,528296800,208,183318989600,183318989600,71485,False
348,0.26589658672080096,0.911907369738695,nan,nan,20,6391,528296800,528296800,210,183847286400,183847286400,71695,False
349,0.3158061075198658,0.8945702864756829,nan,nan,20,6004,528296800,528296800,197,184375583200,184375583200,71892,False
350,0.2921714101939006,0.9062596361393771,0.3714882121467117,0.8844938494526577,20,6486,528296800,528296800,212,184903880000,184903880000,72104,False
351,0.3359584201532892,0.8894472361809045,nan,nan,20,5970,528296800,528296800,196,185432176800,185432176800,72300,False
352,0.30253388351692895,0.9019637692190592,nan,nan,20,6569,528296800,528296800,214,185960473600,185960473600,72514,False
353,0.2804176068225818,0.9052109974424553,nan,nan,20,6256,528296800,528296800,205,186488770400,186488770400,72719,False
354,0.3084580953873516,0.8993089832181639,nan,nan,20,6078,528296800,528296800,200,187017067200,187017067200,72919,False
355,0.3165697706530289,0.8981224489795918,nan,nan,20,6125,528296800,528296800,201,187545364000,187545364000,73120,False
356,0.2950151294473009,0.9048593350383631,nan,nan,20,5865,528296800,528296800,192,188073660800,188073660800,73312,False
357,0.3039081367623622,0.8957847254627469,nan,nan,20,6429,528296800,528296800,211,188601957600,188601957600,73523,False
358,0.2986246366590554,0.9010449651678277,nan,nan,20,6316,528296800,528296800,206,189130254400,189130254400,73729,False
359,0.31203850484891626,0.9022568093385214,nan,nan,20,6425,528296800,528296800,212,189658551200,189658551200,73941,False
360,0.2707142472331317,0.9060756821950852,0.377368509204403,0.8803182485046834,20,6633,528296800,528296800,219,190186848000,190186848000,74160,False
361,0.30138402211266907,0.9016166281755197,nan,nan,20,6495,528296800,528296800,213,190715144800,190715144800,74373,False
362,0.3178276158214808,0.8975003930199654,nan,nan,20,6361,528296800,528296800,208,191243441600,191243441600,74581,False
363,0.3049320667739627,0.902126979050056,nan,nan,20,6253,528296800,528296800,205,191771738400,191771738400,74786,False
364,0.33190460603824273,0.8948443083205717,nan,nan,20,5877,528296800,528296800,191,192300035200,192300035200,74977,False
365,0.31934126285532266,0.8970843183609141,nan,nan,20,6345,528296800,528296800,206,192828332000,192828332000,75183,False
366,0.3164652166473659,0.8977508374541394,nan,nan,20,6269,528296800,528296800,205,193356628800,193356628800,75388,False
367,0.3494933200484066,0.8873589913735899,nan,nan,20,6028,528296800,528296800,198,193884925600,193884925600,75586,False
368,0.317799189290003,0.895618556701031,nan,nan,20,6208,528296800,528296800,202,194413222400,194413222400,75788,False
369,0.28731470039826545,0.9007949125596184,nan,nan,20,6290,528296800,528296800,206,194941519200,194941519200,75994,False
370,0.31685163342172573,0.8996763754045307,0.35957517353558216,0.8845502764924952,20,5562,528296800,528296800,183,195469816000,195469816000,76177,False
371,0.28888156979445617,0.9033044007918379,nan,nan,20,6567,528296800,528296800,213,195998112800,195998112800,76390,False
372,0.24367427967237776,0.9180126134440856,nan,nan,20,6501,528296800,528296800,213,196526409600,196526409600,76603,False
373,0.2938796269521345,0.9050168247170388,nan,nan,20,6538,528296800,528296800,213,197054706400,197054706400,76816,False
374,0.30694578635804654,0.8988026898474659,nan,nan,20,6097,528296800,528296800,202,197583003200,197583003200,77018,False
375,0.29781536452703783,0.9013637805264827,nan,nan,20,6306,528296800,528296800,206,198111300000,198111300000,77224,False
376,0.2829362989812217,0.9053688067548192,nan,nan,20,6277,528296800,528296800,207,198639596800,198639596800,77431,False
377,0.29403608421792005,0.9055921052631579,nan,nan,20,6080,528296800,528296800,202,199167893600,199167893600,77633,False
378,0.2852350259558227,0.9052125100240578,nan,nan,20,6235,528296800,528296800,204,199696190400,199696190400,77837,False
379,0.3188943862619045,0.8924922977136371,nan,nan,20,6167,528296800,528296800,202,200224487200,200224487200,78039,False
380,0.2556953448549779,0.9101106091291479,0.3761983022115634,0.8786254373095588,20,6419,528296800,528296800,210,200752784000,200752784000,78249,False
381,0.3130753950777881,0.8962382445141066,nan,nan,20,6380,528296800,528296800,210,201281080800,201281080800,78459,False
382,0.29701625714095076,0.9083427464902372,nan,nan,20,6197,528296800,528296800,205,201809377600,201809377600,78664,False
383,0.2989165510249479,0.9053647729071056,nan,nan,20,6319,528296800,528296800,207,202337674400,202337674400,78871,False
384,0.2834428825850231,0.9086442499616152,nan,nan,20,6513,528296800,528296800,211,202865971200,202865971200,79082,False
385,0.27423558435257656,0.9035087719298246,nan,nan,20,6384,528296800,528296800,209,203394268000,203394268000,79291,False
386,0.27846307974930784,0.9113962264150943,nan,nan,20,6625,528296800,528296800,215,203922564800,203922564800,79506,False
387,0.2564525936678426,0.9156130997715156,nan,nan,20,6565,528296800,528296800,212,204450861600,204450861600,79718,False
388,0.30869071663226705,0.9043420395940776,nan,nan,20,6011,528296800,528296800,200,204979158400,204979158400,79918,False
389,0.32580580772235346,0.8966783775151709,nan,nan,20,6262,528296800,528296800,203,205507455200,205507455200,80121,False
390,0.2704970823316717,0.9121371216800495,0.36863072366346394,0.8838167249746078,20,6476,528296800,528296800,212,206035752000,206035752000,80333,False
391,0.29367373458397905,0.9050359712230216,nan,nan,20,6255,528296800,528296800,203,206564048800,206564048800,80536,False
392,0.26100739977287263,0.9099369085173502,nan,nan,20,6340,528296800,528296800,207,207092345600,207092345600,80743,False
393,0.30235376252352336,0.9037111334002006,nan,nan,20,5982,528296800,528296800,196,207620642400,207620642400,80939,False
394,0.29409790460605456,0.9062208398133748,nan,nan,20,6430,528296800,528296800,210,208148939200,208148939200,81149,False
395,0.284430256891221,0.9042813455657492,nan,nan,20,6540,528296800,528296800,214,208677236000,208677236000,81363,False
396,0.3075540681367432,0.8957264957264958,nan,nan,20,6435,528296800,528296800,208,209205532800,209205532800,81571,False
397,0.3131797862320102,0.9042647319058573,nan,nan,20,5651,528296800,528296800,184,209733829600,209733829600,81755,False
398,0.28852075269060035,0.9070614312856238,nan,nan,20,6316,528296800,528296800,208,210262126400,210262126400,81963,False
399,0.29988260122783467,0.9024822695035462,nan,nan,20,6204,528296800,528296800,202,210790423200,210790423200,82165,False
400,0.3138298407244553,0.8987068965517241,0.3514971219616164,0.8886130233607945,20,6032,528296800,528296800,199,211318720000,211318720000,82364,False
401,0.2688340499311063,0.9079390537289495,nan,nan,20,6235,528296800,528296800,205,211847016800,211847016800,82569,False
402,0.3030847279251433,0.903861821737005,nan,nan,20,6137,528296800,528296800,203,212375313600,212375313600,82772,False
403,0.2881826837933827,0.9066940322071361,nan,nan,20,6334,528296800,528296800,206,212903610400,212903610400,82978,False
404,0.2617291738235586,0.9115975935828877,nan,nan,20,5984,528296800,528296800,195,213431907200,213431907200,83173,False
405,0.31623444195658346,0.895405669599218,nan,nan,20,6138,528296800,528296800,199,213960204000,213960204000,83372,False
406,0.3133535032775008,0.8952042628774423,nan,nan,20,6193,528296800,528296800,203,214488500800,214488500800,83575,False
407,0.30520568380959,0.8990001694628029,nan,nan,20,5901,528296800,528296800,195,215016797600,215016797600,83770,False
408,0.27016549332253575,0.9093965103249559,nan,nan,20,6247,528296800,528296800,205,215545094400,215545094400,83975,False
409,0.2816696004694015,0.9100082712985939,nan,nan,20,6045,528296800,528296800,199,216073391200,216073391200,84174,False
410,0.2907080972284653,0.8994357782940591,0.3643631168721344,0.882801038257533,20,6026,528296800,528296800,199,216601688000,216601688000,84373,False
411,0.3370974983750042,0.8949692477527204,nan,nan,20,6341,528296800,528296800,209,217129984800,217129984800,84582,False
412,0.2627347182744411,0.9122489049992448,nan,nan,20,6621,528296800,528296800,216,217658281600,217658281600,84798,False
413,0.28227366865336095,0.9041543997383056,nan,nan,20,6114,528296800,528296800,202,218186578400,218186578400,85000,False
414,0.3000482332886,0.9032451923076923,nan,nan,20,6656,528296800,528296800,216,218714875200,218714875200,85216,False
415,0.32389453161585174,0.8951037870385042,nan,nan,20,6311,528296800,528296800,207,219243172000,219243172000,85423,False
416,0.2874889295181504,0.902398401065956,nan,nan,20,6004,528296800,528296800,199,219771468800,219771468800,85622,False
417,0.2615672692771621,0.9103925353925354,nan,nan,20,6216,528296800,528296800,203,220299765600,220299765600,85825,False
418,0.3144512519077562,0.8968717257895524,nan,nan,20,6681,528296800,528296800,218,220828062400,220828062400,86043,False
419,0.29745321964462373,0.9004858172700204,nan,nan,20,6381,528296800,528296800,209,221356359200,221356359200,86252,False
420,0.26713642122436887,0.9156699470098411,0.34487182859467164,0.8926193431892563,20,6605,528296800,528296800,216,221884656000,221884656000,86468,False
421,0.3173511923688828,0.8983974888485049,nan,nan,20,6053,528296800,528296800,199,222412952800,222412952800,86667,False
422,0.24829503677629763,0.9216965742251223,nan,nan,20,6130,528296800,528296800,202,222941249600,222941249600,86869,False
423,0.3029216689645354,0.9002155836156452,nan,nan,20,6494,528296800,528296800,212,223469546400,223469546400,87081,False
424,0.29300338090695155,0.9021312872975277,nan,nan,20,5865,528296800,528296800,192,223997843200,223997843200,87273,False
425,0.2434092370818726,0.916590284142988,nan,nan,20,6546,528296800,528296800,213,224526140000,224526140000,87486,False
426,0.24908172015843813,0.9193548387096774,nan,nan,20,6076,528296800,528296800,196,225054436800,225054436800,87682,False
427,0.3017797408205584,0.9012284196547145,nan,nan,20,6024,528296800,528296800,198,225582733600,225582733600,87880,False
428,0.2986070063167033,0.9,nan,nan,20,6140,528296800,528296800,204,226111030400,226111030400,88084,False
429,0.27562057522201827,0.912066438690767,nan,nan,20,6141,528296800,528296800,201,226639327200,226639327200,88285,False
430,0.2620130032691806,0.9137063816409934,0.34842056450019393,0.8868637851258323,20,6362,528296800,528296800,208,227167624000,227167624000,88493,False
431,0.2446670225734626,0.9197657857255895,nan,nan,20,6319,528296800,528296800,206,227695920800,227695920800,88699,False
432,0.30343025063509593,0.8986405093787644,nan,nan,20,5811,528296800,528296800,191,228224217600,228224217600,88890,False
433,0.3194920011527049,0.8949504789738594,nan,nan,20,6159,528296800,528296800,203,228752514400,228752514400,89093,False
434,0.2948817877626099,0.9051624608279729,nan,nan,20,6063,528296800,528296800,199,229280811200,229280811200,89292,False
435,0.30242067116804716,0.9005662891405729,nan,nan,20,6004,528296800,528296800,196,229809108000,229809108000,89488,False
436,0.2720361689961707,0.9098296608845132,nan,nan,20,6399,528296800,528296800,208,230337404800,230337404800,89696,False
437,0.29187894900515304,0.9033543673198273,nan,nan,20,6022,528296800,528296800,196,230865701600,230865701600,89892,False
438,0.2697180442630891,0.9077782952957615,nan,nan,20,6441,528296800,528296800,211,231393998400,231393998400,90103,False
439,0.29017628750941027,0.9034272901985907,nan,nan,20,6244,528296800,528296800,202,231922295200,231922295200,90305,False
440,0.28896541166533196,0.9042145593869731,0.3411447296742862,0.8921114998307189,20,6264,528296800,528296800,205,232450592000,232450592000,90510,False
441,0.2815136909828243,0.9079385200443669,nan,nan,20,6311,528296800,528296800,209,232978888800,232978888800,90719,False
442,0.2534425845886981,0.9161057297652274,nan,nan,20,6091,528296800,528296800,201,233507185600,233507185600,90920,False
443,0.2990230723300915,0.9011976047904192,nan,nan,20,6012,528296800,528296800,199,234035482400,234035482400,91119,False
444,0.2585229553463286,0.9136776305997917,nan,nan,20,6719,528296800,528296800,220,234563779200,234563779200,91339,False
445,0.299277345540417,0.9040340371887803,nan,nan,20,6346,528296800,528296800,207,235092076000,235092076000,91546,False
446,0.27074869734252055,0.9134493670886076,nan,nan,20,6320,528296800,528296800,207,235620372800,235620372800,91753,False
447,0.30638181468118986,0.899773682508891,nan,nan,20,6186,528296800,528296800,202,236148669600,236148669600,91955,False
448,0.27007908340551995,0.9092342736989661,nan,nan,20,5707,528296800,528296800,187,236676966400,236676966400,92142,False
449,0.28887036808085775,0.9051594590081816,nan,nan,20,5989,528296800,528296800,197,237205263200,237205263200,92339,False
450,0.293521861730288,0.9009223918575063,0.3494172674876924,0.8842117142534702,20,6288,528296800,528296800,206,237733560000,237733560000,92545,False
451,0.29233601467502923,0.9037938210340963,nan,nan,20,6247,528296800,528296800,204,238261856800,238261856800,92749,False
452,0.287581305447771,0.9014225941422594,nan,nan,20,5975,528296800,528296800,196,238790153600,238790153600,92945,False
453,0.2953495643681181,0.9066729619137551,nan,nan,20,6354,528296800,528296800,207,239318450400,239318450400,93152,False
454,0.287644499433541,0.9090909090909091,nan,nan,20,6138,528296800,528296800,199,239846747200,239846747200,93351,False
455,0.2917560499437153,0.905795944435574,nan,nan,20,6263,528296800,528296800,205,240375044000,240375044000,93556,False
456,0.267600102938582,0.9076305220883534,nan,nan,20,5976,528296800,528296800,195,240903340800,240903340800,93751,False
457,0.287186838484038,0.9101049868766404,nan,nan,20,6096,528296800,528296800,198,241431637600,241431637600,93949,False
458,0.2902653174880338,0.9064432150992515,nan,nan,20,6146,528296800,528296800,204,241959934400,241959934400,94153,False
459,0.26684705346973436,0.9081881816701937,nan,nan,20,6143,528296800,528296800,201,242488231200,242488231200,94354,False
460,0.2616513704686957,0.9143846915209501,0.3509571563577345,0.8889515855998195,20,6062,528296800,528296800,198,243016528000,243016528000,94552,False
461,0.27702704904810976,0.9031469599755576,nan,nan,20,6546,528296800,528296800,215,243544824800,243544824800,94767,False
462,0.2184035990046495,0.9226738647189584,nan,nan,20,6298,528296800,528296800,206,244073121600,244073121600,94973,False
463,0.2730068171842699,0.9068506653523903,nan,nan,20,6087,528296800,528296800,201,244601418400,244601418400,95174,False
464,0.2777267864687571,0.9080258786501136,nan,nan,20,5719,528296800,528296800,189,245129715200,245129715200,95363,False
465,0.25490633209055213,0.9126391218173502,nan,nan,20,6559,528296800,528296800,215,245658012000,245658012000,95578,False
466,0.254846347735358,0.919274594768095,nan,nan,20,6231,528296800,528296800,204,246186308800,246186308800,95782,False
467,0.28649509333446743,0.9102276370631612,nan,nan,20,6238,528296800,528296800,205,246714605600,246714605600,95987,False
468,0.32526977912579874,0.8938775510204081,nan,nan,20,6615,528296800,528296800,218,247242902400,247242902400,96205,False
469,0.27566268444108005,0.9089056130448416,nan,nan,20,6378,528296800,528296800,207,247771199200,247771199200,96412,False
470,0.25262942057473176,0.9140060965827049,0.35073373488171244,0.8867509310461573,20,6233,528296800,528296800,202,248299496000,248299496000,96614,False
471,0.2592844671357876,0.9124579124579124,nan,nan,20,6237,528296800,528296800,203,248827792800,248827792800,96817,False
472,0.2893906425446306,0.9024510610297747,nan,nan,20,6079,528296800,528296800,198,249356089600,249356089600,97015,False
473,0.292222845298391,0.9011406844106464,nan,nan,20,5786,528296800,528296800,192,249884386400,249884386400,97207,False
474,0.26318015031114467,0.9127044794373949,nan,nan,20,6541,528296800,528296800,214,250412683200,250412683200,97421,False
475,0.25213287645435567,0.9179590570719603,nan,nan,20,6448,528296800,528296800,211,250940980000,250940980000,97632,False
476,0.2647284202734766,0.9120734908136483,nan,nan,20,6096,528296800,528296800,198,251469276800,251469276800,97830,False
477,0.301468652906953,0.8981341401916288,nan,nan,20,5949,528296800,528296800,196,251997573600,251997573600,98026,False
478,0.27008486758679356,0.907806922241192,nan,nan,20,6443,528296800,528296800,211,252525870400,252525870400,98237,False
479,0.2944034732904895,0.9056176137283471,nan,nan,20,6177,528296800,528296800,203,253054167200,253054167200,98440,False
480,0.2558976053997177,0.916039907904835,0.3427808774424358,0.8907008238347817,20,6515,528296800,528296800,214,253582464000,253582464000,98654,False
481,0.2532557113982484,0.9116106134865641,nan,nan,20,5917,528296800,528296800,196,254110760800,254110760800,98850,False
482,0.24882666381514423,0.9126574103971585,nan,nan,20,6194,528296800,528296800,201,254639057600,254639057600,99051,False
483,0.23576393798137849,0.9190548780487805,nan,nan,20,6560,528296800,528296800,215,255167354400,255167354400,99266,False
484,0.2743494554713216,0.9086522997748472,nan,nan,20,6218,528296800,528296800,203,255695651200,255695651200,99469,False
485,0.24567079770237485,0.9178018575851393,nan,nan,20,6460,528296800,528296800,208,256223948000,256223948000,99677,False
486,0.2842532246162866,0.9040236892527435,nan,nan,20,5741,528296800,528296800,189,256752244800,256752244800,99866,False
487,0.24446349893897418,0.9151638701583816,nan,nan,20,6377,528296800,528296800,207,257280541600,257280541600,100073,False
488,0.24744201900027324,0.9177053371684244,nan,nan,20,6258,528296800,528296800,204,257808838400,257808838400,100277,False
489,0.272606882886911,0.9081566068515498,nan,nan,20,6130,528296800,528296800,201,258337135200,258337135200,100478,False
490,0.24491091440004176,0.9197448449784899,0.3232047740828707,0.8961178196591807,20,6741,528296800,528296800,218,258865432000,258865432000,100696,False
491,0.2615686934732695,0.9140461215932913,nan,nan,20,6201,528296800,528296800,202,259393728800,259393728800,100898,False
492,0.2634681783582044,0.9089893022513172,nan,nan,20,6263,528296800,528296800,205,259922025600,259922025600,101103,False
493,0.25929265904850907,0.9145325516815798,nan,nan,20,6482,528296800,528296800,212,260450322400,260450322400,101315,False
494,0.23700654353908224,0.9221783741120758,nan,nan,20,6335,528296800,528296800,207,260978619200,260978619200,101522,False
495,0.27283374634267815,0.9094422043010753,nan,nan,20,5952,528296800,528296800,197,261506916000,261506916000,101719,False
496,0.2658888640474867,0.9144781144781144,nan,nan,20,5940,528296800,528296800,193,262035212800,262035212800,101912,False
497,0.21874838477179667,0.9234076433121019,nan,nan,20,6280,528296800,528296800,207,262563509600,262563509600,102119,False
498,0.23547099342989417,0.9250589424048501,nan,nan,20,5938,528296800,528296800,194,263091806400,263091806400,102313,False
499,0.26962278266121736,0.9105205220946689,nan,nan,20,6359,528296800,528296800,209,263620103200,263620103200,102522,False
500,0.2539015053278471,0.9164658634538153,0.33247232990062553,0.8931836135876312,20,6225,528296800,528296800,204,264148400000,264148400000,102726,False
501,0.22949325640621973,0.9246385727468471,nan,nan,20,6502,528296800,528296800,212,264676696800,264676696800,102938,False
502,0.2479095879132789,0.9183481933364618,nan,nan,20,6393,528296800,528296800,209,265204993600,265204993600,103147,False
503,0.2678870864000207,0.9121813031161473,nan,nan,20,6001,528296800,528296800,195,265733290400,265733290400,103342,False
504,0.28312199533641413,0.9026105987181491,nan,nan,20,6397,528296800,528296800,210,266261587200,266261587200,103552,False
505,0.27865842026529486,0.9135782489075902,nan,nan,20,6179,528296800,528296800,203,266789884000,266789884000,103755,False
506,0.245139119647286,0.9150884818379386,nan,nan,20,6442,528296800,528296800,211,267318180800,267318180800,103966,False
507,0.21226345749015,0.9254800365742152,nan,nan,20,6562,528296800,528296800,215,267846477600,267846477600,104181,False
508,0.2405013910500673,0.9165986616614983,nan,nan,20,6127,528296800,528296800,202,268374774400,268374774400,104383,False
509,0.22781718869547443,0.9232381873891308,nan,nan,20,6201,528296800,528296800,203,268903071200,268903071200,104586,False
510,0.23845515002793607,0.9181412525003847,0.33044913346060323,0.8922243539103939,20,6499,528296800,528296800,210,269431368000,269431368000,104796,False
511,0.2801458434735427,0.9087465564738292,nan,nan,20,5808,528296800,528296800,192,269959664800,269959664800,104988,False
512,0.2461919851255487,0.9150084837266698,nan,nan,20,6483,528296800,528296800,213,270487961600,270487961600,105201,False
513,0.24911267838321993,0.9137614678899083,nan,nan,20,5995,528296800,528296800,196,271016258400,271016258400,105397,False
514,0.21738268151505147,0.9246710028739978,nan,nan,20,6611,528296800,528296800,217,271544555200,271544555200,105614,False
515,0.22097605897255918,0.9287991498405951,nan,nan,20,6587,528296800,528296800,214,272072852000,272072852000,105828,False
516,0.22865073617250503,0.9211107604922688,nan,nan,20,6338,528296800,528296800,208,272601148800,272601148800,106036,False
517,0.24294506060535515,0.9146844275293371,nan,nan,20,6306,528296800,528296800,205,273129445600,273129445600,106241,False
518,0.24110457665023793,0.9176399211284696,nan,nan,20,6593,528296800,528296800,215,273657742400,273657742400,106456,False
519,0.2500916606034925,0.9119986741796486,nan,nan,20,6034,528296800,528296800,197,274186039200,274186039200,106653,False
520,0.23976690254006597,0.9166802809998367,0.3267892059125826,0.8947635707030809,20,6121,528296800,528296800,199,274714336000,274714336000,106852,False
521,0.24997569061845418,0.9137985978330146,nan,nan,20,6276,528296800,528296800,203,275242632800,275242632800,107055,False
522,0.27857347874738786,0.9085566119273984,nan,nan,20,5785,528296800,528296800,189,275770929600,275770929600,107244,False
523,0.2503009117346645,0.9167052290606201,nan,nan,20,6483,528296800,528296800,213,276299226400,276299226400,107457,False
524,0.25251009293841353,0.9131238447319778,nan,nan,20,6492,528296800,528296800,211,276827523200,276827523200,107668,False
525,0.2481210836133606,0.9188209331651954,nan,nan,20,6344,528296800,528296800,209,277355820000,277355820000,107877,False
526,0.2196610765724636,0.9234234234234234,nan,nan,20,6660,528296800,528296800,219,277884116800,277884116800,108096,False
527,0.23488978204345146,0.9212045560929942,nan,nan,20,6409,528296800,528296800,211,278412413600,278412413600,108307,False
528,0.26448063154030654,0.9132405815225887,nan,nan,20,6397,528296800,528296800,209,278940710400,278940710400,108516,False
529,0.266207695073279,0.9133405808355335,nan,nan,20,6439,528296800,528296800,210,279469007200,279469007200,108726,False
530,0.25705627173160644,0.9100760148795083,0.31933499653564595,0.8935786028664936,20,6183,528296800,528296800,204,279997304000,279997304000,108930,False
531,0.23753728291809995,0.9216519890677194,nan,nan,20,6586,528296800,528296800,216,280525600800,280525600800,109146,False
532,0.2030646205241663,0.9321473551637279,nan,nan,20,6352,528296800,528296800,206,281053897600,281053897600,109352,False
533,0.2241043600686921,0.9252792197577474,nan,nan,20,6357,528296800,528296800,209,281582194400,281582194400,109561,False
534,0.24011090744947866,0.9224074347248856,nan,nan,20,6779,528296800,528296800,221,282110491200,282110491200,109782,False
535,0.31717238538858533,0.8981144034225955,nan,nan,20,6311,528296800,528296800,208,282638788000,282638788000,109990,False
536,0.2154783103302652,0.9246780473195567,nan,nan,20,6678,528296800,528296800,218,283167084800,283167084800,110208,False
537,0.25060807758661485,0.916406737367436,nan,nan,20,6412,528296800,528296800,212,283695381600,283695381600,110420,False
538,0.2565455451366825,0.9124166795845605,nan,nan,20,6451,528296800,528296800,212,284223678400,284223678400,110632,False
539,0.23759772231005197,0.917741428122051,nan,nan,20,6358,528296800,528296800,206,284751975200,284751975200,110838,False
540,0.2238861947143401,0.927346429685064,0.3355058692248542,0.8911522401534816,20,6414,528296800,528296800,210,285280272000,285280272000,111048,False
541,0.2871915728235594,0.9018101092896175,nan,nan,20,5856,528296800,528296800,192,285808568800,285808568800,111240,False
542,0.2538853087933024,0.9129734085414988,nan,nan,20,6205,528296800,528296800,204,286336865600,286336865600,111444,False
543,0.19355968710978755,0.931118561414203,nan,nan,20,6562,528296800,528296800,213,286865162400,286865162400,111657,False
544,0.25111330544944044,0.9162691232110545,nan,nan,20,6079,528296800,528296800,199,287393459200,287393459200,111856,False
545,0.2376463090081847,0.9230769230769231,nan,nan,20,6773,528296800,528296800,221,287921756000,287921756000,112077,False
546,0.22382058440360644,0.9292833412434741,nan,nan,20,6321,528296800,528296800,206,288450052800,288450052800,112283,False
547,0.23703852758023564,0.9192355117139334,nan,nan,20,6488,528296800,528296800,213,288978349600,288978349600,112496,False
548,0.22398575562086329,0.9232744298444344,nan,nan,20,6621,528296800,528296800,217,289506646400,289506646400,112713,False
549,0.2398407127469885,0.9179221594475832,nan,nan,20,6372,528296800,528296800,207,290034943200,290034943200,112920,False
550,0.22912275125224985,0.9179440937781785,0.32290921854240984,0.897189933416093,20,6654,528296800,528296800,219,290563240000,290563240000,113139,False
551,0.24198036728873498,0.920279266114629,nan,nan,20,6159,528296800,528296800,202,291091536800,291091536800,113341,False
552,0.2876321584191979,0.906426735218509,nan,nan,20,5835,528296800,528296800,191,291619833600,291619833600,113532,False
553,0.22277952365000409,0.9257223618090452,nan,nan,20,6368,528296800,528296800,209,292148130400,292148130400,113741,False
554,0.1992507669173928,0.9304107909258124,nan,nan,20,6524,528296800,528296800,213,292676427200,292676427200,113954,False
555,0.270237335743352,0.9093861643390712,nan,nan,20,6158,528296800,528296800,201,293204724000,293204724000,114155,False
556,0.234909408107344,0.9207069127306851,nan,nan,20,6394,528296800,528296800,208,293733020800,293733020800,114363,False
557,0.21805706755528143,0.9271039415614062,nan,nan,20,6571,528296800,528296800,214,294261317600,294261317600,114577,False
558,0.26203304190663296,0.9186100386100386,nan,nan,20,6475,528296800,528296800,212,294789614400,294789614400,114789,False
559,0.24860905170484054,0.9173540352579654,nan,nan,20,6183,528296800,528296800,203,295317911200,295317911200,114992,False
560,0.21068746438827005,0.9299393552505586,0.3344012854828709,0.8929579054282812,20,6266,528296800,528296800,208,295846208000,295846208000,115200,False
561,0.2344671576557828,0.9209092324458975,nan,nan,20,6423,528296800,528296800,212,296374504800,296374504800,115412,False
562,0.28306493054166615,0.9056451612903226,nan,nan,20,6200,528296800,528296800,205,296902801600,296902801600,115617,False
563,0.2343163454798352,0.9250317662007624,nan,nan,20,6296,528296800,528296800,205,297431098400,297431098400,115822,False
564,0.2040074686028948,0.9296233142148504,nan,nan,20,6451,528296800,528296800,211,297959395200,297959395200,116033,False
565,0.266519209915941,0.9088070982582978,nan,nan,20,6086,528296800,528296800,200,298487692000,298487692000,116233,False
566,0.22954149472952626,0.9219753086419753,nan,nan,20,6075,528296800,528296800,199,299015988800,299015988800,116432,False
567,0.24798213285546186,0.9156791248860529,nan,nan,20,6582,528296800,528296800,216,299544285600,299544285600,116648,False
568,0.22535738284145124,0.9253578732106339,nan,nan,20,6846,528296800,528296800,222,300072582400,300072582400,116870,False
569,0.26696472739870025,0.9082614465826144,nan,nan,20,6028,528296800,528296800,198,300600879200,300600879200,117068,False
570,0.22797039928003923,0.9234522720341568,0.31329626530230603,0.8973592145356054,20,6558,528296800,528296800,213,301129176000,301129176000,117281,False
571,0.19418144222641967,0.9338804583462372,nan,nan,20,6458,528296800,528296800,210,301657472800,301657472800,117491,False
572,0.23046803671754265,0.9225329981143935,nan,nan,20,6364,528296800,528296800,209,302185769600,302185769600,117700,False
573,0.26608734417331337,0.9061017503680681,nan,nan,20,6113,528296800,528296800,200,302714066400,302714066400,117900,False
574,0.21428098371242182,0.927461139896373,nan,nan,20,6369,528296800,528296800,210,303242363200,303242363200,118110,False
575,0.24786119252388908,0.9151421983089931,nan,nan,20,6505,528296800,528296800,213,303770660000,303770660000,118323,False
576,0.20531520927209315,0.9305959859047035,nan,nan,20,6527,528296800,528296800,215,304298956800,304298956800,118538,False
577,0.22938490427831457,0.9232378500160927,nan,nan,20,6214,528296800,528296800,203,304827253600,304827253600,118741,False
578,0.20252407217036422,0.9297353864553745,nan,nan,20,6689,528296800,528296800,218,305355550400,305355550400,118959,False
579,0.2184619399342911,0.9242065371861677,nan,nan,20,6333,528296800,528296800,208,305883847200,305883847200,119167,False
580,0.2227393457155593,0.924759955926334,0.3132467458007594,0.8990520257307302,20,6353,528296800,528296800,207,306412144000,306412144000,119374,False
581,0.21590951415809634,0.9240561896400351,nan,nan,20,6834,528296800,528296800,222,306940440800,306940440800,119596,False
582,0.21709034600445817,0.9246987951807228,nan,nan,20,6640,528296800,528296800,216,307468737600,307468737600,119812,False
583,0.20919031129600144,0.9272289156626506,nan,nan,20,6225,528296800,528296800,202,307997034400,307997034400,120014,False
584,0.2245928096385196,0.9264705882352942,nan,nan,20,6120,528296800,528296800,200,308525331200,308525331200,120214,False
585,0.24308877654329447,0.9212827988338192,nan,nan,20,6174,528296800,528296800,202,309053628000,309053628000,120416,False
586,0.1990385768829742,0.9315552699228792,nan,nan,20,6224,528296800,528296800,203,309581924800,309581924800,120619,False
587,0.2292619694939607,0.9201341258954427,nan,nan,20,6561,528296800,528296800,217,310110221600,310110221600,120836,False
588,0.23112219273474496,0.9182707478699905,nan,nan,20,6338,528296800,528296800,208,310638518400,310638518400,121044,False
589,0.2343684769956548,0.9205058717253839,nan,nan,20,6642,528296800,528296800,218,311166815200,311166815200,121262,False
590,0.24160181902100117,0.918233082706767,0.31599996273841297,0.8982620471730053,20,6384,528296800,528296800,209,311695112000,311695112000,121471,False
591,0.289917806435568,0.9030179721939641,nan,nan,20,5898,528296800,528296800,194,312223408800,312223408800,121665,False
592,0.20376578618082442,0.9327626459143968,nan,nan,20,6425,528296800,528296800,212,312751705600,312751705600,121877,False
593,0.2121976663907827,0.927027027027027,nan,nan,20,6290,528296800,528296800,208,313280002400,313280002400,122085,False
594,0.26331888729688746,0.9131043059225866,nan,nan,20,6433,528296800,528296800,210,313808299200,313808299200,122295,False
595,0.2728788155521023,0.9089629282027217,nan,nan,20,6393,528296800,528296800,209,314336596000,314336596000,122504,False
596,0.24137118150321898,0.916416020262783,nan,nan,20,6317,528296800,528296800,206,314864892800,314864892800,122710,False
597,0.24621957735273392,0.9141623775527146,nan,nan,20,6023,528296800,528296800,196,315393189600,315393189600,122906,False
598,0.22450695072517216,0.9221199727334697,nan,nan,20,5868,528296800,528296800,192,315921486400,315921486400,123098,False
599,0.21439447474437706,0.9251269035532995,nan,nan,20,6304,528296800,528296800,209,316449783200,316449783200,123307,False
600,0.22789619066167682,0.9212240569610665,0.31762224767429004,0.8964563818982056,20,6601,528296800,528296800,214,316978080000,316978080000,123521,False
601,0.217792587835972,0.9258641600970285,nan,nan,20,6596,528296800,528296800,216,317506376800,317506376800,123737,False
602,0.305964146595363,0.8968711763677679,nan,nan,20,5721,528296800,528296800,189,318034673600,318034673600,123926,False
603,0.23460812529250258,0.914971657219073,nan,nan,20,5998,528296800,528296800,199,318562970400,318562970400,124125,False
604,0.22582399020798252,0.9237824161922834,nan,nan,20,6324,528296800,528296800,206,319091267200,319091267200,124331,False
605,0.2649144258036503,0.911667219091813,nan,nan,20,6034,528296800,528296800,198,319619564000,319619564000,124529,False
606,0.2575115657742176,0.9134233518665608,nan,nan,20,6295,528296800,528296800,207,320147860800,320147860800,124736,False
607,0.20773096109191003,0.9312288613303269,nan,nan,20,6209,528296800,528296800,204,320676157600,320676157600,124940,False
608,0.2586415446830688,0.9173725427521177,nan,nan,20,6257,528296800,528296800,205,321204454400,321204454400,125145,False
609,0.2337279393674875,0.9172764874323894,nan,nan,20,6286,528296800,528296800,208,321732751200,321732751200,125353,False
610,0.259147565591288,0.9082037710883228,0.32315742048301327,0.8962306737388557,20,6046,528296800,528296800,196,322261048000,322261048000,125549,False
611,0.24686789188904948,0.9165326471534255,nan,nan,20,6218,528296800,528296800,201,322789344800,322789344800,125750,False
612,0.21505827813510142,0.9257425742574258,nan,nan,20,6666,528296800,528296800,217,323317641600,323317641600,125967,False
613,0.23151969063479516,0.9211126310989513,nan,nan,20,6579,528296800,528296800,216,323845938400,323845938400,126183,False
614,0.2315624754728908,0.9230887792848336,nan,nan,20,6488,528296800,528296800,209,324374235200,324374235200,126392,False
615,0.2136603937940983,0.9293816903658731,nan,nan,20,6259,528296800,528296800,203,324902532000,324902532000,126595,False
616,0.22578649192986536,0.923673792557403,nan,nan,20,6315,528296800,528296800,206,325430828800,325430828800,126801,False
617,0.20932113862512985,0.9289056603773584,nan,nan,20,6625,528296800,528296800,216,325959125600,325959125600,127017,False
618,0.2177199918230988,0.9257506286052359,nan,nan,20,6761,528296800,528296800,219,326487422400,326487422400,127236,False
619,0.250218098631028,0.9094676442460949,nan,nan,20,6274,528296800,528296800,204,327015719200,327015719200,127440,False
620,0.2035089923457503,0.9282661782661783,0.3128165553142411,0.8989391716510552,20,6552,528296800,528296800,215,327544016000,327544016000,127655,False
621,0.2186879734103115,0.9278557114228457,nan,nan,20,6487,528296800,528296800,214,328072312800,328072312800,127869,False
622,0.23717158126437976,0.9208471012316011,nan,nan,20,6658,528296800,528296800,216,328600609600,328600609600,128085,False
623,0.236311722617116,0.9208740274788942,nan,nan,20,6041,528296800,528296800,198,329128906400,329128906400,128283,False
624,0.19992934128849094,0.9312672598956735,nan,nan,20,6518,528296800,528296800,215,329657203200,329657203200,128498,False
625,0.20692151159956165,0.9298760600130463,nan,nan,20,6132,528296800,528296800,203,330185500000,330185500000,128701,False
626,0.2474694951232547,0.9146540469973891,nan,nan,20,6128,528296800,528296800,201,330713796800,330713796800,128902,False
627,0.19257049169812127,0.936269764440142,nan,nan,20,6198,528296800,528296800,203,331242093600,331242093600,129105,False
628,0.2196433753340361,0.9233734196731421,nan,nan,20,6486,528296800,528296800,213,331770390400,331770390400,129318,False
629,0.25933862322129136,0.9135144142642893,nan,nan,20,6001,528296800,528296800,197,332298687200,332298687200,129515,False
630,0.24117039162600826,0.9178396072013093,0.3095492055323683,0.8980363390136553,20,6110,528296800,528296800,203,332826984000,332826984000,129718,False
631,0.23340117988038972,0.9190054911531421,nan,nan,20,6556,528296800,528296800,214,333355280800,333355280800,129932,False
632,0.23825976745754276,0.9222331368696791,nan,nan,20,6108,528296800,528296800,202,333883577600,333883577600,130134,False
633,0.23683698027918487,0.9183144246353323,nan,nan,20,6170,528296800,528296800,204,334411874400,334411874400,130338,False
634,0.2504719639719916,0.9161985018726592,nan,nan,20,6408,528296800,528296800,211,334940171200,334940171200,130549,False
635,0.20622561994423566,0.9269304403318442,nan,nan,20,6268,528296800,528296800,206,335468468000,335468468000,130755,False
636,0.21742388982912322,0.9285831554752915,nan,nan,20,6091,528296800,528296800,197,335996764800,335996764800,130952,False
637,0.23717092073540044,0.9179916317991632,nan,nan,20,5975,528296800,528296800,197,336525061600,336525061600,131149,False
638,0.2279156357119846,0.9202501954652071,nan,nan,20,6395,528296800,528296800,206,337053358400,337053358400,131355,False
639,0.20409251810598703,0.9286998202516477,nan,nan,20,6676,528296800,528296800,218,337581655200,337581655200,131573,False
640,0.18601126142809343,0.936050061050061,0.32003685524953085,0.8961742466990181,20,6552,528296800,528296800,214,338109952000,338109952000,131787,False
641,0.23874583891705436,0.9177195198989261,nan,nan,20,6332,528296800,528296800,207,338638248800,338638248800,131994,False
642,0.2251462182347298,0.9210615280594997,nan,nan,20,5916,528296800,528296800,194,339166545600,339166545600,132188,False
643,0.20997706389550408,0.9327099682751712,nan,nan,20,5989,528296800,528296800,197,339694842400,339694842400,132385,False
644,0.28180682898481735,0.9095744680851063,nan,nan,20,6016,528296800,528296800,195,340223139200,340223139200,132580,False
645,0.17631497905050725,0.9381823773642934,nan,nan,20,6503,528296800,528296800,214,340751436000,340751436000,132794,False
646,0.23366033222586816,0.9192575406032483,nan,nan,20,6465,528296800,528296800,212,341279732800,341279732800,133006,False
647,0.20986971416674413,0.9256557504268198,nan,nan,20,6443,528296800,528296800,210,341808029600,341808029600,133216,False
648,0.22039392841910851,0.9221971649484536,nan,nan,20,6208,528296800,528296800,205,342336326400,342336326400,133421,False
649,0.23782555104480238,0.9216537966537967,nan,nan,20,6216,528296800,528296800,203,342864623200,342864623200,133624,False
650,0.2138832216260275,0.9293945788021425,0.3147367924475371,0.9016476695632547,20,6161,528296800,528296800,202,343392920000,343392920000,133826,False
651,0.23751475733541136,0.9197080291970803,nan,nan,20,6302,528296800,528296800,206,343921216800,343921216800,134032,False
652,0.20197812116604758,0.9323331770589155,nan,nan,20,6399,528296800,528296800,210,344449513600,344449513600,134242,False
653,0.24691653981818823,0.9194901581155212,nan,nan,20,6198,528296800,528296800,203,344977810400,344977810400,134445,False
654,0.21980461234576787,0.9214511565984357,nan,nan,20,6009,528296800,528296800,198,345506107200,345506107200,134643,False
655,0.22585226128672514,0.9244423499842915,nan,nan,20,6366,528296800,528296800,208,346034404000,346034404000,134851,False
656,0.20905270068415704,0.9280916030534351,nan,nan,20,6550,528296800,528296800,214,346562700800,346562700800,135065,False
657,0.2012949449618358,0.9280321285140563,nan,nan,20,6225,528296800,528296800,205,347090997600,347090997600,135270,False
658,0.22130032916187262,0.9233343959196685,nan,nan,20,6274,528296800,528296800,207,347619294400,347619294400,135477,False
659,0.1686097833383437,0.9431128640776699,nan,nan,20,6592,528296800,528296800,215,348147591200,348147591200,135692,False
660,0.2160980004518854,0.9245575908103073,0.3104979452639129,0.9003498476469924,20,6442,528296800,528296800,211,348675888000,348675888000,135903,False
661,0.22246835382773525,0.923968253968254,nan,nan,20,6300,528296800,528296800,206,349204184800,349204184800,136109,False
662,0.23473660855307182,0.9194598112593557,nan,nan,20,6146,528296800,528296800,201,349732481600,349732481600,136310,False
663,0.20186379632375248,0.9308584686774942,nan,nan,20,6465,528296800,528296800,212,350260778400,350260778400,136522,False
664,0.1904460220972591,0.9327521793275217,nan,nan,20,6424,528296800,528296800,211,350789075200,350789075200,136733,False
665,0.22741549231025784,0.9216388845614581,nan,nan,20,6419,528296800,528296800,209,351317372000,351317372000,136942,False
666,0.21246790336461016,0.9258538046734571,nan,nan,20,6676,528296800,528296800,218,351845668800,351845668800,137160,False
667,0.24971660626572748,0.913801949717804,nan,nan,20,5847,528296800,528296800,189,352373965600,352373965600,137349,False
668,0.18952633101915456,0.933519726623175,nan,nan,20,6438,528296800,528296800,212,352902262400,352902262400,137561,False
669,0.23899670987839808,0.9183867894569705,nan,nan,20,6298,528296800,528296800,205,353430559200,353430559200,137766,False
670,0.2308245580244587,0.925989138867339,0.3025672917790613,0.9028890644396795,20,6445,528296800,528296800,208,353958856000,353958856000,137974,False
671,0.2190578387074841,0.9245738179478932,nan,nan,20,6218,528296800,528296800,204,354487152800,354487152800,138178,False
672,0.28380586552866055,0.9025487256371814,nan,nan,20,6003,528296800,528296800,197,355015449600,355015449600,138375,False
673,0.2121239848303783,0.9305806876130942,nan,nan,20,6079,528296800,528296800,198,355543746400,355543746400,138573,False
674,0.19154053086751313,0.9336362161285089,nan,nan,20,6163,528296800,528296800,201,356072043200,356072043200,138774,False
675,0.23396026290967128,0.9208982738394503,nan,nan,20,5967,528296800,528296800,199,356600340000,356600340000,138973,False
676,0.22955419438249275,0.9264076391175502,nan,nan,20,6074,528296800,528296800,199,357128636800,357128636800,139172,False
677,0.21450709293491022,0.9294776734223101,nan,nan,20,6069,528296800,528296800,200,357656933600,357656933600,139372,False
678,0.2154005413143873,0.9241545893719807,nan,nan,20,6210,528296800,528296800,202,358185230400,358185230400,139574,False
679,0.1823401569521749,0.9378416367327815,nan,nan,20,6403,528296800,528296800,209,358713527200,358713527200,139783,False
680,0.21139294986091955,0.9276156698371756,0.30707148761448455,0.900067712447805,20,6203,528296800,528296800,203,359241824000,359241824000,139986,False
681,0.19752299188449107,0.9329672104668066,nan,nan,20,6191,528296800,528296800,202,359770120800,359770120800,140188,False
682,0.2329343334363651,0.9242424242424242,nan,nan,20,6336,528296800,528296800,209,360298417600,360298417600,140397,False
683,0.20892622574400105,0.9278301133642025,nan,nan,20,6263,528296800,528296800,203,360826714400,360826714400,140600,False
684,0.20784211863257393,0.9311104120792703,nan,nan,20,6358,528296800,528296800,208,361355011200,361355011200,140808,False
685,0.22524440186117928,0.9215367084486408,nan,nan,20,6143,528296800,528296800,203,361883308000,361883308000,141011,False
686,0.21768091869861084,0.925007844367744,nan,nan,20,6374,528296800,528296800,209,362411604800,362411604800,141220,False
687,0.20824705725565484,0.9285392583696142,nan,nan,20,6661,528296800,528296800,219,362939901600,362939901600,141439,False
688,0.20342314249952215,0.9315822585718779,nan,nan,20,6358,528296800,528296800,210,363468198400,363468198400,141649,False
689,0.22404730976032225,0.9183435888907368,nan,nan,20,6013,528296800,528296800,198,363996495200,363996495200,141847,False
690,0.224354005061242,0.9242448204965997,0.31658529986405315,0.8969077982169056,20,6323,528296800,528296800,207,364524792000,364524792000,142054,False
691,0.20345708187931977,0.9249018067556952,nan,nan,20,6365,528296800,528296800,208,365053088800,365053088800,142262,False
692,0.205540414839189,0.9336809516050187,nan,nan,20,6137,528296800,528296800,203,365581385600,365581385600,142465,False
693,0.2160410413348014,0.9271267562142967,nan,nan,20,6477,528296800,528296800,214,366109682400,366109682400,142679,False
694,0.23044394765327045,0.9199299586119071,nan,nan,20,6282,528296800,528296800,204,366637979200,366637979200,142883,False
695,0.2338966696572635,0.9259675606230929,nan,nan,20,6227,528296800,528296800,203,367166276000,367166276000,143086,False
696,0.1979647914031406,0.930648421707355,nan,nan,20,6431,528296800,528296800,210,367694572800,367694572800,143296,False
697,0.20387452233028402,0.9287469287469288,nan,nan,20,6512,528296800,528296800,212,368222869600,368222869600,143508,False
698,0.2483371958767459,0.9188566159520516,nan,nan,20,6507,528296800,528296800,213,368751166400,368751166400,143721,False
699,0.20596950237813402,0.9266173157386547,nan,nan,20,6214,528296800,528296800,204,369279463200,369279463200,143925,False
700,0.19887418153527717,0.9323460639127046,0.2994021129431917,0.9040176052364293,20,6415,528296800,528296800,209,369807760000,369807760000,144134,False
701,0.23425837975844702,0.918856767411301,nan,nan,20,6088,528296800,528296800,200,370336056800,370336056800,144334,False
702,0.19911917740376261,0.9315485244904168,nan,nan,20,6574,528296800,528296800,213,370864353600,370864353600,144547,False
703,0.19138569299567826,0.9354937328034241,nan,nan,20,6542,528296800,528296800,215,371392650400,371392650400,144762,False
704,0.21684770797565092,0.9258291128900507,nan,nan,20,6121,528296800,528296800,202,371920947200,371920947200,144964,False
705,0.24986296744704228,0.9174459851660755,nan,nan,20,6202,528296800,528296800,202,372449244000,372449244000,145166,False
706,0.20277028794623025,0.9335703895264263,nan,nan,20,6187,528296800,528296800,202,372977540800,372977540800,145368,False
707,0.22633179002435347,0.922634691195795,nan,nan,20,6088,528296800,528296800,196,373505837600,373505837600,145564,False
708,0.20604432811851145,0.9288806431663574,nan,nan,20,6468,528296800,528296800,211,374034134400,374034134400,145775,False
709,0.22067125267463256,0.925105320642846,nan,nan,20,6409,528296800,528296800,211,374562431200,374562431200,145986,False
710,0.20114557318976115,0.9261558568861297,0.29843467102337606,0.9030019185193545,20,6121,528296800,528296800,200,375090728000,375090728000,146186,False
711,0.1867894531731713,0.9368140482910003,nan,nan,20,6378,528296800,528296800,211,375619024800,375619024800,146397,False
712,0.18766729958982514,0.9343564807779973,nan,nan,20,6581,528296800,528296800,215,376147321600,376147321600,146612,False
713,0.20564382249557064,0.9246442432082794,nan,nan,20,6184,528296800,528296800,201,376675618400,376675618400,146813,False
714,0.20692813913035768,0.9265915321352421,nan,nan,20,6566,528296800,528296800,214,377203915200,377203915200,147027,False
715,0.20410467389226233,0.9276871980676329,nan,nan,20,6624,528296800,528296800,218,377732212000,377732212000,147245,False
716,0.1884725121888773,0.9353348729792148,nan,nan,20,6495,528296800,528296800,211,378260508800,378260508800,147456,False
717,0.21187832428270906,0.9263841633158058,nan,nan,20,6466,528296800,528296800,214,378788805600,378788805600,147670,False
718,0.23486785051382938,0.9224339685723838,nan,nan,20,5982,528296800,528296800,194,379317102400,379317102400,147864,False
719,0.23914550269437343,0.9190283400809717,nan,nan,20,6175,528296800,528296800,203,379845399200,379845399200,148067,False
720,0.21190897194826663,0.9276992287917738,0.30800560763869433,0.8987134634917052,20,6224,528296800,528296800,202,380373696000,380373696000,148269,False
721,0.2062539267573841,0.927022001859312,nan,nan,20,6454,528296800,528296800,211,380901992800,380901992800,148480,False
722,0.19136599384086594,0.9326792452830188,nan,nan,20,6625,528296800,528296800,217,381430289600,381430289600,148697,False
723,0.2478304650963641,0.9142173615857826,nan,nan,20,5852,528296800,528296800,192,381958586400,381958586400,148889,False
724,0.21577699446219592,0.922120830711139,nan,nan,20,6356,528296800,528296800,208,382486883200,382486883200,149097,False
725,0.1715125880505765,0.9402962284318217,nan,nan,20,6549,528296800,528296800,214,383015180000,383015180000,149311,False
726,0.19035062538636244,0.9310568053083023,nan,nan,20,6179,528296800,528296800,201,383543476800,383543476800,149512,False
727,0.22063808695522608,0.9266187050359712,nan,nan,20,6255,528296800,528296800,204,384071773600,384071773600,149716,False
728,0.21525487914004485,0.9251657720239975,nan,nan,20,6334,528296800,528296800,207,384600070400,384600070400,149923,False
729,0.20904270203133618,0.9268654502299362,nan,nan,20,6741,528296800,528296800,220,385128367200,385128367200,150143,False
730,0.21322687169622065,0.9310178485287024,0.29278664569555535,0.9044690215551292,20,6219,528296800,528296800,204,385656664000,385656664000,150347,False
731,0.20672426774538208,0.9260496183206107,nan,nan,20,6288,528296800,528296800,207,386184960800,386184960800,150554,False
732,0.19205778123830247,0.9318594291371061,nan,nan,20,6061,528296800,528296800,198,386713257600,386713257600,150752,False
733,0.231614505489255,0.9226546100435976,nan,nan,20,6193,528296800,528296800,203,387241554400,387241554400,150955,False
734,0.21022806380038217,0.9245022970903523,nan,nan,20,6530,528296800,528296800,214,387769851200,387769851200,151169,False
735,0.20102483710254648,0.9347258485639687,nan,nan,20,6128,528296800,528296800,200,388298148000,388298148000,151369,False
736,0.21988689578268583,0.9279641366517236,nan,nan,20,6469,528296800,528296800,210,388826444800,388826444800,151579,False
737,0.2174102828223551,0.925140562248996,nan,nan,20,6225,528296800,528296800,205,389354741600,389354741600,151784,False
738,0.18705419583735777,0.9368556701030928,nan,nan,20,6208,528296800,528296800,202,389883038400,389883038400,151986,False
739,0.20189437770408736,0.9296631547707375,nan,nan,20,6739,528296800,528296800,218,390411335200,390411335200,152204,False
740,0.23385308354036846,0.9238187078109933,0.3380663078070198,0.8933528947071436,20,6222,528296800,528296800,204,390939632000,390939632000,152408,False
741,0.19866287293415402,0.9335889570552147,nan,nan,20,6520,528296800,528296800,214,391467928800,391467928800,152622,False
742,0.24918134837600156,0.9160096540627514,nan,nan,20,6215,528296800,528296800,204,391996225600,391996225600,152826,False
743,0.20328010006133304,0.9312374167570079,nan,nan,20,6457,528296800,528296800,210,392524522400,392524522400,153036,False
744,0.22224712149932077,0.9234219801345722,nan,nan,20,6242,528296800,528296800,204,393052819200,393052819200,153240,False
745,0.2244096292289043,0.9211267605633803,nan,nan,20,6035,528296800,528296800,199,393581116000,393581116000,153439,False
746,0.23438545669857416,0.9218629119603899,nan,nan,20,6463,528296800,528296800,211,394109412800,394109412800,153650,False
747,0.24091408533684422,0.9163551401869159,nan,nan,20,6420,528296800,528296800,210,394637709600,394637709600,153860,False
748,0.19497024559639586,0.9318250835104768,nan,nan,20,6586,528296800,528296800,216,395166006400,395166006400,154076,False
749,0.21205706654631787,0.9260273972602739,nan,nan,20,6570,528296800,528296800,215,395694303200,395694303200,154291,False
750,0.23047037102806353,0.9193145899184828,0.3095318395078969,0.9012526802843923,20,6011,528296800,528296800,197,396222600000,396222600000,154488,False
751,0.2259885753680776,0.9276859504132231,nan,nan,20,6292,528296800,528296800,205,396750896800,396750896800,154693,False
752,0.18784401794240133,0.9344838118509469,nan,nan,20,6548,528296800,528296800,213,397279193600,397279193600,154906,False
753,0.20425915389167373,0.9235958581738312,nan,nan,20,6374,528296800,528296800,212,397807490400,397807490400,155118,False
754,0.23265398001112797,0.9205921938088829,nan,nan,20,5944,528296800,528296800,194,398335787200,398335787200,155312,False
755,0.19286876308778503,0.9346888478126926,nan,nan,20,6492,528296800,528296800,214,398864084000,398864084000,155526,False
756,0.22782660871424287,0.9181109874383845,nan,nan,20,6289,528296800,528296800,205,399392380800,399392380800,155731,False
757,0.22224311940720406,0.9231987331749802,nan,nan,20,6315,528296800,528296800,207,399920677600,399920677600,155938,False
758,0.2021150983126943,0.9313595765795567,nan,nan,20,6046,528296800,528296800,197,400448974400,400448974400,156135,False
759,0.18501769621550504,0.9324016405893969,nan,nan,20,6583,528296800,528296800,214,400977271200,400977271200,156349,False
760,0.2049742453982538,0.9295270690728065,0.3032490190998478,0.9009141180453674,20,6428,528296800,528296800,208,401505568000,401505568000,156557,False
761,0.22893134538158139,0.9221344510720619,nan,nan,20,6203,528296800,528296800,203,402033864800,402033864800,156760,False
762,0.1963274287563773,0.9316486527629776,nan,nan,20,6569,528296800,528296800,215,402562161600,402562161600,156975,False
763,0.22608052603658652,0.9202862373107006,nan,nan,20,6009,528296800,528296800,195,403090458400,403090458400,157170,False
764,0.29207895494323816,0.9036705461056401,nan,nan,20,5585,528296800,528296800,187,403618755200,403618755200,157357,False
765,0.1851745618271156,0.935891209324915,nan,nan,20,6177,528296800,528296800,201,404147052000,404147052000,157558,False
766,0.22355400678448803,0.9214197148171109,nan,nan,20,6452,528296800,528296800,210,404675348800,404675348800,157768,False
767,0.20752293806744965,0.9258307914593032,nan,nan,20,6229,528296800,528296800,203,405203645600,405203645600,157971,False
768,0.20412777505970225,0.9281759458628115,nan,nan,20,6502,528296800,528296800,211,405731942400,405731942400,158182,False
769,0.19834011786410033,0.9361901782921489,nan,nan,20,6394,528296800,528296800,210,406260239200,406260239200,158392,False
770,0.19037949641165403,0.9344109418713087,0.31139141492038586,0.903058345559192,20,6434,528296800,528296800,212,406788536000,406788536000,158604,False
771,0.1868078544931904,0.9329584134971141,nan,nan,20,6757,528296800,528296800,220,407316832800,407316832800,158824,False
772,0.23419390641204646,0.9181021456633424,nan,nan,20,6618,528296800,528296800,216,407845129600,407845129600,159040,False
773,0.2164040474117105,0.9275496077526535,nan,nan,20,6501,528296800,528296800,214,408373426400,408373426400,159254,False
774,0.20309751984811908,0.9316403130490337,nan,nan,20,6261,528296800,528296800,205,408901723200,408901723200,159459,False
775,0.23097424057880522,0.9221362229102167,nan,nan,20,6460,528296800,528296800,212,409430020000,409430020000,159671,False
776,0.23086799947274708,0.927461944703324,nan,nan,20,6438,528296800,528296800,210,409958316800,409958316800,159881,False
777,0.24245234792395995,0.9146675805346127,nan,nan,20,5836,528296800,528296800,192,410486613600,410486613600,160073,False
778,0.20289879627721602,0.928737053640439,nan,nan,20,6469,528296800,528296800,212,411014910400,411014910400,160285,False
779,0.2622829259490074,0.9089625970359916,nan,nan,20,5668,528296800,528296800,188,411543207200,411543207200,160473,False
780,0.19564679996279669,0.9337157425111536,0.31541485030566874,0.8961742466990181,20,6276,528296800,528296800,208,412071504000,412071504000,160681,False
781,0.21081865185599225,0.9249525015832806,nan,nan,20,6316,528296800,528296800,205,412599800800,412599800800,160886,False
782,0.18865068181785258,0.9363471424251587,nan,nan,20,6614,528296800,528296800,214,413128097600,413128097600,161100,False
783,0.21638796265749993,0.9242494944781459,nan,nan,20,6429,528296800,528296800,211,413656394400,413656394400,161311,False
784,0.19732784812184764,0.9301118858440084,nan,nan,20,6167,528296800,528296800,201,414184691200,414184691200,161512,False
785,0.21720821385971756,0.9246345919610232,nan,nan,20,6568,528296800,528296800,214,414712988000,414712988000,161726,False
786,0.24699475285966255,0.911390365716127,nan,nan,20,6207,528296800,528296800,206,415241284800,415241284800,161932,False
787,0.21117074555182833,0.9266330072578101,nan,nan,20,6338,528296800,528296800,206,415769581600,415769581600,162138,False
788,0.21484739560617783,0.9250733817395335,nan,nan,20,6473,528296800,528296800,210,416297878400,416297878400,162348,False
789,0.21177983776402118,0.9271641791044776,nan,nan,20,6700,528296800,528296800,219,416826175200,416826175200,162567,False
790,0.24662722256838998,0.9107400866912827,0.30525221653184265,0.9024376481209796,20,6229,528296800,528296800,204,417354472000,417354472000,162771,False
791,0.20395446962502609,0.9286893364146583,nan,nan,20,6058,528296800,528296800,198,417882768800,417882768800,162969,False
792,0.2369686856584105,0.9167887966129294,nan,nan,20,6141,528296800,528296800,201,418411065600,418411065600,163170,False
793,0.22295216555669978,0.9272517321016166,nan,nan,20,6062,528296800,528296800,199,418939362400,418939362400,163369,False
794,0.20628324742801699,0.9246255435657916,nan,nan,20,6209,528296800,528296800,202,419467659200,419467659200,163571,False
795,0.23312505687489454,0.9234954657873042,nan,nan,20,6065,528296800,528296800,198,419995956000,419995956000,163769,False
796,0.21799306912797595,0.9226209548221724,nan,nan,20,6242,528296800,528296800,204,420524252800,420524252800,163973,False
797,0.20749008503921954,0.9287736551929667,nan,nan,20,6711,528296800,528296800,219,421052549600,421052549600,164192,False
798,0.19171460865139822,0.9375495324140117,nan,nan,20,6309,528296800,528296800,207,421580846400,421580846400,164399,False
799,0.23035619751456385,0.9238570759868935,nan,nan,20,6409,528296800,528296800,210,422109143200,422109143200,164609,False
800,0.21171427459542627,0.9279115553536271,0.3098867029042454,0.8962871007786931,20,6603,528296800,528296800,219,422637440000,422637440000,164828,False
801,0.19729996323253476,0.9257587548638132,nan,nan,20,6425,528296800,528296800,213,423165736800,423165736800,165041,False
802,0.19407519862624653,0.9323453608247423,nan,nan,20,6208,528296800,528296800,203,423694033600,423694033600,165244,False
803,0.2214515732475419,0.9243853409618061,nan,nan,20,6467,528296800,528296800,212,424222330400,424222330400,165456,False
804,0.19190800510875128,0.9390133171912833,nan,nan,20,6608,528296800,528296800,218,424750627200,424750627200,165674,False
805,0.20158944307184723,0.934850374064838,nan,nan,20,6416,528296800,528296800,211,425278924000,425278924000,165885,False
806,0.20795581237762417,0.9280385452284737,nan,nan,20,6434,528296800,528296800,209,425807220800,425807220800,166094,False
807,0.1910907770326227,0.9322087842138765,nan,nan,20,6284,528296800,528296800,205,426335517600,426335517600,166299,False
808,0.2012571660973183,0.9315691892802966,nan,nan,20,5933,528296800,528296800,194,426863814400,426863814400,166493,False
809,0.18707083938481495,0.9323854660347551,nan,nan,20,6330,528296800,528296800,207,427392111200,427392111200,166700,False
810,0.19097495191091168,0.9291967439717401,0.29311609006018174,0.9020990858819546,20,6511,528296800,528296800,213,427920408000,427920408000,166913,False
811,0.2178261817349134,0.9244078615823954,nan,nan,20,5953,528296800,528296800,196,428448704800,428448704800,167109,False
812,0.20519443749763164,0.9256303862112991,nan,nan,20,6266,528296800,528296800,207,428977001600,428977001600,167316,False
813,0.17828069796544116,0.9356805365035817,nan,nan,20,6561,528296800,528296800,215,429505298400,429505298400,167531,False
814,0.17419099323187665,0.9373789541639768,nan,nan,20,6196,528296800,528296800,206,430033595200,430033595200,167737,False
815,0.21100861087990616,0.9253043764396183,nan,nan,20,6078,528296800,528296800,198,430561892000,430561892000,167935,False
816,0.18385377480928394,0.9377007064868337,nan,nan,20,6228,528296800,528296800,204,431090188800,431090188800,168139,False
817,0.18241196680399138,0.933239744189674,nan,nan,20,6411,528296800,528296800,212,431618485600,431618485600,168351,False
818,0.1946382394389859,0.9297442374486896,nan,nan,20,6334,528296800,528296800,208,432146782400,432146782400,168559,False
819,0.20070571736587628,0.9319903303787268,nan,nan,20,6205,528296800,528296800,205,432675079200,432675079200,168764,False
820,0.18389441266539475,0.9360679378304759,0.2977543481584731,0.9061054057104164,20,6241,528296800,528296800,205,433203376000,433203376000,168969,False
821,0.2141488544441128,0.9238354301258076,nan,nan,20,5882,528296800,528296800,195,433731672800,433731672800,169164,False
822,0.220298252017192,0.9262238959260527,nan,nan,20,5842,528296800,528296800,190,434259969600,434259969600,169354,False
823,0.1959461761987155,0.9313603966532383,nan,nan,20,6454,528296800,528296800,210,434788266400,434788266400,169564,False
824,0.21332558106236563,0.9226114649681528,nan,nan,20,6280,528296800,528296800,206,435316563200,435316563200,169770,False
825,0.1801363097162652,0.9368035657433939,nan,nan,20,6282,528296800,528296800,205,435844860000,435844860000,169975,False
826,0.2103087111933721,0.9299186991869919,nan,nan,20,6150,528296800,528296800,203,436373156800,436373156800,170178,False
827,0.22229122694244133,0.9245546088303641,nan,nan,20,6455,528296800,528296800,211,436901453600,436901453600,170389,False
828,0.2248265282885276,0.9269010629599346,nan,nan,20,6115,528296800,528296800,200,437429750400,437429750400,170589,False
829,0.17016953074517113,0.9406175771971497,nan,nan,20,6736,528296800,528296800,219,437958047200,437958047200,170808,False
830,0.1885224932659638,0.9381619937694704,0.2945547221059684,0.9043561674754542,20,6420,528296800,528296800,207,438486344000,438486344000,171015,False
831,0.2309490625885709,0.9206039076376554,nan,nan,20,5630,528296800,528296800,187,439014640800,439014640800,171202,False
832,0.2233423786375716,0.9279251170046802,nan,nan,20,6410,528296800,528296800,210,439542937600,439542937600,171412,False
833,0.19218374041519273,0.9348265671177477,nan,nan,20,6429,528296800,528296800,211,440071234400,440071234400,171623,False
834,0.18453994641912996,0.9361067503924647,nan,nan,20,6370,528296800,528296800,210,440599531200,440599531200,171833,False
835,0.231747451590521,0.9198822759973839,nan,nan,20,6116,528296800,528296800,201,441127828000,441127828000,172034,False
836,0.23599938683785146,0.9187330027195648,nan,nan,20,6251,528296800,528296800,205,441656124800,441656124800,172239,False
837,0.18790588964866198,0.933006018371872,nan,nan,20,6314,528296800,528296800,207,442184421600,442184421600,172446,False
838,0.17695612337099603,0.939539780418108,nan,nan,20,6649,528296800,528296800,217,442712718400,442712718400,172663,False
839,0.20697367060228003,0.9229823212913144,nan,nan,20,6505,528296800,528296800,213,443241015200,443241015200,172876,False
840,0.2078372664214153,0.9282612192375744,0.30208993462229566,0.9017040966030923,20,6217,528296800,528296800,206,443769312000,443769312000,173082,False
841,0.22024656599329148,0.9229885057471264,nan,nan,20,6090,528296800,528296800,200,444297608800,444297608800,173282,False
842,0.17155678178327363,0.9388460933815438,nan,nan,20,6361,528296800,528296800,209,444825905600,444825905600,173491,False
843,0.2074215682424123,0.9320031923383879,nan,nan,20,6265,528296800,528296800,205,445354202400,445354202400,173696,False
844,0.2188652184729886,0.9230393752033843,nan,nan,20,6146,528296800,528296800,203,445882499200,445882499200,173899,False
845,0.17506933990900952,0.9370399373531715,nan,nan,20,6385,528296800,528296800,208,446410796000,446410796000,174107,False
846,0.20299319787972653,0.9340381884172321,nan,nan,20,6337,528296800,528296800,208,446939092800,446939092800,174315,False
847,0.20590215622795577,0.9275133942641034,nan,nan,20,6346,528296800,528296800,208,447467389600,447467389600,174523,False
848,0.22307791736622185,0.9266495836002563,nan,nan,20,6244,528296800,528296800,204,447995686400,447995686400,174727,False
849,0.19238717353711704,0.9354734634618487,nan,nan,20,6199,528296800,528296800,204,448523983200,448523983200,174931,False
850,0.20340133030289823,0.9294135660695146,0.3138987283286385,0.9024376481209796,20,6531,528296800,528296800,211,449052280000,449052280000,175142,False
851,0.19279680657125878,0.9314608456724164,nan,nan,20,6551,528296800,528296800,212,449580576800,449580576800,175354,False
852,0.19028239501682037,0.9330980266324402,nan,nan,20,6233,528296800,528296800,205,450108873600,450108873600,175559,False
853,0.17855158428573992,0.9366090385198665,nan,nan,20,6594,528296800,528296800,215,450637170400,450637170400,175774,False
854,0.19910983600590634,0.9320652173913043,nan,nan,20,6256,528296800,528296800,204,451165467200,451165467200,175978,False
855,0.2113880887782795,0.92622808540184,nan,nan,20,5761,528296800,528296800,189,451693764000,451693764000,176167,False
856,0.17619689198074678,0.9377445143731927,nan,nan,20,5879,528296800,528296800,194,452222060800,452222060800,176361,False
857,0.18623877131520788,0.9342040816326531,nan,nan,20,6125,528296800,528296800,202,452750357600,452750357600,176563,False
858,0.19918585846261863,0.9335427343362539,nan,nan,20,6049,528296800,528296800,198,453278654400,453278654400,176761,False
859,0.18453470998623492,0.9330649219929542,nan,nan,20,5961,528296800,528296800,196,453806951200,453806951200,176957,False
860,0.1820285480190054,0.9373524319219266,0.3060179594010804,0.902719783320167,20,6353,528296800,528296800,208,454335248000,454335248000,177165,False
861,0.20527843650013916,0.9273148148148148,nan,nan,20,6480,528296800,528296800,211,454863544800,454863544800,177376,False
862,0.22575577220027396,0.924812030075188,nan,nan,20,6251,528296800,528296800,205,455391841600,455391841600,177581,False
863,0.23687993253990988,0.9154974489795918,nan,nan,20,6272,528296800,528296800,205,455920138400,455920138400,177786,False
864,0.23126702357103646,0.9183498801780212,nan,nan,20,5842,528296800,528296800,194,456448435200,456448435200,177980,False
865,0.21209527457916888,0.9296900489396411,nan,nan,20,6130,528296800,528296800,201,456976732000,456976732000,178181,False
866,0.20314209418274742,0.9280933585035182,nan,nan,20,5827,528296800,528296800,191,457505028800,457505028800,178372,False
867,0.21551472414500894,0.9309012212088422,nan,nan,20,6469,528296800,528296800,211,458033325600,458033325600,178583,False
868,0.18595014757968567,0.9351360051504909,nan,nan,20,6213,528296800,528296800,205,458561622400,458561622400,178788,False
869,0.20124976000047914,0.9281635106702735,nan,nan,20,6654,528296800,528296800,216,459089919200,459089919200,179004,False
870,0.2631499041004662,0.912120709666722,0.3007729726025515,0.9011962532445548,20,6031,528296800,528296800,197,459618216000,459618216000,179201,False
871,0.208590482502519,0.9249078109285954,nan,nan,20,5966,528296800,528296800,196,460146512800,460146512800,179397,False
872,0.18269915243060508,0.9340035673747366,nan,nan,20,6167,528296800,528296800,204,460674809600,460674809600,179601,False
873,0.17563886942746446,0.9418489065606361,nan,nan,20,6036,528296800,528296800,199,461203106400,461203106400,179800,False
874,0.19882495909172088,0.9309324124321657,nan,nan,20,6081,528296800,528296800,199,461731403200,461731403200,179999,False
875,0.18253731592283576,0.9361573373676249,nan,nan,20,6610,528296800,528296800,216,462259700000,462259700000,180215,False
876,0.19757251159470227,0.928090239699201,nan,nan,20,6383,528296800,528296800,210,462787996800,462787996800,180425,False
877,0.2249300968680283,0.9229648810487134,nan,nan,20,6179,528296800,528296800,202,463316293600,463316293600,180627,False
878,0.19709547583614465,0.9265839758632249,nan,nan,20,5966,528296800,528296800,195,463844590400,463844590400,180822,False
879,0.190276911553992,0.9343949044585987,nan,nan,20,6280,528296800,528296800,205,464372887200,464372887200,181027,False
880,0.1893841231453217,0.9321533923303835,0.28650011671960335,0.9075725087461912,20,6441,528296800,528296800,211,464901184000,464901184000,181238,False
881,0.21650994569377388,0.9228645913203496,nan,nan,20,6521,528296800,528296800,216,465429480800,465429480800,181454,False
882,0.19654685301671057,0.9351997483485373,nan,nan,20,6358,528296800,528296800,207,465957777600,465957777600,181661,False
883,0.18028332900400126,0.9372017854394336,nan,nan,20,6497,528296800,528296800,210,466486074400,466486074400,181871,False
884,0.18285825241410053,0.9363349131121643,nan,nan,20,6330,528296800,528296800,206,467014371200,467014371200,182077,False
885,0.1636846415115228,0.9446899283864086,nan,nan,20,6563,528296800,528296800,216,467542668000,467542668000,182293,False
886,0.20800837570580655,0.9295619287740309,nan,nan,20,6346,528296800,528296800,208,468070964800,468070964800,182501,False
887,0.20161167945110817,0.9303331197950032,nan,nan,20,6244,528296800,528296800,205,468599261600,468599261600,182706,False
888,0.20122407354693866,0.9292489503965169,nan,nan,20,6431,528296800,528296800,212,469127558400,469127558400,182918,False
889,0.20568699594851272,0.9270157938487116,nan,nan,20,6015,528296800,528296800,195,469655855200,469655855200,183113,False
890,0.1810662919128945,0.9373292624136269,0.29904959026516836,0.9031147725990295,20,6223,528296800,528296800,204,470184152000,470184152000,183317,False
891,0.200065205725353,0.9317389927146025,nan,nan,20,6314,528296800,528296800,205,470712448800,470712448800,183522,False
892,0.17798139545806388,0.9411412310918077,nan,nan,20,6677,528296800,528296800,216,471240745600,471240745600,183738,False
893,0.19776327107452546,0.9305487305487306,nan,nan,20,6105,528296800,528296800,202,471769042400,471769042400,183940,False
894,0.20392936340893855,0.9307902784484147,nan,nan,20,6213,528296800,528296800,203,472297339200,472297339200,184143,False
895,0.17117757986853543,0.9381785283474066,nan,nan,20,6632,528296800,528296800,214,472825636000,472825636000,184357,False
896,0.1898454885202679,0.9308669070387208,nan,nan,20,6379,528296800,528296800,212,473353932800,473353932800,184569,False
897,0.17782329741527972,0.9373284537968893,nan,nan,20,6558,528296800,528296800,215,473882229600,473882229600,184784,False
898,0.1920257158746317,0.9339039467427485,nan,nan,20,6309,528296800,528296800,208,474410526400,474410526400,184992,False
899,0.17709157299133627,0.9356130622304375,nan,nan,20,6492,528296800,528296800,211,474938823200,474938823200,185203,False
900,0.22470482486890195,0.9235782955841616,0.307048818389337,0.9008576910055298,20,6137,528296800,528296800,201,475467120000,475467120000,185404,False
901,0.16661616319549882,0.9434489561071839,nan,nan,20,6083,528296800,528296800,202,475995416800,475995416800,185606,False
902,0.18605595096356586,0.9378901872898991,nan,nan,20,6247,528296800,528296800,202,476523713600,476523713600,185808,False
903,0.17142511176668582,0.9430668841761827,nan,nan,20,6130,528296800,528296800,202,477052010400,477052010400,186010,False
904,0.1996157983382749,0.9296827333740085,nan,nan,20,6556,528296800,528296800,214,477580307200,477580307200,186224,False
905,0.18432289300637786,0.9344237467817659,nan,nan,20,6603,528296800,528296800,216,478108604000,478108604000,186440,False
906,0.20544429744187784,0.9317957166392092,nan,nan,20,6070,528296800,528296800,200,478636900800,478636900800,186640,False
907,0.2111119654285919,0.9274269557021678,nan,nan,20,6366,528296800,528296800,210,479165197600,479165197600,186850,False
908,0.21692506793176328,0.9269102990033222,nan,nan,20,6020,528296800,528296800,198,479693494400,479693494400,187048,False
909,0.18914998502265723,0.9319502074688797,nan,nan,20,6025,528296800,528296800,198,480221791200,480221791200,187246,False
910,0.18620943867659542,0.9379396592152571,0.2996859076854244,0.9033969077982169,20,6397,528296800,528296800,210,480750088000,480750088000,187456,False
911,0.19885262245049193,0.9309078771695594,nan,nan,20,5992,528296800,528296800,197,481278384800,481278384800,187653,False
912,0.20514090701651638,0.9278269109286166,nan,nan,20,6332,528296800,528296800,208,481806681600,481806681600,187861,False
913,0.19145504526697976,0.9320498301245753,nan,nan,20,6181,528296800,528296800,202,482334978400,482334978400,188063,False
914,0.18322920853822075,0.9352755905511811,nan,nan,20,6350,528296800,528296800,208,482863275200,482863275200,188271,False
915,0.1856192183156765,0.9317428760768721,nan,nan,20,6036,528296800,528296800,197,483391572000,483391572000,188468,False
916,0.18850580767081568,0.9352154046997389,nan,nan,20,6128,528296800,528296800,201,483919868800,483919868800,188669,False
917,0.193861738501061,0.925,nan,nan,20,6080,528296800,528296800,200,484448165600,484448165600,188869,False
918,0.17205661380294554,0.9409377817853922,nan,nan,20,6654,528296800,528296800,217,484976462400,484976462400,189086,False
919,0.2024038391350382,0.9296875,nan,nan,20,6400,528296800,528296800,210,485504759200,485504759200,189296,False
920,0.22216284362194766,0.9244302949061662,0.3008657340513181,0.9041304593161043,20,5968,528296800,528296800,197,486033056000,486033056000,189493,False
921,0.20964568530278407,0.9255684606576149,nan,nan,20,6113,528296800,528296800,200,486561352800,486561352800,189693,False
922,0.20121652406324533,0.927328391878827,nan,nan,20,6206,528296800,528296800,202,487089649600,487089649600,189895,False
923,0.21644393807662188,0.9228691983122362,nan,nan,20,5925,528296800,528296800,193,487617946400,487617946400,190088,False
924,0.19227917004524978,0.9306898246763886,nan,nan,20,6103,528296800,528296800,201,488146243200,488146243200,190289,False
925,0.18875193855614145,0.9345005471314679,nan,nan,20,6397,528296800,528296800,210,488674540000,488674540000,190499,False
926,0.21151203800617147,0.9202232435981615,nan,nan,20,6092,528296800,528296800,200,489202836800,489202836800,190699,False
927,0.2098408552476675,0.925531914893617,nan,nan,20,6298,528296800,528296800,206,489731133600,489731133600,190905,False
928,0.1906618569261889,0.9337395277989338,nan,nan,20,6565,528296800,528296800,213,490259430400,490259430400,191118,False
929,0.18262471872611769,0.9361602982292637,nan,nan,20,6438,528296800,528296800,212,490787727200,490787727200,191330,False
930,0.16428908397933234,0.9422444827046487,0.2975474357699153,0.9018733777226047,20,6389,528296800,528296800,208,491316024000,491316024000,191538,False
931,0.21037018025007298,0.9269808389435525,nan,nan,20,5793,528296800,528296800,190,491844320800,491844320800,191728,False
932,0.2022636013578358,0.9299983758323859,nan,nan,20,6157,528296800,528296800,203,492372617600,492372617600,191931,False
933,0.17835909916644382,0.9347388001860176,nan,nan,20,6451,528296800,528296800,213,492900914400,492900914400,192144,False
934,0.1801506429954004,0.9379460130313373,nan,nan,20,6446,528296800,528296800,211,493429211200,493429211200,192355,False
935,0.19666317189369067,0.9283233343858541,nan,nan,20,6334,528296800,528296800,210,493957508000,493957508000,192565,False
936,0.21397652792150548,0.9271836458861294,nan,nan,20,5919,528296800,528296800,196,494485804800,494485804800,192761,False
937,0.19423310396711344,0.9291212315586914,nan,nan,20,6236,528296800,528296800,203,495014101600,495014101600,192964,False
938,0.1932725897687088,0.9336644768466592,nan,nan,20,6241,528296800,528296800,204,495542398400,495542398400,193168,False
939,0.1696140962247169,0.9402868724664796,nan,nan,20,6414,528296800,528296800,209,496070695200,496070695200,193377,False
940,0.17050696316906044,0.939607201309329,0.3024557435059168,0.9027762103600045,20,6110,528296800,528296800,202,496598992000,496598992000,193579,False
941,0.17130280154890534,0.9408338442673206,nan,nan,20,6524,528296800,528296800,214,497127288800,497127288800,193793,False
942,0.17441884468306496,0.940043156596794,nan,nan,20,6488,528296800,528296800,214,497655585600,497655585600,194007,False
943,0.19825105301119758,0.9330824607329843,nan,nan,20,6112,528296800,528296800,201,498183882400,498183882400,194208,False
944,0.1867233130018757,0.9326938197829847,nan,nan,20,6359,528296800,528296800,207,498712179200,498712179200,194415,False
945,0.2185413608143801,0.9228064300066979,nan,nan,20,5972,528296800,528296800,195,499240476000,499240476000,194610,False
946,0.18964880765287284,0.9291226964876359,nan,nan,20,6349,528296800,528296800,208,499768772800,499768772800,194818,False
947,0.19744851534832297,0.9314351170021273,nan,nan,20,6111,528296800,528296800,200,500297069600,500297069600,195018,False
948,0.18780413090836792,0.9319993747068939,nan,nan,20,6397,528296800,528296800,210,500825366400,500825366400,195228,False
949,0.1923919134170999,0.9356987914471645,nan,nan,20,6454,528296800,528296800,212,501353663200,501353663200,195440,False
950,0.17337580270480535,0.9404817404817405,0.2933162950494733,0.9050332919535041,20,6435,528296800,528296800,210,501881960000,501881960000,195650,False
951,0.16654046049891025,0.9413145539906104,nan,nan,20,6390,528296800,528296800,209,502410256800,502410256800,195859,False
952,0.1763636103741177,0.9358935128518971,nan,nan,20,6536,528296800,528296800,214,502938553600,502938553600,196073,False
953,0.18072242951514977,0.938164567315557,nan,nan,20,6113,528296800,528296800,202,503466850400,503466850400,196275,False
954,0.1991334683531772,0.9289357361441687,nan,nan,20,5882,528296800,528296800,194,503995147200,503995147200,196469,False
955,0.1573616392399664,0.9406060606060606,nan,nan,20,6600,528296800,528296800,216,504523444000,504523444000,196685,False
956,0.182024732048032,0.9363356552729629,nan,nan,20,6173,528296800,528296800,202,505051740800,505051740800,196887,False
957,0.1768323715200172,0.933252610867262,nan,nan,20,6607,528296800,528296800,215,505580037600,505580037600,197102,False
958,0.18320215297275388,0.9347932668736721,nan,nan,20,6119,528296800,528296800,200,506108334400,506108334400,197302,False
959,0.16736874569838686,0.9379881287097782,nan,nan,20,6402,528296800,528296800,210,506636631200,506636631200,197512,False
960,0.2051269733024427,0.9273373163248829,0.2989261400523378,0.9059925516307414,20,6193,528296800,528296800,203,507164928000,507164928000,197715,False
961,0.18194403644830237,0.9398778769375293,nan,nan,20,6387,528296800,528296800,209,507693224800,507693224800,197924,False
962,0.1947257368714195,0.9359235469215103,nan,nan,20,6383,528296800,528296800,207,508221521600,508221521600,198131,False
963,0.1705832755850796,0.9402232074606329,nan,nan,20,6541,528296800,528296800,215,508749818400,508749818400,198346,False
964,0.1705760106392466,0.9405556417817786,nan,nan,20,6443,528296800,528296800,210,509278115200,509278115200,198556,False
965,0.2039373663329913,0.9313770441693413,nan,nan,20,6543,528296800,528296800,214,509806412000,509806412000,198770,False
966,0.1933686897252885,0.9330363999385655,nan,nan,20,6511,528296800,528296800,213,510334708800,510334708800,198983,False
967,0.17787778851645525,0.9372460496613996,nan,nan,20,6645,528296800,528296800,216,510863005600,510863005600,199199,False
968,0.18798125120918133,0.9309205090067757,nan,nan,20,6051,528296800,528296800,199,511391302400,511391302400,199398,False
969,0.19720934319914926,0.9327347195967234,nan,nan,20,6348,528296800,528296800,209,511919599200,511919599200,199607,False
970,0.19646637214933174,0.928527323247916,0.29865903788314635,0.9049204378738291,20,6478,528296800,528296800,214,512447896000,512447896000,199821,False
971,0.16452632473408155,0.9423734078906493,nan,nan,20,6438,528296800,528296800,210,512976192800,512976192800,200031,False
972,0.18273973933851412,0.931374057547315,nan,nan,20,6499,528296800,528296800,215,513504489600,513504489600,200246,False
973,0.18851774775796334,0.9324982602644398,nan,nan,20,5748,528296800,528296800,189,514032786400,514032786400,200435,False
974,0.20279820150282626,0.9277821011673152,nan,nan,20,6425,528296800,528296800,209,514561083200,514561083200,200644,False
975,0.16492397107625828,0.9382926074853077,nan,nan,20,6466,528296800,528296800,210,515089380000,515089380000,200854,False
976,0.17555104574359215,0.9372519083969466,nan,nan,20,6550,528296800,528296800,215,515617676800,515617676800,201069,False
977,0.17177965043782525,0.941031941031941,nan,nan,20,6512,528296800,528296800,212,516145973600,516145973600,201281,False
978,0.19594929682383896,0.9319819065170045,nan,nan,20,5969,528296800,528296800,197,516674270400,516674270400,201478,False
979,0.1716055328818789,0.9390120967741935,nan,nan,20,5952,528296800,528296800,194,517202567200,517202567200,201672,False
980,0.16455296840873523,0.9435483870967742,0.29057361501197676,0.9074596546665162,20,6696,528296800,528296800,219,517730864000,517730864000,201891,False
981,0.1961293909759805,0.9285128709624528,nan,nan,20,6099,528296800,528296800,201,518259160800,518259160800,202092,False
982,0.20588094488445433,0.9294840692220605,nan,nan,20,6183,528296800,528296800,202,518787457600,518787457600,202294,False
983,0.2092429199328987,0.9310463121783876,nan,nan,20,5830,528296800,528296800,192,519315754400,519315754400,202486,False
984,0.18401756984096362,0.9348207171314741,nan,nan,20,6275,528296800,528296800,205,519844051200,519844051200,202691,False
985,0.17264773434980601,0.9417989417989417,nan,nan,20,6048,528296800,528296800,199,520372348000,520372348000,202890,False
986,0.19238034652188798,0.9290637081862498,nan,nan,20,5949,528296800,528296800,196,520900644800,520900644800,203086,False
987,0.2179798264102666,0.9217681666401654,nan,nan,20,6289,528296800,528296800,205,521428941600,521428941600,203291,False
988,0.18483374178332526,0.9362268881228455,nan,nan,20,6382,528296800,528296800,209,521957238400,521957238400,203500,False
989,0.2006324173588493,0.9260345389377648,nan,nan,20,6138,528296800,528296800,205,522485535200,522485535200,203705,False
990,0.17784608705495314,0.9367211522900145,0.3052330471978017,0.9020426588421171,20,6179,528296800,528296800,203,523013832000,523013832000,203908,False
991,0.18627108361837924,0.9345732314845566,nan,nan,20,6022,528296800,528296800,197,523542128800,523542128800,204105,False
992,0.20688464366297446,0.9306764902880107,nan,nan,20,5972,528296800,528296800,199,524070425600,524070425600,204304,False
993,0.16427990038390344,0.9404434374494255,nan,nan,20,6179,528296800,528296800,203,524598722400,524598722400,204507,False
994,0.1699458708044731,0.9373223871171456,nan,nan,20,6334,528296800,528296800,208,525127019200,525127019200,204715,False
995,0.19241378729531758,0.9305578684429642,nan,nan,20,6005,528296800,528296800,198,525655316000,525655316000,204913,False
996,0.19087672405908848,0.9371037704371038,nan,nan,20,5994,528296800,528296800,196,526183612800,526183612800,205109,False
997,0.20751708227935345,0.9267308289351133,nan,nan,20,6442,528296800,528296800,212,526711909600,526711909600,205321,False
998,0.1878357455319164,0.9343994778067886,nan,nan,20,6128,528296800,528296800,201,527240206400,527240206400,205522,False
999,0.1765369011571804,0.9373162049218388,nan,nan,20,6461,528296800,528296800,211,527768503200,527768503200,205733,False
1000,0.1855798648770698,0.9373685062307817,0.2946191340106401,0.9079110709852161,20,6179,528296800,528296800,203,528296800000,528296800000,205936,True
