round,train_loss,train_accuracy,test_loss,test_accuracy,num_fit_clients,num_fit_examples,round_upload_bytes,round_download_bytes,round_local_steps,cumulative_upload_bytes,cumulative_download_bytes,cumulative_local_steps,run_completed
1,4.08837889889538,0.05549371919224042,nan,nan,20,6289,528296800,528296800,207,528296800,528296800,207,False
2,4.0033099134678665,0.061121098218663183,nan,nan,20,6119,528296800,528296800,203,1056593600,1056593600,410,False
3,3.80785223170916,0.06926338935134287,nan,nan,20,6367,528296800,528296800,207,1584890400,1584890400,617,False
4,3.7754107084539203,0.06216124661246612,nan,nan,20,5904,528296800,528296800,196,2113187200,2113187200,813,False
5,3.8196098938895027,0.05521267723102585,nan,nan,20,5995,528296800,528296800,197,2641484000,2641484000,1010,False
6,3.7588204039480573,0.0545572284280395,nan,nan,20,6177,528296800,528296800,202,3169780800,3169780800,1212,False
7,3.760649374607885,0.04243690724963832,nan,nan,20,6221,528296800,528296800,203,3698077600,3698077600,1415,False
8,3.77958143552668,0.04875638280349201,nan,nan,20,6071,528296800,528296800,198,4226374400,4226374400,1613,False
9,3.7909151185983267,0.0656188005493667,nan,nan,20,6553,528296800,528296800,214,4754671200,4754671200,1827,False
10,3.769317867946337,0.06177544862633,3.7792376443826106,0.056427039837490124,20,6297,528296800,528296800,208,5282968000,5282968000,2035,False
11,3.738555639920795,0.06960520057079436,nan,nan,20,6307,528296800,528296800,207,5811264800,5811264800,2242,False
12,3.744604075598176,0.07158185162477008,nan,nan,20,6524,528296800,528296800,213,6339561600,6339561600,2455,False
13,3.7391140472368565,0.06370507481104427,nan,nan,20,6483,528296800,528296800,211,6867858400,6867858400,2666,False
14,3.6949668855097864,0.059088858818222824,nan,nan,20,6651,528296800,528296800,218,7396155200,7396155200,2884,False
15,3.7653928825607195,0.06254732697258822,nan,nan,20,6603,528296800,528296800,215,7924452000,7924452000,3099,False
16,3.735790288998705,0.05140409328891004,nan,nan,20,6303,528296800,528296800,207,8452748800,8452748800,3306,False
17,3.7282821708712084,0.06175548589341693,nan,nan,20,6380,528296800,528296800,208,8981045600,8981045600,3514,False
18,3.7106252961840793,0.06134492933685355,nan,nan,20,6439,528296800,528296800,209,9509342400,9509342400,3723,False
19,3.7215104148044507,0.06385675804151482,nan,nan,20,6311,528296800,528296800,206,10037639200,10037639200,3929,False
20,3.703576062301445,0.06667637210656573,3.7093794190067024,0.056427039837490124,20,6869,528296800,528296800,225,10565936000,10565936000,4154,False
21,3.6817067327967274,0.06859479103573592,nan,nan,20,6604,528296800,528296800,215,11094232800,11094232800,4369,False
22,3.673765640396104,0.06672859575785725,nan,nan,20,6459,528296800,528296800,212,11622529600,11622529600,4581,False
23,3.719168076906523,0.053495440729483285,nan,nan,20,6580,528296800,528296800,213,12150826400,12150826400,4794,False
24,3.6911232112333976,0.05883280757097792,nan,nan,20,6340,528296800,528296800,205,12679123200,12679123200,4999,False
25,3.690928901391853,0.06352459016393443,nan,nan,20,6344,528296800,528296800,207,13207420000,13207420000,5206,False
26,3.67869068944664,0.0722628874007164,nan,nan,20,6421,528296800,528296800,211,13735716800,13735716800,5417,False
27,3.6902233935927304,0.08709625582516471,nan,nan,20,6223,528296800,528296800,203,14264013600,14264013600,5620,False
28,3.64017774701555,0.12673141219551026,nan,nan,20,6281,528296800,528296800,205,14792310400,14792310400,5825,False
29,3.666794245508583,0.12108931755551954,nan,nan,20,6169,528296800,528296800,203,15320607200,15320607200,6028,False
30,3.6694719502326443,0.11671259523423569,3.642097644673528,0.12041530301320393,20,6169,528296800,528296800,200,15848904000,15848904000,6228,False
31,3.6304560359306834,0.12682551883166795,nan,nan,20,6505,528296800,528296800,212,16377200800,16377200800,6440,False
32,3.621937510049244,0.11292162294280593,nan,nan,20,6137,528296800,528296800,201,16905497600,16905497600,6641,False
33,3.627078735420445,0.12332439678284182,nan,nan,20,6341,528296800,528296800,205,17433794400,17433794400,6846,False
34,3.6226360241965314,0.12295696506222822,nan,nan,20,6669,528296800,528296800,217,17962091200,17962091200,7063,False
35,3.5611426547074005,0.1275768840824603,nan,nan,20,5918,528296800,528296800,196,18490388000,18490388000,7259,False
36,3.513633701553443,0.13405214032829096,nan,nan,20,6214,528296800,528296800,203,19018684800,19018684800,7462,False
37,3.496634011904145,0.1441340782122905,nan,nan,20,6265,528296800,528296800,205,19546981600,19546981600,7667,False
38,3.432570470476031,0.14971839799749687,nan,nan,20,6392,528296800,528296800,207,20075278400,20075278400,7874,False
39,3.3728466331813323,0.17000162680982592,nan,nan,20,6147,528296800,528296800,202,20603575200,20603575200,8076,False
40,3.321397826754796,0.2092109399559887,3.2710870469535345,0.2509310461573186,20,6362,528296800,528296800,209,21131872000,21131872000,8285,False
41,3.2744157394687163,0.2175264139216905,nan,nan,20,6436,528296800,528296800,210,21660168800,21660168800,8495,False
42,3.16492536475962,0.2510948905109489,nan,nan,20,6165,528296800,528296800,203,22188465600,22188465600,8698,False
43,3.071941433992047,0.25826893353941266,nan,nan,20,6470,528296800,528296800,213,22716762400,22716762400,8911,False
44,3.0296206619382677,0.255413308044887,nan,nan,20,6327,528296800,528296800,206,23245059200,23245059200,9117,False
45,2.932457339851011,0.2871995909323334,nan,nan,20,5867,528296800,528296800,191,23773356000,23773356000,9308,False
46,2.7703813345251853,0.3302709436312675,nan,nan,20,6422,528296800,528296800,208,24301652800,24301652800,9516,False
47,2.6338748505060807,0.36147963165287966,nan,nan,20,6407,528296800,528296800,211,24829949600,24829949600,9727,False
48,2.5610837883712176,0.3758531036724082,nan,nan,20,6154,528296800,528296800,202,25358246400,25358246400,9929,False
49,2.48862624859768,0.38328806518613195,nan,nan,20,6259,528296800,528296800,204,25886543200,25886543200,10133,False
50,2.2595983304343856,0.42905982905982903,2.4144989787664524,0.37117706805101003,20,6435,528296800,528296800,213,26414840000,26414840000,10346,False
51,2.2709180720193047,0.4122448979591837,nan,nan,20,6125,528296800,528296800,203,26943136800,26943136800,10549,False
52,2.0715294638688357,0.4643510054844607,nan,nan,20,6564,528296800,528296800,215,27471433600,27471433600,10764,False
53,2.041274097736083,0.46742074239286285,nan,nan,20,6277,528296800,528296800,207,27999730400,27999730400,10971,False
54,1.9313127275267963,0.49370673379483954,nan,nan,20,6356,528296800,528296800,209,28528027200,28528027200,11180,False
55,1.7913644318204838,0.5242893668220785,nan,nan,20,6649,528296800,528296800,219,29056324000,29056324000,11399,False
56,1.8079750114573239,0.5235052487448654,nan,nan,20,6573,528296800,528296800,214,29584620800,29584620800,11613,False
57,1.906210812332837,0.5134592877445243,nan,nan,20,5981,528296800,528296800,196,30112917600,30112917600,11809,False
58,1.7236083396937802,0.5459366713461239,nan,nan,20,6411,528296800,528296800,211,30641214400,30641214400,12020,False
59,1.7083772620680997,0.5523319294961785,nan,nan,20,6411,528296800,528296800,208,31169511200,31169511200,12228,False
60,1.639457040342638,0.570860724659838,1.774147011708788,0.5338562239024941,20,6541,528296800,528296800,212,31697808000,31697808000,12440,False
61,1.6201062377471074,0.5765923566878981,nan,nan,20,6280,528296800,528296800,206,32226104800,32226104800,12646,False
62,1.3703246807740874,0.6472289156626506,nan,nan,20,6225,528296800,528296800,205,32754401600,32754401600,12851,False
63,1.4254049195962795,0.6232114467408585,nan,nan,20,6290,528296800,528296800,205,33282698400,33282698400,13056,False
64,1.510729170072702,0.6082071323888617,nan,nan,20,6141,528296800,528296800,200,33810995200,33810995200,13256,False
65,1.456424518887571,0.6137710168134508,nan,nan,20,6245,528296800,528296800,205,34339292000,34339292000,13461,False
66,1.2401711705648464,0.6670266934115106,nan,nan,20,6481,528296800,528296800,211,34867588800,34867588800,13672,False
67,1.2740578471026827,0.6554887693767795,nan,nan,20,6322,528296800,528296800,208,35395885600,35395885600,13880,False
68,1.2875198782024468,0.652584413506161,nan,nan,20,6249,528296800,528296800,204,35924182400,35924182400,14084,False
69,1.2084974453663284,0.6768833682852073,nan,nan,20,6199,528296800,528296800,201,36452479200,36452479200,14285,False
70,1.2398870757470941,0.6634519454605919,1.401619977087889,0.6030922017830944,20,6014,528296800,528296800,198,36980776000,36980776000,14483,False
71,1.2702169541843478,0.6569123695033218,nan,nan,20,6322,528296800,528296800,207,37509072800,37509072800,14690,False
72,1.1125856175207043,0.7062093060187391,nan,nan,20,6297,528296800,528296800,208,38037369600,38037369600,14898,False
73,1.0821934921797782,0.7040785035265256,nan,nan,20,6522,528296800,528296800,213,38565666400,38565666400,15111,False
74,1.114822918368924,0.7009375496583505,nan,nan,20,6293,528296800,528296800,205,39093963200,39093963200,15316,False
75,1.0486702951838565,0.7121696684059923,nan,nan,20,5941,528296800,528296800,196,39622260000,39622260000,15512,False
76,1.1163985392189297,0.6917942038423966,nan,nan,20,6142,528296800,528296800,202,40150556800,40150556800,15714,False
77,0.9807122312431664,0.7281742806047797,nan,nan,20,6151,528296800,528296800,201,40678853600,40678853600,15915,False
78,1.0105260193417458,0.7245459090151641,nan,nan,20,6001,528296800,528296800,196,41207150400,41207150400,16111,False
79,0.9597657374843328,0.7266762682029124,nan,nan,20,6249,528296800,528296800,205,41735447200,41735447200,16316,False
80,0.9667345366087621,0.7363428197579326,1.0917074584003066,0.6959711093556032,20,6114,528296800,528296800,198,42263744000,42263744000,16514,False
81,0.9600880132750987,0.7307754836611933,nan,nan,20,6151,528296800,528296800,203,42792040800,42792040800,16717,False
82,1.031091852322802,0.7117041040364803,nan,nan,20,5921,528296800,528296800,194,43320337600,43320337600,16911,False
83,0.9695829111398723,0.7358550039401103,nan,nan,20,6345,528296800,528296800,208,43848634400,43848634400,17119,False
84,0.8696713311926728,0.7571358669058881,nan,nan,20,6131,528296800,528296800,203,44376931200,44376931200,17322,False
85,0.7792122367840073,0.7806327284406617,nan,nan,20,6227,528296800,528296800,205,44905228000,44905228000,17527,False
86,0.8650562883207795,0.7629641234529219,nan,nan,20,6383,528296800,528296800,210,45433524800,45433524800,17737,False
87,0.9040007186023191,0.7458138482425706,nan,nan,20,6629,528296800,528296800,217,45961821600,45961821600,17954,False
88,0.9438215135834418,0.7406353722143196,nan,nan,20,6327,528296800,528296800,208,46490118400,46490118400,18162,False
89,0.8962652590735734,0.7457493702770781,nan,nan,20,6352,528296800,528296800,206,47018415200,47018415200,18368,False
90,0.7958372168359712,0.7692789968652037,0.9666120583310701,0.7274573975849227,20,6380,528296800,528296800,207,47546712000,47546712000,18575,False
91,0.825567850702376,0.7624416170075696,nan,nan,20,6209,528296800,528296800,203,48075008800,48075008800,18778,False
92,0.7160782506003378,0.7913373379702814,nan,nan,20,6326,528296800,528296800,208,48603305600,48603305600,18986,False
93,0.7279493112614984,0.7857256651266529,nan,nan,20,6277,528296800,528296800,205,49131602400,49131602400,19191,False
94,0.7147455897903728,0.7886866059817945,nan,nan,20,6152,528296800,528296800,202,49659899200,49659899200,19393,False
95,0.7601130756797616,0.7870325004082965,nan,nan,20,6123,528296800,528296800,197,50188196000,50188196000,19590,False
96,0.6912892375009314,0.7988890704133311,nan,nan,20,6121,528296800,528296800,200,50716492800,50716492800,19790,False
97,0.7222763277161548,0.7942457231726283,nan,nan,20,6430,528296800,528296800,211,51244789600,51244789600,20001,False
98,0.7570213747739669,0.7853627559930147,nan,nan,20,6299,528296800,528296800,204,51773086400,51773086400,20205,False
99,0.7013750348581318,0.7915216703574818,nan,nan,20,6322,528296800,528296800,207,52301383200,52301383200,20412,False
100,0.6617995906416464,0.8080393765381461,0.818003053644174,0.7659406387540909,20,6095,528296800,528296800,201,52829680000,52829680000,20613,False
101,0.6346066720487413,0.8087764741733963,nan,nan,20,6563,528296800,528296800,215,53357976800,53357976800,20828,False
102,0.617875945742933,0.8232258064516129,nan,nan,20,6200,528296800,528296800,203,53886273600,53886273600,21031,False
103,0.8005882023833104,0.7817435249526216,nan,nan,20,6332,528296800,528296800,207,54414570400,54414570400,21238,False
104,0.795727546682658,0.768684422921711,nan,nan,20,6195,528296800,528296800,204,54942867200,54942867200,21442,False
105,0.7497435176636569,0.7855619360131255,nan,nan,20,6095,528296800,528296800,201,55471164000,55471164000,21643,False
106,0.687574481446487,0.7993983533882204,nan,nan,20,6316,528296800,528296800,206,55999460800,55999460800,21849,False
107,0.5749558088690019,0.8288906624102155,nan,nan,20,6265,528296800,528296800,205,56527757600,56527757600,22054,False
108,0.6350628372717213,0.8168991502324836,nan,nan,20,6237,528296800,528296800,204,57056054400,57056054400,22258,False
109,0.6457552424375179,0.8125,nan,nan,20,6208,528296800,528296800,202,57584351200,57584351200,22460,False
110,0.6438147212283715,0.8143108692172243,0.7225120409578168,0.788624308768762,20,6247,528296800,528296800,205,58112648000,58112648000,22665,False
111,0.6967624093367558,0.7971039776692254,nan,nan,20,5732,528296800,528296800,188,58640944800,58640944800,22853,False
112,0.645613936085228,0.8101071975497703,nan,nan,20,5877,528296800,528296800,193,59169241600,59169241600,23046,False
113,0.6107822418647073,0.8216006216006216,nan,nan,20,6435,528296800,528296800,210,59697538400,59697538400,23256,False
114,0.6159479772044261,0.819194235178513,nan,nan,20,6106,528296800,528296800,203,60225835200,60225835200,23459,False
115,0.7355828596426406,0.7848484848484848,nan,nan,20,5940,528296800,528296800,198,60754132000,60754132000,23657,False
116,0.5199272934720675,0.8438522674146798,nan,nan,20,6417,528296800,528296800,209,61282428800,61282428800,23866,False
117,0.5926614382557601,0.8243470291736673,nan,nan,20,6547,528296800,528296800,215,61810725600,61810725600,24081,False
118,0.5513907246632749,0.8448192771084337,nan,nan,20,6225,528296800,528296800,204,62339022400,62339022400,24285,False
119,0.4787465063993488,0.863013698630137,nan,nan,20,6862,528296800,528296800,224,62867319200,62867319200,24509,False
120,0.5537588419195008,0.8275464867533322,0.667086312752278,0.8028439228078095,20,6077,528296800,528296800,197,63395616000,63395616000,24706,False
121,0.4625035074312351,0.8584488351518726,nan,nan,20,6782,528296800,528296800,220,63923912800,63923912800,24926,False
122,0.5304132050002495,0.8465496368038741,nan,nan,20,6608,528296800,528296800,216,64452209600,64452209600,25142,False
123,0.5901909411889459,0.8296308134888924,nan,nan,20,6257,528296800,528296800,206,64980506400,64980506400,25348,False
124,0.5920910644205061,0.8250797381232163,nan,nan,20,5957,528296800,528296800,196,65508803200,65508803200,25544,False
125,0.5960326183723509,0.8273473989370269,nan,nan,20,6209,528296800,528296800,203,66037100000,66037100000,25747,False
126,0.6114821771626582,0.8203266787658802,nan,nan,20,6061,528296800,528296800,199,66565396800,66565396800,25946,False
127,0.6012656099124867,0.8240844394690549,nan,nan,20,6253,528296800,528296800,207,67093693600,67093693600,26153,False
128,0.5306583266191991,0.8377178559684314,nan,nan,20,6082,528296800,528296800,201,67621990400,67621990400,26354,False
129,0.5770725713933008,0.8258808658555854,nan,nan,20,6329,528296800,528296800,207,68150287200,68150287200,26561,False
130,0.46522514531493364,0.8614809274495139,0.6214400941127445,0.8144678930143324,20,6685,528296800,528296800,220,68678584000,68678584000,26781,False
131,0.4966281325658016,0.8508037508372405,nan,nan,20,5972,528296800,528296800,196,69206880800,69206880800,26977,False
132,0.5133887039180791,0.8482228626320846,nan,nan,20,6246,528296800,528296800,206,69735177600,69735177600,27183,False
133,0.5603898374858872,0.8363636363636363,nan,nan,20,5775,528296800,528296800,191,70263474400,70263474400,27374,False
134,0.44966432831881253,0.8686548223350253,nan,nan,20,6304,528296800,528296800,206,70791771200,70791771200,27580,False
135,0.4723903776933477,0.8605033722651751,nan,nan,20,6079,528296800,528296800,198,71320068000,71320068000,27778,False
136,0.5807028358959437,0.8275464867533322,nan,nan,20,6077,528296800,528296800,199,71848364800,71848364800,27977,False
137,0.6363559638248142,0.8096467172124536,nan,nan,20,6199,528296800,528296800,204,72376661600,72376661600,28181,False
138,0.5030059534173693,0.8548564255452691,nan,nan,20,6373,528296800,528296800,208,72904958400,72904958400,28389,False
139,0.493857331484507,0.8460153084196308,nan,nan,20,6663,528296800,528296800,217,73433255200,73433255200,28606,False
140,0.5385741114638475,0.8424813251055537,0.5685403589173965,0.828800361133055,20,6158,528296800,528296800,203,73961552000,73961552000,28809,False
141,0.4329195616232049,0.8670727897532021,nan,nan,20,6402,528296800,528296800,210,74489848800,74489848800,29019,False
142,0.42941061923825385,0.8672082487111389,nan,nan,20,6401,528296800,528296800,209,75018145600,75018145600,29228,False
143,0.49918666997124217,0.8479290845178052,nan,nan,20,6543,528296800,528296800,215,75546442400,75546442400,29443,False
144,0.4700590784406715,0.8487294469357249,nan,nan,20,6690,528296800,528296800,220,76074739200,76074739200,29663,False
145,0.5207325994577808,0.8475581213917928,nan,nan,20,6409,528296800,528296800,210,76603036000,76603036000,29873,False
146,0.48677988045145953,0.8536398467432951,nan,nan,20,6525,528296800,528296800,213,77131332800,77131332800,30086,False
147,0.5371264774132641,0.8435427849700031,nan,nan,20,6334,528296800,528296800,207,77659629600,77659629600,30293,False
148,0.593000007546932,0.8246668833279168,nan,nan,20,6154,528296800,528296800,201,78187926400,78187926400,30494,False
149,0.48254490930019905,0.852179406190777,nan,nan,20,6332,528296800,528296800,206,78716223200,78716223200,30700,False
150,0.5521045923233032,0.8377752027809965,0.5988148133421897,0.8177970883647444,20,6041,528296800,528296800,197,79244520000,79244520000,30897,False
151,0.555029227266204,0.8325317760219856,nan,nan,20,5822,528296800,528296800,192,79772816800,79772816800,31089,False
152,0.48936686422928055,0.8518180435113343,nan,nan,20,6573,528296800,528296800,215,80301113600,80301113600,31304,False
153,0.47486224476910394,0.8563339265491021,nan,nan,20,6181,528296800,528296800,204,80829410400,80829410400,31508,False
154,0.4275263602792505,0.8643873711761819,nan,nan,20,6113,528296800,528296800,201,81357707200,81357707200,31709,False
155,0.47716950014031034,0.8534278959810875,nan,nan,20,6345,528296800,528296800,207,81886004000,81886004000,31916,False
156,0.425627393085313,0.8774373259052924,nan,nan,20,6103,528296800,528296800,201,82414300800,82414300800,32117,False
157,0.4489410172072757,0.8685775270620522,nan,nan,20,6559,528296800,528296800,214,82942597600,82942597600,32331,False
158,0.41553237096620327,0.8706614785992218,nan,nan,20,6425,528296800,528296800,212,83470894400,83470894400,32543,False
159,0.49361847198717757,0.8538580246913581,nan,nan,20,6480,528296800,528296800,212,83999191200,83999191200,32755,False
160,0.5917319319441477,0.8297538799184825,0.52742323244066,0.8374901252680285,20,6379,528296800,528296800,209,84527488000,84527488000,32964,False
161,0.4493297712925153,0.8611243828635133,nan,nan,20,6279,528296800,528296800,207,85055784800,85055784800,33171,False
162,0.42738487063696246,0.866203154146176,nan,nan,20,5897,528296800,528296800,193,85584081600,85584081600,33364,False
163,0.44898087474800163,0.8558768656716418,nan,nan,20,6432,528296800,528296800,209,86112378400,86112378400,33573,False
164,0.4828105058840887,0.8503625576796309,nan,nan,20,6068,528296800,528296800,199,86640675200,86640675200,33772,False
165,0.42486706730312235,0.8660950896336711,nan,nan,20,6415,528296800,528296800,214,87168972000,87168972000,33986,False
166,0.48086579259550444,0.8520335496122804,nan,nan,20,6319,528296800,528296800,209,87697268800,87697268800,34195,False
167,0.4755433899388992,0.8537963116796811,nan,nan,20,6019,528296800,528296800,197,88225565600,88225565600,34392,False
168,0.4792412545758891,0.8636803093780213,nan,nan,20,6206,528296800,528296800,203,88753862400,88753862400,34595,False
169,0.4212149877466898,0.8668337772207426,nan,nan,20,6383,528296800,528296800,209,89282159200,89282159200,34804,False
170,0.43526779995980486,0.8654004954582989,0.5276730271389893,0.8394086446225031,20,6055,528296800,528296800,198,89810456000,89810456000,35002,False
171,0.42990141780044866,0.866697631212262,nan,nan,20,6459,528296800,528296800,213,90338752800,90338752800,35215,False
172,0.48173798625736586,0.8499765588373184,nan,nan,20,6399,528296800,528296800,209,90867049600,90867049600,35424,False
173,0.3768646245615104,0.8796847114812612,nan,nan,20,6724,528296800,528296800,222,91395346400,91395346400,35646,False
174,0.41758713729686825,0.8764172335600907,nan,nan,20,6174,528296800,528296800,202,91923643200,91923643200,35848,False
175,0.43628512849091655,0.8627767900436399,nan,nan,20,6187,528296800,528296800,205,92451940000,92451940000,36053,False
176,0.4030121129068443,0.8764214046822743,nan,nan,20,5980,528296800,528296800,196,92980236800,92980236800,36249,False
177,0.45090104920634,0.8622871046228711,nan,nan,20,6165,528296800,528296800,199,93508533600,93508533600,36448,False
178,0.4086965539209271,0.8716478065416214,nan,nan,20,6451,528296800,528296800,210,94036830400,94036830400,36658,False
179,0.3897812534429436,0.8776521604460276,nan,nan,20,6457,528296800,528296800,213,94565127200,94565127200,36871,False
180,0.4154752001219905,0.874400925466865,0.5803168722017532,0.8206184403566189,20,6051,528296800,528296800,198,95093424000,95093424000,37069,False
181,0.4588682674533954,0.8608923884514436,nan,nan,20,6096,528296800,528296800,198,95621720800,95621720800,37267,False
182,0.501742209066224,0.8465871438038436,nan,nan,20,6036,528296800,528296800,199,96150017600,96150017600,37466,False
183,0.4258952717824538,0.8733597802868477,nan,nan,20,6554,528296800,528296800,215,96678314400,96678314400,37681,False
184,0.45250618304867124,0.8642993024730501,nan,nan,20,6308,528296800,528296800,208,97206611200,97206611200,37889,False
185,0.42583735958844005,0.8714030238985531,nan,nan,20,6151,528296800,528296800,201,97734908000,97734908000,38090,False
186,0.40018683566202673,0.8755253798900744,nan,nan,20,6186,528296800,528296800,203,98263204800,98263204800,38293,False
187,0.4055709575352912,0.8729237219803258,nan,nan,20,6201,528296800,528296800,205,98791501600,98791501600,38498,False
188,0.40907550200130594,0.8794677394398887,nan,nan,20,6463,528296800,528296800,211,99319798400,99319798400,38709,False
189,0.40549594296669433,0.8731535003211304,nan,nan,20,6228,528296800,528296800,204,99848095200,99848095200,38913,False
190,0.48064390897491793,0.854062186559679,0.49969870275170897,0.8431892562916149,20,5982,528296800,528296800,195,100376392000,100376392000,39108,False
191,0.4200771013351139,0.8728500241118791,nan,nan,20,6221,528296800,528296800,203,100904688800,100904688800,39311,False
192,0.37985301834497864,0.8768633540372671,nan,nan,20,6440,528296800,528296800,210,101432985600,101432985600,39521,False
193,0.4428119620972699,0.8684451219512195,nan,nan,20,6560,528296800,528296800,217,101961282400,101961282400,39738,False
194,0.3935028030743534,0.8743221690590112,nan,nan,20,6270,528296800,528296800,202,102489579200,102489579200,39940,False
195,0.39532341183099573,0.8785666887856669,nan,nan,20,6028,528296800,528296800,197,103017876000,103017876000,40137,False
196,0.4419333757287257,0.8591032391894048,nan,nan,20,6267,528296800,528296800,206,103546172800,103546172800,40343,False
197,0.4108518485502265,0.8703448275862069,nan,nan,20,6525,528296800,528296800,215,104074469600,104074469600,40558,False
198,0.4037870846093197,0.8739383846794339,nan,nan,20,6005,528296800,528296800,196,104602766400,104602766400,40754,False
199,0.45518699679494945,0.8615542974781266,nan,nan,20,5829,528296800,528296800,192,105131063200,105131063200,40946,False
200,0.447087290692313,0.864762560220234,0.47095088903716426,0.8570138810518,20,5812,528296800,528296800,192,105659360000,105659360000,41138,False
201,0.40766145924055125,0.8759428663135933,nan,nan,20,6231,528296800,528296800,205,106187656800,106187656800,41343,False
202,0.4486259948069927,0.8579063187676831,nan,nan,20,6362,528296800,528296800,207,106715953600,106715953600,41550,False
203,0.44959871673718743,0.8603696098562629,nan,nan,20,5844,528296800,528296800,192,107244250400,107244250400,41742,False
204,0.5076932480592998,0.8543565147881694,nan,nan,20,6255,528296800,528296800,206,107772547200,107772547200,41948,False
205,0.443852440577386,0.8655922910782522,nan,nan,20,6019,528296800,528296800,198,108300844000,108300844000,42146,False
206,0.38359834823099764,0.87531328320802,nan,nan,20,6384,528296800,528296800,208,108829140800,108829140800,42354,False
207,0.42637835655945955,0.8657156910969012,nan,nan,20,6099,528296800,528296800,199,109357437600,109357437600,42553,False
208,0.3985357193939006,0.8764044943820225,nan,nan,20,6141,528296800,528296800,202,109885734400,109885734400,42755,False
209,0.3860706663676005,0.8830582373092495,nan,nan,20,6422,528296800,528296800,209,110414031200,110414031200,42964,False
210,0.38716115535810125,0.8808431072582016,0.47706010512231556,0.8520483015461009,20,5883,528296800,528296800,193,110942328000,110942328000,43157,False
211,0.4033788537149862,0.8763578274760383,nan,nan,20,6260,528296800,528296800,208,111470624800,111470624800,43365,False
212,0.4414099704891754,0.8702457085156513,nan,nan,20,5942,528296800,528296800,195,111998921600,111998921600,43560,False
213,0.4011450694854043,0.8709577595543865,nan,nan,20,6463,528296800,528296800,213,112527218400,112527218400,43773,False
214,0.4071544323789343,0.8724074995851999,nan,nan,20,6027,528296800,528296800,198,113055515200,113055515200,43971,False
215,0.3858189305970498,0.8817082997582595,nan,nan,20,6205,528296800,528296800,204,113583812000,113583812000,44175,False
216,0.369845682732328,0.8886850152905199,nan,nan,20,6540,528296800,528296800,214,114112108800,114112108800,44389,False
217,0.3778774062602239,0.8842228542747198,nan,nan,20,5977,528296800,528296800,197,114640405600,114640405600,44586,False
218,0.3812127222686398,0.8817959183673469,nan,nan,20,6125,528296800,528296800,201,115168702400,115168702400,44787,False
219,0.34335919311860036,0.8914356512312219,nan,nan,20,6457,528296800,528296800,210,115696999200,115696999200,44997,False
220,0.3681324498311329,0.8827899924184989,0.4640189242906488,0.8591581085656247,20,6595,528296800,528296800,216,116225296000,116225296000,45213,False
221,0.40061110003629435,0.8747951491314323,nan,nan,20,6102,528296800,528296800,201,116753592800,116753592800,45414,False
222,0.3292340288259516,0.8943639798488665,nan,nan,20,6352,528296800,528296800,207,117281889600,117281889600,45621,False
223,0.3944534475249751,0.8743644415286206,nan,nan,20,6097,528296800,528296800,200,117810186400,117810186400,45821,False
224,0.38178539963832187,0.8806927517639512,nan,nan,20,6236,528296800,528296800,204,118338483200,118338483200,46025,False
225,0.3950952282113745,0.8729835286126677,nan,nan,20,5889,528296800,528296800,195,118866780000,118866780000,46220,False
226,0.3835744871804607,0.8842418546365914,nan,nan,20,6384,528296800,528296800,209,119395076800,119395076800,46429,False
227,0.3920498071179154,0.8800890585241731,nan,nan,20,6288,528296800,528296800,205,119923373600,119923373600,46634,False
228,0.41955728556126193,0.8715846994535519,nan,nan,20,6222,528296800,528296800,204,120451670400,120451670400,46838,False
229,0.3303218506644828,0.8919933904161034,nan,nan,20,6657,528296800,528296800,215,120979967200,120979967200,47053,False
230,0.41965852016583083,0.8705592105263158,0.44181003122966855,0.8610202008802619,20,6080,528296800,528296800,198,121508264000,121508264000,47251,False
231,0.3845522290293669,0.8842664998436034,nan,nan,20,6394,528296800,528296800,210,122036560800,122036560800,47461,False
232,0.4263642627703918,0.871129183609634,nan,nan,20,6394,528296800,528296800,210,122564857600,122564857600,47671,False
233,0.3555478972145109,0.8913226621735467,nan,nan,20,5935,528296800,528296800,197,123093154400,123093154400,47868,False
234,0.37596610136357816,0.879786718371304,nan,nan,20,6189,528296800,528296800,203,123621451200,123621451200,48071,False
235,0.3838543788742923,0.8814415628157629,nan,nan,20,5938,528296800,528296800,194,124149748000,124149748000,48265,False
236,0.3536068221221251,0.8860277312204784,nan,nan,20,6563,528296800,528296800,215,124678044800,124678044800,48480,False
237,0.3590320002766774,0.8858611024602927,nan,nan,20,6422,528296800,528296800,209,125206341600,125206341600,48689,False
238,0.3729425341318527,0.885512584407612,nan,nan,20,6516,528296800,528296800,217,125734638400,125734638400,48906,False
239,0.31310967854601185,0.9048401553630117,nan,nan,20,6694,528296800,528296800,218,126262935200,126262935200,49124,False
240,0.38400751998586663,0.8782041076261742,0.4229367635896117,0.8689764134973479,20,6281,528296800,528296800,206,126791232000,126791232000,49330,False
241,0.33505282173959344,0.8949946425838053,nan,nan,20,6533,528296800,528296800,215,127319528800,127319528800,49545,False
242,0.382133933234469,0.8769230769230769,nan,nan,20,6565,528296800,528296800,215,127847825600,127847825600,49760,False
243,0.3374442489109409,0.8966625842008573,nan,nan,20,6532,528296800,528296800,213,128376122400,128376122400,49973,False
244,0.35296517577368974,0.8899279472635291,nan,nan,20,6523,528296800,528296800,214,128904419200,128904419200,50187,False
245,0.42256933980951866,0.8731518817204301,nan,nan,20,5952,528296800,528296800,197,129432716000,129432716000,50384,False
246,0.34510569884259507,0.8912269843725824,nan,nan,20,6463,528296800,528296800,210,129961012800,129961012800,50594,False
247,0.3388113395003904,0.8913622824894184,nan,nan,20,6379,528296800,528296800,209,130489309600,130489309600,50803,False
248,0.3228056945671438,0.8972419227738376,nan,nan,20,6345,528296800,528296800,207,131017606400,131017606400,51010,False
249,0.33747270900026066,0.8886134779240898,nan,nan,20,6455,528296800,528296800,212,131545903200,131545903200,51222,False
250,0.3921316230517116,0.8816450875856816,0.41255883477824146,0.8684685701388105,20,6565,528296800,528296800,216,132074200000,132074200000,51438,False
251,0.3681431403513414,0.8861260690528984,nan,nan,20,6314,528296800,528296800,207,132602496800,132602496800,51645,False
252,0.3788705612046103,0.8829032258064516,nan,nan,20,6200,528296800,528296800,205,133130793600,133130793600,51850,False
253,0.3363150107378151,0.8957720303546539,nan,nan,20,6457,528296800,528296800,213,133659090400,133659090400,52063,False
254,0.3264784528832717,0.895235089933733,nan,nan,20,6338,528296800,528296800,206,134187387200,134187387200,52269,False
255,0.31675440958817397,0.8974398758727696,nan,nan,20,6445,528296800,528296800,212,134715684000,134715684000,52481,False
256,0.36758875034139904,0.8815197467088819,nan,nan,20,6001,528296800,528296800,198,135243980800,135243980800,52679,False
257,0.327972092641775,0.8973456987527982,nan,nan,20,6254,528296800,528296800,207,135772277600,135772277600,52886,False
258,0.38358788956288153,0.8805920505571262,nan,nan,20,6013,528296800,528296800,197,136300574400,136300574400,53083,False
259,0.2683689606417608,0.913697429906542,nan,nan,20,6848,528296800,528296800,222,136828871200,136828871200,53305,False
260,0.36672879796108554,0.8832955649077371,0.4218193347036213,0.8702178083737727,20,6178,528296800,528296800,203,137357168000,137357168000,53508,False
261,0.34777404035362275,0.890612376797544,nan,nan,20,6189,528296800,528296800,203,137885464800,137885464800,53711,False
262,0.33571356958893483,0.8933829477430837,nan,nan,20,6181,528296800,528296800,203,138413761600,138413761600,53914,False
263,0.3166700396778169,0.8978997393837191,nan,nan,20,6523,528296800,528296800,214,138942058400,138942058400,54128,False
264,0.3301539844111477,0.9009223445403154,nan,nan,20,6722,528296800,528296800,219,139470355200,139470355200,54347,False
265,0.3116020331969625,0.9009297851875601,nan,nan,20,6238,528296800,528296800,204,139998652000,139998652000,54551,False
266,0.3599877556376924,0.8851500789889416,nan,nan,20,6330,528296800,528296800,205,140526948800,140526948800,54756,False
267,0.3250418492577015,0.8931898490202377,nan,nan,20,6226,528296800,528296800,203,141055245600,141055245600,54959,False
268,0.2957560280180157,0.9071582793555888,nan,nan,20,6021,528296800,528296800,199,141583542400,141583542400,55158,False
269,0.29823217639551974,0.9015849056603774,nan,nan,20,6625,528296800,528296800,216,142111839200,142111839200,55374,False
270,0.38115762025302774,0.8788788788788788,0.40725389557166747,0.8728134522062972,20,5994,528296800,528296800,199,142640136000,142640136000,55573,False
271,0.3711167822587257,0.8868371212121212,nan,nan,20,6336,528296800,528296800,206,143168432800,143168432800,55779,False
272,0.3535967082975664,0.8881913810654903,nan,nan,20,5894,528296800,528296800,195,143696729600,143696729600,55974,False
273,0.3732952002617277,0.8874332848131975,nan,nan,20,6183,528296800,528296800,202,144225026400,144225026400,56176,False
274,0.33423608697967755,0.8983133311709374,nan,nan,20,6166,528296800,528296800,202,144753323200,144753323200,56378,False
275,0.3707324286600701,0.8847662634847989,nan,nan,20,6118,528296800,528296800,199,145281620000,145281620000,56577,False
276,0.39455942447116943,0.8768270651995401,nan,nan,20,6089,528296800,528296800,200,145809916800,145809916800,56777,False
277,0.2846490961552642,0.9079930081042428,nan,nan,20,6293,528296800,528296800,206,146338213600,146338213600,56983,False
278,0.32521166623893744,0.8952425228575857,nan,nan,20,6453,528296800,528296800,212,146866510400,146866510400,57195,False
279,0.3358021972352528,0.8937050084239546,nan,nan,20,6529,528296800,528296800,212,147394807200,147394807200,57407,False
280,0.4126140940290912,0.8755324183625177,0.3974949165366463,0.8776097505924839,20,6339,528296800,528296800,207,147923104000,147923104000,57614,False
281,0.3644260236867582,0.8905145487423969,nan,nan,20,6083,528296800,528296800,199,148451400800,148451400800,57813,False
282,0.3782012421133104,0.881544502617801,nan,nan,20,6112,528296800,528296800,200,148979697600,148979697600,58013,False
283,0.3135449262621284,0.9029126213592233,nan,nan,20,6592,528296800,528296800,216,149507994400,149507994400,58229,False
284,0.30780801393741714,0.9036107236944056,nan,nan,20,6453,528296800,528296800,210,150036291200,150036291200,58439,False
285,0.3417669350463332,0.8867355043685464,nan,nan,20,6295,528296800,528296800,207,150564588000,150564588000,58646,False
286,0.34524282239421045,0.8939743167599605,nan,nan,20,6074,528296800,528296800,201,151092884800,151092884800,58847,False
287,0.28052025688211935,0.9054887449892075,nan,nan,20,6486,528296800,528296800,212,151621181600,151621181600,59059,False
288,0.3348720568887372,0.892998888712494,nan,nan,20,6299,528296800,528296800,204,152149478400,152149478400,59263,False
289,0.356684037578728,0.8906275205678336,nan,nan,20,6199,528296800,528296800,203,152677775200,152677775200,59466,False
290,0.31315955900414777,0.8972427059955114,0.4144709967770462,0.8703306624534477,20,6238,528296800,528296800,205,153206072000,153206072000,59671,False
291,0.33382837661643566,0.8964879852125693,nan,nan,20,5951,528296800,528296800,195,153734368800,153734368800,59866,False
292,0.2882399956694381,0.9054469048003879,nan,nan,20,6187,528296800,528296800,201,154262665600,154262665600,60067,False
293,0.30851018009323466,0.9006024096385542,nan,nan,20,6308,528296800,528296800,207,154790962400,154790962400,60274,False
294,0.2619811882003525,0.9151241534988713,nan,nan,20,6645,528296800,528296800,216,155319259200,155319259200,60490,False
295,0.3098341259433112,0.8983948885772167,nan,nan,20,6417,528296800,528296800,209,155847556000,155847556000,60699,False
296,0.3515065706386916,0.8862605314322748,nan,nan,20,6172,528296800,528296800,202,156375852800,156375852800,60901,False
297,0.28709687714212256,0.9015243902439024,nan,nan,20,6560,528296800,528296800,215,156904149600,156904149600,61116,False
298,0.32992574197212826,0.895208655332303,nan,nan,20,6470,528296800,528296800,211,157432446400,157432446400,61327,False
299,0.2936930335661808,0.9054931138198512,nan,nan,20,6317,528296800,528296800,208,157960743200,157960743200,61535,False
300,0.3428009664730314,0.8960049743510027,0.3975013188026436,0.8764247827558966,20,6433,528296800,528296800,212,158489040000,158489040000,61747,False
301,0.32838710976089897,0.8911629382833571,nan,nan,20,6303,528296800,528296800,205,159017336800,159017336800,61952,False
302,0.3042744752338687,0.8999841997155948,nan,nan,20,6329,528296800,528296800,207,159545633600,159545633600,62159,False
303,0.3476211957128075,0.8911170296099012,nan,nan,20,6383,528296800,528296800,210,160073930400,160073930400,62369,False
304,0.3199627273866438,0.9050207866965142,nan,nan,20,6254,528296800,528296800,205,160602227200,160602227200,62574,False
305,0.34543006443813745,0.8885423506237689,nan,nan,20,6092,528296800,528296800,201,161130524000,161130524000,62775,False
306,0.289377013613667,0.9050723485450787,nan,nan,20,6289,528296800,528296800,206,161658820800,161658820800,62981,False
307,0.30309492622834733,0.8984166797303652,nan,nan,20,6379,528296800,528296800,210,162187117600,162187117600,63191,False
308,0.31317657043716957,0.8958937566783697,nan,nan,20,6551,528296800,528296800,215,162715414400,162715414400,63406,False
309,0.3239574861147621,0.8987279035189163,nan,nan,20,6053,528296800,528296800,197,163243711200,163243711200,63603,False
310,0.33939577235460877,0.8926078680203046,0.38264671719083665,0.877384042433134,20,6304,528296800,528296800,205,163772008000,163772008000,63808,False
311,0.33864873906262305,0.8905052401063663,nan,nan,20,6393,528296800,528296800,209,164300304800,164300304800,64017,False
312,0.2667541581745241,0.9081156716417911,nan,nan,20,6432,528296800,528296800,209,164828601600,164828601600,64226,False
313,0.3081593871104565,0.900355871886121,nan,nan,20,5901,528296800,528296800,195,165356898400,165356898400,64421,False
314,0.3530357783219774,0.8845954804209074,nan,nan,20,5797,528296800,528296800,189,165885195200,165885195200,64610,False
315,0.3090611605415824,0.9030604318782042,nan,nan,20,6437,528296800,528296800,212,166413492000,166413492000,64822,False
316,0.3104622434285279,0.9011980476260908,nan,nan,20,6761,528296800,528296800,220,166941788800,166941788800,65042,False
317,0.32142623847593693,0.8942893808148861,nan,nan,20,6234,528296800,528296800,202,167470085600,167470085600,65244,False
318,0.3531892737793252,0.8921775898520085,nan,nan,20,6149,528296800,528296800,203,167998382400,167998382400,65447,False
319,0.3276096474903809,0.8898541222750369,nan,nan,20,6101,528296800,528296800,202,168526679200,168526679200,65649,False
320,0.27467370243078715,0.9130959565479783,0.37677796782172973,0.880148967385171,20,6628,528296800,528296800,214,169054976000,169054976000,65863,False
321,0.2803559861324388,0.9037141073657927,nan,nan,20,6408,528296800,528296800,209,169583272800,169583272800,66072,False
322,0.3270036331760861,0.890522047643183,nan,nan,20,5919,528296800,528296800,194,170111569600,170111569600,66266,False
323,0.29970649206333483,0.8983543078412392,nan,nan,20,6198,528296800,528296800,201,170639866400,170639866400,66467,False
324,0.30874738857868195,0.8986332574031891,nan,nan,20,6146,528296800,528296800,201,171168163200,171168163200,66668,False
325,0.2785578043872781,0.9092670326122053,nan,nan,20,6194,528296800,528296800,202,171696460000,171696460000,66870,False
326,0.2861567982031126,0.9085317773221889,nan,nan,20,6341,528296800,528296800,208,172224756800,172224756800,67078,False
327,0.2821830327931873,0.9092404306220095,nan,nan,20,6688,528296800,528296800,219,172753053600,172753053600,67297,False
328,0.27294486535685875,0.9108378170637971,nan,nan,20,6505,528296800,528296800,211,173281350400,173281350400,67508,False
329,0.2677381333674244,0.9121463185868376,nan,nan,20,6397,528296800,528296800,210,173809647200,173809647200,67718,False
330,0.3434008097605747,0.892271662763466,0.38329196192854725,0.879923259225821,20,5978,528296800,528296800,195,174337944000,174337944000,67913,False
331,0.33909596387990343,0.8962127316680096,nan,nan,20,6205,528296800,528296800,204,174866240800,174866240800,68117,False
332,0.2699876264321367,0.910923076923077,nan,nan,20,6500,528296800,528296800,213,175394537600,175394537600,68330,False
333,0.2744379740373658,0.9079736211031175,nan,nan,20,6672,528296800,528296800,217,175922834400,175922834400,68547,False
334,0.32529133367355917,0.8939951961569256,nan,nan,20,6245,528296800,528296800,204,176451131200,176451131200,68751,False
335,0.2638778158932938,0.9136494470534767,nan,nan,20,6601,528296800,528296800,215,176979428000,176979428000,68966,False
336,0.3301840175477601,0.9004308281474389,nan,nan,20,6267,528296800,528296800,205,177507724800,177507724800,69171,False
337,0.2897067942727653,0.9096774193548387,nan,nan,20,6355,528296800,528296800,208,178036021600,178036021600,69379,False
338,0.24917813071099032,0.92100134912307,nan,nan,20,6671,528296800,528296800,219,178564318400,178564318400,69598,False
339,0.31409873263972965,0.8974892051815129,nan,nan,20,6253,528296800,528296800,207,179092615200,179092615200,69805,False
340,0.2851304660515028,0.9050112191473448,0.36708347882283837,0.8820110596998082,20,6685,528296800,528296800,219,179620912000,179620912000,70024,False
341,0.26937596088416954,0.908715669153834,nan,nan,20,6299,528296800,528296800,205,180149208800,180149208800,70229,False
342,0.2875149005483515,0.9034311442322621,nan,nan,20,6441,528296800,528296800,212,180677505600,180677505600,70441,False
343,0.2536100179956008,0.9149695257915862,nan,nan,20,6727,528296800,528296800,219,181205802400,181205802400,70660,False
344,0.3155727998527609,0.891290527654164,nan,nan,20,6292,528296800,528296800,204,181734099200,181734099200,70864,False
345,0.2916308893130384,0.9044539173893871,nan,nan,20,6803,528296800,528296800,221,182262396000,182262396000,71085,False
346,0.24290294381680855,0.92046818727491,nan,nan,20,6664,528296800,528296800,217,182790692800,182790692800,71302,False
347,0.2915746300658946,0.9055921052631579,nan,nan,20,6080,528296800,528296800,200,183318989600,183318989600,71502,False
348,0.3168129882637488,0.8976713676615283,nan,nan,20,6098,528296800,528296800,199,183847286400,183847286400,71701,False
349,0.2838662179108032,0.9087072065030483,nan,nan,20,6397,528296800,528296800,210,184375583200,184375583200,71911,False
350,0.3369938467357142,0.8904540934703348,0.3762825159735422,0.8786818643493962,20,6034,528296800,528296800,197,184903880000,184903880000,72108,False
351,0.29343141053709176,0.9051738207932104,nan,nan,20,6127,528296800,528296800,201,185432176800,185432176800,72309,False
352,0.29606554254701206,0.9075812274368231,nan,nan,20,5540,528296800,528296800,183,185960473600,185960473600,72492,False
353,0.2788066611564558,0.9091603053435114,nan,nan,20,6550,528296800,528296800,215,186488770400,186488770400,72707,False
354,0.28402381780774505,0.9027341294783156,nan,nan,20,6364,528296800,528296800,209,187017067200,187017067200,72916,False
355,0.2738217523893612,0.912465202598206,nan,nan,20,6466,528296800,528296800,211,187545364000,187545364000,73127,False
356,0.3205663984924826,0.8945058517555267,nan,nan,20,6152,528296800,528296800,200,188073660800,188073660800,73327,False
357,0.2503239539005932,0.9177215189873418,nan,nan,20,6478,528296800,528296800,211,188601957600,188601957600,73538,False
358,0.2753811719860365,0.9060539523212046,nan,nan,20,6376,528296800,528296800,209,189130254400,189130254400,73747,False
359,0.33153728586533093,0.8887445184343025,nan,nan,20,6157,528296800,528296800,200,189658551200,189658551200,73947,False
360,0.2906286941278044,0.9107628338397569,0.3687659582446249,0.8815032163412707,20,6253,528296800,528296800,203,190186848000,190186848000,74150,False
361,0.2775542466574599,0.9069328721899073,nan,nan,20,6361,528296800,528296800,208,190715144800,190715144800,74358,False
362,0.31433336339066814,0.8969964087495919,nan,nan,20,6126,528296800,528296800,200,191243441600,191243441600,74558,False
363,0.25204100429947324,0.9135315533980582,nan,nan,20,6592,528296800,528296800,217,191771738400,191771738400,74775,False
364,0.30492702756170215,0.9047166824944602,nan,nan,20,6318,528296800,528296800,206,192300035200,192300035200,74981,False
365,0.24586201252326073,0.9183191690273843,nan,nan,20,6354,528296800,528296800,206,192828332000,192828332000,75187,False
366,0.32563044179685946,0.8931333127126508,nan,nan,20,6466,528296800,528296800,212,193356628800,193356628800,75399,False
367,0.3171122907620752,0.8944975701520614,nan,nan,20,6379,528296800,528296800,209,193884925600,193884925600,75608,False
368,0.2706468704780929,0.9119718309859155,nan,nan,20,6532,528296800,528296800,215,194413222400,194413222400,75823,False
369,0.282356805754967,0.9080081491929165,nan,nan,20,6381,528296800,528296800,208,194941519200,194941519200,76031,False
370,0.2966651220697286,0.8999533944384029,0.36788107734436293,0.880261821464846,20,6437,528296800,528296800,211,195469816000,195469816000,76242,False
371,0.27196460929005195,0.9122412963260067,nan,nan,20,6233,528296800,528296800,205,195998112800,195998112800,76447,False
372,0.2636289044722023,0.9115186615186616,nan,nan,20,6216,528296800,528296800,203,196526409600,196526409600,76650,False
373,0.26876714233169946,0.907286870931894,nan,nan,20,6299,528296800,528296800,205,197054706400,197054706400,76855,False
374,0.3029929858420265,0.90650274991912,nan,nan,20,6182,528296800,528296800,202,197583003200,197583003200,77057,False
375,0.298096020756814,0.9010322792069474,nan,nan,20,6103,528296800,528296800,200,198111300000,198111300000,77257,False
376,0.2600650022954854,0.9167190446260214,nan,nan,20,6364,528296800,528296800,209,198639596800,198639596800,77466,False
377,0.29798389725825,0.9042196918955124,nan,nan,20,5972,528296800,528296800,196,199167893600,199167893600,77662,False
378,0.2436842056425946,0.9151478021136468,nan,nan,20,6529,528296800,528296800,215,199696190400,199696190400,77877,False
379,0.308029330641715,0.9000481309160918,nan,nan,20,6233,528296800,528296800,204,200224487200,200224487200,78081,False
380,0.31467677089097223,0.8999683944374209,0.3596517777062205,0.8855095361697325,20,6328,528296800,528296800,204,200752784000,200752784000,78285,False
381,0.2804837642029472,0.9070943276978986,nan,nan,20,6329,528296800,528296800,206,201281080800,201281080800,78491,False
382,0.3160904918628286,0.9028999674160965,nan,nan,20,6138,528296800,528296800,200,201809377600,201809377600,78691,False
383,0.27981490470021225,0.9098262432594368,nan,nan,20,6676,528296800,528296800,219,202337674400,202337674400,78910,False
384,0.28077380992674206,0.9075603043548648,nan,nan,20,6177,528296800,528296800,202,202865971200,202865971200,79112,False
385,0.2814469758908911,0.9093975903614457,nan,nan,20,6225,528296800,528296800,203,203394268000,203394268000,79315,False
386,0.2700731504601976,0.9131043059225866,nan,nan,20,6433,528296800,528296800,210,203922564800,203922564800,79525,False
387,0.2713529719192082,0.9057390189163194,nan,nan,20,6238,528296800,528296800,203,204450861600,204450861600,79728,False
388,0.2802083441974766,0.9056994818652849,nan,nan,20,5790,528296800,528296800,191,204979158400,204979158400,79919,False
389,0.29532441795433045,0.9000813669650122,nan,nan,20,6145,528296800,528296800,200,205507455200,205507455200,80119,False
390,0.2852233209106086,0.9068332562085454,0.37325394424341723,0.8785690102697212,20,6483,528296800,528296800,210,206035752000,206035752000,80329,False
391,0.30091617382442154,0.9007341206511331,nan,nan,20,6266,528296800,528296800,206,206564048800,206564048800,80535,False
392,0.27369412824499434,0.9121753246753247,nan,nan,20,6160,528296800,528296800,203,207092345600,207092345600,80738,False
393,0.2784403948493085,0.9030744336569579,nan,nan,20,6180,528296800,528296800,202,207620642400,207620642400,80940,False
394,0.24660665479133542,0.914854517611026,nan,nan,20,6530,528296800,528296800,211,208148939200,208148939200,81151,False
395,0.2794431630978384,0.9097568578553616,nan,nan,20,6416,528296800,528296800,210,208677236000,208677236000,81361,False
396,0.2527381930297297,0.9181969949916527,nan,nan,20,6589,528296800,528296800,215,209205532800,209205532800,81576,False
397,0.31805137939855077,0.8988708070408502,nan,nan,20,6022,528296800,528296800,197,209733829600,209733829600,81773,False
398,0.24422357057054073,0.9206349206349206,nan,nan,20,6552,528296800,528296800,214,210262126400,210262126400,81987,False
399,0.2683350099632222,0.909528243327126,nan,nan,20,6444,528296800,528296800,211,210790423200,210790423200,82198,False
400,0.28541874370441556,0.9007893514935769,0.36757053963393527,0.8855095361697325,20,6461,528296800,528296800,212,211318720000,211318720000,82410,False
401,0.29494659158558684,0.903462050599201,nan,nan,20,6008,528296800,528296800,196,211847016800,211847016800,82606,False
402,0.28741978682050273,0.9106886084038984,nan,nan,20,6259,528296800,528296800,206,212375313600,212375313600,82812,False
403,0.2582148971153491,0.9138798461083161,nan,nan,20,6758,528296800,528296800,220,212903610400,212903610400,83032,False
404,0.31710397829810716,0.8973924822214697,nan,nan,20,5906,528296800,528296800,195,213431907200,213431907200,83227,False
405,0.30985450301964323,0.9005045726900032,nan,nan,20,6342,528296800,528296800,207,213960204000,213960204000,83434,False
406,0.3111594667944846,0.8991102637432475,nan,nan,20,6294,528296800,528296800,205,214488500800,214488500800,83639,False
407,0.31012285706337656,0.8958262059527883,nan,nan,20,5846,528296800,528296800,192,215016797600,215016797600,83831,False
408,0.23871698842659494,0.919006654763837,nan,nan,20,6161,528296800,528296800,203,215545094400,215545094400,84034,False
409,0.24836326128591973,0.9170298627925747,nan,nan,20,6195,528296800,528296800,202,216073391200,216073391200,84236,False
410,0.2881544716102743,0.9064327485380117,0.34855204336652096,0.8845502764924952,20,6327,528296800,528296800,204,216601688000,216601688000,84440,False
411,0.2783340748697738,0.9101581607696071,nan,nan,20,6133,528296800,528296800,198,217129984800,217129984800,84638,False
412,0.32124418501337515,0.8910685805422648,nan,nan,20,6270,528296800,528296800,207,217658281600,217658281600,84845,False
413,0.25613083269491194,0.9109778597785978,nan,nan,20,6504,528296800,528296800,212,218186578400,218186578400,85057,False
414,0.3054794089928365,0.8993589743589744,nan,nan,20,6240,528296800,528296800,204,218714875200,218714875200,85261,False
415,0.2549995551002052,0.9139325499771097,nan,nan,20,6553,528296800,528296800,214,219243172000,219243172000,85475,False
416,0.25094919628686824,0.9157894736842105,nan,nan,20,6365,528296800,528296800,208,219771468800,219771468800,85683,False
417,0.29648310975956227,0.9031780009879796,nan,nan,20,6073,528296800,528296800,199,220299765600,220299765600,85882,False
418,0.30568997495886263,0.9000171791788353,nan,nan,20,5821,528296800,528296800,190,220828062400,220828062400,86072,False
419,0.3051547436490632,0.901864873127484,nan,nan,20,6542,528296800,528296800,214,221356359200,221356359200,86286,False
420,0.29272898113396967,0.9067617966596401,0.36088722451870525,0.8835910168152579,20,6167,528296800,528296800,203,221884656000,221884656000,86489,False
421,0.2694319839155217,0.9085723340199652,nan,nan,20,6311,528296800,528296800,207,222412952800,222412952800,86696,False
422,0.25176251160945373,0.9128669581511555,nan,nan,20,6404,528296800,528296800,211,222941249600,222941249600,86907,False
423,0.2631138402101949,0.916624895572264,nan,nan,20,5985,528296800,528296800,196,223469546400,223469546400,87103,False
424,0.2738046472660078,0.9081567116249197,nan,nan,20,6228,528296800,528296800,204,223997843200,223997843200,87307,False
425,0.3088057030401279,0.9018576360348513,nan,nan,20,6083,528296800,528296800,199,224526140000,224526140000,87506,False
426,0.28697652364149995,0.9035474905999673,nan,nan,20,6117,528296800,528296800,201,225054436800,225054436800,87707,False
427,0.3072063865918174,0.9070976124736073,nan,nan,20,6157,528296800,528296800,204,225582733600,225582733600,87911,False
428,0.3322740139957783,0.8934881373043917,nan,nan,20,5943,528296800,528296800,195,226111030400,226111030400,88106,False
429,0.3422810768338588,0.8865874363327674,nan,nan,20,5890,528296800,528296800,194,226639327200,226639327200,88300,False
430,0.3256648312027735,0.8984680573663625,0.34457346493618546,0.891547229432344,20,6136,528296800,528296800,201,227167624000,227167624000,88501,False
431,0.3011368488330555,0.9014108448070712,nan,nan,20,5883,528296800,528296800,196,227695920800,227695920800,88697,False
432,0.2679930439724805,0.9113564141160729,nan,nan,20,5979,528296800,528296800,196,228224217600,228224217600,88893,False
433,0.31124720287085905,0.9001587581584054,nan,nan,20,5669,528296800,528296800,186,228752514400,228752514400,89079,False
434,0.3217660050745026,0.8940592523654413,nan,nan,20,6447,528296800,528296800,211,229280811200,229280811200,89290,False
435,0.24793147402664936,0.9142812935169427,nan,nan,20,6463,528296800,528296800,211,229809108000,229809108000,89501,False
436,0.32632738022150193,0.8909667724160962,nan,nan,20,5989,528296800,528296800,198,230337404800,230337404800,89699,False
437,0.2585004595187682,0.9141691511062294,nan,nan,20,6373,528296800,528296800,210,230865701600,230865701600,89909,False
438,0.2643261733922912,0.9104096923322175,nan,nan,20,6273,528296800,528296800,205,231393998400,231393998400,90114,False
439,0.2413243675208758,0.9214592958419627,nan,nan,20,6277,528296800,528296800,207,231922295200,231922295200,90321,False
440,0.28405430695831774,0.9050907339007548,0.35395741564952254,0.8901365534364067,20,6227,528296800,528296800,207,232450592000,232450592000,90528,False
441,0.25103667188821166,0.9149425287356322,nan,nan,20,6525,528296800,528296800,213,232978888800,232978888800,90741,False
442,0.28698323505978035,0.9108546579695601,nan,nan,20,5979,528296800,528296800,196,233507185600,233507185600,90937,False
443,0.26997506978135094,0.909221671727665,nan,nan,20,6257,528296800,528296800,207,234035482400,234035482400,91144,False
444,0.3264276478351741,0.8978962640551323,nan,nan,20,5514,528296800,528296800,181,234563779200,234563779200,91325,False
445,0.2712845462365243,0.9098051065115577,nan,nan,20,6619,528296800,528296800,215,235092076000,235092076000,91540,False
446,0.27537286866641686,0.9067357512953368,nan,nan,20,6369,528296800,528296800,206,235620372800,235620372800,91746,False
447,0.29919200815226404,0.9022765990398017,nan,nan,20,6457,528296800,528296800,211,236148669600,236148669600,91957,False
448,0.32152152815982327,0.8934271494765745,nan,nan,20,5827,528296800,528296800,190,236676966400,236676966400,92147,False
449,0.2517269384750605,0.9154243991481594,nan,nan,20,6574,528296800,528296800,215,237205263200,237205263200,92362,False
450,0.29190918060175775,0.9021357985336309,0.34541276395959924,0.888218034081932,20,6274,528296800,528296800,205,237733560000,237733560000,92567,False
451,0.27720764407373494,0.9082390953150242,nan,nan,20,6190,528296800,528296800,203,238261856800,238261856800,92770,False
452,0.28339753588218064,0.9024787997390737,nan,nan,20,6132,528296800,528296800,198,238790153600,238790153600,92968,False
453,0.24557908960868807,0.9162577690546287,nan,nan,20,6114,528296800,528296800,201,239318450400,239318450400,93169,False
454,0.23664256181143536,0.9214317540472301,nan,nan,20,6733,528296800,528296800,220,239846747200,239846747200,93389,False
455,0.2715387205168344,0.9120826709062003,nan,nan,20,6290,528296800,528296800,206,240375044000,240375044000,93595,False
456,0.25104161651618445,0.9147111183039327,nan,nan,20,6179,528296800,528296800,204,240903340800,240903340800,93799,False
457,0.2718211843421424,0.9095885865958858,nan,nan,20,6028,528296800,528296800,197,241431637600,241431637600,93996,False
458,0.2686837111179713,0.9098297807084803,nan,nan,20,6521,528296800,528296800,214,241959934400,241959934400,94210,False
459,0.3147518357159344,0.8940804788826072,nan,nan,20,6014,528296800,528296800,196,242488231200,242488231200,94406,False
460,0.2516508872068617,0.9201454775458571,0.33664132064573515,0.8911522401534816,20,6324,528296800,528296800,206,243016528000,243016528000,94612,False
461,0.2786723937159851,0.9065124385992711,nan,nan,20,6311,528296800,528296800,206,243544824800,243544824800,94818,False
462,0.24144725439758888,0.9200302343159485,nan,nan,20,6615,528296800,528296800,216,244073121600,244073121600,95034,False
463,0.30129690738648524,0.9006160830090791,nan,nan,20,6168,528296800,528296800,201,244601418400,244601418400,95235,False
464,0.2848702238333532,0.9022811842743893,nan,nan,20,6181,528296800,528296800,202,245129715200,245129715200,95437,False
465,0.2456647215842291,0.9199750895220302,nan,nan,20,6423,528296800,528296800,209,245658012000,245658012000,95646,False
466,0.2634989590219372,0.9100156494522692,nan,nan,20,6390,528296800,528296800,210,246186308800,246186308800,95856,False
467,0.25867043818750285,0.9102098784913997,nan,nan,20,6337,528296800,528296800,210,246714605600,246714605600,96066,False
468,0.2347834612342312,0.9192481203007519,nan,nan,20,6650,528296800,528296800,215,247242902400,247242902400,96281,False
469,0.3019918540225733,0.9024922118380062,nan,nan,20,6420,528296800,528296800,208,247771199200,247771199200,96489,False
470,0.26449910593694537,0.9160486034401136,0.33528396924130466,0.8925064891095813,20,6337,528296800,528296800,208,248299496000,248299496000,96697,False
471,0.2604933271776382,0.9121513305546649,nan,nan,20,6238,528296800,528296800,206,248827792800,248827792800,96903,False
472,0.2869788243838456,0.9025942241801272,nan,nan,20,6129,528296800,528296800,200,249356089600,249356089600,97103,False
473,0.2692314931574904,0.9080669710806697,nan,nan,20,6570,528296800,528296800,215,249884386400,249884386400,97318,False
474,0.2658862700896724,0.9119496855345912,nan,nan,20,6360,528296800,528296800,208,250412683200,250412683200,97526,False
475,0.29132902365418023,0.9040927454769014,nan,nan,20,5693,528296800,528296800,187,250940980000,250940980000,97713,False
476,0.26140664233119076,0.911976439790576,nan,nan,20,6112,528296800,528296800,200,251469276800,251469276800,97913,False
477,0.25807393345636115,0.9109017912291538,nan,nan,20,6476,528296800,528296800,212,251997573600,251997573600,98125,False
478,0.24325980484132936,0.9154006077083,nan,nan,20,6253,528296800,528296800,206,252525870400,252525870400,98331,False
479,0.244947992416989,0.9201010579504184,nan,nan,20,6333,528296800,528296800,207,253054167200,253054167200,98538,False
480,0.2779163609721131,0.9068163592622294,0.33745123677215516,0.8891772937591694,20,6235,528296800,528296800,204,253582464000,253582464000,98742,False
481,0.2808817154447851,0.90390956194065,nan,nan,20,6369,528296800,528296800,209,254110760800,254110760800,98951,False
482,0.28088946865169007,0.9088951465959914,nan,nan,20,6037,528296800,528296800,199,254639057600,254639057600,99150,False
483,0.31562632752811054,0.8901655964852991,nan,nan,20,5918,528296800,528296800,196,255167354400,255167354400,99346,False
484,0.29349220900567086,0.9012517385257302,nan,nan,20,6471,528296800,528296800,212,255695651200,255695651200,99558,False
485,0.2455606692767484,0.9227185089974294,nan,nan,20,6224,528296800,528296800,203,256223948000,256223948000,99761,False
486,0.2563419527054922,0.9132803985676475,nan,nan,20,6423,528296800,528296800,210,256752244800,256752244800,99971,False
487,0.258569494057175,0.9108090185676393,nan,nan,20,6032,528296800,528296800,198,257280541600,257280541600,100169,False
488,0.25687123316420507,0.9089759797724399,nan,nan,20,6328,528296800,528296800,206,257808838400,257808838400,100375,False
489,0.2781522268058807,0.9039336801040312,nan,nan,20,6152,528296800,528296800,202,258337135200,258337135200,100577,False
490,0.22878920877957884,0.922496984318456,0.3624738520874206,0.8851145468908701,20,6632,528296800,528296800,218,258865432000,258865432000,100795,False
491,0.2605883783377633,0.9138631561839753,nan,nan,20,6153,528296800,528296800,201,259393728800,259393728800,100996,False
492,0.2411484431813673,0.9195781147000659,nan,nan,20,6068,528296800,528296800,199,259922025600,259922025600,101195,False
493,0.25898157983972014,0.9101787101787102,nan,nan,20,6435,528296800,528296800,210,260450322400,260450322400,101405,False
494,0.3081423114748562,0.9019607843137255,nan,nan,20,6375,528296800,528296800,208,260978619200,260978619200,101613,False
495,0.22984747626916227,0.9191509286717653,nan,nan,20,6407,528296800,528296800,210,261506916000,261506916000,101823,False
496,0.2738331459821208,0.9080368487928844,nan,nan,20,6296,528296800,528296800,207,262035212800,262035212800,102030,False
497,0.25268027814081695,0.9154020019373588,nan,nan,20,6194,528296800,528296800,201,262563509600,262563509600,102231,False
498,0.28670047126904585,0.9045101602511152,nan,nan,20,6053,528296800,528296800,199,263091806400,263091806400,102430,False
499,0.3253268941945372,0.8943371305927027,nan,nan,20,6057,528296800,528296800,196,263620103200,263620103200,102626,False
500,0.24963739142357153,0.9137903095122346,0.34881173386192793,0.885904525448595,20,6171,528296800,528296800,203,264148400000,264148400000,102829,False
501,0.2770999811552324,0.9075201579726839,nan,nan,20,6077,528296800,528296800,197,264676696800,264676696800,103026,False
502,0.23304947683316857,0.9236205081942565,nan,nan,20,6651,528296800,528296800,215,265204993600,265204993600,103241,False
503,0.2623990756236511,0.919521389936076,nan,nan,20,6101,528296800,528296800,203,265733290400,265733290400,103444,False
504,0.2858548993294028,0.9060746914569643,nan,nan,20,6239,528296800,528296800,206,266261587200,266261587200,103650,False
505,0.2517153643118547,0.9169158143194335,nan,nan,20,6355,528296800,528296800,208,266789884000,266789884000,103858,False
506,0.2546464275810925,0.9131578947368421,nan,nan,20,6460,528296800,528296800,210,267318180800,267318180800,104068,False
507,0.2332091094528277,0.9193009118541033,nan,nan,20,6580,528296800,528296800,214,267846477600,267846477600,104282,False
508,0.25653604941501146,0.9131345688960516,nan,nan,20,6205,528296800,528296800,203,268374774400,268374774400,104485,False
509,0.22110850243810087,0.922859690844233,nan,nan,20,6728,528296800,528296800,220,268903071200,268903071200,104705,False
510,0.2324631876459457,0.9193115427127744,0.35093224479791313,0.8861866606477824,20,6333,528296800,528296800,208,269431368000,269431368000,104913,False
511,0.2661985357714452,0.9151095360824743,nan,nan,20,6208,528296800,528296800,202,269959664800,269959664800,105115,False
512,0.20566577842395206,0.9306987399770905,nan,nan,20,6984,528296800,528296800,227,270487961600,270487961600,105342,False
513,0.26026987829740017,0.9137175070466645,nan,nan,20,6386,528296800,528296800,208,271016258400,271016258400,105550,False
514,0.21260519100260006,0.9271385010431712,nan,nan,20,6231,528296800,528296800,204,271544555200,271544555200,105754,False
515,0.24361933773493172,0.9163219853643016,nan,nan,20,6286,528296800,528296800,206,272072852000,272072852000,105960,False
516,0.2740184555104283,0.9103301034652652,nan,nan,20,6089,528296800,528296800,199,272601148800,272601148800,106159,False
517,0.24938344220350797,0.9194328069610055,nan,nan,20,6206,528296800,528296800,201,273129445600,273129445600,106360,False
518,0.2742240044102899,0.9061593584712506,nan,nan,20,5861,528296800,528296800,192,273657742400,273657742400,106552,False
519,0.24323006356006083,0.914916783325556,nan,nan,20,6429,528296800,528296800,210,274186039200,274186039200,106762,False
520,0.24128221760295543,0.9200806952203601,0.3444485320603386,0.8835345897754204,20,6444,528296800,528296800,211,274714336000,274714336000,106973,False
521,0.2878726168823141,0.9016309012875536,nan,nan,20,5825,528296800,528296800,193,275242632800,275242632800,107166,False
522,0.25677481037306077,0.9102423768569194,nan,nan,20,6395,528296800,528296800,207,275770929600,275770929600,107373,False
523,0.24017846389518188,0.9196026695638677,nan,nan,20,6443,528296800,528296800,212,276299226400,276299226400,107585,False
524,0.23591978330143895,0.9227383863080685,nan,nan,20,6135,528296800,528296800,202,276827523200,276827523200,107787,False
525,0.27510229405030323,0.9056959045975208,nan,nan,20,6373,528296800,528296800,208,277355820000,277355820000,107995,False
526,0.23240416203531442,0.9214491824302661,nan,nan,20,6238,528296800,528296800,205,277884116800,277884116800,108200,False
527,0.23599750421134222,0.9197272586393925,nan,nan,20,6453,528296800,528296800,211,278412413600,278412413600,108411,False
528,0.27471277807801847,0.9030684500393391,nan,nan,20,6355,528296800,528296800,206,278940710400,278940710400,108617,False
529,0.2503824076425792,0.9147472808701216,nan,nan,20,6252,528296800,528296800,203,279469007200,279469007200,108820,False
530,0.2733578782344456,0.9070436843887572,0.3308132394497476,0.8960049655795057,20,5906,528296800,528296800,193,279997304000,279997304000,109013,False
531,0.2277274641602802,0.921857485988791,nan,nan,20,6245,528296800,528296800,202,280525600800,280525600800,109215,False
532,0.2644495520337261,0.9170557111733583,nan,nan,20,6426,528296800,528296800,211,281053897600,281053897600,109426,False
533,0.29940245533834037,0.8978267920856309,nan,nan,20,6166,528296800,528296800,204,281582194400,281582194400,109630,False
534,0.2459831487113104,0.9165023011176857,nan,nan,20,6084,528296800,528296800,199,282110491200,282110491200,109829,False
535,0.2596148216516618,0.9116523400191022,nan,nan,20,6282,528296800,528296800,204,282638788000,282638788000,110033,False
536,0.2523330584856374,0.9153159113463447,nan,nan,20,6046,528296800,528296800,198,283167084800,283167084800,110231,False
537,0.2548894761810659,0.9145489199491741,nan,nan,20,6296,528296800,528296800,205,283695381600,283695381600,110436,False
538,0.21065917453574667,0.9235679214402619,nan,nan,20,6110,528296800,528296800,200,284223678400,284223678400,110636,False
539,0.23662865124745375,0.922292374939291,nan,nan,20,6177,528296800,528296800,204,284751975200,284751975200,110840,False
540,0.22718747071602347,0.9205513396314078,0.3330755237733359,0.8921114998307189,20,6457,528296800,528296800,210,285280272000,285280272000,111050,False
541,0.26657039910779734,0.9106652949245542,nan,nan,20,5832,528296800,528296800,192,285808568800,285808568800,111242,False
542,0.29015514175845036,0.903912828132739,nan,nan,20,6057,528296800,528296800,199,286336865600,286336865600,111441,False
543,0.24624282513688303,0.9141174546049403,nan,nan,20,6113,528296800,528296800,200,286865162400,286865162400,111641,False
544,0.22572657915087938,0.927022001859312,nan,nan,20,6454,528296800,528296800,209,287393459200,287393459200,111850,False
545,0.28687413063054995,0.9015288508959395,nan,nan,20,6083,528296800,528296800,199,287921756000,287921756000,112049,False
546,0.21881220139529287,0.9282027217268888,nan,nan,20,6393,528296800,528296800,209,288450052800,288450052800,112258,False
547,0.23740226133945477,0.9195722919572292,nan,nan,20,6453,528296800,528296800,209,288978349600,288978349600,112467,False
548,0.24345452152399402,0.9233056816403193,nan,nan,20,6389,528296800,528296800,211,289506646400,289506646400,112678,False
549,0.24307955357615868,0.9166535865641187,nan,nan,20,6371,528296800,528296800,210,290034943200,290034943200,112888,False
550,0.24244914882111288,0.9178582777248173,0.33192787754886804,0.8892337207990069,20,6294,528296800,528296800,207,290563240000,290563240000,113095,False
551,0.25447237596442174,0.9119645961751225,nan,nan,20,6327,528296800,528296800,209,291091536800,291091536800,113304,False
552,0.2504019286380554,0.9130365911610961,nan,nan,20,6313,528296800,528296800,206,291619833600,291619833600,113510,False
553,0.2393349676977059,0.9178721418572096,nan,nan,20,6429,528296800,528296800,210,292148130400,292148130400,113720,False
554,0.24452837870417707,0.9174834018337021,nan,nan,20,6326,528296800,528296800,206,292676427200,292676427200,113926,False
555,0.2624129316935648,0.9106546426185704,nan,nan,20,5988,528296800,528296800,197,293204724000,293204724000,114123,False
556,0.27889598364735246,0.9064435146443515,nan,nan,20,5975,528296800,528296800,195,293733020800,293733020800,114318,False
557,0.2070705638422085,0.9261897544710518,nan,nan,20,6598,528296800,528296800,215,294261317600,294261317600,114533,False
558,0.25724217008908357,0.9159052191420164,nan,nan,20,6457,528296800,528296800,211,294789614400,294789614400,114744,False
559,0.2607010560184088,0.9120675105485232,nan,nan,20,5925,528296800,528296800,193,295317911200,295317911200,114937,False
560,0.24268201604324152,0.9225572581973966,0.3181597758477623,0.8982056201331678,20,6069,528296800,528296800,200,295846208000,295846208000,115137,False
561,0.27978156284177946,0.9102074688796681,nan,nan,20,6025,528296800,528296800,197,296374504800,296374504800,115334,False
562,0.24247672533125747,0.9206323600580739,nan,nan,20,6199,528296800,528296800,204,296902801600,296902801600,115538,False
563,0.24183765222707038,0.9187611480460516,nan,nan,20,6167,528296800,528296800,201,297431098400,297431098400,115739,False
564,0.25911695220713277,0.9145669948272985,nan,nan,20,5993,528296800,528296800,197,297959395200,297959395200,115936,False
565,0.25313287303984877,0.9131998748827025,nan,nan,20,6394,528296800,528296800,211,298487692000,298487692000,116147,False
566,0.24136782902385723,0.9237814343371624,nan,nan,20,6442,528296800,528296800,208,299015988800,299015988800,116355,False
567,0.2595422936401911,0.9131864518250575,nan,nan,20,6082,528296800,528296800,201,299544285600,299544285600,116556,False
568,0.1940216044516018,0.9333639003515207,nan,nan,20,6543,528296800,528296800,215,300072582400,300072582400,116771,False
569,0.26304032354576984,0.913100081366965,nan,nan,20,6145,528296800,528296800,202,300600879200,300600879200,116973,False
570,0.26755595188853604,0.9137532981530343,0.3133453178010236,0.8980363390136553,20,6064,528296800,528296800,201,301129176000,301129176000,117174,False
571,0.25476883169536413,0.9138257575757576,nan,nan,20,6336,528296800,528296800,207,301657472800,301657472800,117381,False
572,0.24099462347134712,0.9138095238095238,nan,nan,20,6300,528296800,528296800,205,302185769600,302185769600,117586,False
573,0.2482665447869055,0.9130087789305666,nan,nan,20,6265,528296800,528296800,205,302714066400,302714066400,117791,False
574,0.22145271432702412,0.9231598398521712,nan,nan,20,6494,528296800,528296800,211,303242363200,303242363200,118002,False
575,0.22478400980052857,0.9208952935765752,nan,nan,20,6523,528296800,528296800,213,303770660000,303770660000,118215,False
576,0.2620565347068052,0.9082437275985663,nan,nan,20,5580,528296800,528296800,183,304298956800,304298956800,118398,False
577,0.21589527314454504,0.9264844486333648,nan,nan,20,6366,528296800,528296800,208,304827253600,304827253600,118606,False
578,0.21292680536423614,0.9282646731350406,nan,nan,20,6287,528296800,528296800,204,305355550400,305355550400,118810,False
579,0.22204971277164604,0.9219834710743802,nan,nan,20,6050,528296800,528296800,199,305883847200,305883847200,119009,False
580,0.2271889649501554,0.9212724935732648,0.32068097470320855,0.8943121543843809,20,6224,528296800,528296800,202,306412144000,306412144000,119211,False
581,0.2364887385382229,0.9202207727044657,nan,nan,20,5979,528296800,528296800,197,306940440800,306940440800,119408,False
582,0.25571449647705236,0.914378554021121,nan,nan,20,6155,528296800,528296800,200,307468737600,307468737600,119608,False
583,0.24715291886610344,0.9147483727575806,nan,nan,20,6299,528296800,528296800,208,307997034400,307997034400,119816,False
584,0.21475850483939027,0.9246448424953675,nan,nan,20,6476,528296800,528296800,213,308525331200,308525331200,120029,False
585,0.22374597584903644,0.9194122196442382,nan,nan,20,6465,528296800,528296800,212,309053628000,309053628000,120241,False
586,0.24746542478613567,0.9180481701595246,nan,nan,20,6394,528296800,528296800,207,309581924800,309581924800,120448,False
587,0.2682354660893659,0.9156190804201826,nan,nan,20,5807,528296800,528296800,190,310110221600,310110221600,120638,False
588,0.20194619017701826,0.932411907654921,nan,nan,20,6584,528296800,528296800,212,310638518400,310638518400,120850,False
589,0.24805612516121942,0.9149141114143522,nan,nan,20,6229,528296800,528296800,204,311166815200,311166815200,121054,False
590,0.21304119698404997,0.9258973963950085,0.3143391736022453,0.8982620471730053,20,6491,528296800,528296800,212,311695112000,311695112000,121266,False
591,0.26293411291053154,0.9117948717948718,nan,nan,20,5850,528296800,528296800,193,312223408800,312223408800,121459,False
592,0.22091675675909167,0.9216152019002375,nan,nan,20,6315,528296800,528296800,207,312751705600,312751705600,121666,False
593,0.24109253864835317,0.9242424242424242,nan,nan,20,6336,528296800,528296800,206,313280002400,313280002400,121872,False
594,0.24488983640154885,0.9141239383453916,nan,nan,20,6358,528296800,528296800,209,313808299200,313808299200,122081,False
595,0.2283948286363523,0.9233236596914617,nan,nan,20,6547,528296800,528296800,215,314336596000,314336596000,122296,False
596,0.24409880224279068,0.9174227279717053,nan,nan,20,6503,528296800,528296800,213,314864892800,314864892800,122509,False
597,0.22253828731906256,0.9205819945438012,nan,nan,20,6598,528296800,528296800,217,315393189600,315393189600,122726,False
598,0.23630764460078998,0.9173913043478261,nan,nan,20,5980,528296800,528296800,197,315921486400,315921486400,122923,False
599,0.2408038513951578,0.918141592920354,nan,nan,20,6328,528296800,528296800,208,316449783200,316449783200,123131,False
600,0.23733941221563876,0.9175711813748624,0.3203342525943678,0.8956664033404808,20,6357,528296800,528296800,209,316978080000,316978080000,123340,False
601,0.24559690058312222,0.9116453325007805,nan,nan,20,6406,528296800,528296800,209,317506376800,317506376800,123549,False
602,0.1770621441815561,0.9404816689676331,nan,nan,20,6519,528296800,528296800,212,318034673600,318034673600,123761,False
603,0.2109734905896987,0.9226901319924575,nan,nan,20,6364,528296800,528296800,208,318562970400,318562970400,123969,False
604,0.20782954399147277,0.9287205008829668,nan,nan,20,6229,528296800,528296800,202,319091267200,319091267200,124171,False
605,0.21107346572471233,0.9281604956483257,nan,nan,20,6779,528296800,528296800,221,319619564000,319619564000,124392,False
606,0.24652063295381663,0.9159116197742807,nan,nan,20,6291,528296800,528296800,206,320147860800,320147860800,124598,False
607,0.21494900554597005,0.9227868852459017,nan,nan,20,6100,528296800,528296800,201,320676157600,320676157600,124799,False
608,0.2702171222718154,0.9092935528120714,nan,nan,20,5832,528296800,528296800,192,321204454400,321204454400,124991,False
609,0.28354811260216695,0.9073829927488464,nan,nan,20,6068,528296800,528296800,201,321732751200,321732751200,125192,False
610,0.2632313091175058,0.9106960950764007,0.3234248150284249,0.8943685814242185,20,5890,528296800,528296800,193,322261048000,322261048000,125385,False
611,0.25685214392765976,0.9115175481957489,nan,nan,20,6069,528296800,528296800,199,322789344800,322789344800,125584,False
612,0.2632353997901605,0.911643270024773,nan,nan,20,6055,528296800,528296800,200,323317641600,323317641600,125784,False
613,0.24993188194376453,0.9141746916708904,nan,nan,20,5919,528296800,528296800,196,323845938400,323845938400,125980,False
614,0.22241736599630346,0.9242685025817556,nan,nan,20,6391,528296800,528296800,207,324374235200,324374235200,126187,False
615,0.2493433918720836,0.9169651579290133,nan,nan,20,6142,528296800,528296800,202,324902532000,324902532000,126389,False
616,0.23137757970767178,0.9249469734051232,nan,nan,20,6129,528296800,528296800,201,325430828800,325430828800,126590,False
617,0.2407042689266377,0.9181890389197777,nan,nan,20,6295,528296800,528296800,206,325959125600,325959125600,126796,False
618,0.29376180135151503,0.9013659466327827,nan,nan,20,6296,528296800,528296800,207,326487422400,326487422400,127003,False
619,0.2317894668284894,0.9216661485856388,nan,nan,20,6434,528296800,528296800,212,327015719200,327015719200,127215,False
620,0.2270878692717261,0.9217049576783555,0.34081408790104706,0.8891208667193319,20,6616,528296800,528296800,215,327544016000,327544016000,127430,False
621,0.2215171168474155,0.9187317223333846,nan,nan,20,6497,528296800,528296800,212,328072312800,328072312800,127642,False
622,0.2408938171010484,0.9240700891484783,nan,nan,20,6506,528296800,528296800,211,328600609600,328600609600,127853,False
623,0.23732749472165535,0.9175598991172762,nan,nan,20,6344,528296800,528296800,206,329128906400,329128906400,128059,False
624,0.24428809196742163,0.9211208292840946,nan,nan,20,6174,528296800,528296800,202,329657203200,329657203200,128261,False
625,0.24428545014574793,0.9180958486937009,nan,nan,20,6239,528296800,528296800,204,330185500000,330185500000,128465,False
626,0.21915134361842792,0.9231243259898321,nan,nan,20,6491,528296800,528296800,211,330713796800,330713796800,128676,False
627,0.23691920412863463,0.9242616703715465,nan,nan,20,6298,528296800,528296800,207,331242093600,331242093600,128883,False
628,0.24266940550575253,0.9160908193484699,nan,nan,20,6078,528296800,528296800,201,331770390400,331770390400,129084,False
629,0.23417412218372868,0.9235916588857765,nan,nan,20,6426,528296800,528296800,210,332298687200,332298687200,129294,False
630,0.2797717787485387,0.911403065521307,0.3354264928227474,0.8941428732648685,20,5937,528296800,528296800,195,332826984000,332826984000,129489,False
631,0.23904308037579725,0.9200306983883346,nan,nan,20,6515,528296800,528296800,213,333355280800,333355280800,129702,False
632,0.20568062198658402,0.9308911805448669,nan,nan,20,6497,528296800,528296800,213,333883577600,333883577600,129915,False
633,0.24837785538839457,0.9151218017465911,nan,nan,20,6527,528296800,528296800,214,334411874400,334411874400,130129,False
634,0.22279395168433933,0.9180379250901113,nan,nan,20,6381,528296800,528296800,211,334940171200,334940171200,130340,False
635,0.21446685407959074,0.923962058777795,nan,nan,20,6431,528296800,528296800,210,335468468000,335468468000,130550,False
636,0.21595759078032695,0.9254372506903958,nan,nan,20,6518,528296800,528296800,211,335996764800,335996764800,130761,False
637,0.2612859920111247,0.906312292358804,nan,nan,20,6020,528296800,528296800,199,336525061600,336525061600,130960,False
638,0.2572771662577712,0.9093779602147143,nan,nan,20,6334,528296800,528296800,207,337053358400,337053358400,131167,False
639,0.26052597243966974,0.9136356087028733,nan,nan,20,6021,528296800,528296800,199,337581655200,337581655200,131366,False
640,0.2527956078608082,0.9206402134044681,0.3300936441599899,0.8914908023925064,20,5998,528296800,528296800,196,338109952000,338109952000,131562,False
641,0.2110403354238295,0.9229658160808859,nan,nan,20,6231,528296800,528296800,205,338638248800,338638248800,131767,False
642,0.2620310454832248,0.9114173228346457,nan,nan,20,6096,528296800,528296800,201,339166545600,339166545600,131968,False
643,0.2357178268267723,0.9141947377241495,nan,nan,20,5967,528296800,528296800,199,339694842400,339694842400,132167,False
644,0.2280802435493814,0.9197895072556211,nan,nan,20,6271,528296800,528296800,205,340223139200,340223139200,132372,False
645,0.18435591063990966,0.9375092771263174,nan,nan,20,6737,528296800,528296800,220,340751436000,340751436000,132592,False
646,0.22939024093253113,0.9220198146372643,nan,nan,20,6258,528296800,528296800,205,341279732800,341279732800,132797,False
647,0.25227286879839284,0.9175975392585397,nan,nan,20,6177,528296800,528296800,205,341808029600,341808029600,133002,False
648,0.25898558491583373,0.9124773364100873,nan,nan,20,6067,528296800,528296800,201,342336326400,342336326400,133203,False
649,0.20804443291692126,0.9292321924144311,nan,nan,20,6486,528296800,528296800,211,342864623200,342864623200,133414,False
650,0.21738613467496765,0.9248760842627014,0.3081419956615501,0.9007448369258548,20,6456,528296800,528296800,214,343392920000,343392920000,133628,False
651,0.21146706340582622,0.9279101532857793,nan,nan,20,6589,528296800,528296800,215,343921216800,343921216800,133843,False
652,0.2199512554301169,0.9233697451175108,nan,nan,20,6042,528296800,528296800,198,344449513600,344449513600,134041,False
653,0.29129156731766176,0.9054868379321281,nan,nan,20,6306,528296800,528296800,206,344977810400,344977810400,134247,False
654,0.24476708085241397,0.9155937052932761,nan,nan,20,6291,528296800,528296800,206,345506107200,345506107200,134453,False
655,0.24882481251049657,0.9179204279505182,nan,nan,20,5982,528296800,528296800,196,346034404000,346034404000,134649,False
656,0.22397690962887717,0.9200129011449766,nan,nan,20,6201,528296800,528296800,202,346562700800,346562700800,134851,False
657,0.22915196557996875,0.9171217475104401,nan,nan,20,6226,528296800,528296800,204,347090997600,347090997600,135055,False
658,0.23470110081974374,0.9197137077952389,nan,nan,20,6427,528296800,528296800,209,347619294400,347619294400,135264,False
659,0.2038859149513002,0.9282197872002541,nan,nan,20,6297,528296800,528296800,205,348147591200,348147591200,135469,False
660,0.2179797486075466,0.9247683367362965,0.31366272730948946,0.897302787495768,20,6367,528296800,528296800,208,348675888000,348675888000,135677,False
661,0.22389672052564233,0.9273127753303965,nan,nan,20,6356,528296800,528296800,206,349204184800,349204184800,135883,False
662,0.21685449245963975,0.927073837739289,nan,nan,20,6582,528296800,528296800,216,349732481600,349732481600,136099,False
663,0.21812309968313412,0.92395190120247,nan,nan,20,6154,528296800,528296800,203,350260778400,350260778400,136302,False
664,0.19897147776422985,0.9311571782178217,nan,nan,20,6464,528296800,528296800,211,350789075200,350789075200,136513,False
665,0.23342544800626489,0.9218872051241993,nan,nan,20,6401,528296800,528296800,209,351317372000,351317372000,136722,False
666,0.23762253794803673,0.9231505102040817,nan,nan,20,6272,528296800,528296800,205,351845668800,351845668800,136927,False
667,0.2107358091518551,0.927710843373494,nan,nan,20,6225,528296800,528296800,203,352373965600,352373965600,137130,False
668,0.21745938731121187,0.9270864718288642,nan,nan,20,6638,528296800,528296800,214,352902262400,352902262400,137344,False
669,0.22052703625674383,0.924184868629313,nan,nan,20,6318,528296800,528296800,207,353430559200,353430559200,137551,False
670,0.25145994391287246,0.9156761965949245,0.30831998139333944,0.9016476695632547,20,6226,528296800,528296800,204,353958856000,353958856000,137755,False
671,0.20151302475588728,0.9329849369812481,nan,nan,20,6506,528296800,528296800,212,354487152800,354487152800,137967,False
672,0.21306234060183135,0.9242831541218638,nan,nan,20,6696,528296800,528296800,220,355015449600,355015449600,138187,False
673,0.2162631737328603,0.9240683229813664,nan,nan,20,6440,528296800,528296800,211,355543746400,355543746400,138398,False
674,0.21967854028608863,0.9242653741290519,nan,nan,20,6602,528296800,528296800,217,356072043200,356072043200,138615,False
675,0.2089576706887549,0.9293639631192374,nan,nan,20,6399,528296800,528296800,207,356600340000,356600340000,138822,False
676,0.2254592585756569,0.9230523116301392,nan,nan,20,6251,528296800,528296800,206,357128636800,357128636800,139028,False
677,0.21722118066983473,0.9249168382702361,nan,nan,20,6313,528296800,528296800,205,357656933600,357656933600,139233,False
678,0.21422426992135968,0.9253657734670393,nan,nan,20,6083,528296800,528296800,198,358185230400,358185230400,139431,False
679,0.24698518723500446,0.9189231738035264,nan,nan,20,6352,528296800,528296800,207,358713527200,358713527200,139638,False
680,0.18977183106172787,0.9312528966476131,0.30379968345158526,0.9005755558063424,20,6473,528296800,528296800,212,359241824000,359241824000,139850,False
681,0.17983395450992387,0.9341500765696784,nan,nan,20,6530,528296800,528296800,212,359770120800,359770120800,140062,False
682,0.2412821205178131,0.9183344092963202,nan,nan,20,6196,528296800,528296800,204,360298417600,360298417600,140266,False
683,0.20248021795559976,0.9251827655934048,nan,nan,20,6429,528296800,528296800,209,360826714400,360826714400,140475,False
684,0.20902393265659833,0.9254439681567667,nan,nan,20,6532,528296800,528296800,214,361355011200,361355011200,140689,False
685,0.22076509453449977,0.9232606272886483,nan,nan,20,6281,528296800,528296800,206,361883308000,361883308000,140895,False
686,0.2451796037438716,0.9208253358925144,nan,nan,20,6252,528296800,528296800,204,362411604800,362411604800,141099,False
687,0.19321092442164645,0.9333232077764277,nan,nan,20,6584,528296800,528296800,214,362939901600,362939901600,141313,False
688,0.22153891549772625,0.9228900048598736,nan,nan,20,6173,528296800,528296800,203,363468198400,363468198400,141516,False
689,0.20291934612041407,0.9285228046289993,nan,nan,20,5876,528296800,528296800,194,363996495200,363996495200,141710,False
690,0.2034409030869941,0.9267320662170447,0.3120703578950481,0.9000112854079675,20,6524,528296800,528296800,212,364524792000,364524792000,141922,False
691,0.21852719022575648,0.9289454001495886,nan,nan,20,6685,528296800,528296800,220,365053088800,365053088800,142142,False
692,0.21512921562215326,0.9251668255481411,nan,nan,20,6294,528296800,528296800,207,365581385600,365581385600,142349,False
693,0.20950685384773476,0.9322610578410145,nan,nan,20,6466,528296800,528296800,214,366109682400,366109682400,142563,False
694,0.18925221435159237,0.9368823716927001,nan,nan,20,6274,528296800,528296800,207,366637979200,366637979200,142770,False
695,0.20323533042716818,0.930921052631579,nan,nan,20,6384,528296800,528296800,209,367166276000,367166276000,142979,False
696,0.18869166839470827,0.9333028780264961,nan,nan,20,6567,528296800,528296800,213,367694572800,367694572800,143192,False
697,0.19468697993800824,0.9321708526635738,nan,nan,20,6251,528296800,528296800,205,368222869600,368222869600,143397,False
698,0.18725983408007832,0.9329106458271896,nan,nan,20,6782,528296800,528296800,222,368751166400,368751166400,143619,False
699,0.1687892115150394,0.9383653416703885,nan,nan,20,6717,528296800,528296800,220,369279463200,369279463200,143839,False
700,0.18739899956518682,0.9311623408028373,0.30901914187874646,0.9017605236429297,20,6203,528296800,528296800,204,369807760000,369807760000,144043,False
701,0.22565980600147714,0.9214371669245316,nan,nan,20,5817,528296800,528296800,193,370336056800,370336056800,144236,False
702,0.20029013646436314,0.9307487884946068,nan,nan,20,6397,528296800,528296800,212,370864353600,370864353600,144448,False
703,0.228511924894187,0.9261987073500676,nan,nan,20,6653,528296800,528296800,219,371392650400,371392650400,144667,False
704,0.2526935719328787,0.9161073825503355,nan,nan,20,6258,528296800,528296800,203,371920947200,371920947200,144870,False
705,0.2240493373541009,0.9247330960854092,nan,nan,20,5620,528296800,528296800,184,372449244000,372449244000,145054,False
706,0.2234455899645885,0.9209621993127147,nan,nan,20,6111,528296800,528296800,199,372977540800,372977540800,145253,False
707,0.20599019211605235,0.9285714285714286,nan,nan,20,6636,528296800,528296800,217,373505837600,373505837600,145470,False
708,0.1961284056600782,0.9297669325825121,nan,nan,20,6393,528296800,528296800,211,374034134400,374034134400,145681,False
709,0.2042894134601646,0.932468694096601,nan,nan,20,6708,528296800,528296800,219,374562431200,374562431200,145900,False
710,0.18712916720305034,0.9344935150221638,0.308702064840563,0.9012526802843923,20,6091,528296800,528296800,201,375090728000,375090728000,146101,False
711,0.23665281579018438,0.9175241412062688,nan,nan,20,6317,528296800,528296800,207,375619024800,375619024800,146308,False
712,0.20430159205808435,0.9340974212034384,nan,nan,20,5933,528296800,528296800,193,376147321600,376147321600,146501,False
713,0.24126427891824162,0.9174959871589085,nan,nan,20,6230,528296800,528296800,202,376675618400,376675618400,146703,False
714,0.19496422931334847,0.9308388284005521,nan,nan,20,6521,528296800,528296800,215,377203915200,377203915200,146918,False
715,0.2134371669608965,0.9274269557021678,nan,nan,20,6366,528296800,528296800,207,377732212000,377732212000,147125,False
716,0.2339821191710776,0.9178082191780822,nan,nan,20,6351,528296800,528296800,207,378260508800,378260508800,147332,False
717,0.2188151044483709,0.9273891317926296,nan,nan,20,6404,528296800,528296800,212,378788805600,378788805600,147544,False
718,0.20630699629426832,0.9312699135184342,nan,nan,20,6591,528296800,528296800,217,379317102400,379317102400,147761,False
719,0.20394366725934102,0.9282742552837411,nan,nan,20,6009,528296800,528296800,197,379845399200,379845399200,147958,False
720,0.22362975279742464,0.9248991935483871,0.3056824512728422,0.9022683670014671,20,5952,528296800,528296800,197,380373696000,380373696000,148155,False
721,0.23412144493217843,0.919959979989995,nan,nan,20,5997,528296800,528296800,196,380901992800,380901992800,148351,False
722,0.24047039019974337,0.9200649878147847,nan,nan,20,6155,528296800,528296800,201,381430289600,381430289600,148552,False
723,0.24945484262879722,0.9155493644436705,nan,nan,20,5743,528296800,528296800,189,381958586400,381958586400,148741,False
724,0.20277559348158758,0.9309437684972048,nan,nan,20,6082,528296800,528296800,200,382486883200,382486883200,148941,False
725,0.21781974088801107,0.9228413962033069,nan,nan,20,6532,528296800,528296800,214,383015180000,383015180000,149155,False
726,0.22587743824043463,0.9212893553223388,nan,nan,20,6670,528296800,528296800,216,383543476800,383543476800,149371,False
727,0.26233071024848265,0.9136914510317721,nan,nan,20,6106,528296800,528296800,199,384071773600,384071773600,149570,False
728,0.22738568669403247,0.9200339558573853,nan,nan,20,5890,528296800,528296800,192,384600070400,384600070400,149762,False
729,0.20273130972264006,0.9298008774890314,nan,nan,20,5926,528296800,528296800,195,385128367200,385128367200,149957,False
730,0.22740942443561837,0.920025694555966,0.2997450481054678,0.9026633562803296,20,6227,528296800,528296800,205,385656664000,385656664000,150162,False
731,0.23428381373132928,0.9179341467491225,nan,nan,20,5983,528296800,528296800,196,386184960800,386184960800,150358,False
732,0.2010875668816699,0.9293392349035725,nan,nan,20,6326,528296800,528296800,208,386713257600,386713257600,150566,False
733,0.2098535414462417,0.9304333919718535,nan,nan,20,6253,528296800,528296800,205,387241554400,387241554400,150771,False
734,0.20321053911439502,0.9284905355120531,nan,nan,20,6181,528296800,528296800,204,387769851200,387769851200,150975,False
735,0.18316441615014425,0.9300124146492862,nan,nan,20,6444,528296800,528296800,211,388298148000,388298148000,151186,False
736,0.22532879717016743,0.9230506155950753,nan,nan,20,5848,528296800,528296800,192,388826444800,388826444800,151378,False
737,0.1995215357928811,0.9291815499301134,nan,nan,20,6439,528296800,528296800,210,389354741600,389354741600,151588,False
738,0.2001742875592672,0.9335333122829176,nan,nan,20,6334,528296800,528296800,208,389883038400,389883038400,151796,False
739,0.2310751881311667,0.9183285849952516,nan,nan,20,6318,528296800,528296800,208,390411335200,390411335200,152004,False
740,0.21679625733227156,0.9310174514323345,0.33516988121229563,0.8904186886355941,20,6074,528296800,528296800,197,390939632000,390939632000,152201,False
741,0.20831286312843572,0.9263507896924356,nan,nan,20,6015,528296800,528296800,199,391467928800,391467928800,152400,False
742,0.2107423729784611,0.9320832020170186,nan,nan,20,6346,528296800,528296800,207,391996225600,391996225600,152607,False
743,0.21579146663382745,0.9262573279851898,nan,nan,20,6482,528296800,528296800,213,392524522400,392524522400,152820,False
744,0.2267778576203087,0.9216634429400387,nan,nan,20,6204,528296800,528296800,204,393052819200,393052819200,153024,False
745,0.21095884393709088,0.9243953227614928,nan,nan,20,6243,528296800,528296800,203,393581116000,393581116000,153227,False
746,0.22147590172911646,0.9241761936785474,nan,nan,20,5948,528296800,528296800,196,394109412800,394109412800,153423,False
747,0.19991283295213413,0.9294153286882763,nan,nan,20,6602,528296800,528296800,217,394637709600,394637709600,153640,False
748,0.21521093243845602,0.925308543035743,nan,nan,20,6239,528296800,528296800,203,395166006400,395166006400,153843,False
749,0.1993112844067711,0.9265338645418326,nan,nan,20,6275,528296800,528296800,205,395694303200,395694303200,154048,False
750,0.22917116786912173,0.9184164128866805,0.3061692427497808,0.9004062746868299,20,6239,528296800,528296800,206,396222600000,396222600000,154254,False
751,0.2030646596261395,0.9308816286324084,nan,nan,20,6091,528296800,528296800,200,396750896800,396750896800,154454,False
752,0.20191465814822998,0.9289670902574129,nan,nan,20,6138,528296800,528296800,200,397279193600,397279193600,154654,False
753,0.22202629185764094,0.9187908496732026,nan,nan,20,6120,528296800,528296800,201,397807490400,397807490400,154855,False
754,0.22051369959707376,0.9265406737880033,nan,nan,20,6085,528296800,528296800,201,398335787200,398335787200,155056,False
755,0.228094848811546,0.9209965579413211,nan,nan,20,6101,528296800,528296800,201,398864084000,398864084000,155257,False
756,0.19951181912004504,0.9347793113908691,nan,nan,20,6593,528296800,528296800,214,399392380800,399392380800,155471,False
757,0.19036497404269967,0.9337962962962963,nan,nan,20,6480,528296800,528296800,210,399920677600,399920677600,155681,False
758,0.2018449669194467,0.9310127579146322,nan,nan,20,6349,528296800,528296800,210,400448974400,400448974400,155891,False
759,0.19520811695704418,0.9356395816572808,nan,nan,20,6215,528296800,528296800,203,400977271200,400977271200,156094,False
760,0.21856997145709472,0.9196167586878857,0.30011138754845634,0.9014219614039047,20,6158,528296800,528296800,199,401505568000,401505568000,156293,False
761,0.2239330568118396,0.9286634460547504,nan,nan,20,6210,528296800,528296800,203,402033864800,402033864800,156496,False
762,0.21070630250736597,0.9223205506391348,nan,nan,20,6102,528296800,528296800,200,402562161600,402562161600,156696,False
763,0.2049740615509624,0.9307716241443684,nan,nan,20,6428,528296800,528296800,209,403090458400,403090458400,156905,False
764,0.2167499959571561,0.9278492647058824,nan,nan,20,6528,528296800,528296800,214,403618755200,403618755200,157119,False
765,0.2519245349339757,0.9101435094585779,nan,nan,20,6132,528296800,528296800,200,404147052000,404147052000,157319,False
766,0.24401258865430625,0.9133101276313609,nan,nan,20,6033,528296800,528296800,198,404675348800,404675348800,157517,False
767,0.22401175688066544,0.9220953660174613,nan,nan,20,5956,528296800,528296800,196,405203645600,405203645600,157713,False
768,0.22014258633472406,0.9253320375769355,nan,nan,20,6174,528296800,528296800,203,405731942400,405731942400,157916,False
769,0.22318266497047065,0.9275046670815184,nan,nan,20,6428,528296800,528296800,209,406260239200,406260239200,158125,False
770,0.19355210461819258,0.93099121706399,0.29682439269014305,0.9046383026746417,20,6376,528296800,528296800,209,406788536000,406788536000,158334,False
771,0.21863909422179542,0.9276823696234442,nan,nan,20,6347,528296800,528296800,208,407316832800,407316832800,158542,False
772,0.2117867547314523,0.9271341463414634,nan,nan,20,6560,528296800,528296800,215,407845129600,407845129600,158757,False
773,0.20799979833790969,0.9306670784434836,nan,nan,20,6476,528296800,528296800,212,408373426400,408373426400,158969,False
774,0.19444553153140595,0.9323725055432373,nan,nan,20,6314,528296800,528296800,207,408901723200,408901723200,159176,False
775,0.1995952144837308,0.9347588574996099,nan,nan,20,6407,528296800,528296800,211,409430020000,409430020000,159387,False
776,0.19011121192262598,0.9369422962522308,nan,nan,20,6724,528296800,528296800,216,409958316800,409958316800,159603,False
777,0.21114882692402426,0.9289626288659794,nan,nan,20,6208,528296800,528296800,204,410486613600,410486613600,159807,False
778,0.21208172301207148,0.9316415543219667,nan,nan,20,6305,528296800,528296800,206,411014910400,411014910400,160013,False
779,0.17812282317156208,0.9411196911196911,nan,nan,20,6216,528296800,528296800,205,411543207200,411543207200,160218,False
780,0.205204298482529,0.9290668348045398,0.30521242769371776,0.9016476695632547,20,6344,528296800,528296800,207,412071504000,412071504000,160425,False
781,0.21545766025715374,0.9259429622815087,nan,nan,20,6522,528296800,528296800,215,412599800800,412599800800,160640,False
782,0.19041448331377048,0.9287801876634364,nan,nan,20,6501,528296800,528296800,213,413128097600,413128097600,160853,False
783,0.21582176309155068,0.92832,nan,nan,20,6250,528296800,528296800,206,413656394400,413656394400,161059,False
784,0.1948869121094935,0.9318731117824773,nan,nan,20,6620,528296800,528296800,215,414184691200,414184691200,161274,False
785,0.19678340818268308,0.9368658399098083,nan,nan,20,6209,528296800,528296800,204,414712988000,414712988000,161478,False
786,0.20317303947672385,0.9317359855334539,nan,nan,20,6636,528296800,528296800,217,415241284800,415241284800,161695,False
787,0.2239487938981725,0.9216536089348225,nan,nan,20,5999,528296800,528296800,197,415769581600,415769581600,161892,False
788,0.19496287840733717,0.9317544406357121,nan,nan,20,6418,528296800,528296800,210,416297878400,416297878400,162102,False
789,0.21259670258316563,0.9249765551734918,nan,nan,20,6398,528296800,528296800,210,416826175200,416826175200,162312,False
790,0.20425989244506557,0.930246725555894,0.29620252378287454,0.9020990858819546,20,6566,528296800,528296800,213,417354472000,417354472000,162525,False
791,0.23578531249373616,0.9176490688535793,nan,nan,20,5853,528296800,528296800,192,417882768800,417882768800,162717,False
792,0.22519548881465243,0.9233686206351714,nan,nan,20,6329,528296800,528296800,209,418411065600,418411065600,162926,False
793,0.22103124524424492,0.9252017380509001,nan,nan,20,6444,528296800,528296800,210,418939362400,418939362400,163136,False
794,0.20725899705388093,0.9290486796054724,nan,nan,20,6286,528296800,528296800,204,419467659200,419467659200,163340,False
795,0.2048735531584701,0.9295340152622179,nan,nan,20,6159,528296800,528296800,202,419995956000,419995956000,163542,False
796,0.20048930302386667,0.9282763179639729,nan,nan,20,6051,528296800,528296800,199,420524252800,420524252800,163741,False
797,0.19239119956730802,0.9279176201372997,nan,nan,20,6118,528296800,528296800,201,421052549600,421052549600,163942,False
798,0.18861394992767722,0.9347341610951926,nan,nan,20,6282,528296800,528296800,205,421580846400,421580846400,164147,False
799,0.20659209555417118,0.9289555157242952,nan,nan,20,6137,528296800,528296800,201,422109143200,422109143200,164348,False
800,0.22420439862598704,0.9209643940603545,0.30595329518902586,0.8988263175713802,20,6263,528296800,528296800,207,422637440000,422637440000,164555,False
801,0.18037809598239615,0.9349112426035503,nan,nan,20,6422,528296800,528296800,210,423165736800,423165736800,164765,False
802,0.20476451957989372,0.927249921605519,nan,nan,20,6378,528296800,528296800,210,423694033600,423694033600,164975,False
803,0.20678160958024105,0.9195987900015921,nan,nan,20,6281,528296800,528296800,205,424222330400,424222330400,165180,False
804,0.20155665960977132,0.9321056845476381,nan,nan,20,6245,528296800,528296800,204,424750627200,424750627200,165384,False
805,0.17689288168079279,0.939173457508731,nan,nan,20,6872,528296800,528296800,223,425278924000,425278924000,165607,False
806,0.19780520335059465,0.9371605896043445,nan,nan,20,6445,528296800,528296800,210,425807220800,425807220800,165817,False
807,0.23259398868468742,0.9190529515277556,nan,nan,20,6251,528296800,528296800,206,426335517600,426335517600,166023,False
808,0.16850756076074175,0.9417047184170472,nan,nan,20,6570,528296800,528296800,213,426863814400,426863814400,166236,False
809,0.2069469903993726,0.9267188859878155,nan,nan,20,5745,528296800,528296800,188,427392111200,427392111200,166424,False
810,0.19757501628323074,0.9299117882919006,0.3175511570409194,0.8957228303803183,20,6235,528296800,528296800,205,427920408000,427920408000,166629,False
811,0.2418954286320396,0.9206223210033339,nan,nan,20,6299,528296800,528296800,206,428448704800,428448704800,166835,False
812,0.1798293436159881,0.9382716049382716,nan,nan,20,6561,528296800,528296800,216,428977001600,428977001600,167051,False
813,0.22642442138697078,0.9206579583938075,nan,nan,20,6201,528296800,528296800,203,429505298400,429505298400,167254,False
814,0.18809500262225465,0.9322397669783842,nan,nan,20,6523,528296800,528296800,213,430033595200,430033595200,167467,False
815,0.2005250655505988,0.9290218270008084,nan,nan,20,6185,528296800,528296800,204,430561892000,430561892000,167671,False
816,0.2153164872314354,0.9253952569169961,nan,nan,20,6072,528296800,528296800,199,431090188800,431090188800,167870,False
817,0.22391647810708282,0.9283860131317758,nan,nan,20,6549,528296800,528296800,213,431618485600,431618485600,168083,False
818,0.18545604601700125,0.9368127840492596,nan,nan,20,6821,528296800,528296800,221,432146782400,432146782400,168304,False
819,0.18980983527029935,0.9340676883780332,nan,nan,20,6264,528296800,528296800,205,432675079200,432675079200,168509,False
820,0.1949089603217215,0.9318029490616622,0.300752676840951,0.9027762103600045,20,5968,528296800,528296800,197,433203376000,433203376000,168706,False
821,0.20617395196363278,0.9302707136997539,nan,nan,20,6095,528296800,528296800,201,433731672800,433731672800,168907,False
822,0.22490118774468598,0.9206937194813942,nan,nan,20,5939,528296800,528296800,195,434259969600,434259969600,169102,False
823,0.19786066486528792,0.9326332794830372,nan,nan,20,6190,528296800,528296800,204,434788266400,434788266400,169306,False
824,0.16303823022202144,0.9428527179804863,nan,nan,20,6457,528296800,528296800,213,435316563200,435316563200,169519,False
825,0.19197417536145933,0.9301358912869704,nan,nan,20,6255,528296800,528296800,204,435844860000,435844860000,169723,False
826,0.21365441283545597,0.9287562532344316,nan,nan,20,5797,528296800,528296800,189,436373156800,436373156800,169912,False
827,0.1854466249689708,0.9342257478102793,nan,nan,20,6051,528296800,528296800,200,436901453600,436901453600,170112,False
828,0.19631413000332867,0.9329248095395827,nan,nan,20,6038,528296800,528296800,198,437429750400,437429750400,170310,False
829,0.2074139402444933,0.9251396648044693,nan,nan,20,6265,528296800,528296800,204,437958047200,437958047200,170514,False
830,0.1972577330632409,0.925420501428118,0.29920291334252747,0.9019298047624421,20,6302,528296800,528296800,208,438486344000,438486344000,170722,False
831,0.21660751118118388,0.9256477081097655,nan,nan,20,6523,528296800,528296800,213,439014640800,439014640800,170935,False
832,0.17395938698700844,0.9388285670591834,nan,nan,20,6539,528296800,528296800,214,439542937600,439542937600,171149,False
833,0.19264529526319304,0.9293427954335082,nan,nan,20,6482,528296800,528296800,213,440071234400,440071234400,171362,False
834,0.1954296128700339,0.9350312642976971,nan,nan,20,6557,528296800,528296800,213,440599531200,440599531200,171575,False
835,0.169658075825969,0.9383842994066636,nan,nan,20,6573,528296800,528296800,215,441127828000,441127828000,171790,False
836,0.19182464147708705,0.9300888955853548,nan,nan,20,6637,528296800,528296800,217,441656124800,441656124800,172007,False
837,0.19810522616519297,0.9307191568505889,nan,nan,20,6452,528296800,528296800,209,442184421600,442184421600,172216,False
838,0.17672310006709924,0.9378557874762808,nan,nan,20,6324,528296800,528296800,208,442712718400,442712718400,172424,False
839,0.19995453520677983,0.9306962025316455,nan,nan,20,6320,528296800,528296800,205,443241015200,443241015200,172629,False
840,0.2122887266085671,0.9266403162055336,0.31497376369186914,0.8988827446112176,20,6325,528296800,528296800,207,443769312000,443769312000,172836,False
841,0.18216170199900417,0.9362815026153115,nan,nan,20,6309,528296800,528296800,206,444297608800,444297608800,173042,False
842,0.21879429138404546,0.9234353160428638,nan,nan,20,6439,528296800,528296800,210,444825905600,444825905600,173252,False
843,0.18008788120191868,0.9315259488768397,nan,nan,20,6455,528296800,528296800,212,445354202400,445354202400,173464,False
844,0.1987703933026844,0.9289875610140136,nan,nan,20,6351,528296800,528296800,208,445882499200,445882499200,173672,False
845,0.20078021544541325,0.930383761496987,nan,nan,20,6306,528296800,528296800,204,446410796000,446410796000,173876,False
846,0.21939715072426733,0.9230895915678524,nan,nan,20,6072,528296800,528296800,199,446939092800,446939092800,174075,False
847,0.1971252404814865,0.9310120403514481,nan,nan,20,6146,528296800,528296800,202,447467389600,447467389600,174277,False
848,0.20273610438329054,0.9317087845968712,nan,nan,20,6648,528296800,528296800,217,447995686400,447995686400,174494,False
849,0.20075345635368583,0.9284433577832111,nan,nan,20,6135,528296800,528296800,200,448523983200,448523983200,174694,False
850,0.21097509997254696,0.9252914164606146,0.2994768723026515,0.9032276266787045,20,5662,528296800,528296800,186,449052280000,449052280000,174880,False
851,0.1939003822011721,0.9354204476709014,nan,nan,20,6612,528296800,528296800,216,449580576800,449580576800,175096,False
852,0.19998886561161952,0.9285154412917385,nan,nan,20,6379,528296800,528296800,208,450108873600,450108873600,175304,False
853,0.21250206668962382,0.926269454488288,nan,nan,20,6361,528296800,528296800,209,450637170400,450637170400,175513,False
854,0.2199556424310822,0.918075004023821,nan,nan,20,6213,528296800,528296800,202,451165467200,451165467200,175715,False
855,0.17709989333692935,0.9320707465957114,nan,nan,20,6389,528296800,528296800,209,451693764000,451693764000,175924,False
856,0.1832837477659598,0.9339242546333602,nan,nan,20,6205,528296800,528296800,200,452222060800,452222060800,176124,False
857,0.20544206667885365,0.9301592568015926,nan,nan,20,6028,528296800,528296800,196,452750357600,452750357600,176320,False
858,0.17750656431668396,0.9367424871326582,nan,nan,20,6023,528296800,528296800,197,453278654400,453278654400,176517,False
859,0.17878560539601543,0.9398285525881965,nan,nan,20,6066,528296800,528296800,198,453806951200,453806951200,176715,False
860,0.2004004368377691,0.9267427513880321,0.30175554917152225,0.9037918970770793,20,6484,528296800,528296800,214,454335248000,454335248000,176929,False
861,0.19422373693946837,0.9307704578082628,nan,nan,20,6269,528296800,528296800,204,454863544800,454863544800,177133,False
862,0.16674646702312546,0.9407963936889556,nan,nan,20,6655,528296800,528296800,217,455391841600,455391841600,177350,False
863,0.1866783180582358,0.9334389857369255,nan,nan,20,6310,528296800,528296800,205,455920138400,455920138400,177555,False
864,0.17436728040106383,0.9416259168704156,nan,nan,20,6544,528296800,528296800,214,456448435200,456448435200,177769,False
865,0.1819573844855593,0.9337285301717586,nan,nan,20,6579,528296800,528296800,214,456976732000,456976732000,177983,False
866,0.2043101003346142,0.931282722513089,nan,nan,20,6112,528296800,528296800,202,457505028800,457505028800,178185,False
867,0.17611806876213812,0.9408674771124118,nan,nan,20,6663,528296800,528296800,219,458033325600,458033325600,178404,False
868,0.18849421453511994,0.9329955875142997,nan,nan,20,6119,528296800,528296800,199,458561622400,458561622400,178603,False
869,0.22234081732492372,0.9267933180478218,nan,nan,20,6106,528296800,528296800,201,459089919200,459089919200,178804,False
870,0.1898267858603823,0.9318484042553191,0.301209856880369,0.9017605236429297,20,6016,528296800,528296800,199,459618216000,459618216000,179003,False
871,0.1950686087922589,0.929637526652452,nan,nan,20,6097,528296800,528296800,201,460146512800,460146512800,179204,False
872,0.20608048196480602,0.93036346091991,nan,nan,20,6218,528296800,528296800,203,460674809600,460674809600,179407,False
873,0.18069008779393117,0.9346861128725428,nan,nan,20,6308,528296800,528296800,208,461203106400,461203106400,179615,False
874,0.19137249779694757,0.9306291390728477,nan,nan,20,6040,528296800,528296800,200,461731403200,461731403200,179815,False
875,0.19196180599224236,0.9371428571428572,nan,nan,20,6300,528296800,528296800,206,462259700000,462259700000,180021,False
876,0.20867704707190218,0.9297305344647908,nan,nan,20,6717,528296800,528296800,220,462787996800,462787996800,180241,False
877,0.24502565658813233,0.9120111731843575,nan,nan,20,5728,528296800,528296800,188,463316293600,463316293600,180429,False
878,0.18346102654272706,0.932012678288431,nan,nan,20,6310,528296800,528296800,206,463844590400,463844590400,180635,False
879,0.17985490874626597,0.931843051430358,nan,nan,20,6397,528296800,528296800,208,464372887200,464372887200,180843,False
880,0.19317079703332954,0.9332914770051797,0.3100502869840966,0.9008012639656924,20,6371,528296800,528296800,209,464901184000,464901184000,181052,False
881,0.19617057763131573,0.9309954751131222,nan,nan,20,6188,528296800,528296800,202,465429480800,465429480800,181254,False
882,0.21278186297697144,0.9255429162357808,nan,nan,20,5802,528296800,528296800,191,465957777600,465957777600,181445,False
883,0.19271889916912563,0.9330431871442919,nan,nan,20,5974,528296800,528296800,195,466486074400,466486074400,181640,False
884,0.19777546713810068,0.9274760383386581,nan,nan,20,6260,528296800,528296800,203,467014371200,467014371200,181843,False
885,0.18452417630983753,0.9331583822167335,nan,nan,20,6478,528296800,528296800,212,467542668000,467542668000,182055,False
886,0.1795608742047136,0.9342768830323736,nan,nan,20,6147,528296800,528296800,200,468070964800,468070964800,182255,False
887,0.23666352004590585,0.9213215258855586,nan,nan,20,5872,528296800,528296800,193,468599261600,468599261600,182448,False
888,0.20837286333069477,0.9273797841020608,nan,nan,20,6114,528296800,528296800,202,469127558400,469127558400,182650,False
889,0.1830328332620494,0.9304560260586319,nan,nan,20,6140,528296800,528296800,201,469655855200,469655855200,182851,False
890,0.1829308438622242,0.9337801180788255,0.3004720074276719,0.9036790429974043,20,6267,528296800,528296800,207,470184152000,470184152000,183058,False
891,0.20565594831224618,0.9303847996167971,nan,nan,20,6263,528296800,528296800,206,470712448800,470712448800,183264,False
892,0.179871524537518,0.9361602982292637,nan,nan,20,6438,528296800,528296800,212,471240745600,471240745600,183476,False
893,0.18709381915938222,0.930589184826473,nan,nan,20,6195,528296800,528296800,203,471769042400,471769042400,183679,False
894,0.17806160002976043,0.9375873311597578,nan,nan,20,6441,528296800,528296800,213,472297339200,472297339200,183892,False
895,0.18121418785549942,0.930874147551147,nan,nan,20,6452,528296800,528296800,213,472825636000,472825636000,184105,False
896,0.18397524256159184,0.9377805293298251,nan,nan,20,6461,528296800,528296800,211,473353932800,473353932800,184316,False
897,0.18927629386862732,0.9337877312560857,nan,nan,20,6162,528296800,528296800,200,473882229600,473882229600,184516,False
898,0.1807358921910981,0.9369464044437772,nan,nan,20,6661,528296800,528296800,218,474410526400,474410526400,184734,False
899,0.17653912722518939,0.9388156898379525,nan,nan,20,6603,528296800,528296800,215,474938823200,474938823200,184949,False
900,0.2125739511209282,0.9267049075844487,0.29397278708981656,0.9043561674754542,20,6276,528296800,528296800,205,475467120000,475467120000,185154,False
901,0.1855929962129341,0.9326907368077112,nan,nan,20,6121,528296800,528296800,201,475995416800,475995416800,185355,False
902,0.17266894945784647,0.9376720090658895,nan,nan,20,6177,528296800,528296800,201,476523713600,476523713600,185556,False
903,0.18721665265611595,0.9343321644883646,nan,nan,20,6274,528296800,528296800,209,477052010400,477052010400,185765,False
904,0.183618431150691,0.9314001657000829,nan,nan,20,6035,528296800,528296800,197,477580307200,477580307200,185962,False
905,0.20493648626318534,0.9277397260273973,nan,nan,20,5840,528296800,528296800,194,478108604000,478108604000,186156,False
906,0.20972189837915167,0.9300688360450563,nan,nan,20,6392,528296800,528296800,210,478636900800,478636900800,186366,False
907,0.17765350718365067,0.9368739068214342,nan,nan,20,6289,528296800,528296800,206,479165197600,479165197600,186572,False
908,0.20270121022243734,0.9309084869622987,nan,nan,20,6021,528296800,528296800,197,479693494400,479693494400,186769,False
909,0.18540034847729342,0.9362225295835255,nan,nan,20,6507,528296800,528296800,213,480221791200,480221791200,186982,False
910,0.20387958312269983,0.9305052595275047,0.299272957501031,0.9050897189933416,20,5799,528296800,528296800,192,480750088000,480750088000,187174,False
911,0.17609768731304254,0.9385610347615198,nan,nan,20,6185,528296800,528296800,205,481278384800,481278384800,187379,False
912,0.22279186890817115,0.9230377166156982,nan,nan,20,5886,528296800,528296800,196,481806681600,481806681600,187575,False
913,0.1828885527366498,0.9343292872704637,nan,nan,20,6426,528296800,528296800,209,482334978400,482334978400,187784,False
914,0.17159874209222323,0.9414151249594288,nan,nan,20,6162,528296800,528296800,202,482863275200,482863275200,187986,False
915,0.17335681482840315,0.9365489957395009,nan,nan,20,6572,528296800,528296800,213,483391572000,483391572000,188199,False
916,0.20313902333565204,0.9334909377462569,nan,nan,20,6345,528296800,528296800,208,483919868800,483919868800,188407,False
917,0.17974743833325613,0.9361924686192469,nan,nan,20,6692,528296800,528296800,217,484448165600,484448165600,188624,False
918,0.17984752129477757,0.9343333843563447,nan,nan,20,6533,528296800,528296800,215,484976462400,484976462400,188839,False
919,0.1914897203485326,0.9302511598144297,nan,nan,20,6251,528296800,528296800,206,485504759200,485504759200,189045,False
920,0.1910466003869704,0.9310736295815764,0.2906976625661309,0.905710416431554,20,6166,528296800,528296800,201,486033056000,486033056000,189246,False
921,0.19562378693473112,0.933109833971903,nan,nan,20,6264,528296800,528296800,206,486561352800,486561352800,189452,False
922,0.23383011581997076,0.9159722222222222,nan,nan,20,5760,528296800,528296800,189,487089649600,487089649600,189641,False
923,0.15951524177835338,0.9464285714285714,nan,nan,20,6664,528296800,528296800,216,487617946400,487617946400,189857,False
924,0.2046717626286803,0.9254823685961411,nan,nan,20,6012,528296800,528296800,199,488146243200,488146243200,190056,False
925,0.18283276403595702,0.9355250558570061,nan,nan,20,6266,528296800,528296800,205,488674540000,488674540000,190261,False
926,0.20030704754102738,0.931452935388652,nan,nan,20,6098,528296800,528296800,200,489202836800,489202836800,190461,False
927,0.20355747199249924,0.9302096985583224,nan,nan,20,6104,528296800,528296800,200,489731133600,489731133600,190661,False
928,0.16864680329278095,0.9374014506464837,nan,nan,20,6342,528296800,528296800,207,490259430400,490259430400,190868,False
929,0.2114050716992762,0.9251948051948052,nan,nan,20,5775,528296800,528296800,190,490787727200,490787727200,191058,False
930,0.21324024681774,0.9215218083412926,0.30236613005483787,0.9018733777226047,20,6282,528296800,528296800,207,491316024000,491316024000,191265,False
931,0.21212368538419316,0.9269940672379697,nan,nan,20,6068,528296800,528296800,200,491844320800,491844320800,191465,False
932,0.2086094140460895,0.9285358978610513,nan,nan,20,6031,528296800,528296800,197,492372617600,492372617600,191662,False
933,0.22314124094682955,0.925981370592149,nan,nan,20,6012,528296800,528296800,197,492900914400,492900914400,191859,False
934,0.2051024352983081,0.9291172167127296,nan,nan,20,6151,528296800,528296800,200,493429211200,493429211200,192059,False
935,0.19646463326601563,0.9329268292682927,nan,nan,20,6232,528296800,528296800,205,493957508000,493957508000,192264,False
936,0.18927043097536264,0.9329454990814452,nan,nan,20,6532,528296800,528296800,215,494485804800,494485804800,192479,False
937,0.1882445790181065,0.9362036455059711,nan,nan,20,6364,528296800,528296800,207,495014101600,495014101600,192686,False
938,0.16815245579486773,0.9410742496050553,nan,nan,20,6330,528296800,528296800,206,495542398400,495542398400,192892,False
939,0.17856308298586623,0.9370886269707638,nan,nan,20,6533,528296800,528296800,213,496070695200,496070695200,193105,False
940,0.2261726189904527,0.9194685911103821,0.29401601483544465,0.906048978670579,20,6097,528296800,528296800,202,496598992000,496598992000,193307,False
941,0.17042534201069057,0.9380623875224955,nan,nan,20,6668,528296800,528296800,217,497127288800,497127288800,193524,False
942,0.1928026485589038,0.9301914106482226,nan,nan,20,6217,528296800,528296800,205,497655585600,497655585600,193729,False
943,0.16094349486085197,0.9401462077368261,nan,nan,20,6566,528296800,528296800,213,498183882400,498183882400,193942,False
944,0.17249296025846,0.9423794596208389,nan,nan,20,6699,528296800,528296800,221,498712179200,498712179200,194163,False
945,0.2031810657413772,0.9266949819097058,nan,nan,20,6357,528296800,528296800,208,499240476000,499240476000,194371,False
946,0.18171884325808807,0.9387048937221948,nan,nan,20,6069,528296800,528296800,197,499768772800,499768772800,194568,False
947,0.1778436329467078,0.9359408684939945,nan,nan,20,6494,528296800,528296800,211,500297069600,500297069600,194779,False
948,0.18595447871888754,0.9356036152356358,nan,nan,20,6196,528296800,528296800,202,500825366400,500825366400,194981,False
949,0.17903335700694548,0.9419033862943348,nan,nan,20,6231,528296800,528296800,206,501353663200,501353663200,195187,False
950,0.20932963594026954,0.9242807461270945,0.3026961239126059,0.9049768649136666,20,6326,528296800,528296800,208,501881960000,501881960000,195395,False
951,0.2095548689134635,0.9277742346938775,nan,nan,20,6272,528296800,528296800,204,502410256800,502410256800,195599,False
952,0.20160537580122234,0.9286871961102107,nan,nan,20,6170,528296800,528296800,204,502938553600,502938553600,195803,False
953,0.2060706508298229,0.9253860836369946,nan,nan,20,5763,528296800,528296800,192,503466850400,503466850400,195995,False
954,0.21231615921694275,0.9258039215686275,nan,nan,20,6375,528296800,528296800,205,503995147200,503995147200,196200,False
955,0.18202871351662278,0.9340003227368081,nan,nan,20,6197,528296800,528296800,202,504523444000,504523444000,196402,False
956,0.18203966941331576,0.9340398608035432,nan,nan,20,6322,528296800,528296800,208,505051740800,505051740800,196610,False
957,0.18554830818713391,0.9346321043310256,nan,nan,20,6211,528296800,528296800,204,505580037600,505580037600,196814,False
958,0.17084866396343665,0.9403120739281927,nan,nan,20,6601,528296800,528296800,217,506108334400,506108334400,197031,False
959,0.180500940001541,0.9359557867360208,nan,nan,20,6152,528296800,528296800,204,506636631200,506636631200,197235,False
960,0.20395293869336217,0.9274353876739563,0.30092720532845113,0.9022119399616296,20,6036,528296800,528296800,199,507164928000,507164928000,197434,False
961,0.21795078256285527,0.9246064623032312,nan,nan,20,6035,528296800,528296800,197,507693224800,507693224800,197631,False
962,0.1928655198298727,0.9280401034928849,nan,nan,20,6184,528296800,528296800,202,508221521600,508221521600,197833,False
963,0.15922808887534173,0.9414942883606051,nan,nan,20,6478,528296800,528296800,212,508749818400,508749818400,198045,False
964,0.19878281208848472,0.9301874595992243,nan,nan,20,6188,528296800,528296800,205,509278115200,509278115200,198250,False
965,0.16973983555025826,0.9352572911894946,nan,nan,20,6549,528296800,528296800,215,509806412000,509806412000,198465,False
966,0.1809921565616609,0.937837395714052,nan,nan,20,6113,528296800,528296800,200,510334708800,510334708800,198665,False
967,0.1899288627754497,0.9319266902818419,nan,nan,20,6493,528296800,528296800,213,510863005600,510863005600,198878,False
968,0.15991392080287445,0.9409993979530403,nan,nan,20,6644,528296800,528296800,217,511391302400,511391302400,199095,False
969,0.1677352100855481,0.9427043544690603,nan,nan,20,6545,528296800,528296800,216,511919599200,511919599200,199311,False
970,0.18234103414794647,0.9351927809680065,0.29631933577643765,0.9051461460331791,20,6095,528296800,528296800,201,512447896000,512447896000,199512,False
971,0.16849231232584322,0.9430622808482217,nan,nan,20,5989,528296800,528296800,197,512976192800,512976192800,199709,False
972,0.16744490540523835,0.9391411801050356,nan,nan,20,6474,528296800,528296800,210,513504489600,513504489600,199919,False
973,0.16535640433725027,0.9421060629083726,nan,nan,20,6581,528296800,528296800,215,514032786400,514032786400,200134,False
974,0.16651060916688276,0.9430370259331434,nan,nan,20,6671,528296800,528296800,217,514561083200,514561083200,200351,False
975,0.19783998074150888,0.9271170006464124,nan,nan,20,6188,528296800,528296800,204,515089380000,515089380000,200555,False
976,0.1957095253096667,0.9330886033705991,nan,nan,20,5993,528296800,528296800,197,515617676800,515617676800,200752,False
977,0.17872261817849633,0.9359430604982206,nan,nan,20,6463,528296800,528296800,211,516145973600,516145973600,200963,False
978,0.1658530646089547,0.939374702428186,nan,nan,20,6301,528296800,528296800,205,516674270400,516674270400,201168,False
979,0.169934833781186,0.9386872586872587,nan,nan,20,6475,528296800,528296800,210,517202567200,517202567200,201378,False
980,0.18838029581453436,0.9339489748004383,0.30005879569182803,0.9044125945152918,20,6389,528296800,528296800,207,517730864000,517730864000,201585,False
981,0.16774217830195967,0.9425761421319797,nan,nan,20,6304,528296800,528296800,207,518259160800,518259160800,201792,False
982,0.1898152062600641,0.9370805369127517,nan,nan,20,5960,528296800,528296800,197,518787457600,518787457600,201989,False
983,0.16601110537016353,0.9400974025974026,nan,nan,20,6160,528296800,528296800,201,519315754400,519315754400,202190,False
984,0.19686963482993952,0.9324908014717646,nan,nan,20,6251,528296800,528296800,205,519844051200,519844051200,202395,False
985,0.17687707108597034,0.9353725490196079,nan,nan,20,6375,528296800,528296800,208,520372348000,520372348000,202603,False
986,0.1829183220340654,0.9356817109608428,nan,nan,20,6359,528296800,528296800,209,520900644800,520900644800,202812,False
987,0.17068614882744462,0.9369727837020532,nan,nan,20,6283,528296800,528296800,205,521428941600,521428941600,203017,False
988,0.15865853760804327,0.9445485785691972,nan,nan,20,6402,528296800,528296800,209,521957238400,521957238400,203226,False
989,0.17722393404802628,0.9352399737015121,nan,nan,20,6084,528296800,528296800,200,522485535200,522485535200,203426,False
990,0.16936629270937917,0.9367534456355283,0.29768112237587185,0.9071775194673287,20,6530,528296800,528296800,214,523013832000,523013832000,203640,False
991,0.1697204846105494,0.9422959805115713,nan,nan,20,6568,528296800,528296800,213,523542128800,523542128800,203853,False
992,0.15520752924257286,0.9434881455017863,nan,nan,20,6158,528296800,528296800,203,524070425600,524070425600,204056,False
993,0.1847405861401055,0.9314151890264303,nan,nan,20,5978,528296800,528296800,195,524598722400,524598722400,204251,False
994,0.19193355099970266,0.9302068529922628,nan,nan,20,6333,528296800,528296800,208,525127019200,525127019200,204459,False
995,0.223056482121646,0.9261363636363636,nan,nan,20,5808,528296800,528296800,193,525655316000,525655316000,204652,False
996,0.16911524589558555,0.9404429860541428,nan,nan,20,6095,528296800,528296800,201,526183612800,526183612800,204853,False
997,0.1744032461387246,0.9389608456156022,nan,nan,20,6717,528296800,528296800,220,526711909600,526711909600,205073,False
998,0.19665817552570414,0.9262321144674086,nan,nan,20,6290,528296800,528296800,204,527240206400,527240206400,205277,False
999,0.176118977201081,0.9371542716656422,nan,nan,20,6508,528296800,528296800,216,527768503200,527768503200,205493,False
1000,0.16332599266773917,0.9397960835086584,0.319386367822202,0.8995034420494301,20,6179,528296800,528296800,203,528296800000,528296800000,205696,True
