round,train_loss,train_accuracy,test_loss,test_accuracy,num_fit_clients,num_fit_examples,round_upload_bytes,round_download_bytes,round_local_steps,cumulative_upload_bytes,cumulative_download_bytes,cumulative_local_steps,run_completed
1,4.118432962744491,0.010062893081761006,nan,nan,20,6360,528296800,528296800,207,528296800,528296800,207,False
2,4.082912698072639,0.055342557092848806,nan,nan,20,5999,528296800,528296800,198,1056593600,1056593600,405,False
3,4.033342725218507,0.06701114161149685,nan,nan,20,6193,528296800,528296800,203,1584890400,1584890400,608,False
4,3.960121727866794,0.05985801871571474,nan,nan,20,6198,528296800,528296800,203,2113187200,2113187200,811,False
5,3.858795618620324,0.06314617464609512,nan,nan,20,6287,528296800,528296800,207,2641484000,2641484000,1018,False
6,3.805297311731546,0.0549165721691236,nan,nan,20,6173,528296800,528296800,201,3169780800,3169780800,1219,False
7,3.737824024763581,0.052985307908721475,nan,nan,20,6398,528296800,528296800,210,3698077600,3698077600,1429,False
8,3.723867442029665,0.05728835136855506,nan,nan,20,6284,528296800,528296800,204,4226374400,4226374400,1633,False
9,3.722268454667652,0.05707196029776675,nan,nan,20,6045,528296800,528296800,198,4754671200,4754671200,1831,False
10,3.717008193924596,0.060367055968451384,3.718056015015294,0.05907911070985216,20,6593,528296800,528296800,217,5282968000,5282968000,2048,False
11,3.6971474326986553,0.06104262587256795,nan,nan,20,6733,528296800,528296800,220,5811264800,5811264800,2268,False
12,3.740242564543299,0.05708495186623881,nan,nan,20,5921,528296800,528296800,193,6339561600,6339561600,2461,False
13,3.7006971980031054,0.06068684334326486,nan,nan,20,6377,528296800,528296800,208,6867858400,6867858400,2669,False
14,3.713924209239524,0.06510172143974961,nan,nan,20,6390,528296800,528296800,209,7396155200,7396155200,2878,False
15,3.720870782497728,0.05895971600555641,nan,nan,20,6479,528296800,528296800,212,7924452000,7924452000,3090,False
16,3.7253378116513884,0.05779876261803973,nan,nan,20,6142,528296800,528296800,205,8452748800,8452748800,3295,False
17,3.720949995611158,0.058529264632316155,nan,nan,20,5997,528296800,528296800,196,8981045600,8981045600,3491,False
18,3.7157823852259924,0.05471911931358264,nan,nan,20,6177,528296800,528296800,202,9509342400,9509342400,3693,False
19,3.7103427223183467,0.05886957883200251,nan,nan,20,6387,528296800,528296800,211,10037639200,10037639200,3904,False
20,3.6908914098320658,0.06621365360303413,3.7155102317697266,0.056427039837490124,20,6328,528296800,528296800,209,10565936000,10565936000,4113,False
21,3.7051708728255304,0.07131486787647245,nan,nan,20,6282,528296800,528296800,205,11094232800,11094232800,4318,False
22,3.690296900462748,0.0654094461433911,nan,nan,20,5886,528296800,528296800,192,11622529600,11622529600,4510,False
23,3.7254738034418597,0.060979462875197475,nan,nan,20,6330,528296800,528296800,207,12150826400,12150826400,4717,False
24,3.698320878183406,0.06068726355611601,nan,nan,20,6344,528296800,528296800,208,12679123200,12679123200,4925,False
25,3.711606776597547,0.05540388630158985,nan,nan,20,6227,528296800,528296800,204,13207420000,13207420000,5129,False
26,3.6928266747817164,0.07585139318885449,nan,nan,20,6460,528296800,528296800,211,13735716800,13735716800,5340,False
27,3.700415710014815,0.06395173453996983,nan,nan,20,6630,528296800,528296800,216,14264013600,14264013600,5556,False
28,3.710858345352481,0.05799701046337818,nan,nan,20,6690,528296800,528296800,217,14792310400,14792310400,5773,False
29,3.728467159927539,0.05959828778399737,nan,nan,20,6074,528296800,528296800,199,15320607200,15320607200,5972,False
30,3.7138448080982873,0.0685173299101412,3.710102777989074,0.056427039837490124,20,6232,528296800,528296800,204,15848904000,15848904000,6176,False
31,3.7154028332466273,0.060358629522894655,nan,nan,20,6246,528296800,528296800,205,16377200800,16377200800,6381,False
32,3.686290536506055,0.06727587836773279,nan,nan,20,6347,528296800,528296800,207,16905497600,16905497600,6588,False
33,3.684276584330324,0.07459207459207459,nan,nan,20,6435,528296800,528296800,211,17433794400,17433794400,6799,False
34,3.7058533382938172,0.06710286062081558,nan,nan,20,6572,528296800,528296800,215,17962091200,17962091200,7014,False
35,3.703467739107976,0.06379227440294918,nan,nan,20,6239,528296800,528296800,205,18490388000,18490388000,7219,False
36,3.692746603068002,0.060738581146744415,nan,nan,20,6174,528296800,528296800,203,19018684800,19018684800,7422,False
37,3.7263767292450627,0.0570814030443415,nan,nan,20,6044,528296800,528296800,198,19546981600,19546981600,7620,False
38,3.7085282450393477,0.06125290023201856,nan,nan,20,6465,528296800,528296800,212,20075278400,20075278400,7832,False
39,3.7128670138733937,0.06148253516674569,nan,nan,20,6327,528296800,528296800,209,20603575200,20603575200,8041,False
40,3.697606795661222,0.06390789254129818,3.7086086574008132,0.0754429522627243,20,5993,528296800,528296800,195,21131872000,21131872000,8236,False
41,3.6823076569885824,0.06503028371055149,nan,nan,20,6274,528296800,528296800,204,21660168800,21660168800,8440,False
42,3.7242321877217246,0.0617347818589412,nan,nan,20,5799,528296800,528296800,191,22188465600,22188465600,8631,False
43,3.68633342445377,0.06705184734681466,nan,nan,20,6577,528296800,528296800,213,22716762400,22716762400,8844,False
44,3.70004698108009,0.06294135707706479,nan,nan,20,6514,528296800,528296800,212,23245059200,23245059200,9056,False
45,3.7123088119221643,0.06267029972752043,nan,nan,20,5872,528296800,528296800,191,23773356000,23773356000,9247,False
46,3.707187034825657,0.056802565277141545,nan,nan,20,6549,528296800,528296800,215,24301652800,24301652800,9462,False
47,3.699044585660907,0.06300331596399811,nan,nan,20,6333,528296800,528296800,208,24829949600,24829949600,9670,False
48,3.6923322634977978,0.06795210698180687,nan,nan,20,6431,528296800,528296800,209,25358246400,25358246400,9879,False
49,3.7168895778401057,0.06516290726817042,nan,nan,20,5985,528296800,528296800,197,25886543200,25886543200,10076,False
50,3.69368779154464,0.06728356336260978,3.7048317859517494,0.09457171876763346,20,6376,528296800,528296800,208,26414840000,26414840000,10284,False
51,3.672097393585933,0.06932918395573998,nan,nan,20,5784,528296800,528296800,191,26943136800,26943136800,10475,False
52,3.6950827901391867,0.07187250996015936,nan,nan,20,6275,528296800,528296800,206,27471433600,27471433600,10681,False
53,3.7010212798199054,0.06250917094644168,nan,nan,20,6815,528296800,528296800,223,27999730400,27999730400,10904,False
54,3.6983757607176853,0.05898168375063015,nan,nan,20,5951,528296800,528296800,197,28528027200,28528027200,11101,False
55,3.6846071825434903,0.06459087617668356,nan,nan,20,6905,528296800,528296800,225,29056324000,29056324000,11326,False
56,3.681635041509071,0.07142857142857142,nan,nan,20,6692,528296800,528296800,218,29584620800,29584620800,11544,False
57,3.6965083464394657,0.06432192648922687,nan,nan,20,6312,528296800,528296800,204,30112917600,30112917600,11748,False
58,3.677897488431738,0.06580925338232838,nan,nan,20,5987,528296800,528296800,196,30641214400,30641214400,11944,False
59,3.7135758363096425,0.05906912014844596,nan,nan,20,6467,528296800,528296800,211,31169511200,31169511200,12155,False
60,3.6841991536480463,0.0647538413295704,3.7019143209219543,0.05907911070985216,20,6378,528296800,528296800,208,31697808000,31697808000,12363,False
61,3.7047674276476217,0.06845238095238096,nan,nan,20,6384,528296800,528296800,206,32226104800,32226104800,12569,False
62,3.6971440399094093,0.0672782874617737,nan,nan,20,6540,528296800,528296800,213,32754401600,32754401600,12782,False
63,3.689685555178554,0.06132989025177534,nan,nan,20,6196,528296800,528296800,203,33282698400,33282698400,12985,False
64,3.707548922720817,0.06064356435643564,nan,nan,20,6464,528296800,528296800,211,33810995200,33810995200,13196,False
65,3.685892162725082,0.06814133016627079,nan,nan,20,6736,528296800,528296800,220,34339292000,34339292000,13416,False
66,3.689712054760188,0.06199930337861372,nan,nan,20,5742,528296800,528296800,189,34867588800,34867588800,13605,False
67,3.6676283462046095,0.07498444306160548,nan,nan,20,6428,528296800,528296800,210,35395885600,35395885600,13815,False
68,3.691594468688965,0.05584,nan,nan,20,6250,528296800,528296800,206,35924182400,35924182400,14021,False
69,3.6701322868803943,0.0744336569579288,nan,nan,20,6180,528296800,528296800,203,36452479200,36452479200,14224,False
70,3.69143559561357,0.06892400300978178,3.6984183033571973,0.08435842455704774,20,6645,528296800,528296800,216,36980776000,36980776000,14440,False
71,3.714484742042505,0.06688341848583372,nan,nan,20,6459,528296800,528296800,210,37509072800,37509072800,14650,False
72,3.68409365799017,0.06878980891719745,nan,nan,20,6280,528296800,528296800,206,38037369600,38037369600,14856,False
73,3.7068112988851833,0.05754060324825986,nan,nan,20,6465,528296800,528296800,212,38565666400,38565666400,15068,False
74,3.6978517187092446,0.058567980691874494,nan,nan,20,6215,528296800,528296800,203,39093963200,39093963200,15271,False
75,3.7066987467003636,0.0648995983935743,nan,nan,20,6225,528296800,528296800,205,39622260000,39622260000,15476,False
76,3.688842594382251,0.06711304889442542,nan,nan,20,6422,528296800,528296800,210,40150556800,40150556800,15686,False
77,3.6844887608484878,0.06908981676179032,nan,nan,20,6658,528296800,528296800,218,40678853600,40678853600,15904,False
78,3.674997377512753,0.07000307031010132,nan,nan,20,6514,528296800,528296800,211,41207150400,41207150400,16115,False
79,3.7344918988468097,0.05938440950150552,nan,nan,20,5978,528296800,528296800,196,41735447200,41735447200,16311,False
80,3.6814823474880773,0.0669742012643089,3.6958385013777924,0.051912876650490915,20,5853,528296800,528296800,191,42263744000,42263744000,16502,False
81,3.685797783884333,0.0736312146003776,nan,nan,20,6356,528296800,528296800,208,42792040800,42792040800,16710,False
82,3.700242341428288,0.061614392612641296,nan,nan,20,6281,528296800,528296800,205,43320337600,43320337600,16915,False
83,3.676780019014162,0.06811862835959222,nan,nan,20,6474,528296800,528296800,212,43848634400,43848634400,17127,False
84,3.691097157782522,0.06720945083014049,nan,nan,20,6264,528296800,528296800,206,44376931200,44376931200,17333,False
85,3.6854106516288394,0.06872852233676977,nan,nan,20,6402,528296800,528296800,209,44905228000,44905228000,17542,False
86,3.656935614869529,0.0741256576911173,nan,nan,20,6462,528296800,528296800,213,45433524800,45433524800,17755,False
87,3.674202179523231,0.07213062777425491,nan,nan,20,6308,528296800,528296800,208,45961821600,45961821600,17963,False
88,3.697340083870745,0.0722926267281106,nan,nan,20,6944,528296800,528296800,224,46490118400,46490118400,18187,False
89,3.673035200673222,0.06447963800904978,nan,nan,20,6188,528296800,528296800,204,47018415200,47018415200,18391,False
90,3.680579155089545,0.06690920594748498,3.6928141962229404,0.05907911070985216,20,6322,528296800,528296800,208,47546712000,47546712000,18599,False
91,3.6795099541041125,0.06873898413715751,nan,nan,20,6241,528296800,528296800,205,48075008800,48075008800,18804,False
92,3.690544713694487,0.07106681914719817,nan,nan,20,6121,528296800,528296800,198,48603305600,48603305600,19002,False
93,3.668761939921431,0.07031618688060406,nan,nan,20,6357,528296800,528296800,206,49131602400,49131602400,19208,False
94,3.6740629423289874,0.06623356045000792,nan,nan,20,6311,528296800,528296800,208,49659899200,49659899200,19416,False
95,3.7056104511245427,0.06883072739632903,nan,nan,20,5884,528296800,528296800,194,50188196000,50188196000,19610,False
96,3.6568494152688156,0.0787223745765446,nan,nan,20,6199,528296800,528296800,203,50716492800,50716492800,19813,False
97,3.6754501411785183,0.07112068965517242,nan,nan,20,6032,528296800,528296800,198,51244789600,51244789600,20011,False
98,3.6887713181196133,0.07170356111645813,nan,nan,20,6234,528296800,528296800,205,51773086400,51773086400,20216,False
99,3.671178309970686,0.07088266147160198,nan,nan,20,6673,528296800,528296800,215,52301383200,52301383200,20431,False
100,3.6922231429393615,0.07361376673040153,3.6874455307585,0.05913553774968965,20,6276,528296800,528296800,208,52829680000,52829680000,20639,False
101,3.668103398615437,0.07118696186961869,nan,nan,20,6504,528296800,528296800,211,53357976800,53357976800,20850,False
102,3.674572199038389,0.07067766456412744,nan,nan,20,6183,528296800,528296800,203,53886273600,53886273600,21053,False
103,3.641441487521385,0.08747725894481503,nan,nan,20,6596,528296800,528296800,215,54414570400,54414570400,21268,False
104,3.6886757999188515,0.07113564668769716,nan,nan,20,6340,528296800,528296800,208,54942867200,54942867200,21476,False
105,3.6618424522470856,0.07991803278688525,nan,nan,20,6344,528296800,528296800,208,55471164000,55471164000,21684,False
106,3.6690831413368064,0.07430240103828682,nan,nan,20,6164,528296800,528296800,200,55999460800,55999460800,21884,False
107,3.6716695534374786,0.06669798027242838,nan,nan,20,6387,528296800,528296800,210,56527757600,56527757600,22094,False
108,3.6780102193819237,0.07192132687509174,nan,nan,20,6813,528296800,528296800,220,57056054400,57056054400,22314,False
109,3.671802614449527,0.07501945525291828,nan,nan,20,6425,528296800,528296800,208,57584351200,57584351200,22522,False
110,3.6831360766359182,0.06533375314861462,3.6797528573640945,0.05907911070985216,20,6352,528296800,528296800,207,58112648000,58112648000,22729,False
111,3.678554582450027,0.07370453813968458,nan,nan,20,6214,528296800,528296800,203,58640944800,58640944800,22932,False
112,3.6770438033552555,0.07729848866498741,nan,nan,20,6352,528296800,528296800,207,59169241600,59169241600,23139,False
113,3.658839019348956,0.07485828609536513,nan,nan,20,5998,528296800,528296800,198,59697538400,59697538400,23337,False
114,3.638094600780684,0.08223031105228326,nan,nan,20,6044,528296800,528296800,196,60225835200,60225835200,23533,False
115,3.66213383420618,0.08218975948059613,nan,nan,20,6777,528296800,528296800,219,60754132000,60754132000,23752,False
116,3.6608098854741655,0.07586966787344562,nan,nan,20,6353,528296800,528296800,208,61282428800,61282428800,23960,False
117,3.6407171425898026,0.07535829865926953,nan,nan,20,6489,528296800,528296800,214,61810725600,61810725600,24174,False
118,3.6174212699446175,0.08001265022137888,nan,nan,20,6324,528296800,528296800,207,62339022400,62339022400,24381,False
119,3.674975105733783,0.07837301587301587,nan,nan,20,6048,528296800,528296800,200,62867319200,62867319200,24581,False
120,3.642211226514868,0.07647058823529412,3.6691829112915757,0.11810179437986683,20,6290,528296800,528296800,206,63395616000,63395616000,24787,False
121,3.656696647737412,0.07547478716437458,nan,nan,20,6108,528296800,528296800,198,63923912800,63923912800,24985,False
122,3.638216518407434,0.07597886886264761,nan,nan,20,6436,528296800,528296800,210,64452209600,64452209600,25195,False
123,3.6475180364476163,0.07917605407145156,nan,nan,20,6214,528296800,528296800,202,64980506400,64980506400,25397,False
124,3.6346023694888965,0.08015970515970516,nan,nan,20,6512,528296800,528296800,212,65508803200,65508803200,25609,False
125,3.638348889569839,0.08346999016070843,nan,nan,20,6098,528296800,528296800,200,66037100000,66037100000,25809,False
126,3.6570143952071574,0.0722588752748979,nan,nan,20,6366,528296800,528296800,208,66565396800,66565396800,26017,False
127,3.6458062293611206,0.08037265119216801,nan,nan,20,6333,528296800,528296800,208,67093693600,67093693600,26225,False
128,3.681432822429074,0.07498758483694752,nan,nan,20,6041,528296800,528296800,197,67621990400,67621990400,26422,False
129,3.6193545324160112,0.07651191203420891,nan,nan,20,6548,528296800,528296800,216,68150287200,68150287200,26638,False
130,3.6259813362616025,0.07957799547852298,3.650629368663547,0.1131362148741677,20,6635,528296800,528296800,216,68678584000,68678584000,26854,False
131,3.636260201446992,0.08586466165413534,nan,nan,20,6650,528296800,528296800,218,69206880800,69206880800,27072,False
132,3.6305394030510203,0.08590670170827858,nan,nan,20,6088,528296800,528296800,200,69735177600,69735177600,27272,False
133,3.6148836986123634,0.09263583995017904,nan,nan,20,6423,528296800,528296800,210,70263474400,70263474400,27482,False
134,3.611427008409749,0.08533653846153846,nan,nan,20,5824,528296800,528296800,192,70791771200,70791771200,27674,False
135,3.649335375977042,0.08029541169076053,nan,nan,20,6364,528296800,528296800,207,71320068000,71320068000,27881,False
136,3.5930662120479386,0.08088235294117647,nan,nan,20,6120,528296800,528296800,202,71848364800,71848364800,28083,False
137,3.62722096847992,0.07927037163314013,nan,nan,20,5866,528296800,528296800,193,72376661600,72376661600,28276,False
138,3.6148572787230338,0.09081130915795943,nan,nan,20,6508,528296800,528296800,214,72904958400,72904958400,28490,False
139,3.602000136087225,0.08902077151335312,nan,nan,20,6403,528296800,528296800,210,73433255200,73433255200,28700,False
140,3.6007908572505,0.08905409680480861,3.633597689817915,0.07521724410337434,20,6322,528296800,528296800,204,73961552000,73961552000,28904,False
141,3.6058783306237623,0.08731028008136442,nan,nan,20,6391,528296800,528296800,210,74489848800,74489848800,29114,False
142,3.6127232031450096,0.08448709880427942,nan,nan,20,6356,528296800,528296800,206,75018145600,75018145600,29320,False
143,3.5993298891035175,0.09101694915254237,nan,nan,20,5900,528296800,528296800,195,75546442400,75546442400,29515,False
144,3.625699957645575,0.08875177978168011,nan,nan,20,6321,528296800,528296800,209,76074739200,76074739200,29724,False
145,3.6140212763015196,0.07986326911124922,nan,nan,20,6436,528296800,528296800,209,76603036000,76603036000,29933,False
146,3.613100865632418,0.1007383100902379,nan,nan,20,6095,528296800,528296800,198,77131332800,77131332800,30131,False
147,3.5996237588626974,0.09633541366618659,nan,nan,20,6249,528296800,528296800,204,77659629600,77659629600,30335,False
148,3.5993440357517597,0.09619450317124736,nan,nan,20,6622,528296800,528296800,216,78187926400,78187926400,30551,False
149,3.6065433021600155,0.0838984387320612,nan,nan,20,6341,528296800,528296800,207,78716223200,78716223200,30758,False
150,3.582396678041125,0.09984179996484444,3.5932568323933745,0.11736824286197946,20,5689,528296800,528296800,186,79244520000,79244520000,30944,False
151,3.58027475411245,0.09890610756608934,nan,nan,20,6582,528296800,528296800,214,79772816800,79772816800,31158,False
152,3.5710618060130335,0.10006303183107469,nan,nan,20,6346,528296800,528296800,207,80301113600,80301113600,31365,False
153,3.583061619504527,0.09545733578882751,nan,nan,20,6516,528296800,528296800,214,80829410400,80829410400,31579,False
154,3.53892239009412,0.1050401089753292,nan,nan,20,6607,528296800,528296800,218,81357707200,81357707200,31797,False
155,3.5644560501552736,0.10802367642222953,nan,nan,20,6082,528296800,528296800,199,81886004000,81886004000,31996,False
156,3.5295122668751158,0.11103989745233135,nan,nan,20,6241,528296800,528296800,205,82414300800,82414300800,32201,False
157,3.5351887156342023,0.11051552892952861,nan,nan,20,6343,528296800,528296800,208,82942597600,82942597600,32409,False
158,3.5233030952809945,0.11042722664735699,nan,nan,20,5524,528296800,528296800,181,83470894400,83470894400,32590,False
159,3.496700161170843,0.1219437652811736,nan,nan,20,6544,528296800,528296800,215,83999191200,83999191200,32805,False
160,3.5413220624548685,0.1132596685082873,3.5436301669691312,0.13807696648233833,20,6154,528296800,528296800,199,84527488000,84527488000,33004,False
161,3.532585869239576,0.11181075561606535,nan,nan,20,5876,528296800,528296800,194,85055784800,85055784800,33198,False
162,3.525132691974504,0.11985771729044231,nan,nan,20,6466,528296800,528296800,214,85584081600,85584081600,33412,False
163,3.4913882193687025,0.1297448662103298,nan,nan,20,6428,528296800,528296800,208,86112378400,86112378400,33620,False
164,3.493620174902457,0.12749918059652574,nan,nan,20,6102,528296800,528296800,200,86640675200,86640675200,33820,False
165,3.4867156581840932,0.12538040170419965,nan,nan,20,6572,528296800,528296800,214,87168972000,87168972000,34034,False
166,3.4391980526633725,0.13572790845518118,nan,nan,20,6292,528296800,528296800,208,87697268800,87697268800,34242,False
167,3.4702990087804437,0.13422594142259414,nan,nan,20,5975,528296800,528296800,196,88225565600,88225565600,34438,False
168,3.4680811939946152,0.1303863889330577,nan,nan,20,6289,528296800,528296800,205,88753862400,88753862400,34643,False
169,3.453971604270881,0.12426969840517922,nan,nan,20,6333,528296800,528296800,207,89282159200,89282159200,34850,False
170,3.463105798554499,0.13096309630963096,3.4463890445594285,0.14947522852951134,20,6666,528296800,528296800,216,89810456000,89810456000,35066,False
171,3.427825825180163,0.13444976076555024,nan,nan,20,6270,528296800,528296800,205,90338752800,90338752800,35271,False
172,3.3942100183523287,0.15213178294573643,nan,nan,20,6192,528296800,528296800,204,90867049600,90867049600,35475,False
173,3.426168844536003,0.13682219419924338,nan,nan,20,6344,528296800,528296800,208,91395346400,91395346400,35683,False
174,3.4051832738234573,0.15789473684210525,nan,nan,20,5947,528296800,528296800,196,91923643200,91923643200,35879,False
175,3.4025753951391464,0.14814814814814814,nan,nan,20,6507,528296800,528296800,213,92451940000,92451940000,36092,False
176,3.360193487448551,0.15663026521060844,nan,nan,20,6410,528296800,528296800,212,92980236800,92980236800,36304,False
177,3.3445354484257344,0.1662692735654109,nan,nan,20,6291,528296800,528296800,203,93508533600,93508533600,36507,False
178,3.3125138558233846,0.1680241327300151,nan,nan,20,6630,528296800,528296800,216,94036830400,94036830400,36723,False
179,3.306379105852938,0.1799169859514687,nan,nan,20,6264,528296800,528296800,208,94565127200,94565127200,36931,False
180,3.3071897089972704,0.1861128725428028,3.3066116363573608,0.25617876086220515,20,6308,528296800,528296800,206,95093424000,95093424000,37137,False
181,3.2916075638860725,0.17870485678704856,nan,nan,20,6424,528296800,528296800,210,95621720800,95621720800,37347,False
182,3.256810814608037,0.18229665071770335,nan,nan,20,6270,528296800,528296800,205,96150017600,96150017600,37552,False
183,3.2161609807912424,0.18660658794282162,nan,nan,20,6436,528296800,528296800,210,96678314400,96678314400,37762,False
184,3.215995362753763,0.20491262776129246,nan,nan,20,6066,528296800,528296800,197,97206611200,97206611200,37959,False
185,3.237103309547363,0.18100330240603868,nan,nan,20,6359,528296800,528296800,209,97734908000,97734908000,38168,False
186,3.176846590210682,0.2050680431722196,nan,nan,20,6393,528296800,528296800,206,98263204800,98263204800,38374,False
187,3.14283940186519,0.2188603126575895,nan,nan,20,5949,528296800,528296800,193,98791501600,98791501600,38567,False
188,3.1874733939874567,0.1922273968202987,nan,nan,20,6227,528296800,528296800,204,99319798400,99319798400,38771,False
189,3.1254700458870968,0.22086190009794318,nan,nan,20,6126,528296800,528296800,201,99848095200,99848095200,38972,False
190,3.138315906235204,0.21789137380191692,3.1374730216018665,0.2680848662679156,20,6260,528296800,528296800,206,100376392000,100376392000,39178,False
191,3.1078326990613485,0.22709955275799237,nan,nan,20,6037,528296800,528296800,200,100904688800,100904688800,39378,False
192,3.063570891937109,0.23101213229183978,nan,nan,20,6017,528296800,528296800,197,101432985600,101432985600,39575,False
193,3.045910944682228,0.24694820191355987,nan,nan,20,6062,528296800,528296800,197,101961282400,101961282400,39772,False
194,3.006686855991191,0.25152263374485595,nan,nan,20,6075,528296800,528296800,201,102489579200,102489579200,39973,False
195,2.9746579756836335,0.2510927634774162,nan,nan,20,6177,528296800,528296800,201,103017876000,103017876000,40174,False
196,2.9802598588671305,0.24833702882483372,nan,nan,20,6314,528296800,528296800,207,103546172800,103546172800,40381,False
197,2.9428253910502593,0.2483363581367211,nan,nan,20,6612,528296800,528296800,218,104074469600,104074469600,40599,False
198,2.940537019370803,0.257445400397088,nan,nan,20,6044,528296800,528296800,201,104602766400,104602766400,40800,False
199,2.9712576032327775,0.24938715476385032,nan,nan,20,6119,528296800,528296800,201,105131063200,105131063200,41001,False
200,2.865250173655157,0.2847926267281106,2.9016333491117985,0.2849565511793251,20,6510,528296800,528296800,211,105659360000,105659360000,41212,False
201,2.907917587045787,0.26761619190404795,nan,nan,20,6670,528296800,528296800,218,106187656800,106187656800,41430,False
202,2.888393610328696,0.2677191251438908,nan,nan,20,6081,528296800,528296800,200,106715953600,106715953600,41630,False
203,2.812723105198162,0.2895906061567756,nan,nan,20,6302,528296800,528296800,209,107244250400,107244250400,41839,False
204,2.819233311128985,0.280444587628866,nan,nan,20,6208,528296800,528296800,204,107772547200,107772547200,42043,False
205,2.7784539888381037,0.2956269162497983,nan,nan,20,6197,528296800,528296800,203,108300844000,108300844000,42246,False
206,2.722241448417858,0.3183641975308642,nan,nan,20,6480,528296800,528296800,215,108829140800,108829140800,42461,False
207,2.725264456312535,0.3157195081422399,nan,nan,20,6018,528296800,528296800,196,109357437600,109357437600,42657,False
208,2.6909738918418005,0.317643391521197,nan,nan,20,6416,528296800,528296800,210,109885734400,109885734400,42867,False
209,2.736863301654669,0.30254184748915064,nan,nan,20,6452,528296800,528296800,213,110414031200,110414031200,43080,False
210,2.642768169380123,0.3238919870854124,2.6773929057548016,0.36181017943798666,20,6814,528296800,528296800,222,110942328000,110942328000,43302,False
211,2.6510939182363886,0.3236638814441116,nan,nan,20,6343,528296800,528296800,208,111470624800,111470624800,43510,False
212,2.590482365395171,0.3501297908077569,nan,nan,20,6549,528296800,528296800,216,111998921600,111998921600,43726,False
213,2.6093699166056177,0.3421819359015863,nan,nan,20,6178,528296800,528296800,201,112527218400,112527218400,43927,False
214,2.6331526810390335,0.32325844512687896,nan,nan,20,6187,528296800,528296800,203,113055515200,113055515200,44130,False
215,2.6446902380614983,0.3327715642714877,nan,nan,20,6527,528296800,528296800,213,113583812000,113583812000,44343,False
216,2.5610588933278944,0.3464109781843772,nan,nan,20,5684,528296800,528296800,186,114112108800,114112108800,44529,False
217,2.5268207028395584,0.3490239294710327,nan,nan,20,6352,528296800,528296800,208,114640405600,114640405600,44737,False
218,2.5480644165198085,0.3541768441621886,nan,nan,20,6141,528296800,528296800,201,115168702400,115168702400,44938,False
219,2.578354696852749,0.3493625948039374,nan,nan,20,6197,528296800,528296800,202,115696999200,115696999200,45140,False
220,2.470067274039316,0.3649199874490116,2.5251932075284373,0.35729601625098745,20,6374,528296800,528296800,210,116225296000,116225296000,45350,False
221,2.4712122482018124,0.3625749447775323,nan,nan,20,6338,528296800,528296800,208,116753592800,116753592800,45558,False
222,2.417688402520668,0.38264622711713053,nan,nan,20,6719,528296800,528296800,219,117281889600,117281889600,45777,False
223,2.37735418855978,0.3945252087844108,nan,nan,20,6466,528296800,528296800,211,117810186400,117810186400,45988,False
224,2.467083664128161,0.36771653543307087,nan,nan,20,6350,528296800,528296800,207,118338483200,118338483200,46195,False
225,2.414836676267784,0.38007437248218157,nan,nan,20,6454,528296800,528296800,210,118866780000,118866780000,46405,False
226,2.3949483735587007,0.3787672270180221,nan,nan,20,6603,528296800,528296800,217,119395076800,119395076800,46622,False
227,2.3945879328593294,0.3775527145940561,nan,nan,20,6023,528296800,528296800,197,119923373600,119923373600,46819,False
228,2.348953822916259,0.38561060271378983,nan,nan,20,6338,528296800,528296800,207,120451670400,120451670400,47026,False
229,2.3616811701274414,0.39549786395004927,nan,nan,20,6086,528296800,528296800,201,120979967200,120979967200,47227,False
230,2.2748125927934795,0.4146302761028245,2.3628129228863783,0.39741564157544296,20,6302,528296800,528296800,206,121508264000,121508264000,47433,False
231,2.2920928261513516,0.4069390902081727,nan,nan,20,6485,528296800,528296800,210,122036560800,122036560800,47643,False
232,2.3311614884862393,0.407155577141007,nan,nan,20,6177,528296800,528296800,201,122564857600,122564857600,47844,False
233,2.252337804076168,0.41686330029888313,nan,nan,20,6357,528296800,528296800,209,123093154400,123093154400,48053,False
234,2.2730394042760103,0.414585567642102,nan,nan,20,6527,528296800,528296800,211,123621451200,123621451200,48264,False
235,2.175080622948105,0.4383561643835616,nan,nan,20,6570,528296800,528296800,214,124149748000,124149748000,48478,False
236,2.239844166751012,0.41401072893657304,nan,nan,20,6338,528296800,528296800,207,124678044800,124678044800,48685,False
237,2.240354511682993,0.4147501982553529,nan,nan,20,6305,528296800,528296800,207,125206341600,125206341600,48892,False
238,2.2070267710066935,0.43676096392755576,nan,nan,20,6681,528296800,528296800,219,125734638400,125734638400,49111,False
239,2.183846372566557,0.4412171507607192,nan,nan,20,6507,528296800,528296800,213,126262935200,126262935200,49324,False
240,2.2553438564081567,0.42463914065122527,2.2289851902704614,0.4388330888161607,20,5958,528296800,528296800,195,126791232000,126791232000,49519,False
241,2.2018624354189797,0.4307362620541864,nan,nan,20,6533,528296800,528296800,215,127319528800,127319528800,49734,False
242,2.175713374432325,0.4339317483422287,nan,nan,20,6183,528296800,528296800,202,127847825600,127847825600,49936,False
243,2.1825761046813366,0.436697545912563,nan,nan,20,6153,528296800,528296800,200,128376122400,128376122400,50136,False
244,2.0255487441829017,0.47317073170731705,nan,nan,20,6355,528296800,528296800,209,128904419200,128904419200,50345,False
245,2.16249333511631,0.4371748384045404,nan,nan,20,6343,528296800,528296800,207,129432716000,129432716000,50552,False
246,2.2537732739259515,0.4098073555166375,nan,nan,20,6281,528296800,528296800,207,129961012800,129961012800,50759,False
247,2.05998977335055,0.47736250379823764,nan,nan,20,6582,528296800,528296800,215,130489309600,130489309600,50974,False
248,2.081434528855114,0.4559738643434972,nan,nan,20,6428,528296800,528296800,210,131017606400,131017606400,51184,False
249,2.0713133873382215,0.469013135735938,nan,nan,20,5938,528296800,528296800,196,131545903200,131545903200,51380,False
250,2.010254880585749,0.47956273764258556,2.124652812314375,0.4565511793251326,20,6312,528296800,528296800,206,132074200000,132074200000,51586,False
251,2.082498060516369,0.45447530864197533,nan,nan,20,6480,528296800,528296800,209,132602496800,132602496800,51795,False
252,2.035774683634144,0.47734326505276226,nan,nan,20,6444,528296800,528296800,211,133130793600,133130793600,52006,False
253,2.023244957407835,0.4768887472107109,nan,nan,20,6274,528296800,528296800,204,133659090400,133659090400,52210,False
254,1.9625520478033547,0.4895997478726757,nan,nan,20,6346,528296800,528296800,210,134187387200,134187387200,52420,False
255,2.1478412177698827,0.4313048933500627,nan,nan,20,6376,528296800,528296800,208,134715684000,134715684000,52628,False
256,2.0943371751188398,0.45267686424474185,nan,nan,20,6276,528296800,528296800,205,135243980800,135243980800,52833,False
257,1.9347434720850938,0.5001655629139072,nan,nan,20,6040,528296800,528296800,197,135772277600,135772277600,53030,False
258,2.0528607775228207,0.46095179987797436,nan,nan,20,6556,528296800,528296800,214,136300574400,136300574400,53244,False
259,2.0004747261176705,0.47628143903215536,nan,nan,20,6282,528296800,528296800,207,136828871200,136828871200,53451,False
260,2.050389040078961,0.46400483968542044,2.0427759046977534,0.47635707030809166,20,6612,528296800,528296800,215,137357168000,137357168000,53666,False
261,1.9571552533070762,0.4891562450530315,nan,nan,20,6317,528296800,528296800,207,137885464800,137885464800,53873,False
262,1.9365511053228774,0.4889307583608102,nan,nan,20,6369,528296800,528296800,209,138413761600,138413761600,54082,False
263,1.9259745006979947,0.4971250971250971,nan,nan,20,6435,528296800,528296800,209,138942058400,138942058400,54291,False
264,2.024787026862149,0.4719520103761349,nan,nan,20,6168,528296800,528296800,201,139470355200,139470355200,54492,False
265,1.9474430401419591,0.48855905998763144,nan,nan,20,6468,528296800,528296800,210,139998652000,139998652000,54702,False
266,1.9414545475022886,0.4954858454475899,nan,nan,20,6535,528296800,528296800,214,140526948800,140526948800,54916,False
267,1.9355385274698163,0.5100660331776453,nan,nan,20,6209,528296800,528296800,204,141055245600,141055245600,55120,False
268,1.8943170313314592,0.5145772594752187,nan,nan,20,6174,528296800,528296800,203,141583542400,141583542400,55323,False
269,1.7947218079849288,0.5351747291316954,nan,nan,20,6553,528296800,528296800,216,142111839200,142111839200,55539,False
270,1.8237137396537155,0.5207416719044626,1.9624918361991432,0.49791219952601284,20,6364,528296800,528296800,207,142640136000,142640136000,55746,False
271,1.8234322841816994,0.524702144559174,nan,nan,20,6295,528296800,528296800,205,143168432800,143168432800,55951,False
272,1.8313095047845132,0.5229330114665057,nan,nan,20,6628,528296800,528296800,217,143696729600,143696729600,56168,False
273,1.809737769801695,0.5278493238892467,nan,nan,20,6212,528296800,528296800,205,144225026400,144225026400,56373,False
274,1.8817854022336329,0.5057471264367817,nan,nan,20,6003,528296800,528296800,198,144753323200,144753323200,56571,False
275,1.8530064940255417,0.5227785295444294,nan,nan,20,6651,528296800,528296800,216,145281620000,145281620000,56787,False
276,1.6659770954261268,0.5592074950084472,nan,nan,20,6511,528296800,528296800,212,145809916800,145809916800,56999,False
277,1.7252567418177782,0.5460641864920964,nan,nan,20,6263,528296800,528296800,205,146338213600,146338213600,57204,False
278,1.7723597052286688,0.5376188174641534,nan,nan,20,6207,528296800,528296800,204,146866510400,146866510400,57408,False
279,1.6834453203873807,0.5636558153752101,nan,nan,20,6543,528296800,528296800,215,147394807200,147394807200,57623,False
280,1.7578293599567647,0.5421118793211817,1.8886142288531316,0.5005642703983749,20,6364,528296800,528296800,207,147923104000,147923104000,57830,False
281,1.732225935128825,0.5512711141443439,nan,nan,20,5861,528296800,528296800,193,148451400800,148451400800,58023,False
282,1.7370669790676663,0.5444444444444444,nan,nan,20,6300,528296800,528296800,207,148979697600,148979697600,58230,False
283,1.7745999187483625,0.538135593220339,nan,nan,20,6136,528296800,528296800,200,149507994400,149507994400,58430,False
284,1.7903884444651947,0.5319042871385843,nan,nan,20,6018,528296800,528296800,198,150036291200,150036291200,58628,False
285,1.7793568948078764,0.5326171570917017,nan,nan,20,6423,528296800,528296800,210,150564588000,150564588000,58838,False
286,1.7262703814779479,0.5502706248974906,nan,nan,20,6097,528296800,528296800,201,151092884800,151092884800,59039,False
287,1.6241608411169821,0.5756451612903226,nan,nan,20,6200,528296800,528296800,203,151621181600,151621181600,59242,False
288,1.752530194156321,0.5391304347826087,nan,nan,20,6555,528296800,528296800,215,152149478400,152149478400,59457,False
289,1.7794502443374138,0.5308777429467084,nan,nan,20,6380,528296800,528296800,208,152677775200,152677775200,59665,False
290,1.7219786552514593,0.5484891631071033,1.8231689484659428,0.5238686378512584,20,6321,528296800,528296800,207,153206072000,153206072000,59872,False
291,1.6762931301535986,0.5556919300398895,nan,nan,20,6518,528296800,528296800,212,153734368800,153734368800,60084,False
292,1.7641602744495761,0.5503793894476795,nan,nan,20,5667,528296800,528296800,185,154262665600,154262665600,60269,False
293,1.5967388026650382,0.5684291187739463,nan,nan,20,6525,528296800,528296800,215,154790962400,154790962400,60484,False
294,1.7185195494020051,0.5453534551231136,nan,nan,20,6295,528296800,528296800,206,155319259200,155319259200,60690,False
295,1.7377487582810116,0.5415244596131968,nan,nan,20,6153,528296800,528296800,202,155847556000,155847556000,60892,False
296,1.7380626814722877,0.5381054719788395,nan,nan,20,6049,528296800,528296800,201,156375852800,156375852800,61093,False
297,1.5909798584505686,0.5846201358863496,nan,nan,20,6476,528296800,528296800,210,156904149600,156904149600,61303,False
298,1.6652190148113437,0.567121090617482,nan,nan,20,6235,528296800,528296800,206,157432446400,157432446400,61509,False
299,1.5713190367490115,0.5896864555148814,nan,nan,20,6283,528296800,528296800,206,157960743200,157960743200,61715,False
300,1.6746490953014601,0.5565300590017541,1.7527423467179775,0.5431102584358425,20,6271,528296800,528296800,205,158489040000,158489040000,61920,False
301,1.6404465922666795,0.5726000964785335,nan,nan,20,6219,528296800,528296800,205,159017336800,159017336800,62125,False
302,1.6195336318187166,0.5740031897926635,nan,nan,20,6270,528296800,528296800,206,159545633600,159545633600,62331,False
303,1.6707260958155548,0.5577100646352724,nan,nan,20,6498,528296800,528296800,213,160073930400,160073930400,62544,False
304,1.633167015406005,0.5747981636852937,nan,nan,20,6317,528296800,528296800,206,160602227200,160602227200,62750,False
305,1.6895126571176569,0.5555357778568886,nan,nan,20,5618,528296800,528296800,185,161130524000,161130524000,62935,False
306,1.6665870889727876,0.5591564583656381,nan,nan,20,6449,528296800,528296800,210,161658820800,161658820800,63145,False
307,1.5699776623549462,0.5855954809351953,nan,nan,20,6373,528296800,528296800,208,162187117600,162187117600,63353,False
308,1.7009602720046675,0.5386367333658695,nan,nan,20,6147,528296800,528296800,199,162715414400,162715414400,63552,False
309,1.6299932279036595,0.5842735042735042,nan,nan,20,5850,528296800,528296800,192,163243711200,163243711200,63744,False
310,1.5148895131321247,0.585480093676815,1.6952761087443433,0.5455366211488545,20,5978,528296800,528296800,197,163772008000,163772008000,63941,False
311,1.6291319083831626,0.5672681228236783,nan,nan,20,6318,528296800,528296800,208,164300304800,164300304800,64149,False
312,1.569593375475215,0.5881775012280989,nan,nan,20,6107,528296800,528296800,201,164828601600,164828601600,64350,False
313,1.476264890003756,0.6106496588549392,nan,nan,20,6742,528296800,528296800,220,165356898400,165356898400,64570,False
314,1.4836022702740952,0.6083598364379827,nan,nan,20,6603,528296800,528296800,214,165885195200,165885195200,64784,False
315,1.4403308156429935,0.6093130779392338,nan,nan,20,6056,528296800,528296800,198,166413492000,166413492000,64982,False
316,1.538988497502553,0.6011989272755955,nan,nan,20,6339,528296800,528296800,207,166941788800,166941788800,65189,False
317,1.6211868186081067,0.5647783672770836,nan,nan,20,5843,528296800,528296800,192,167470085600,167470085600,65381,False
318,1.6178930520676496,0.5783005617977528,nan,nan,20,5696,528296800,528296800,184,167998382400,167998382400,65565,False
319,1.4766324650995972,0.6122878173351359,nan,nan,20,6657,528296800,528296800,217,168526679200,168526679200,65782,False
320,1.5841628593817296,0.5914750957854407,1.6473479348291273,0.5589662566301772,20,6264,528296800,528296800,206,169054976000,169054976000,65988,False
321,1.4952304835165424,0.6012730536967521,nan,nan,20,6127,528296800,528296800,201,169583272800,169583272800,66189,False
322,1.4647212633726288,0.615819209039548,nan,nan,20,6195,528296800,528296800,204,170111569600,170111569600,66393,False
323,1.5062257115353852,0.5920652695568709,nan,nan,20,6251,528296800,528296800,205,170639866400,170639866400,66598,False
324,1.4402911974698753,0.6193672099712368,nan,nan,20,6258,528296800,528296800,203,171168163200,171168163200,66801,False
325,1.3737625718398578,0.6321513002364066,nan,nan,20,6345,528296800,528296800,206,171696460000,171696460000,67007,False
326,1.4843267827395685,0.6021671826625387,nan,nan,20,6460,528296800,528296800,209,172224756800,172224756800,67216,False
327,1.3201489508481195,0.648159057437408,nan,nan,20,6790,528296800,528296800,224,172753053600,172753053600,67440,False
328,1.4300369643838036,0.6215133302511944,nan,nan,20,6489,528296800,528296800,211,173281350400,173281350400,67651,False
329,1.5301569127115906,0.5838957777428975,nan,nan,20,6371,528296800,528296800,207,173809647200,173809647200,67858,False
330,1.3694126628402972,0.6292152292152292,1.606982334595665,0.5643832524545762,20,6435,528296800,528296800,211,174337944000,174337944000,68069,False
331,1.350969696234497,0.6395385095104459,nan,nan,20,6414,528296800,528296800,210,174866240800,174866240800,68279,False
332,1.4906831585458185,0.5974811907098463,nan,nan,20,6114,528296800,528296800,200,175394537600,175394537600,68479,False
333,1.2760739833195234,0.6563967136150235,nan,nan,20,6816,528296800,528296800,223,175922834400,175922834400,68702,False
334,1.3501200229045087,0.6424693655964014,nan,nan,20,6447,528296800,528296800,212,176451131200,176451131200,68914,False
335,1.4538493497194616,0.6056338028169014,nan,nan,20,6248,528296800,528296800,204,176979428000,176979428000,69118,False
336,1.3474830928261994,0.6410996354799514,nan,nan,20,6584,528296800,528296800,217,177507724800,177507724800,69335,False
337,1.4700173862775505,0.605160414191139,nan,nan,20,5891,528296800,528296800,193,178036021600,178036021600,69528,False
338,1.3067196112439827,0.6475742333279247,nan,nan,20,6163,528296800,528296800,203,178564318400,178564318400,69731,False
339,1.4142338704549744,0.6146041506533436,nan,nan,20,6505,528296800,528296800,213,179092615200,179092615200,69944,False
340,1.3556118705391011,0.6366151342554923,1.5695747077068187,0.571605913553775,20,6145,528296800,528296800,204,179620912000,179620912000,70148,False
341,1.353139739436894,0.6528447444551592,nan,nan,20,6222,528296800,528296800,205,180149208800,180149208800,70353,False
342,1.3635509889082766,0.6466273321639292,nan,nan,20,6271,528296800,528296800,206,180677505600,180677505600,70559,False
343,1.3760490799277507,0.6261510128913443,nan,nan,20,5973,528296800,528296800,198,181205802400,181205802400,70757,False
344,1.389823481435692,0.6302507326603712,nan,nan,20,6142,528296800,528296800,202,181734099200,181734099200,70959,False
345,1.4642511249904295,0.6140236974517124,nan,nan,20,6161,528296800,528296800,203,182262396000,182262396000,71162,False
346,1.407702420326519,0.6202510736703006,nan,nan,20,6054,528296800,528296800,198,182790692800,182790692800,71360,False
347,1.341813277369679,0.648766328011611,nan,nan,20,6201,528296800,528296800,203,183318989600,183318989600,71563,False
348,1.1805832932884988,0.6885885885885886,nan,nan,20,6660,528296800,528296800,216,183847286400,183847286400,71779,False
349,1.339530968000441,0.638723712835388,nan,nan,20,6895,528296800,528296800,225,184375583200,184375583200,72004,False
350,1.4001490963611485,0.6175234400258649,1.5018333687952874,0.5959823947635707,20,6186,528296800,528296800,204,184903880000,184903880000,72208,False
351,1.407909827233079,0.6189185118240699,nan,nan,20,6639,528296800,528296800,220,185432176800,185432176800,72428,False
352,1.4153355675491754,0.6274354506573737,nan,nan,20,6313,528296800,528296800,207,185960473600,185960473600,72635,False
353,1.2320928309810621,0.663476623784123,nan,nan,20,6374,528296800,528296800,210,186488770400,186488770400,72845,False
354,1.4137253464109625,0.6245294855708908,nan,nan,20,6376,528296800,528296800,211,187017067200,187017067200,73056,False
355,1.3059307962870426,0.6482639974976541,nan,nan,20,6394,528296800,528296800,210,187545364000,187545364000,73266,False
356,1.27640615633489,0.6516752188348929,nan,nan,20,6626,528296800,528296800,216,188073660800,188073660800,73482,False
357,1.4601015922634653,0.6129865934420934,nan,nan,20,6191,528296800,528296800,204,188601957600,188601957600,73686,False
358,1.326651267424867,0.6534954407294833,nan,nan,20,6251,528296800,528296800,204,189130254400,189130254400,73890,False
359,1.250094684832298,0.6669329073482428,nan,nan,20,6260,528296800,528296800,206,189658551200,189658551200,74096,False
360,1.317259963431146,0.6483189992181392,1.497342842250252,0.5885904525448595,20,6395,528296800,528296800,210,190186848000,190186848000,74306,False
361,1.299198002347676,0.6602663363270362,nan,nan,20,6458,528296800,528296800,211,190715144800,190715144800,74517,False
362,1.1535087460085496,0.6891727493917275,nan,nan,20,6576,528296800,528296800,216,191243441600,191243441600,74733,False
363,1.3442632673431758,0.6402640264026402,nan,nan,20,6666,528296800,528296800,220,191771738400,191771738400,74953,False
364,1.3010640751573515,0.6466830466830467,nan,nan,20,6105,528296800,528296800,199,192300035200,192300035200,75152,False
365,1.2469731965337438,0.6669823232323232,nan,nan,20,6336,528296800,528296800,207,192828332000,192828332000,75359,False
366,1.365056414897268,0.6334991708126037,nan,nan,20,6030,528296800,528296800,197,193356628800,193356628800,75556,False
367,1.2619698323493371,0.6527755936467998,nan,nan,20,6359,528296800,528296800,209,193884925600,193884925600,75765,False
368,1.3508134101926101,0.6344664031620554,nan,nan,20,6325,528296800,528296800,208,194413222400,194413222400,75973,False
369,1.2785265126794134,0.6571428571428571,nan,nan,20,6405,528296800,528296800,209,194941519200,194941519200,76182,False
370,1.3237074391130828,0.6473915776241358,1.4153048506225423,0.6195688974156416,20,6364,528296800,528296800,209,195469816000,195469816000,76391,False
371,1.297013702549165,0.6605620461004105,nan,nan,20,6334,528296800,528296800,205,195998112800,195998112800,76596,False
372,1.3047144805211721,0.6584251968503937,nan,nan,20,6350,528296800,528296800,207,196526409600,196526409600,76803,False
373,1.2763846647272268,0.6599442531562552,nan,nan,20,6099,528296800,528296800,202,197054706400,197054706400,77005,False
374,1.2465770095832467,0.6575432811211871,nan,nan,20,6065,528296800,528296800,200,197583003200,197583003200,77205,False
375,1.266308124839952,0.6662227401365074,nan,nan,20,6007,528296800,528296800,198,198111300000,198111300000,77403,False
376,1.3358584539299778,0.6429715017611272,nan,nan,20,6246,528296800,528296800,203,198639596800,198639596800,77606,False
377,1.3148896319838255,0.6514719848053181,nan,nan,20,6318,528296800,528296800,209,199167893600,199167893600,77815,False
378,1.2560225325305998,0.660129659643436,nan,nan,20,6170,528296800,528296800,204,199696190400,199696190400,78019,False
379,1.1541405272321021,0.68649468892261,nan,nan,20,6590,528296800,528296800,216,200224487200,200224487200,78235,False
380,1.2017888049755823,0.6790753527469229,1.3795968501323799,0.6252680284392281,20,6662,528296800,528296800,216,200752784000,200752784000,78451,False
381,1.3105995054411899,0.6475790736021586,nan,nan,20,6671,528296800,528296800,217,201281080800,201281080800,78668,False
382,1.3131740711680306,0.6548098826003154,nan,nan,20,5707,528296800,528296800,188,201809377600,201809377600,78856,False
383,1.1335191390351336,0.6954566599472787,nan,nan,20,6449,528296800,528296800,212,202337674400,202337674400,79068,False
384,1.188207517810694,0.6751582522772889,nan,nan,20,6477,528296800,528296800,211,202865971200,202865971200,79279,False
385,1.3017741812919534,0.6524381206462131,nan,nan,20,6747,528296800,528296800,219,203394268000,203394268000,79498,False
386,1.3693960172903465,0.6314940303323653,nan,nan,20,6198,528296800,528296800,205,203922564800,203922564800,79703,False
387,1.2896870088960573,0.6592254354811432,nan,nan,20,5913,528296800,528296800,193,204450861600,204450861600,79896,False
388,1.3145681302270027,0.6497910639665703,nan,nan,20,6222,528296800,528296800,204,204979158400,204979158400,80100,False
389,1.1845616584076701,0.682068206820682,nan,nan,20,6363,528296800,528296800,209,205507455200,205507455200,80309,False
390,1.216472981937876,0.6636071592473611,1.3504962074798328,0.6351991874506263,20,6537,528296800,528296800,213,206035752000,206035752000,80522,False
391,1.2050690119426695,0.682963183782978,nan,nan,20,6709,528296800,528296800,218,206564048800,206564048800,80740,False
392,1.2159754946820265,0.6714992324748422,nan,nan,20,5863,528296800,528296800,193,207092345600,207092345600,80933,False
393,1.165263240860056,0.6874262101534829,nan,nan,20,6776,528296800,528296800,220,207620642400,207620642400,81153,False
394,1.082733225270011,0.7028758754284011,nan,nan,20,6711,528296800,528296800,220,208148939200,208148939200,81373,False
395,1.279724853319026,0.661061655126937,nan,nan,20,6066,528296800,528296800,197,208677236000,208677236000,81570,False
396,1.1474968717278047,0.6937519722309877,nan,nan,20,6338,528296800,528296800,206,209205532800,209205532800,81776,False
397,1.0936624388329057,0.7048399106478034,nan,nan,20,6715,528296800,528296800,221,209733829600,209733829600,81997,False
398,1.292957436713481,0.6508649367930806,nan,nan,20,6012,528296800,528296800,194,210262126400,210262126400,82191,False
399,1.1621930063837485,0.6869151206698407,nan,nan,20,6091,528296800,528296800,199,210790423200,210790423200,82390,False
400,1.1340261512699086,0.6935874168179068,1.298829059947386,0.6467667306173118,20,6612,528296800,528296800,215,211318720000,211318720000,82605,False
401,1.2368767273816772,0.6744622738135883,nan,nan,20,5858,528296800,528296800,194,211847016800,211847016800,82799,False
402,1.183297780837509,0.6777275886031967,nan,nan,20,5756,528296800,528296800,189,212375313600,212375313600,82988,False
403,1.1188029546041733,0.69594060969831,nan,nan,20,6331,528296800,528296800,206,212903610400,212903610400,83194,False
404,1.1512712698044527,0.6873933943247015,nan,nan,20,6449,528296800,528296800,211,213431907200,213431907200,83405,False
405,1.1627878238226332,0.6912369503321734,nan,nan,20,6322,528296800,528296800,206,213960204000,213960204000,83611,False
406,1.1737023913114766,0.6880013368983957,nan,nan,20,5984,528296800,528296800,196,214488500800,214488500800,83807,False
407,1.1279771318986904,0.6884203999379941,nan,nan,20,6451,528296800,528296800,211,215016797600,215016797600,84018,False
408,1.1305395989899207,0.6952291274325173,nan,nan,20,6372,528296800,528296800,207,215545094400,215545094400,84225,False
409,1.165974432938886,0.6744336569579288,nan,nan,20,6180,528296800,528296800,202,216073391200,216073391200,84427,False
410,1.202433594866252,0.6724334911049453,1.2828743917760965,0.6469924387766618,20,6127,528296800,528296800,201,216601688000,216601688000,84628,False
411,1.1993631713363873,0.6718285624902237,nan,nan,20,6393,528296800,528296800,209,217129984800,217129984800,84837,False
412,1.1533604165656455,0.687557603686636,nan,nan,20,6510,528296800,528296800,213,217658281600,217658281600,85050,False
413,1.0330611768399818,0.7196105279172372,nan,nan,20,6573,528296800,528296800,214,218186578400,218186578400,85264,False
414,1.0266464675438418,0.7169358707820246,nan,nan,20,6253,528296800,528296800,203,218714875200,218714875200,85467,False
415,1.0970594768181647,0.7052461662631154,nan,nan,20,6195,528296800,528296800,204,219243172000,219243172000,85671,False
416,1.1743098310913613,0.6835386001802343,nan,nan,20,6658,528296800,528296800,217,219771468800,219771468800,85888,False
417,1.2065965625494912,0.6776913099870299,nan,nan,20,6168,528296800,528296800,200,220299765600,220299765600,86088,False
418,1.0324733336273035,0.7192928985065529,nan,nan,20,6562,528296800,528296800,215,220828062400,220828062400,86303,False
419,1.137095574634603,0.6912087912087912,nan,nan,20,6370,528296800,528296800,210,221356359200,221356359200,86513,False
420,1.241044094821698,0.6528709308032062,1.2656421727836031,0.6535379753978107,20,6113,528296800,528296800,201,221884656000,221884656000,86714,False
421,1.1318107303146276,0.6830726770929163,nan,nan,20,6522,528296800,528296800,213,222412952800,222412952800,86927,False
422,1.2630809511582084,0.6589242053789731,nan,nan,20,5726,528296800,528296800,191,222941249600,222941249600,87118,False
423,1.163870036069663,0.6773303020461189,nan,nan,20,6158,528296800,528296800,202,223469546400,223469546400,87320,False
424,1.1006572803825057,0.6970954356846473,nan,nan,20,5784,528296800,528296800,191,223997843200,223997843200,87511,False
425,1.141137330809163,0.6890990851294775,nan,nan,20,6449,528296800,528296800,210,224526140000,224526140000,87721,False
426,1.1242351085658566,0.6934846989141165,nan,nan,20,6078,528296800,528296800,200,225054436800,225054436800,87921,False
427,1.187638750592288,0.6825786646201074,nan,nan,20,6515,528296800,528296800,211,225582733600,225582733600,88132,False
428,1.1759172997772225,0.6891679748822606,nan,nan,20,6370,528296800,528296800,208,226111030400,226111030400,88340,False
429,1.0945345104333633,0.7047213011211116,nan,nan,20,6333,528296800,528296800,207,226639327200,226639327200,88547,False
430,1.074128943573551,0.7070100980535636,1.2520019397847526,0.6531994131587857,20,6833,528296800,528296800,224,227167624000,227167624000,88771,False
431,1.0541969102389748,0.7189099917423617,nan,nan,20,6055,528296800,528296800,198,227695920800,227695920800,88969,False
432,1.0460201984431912,0.7161913523459061,nan,nan,20,6522,528296800,528296800,212,228224217600,228224217600,89181,False
433,1.1627940040938647,0.6857142857142857,nan,nan,20,6195,528296800,528296800,203,228752514400,228752514400,89384,False
434,1.2264284514643082,0.6623778501628664,nan,nan,20,6140,528296800,528296800,200,229280811200,229280811200,89584,False
435,1.140612510327069,0.6951486697965571,nan,nan,20,6390,528296800,528296800,208,229809108000,229809108000,89792,False
436,1.1213146369594604,0.6930041152263374,nan,nan,20,6075,528296800,528296800,202,230337404800,230337404800,89994,False
437,1.0096795970669679,0.7153461596727768,nan,nan,20,6601,528296800,528296800,218,230865701600,230865701600,90212,False
438,1.0696053484698436,0.706015037593985,nan,nan,20,6650,528296800,528296800,217,231393998400,231393998400,90429,False
439,0.964278666391537,0.7331245105716523,nan,nan,20,6385,528296800,528296800,207,231922295200,231922295200,90636,False
440,1.1042154349760205,0.6982189973614775,1.2148907928834878,0.6644283940864463,20,6064,528296800,528296800,200,232450592000,232450592000,90836,False
441,1.0421861863781114,0.7120272783632982,nan,nan,20,6452,528296800,528296800,212,232978888800,232978888800,91048,False
442,1.080676392836837,0.7120593130579512,nan,nan,20,6609,528296800,528296800,217,233507185600,233507185600,91265,False
443,0.9454859076683659,0.7393912130754235,nan,nan,20,6669,528296800,528296800,220,234035482400,234035482400,91485,False
444,1.0408018974598285,0.7192609548724657,nan,nan,20,6116,528296800,528296800,201,234563779200,234563779200,91686,False
445,1.13235783450453,0.6975247524752475,nan,nan,20,6060,528296800,528296800,200,235092076000,235092076000,91886,False
446,1.0405949306907059,0.7205553782317268,nan,nan,20,6266,528296800,528296800,207,235620372800,235620372800,92093,False
447,1.1025070906302328,0.6939379004435683,nan,nan,20,6087,528296800,528296800,198,236148669600,236148669600,92291,False
448,1.003726297191548,0.7214749169172338,nan,nan,20,6319,528296800,528296800,207,236676966400,236676966400,92498,False
449,1.0521831114848987,0.70242656449553,nan,nan,20,6264,528296800,528296800,206,237205263200,237205263200,92704,False
450,1.0619330897583728,0.7087189478811495,1.1790325800380486,0.6726103148628823,20,6159,528296800,528296800,203,237733560000,237733560000,92907,False
451,0.9103088783523776,0.743351691581432,nan,nan,20,6355,528296800,528296800,210,238261856800,238261856800,93117,False
452,1.0565406608590602,0.7112462006079028,nan,nan,20,6580,528296800,528296800,213,238790153600,238790153600,93330,False
453,0.936697780233077,0.7385601430913697,nan,nan,20,6709,528296800,528296800,221,239318450400,239318450400,93551,False
454,1.0687877992488202,0.7041942604856513,nan,nan,20,6342,528296800,528296800,207,239846747200,239846747200,93758,False
455,1.1348913915437588,0.6772041302621128,nan,nan,20,6295,528296800,528296800,206,240375044000,240375044000,93964,False
456,1.006845707616119,0.7251370399373531,nan,nan,20,6385,528296800,528296800,208,240903340800,240903340800,94172,False
457,1.0275496244430542,0.7200263504611331,nan,nan,20,6072,528296800,528296800,201,241431637600,241431637600,94373,False
458,1.0685082070397487,0.7125603864734299,nan,nan,20,6210,528296800,528296800,204,241959934400,241959934400,94577,False
459,1.0819901461140646,0.6948879213030157,nan,nan,20,6201,528296800,528296800,204,242488231200,242488231200,94781,False
460,0.9899818865367931,0.7348472983555208,1.1669529679935224,0.6724410337433698,20,6385,528296800,528296800,208,243016528000,243016528000,94989,False
461,0.9917064093094504,0.7406471981057616,nan,nan,20,6335,528296800,528296800,206,243544824800,243544824800,95195,False
462,1.0193668114125367,0.7107103995025649,nan,nan,20,6433,528296800,528296800,210,244073121600,244073121600,95405,False
463,1.0438540384835502,0.7120985188883342,nan,nan,20,6009,528296800,528296800,198,244601418400,244601418400,95603,False
464,0.9719705326002585,0.7284435369875922,nan,nan,20,6367,528296800,528296800,207,245129715200,245129715200,95810,False
465,0.9958359731449024,0.7351698231335108,nan,nan,20,6389,528296800,528296800,210,245658012000,245658012000,96020,False
466,1.0671370546760464,0.7047335319430652,nan,nan,20,6042,528296800,528296800,199,246186308800,246186308800,96219,False
467,1.0594883992641455,0.7099883662954961,nan,nan,20,6017,528296800,528296800,199,246714605600,246714605600,96418,False
468,0.9560587518843413,0.7306915306915307,nan,nan,20,6435,528296800,528296800,210,247242902400,247242902400,96628,False
469,0.9406294924660515,0.7428003972194638,nan,nan,20,6042,528296800,528296800,196,247771199200,247771199200,96824,False
470,0.9682580204481196,0.7285932721712538,1.1432216645847686,0.6814693601173683,20,6540,528296800,528296800,214,248299496000,248299496000,97038,False
471,1.0297067423367394,0.716321243523316,nan,nan,20,6176,528296800,528296800,203,248827792800,248827792800,97241,False
472,0.9501343226488884,0.7376528505637605,nan,nan,20,6297,528296800,528296800,207,249356089600,249356089600,97448,False
473,1.0235263541724675,0.7174702774108322,nan,nan,20,6056,528296800,528296800,199,249884386400,249884386400,97647,False
474,0.9992327080533737,0.7327961321514908,nan,nan,20,6205,528296800,528296800,203,250412683200,250412683200,97850,False
475,0.9682156840646441,0.7363696808510638,nan,nan,20,6016,528296800,528296800,196,250940980000,250940980000,98046,False
476,1.0213463793137185,0.7140284825667048,nan,nan,20,6109,528296800,528296800,203,251469276800,251469276800,98249,False
477,0.9519633002427061,0.7401511497025245,nan,nan,20,6219,528296800,528296800,205,251997573600,251997573600,98454,False
478,1.1480482053477932,0.689064558629776,nan,nan,20,6072,528296800,528296800,199,252525870400,252525870400,98653,False
479,0.9892574660745188,0.7228532485233985,nan,nan,20,6603,528296800,528296800,214,253054167200,253054167200,98867,False
480,0.967450330472963,0.7311454717576522,1.1054764170367377,0.6911748109694166,20,6338,528296800,528296800,207,253582464000,253582464000,99074,False
481,1.007983292463756,0.7189940643548891,nan,nan,20,6402,528296800,528296800,209,254110760800,254110760800,99283,False
482,0.8966490205295305,0.7490238950491956,nan,nan,20,6403,528296800,528296800,207,254639057600,254639057600,99490,False
483,0.8764991713204848,0.7587321126327127,nan,nan,20,6499,528296800,528296800,212,255167354400,255167354400,99702,False
484,0.9834455894176661,0.7278850471486304,nan,nan,20,6681,528296800,528296800,217,255695651200,255695651200,99919,False
485,0.9300174629216855,0.7413448222803508,nan,nan,20,6499,528296800,528296800,213,256223948000,256223948000,100132,False
486,0.8627875082584023,0.7588926923649353,nan,nan,20,6719,528296800,528296800,221,256752244800,256752244800,100353,False
487,0.8704212640546795,0.756748650269946,nan,nan,20,6668,528296800,528296800,220,257280541600,257280541600,100573,False
488,1.028576797862945,0.7199346405228758,nan,nan,20,6120,528296800,528296800,202,257808838400,257808838400,100775,False
489,1.0010428000446978,0.7240781594705327,nan,nan,20,6346,528296800,528296800,208,258337135200,258337135200,100983,False
490,0.9810471651830556,0.7318257702230991,1.0955588719656741,0.6945040063198284,20,6589,528296800,528296800,214,258865432000,258865432000,101197,False
491,0.9867350098780951,0.7329487614523243,nan,nan,20,5894,528296800,528296800,194,259393728800,259393728800,101391,False
492,0.8253679718696545,0.7679457492557062,nan,nan,20,6046,528296800,528296800,200,259922025600,259922025600,101591,False
493,0.8653366580884417,0.7574409328014728,nan,nan,20,6518,528296800,528296800,213,260450322400,260450322400,101804,False
494,1.0241075130895023,0.7101700251889169,nan,nan,20,6352,528296800,528296800,210,260978619200,260978619200,102014,False
495,0.9569311215605869,0.7395341517154548,nan,nan,20,6354,528296800,528296800,207,261506916000,261506916000,102221,False
496,1.0318396421279339,0.7129674599320058,nan,nan,20,6177,528296800,528296800,203,262035212800,262035212800,102424,False
497,0.854583499441614,0.7517564402810304,nan,nan,20,6405,528296800,528296800,210,262563509600,262563509600,102634,False
498,0.9481185099987912,0.7401807980049875,nan,nan,20,6416,528296800,528296800,211,263091806400,263091806400,102845,False
499,0.9195233305075377,0.7439361875305226,nan,nan,20,6143,528296800,528296800,199,263620103200,263620103200,103044,False
500,0.8716138605149437,0.7613118736714243,1.0742034781612806,0.6998081480645525,20,6586,528296800,528296800,215,264148400000,264148400000,103259,False
501,1.002800263555166,0.7177186799102852,nan,nan,20,6242,528296800,528296800,204,264676696800,264676696800,103463,False
502,0.9446651040816196,0.7404384701552248,nan,nan,20,6249,528296800,528296800,203,265204993600,265204993600,103666,False
503,1.032417501996471,0.7193877551020408,nan,nan,20,6272,528296800,528296800,206,265733290400,265733290400,103872,False
504,0.8379918950225717,0.762418663704174,nan,nan,20,6301,528296800,528296800,206,266261587200,266261587200,104078,False
505,1.100152370239666,0.6896845694799659,nan,nan,20,5865,528296800,528296800,194,266789884000,266789884000,104272,False
506,0.7995325762098414,0.7835497835497836,nan,nan,20,6699,528296800,528296800,220,267318180800,267318180800,104492,False
507,0.91598512931484,0.7405883249504649,nan,nan,20,6561,528296800,528296800,214,267846477600,267846477600,104706,False
508,0.8428086420936914,0.7664402593393023,nan,nan,20,6478,528296800,528296800,210,268374774400,268374774400,104916,False
509,0.8947146199234496,0.7481957954188893,nan,nan,20,6374,528296800,528296800,210,268903071200,268903071200,105126,False
510,0.8979381849943311,0.749759538313562,1.0486842603880426,0.7083850581198511,20,6238,528296800,528296800,205,269431368000,269431368000,105331,False
511,0.8931346138482933,0.751863508365082,nan,nan,20,6037,528296800,528296800,198,269959664800,269959664800,105529,False
512,0.9828765926335173,0.7278248361834745,nan,nan,20,6257,528296800,528296800,204,270487961600,270487961600,105733,False
513,0.8171839186473041,0.7752487187217365,nan,nan,20,6634,528296800,528296800,217,271016258400,271016258400,105950,False
514,0.8653457938296174,0.762881602325957,nan,nan,20,6191,528296800,528296800,203,271544555200,271544555200,106153,False
515,0.8557954809782928,0.7633721858534249,nan,nan,20,6263,528296800,528296800,206,272072852000,272072852000,106359,False
516,0.8641024157044488,0.7592994161801502,nan,nan,20,5995,528296800,528296800,196,272601148800,272601148800,106555,False
517,0.9522218594280542,0.7350591243208693,nan,nan,20,6258,528296800,528296800,207,273129445600,273129445600,106762,False
518,0.9036941910536367,0.7503486750348675,nan,nan,20,6453,528296800,528296800,211,273657742400,273657742400,106973,False
519,0.9437603188237341,0.7425149700598802,nan,nan,20,6513,528296800,528296800,212,274186039200,274186039200,107185,False
520,0.969040041027884,0.7372081470442127,1.0464578106177067,0.7044915923710642,20,6039,528296800,528296800,198,274714336000,274714336000,107383,False
521,0.8213312673272725,0.7714373843306601,nan,nan,20,6484,528296800,528296800,212,275242632800,275242632800,107595,False
522,0.9842410994312909,0.737245748582861,nan,nan,20,5998,528296800,528296800,198,275770929600,275770929600,107793,False
523,0.8531998541602577,0.7676078188023581,nan,nan,20,6446,528296800,528296800,211,276299226400,276299226400,108004,False
524,0.9645950044555679,0.740030911901082,nan,nan,20,6470,528296800,528296800,212,276827523200,276827523200,108216,False
525,0.9958472077980491,0.7239413680781759,nan,nan,20,6140,528296800,528296800,202,277355820000,277355820000,108418,False
526,0.9608793539185324,0.7360131255127154,nan,nan,20,6095,528296800,528296800,202,277884116800,277884116800,108620,False
527,0.8472381474002999,0.7659475399658544,nan,nan,20,6443,528296800,528296800,209,278412413600,278412413600,108829,False
528,0.906235099822685,0.7482517482517482,nan,nan,20,6149,528296800,528296800,202,278940710400,278940710400,109031,False
529,0.7991312843090369,0.7792944785276074,nan,nan,20,6520,528296800,528296800,212,279469007200,279469007200,109243,False
530,0.9302820197859901,0.7355488774969065,1.0236167999196975,0.711714253470263,20,5657,528296800,528296800,186,279997304000,279997304000,109429,False
531,0.9545127953109359,0.7315953434989343,nan,nan,20,6099,528296800,528296800,201,280525600800,280525600800,109630,False
532,0.8254241147273007,0.7589366176028838,nan,nan,20,6658,528296800,528296800,218,281053897600,281053897600,109848,False
533,0.845672144517212,0.7595686512758202,nan,nan,20,6584,528296800,528296800,214,281582194400,281582194400,110062,False
534,0.8446868076918134,0.7681390527826503,nan,nan,20,6271,528296800,528296800,204,282110491200,282110491200,110266,False
535,0.9831886321591646,0.7237031125299281,nan,nan,20,6265,528296800,528296800,203,282638788000,282638788000,110469,False
536,0.819416944481382,0.772589710332901,nan,nan,20,6939,528296800,528296800,226,283167084800,283167084800,110695,False
537,0.8003433568209448,0.7830551989730423,nan,nan,20,6232,528296800,528296800,205,283695381600,283695381600,110900,False
538,0.8871165270877506,0.7464023025263831,nan,nan,20,6254,528296800,528296800,206,284223678400,284223678400,111106,False
539,0.7516325605881439,0.7873254564983888,nan,nan,20,6517,528296800,528296800,213,284751975200,284751975200,111319,False
540,0.9085637145960962,0.744134432466709,1.0046873654190216,0.7162284166572621,20,6308,528296800,528296800,209,285280272000,285280272000,111528,False
541,0.7642836837840625,0.7782560178542962,nan,nan,20,6273,528296800,528296800,206,285808568800,285808568800,111734,False
542,0.8647220212992673,0.7582638245288847,nan,nan,20,6474,528296800,528296800,210,286336865600,286336865600,111944,False
543,0.9302150341586896,0.7425448868071819,nan,nan,20,6405,528296800,528296800,210,286865162400,286865162400,112154,False
544,0.9478853430574842,0.7400272758267985,nan,nan,20,5866,528296800,528296800,192,287393459200,287393459200,112346,False
545,0.8070788450807087,0.7715212264150944,nan,nan,20,6784,528296800,528296800,221,287921756000,287921756000,112567,False
546,0.8665383133555437,0.7632492113564668,nan,nan,20,6340,528296800,528296800,208,288450052800,288450052800,112775,False
547,0.8873909790404433,0.7615861618798956,nan,nan,20,6128,528296800,528296800,200,288978349600,288978349600,112975,False
548,0.9245101942657071,0.7421036491873658,nan,nan,20,6522,528296800,528296800,213,289506646400,289506646400,113188,False
549,0.8183835307677026,0.7821416582745888,nan,nan,20,5958,528296800,528296800,196,290034943200,290034943200,113384,False
550,0.8330626502769379,0.7623624244303209,0.9817027634119236,0.7237332129556483,20,6451,528296800,528296800,211,290563240000,290563240000,113595,False
551,0.8475871741541291,0.7646446625037169,nan,nan,20,6726,528296800,528296800,218,291091536800,291091536800,113813,False
552,0.712862545679082,0.7970629589126699,nan,nan,20,6401,528296800,528296800,211,291619833600,291619833600,114024,False
553,0.8821256244245755,0.7628914900347992,nan,nan,20,6322,528296800,528296800,206,292148130400,292148130400,114230,False
554,0.7973216200259178,0.7764612954186414,nan,nan,20,6330,528296800,528296800,206,292676427200,292676427200,114436,False
555,0.8617077922026614,0.7583818668345663,nan,nan,20,6353,528296800,528296800,210,293204724000,293204724000,114646,False
556,0.9653194503680289,0.7323444050306352,nan,nan,20,6202,528296800,528296800,203,293733020800,293733020800,114849,False
557,0.8835094514797229,0.7573954437266236,nan,nan,20,5882,528296800,528296800,194,294261317600,294261317600,115043,False
558,0.8388073365448574,0.7632881085395052,nan,nan,20,6265,528296800,528296800,205,294789614400,294789614400,115248,False
559,0.8113604173795933,0.7759937646141855,nan,nan,20,6415,528296800,528296800,211,295317911200,295317911200,115459,False
560,0.9968869377791424,0.7286676060748395,0.9680671006047609,0.7264417108678479,20,6387,528296800,528296800,207,295846208000,295846208000,115666,False
561,0.8255693837575961,0.768106086365182,nan,nan,20,5882,528296800,528296800,196,296374504800,296374504800,115862,False
562,0.8865039509857826,0.7520501688374337,nan,nan,20,6219,528296800,528296800,204,296902801600,296902801600,116066,False
563,0.878534666189115,0.7499168053244593,nan,nan,20,6010,528296800,528296800,197,297431098400,297431098400,116263,False
564,0.8836134707245605,0.7542874961022763,nan,nan,20,6414,528296800,528296800,210,297959395200,297959395200,116473,False
565,0.8041739993813363,0.7759520884520884,nan,nan,20,6512,528296800,528296800,212,298487692000,298487692000,116685,False
566,0.9115941749993558,0.742216270505524,nan,nan,20,5974,528296800,528296800,196,299015988800,299015988800,116881,False
567,0.8672342497501216,0.7575409836065574,nan,nan,20,6100,528296800,528296800,200,299544285600,299544285600,117081,False
568,0.8470201131658278,0.7629174543163201,nan,nan,20,6348,528296800,528296800,206,300072582400,300072582400,117287,False
569,0.8484183714010382,0.7587380142282709,nan,nan,20,6466,528296800,528296800,212,300600879200,300600879200,117499,False
570,0.8300248770087804,0.7602179836512262,0.9601242671687156,0.7263852838280104,20,6606,528296800,528296800,216,301129176000,301129176000,117715,False
571,0.8315138147228122,0.768390619980726,nan,nan,20,6226,528296800,528296800,204,301657472800,301657472800,117919,False
572,0.7647050158223733,0.7791755077296151,nan,nan,20,6598,528296800,528296800,215,302185769600,302185769600,118134,False
573,0.7560998167944607,0.7887278582930757,nan,nan,20,6210,528296800,528296800,204,302714066400,302714066400,118338,False
574,0.8511050618952832,0.7689055894786284,nan,nan,20,6387,528296800,528296800,209,303242363200,303242363200,118547,False
575,0.8292377697914902,0.769489452766738,nan,nan,20,6542,528296800,528296800,213,303770660000,303770660000,118760,False
576,0.7791979086736247,0.7834771492489613,nan,nan,20,6258,528296800,528296800,204,304298956800,304298956800,118964,False
577,0.8309498479727144,0.7582007145177005,nan,nan,20,6158,528296800,528296800,201,304827253600,304827253600,119165,False
578,0.8460070283360659,0.7575008242664029,nan,nan,20,6066,528296800,528296800,198,305355550400,305355550400,119363,False
579,0.7776737110089528,0.7859755128001272,nan,nan,20,6289,528296800,528296800,204,305883847200,305883847200,119567,False
580,0.8084320583911205,0.7701112364984685,0.9356554417561198,0.7350186209231464,20,6203,528296800,528296800,201,306412144000,306412144000,119768,False
581,0.8258061128419786,0.7708099438652767,nan,nan,20,6235,528296800,528296800,205,306940440800,306940440800,119973,False
582,0.8116099199527139,0.7741029641185647,nan,nan,20,6410,528296800,528296800,209,307468737600,307468737600,120182,False
583,0.9037775407412477,0.7414976848155835,nan,nan,20,6263,528296800,528296800,205,307997034400,307997034400,120387,False
584,0.7797434839546206,0.7835599312392562,nan,nan,20,6399,528296800,528296800,208,308525331200,308525331200,120595,False
585,0.7481328909261239,0.791561806069578,nan,nan,20,6755,528296800,528296800,221,309053628000,309053628000,120816,False
586,0.8204128437051391,0.7665319320937752,nan,nan,20,6185,528296800,528296800,204,309581924800,309581924800,121020,False
587,0.7687852015641256,0.7849596022374146,nan,nan,20,6436,528296800,528296800,211,310110221600,310110221600,121231,False
588,0.7205453432336889,0.7968821641448877,nan,nan,20,6543,528296800,528296800,214,310638518400,310638518400,121445,False
589,0.88277052491157,0.759432387312187,nan,nan,20,5990,528296800,528296800,198,311166815200,311166815200,121643,False
590,0.7725411678259327,0.784364523011277,0.9157693033468076,0.7412255953052703,20,6562,528296800,528296800,214,311695112000,311695112000,121857,False
591,0.7881368453248326,0.7754505601558694,nan,nan,20,6159,528296800,528296800,202,312223408800,312223408800,122059,False
592,0.752125880218397,0.7949606299212598,nan,nan,20,6350,528296800,528296800,207,312751705600,312751705600,122266,False
593,0.8001335908005259,0.7749404153898536,nan,nan,20,5874,528296800,528296800,192,313280002400,313280002400,122458,False
594,0.777746069496835,0.7858470114586559,nan,nan,20,6458,528296800,528296800,211,313808299200,313808299200,122669,False
595,0.780842220263101,0.7868826425281881,nan,nan,20,6297,528296800,528296800,208,314336596000,314336596000,122877,False
596,0.8158577912027232,0.7692183201165237,nan,nan,20,6179,528296800,528296800,202,314864892800,314864892800,123079,False
597,0.8194958546449066,0.7616504854368932,nan,nan,20,6180,528296800,528296800,204,315393189600,315393189600,123283,False
598,0.7720601551336655,0.7904867960547248,nan,nan,20,6286,528296800,528296800,207,315921486400,315921486400,123490,False
599,0.7854058567307315,0.7771247021445592,nan,nan,20,6295,528296800,528296800,206,316449783200,316449783200,123696,False
600,0.8128935839664375,0.7726694241170856,0.9097484102126452,0.7412820223451078,20,6286,528296800,528296800,204,316978080000,316978080000,123900,False
601,0.6927366565315416,0.8070435039952649,nan,nan,20,6758,528296800,528296800,219,317506376800,317506376800,124119,False
602,0.7592277263617143,0.7887692307692308,nan,nan,20,6500,528296800,528296800,212,318034673600,318034673600,124331,False
603,0.7824460753614239,0.7805927342256214,nan,nan,20,6276,528296800,528296800,204,318562970400,318562970400,124535,False
604,0.8832872329183553,0.7599539322145442,nan,nan,20,6078,528296800,528296800,201,319091267200,319091267200,124736,False
605,0.8063546963250456,0.7709315558445781,nan,nan,20,6151,528296800,528296800,202,319619564000,319619564000,124938,False
606,0.7790661639700038,0.7813824584284317,nan,nan,20,6134,528296800,528296800,199,320147860800,320147860800,125137,False
607,0.7749852300920841,0.7795584627964023,nan,nan,20,6115,528296800,528296800,201,320676157600,320676157600,125338,False
608,0.7413280593298053,0.7958830923947203,nan,nan,20,6364,528296800,528296800,210,321204454400,321204454400,125548,False
609,0.7541107201830166,0.7808988764044944,nan,nan,20,6408,528296800,528296800,211,321732751200,321732751200,125759,False
610,0.759881759084523,0.791476407914764,0.8931323931995061,0.7462476018508069,20,6570,528296800,528296800,214,322261048000,322261048000,125973,False
611,0.8346162639153947,0.7685818876332962,nan,nan,20,6283,528296800,528296800,206,322789344800,322789344800,126179,False
612,0.6773935063012739,0.8010478824043079,nan,nan,20,6871,528296800,528296800,226,323317641600,323317641600,126405,False
613,0.8598750693254705,0.7548155403199478,nan,nan,20,6126,528296800,528296800,202,323845938400,323845938400,126607,False
614,0.8025945255490528,0.7717669654289373,nan,nan,20,6248,528296800,528296800,206,324374235200,324374235200,126813,False
615,0.8443661007757907,0.765262252794497,nan,nan,20,5815,528296800,528296800,193,324902532000,324902532000,127006,False
616,0.8547854940460143,0.7641034251175285,nan,nan,20,5956,528296800,528296800,195,325430828800,325430828800,127201,False
617,0.7687176563703184,0.7751609357826974,nan,nan,20,6369,528296800,528296800,208,325959125600,325959125600,127409,False
618,0.7472302308620229,0.7900738837134597,nan,nan,20,6226,528296800,528296800,204,326487422400,326487422400,127613,False
619,0.7136072574094917,0.7944309190505173,nan,nan,20,6572,528296800,528296800,216,327015719200,327015719200,127829,False
620,0.9194545618675906,0.736551724137931,0.895472640768425,0.7457397584922695,20,5800,528296800,528296800,191,327544016000,327544016000,128020,False
621,0.7559276845974799,0.78998778998779,nan,nan,20,6552,528296800,528296800,212,328072312800,328072312800,128232,False
622,0.8166077813769297,0.7724741447891806,nan,nan,20,6285,528296800,528296800,207,328600609600,328600609600,128439,False
623,0.8028508906389343,0.7683423913043478,nan,nan,20,5888,528296800,528296800,194,329128906400,329128906400,128633,False
624,0.9253006937321208,0.7443236328749601,nan,nan,20,6254,528296800,528296800,207,329657203200,329657203200,128840,False
625,0.7445031874164825,0.7883026064844246,nan,nan,20,6292,528296800,528296800,208,330185500000,330185500000,129048,False
626,0.7375694650261824,0.7917220990391722,nan,nan,20,6765,528296800,528296800,221,330713796800,330713796800,129269,False
627,0.7821401415393643,0.7810369430791184,nan,nan,20,6307,528296800,528296800,205,331242093600,331242093600,129474,False
628,0.800225825665585,0.7840654055787111,nan,nan,20,6238,528296800,528296800,206,331770390400,331770390400,129680,False
629,0.8277687733317726,0.76203125,nan,nan,20,6400,528296800,528296800,212,332298687200,332298687200,129892,False
630,0.7560248327464091,0.7837878787878788,0.8649135464914846,0.7546552307865929,20,6600,528296800,528296800,216,332826984000,332826984000,130108,False
631,0.6492709020935795,0.8157660332541568,nan,nan,20,6736,528296800,528296800,219,333355280800,333355280800,130327,False
632,0.783484584073647,0.7797716150081566,nan,nan,20,6130,528296800,528296800,201,333883577600,333883577600,130528,False
633,0.697353314973361,0.798879297289111,nan,nan,20,6603,528296800,528296800,217,334411874400,334411874400,130745,False
634,0.7938181689146799,0.7734904746528899,nan,nan,20,6194,528296800,528296800,203,334940171200,334940171200,130948,False
635,0.8238357094045937,0.7677572469910154,nan,nan,20,5899,528296800,528296800,193,335468468000,335468468000,131141,False
636,0.8118328753369138,0.7681087352892425,nan,nan,20,6033,528296800,528296800,198,335996764800,335996764800,131339,False
637,0.7074005568829866,0.8008012820512821,nan,nan,20,6240,528296800,528296800,205,336525061600,336525061600,131544,False
638,0.7425237012046515,0.7882241215574549,nan,nan,20,6318,528296800,528296800,207,337053358400,337053358400,131751,False
639,0.7521118811003127,0.7904505076142132,nan,nan,20,6304,528296800,528296800,208,337581655200,337581655200,131959,False
640,0.7756388912185723,0.7911028153678643,0.8594956526488836,0.7563480419817177,20,6429,528296800,528296800,211,338109952000,338109952000,132170,False
641,0.7320695592691489,0.7870997536945813,nan,nan,20,6496,528296800,528296800,212,338638248800,338638248800,132382,False
642,0.6960873980177379,0.8066247508050912,nan,nan,20,6521,528296800,528296800,213,339166545600,339166545600,132595,False
643,0.7578594789113339,0.7858478802992519,nan,nan,20,6416,528296800,528296800,211,339694842400,339694842400,132806,False
644,0.7530957032198954,0.7891178364455892,nan,nan,20,6212,528296800,528296800,202,340223139200,340223139200,133008,False
645,0.687157134669089,0.8077870113881194,nan,nan,20,6498,528296800,528296800,212,340751436000,340751436000,133220,False
646,0.6708695505923735,0.807028173280824,nan,nan,20,6602,528296800,528296800,218,341279732800,341279732800,133438,False
647,0.7689298773925105,0.7866688396349413,nan,nan,20,6136,528296800,528296800,199,341808029600,341808029600,133637,False
648,0.7294697725412954,0.7950273790143555,nan,nan,20,6757,528296800,528296800,219,342336326400,342336326400,133856,False
649,0.72906119210211,0.7889530090684254,nan,nan,20,6065,528296800,528296800,199,342864623200,342864623200,134055,False
650,0.7547713340775984,0.7851945586839608,0.8570398347209073,0.7526238573524433,20,6322,528296800,528296800,208,343392920000,343392920000,134263,False
651,0.6267907773313175,0.8189331329827197,nan,nan,20,6655,528296800,528296800,217,343921216800,343921216800,134480,False
652,0.6641477855165213,0.8171582619727243,nan,nan,20,6306,528296800,528296800,206,344449513600,344449513600,134686,False
653,0.7412939970544478,0.788835328875758,nan,nan,20,6431,528296800,528296800,211,344977810400,344977810400,134897,False
654,0.7315177193956711,0.791203479942001,nan,nan,20,6207,528296800,528296800,204,345506107200,345506107200,135101,False
655,0.7840856285099201,0.7750836120401338,nan,nan,20,5980,528296800,528296800,196,346034404000,346034404000,135297,False
656,0.8828880642716591,0.7476677032430031,nan,nan,20,6753,528296800,528296800,220,346562700800,346562700800,135517,False
657,0.7514581819242984,0.7872637124264023,nan,nan,20,6454,528296800,528296800,210,347090997600,347090997600,135727,False
658,0.817938886062984,0.7680438882221842,nan,nan,20,5833,528296800,528296800,192,347619294400,347619294400,135919,False
659,0.6887292121417707,0.81268245215699,nan,nan,20,6166,528296800,528296800,204,348147591200,348147591200,136123,False
660,0.7583341194831664,0.7829657060054741,0.8372435252266374,0.7610314862882294,20,6211,528296800,528296800,204,348675888000,348675888000,136327,False
661,0.7853954750180803,0.7837626854020296,nan,nan,20,6405,528296800,528296800,210,349204184800,349204184800,136537,False
662,0.7547376827664416,0.7791379310344828,nan,nan,20,5800,528296800,528296800,192,349732481600,349732481600,136729,False
663,0.7417018169917992,0.7845992194536175,nan,nan,20,6662,528296800,528296800,218,350260778400,350260778400,136947,False
664,0.8405835951344168,0.7711633861417827,nan,nan,20,6249,528296800,528296800,205,350789075200,350789075200,137152,False
665,0.8106337982985985,0.7719476991000169,nan,nan,20,5889,528296800,528296800,196,351317372000,351317372000,137348,False
666,0.698300750909139,0.8007065057403592,nan,nan,20,6794,528296800,528296800,220,351845668800,351845668800,137568,False
667,0.6782529049097511,0.8029593839649706,nan,nan,20,6623,528296800,528296800,218,352373965600,352373965600,137786,False
668,0.9423251773220523,0.7379110251450677,nan,nan,20,6204,528296800,528296800,205,352902262400,352902262400,137991,False
669,0.6996709691829075,0.7994407332608358,nan,nan,20,6437,528296800,528296800,210,353430559200,353430559200,138201,False
670,0.7916780501255426,0.7746693794506613,0.8639687043982023,0.7521724410337434,20,5898,528296800,528296800,193,353958856000,353958856000,138394,False
671,0.7870804934050911,0.7788819875776397,nan,nan,20,6440,528296800,528296800,210,354487152800,354487152800,138604,False
672,0.8154681949876097,0.7785959744722631,nan,nan,20,6111,528296800,528296800,198,355015449600,355015449600,138802,False
673,0.7894609802568164,0.7794773741236456,nan,nan,20,6276,528296800,528296800,206,355543746400,355543746400,139008,False
674,0.7122138908339332,0.8002682963183783,nan,nan,20,6709,528296800,528296800,219,356072043200,356072043200,139227,False
675,0.7804418413441853,0.7724062156647308,nan,nan,20,6371,528296800,528296800,211,356600340000,356600340000,139438,False
676,0.7763785431758808,0.7803642121931909,nan,nan,20,6315,528296800,528296800,205,357128636800,357128636800,139643,False
677,0.7167425163343456,0.7963938088399554,nan,nan,20,6267,528296800,528296800,206,357656933600,357656933600,139849,False
678,0.6878380424798899,0.8102167651963014,nan,nan,20,6597,528296800,528296800,216,358185230400,358185230400,140065,False
679,0.659565413881775,0.8072105102352581,nan,nan,20,6546,528296800,528296800,214,358713527200,358713527200,140279,False
680,0.6716696189374249,0.8106341898113768,0.8227193341299853,0.7644735357183162,20,6733,528296800,528296800,219,359241824000,359241824000,140498,False
681,0.7215407919107196,0.8002703616086516,nan,nan,20,5918,528296800,528296800,196,359770120800,359770120800,140694,False
682,0.7618601999923118,0.7870659865065,nan,nan,20,6077,528296800,528296800,199,360298417600,360298417600,140893,False
683,0.8282303477833904,0.7742931426714332,nan,nan,20,6154,528296800,528296800,202,360826714400,360826714400,141095,False
684,0.6326479716484363,0.8171428571428572,nan,nan,20,6825,528296800,528296800,223,361355011200,361355011200,141318,False
685,0.7247576857197273,0.7886405959031657,nan,nan,20,6444,528296800,528296800,211,361883308000,361883308000,141529,False
686,0.7321798720959138,0.7886768648478159,nan,nan,20,6341,528296800,528296800,206,362411604800,362411604800,141735,False
687,0.6424013896800345,0.8193309696315708,nan,nan,20,6487,528296800,528296800,211,362939901600,362939901600,141946,False
688,0.6876882612222524,0.8054745707806932,nan,nan,20,6174,528296800,528296800,203,363468198400,363468198400,142149,False
689,0.7197861010924438,0.7931974971923632,nan,nan,20,6233,528296800,528296800,205,363996495200,363996495200,142354,False
690,0.7621489316878824,0.7848553786155346,0.7959980427741251,0.774009705450852,20,6154,528296800,528296800,200,364524792000,364524792000,142554,False
691,0.7052944519521721,0.8004895960832313,nan,nan,20,6536,528296800,528296800,212,365053088800,365053088800,142766,False
692,0.6477937259776472,0.8130427917258803,nan,nan,20,6333,528296800,528296800,207,365581385600,365581385600,142973,False
693,0.7935721401097292,0.7741777922500814,nan,nan,20,6142,528296800,528296800,202,366109682400,366109682400,143175,False
694,0.6317324321522129,0.8203288490284006,nan,nan,20,6690,528296800,528296800,219,366637979200,366637979200,143394,False
695,0.6661961255840331,0.8113359023763648,nan,nan,20,6228,528296800,528296800,204,367166276000,367166276000,143598,False
696,0.609333408299344,0.8215635868743384,nan,nan,20,6613,528296800,528296800,215,367694572800,367694572800,143813,False
697,0.7012638116970895,0.800952380952381,nan,nan,20,6300,528296800,528296800,205,368222869600,368222869600,144018,False
698,0.7334081129729962,0.794198297012556,nan,nan,20,6929,528296800,528296800,227,368751166400,368751166400,144245,False
699,0.7895134691999256,0.7749838813668601,nan,nan,20,6204,528296800,528296800,204,369279463200,369279463200,144449,False
700,0.6891549992293777,0.8118981050015532,0.8141447797664845,0.7640785464394538,20,6438,528296800,528296800,214,369807760000,369807760000,144663,False
701,0.7124713625772894,0.7904201405917933,nan,nan,20,6117,528296800,528296800,201,370336056800,370336056800,144864,False
702,0.7009105937617288,0.8110043952466222,nan,nan,20,6143,528296800,528296800,200,370864353600,370864353600,145064,False
703,0.6834646675046058,0.8049573973663826,nan,nan,20,6455,528296800,528296800,212,371392650400,371392650400,145276,False
704,0.6173990376556047,0.8175266175266175,nan,nan,20,6105,528296800,528296800,201,371920947200,371920947200,145477,False
705,0.6638353269026362,0.8101823708206687,nan,nan,20,6580,528296800,528296800,216,372449244000,372449244000,145693,False
706,0.7119819811625868,0.7994787424661997,nan,nan,20,6139,528296800,528296800,201,372977540800,372977540800,145894,False
707,0.6572731442454776,0.8121439036301481,nan,nan,20,6143,528296800,528296800,202,373505837600,373505837600,146096,False
708,0.6917898897416878,0.8051927365402994,nan,nan,20,6278,528296800,528296800,206,374034134400,374034134400,146302,False
709,0.7798139455403681,0.7848800505050505,nan,nan,20,6336,528296800,528296800,209,374562431200,374562431200,146511,False
710,0.7856939339195415,0.7747115684440287,0.7832362292017655,0.7755896625663018,20,6414,528296800,528296800,210,375090728000,375090728000,146721,False
711,0.658948046071485,0.8071197411003236,nan,nan,20,6180,528296800,528296800,202,375619024800,375619024800,146923,False
712,0.6366906155069714,0.8173369652299312,nan,nan,20,6241,528296800,528296800,207,376147321600,376147321600,147130,False
713,0.6426092888712499,0.8176688699016604,nan,nan,20,6203,528296800,528296800,205,376675618400,376675618400,147335,False
714,0.7180624033370987,0.795625,nan,nan,20,6400,528296800,528296800,209,377203915200,377203915200,147544,False
715,0.6506863763484672,0.8127117276980158,nan,nan,20,6199,528296800,528296800,204,377732212000,377732212000,147748,False
716,0.6209623781924914,0.8142430278884463,nan,nan,20,6024,528296800,528296800,196,378260508800,378260508800,147944,False
717,0.6797806765964894,0.805108359133127,nan,nan,20,6460,528296800,528296800,212,378788805600,378788805600,148156,False
718,0.616921848579484,0.8253322908522283,nan,nan,20,6395,528296800,528296800,209,379317102400,379317102400,148365,False
719,0.6646249147720165,0.8067694263467344,nan,nan,20,6293,528296800,528296800,207,379845399200,379845399200,148572,False
720,0.6719460601614106,0.8084777227722773,0.772815219853643,0.7785802956776887,20,6464,528296800,528296800,212,380373696000,380373696000,148784,False
721,0.6040559214438952,0.8241498740554156,nan,nan,20,6352,528296800,528296800,210,380901992800,380901992800,148994,False
722,0.741381922588013,0.793032134902959,nan,nan,20,6286,528296800,528296800,207,381430289600,381430289600,149201,False
723,0.7987670883893959,0.7762526872829503,nan,nan,20,6047,528296800,528296800,201,381958586400,381958586400,149402,False
724,0.6704539294228746,0.8094376849720487,nan,nan,20,6082,528296800,528296800,199,382486883200,382486883200,149601,False
725,0.7045473465764093,0.801030585106383,nan,nan,20,6016,528296800,528296800,198,383015180000,383015180000,149799,False
726,0.647537388333912,0.8123267568889614,nan,nan,20,6133,528296800,528296800,201,383543476800,383543476800,150000,False
727,0.6299400142227682,0.8191193321329187,nan,nan,20,6109,528296800,528296800,198,384071773600,384071773600,150198,False
728,0.6707316278189094,0.8048005086631697,nan,nan,20,6291,528296800,528296800,205,384600070400,384600070400,150403,False
729,0.7472243271452199,0.7949727437916414,nan,nan,20,6604,528296800,528296800,217,385128367200,385128367200,150620,False
730,0.7082375074966075,0.7997446944311473,0.7579384978892989,0.7815709287890757,20,6267,528296800,528296800,206,385656664000,385656664000,150826,False
731,0.6421188330555384,0.8120437956204379,nan,nan,20,6576,528296800,528296800,215,386184960800,386184960800,151041,False
732,0.6431360696385684,0.8115353371242892,nan,nan,20,6155,528296800,528296800,203,386713257600,386713257600,151244,False
733,0.5851303001760649,0.8278811524609844,nan,nan,20,6664,528296800,528296800,214,387241554400,387241554400,151458,False
734,0.6643248258962047,0.80436909031627,nan,nan,20,6134,528296800,528296800,202,387769851200,387769851200,151660,False
735,0.5786446528119547,0.8364085667215816,nan,nan,20,6070,528296800,528296800,197,388298148000,388298148000,151857,False
736,0.7493323980517177,0.7908433734939759,nan,nan,20,6225,528296800,528296800,203,388826444800,388826444800,152060,False
737,0.7402418639842874,0.7878211227402474,nan,nan,20,6306,528296800,528296800,205,389354741600,389354741600,152265,False
738,0.7033589500662379,0.8010932280595202,nan,nan,20,6586,528296800,528296800,216,389883038400,389883038400,152481,False
739,0.6593912439924314,0.8127896200185357,nan,nan,20,6474,528296800,528296800,213,390411335200,390411335200,152694,False
740,0.6442069687494132,0.8229755178907722,0.761305064141192,0.7819094910281007,20,6372,528296800,528296800,211,390939632000,390939632000,152905,False
741,0.6934120213377372,0.7956371986222732,nan,nan,20,6097,528296800,528296800,198,391467928800,391467928800,153103,False
742,0.6188317812317586,0.8217998217998218,nan,nan,20,6734,528296800,528296800,221,391996225600,391996225600,153324,False
743,0.583025316072272,0.829559553349876,nan,nan,20,6448,528296800,528296800,213,392524522400,392524522400,153537,False
744,0.7286204712988329,0.7919566898685229,nan,nan,20,6465,528296800,528296800,211,393052819200,393052819200,153748,False
745,0.6018650603665632,0.8267740935853735,nan,nan,20,6454,528296800,528296800,209,393581116000,393581116000,153957,False
746,0.6866155828941057,0.8070546163849155,nan,nan,20,6152,528296800,528296800,203,394109412800,394109412800,154160,False
747,0.6815555354967848,0.8072160220149824,nan,nan,20,6541,528296800,528296800,215,394637709600,394637709600,154375,False
748,0.6790045516858219,0.8065314200890649,nan,nan,20,6063,528296800,528296800,197,395166006400,395166006400,154572,False
749,0.7055583193927704,0.8008579442336248,nan,nan,20,6061,528296800,528296800,200,395694303200,395694303200,154772,False
750,0.6807354805301664,0.8109663225588086,0.746957515475578,0.7862543730955874,20,5909,528296800,528296800,194,396222600000,396222600000,154966,False
751,0.7077054546049552,0.7930014785608674,nan,nan,20,6087,528296800,528296800,201,396750896800,396750896800,155167,False
752,0.6753398837838279,0.8080429827417779,nan,nan,20,6142,528296800,528296800,201,397279193600,397279193600,155368,False
753,0.638792646460054,0.8137888581101878,nan,nan,20,6498,528296800,528296800,211,397807490400,397807490400,155579,False
754,0.5678031062615094,0.8399872245289045,nan,nan,20,6262,528296800,528296800,203,398335787200,398335787200,155782,False
755,0.6106217259558377,0.8256274768824307,nan,nan,20,6056,528296800,528296800,199,398864084000,398864084000,155981,False
756,0.7253051512924342,0.7977717758271439,nan,nan,20,5924,528296800,528296800,192,399392380800,399392380800,156173,False
757,0.5931681916258157,0.8302954116907605,nan,nan,20,6364,528296800,528296800,209,399920677600,399920677600,156382,False
758,0.5808323302363065,0.8325031133250311,nan,nan,20,6424,528296800,528296800,209,400448974400,400448974400,156591,False
759,0.6104564191303667,0.8178137651821862,nan,nan,20,6422,528296800,528296800,210,400977271200,400977271200,156801,False
760,0.6131059754648988,0.8195844790711885,0.7431818390051327,0.7864800812549374,20,6546,528296800,528296800,215,401505568000,401505568000,157016,False
761,0.6234906546415564,0.8204661927591338,nan,nan,20,6049,528296800,528296800,199,402033864800,402033864800,157215,False
762,0.6352602261373669,0.8137627221631475,nan,nan,20,6583,528296800,528296800,216,402562161600,402562161600,157431,False
763,0.6598464453200077,0.8072621170367968,nan,nan,20,6169,528296800,528296800,202,403090458400,403090458400,157633,False
764,0.7031839121311617,0.7932907348242811,nan,nan,20,6260,528296800,528296800,205,403618755200,403618755200,157838,False
765,0.7007076444613949,0.7966825422893743,nan,nan,20,6089,528296800,528296800,201,404147052000,404147052000,158039,False
766,0.7201792650289249,0.8022093634928985,nan,nan,20,5703,528296800,528296800,187,404675348800,404675348800,158226,False
767,0.5952692095408741,0.8282655910642259,nan,nan,20,6446,528296800,528296800,211,405203645600,405203645600,158437,False
768,0.6497950070303847,0.8129113130680038,nan,nan,20,6382,528296800,528296800,208,405731942400,405731942400,158645,False
769,0.676221345933923,0.8160625898131886,nan,nan,20,6263,528296800,528296800,204,406260239200,406260239200,158849,False
770,0.5727456197197934,0.8307098765432098,0.7269005281179084,0.7921792122785238,20,6480,528296800,528296800,213,406788536000,406788536000,159062,False
771,0.6993686165240193,0.8007022237084099,nan,nan,20,5981,528296800,528296800,197,407316832800,407316832800,159259,False
772,0.601512843786549,0.8284141306010093,nan,nan,20,6539,528296800,528296800,213,407845129600,407845129600,159472,False
773,0.6499760423361344,0.8095920968769917,nan,nan,20,6276,528296800,528296800,206,408373426400,408373426400,159678,False
774,0.672661343586081,0.803492737065448,nan,nan,20,6127,528296800,528296800,198,408901723200,408901723200,159876,False
775,0.6514039066546329,0.8136570031435557,nan,nan,20,5726,528296800,528296800,186,409430020000,409430020000,160062,False
776,0.6911748200443819,0.7962525586521808,nan,nan,20,6351,528296800,528296800,208,409958316800,409958316800,160270,False
777,0.6601422804118204,0.8102108768035516,nan,nan,20,6307,528296800,528296800,206,410486613600,410486613600,160476,False
778,0.7028338015224687,0.8044819746670997,nan,nan,20,6158,528296800,528296800,203,411014910400,411014910400,160679,False
779,0.5959069932495806,0.8191741813004272,nan,nan,20,6321,528296800,528296800,207,411543207200,411543207200,160886,False
780,0.6426542548654525,0.8176633785450061,0.7247068695660949,0.7896964225256743,20,6488,528296800,528296800,212,412071504000,412071504000,161098,False
781,0.6173532407120192,0.8284625158831004,nan,nan,20,6296,528296800,528296800,205,412599800800,412599800800,161303,False
782,0.6538802247371849,0.8089078107090224,nan,nan,20,6107,528296800,528296800,200,413128097600,413128097600,161503,False
783,0.6544076292608838,0.8161764705882353,nan,nan,20,6256,528296800,528296800,206,413656394400,413656394400,161709,False
784,0.6672996530424327,0.8091979630808402,nan,nan,20,6284,528296800,528296800,205,414184691200,414184691200,161914,False
785,0.6872425736107078,0.8014117647058824,nan,nan,20,6375,528296800,528296800,209,414712988000,414712988000,162123,False
786,0.5388125282084025,0.836104513064133,nan,nan,20,6736,528296800,528296800,221,415241284800,415241284800,162344,False
787,0.6102455207035411,0.8228040797686101,nan,nan,20,6569,528296800,528296800,217,415769581600,415769581600,162561,False
788,0.6717779415174703,0.8118245390972664,nan,nan,20,6292,528296800,528296800,207,416297878400,416297878400,162768,False
789,0.5829899605775917,0.8286270691333982,nan,nan,20,6162,528296800,528296800,203,416826175200,416826175200,162971,False
790,0.5543990492321857,0.835247883917775,0.717524811398457,0.7927434826768988,20,6616,528296800,528296800,216,417354472000,417354472000,163187,False
791,0.6621606984166744,0.8156702898550725,nan,nan,20,6624,528296800,528296800,218,417882768800,417882768800,163405,False
792,0.7299086006021421,0.7876135425268374,nan,nan,20,6055,528296800,528296800,199,418411065600,418411065600,163604,False
793,0.6542388535751287,0.8051785992824833,nan,nan,20,6411,528296800,528296800,210,418939362400,418939362400,163814,False
794,0.6701571747978211,0.8071928071928072,nan,nan,20,6006,528296800,528296800,197,419467659200,419467659200,164011,False
795,0.6070340259292685,0.8167522964346878,nan,nan,20,6423,528296800,528296800,211,419995956000,419995956000,164222,False
796,0.577204879317384,0.8359986945169713,nan,nan,20,6128,528296800,528296800,202,420524252800,420524252800,164424,False
797,0.6176098817624508,0.8170570768723193,nan,nan,20,6062,528296800,528296800,200,421052549600,421052549600,164624,False
798,0.5860370921656226,0.8255147855705217,nan,nan,20,6459,528296800,528296800,211,421580846400,421580846400,164835,False
799,0.5923074642406285,0.8261730652041438,nan,nan,20,6564,528296800,528296800,215,422109143200,422109143200,165050,False
800,0.5861239962417444,0.8275698720985315,0.7099658917619283,0.7968062295451981,20,6333,528296800,528296800,209,422637440000,422637440000,165259,False
801,0.5328243247027405,0.8430527773503615,nan,nan,20,6499,528296800,528296800,214,423165736800,423165736800,165473,False
802,0.6403263470150501,0.8165997322623829,nan,nan,20,5976,528296800,528296800,195,423694033600,423694033600,165668,False
803,0.6375804037257402,0.816870702666443,nan,nan,20,5963,528296800,528296800,197,424222330400,424222330400,165865,False
804,0.6288478047119151,0.8218694885361552,nan,nan,20,6237,528296800,528296800,203,424750627200,424750627200,166068,False
805,0.6330356049055199,0.812938177182919,nan,nan,20,6276,528296800,528296800,207,425278924000,425278924000,166275,False
806,0.5855716940871197,0.8339966832504145,nan,nan,20,6030,528296800,528296800,199,425807220800,425807220800,166474,False
807,0.6411003413747165,0.8087603305785124,nan,nan,20,6050,528296800,528296800,199,426335517600,426335517600,166673,False
808,0.6328732166136206,0.81472531013372,nan,nan,20,6207,528296800,528296800,207,426863814400,426863814400,166880,False
809,0.5826177895283999,0.8207346690953249,nan,nan,20,6588,528296800,528296800,215,427392111200,427392111200,167095,False
810,0.6002112151540517,0.8284815106215578,0.7066064087158804,0.7935898882744611,20,6355,528296800,528296800,207,427920408000,427920408000,167302,False
811,0.5905470483101183,0.8241935483870968,nan,nan,20,6200,528296800,528296800,203,428448704800,428448704800,167505,False
812,0.674616553015218,0.8083020101323746,nan,nan,20,6119,528296800,528296800,201,428977001600,428977001600,167706,False
813,0.557065184451132,0.8374432186891628,nan,nan,20,6164,528296800,528296800,203,429505298400,429505298400,167909,False
814,0.6296476249397777,0.8228075916230366,nan,nan,20,6112,528296800,528296800,199,430033595200,430033595200,168108,False
815,0.5291062467381179,0.8488972313467855,nan,nan,20,6393,528296800,528296800,210,430561892000,430561892000,168318,False
816,0.5391398770305178,0.843266431745059,nan,nan,20,6527,528296800,528296800,214,431090188800,431090188800,168532,False
817,0.5736752226960338,0.8309201307800094,nan,nan,20,6423,528296800,528296800,210,431618485600,431618485600,168742,False
818,0.5604337446048425,0.83871975019516,nan,nan,20,6405,528296800,528296800,211,432146782400,432146782400,168953,False
819,0.6164110168124984,0.8196976780426991,nan,nan,20,6417,528296800,528296800,209,432675079200,432675079200,169162,False
820,0.5223906913305097,0.8520793950850661,0.7208057086229083,0.7890192980476244,20,6348,528296800,528296800,208,433203376000,433203376000,169370,False
821,0.5558554360463002,0.8357403586732265,nan,nan,20,6301,528296800,528296800,208,433731672800,433731672800,169578,False
822,0.6532099821344857,0.8163329161451814,nan,nan,20,6392,528296800,528296800,206,434259969600,434259969600,169784,False
823,0.652719366962736,0.8085203847915712,nan,nan,20,6549,528296800,528296800,213,434788266400,434788266400,169997,False
824,0.5691589178761587,0.8435237948559988,nan,nan,20,6493,528296800,528296800,211,435316563200,435316563200,170208,False
825,0.5611840914090475,0.8299607843137254,nan,nan,20,6375,528296800,528296800,209,435844860000,435844860000,170417,False
826,0.6161424175668385,0.8184533165671173,nan,nan,20,6362,528296800,528296800,209,436373156800,436373156800,170626,False
827,0.5806960343105735,0.8304152076038019,nan,nan,20,5997,528296800,528296800,196,436901453600,436901453600,170822,False
828,0.6465769644050444,0.811193526635199,nan,nan,20,5932,528296800,528296800,196,437429750400,437429750400,171018,False
829,0.5801263682218555,0.8270474988164747,nan,nan,20,6337,528296800,528296800,206,437958047200,437958047200,171224,False
830,0.5581299043824735,0.8402541059807871,0.6894709159673814,0.8021103712899221,20,6454,528296800,528296800,210,438486344000,438486344000,171434,False
831,0.5145538041826498,0.845648090169067,nan,nan,20,6388,528296800,528296800,211,439014640800,439014640800,171645,False
832,0.5708833978202604,0.8333594116726647,nan,nan,20,6391,528296800,528296800,210,439542937600,439542937600,171855,False
833,0.6288252609184466,0.8215215061992959,nan,nan,20,6533,528296800,528296800,214,440071234400,440071234400,172069,False
834,0.6597516842661534,0.8039546290619252,nan,nan,20,6524,528296800,528296800,213,440599531200,440599531200,172282,False
835,0.6490469892527643,0.809993201903467,nan,nan,20,5884,528296800,528296800,193,441127828000,441127828000,172475,False
836,0.619908614266084,0.8167950693374422,nan,nan,20,6490,528296800,528296800,213,441656124800,441656124800,172688,False
837,0.5369180527786995,0.8450450450450451,nan,nan,20,6660,528296800,528296800,219,442184421600,442184421600,172907,False
838,0.6215916015189727,0.8255044390637611,nan,nan,20,6195,528296800,528296800,203,442712718400,442712718400,173110,False
839,0.6265925833480214,0.8206024296888002,nan,nan,20,6009,528296800,528296800,196,443241015200,443241015200,173306,False
840,0.5318629343036716,0.8480151826664558,0.6897179878816797,0.80013542489561,20,6323,528296800,528296800,208,443769312000,443769312000,173514,False
841,0.5742059231297626,0.826950354609929,nan,nan,20,6345,528296800,528296800,208,444297608800,444297608800,173722,False
842,0.6469452934243325,0.8117740652346858,nan,nan,20,6285,528296800,528296800,207,444825905600,444825905600,173929,False
843,0.542402302401307,0.8387548638132296,nan,nan,20,6425,528296800,528296800,211,445354202400,445354202400,174140,False
844,0.564583123061633,0.8360019408054342,nan,nan,20,6183,528296800,528296800,203,445882499200,445882499200,174343,False
845,0.5531601269547147,0.8439805368074086,nan,nan,20,6371,528296800,528296800,209,446410796000,446410796000,174552,False
846,0.5575834363155294,0.8399428934010152,nan,nan,20,6304,528296800,528296800,206,446939092800,446939092800,174758,False
847,0.5363819577074908,0.8472313777191826,nan,nan,20,6068,528296800,528296800,197,447467389600,447467389600,174955,False
848,0.6310012898910735,0.8224357964392627,nan,nan,20,6347,528296800,528296800,207,447995686400,447995686400,175162,False
849,0.5327804144433282,0.8501514426908975,nan,nan,20,6273,528296800,528296800,204,448523983200,448523983200,175366,False
850,0.588004456299089,0.8284784629687015,0.6799810747034245,0.8021103712899221,20,6454,528296800,528296800,209,449052280000,449052280000,175575,False
851,0.5490176687418427,0.8389897395422258,nan,nan,20,6335,528296800,528296800,208,449580576800,449580576800,175783,False
852,0.6217107476484129,0.8234601144395827,nan,nan,20,5942,528296800,528296800,192,450108873600,450108873600,175975,False
853,0.5605864621458554,0.8388960205391528,nan,nan,20,6232,528296800,528296800,204,450637170400,450637170400,176179,False
854,0.4967355501777832,0.8569738204407632,nan,nan,20,6761,528296800,528296800,220,451165467200,451165467200,176399,False
855,0.6651213426720259,0.8102773246329527,nan,nan,20,6130,528296800,528296800,201,451693764000,451693764000,176600,False
856,0.5990923384168614,0.8243772520758265,nan,nan,20,6383,528296800,528296800,210,452222060800,452222060800,176810,False
857,0.7401583104808895,0.7892650701899256,nan,nan,20,6055,528296800,528296800,202,452750357600,452750357600,177012,False
858,0.6000815379244259,0.8297802558215809,nan,nan,20,6098,528296800,528296800,199,453278654400,453278654400,177211,False
859,0.5303547006096898,0.8421466792571608,nan,nan,20,6354,528296800,528296800,210,453806951200,453806951200,177421,False
860,0.5945052299235636,0.8246955978769903,0.6618677168906293,0.8096715946281458,20,6406,528296800,528296800,210,454335248000,454335248000,177631,False
861,0.6000840023351658,0.8305542321740511,nan,nan,20,6297,528296800,528296800,207,454863544800,454863544800,177838,False
862,0.6147020152052861,0.8195659216067379,nan,nan,20,6174,528296800,528296800,203,455391841600,455391841600,178041,False
863,0.615638819400584,0.8149095871716138,nan,nan,20,5862,528296800,528296800,192,455920138400,455920138400,178233,False
864,0.5715730982140089,0.8347756410256411,nan,nan,20,6240,528296800,528296800,205,456448435200,456448435200,178438,False
865,0.5573271288346886,0.8369078104993598,nan,nan,20,6248,528296800,528296800,203,456976732000,456976732000,178641,False
866,0.6156823344498656,0.8209508460918614,nan,nan,20,6205,528296800,528296800,205,457505028800,457505028800,178846,False
867,0.5947841517787236,0.8260190535686397,nan,nan,20,6403,528296800,528296800,210,458033325600,458033325600,179056,False
868,0.5517540035087433,0.8365941461887619,nan,nan,20,6389,528296800,528296800,209,458561622400,458561622400,179265,False
869,0.6550203857537819,0.807242429097901,nan,nan,20,6241,528296800,528296800,203,459089919200,459089919200,179468,False
870,0.5296191733438992,0.8490291262135923,0.6608204734862194,0.8071323778354588,20,6180,528296800,528296800,203,459618216000,459618216000,179671,False
871,0.6007107613145705,0.8304570150207734,nan,nan,20,6258,528296800,528296800,206,460146512800,460146512800,179877,False
872,0.5546313897338015,0.8323481116584565,nan,nan,20,6090,528296800,528296800,199,460674809600,460674809600,180076,False
873,0.5253850112032575,0.8498252013983888,nan,nan,20,6579,528296800,528296800,216,461203106400,461203106400,180292,False
874,0.5465804521079868,0.8368640533778149,nan,nan,20,5995,528296800,528296800,197,461731403200,461731403200,180489,False
875,0.5102030473364706,0.8462012636769918,nan,nan,20,6489,528296800,528296800,212,462259700000,462259700000,180701,False
876,0.6064628581190433,0.8275862068965517,nan,nan,20,6699,528296800,528296800,219,462787996800,462787996800,180920,False
877,0.5757309459658657,0.8367479674796748,nan,nan,20,6150,528296800,528296800,201,463316293600,463316293600,181121,False
878,0.5863470417833463,0.8305874521551007,nan,nan,20,6009,528296800,528296800,199,463844590400,463844590400,181320,False
879,0.5518281990889723,0.8408277578963747,nan,nan,20,6427,528296800,528296800,211,464372887200,464372887200,181531,False
880,0.560092400465549,0.8378337607482275,0.6510440506215102,0.8121543843809954,20,6629,528296800,528296800,216,464901184000,464901184000,181747,False
881,0.5357413241485768,0.8371077321255257,nan,nan,20,6182,528296800,528296800,203,465429480800,465429480800,181950,False
882,0.5318065907799808,0.836665116999845,nan,nan,20,6453,528296800,528296800,211,465957777600,465957777600,182161,False
883,0.5845723501138044,0.8258745666561613,nan,nan,20,6346,528296800,528296800,208,466486074400,466486074400,182369,False
884,0.5614824112392132,0.8368904813833931,nan,nan,20,6419,528296800,528296800,211,467014371200,467014371200,182580,False
885,0.5361912979101799,0.841285140562249,nan,nan,20,6225,528296800,528296800,202,467542668000,467542668000,182782,False
886,0.6420073070103031,0.8183676946668939,nan,nan,20,5869,528296800,528296800,191,468070964800,468070964800,182973,False
887,0.5578793168481985,0.8392970234325523,nan,nan,20,6316,528296800,528296800,205,468599261600,468599261600,183178,False
888,0.5692537509509362,0.8353113314908145,nan,nan,20,6151,528296800,528296800,200,469127558400,469127558400,183378,False
889,0.5481830418755781,0.828812437975521,nan,nan,20,6046,528296800,528296800,199,469655855200,469655855200,183577,False
890,0.5757982672114808,0.8279190928593319,0.6454876917383362,0.8132829251777451,20,6526,528296800,528296800,215,470184152000,470184152000,183792,False
891,0.6851455747126327,0.8035413153456998,nan,nan,20,5930,528296800,528296800,193,470712448800,470712448800,183985,False
892,0.5121708458812002,0.8539614561027837,nan,nan,20,7005,528296800,528296800,230,471240745600,471240745600,184215,False
893,0.5638516745854667,0.8394136807817589,nan,nan,20,6140,528296800,528296800,201,471769042400,471769042400,184416,False
894,0.6028437665362921,0.8209217030776591,nan,nan,20,6271,528296800,528296800,206,472297339200,472297339200,184622,False
895,0.5903681518835189,0.8333865304819662,nan,nan,20,6266,528296800,528296800,202,472825636000,472825636000,184824,False
896,0.5621022230413281,0.8338802937959056,nan,nan,20,6399,528296800,528296800,208,473353932800,473353932800,185032,False
897,0.5151603730332058,0.8410117434507678,nan,nan,20,6642,528296800,528296800,217,473882229600,473882229600,185249,False
898,0.520299687323431,0.8465535686993734,nan,nan,20,6543,528296800,528296800,213,474410526400,474410526400,185462,False
899,0.5748341673615324,0.83183274835953,nan,nan,20,6553,528296800,528296800,214,474938823200,474938823200,185676,False
900,0.5243991139171481,0.846352903121462,0.6521352417123815,0.8101794379866832,20,6183,528296800,528296800,204,475467120000,475467120000,185880,False
901,0.5346679734436927,0.840588690937258,nan,nan,20,6455,528296800,528296800,212,475995416800,475995416800,186092,False
902,0.48394999536808836,0.8617724867724867,nan,nan,20,6048,528296800,528296800,198,476523713600,476523713600,186290,False
903,0.5549781173306741,0.8320222119389171,nan,nan,20,6483,528296800,528296800,212,477052010400,477052010400,186502,False
904,0.5535085426604456,0.8427451607742761,nan,nan,20,6251,528296800,528296800,205,477580307200,477580307200,186707,False
905,0.6444878040520009,0.817178113330086,nan,nan,20,6159,528296800,528296800,202,478108604000,478108604000,186909,False
906,0.5314005618872008,0.8450134770889488,nan,nan,20,6678,528296800,528296800,215,478636900800,478636900800,187124,False
907,0.5590744602434323,0.8345245494095712,nan,nan,20,6436,528296800,528296800,212,479165197600,479165197600,187336,False
908,0.59196692374822,0.8218894376294408,nan,nan,20,6277,528296800,528296800,206,479693494400,479693494400,187542,False
909,0.5957390872150993,0.8298882253866177,nan,nan,20,6531,528296800,528296800,215,480221791200,480221791200,187757,False
910,0.5753854908190112,0.8337912087912088,0.6402900595116623,0.8135650603769327,20,6552,528296800,528296800,214,480750088000,480750088000,187971,False
911,0.6178962300732753,0.8229216340804324,nan,nan,20,6291,528296800,528296800,206,481278384800,481278384800,188177,False
912,0.557613708958514,0.836583522297808,nan,nan,20,6615,528296800,528296800,214,481806681600,481806681600,188391,False
913,0.5684428526620565,0.8339501206757844,nan,nan,20,6215,528296800,528296800,203,482334978400,482334978400,188594,False
914,0.6715600525373767,0.8077967726473878,nan,nan,20,6259,528296800,528296800,203,482863275200,482863275200,188797,False
915,0.5949807599590088,0.8243681140635126,nan,nan,20,6172,528296800,528296800,201,483391572000,483391572000,188998,False
916,0.5951750704132035,0.8344912768256909,nan,nan,20,6477,528296800,528296800,212,483919868800,483919868800,189210,False
917,0.617143074558457,0.8195169712793734,nan,nan,20,6128,528296800,528296800,201,484448165600,484448165600,189411,False
918,0.6194120896823756,0.8273275721506603,nan,nan,20,6133,528296800,528296800,201,484976462400,484976462400,189612,False
919,0.5955391891457219,0.8267779739926152,nan,nan,20,6229,528296800,528296800,206,485504759200,485504759200,189818,False
920,0.6111979091668407,0.8249880019196929,0.6320903546895443,0.8153707256517323,20,6251,528296800,528296800,204,486033056000,486033056000,190022,False
921,0.6574550006130225,0.8077307564145285,nan,nan,20,6002,528296800,528296800,196,486561352800,486561352800,190218,False
922,0.5958818816654762,0.8232630757220921,nan,nan,20,6405,528296800,528296800,210,487089649600,487089649600,190428,False
923,0.575320893123628,0.8309479710388954,nan,nan,20,5939,528296800,528296800,195,487617946400,487617946400,190623,False
924,0.5546673389804635,0.8341608738828202,nan,nan,20,6042,528296800,528296800,197,488146243200,488146243200,190820,False
925,0.5228247368122882,0.8509608110152822,nan,nan,20,6609,528296800,528296800,216,488674540000,488674540000,191036,False
926,0.5485477635670165,0.842531394580304,nan,nan,20,6052,528296800,528296800,197,489202836800,489202836800,191233,False
927,0.5135488606779439,0.851572739187418,nan,nan,20,6104,528296800,528296800,198,489731133600,489731133600,191431,False
928,0.5087465802695113,0.8462576871156442,nan,nan,20,6667,528296800,528296800,219,490259430400,490259430400,191650,False
929,0.542586330558325,0.8403654485049834,nan,nan,20,6020,528296800,528296800,196,490787727200,490787727200,191846,False
930,0.5377654478332178,0.8374724929267526,0.6338391272939095,0.8144678930143324,20,6362,528296800,528296800,208,491316024000,491316024000,192054,False
931,0.5787813527318915,0.8345198544534093,nan,nan,20,6321,528296800,528296800,205,491844320800,491844320800,192259,False
932,0.6083651280045047,0.8218669250645995,nan,nan,20,6192,528296800,528296800,203,492372617600,492372617600,192462,False
933,0.5370015170675778,0.8452457956015524,nan,nan,20,6184,528296800,528296800,203,492900914400,492900914400,192665,False
934,0.53047589302623,0.8348039215686275,nan,nan,20,6120,528296800,528296800,200,493429211200,493429211200,192865,False
935,0.5625787668886224,0.8380458423958508,nan,nan,20,5977,528296800,528296800,196,493957508000,493957508000,193061,False
936,0.5958140308511947,0.8200274767211113,nan,nan,20,6551,528296800,528296800,214,494485804800,494485804800,193275,False
937,0.6101618246622069,0.8233307751343054,nan,nan,20,6515,528296800,528296800,215,495014101600,495014101600,193490,False
938,0.561396991474179,0.8348666770622174,nan,nan,20,6413,528296800,528296800,208,495542398400,495542398400,193698,False
939,0.5035069085939962,0.8520241171403962,nan,nan,20,5805,528296800,528296800,193,496070695200,496070695200,193891,False
940,0.5056597977234111,0.859577922077922,0.6253274245316497,0.8170635368468571,20,6160,528296800,528296800,202,496598992000,496598992000,194093,False
941,0.5708759499416225,0.83621385882733,nan,nan,20,6191,528296800,528296800,203,497127288800,497127288800,194296,False
942,0.5184860610450323,0.8506198022909148,nan,nan,20,6373,528296800,528296800,208,497655585600,497655585600,194504,False
943,0.5217959740086361,0.8422743334404111,nan,nan,20,6226,528296800,528296800,203,498183882400,498183882400,194707,False
944,0.6292282442327309,0.8152102496714849,nan,nan,20,6088,528296800,528296800,199,498712179200,498712179200,194906,False
945,0.574509569726386,0.833682514101531,nan,nan,20,6205,528296800,528296800,203,499240476000,499240476000,195109,False
946,0.6670142237909149,0.8120019515368353,nan,nan,20,6149,528296800,528296800,202,499768772800,499768772800,195311,False
947,0.49068361450761755,0.8500572925192339,nan,nan,20,6109,528296800,528296800,199,500297069600,500297069600,195510,False
948,0.5585716654110591,0.8320975449003131,nan,nan,20,6069,528296800,528296800,200,500825366400,500825366400,195710,False
949,0.5516713114872223,0.8468573328899235,nan,nan,20,6014,528296800,528296800,197,501353663200,501353663200,195907,False
950,0.5180980499655982,0.8465766331658291,0.6321023783071923,0.8136214874167701,20,6368,528296800,528296800,210,501881960000,501881960000,196117,False
951,0.5347390525077442,0.8436841251824225,nan,nan,20,6167,528296800,528296800,200,502410256800,502410256800,196317,False
952,0.6072866338794132,0.8285329290887654,nan,nan,20,5937,528296800,528296800,195,502938553600,502938553600,196512,False
953,0.4947010969741624,0.8464777327935222,nan,nan,20,6175,528296800,528296800,202,503466850400,503466850400,196714,False
954,0.5934828042770881,0.8408462164361269,nan,nan,20,6145,528296800,528296800,202,503995147200,503995147200,196916,False
955,0.49554925936540833,0.8504492939666238,nan,nan,20,6232,528296800,528296800,202,504523444000,504523444000,197118,False
956,0.49549535273007556,0.8533130236100533,nan,nan,20,6565,528296800,528296800,214,505051740800,505051740800,197332,False
957,0.6232049916781508,0.8164086687306501,nan,nan,20,6460,528296800,528296800,211,505580037600,505580037600,197543,False
958,0.5777857736164236,0.8310832529733205,nan,nan,20,6222,528296800,528296800,205,506108334400,506108334400,197748,False
959,0.6350989572751353,0.8243894851454348,nan,nan,20,6429,528296800,528296800,210,506636631200,506636631200,197958,False
960,0.5167979175661817,0.8549794238683127,0.6102323452595757,0.8219726893127186,20,6075,528296800,528296800,199,507164928000,507164928000,198157,False
961,0.47259298206172284,0.8553559974342527,nan,nan,20,6236,528296800,528296800,205,507693224800,507693224800,198362,False
962,0.5172549836713157,0.8525415198792149,nan,nan,20,5961,528296800,528296800,193,508221521600,508221521600,198555,False
963,0.49889457082927346,0.8537295144738858,nan,nan,20,6529,528296800,528296800,215,508749818400,508749818400,198770,False
964,0.5866739878117213,0.81874389847055,nan,nan,20,6146,528296800,528296800,204,509278115200,509278115200,198974,False
965,0.5420594741840901,0.8376040999359385,nan,nan,20,6244,528296800,528296800,208,509806412000,509806412000,199182,False
966,0.47011443989218343,0.8569834183673469,nan,nan,20,6272,528296800,528296800,203,510334708800,510334708800,199385,False
967,0.5907646219057232,0.8284512056967147,nan,nan,20,6179,528296800,528296800,202,510863005600,510863005600,199587,False
968,0.5655643998155613,0.8288936100670045,nan,nan,20,6119,528296800,528296800,204,511391302400,511391302400,199791,False
969,0.47313867829909245,0.86530931871574,nan,nan,20,6385,528296800,528296800,208,511919599200,511919599200,199999,False
970,0.5099203148156991,0.8489197033215092,0.6088199632160551,0.8188692021216567,20,6202,528296800,528296800,204,512447896000,512447896000,200203,False
971,0.48292720276586765,0.8595067621320605,nan,nan,20,6285,528296800,528296800,206,512976192800,512976192800,200409,False
972,0.583466844029096,0.8232807673549016,nan,nan,20,6151,528296800,528296800,202,513504489600,513504489600,200611,False
973,0.5525740005065748,0.8374336710082007,nan,nan,20,6219,528296800,528296800,206,514032786400,514032786400,200817,False
974,0.4751259709238775,0.856759576688031,nan,nan,20,6709,528296800,528296800,220,514561083200,514561083200,201037,False
975,0.5841851157165614,0.8298400869430212,nan,nan,20,6441,528296800,528296800,212,515089380000,515089380000,201249,False
976,0.5393308169114411,0.8383464963871619,nan,nan,20,5951,528296800,528296800,195,515617676800,515617676800,201444,False
977,0.5281675587223834,0.8416572988598041,nan,nan,20,6227,528296800,528296800,203,516145973600,516145973600,201647,False
978,0.4806604713417108,0.8534360748545369,nan,nan,20,6359,528296800,528296800,207,516674270400,516674270400,201854,False
979,0.5053619406962362,0.8489751887810141,nan,nan,20,6489,528296800,528296800,211,517202567200,517202567200,202065,False
980,0.5301109632996263,0.8430913348946136,0.6140353881455802,0.8205055862769439,20,6405,528296800,528296800,212,517730864000,517730864000,202277,False
981,0.5492880750001838,0.8454382242533051,nan,nan,20,6127,528296800,528296800,201,518259160800,518259160800,202478,False
982,0.6603639257218328,0.8046822742474916,nan,nan,20,5980,528296800,528296800,199,518787457600,518787457600,202677,False
983,0.46940997407227186,0.8648733187363153,nan,nan,20,6394,528296800,528296800,209,519315754400,519315754400,202886,False
984,0.5843369659537307,0.8283296071542638,nan,nan,20,6262,528296800,528296800,205,519844051200,519844051200,203091,False
985,0.5993433698325393,0.8325083825642663,nan,nan,20,6263,528296800,528296800,206,520372348000,520372348000,203297,False
986,0.5553970677844329,0.8381364073006724,nan,nan,20,6246,528296800,528296800,202,520900644800,520900644800,203499,False
987,0.46951904521832055,0.8556158526558132,nan,nan,20,6081,528296800,528296800,200,521428941600,521428941600,203699,False
988,0.5159005964420096,0.84171839268213,nan,nan,20,6122,528296800,528296800,201,521957238400,521957238400,203900,False
989,0.510789653475641,0.8526916802610114,nan,nan,20,6130,528296800,528296800,199,522485535200,522485535200,204099,False
990,0.5309775343715971,0.8448471121177803,0.5984482404785062,0.8227062408306061,20,6181,528296800,528296800,203,523013832000,523013832000,204302,False
991,0.5958355426646751,0.82880895826264,nan,nan,20,5894,528296800,528296800,192,523542128800,523542128800,204494,False
992,0.4844469916126011,0.8534716679968076,nan,nan,20,6265,528296800,528296800,206,524070425600,524070425600,204700,False
993,0.5037453440724449,0.8435476584851679,nan,nan,20,6641,528296800,528296800,217,524598722400,524598722400,204917,False
994,0.469156011146949,0.8652120086660476,nan,nan,20,6462,528296800,528296800,211,525127019200,525127019200,205128,False
995,0.5327246039590333,0.8452131938857602,nan,nan,20,6215,528296800,528296800,205,525655316000,525655316000,205333,False
996,0.5904206853632862,0.8335942391984972,nan,nan,20,6388,528296800,528296800,207,526183612800,526183612800,205540,False
997,0.5090464595280467,0.8538169147925245,nan,nan,20,6314,528296800,528296800,205,526711909600,526711909600,205745,False
998,0.4621968928984554,0.863528009535161,nan,nan,20,6712,528296800,528296800,222,527240206400,527240206400,205967,False
999,0.5092562326755794,0.8455334043524577,nan,nan,20,6571,528296800,528296800,215,527768503200,527768503200,206182,False
1000,0.5099135745487212,0.8470626314937693,0.5932866742279712,0.8250761765037806,20,6179,528296800,528296800,201,528296800000,528296800000,206383,True
