round,train_loss,train_accuracy,test_loss,test_accuracy,num_fit_clients,num_fit_examples,tau_eff,mean_local_normalizer,mean_local_steps,round_upload_bytes,round_download_bytes,round_local_steps,cumulative_upload_bytes,cumulative_download_bytes,cumulative_local_steps,run_completed
1,4.114484674158231,0.03928012519561815,nan,nan,20,6390,10.628325508607197,10.45,10.45,528296800,528296800,209,528296800,528296800,209,False
2,4.089541351673064,0.06271344303011488,nan,nan,20,6442,10.669512573734865,10.55,10.55,528296800,528296800,211,1056593600,1056593600,420,False
3,4.049772120482462,0.06225205981080256,nan,nan,20,6554,10.871681415929206,10.75,10.75,528296800,528296800,215,1584890400,1584890400,635,False
4,3.9869407868965863,0.06029484843465297,nan,nan,20,6037,10.250621169455028,9.9,9.9,528296800,528296800,198,2113187200,2113187200,833,False
5,3.900912360106533,0.0655631288542681,nan,nan,20,6162,10.591204154495294,10.0,10.0,528296800,528296800,200,2641484000,2641484000,1033,False
6,3.7970005972116843,0.06454645151182829,nan,nan,20,6383,10.652671157762805,10.5,10.5,528296800,528296800,210,3169780800,3169780800,1243,False
7,3.7378927501896513,0.06269639383510399,nan,nan,20,6683,11.290887326051172,10.95,10.95,528296800,528296800,219,3698077600,3698077600,1462,False
8,3.713497048620024,0.06579745300181929,nan,nan,20,6596,11.022286234081262,10.85,10.85,528296800,528296800,217,4226374400,4226374400,1679,False
9,3.69802398550711,0.0656923531148509,nan,nan,20,6774,11.294656037791558,11.1,11.1,528296800,528296800,222,4754671200,4754671200,1901,False
10,3.7139683088514808,0.06339243684293111,3.716362175830074,0.05907911070985216,20,6373,10.573356347089284,10.4,10.4,528296800,528296800,208,5282968000,5282968000,2109,False
11,3.7064008244619497,0.06035464454205303,nan,nan,20,6147,10.254433056775664,10.05,10.05,528296800,528296800,201,5811264800,5811264800,2310,False
12,3.7369172345681942,0.060942707506744964,nan,nan,20,6301,10.700206316457706,10.25,10.25,528296800,528296800,205,6339561600,6339561600,2515,False
13,3.719421367685334,0.060379707438530966,nan,nan,20,6426,10.924992219109866,10.65,10.65,528296800,528296800,213,6867858400,6867858400,2728,False
14,3.7334245405085986,0.05795944435574006,nan,nan,20,6263,10.410027143541436,10.2,10.2,528296800,528296800,204,7396155200,7396155200,2932,False
15,3.712205757296352,0.05710149589834325,nan,nan,20,6217,10.494289850410166,10.35,10.35,528296800,528296800,207,7924452000,7924452000,3139,False
16,3.683659726320433,0.06849960722702278,nan,nan,20,6365,10.61743912018853,10.35,10.35,528296800,528296800,207,8452748800,8452748800,3346,False
17,3.7400415826643063,0.0605629348513599,nan,nan,20,6324,10.744307400379508,10.4,10.4,528296800,528296800,208,8981045600,8981045600,3554,False
18,3.6897290084637877,0.06593745185641657,nan,nan,20,6491,10.70636265598521,10.6,10.6,528296800,528296800,212,9509342400,9509342400,3766,False
19,3.7120755018024965,0.05827894976475945,nan,nan,20,6589,11.009561390195781,10.85,10.85,528296800,528296800,217,10037639200,10037639200,3983,False
20,3.679719999947622,0.06302145411203815,3.7096287480946146,0.05907911070985216,20,6712,10.966924910607865,10.85,10.85,528296800,528296800,217,10565936000,10565936000,4200,False
21,3.7087675094604493,0.06100917431192661,nan,nan,20,6540,10.909327217125382,10.7,10.7,528296800,528296800,214,11094232800,11094232800,4414,False
22,3.69976266249368,0.06513468269669762,nan,nan,20,6571,10.864708567950084,10.7,10.7,528296800,528296800,214,11622529600,11622529600,4628,False
23,3.7078678619168572,0.06073400454693082,nan,nan,20,6158,10.395745371873986,10.15,10.15,528296800,528296800,203,12150826400,12150826400,4831,False
24,3.679618362208733,0.05847589424572317,nan,nan,20,6430,10.838258164852256,10.45,10.45,528296800,528296800,209,12679123200,12679123200,5040,False
25,3.698451229940569,0.062276751048299425,nan,nan,20,6439,10.963037738779317,10.55,10.55,528296800,528296800,211,13207420000,13207420000,5251,False
26,3.6668156677649817,0.066942939113803,nan,nan,20,6274,10.75215173732866,10.3,10.3,528296800,528296800,206,13735716800,13735716800,5457,False
27,3.7190860376368606,0.05670837953429431,nan,nan,20,6313,10.336290194836053,10.2,10.2,528296800,528296800,204,14264013600,14264013600,5661,False
28,3.6860088533555424,0.06032670224809963,nan,nan,20,6183,10.425521591460456,10.1,10.1,528296800,528296800,202,14792310400,14792310400,5863,False
29,3.729672668634919,0.05613126079447323,nan,nan,20,5790,9.99257340241796,9.5,9.5,528296800,528296800,190,15320607200,15320607200,6053,False
30,3.6959990193920103,0.06351840675920338,3.710518767367958,0.05907911070985216,20,6628,10.90872057936029,10.8,10.8,528296800,528296800,216,15848904000,15848904000,6269,False
31,3.7145823939476164,0.05822285919025439,nan,nan,20,5582,9.478681476173415,9.2,9.2,528296800,528296800,184,16377200800,16377200800,6453,False
32,3.70670866748566,0.05990709594746116,nan,nan,20,6243,10.365369213519141,10.15,10.15,528296800,528296800,203,16905497600,16905497600,6656,False
33,3.7156012701628023,0.06380585020893603,nan,nan,20,6222,10.656380585020894,10.25,10.25,528296800,528296800,205,17433794400,17433794400,6861,False
34,3.6952434501009126,0.06491228070175438,nan,nan,20,6270,10.451036682615628,10.25,10.25,528296800,528296800,205,17962091200,17962091200,7066,False
35,3.7108088341412966,0.06006107906345436,nan,nan,20,5894,9.897692568713946,9.7,9.7,528296800,528296800,194,18490388000,18490388000,7260,False
36,3.714063296254159,0.05811779370520411,nan,nan,20,6418,10.761296354004362,10.5,10.5,528296800,528296800,210,19018684800,19018684800,7470,False
37,3.7078303885543167,0.057708298686179944,nan,nan,20,6013,10.108764343921504,9.85,9.85,528296800,528296800,197,19546981600,19546981600,7667,False
38,3.6936605382890173,0.06330787309048179,nan,nan,20,6808,11.481933019976498,11.15,11.15,528296800,528296800,223,20075278400,20075278400,7890,False
39,3.7116714936937347,0.060900957463506517,nan,nan,20,6371,10.651075184429445,10.5,10.5,528296800,528296800,210,20603575200,20603575200,8100,False
40,3.703012935960706,0.0688382541720154,3.7057701983848443,0.05907911070985216,20,6232,10.430840821566111,10.2,10.2,528296800,528296800,204,21131872000,21131872000,8304,False
41,3.69094620381586,0.06509717174909148,nan,nan,20,6329,10.58002844051193,10.35,10.35,528296800,528296800,207,21660168800,21660168800,8511,False
42,3.7074203163861874,0.06213944288775342,nan,nan,20,6067,10.721773528926981,9.95,9.95,528296800,528296800,199,22188465600,22188465600,8710,False
43,3.714299297848627,0.06334274067105676,nan,nan,20,6378,10.613671997491377,10.4,10.4,528296800,528296800,208,22716762400,22716762400,8918,False
44,3.700432694113448,0.06459906797364615,nan,nan,20,6223,10.436445444319462,10.25,10.25,528296800,528296800,205,23245059200,23245059200,9123,False
45,3.6954580650698845,0.06954579300074461,nan,nan,20,6715,11.336262099776619,11.1,11.1,528296800,528296800,222,23773356000,23773356000,9345,False
46,3.717122859350662,0.06495589414595028,nan,nan,20,6235,10.450200481154772,10.2,10.2,528296800,528296800,204,24301652800,24301652800,9549,False
47,3.668207517022952,0.06706568446899938,nan,nan,20,6516,10.732197667280541,10.55,10.55,528296800,528296800,211,24829949600,24829949600,9760,False
48,3.707020197936254,0.05933791380387258,nan,nan,20,6404,10.911930043722672,10.45,10.45,528296800,528296800,209,25358246400,25358246400,9969,False
49,3.6844564390552588,0.0657434180490032,nan,nan,20,6571,11.057982042307106,10.75,10.75,528296800,528296800,215,25886543200,25886543200,10184,False
50,3.6887099653768467,0.060953022394342485,3.703022523357373,0.11020200880261821,20,5939,10.01582758040074,9.85,9.85,528296800,528296800,197,26414840000,26414840000,10381,False
51,3.6990808159057016,0.06769856160100063,nan,nan,20,6396,10.98671044402752,10.5,10.5,528296800,528296800,210,26943136800,26943136800,10591,False
52,3.705734488099214,0.0627839065541856,nan,nan,20,6164,10.42585983127839,10.25,10.25,528296800,528296800,205,27471433600,27471433600,10796,False
53,3.6978751582077978,0.06757159904534606,nan,nan,20,6704,11.019988066825775,10.85,10.85,528296800,528296800,217,27999730400,27999730400,11013,False
54,3.7020403504258503,0.0762416956659285,nan,nan,20,6322,10.502689022461245,10.3,10.3,528296800,528296800,206,28528027200,28528027200,11219,False
55,3.671073775706084,0.07600644122383253,nan,nan,20,6210,10.42657004830918,10.1,10.1,528296800,528296800,202,29056324000,29056324000,11421,False
56,3.6970983639871626,0.06366612111292963,nan,nan,20,6110,10.506382978723405,10.0,10.0,528296800,528296800,200,29584620800,29584620800,11621,False
57,3.696895977419469,0.06324954821751273,nan,nan,20,6087,10.28404797108592,10.0,10.0,528296800,528296800,200,30112917600,30112917600,11821,False
58,3.7103011808969666,0.06774503523382447,nan,nan,20,6244,10.485426008968608,10.2,10.2,528296800,528296800,204,30641214400,30641214400,12025,False
59,3.676681930126875,0.06995606623859411,nan,nan,20,5918,10.16492058127746,9.8,9.8,528296800,528296800,196,31169511200,31169511200,12221,False
60,3.694713653642135,0.06256499133448873,3.700104923929564,0.05907911070985216,20,5770,9.999653379549391,9.5,9.5,528296800,528296800,190,31697808000,31697808000,12411,False
61,3.7251583026610176,0.0657451710083289,nan,nan,20,5643,9.69484316852738,9.35,9.35,528296800,528296800,187,32226104800,32226104800,12598,False
62,3.689575713520491,0.0657133676092545,nan,nan,20,6224,10.53952442159383,10.25,10.25,528296800,528296800,205,32754401600,32754401600,12803,False
63,3.6819878222641584,0.06831903400063552,nan,nan,20,6294,10.63489037178265,10.35,10.35,528296800,528296800,207,33282698400,33282698400,13010,False
64,3.695520285892429,0.06653590826795414,nan,nan,20,6628,11.07362703681352,10.85,10.85,528296800,528296800,217,33810995200,33810995200,13227,False
65,3.687282165761883,0.06774092615769713,nan,nan,20,6392,10.616551939924907,10.35,10.35,528296800,528296800,207,34339292000,34339292000,13434,False
66,3.6980370811807317,0.06017191977077364,nan,nan,20,6282,10.577523081821074,10.25,10.25,528296800,528296800,205,34867588800,34867588800,13639,False
67,3.67102754779833,0.06442214308837811,nan,nan,20,6178,10.638879896406603,10.1,10.1,528296800,528296800,202,35395885600,35395885600,13841,False
68,3.685114344443151,0.07137230187490153,nan,nan,20,6347,10.564361115487632,10.4,10.4,528296800,528296800,208,35924182400,35924182400,14049,False
69,3.6813915476667907,0.06533827618164968,nan,nan,20,6474,10.740809391411801,10.6,10.6,528296800,528296800,212,36452479200,36452479200,14261,False
70,3.6862718000981847,0.06660808435852372,3.6955988807772933,0.08181920776436068,20,5690,9.688752196836555,9.5,9.5,528296800,528296800,190,36980776000,36980776000,14451,False
71,3.6999509286937484,0.06453815946730408,nan,nan,20,5857,9.974389619259009,9.5,9.5,528296800,528296800,190,37509072800,37509072800,14641,False
72,3.6626292899321604,0.07020142180094786,nan,nan,20,6752,11.360633886255924,11.1,11.1,528296800,528296800,222,38037369600,38037369600,14863,False
73,3.685437053973402,0.061508261082938,nan,nan,20,6113,10.352690986422376,10.0,10.0,528296800,528296800,200,38565666400,38565666400,15063,False
74,3.6655621671306995,0.06744186046511629,nan,nan,20,6450,10.655813953488373,10.5,10.5,528296800,528296800,210,39093963200,39093963200,15273,False
75,3.671470745925502,0.06341383275833744,nan,nan,20,6087,10.473468046656809,10.0,10.0,528296800,528296800,200,39622260000,39622260000,15473,False
76,3.6804770931970787,0.07388025242419578,nan,nan,20,6497,10.730183161459134,10.6,10.6,528296800,528296800,212,40150556800,40150556800,15685,False
77,3.6872239892457332,0.06710418375717801,nan,nan,20,6095,10.44216570959803,10.0,10.0,528296800,528296800,200,40678853600,40678853600,15885,False
78,3.6929074455887463,0.06421002688597185,nan,nan,20,6323,10.513205756761032,10.3,10.3,528296800,528296800,206,41207150400,41207150400,16091,False
79,3.6611386075311776,0.06448979591836734,nan,nan,20,6125,10.260408163265307,9.95,9.95,528296800,528296800,199,41735447200,41735447200,16290,False
80,3.692879785941052,0.06270836640736625,3.688073240651892,0.05913553774968965,20,6299,10.551039847594854,10.25,10.25,528296800,528296800,205,42263744000,42263744000,16495,False
81,3.6820170807082087,0.06797937177684013,nan,nan,20,6399,10.66838568526332,10.4,10.4,528296800,528296800,208,42792040800,42792040800,16703,False
82,3.665467316195174,0.0683338642879898,nan,nan,20,6278,10.464956992672823,10.3,10.3,528296800,528296800,206,43320337600,43320337600,16909,False
83,3.6680045644755506,0.06943602183141298,nan,nan,20,6596,10.953305033353548,10.8,10.8,528296800,528296800,216,43848634400,43848634400,17125,False
84,3.6556403443598597,0.0676304420073114,nan,nan,20,6018,10.294283815221004,9.9,9.9,528296800,528296800,198,44376931200,44376931200,17323,False
85,3.671315778624689,0.06698787690394778,nan,nan,20,6434,10.806496736089525,10.6,10.6,528296800,528296800,212,44905228000,44905228000,17535,False
86,3.6896152365476014,0.06506321307431391,nan,nan,20,6486,11.088498304039472,10.65,10.65,528296800,528296800,213,45433524800,45433524800,17748,False
87,3.6523813895162967,0.0748383122882661,nan,nan,20,6494,10.864028333846628,10.6,10.6,528296800,528296800,212,45961821600,45961821600,17960,False
88,3.6696147962114005,0.07020997375328084,nan,nan,20,6096,10.257217847769029,9.95,9.95,528296800,528296800,199,46490118400,46490118400,18159,False
89,3.669353387737719,0.07169517884914463,nan,nan,20,6430,10.801399688958009,10.6,10.6,528296800,528296800,212,47018415200,47018415200,18371,False
90,3.6359415935209354,0.07532424343199202,3.6767445722910796,0.0879697551066471,20,6014,10.144496175590291,9.8,9.8,528296800,528296800,196,47546712000,47546712000,18567,False
91,3.667602990660213,0.07236530257544636,nan,nan,20,6329,10.703428661715913,10.35,10.35,528296800,528296800,207,48075008800,48075008800,18774,False
92,3.6695220725474345,0.06294326241134751,nan,nan,20,6768,11.108747044917257,11.0,11.0,528296800,528296800,220,48603305600,48603305600,18994,False
93,3.64720858631712,0.075,nan,nan,20,6600,11.041818181818183,10.85,10.85,528296800,528296800,217,49131602400,49131602400,19211,False
94,3.656832038994761,0.06830513884455792,nan,nan,20,6266,10.390520268113628,10.15,10.15,528296800,528296800,203,49659899200,49659899200,19414,False
95,3.648929056490224,0.07439310884886452,nan,nan,20,6385,10.938292873923258,10.45,10.45,528296800,528296800,209,50188196000,50188196000,19623,False
96,3.650816906543151,0.07556043266969745,nan,nan,20,6379,10.506192193133717,10.4,10.4,528296800,528296800,208,50716492800,50716492800,19831,False
97,3.6703716236454857,0.07212003872216845,nan,nan,20,6198,10.421103581800581,10.15,10.15,528296800,528296800,203,51244789600,51244789600,20034,False
98,3.657042329622161,0.06955320128972824,nan,nan,20,6513,10.975280208813144,10.7,10.7,528296800,528296800,214,51773086400,51773086400,20248,False
99,3.6713639269629827,0.06794564348521183,nan,nan,20,6255,10.347082334132692,10.2,10.2,528296800,528296800,204,52301383200,52301383200,20452,False
100,3.6609899387595166,0.08847897451930592,3.665935439539338,0.06923597788060039,20,6397,10.695794903861186,10.4,10.4,528296800,528296800,208,52829680000,52829680000,20660,False
101,3.6326601292012732,0.08021795065839261,nan,nan,20,6607,10.944604207658546,10.8,10.8,528296800,528296800,216,53357976800,53357976800,20876,False
102,3.6701450456980784,0.07113543091655267,nan,nan,20,6579,10.919896640826874,10.7,10.7,528296800,528296800,214,53886273600,53886273600,21090,False
103,3.6387645465721152,0.08653220559531555,nan,nan,20,6148,10.446324007807418,10.1,10.1,528296800,528296800,202,54414570400,54414570400,21292,False
104,3.6415047239248226,0.08399545970488081,nan,nan,20,6167,10.765526187773633,10.1,10.1,528296800,528296800,202,54942867200,54942867200,21494,False
105,3.639809661818401,0.0781983109164842,nan,nan,20,6394,10.723490772599312,10.4,10.4,528296800,528296800,208,55471164000,55471164000,21702,False
106,3.624232621385205,0.09112903225806451,nan,nan,20,6200,10.297419354838711,10.1,10.1,528296800,528296800,202,55999460800,55999460800,21904,False
107,3.624802668148855,0.08701831964624131,nan,nan,20,6332,10.6830385344283,10.35,10.35,528296800,528296800,207,56527757600,56527757600,22111,False
108,3.645633455981538,0.07549485959797453,nan,nan,20,6517,10.624673929722267,10.5,10.5,528296800,528296800,210,57056054400,57056054400,22321,False
109,3.6107786032396394,0.08378378378378379,nan,nan,20,5920,9.947804054054053,9.7,9.7,528296800,528296800,194,57584351200,57584351200,22515,False
110,3.652968922521373,0.07922705314009662,3.647202665979902,0.11465974494977993,20,6210,10.331239935587762,10.05,10.05,528296800,528296800,201,58112648000,58112648000,22716,False
111,3.652889414337526,0.0829343365253078,nan,nan,20,5848,9.864911080711353,9.6,9.6,528296800,528296800,192,58640944800,58640944800,22908,False
112,3.6354077668209537,0.08603844941695556,nan,nan,20,6346,10.638039710053576,10.4,10.4,528296800,528296800,208,59169241600,59169241600,23116,False
113,3.6270704802016294,0.08962824647767781,nan,nan,20,5891,10.146834153793924,9.7,9.7,528296800,528296800,194,59697538400,59697538400,23310,False
114,3.6313749140518548,0.08510290754655342,nan,nan,20,6122,10.38827180659915,10.15,10.15,528296800,528296800,203,60225835200,60225835200,23513,False
115,3.6142816118929635,0.08107672469374597,nan,nan,20,6204,10.410541586073503,10.15,10.15,528296800,528296800,203,60754132000,60754132000,23716,False
116,3.6210835289545007,0.09185329438493996,nan,nan,20,6162,10.431678026614737,10.1,10.1,528296800,528296800,202,61282428800,61282428800,23918,False
117,3.629464315956717,0.07477071350847195,nan,nan,20,6433,10.764029224312141,10.6,10.6,528296800,528296800,212,61810725600,61810725600,24130,False
118,3.61544785770696,0.09144893111638955,nan,nan,20,6736,11.306561757719715,10.9,10.9,528296800,528296800,218,62339022400,62339022400,24348,False
119,3.6033938433469657,0.0914826498422713,nan,nan,20,6340,10.743217665615141,10.5,10.5,528296800,528296800,210,62867319200,62867319200,24558,False
120,3.6007355535964787,0.10087094220110847,3.6095334254730744,0.08480984087574765,20,6315,10.550118764845605,10.35,10.35,528296800,528296800,207,63395616000,63395616000,24765,False
121,3.6061159891623884,0.08012660336498417,nan,nan,20,6003,10.248875562218892,9.85,9.85,528296800,528296800,197,63923912800,63923912800,24962,False
122,3.5879882401319887,0.09142030848329048,nan,nan,20,6224,10.517352185089976,10.2,10.2,528296800,528296800,204,64452209600,64452209600,25166,False
123,3.5924991965203064,0.09797348773426787,nan,nan,20,6563,10.84930671948804,10.75,10.75,528296800,528296800,215,64980506400,64980506400,25381,False
124,3.570223328844911,0.0937299035369775,nan,nan,20,6220,10.57926045016077,10.2,10.2,528296800,528296800,204,65508803200,65508803200,25585,False
125,3.573972666685999,0.09632340708700715,nan,nan,20,6011,10.262185992347362,10.0,10.0,528296800,528296800,200,66037100000,66037100000,25785,False
126,3.5558130634175042,0.0959849435382685,nan,nan,20,6376,10.495451693851946,10.35,10.35,528296800,528296800,207,66565396800,66565396800,25992,False
127,3.5415674210648844,0.10074214432338544,nan,nan,20,6333,10.609821569556292,10.4,10.4,528296800,528296800,208,67093693600,67093693600,26200,False
128,3.564649078500587,0.10265430124720179,nan,nan,20,6254,10.689798528941475,10.25,10.25,528296800,528296800,205,67621990400,67621990400,26405,False
129,3.5643124957433225,0.10893454371715242,nan,nan,20,6279,10.355152094282529,10.2,10.2,528296800,528296800,204,68150287200,68150287200,26609,False
130,3.557666859847065,0.09518348623853211,3.554110131405261,0.11403904751156754,20,6104,10.213466579292266,10.05,10.05,528296800,528296800,201,68678584000,68678584000,26810,False
131,3.562040883211612,0.09439728353140917,nan,nan,20,5890,10.039219015280134,9.7,9.7,528296800,528296800,194,69206880800,69206880800,27004,False
132,3.5288064518459645,0.10436854646544877,nan,nan,20,6295,10.725972994440033,10.4,10.4,528296800,528296800,208,69735177600,69735177600,27212,False
133,3.5025160625637377,0.11350171499844092,nan,nan,20,6414,10.721390707826629,10.5,10.5,528296800,528296800,210,70263474400,70263474400,27422,False
134,3.5161381022334464,0.10904092852779475,nan,nan,20,6548,10.891111789859497,10.75,10.75,528296800,528296800,215,70791771200,70791771200,27637,False
135,3.5155378861530884,0.1078167115902965,nan,nan,20,6307,10.499762169018553,10.2,10.2,528296800,528296800,204,71320068000,71320068000,27841,False
136,3.4991525623233444,0.11251654655096338,nan,nan,20,6799,11.100897190763344,11.0,11.0,528296800,528296800,220,71848364800,71848364800,28061,False
137,3.489459712218985,0.12076974120769741,nan,nan,20,6028,10.406104844061048,9.9,9.9,528296800,528296800,198,72376661600,72376661600,28259,False
138,3.4702827107859706,0.11405356605476978,nan,nan,20,6646,11.08095094793861,10.95,10.95,528296800,528296800,219,72904958400,72904958400,28478,False
139,3.4929503748748996,0.12992772667542707,nan,nan,20,6088,10.335742444152432,9.95,9.95,528296800,528296800,199,73433255200,73433255200,28677,False
140,3.4359431544490198,0.1230510547233262,3.4700724534533145,0.15139374788398602,20,6542,10.831702843167223,10.65,10.65,528296800,528296800,213,73961552000,73961552000,28890,False
141,3.4736906629831443,0.12339331619537275,nan,nan,20,6224,10.510764781491002,10.25,10.25,528296800,528296800,205,74489848800,74489848800,29095,False
142,3.452183819914402,0.13364827796403536,nan,nan,20,6562,11.191709844559583,10.8,10.8,528296800,528296800,216,75018145600,75018145600,29311,False
143,3.4483740318727394,0.13382188943762943,nan,nan,20,6277,10.53815516966704,10.3,10.3,528296800,528296800,206,75546442400,75546442400,29517,False
144,3.418432457078118,0.1276206322795341,nan,nan,20,6010,10.277537437603993,9.95,9.95,528296800,528296800,199,76074739200,76074739200,29716,False
145,3.439768050790308,0.1295617529880478,nan,nan,20,6275,10.489243027888445,10.25,10.25,528296800,528296800,205,76603036000,76603036000,29921,False
146,3.3994148318986017,0.14158749616916946,nan,nan,20,6526,10.861017468587189,10.7,10.7,528296800,528296800,214,77131332800,77131332800,30135,False
147,3.3946474533885223,0.150409904634432,nan,nan,20,5977,10.210975405721934,9.8,9.8,528296800,528296800,196,77659629600,77659629600,30331,False
148,3.384363606506754,0.1371473354231975,nan,nan,20,6380,10.573667711598743,10.45,10.45,528296800,528296800,209,78187926400,78187926400,30540,False
149,3.376714322769814,0.15152487961476727,nan,nan,20,6230,10.46661316211878,10.15,10.15,528296800,528296800,203,78716223200,78716223200,30743,False
150,3.344201460700118,0.1636546184738956,3.356231673174687,0.20832863108001354,20,5976,10.177041499330658,9.8,9.8,528296800,528296800,196,79244520000,79244520000,30939,False
151,3.336522119992982,0.1622103386809269,nan,nan,20,6732,11.549316696375518,10.95,10.95,528296800,528296800,219,79772816800,79772816800,31158,False
152,3.3649102961432007,0.15301656767739918,nan,nan,20,6398,10.661456705220381,10.5,10.5,528296800,528296800,210,80301113600,80301113600,31368,False
153,3.320203031812395,0.16135551064822012,nan,nan,20,6433,10.627856365614797,10.45,10.45,528296800,528296800,209,80829410400,80829410400,31577,False
154,3.305993807225724,0.16233979625369702,nan,nan,20,6086,10.472724285244825,10.0,10.0,528296800,528296800,200,81357707200,81357707200,31777,False
155,3.2827547226466383,0.16879084967320263,nan,nan,20,6120,10.587091503267972,10.15,10.15,528296800,528296800,203,81886004000,81886004000,31980,False
156,3.255493303200524,0.18455473929403332,nan,nan,20,5581,9.771725497222718,9.1,9.1,528296800,528296800,182,82414300800,82414300800,32162,False
157,3.29123122042215,0.16721465476749647,nan,nan,20,6387,10.509472365742914,10.4,10.4,528296800,528296800,208,82942597600,82942597600,32370,False
158,3.2924247693507827,0.17845224853011282,nan,nan,20,6293,10.43778801843318,10.25,10.25,528296800,528296800,205,83470894400,83470894400,32575,False
159,3.2094298710640574,0.19600665557404326,nan,nan,20,6010,10.357570715474209,9.85,9.85,528296800,528296800,197,83999191200,83999191200,32772,False
160,3.2477454672760424,0.1763355273228226,3.229806273264186,0.21572057329872474,20,6533,10.861319455074236,10.75,10.75,528296800,528296800,215,84527488000,84527488000,32987,False
161,3.202420074622948,0.18690400508582328,nan,nan,20,6292,10.687857596948506,10.3,10.3,528296800,528296800,206,85055784800,85055784800,33193,False
162,3.1936238824126115,0.20206766917293234,nan,nan,20,6384,10.69204260651629,10.45,10.45,528296800,528296800,209,85584081600,85584081600,33402,False
163,3.154152435837308,0.19299323909035035,nan,nan,20,6508,10.916564228641672,10.75,10.75,528296800,528296800,215,86112378400,86112378400,33617,False
164,3.1514533961177063,0.20868878357030016,nan,nan,20,6330,10.498736176935232,10.35,10.35,528296800,528296800,207,86640675200,86640675200,33824,False
165,3.19682260653601,0.20070052539404554,nan,nan,20,5710,10.0492119089317,9.45,9.45,528296800,528296800,189,87168972000,87168972000,34013,False
166,3.1139894797300878,0.22590361445783133,nan,nan,20,5976,10.215696117804551,9.85,9.85,528296800,528296800,197,87697268800,87697268800,34210,False
167,3.06920754193204,0.22485768500948766,nan,nan,20,6324,10.666824794433902,10.35,10.35,528296800,528296800,207,88225565600,88225565600,34417,False
168,3.133851017639335,0.2129217059197963,nan,nan,20,6284,10.58338637810312,10.3,10.3,528296800,528296800,206,88753862400,88753862400,34623,False
169,3.089927405246225,0.22528981086028066,nan,nan,20,6556,10.958663819402073,10.8,10.8,528296800,528296800,216,89282159200,89282159200,34839,False
170,3.0396394966137676,0.23192019950124687,3.061914877621937,0.23676785915810858,20,6416,10.769170822942643,10.5,10.5,528296800,528296800,210,89810456000,89810456000,35049,False
171,3.008396906774188,0.24871069705539844,nan,nan,20,6011,10.115122275827646,9.9,9.9,528296800,528296800,198,90338752800,90338752800,35247,False
172,3.029016527736816,0.23616473616473616,nan,nan,20,6216,10.394305019305017,10.1,10.1,528296800,528296800,202,90867049600,90867049600,35449,False
173,2.9826637464120567,0.24908366533864543,nan,nan,20,6275,10.469003984063747,10.2,10.2,528296800,528296800,204,91395346400,91395346400,35653,False
174,3.0217197772548983,0.23783694937541092,nan,nan,20,6084,10.124424720578567,9.85,9.85,528296800,528296800,197,91923643200,91923643200,35850,False
175,2.9297547297721676,0.2638379605378034,nan,nan,20,5727,10.07560677492579,9.5,9.5,528296800,528296800,190,92451940000,92451940000,36040,False
176,2.972720231434757,0.23317636336017014,nan,nan,20,6583,10.962631019292116,10.75,10.75,528296800,528296800,215,92980236800,92980236800,36255,False
177,2.9238685613440993,0.2629660314830157,nan,nan,20,6035,10.180778790389397,9.9,9.9,528296800,528296800,198,93508533600,93508533600,36453,False
178,2.8306704163841756,0.2843917492285204,nan,nan,20,6157,10.334253694981323,10.05,10.05,528296800,528296800,201,94036830400,94036830400,36654,False
179,2.9055443227469087,0.2703127455602703,nan,nan,20,6363,10.928178532138928,10.45,10.45,528296800,528296800,209,94565127200,94565127200,36863,False
180,2.8635106540688953,0.273356985977361,2.8664655618427597,0.2987247488996727,20,5919,10.14968744720392,9.75,9.75,528296800,528296800,195,95093424000,95093424000,37058,False
181,2.79735261910209,0.2874232645994019,nan,nan,20,6353,10.560837399653707,10.4,10.4,528296800,528296800,208,95621720800,95621720800,37266,False
182,2.8277145990733716,0.27546182769331373,nan,nan,20,6117,10.264345267287887,10.05,10.05,528296800,528296800,201,96150017600,96150017600,37467,False
183,2.7972550379063645,0.2873748789150791,nan,nan,20,6194,10.295447206974492,10.15,10.15,528296800,528296800,203,96678314400,96678314400,37670,False
184,2.753008288274121,0.3023255813953488,nan,nan,20,6235,10.581395348837209,10.3,10.3,528296800,528296800,206,97206611200,97206611200,37876,False
185,2.7611605014420433,0.29117421335379895,nan,nan,20,6515,10.861396776669226,10.6,10.6,528296800,528296800,212,97734908000,97734908000,38088,False
186,2.6835177141333317,0.31767489016559647,nan,nan,20,5918,10.300101385603245,9.75,9.75,528296800,528296800,195,98263204800,98263204800,38283,False
187,2.746370662958863,0.2948590381426202,nan,nan,20,6030,10.403814262023218,9.9,9.9,528296800,528296800,198,98791501600,98791501600,38481,False
188,2.679278762711173,0.31554524361948955,nan,nan,20,6465,10.77246713070379,10.55,10.55,528296800,528296800,211,99319798400,99319798400,38692,False
189,2.6013567839545764,0.341871921182266,nan,nan,20,6090,10.209523809523809,9.9,9.9,528296800,528296800,198,99848095200,99848095200,38890,False
190,2.6314082060198505,0.31923791821561337,2.6834821930831394,0.3290824963322424,20,6456,10.747366790582404,10.6,10.6,528296800,528296800,212,100376392000,100376392000,39102,False
191,2.648734967961572,0.3237942122186495,nan,nan,20,6220,10.617524115755629,10.2,10.2,528296800,528296800,204,100904688800,100904688800,39306,False
192,2.6534277851540957,0.31710061073609774,nan,nan,20,6222,10.41449694631951,10.15,10.15,528296800,528296800,203,101432985600,101432985600,39509,False
193,2.6116933743414106,0.32696629213483147,nan,nan,20,6230,10.513483146067417,10.15,10.15,528296800,528296800,203,101961282400,101961282400,39712,False
194,2.56022707959821,0.34633411449615,nan,nan,20,5974,9.994476062939405,9.8,9.8,528296800,528296800,196,102489579200,102489579200,39908,False
195,2.5746606300072368,0.33475311563338067,nan,nan,20,6339,10.534311405584479,10.4,10.4,528296800,528296800,208,103017876000,103017876000,40116,False
196,2.4973417847465122,0.3555807549003726,nan,nan,20,6173,10.452940223554188,10.15,10.15,528296800,528296800,203,103546172800,103546172800,40319,False
197,2.5538602050821018,0.3443464314354451,nan,nan,20,6235,10.3841218925421,10.15,10.15,528296800,528296800,203,104074469600,104074469600,40522,False
198,2.458759996270633,0.36306051008501417,nan,nan,20,5999,9.993498916486079,9.85,9.85,528296800,528296800,197,104602766400,104602766400,40719,False
199,2.555270703638939,0.3337232620320856,nan,nan,20,5984,10.242479946524066,9.9,9.9,528296800,528296800,198,105131063200,105131063200,40917,False
200,2.4921087410577,0.36114513165952233,2.503307284787928,0.3724748899672723,20,6532,10.895590936925903,10.7,10.7,528296800,528296800,214,105659360000,105659360000,41131,False
201,2.4419539201827276,0.36631274131274133,nan,nan,20,6216,10.564510939510937,10.25,10.25,528296800,528296800,205,106187656800,106187656800,41336,False
202,2.4019191735483743,0.37454844006568144,nan,nan,20,6090,10.373070607553364,9.95,9.95,528296800,528296800,199,106715953600,106715953600,41535,False
203,2.424993328965006,0.37474849094567403,nan,nan,20,5964,10.330818242790073,9.8,9.8,528296800,528296800,196,107244250400,107244250400,41731,False
204,2.4024035902213554,0.37074278300356794,nan,nan,20,6166,10.443074927019136,10.2,10.2,528296800,528296800,204,107772547200,107772547200,41935,False
205,2.3996512909663634,0.36815205238779747,nan,nan,20,6261,10.504711707394984,10.25,10.25,528296800,528296800,205,108300844000,108300844000,42140,False
206,2.495744910426569,0.36430631207946174,nan,nan,20,6242,10.517942966997758,10.2,10.2,528296800,528296800,204,108829140800,108829140800,42344,False
207,2.3912523733671422,0.3861599734483903,nan,nan,20,6026,10.111018918021905,9.8,9.8,528296800,528296800,196,109357437600,109357437600,42540,False
208,2.2898263619154533,0.4153527631788501,nan,nan,20,6279,10.436534480012742,10.25,10.25,528296800,528296800,205,109885734400,109885734400,42745,False
209,2.329212484460431,0.40180995475113124,nan,nan,20,6630,11.129110105580693,10.8,10.8,528296800,528296800,216,110414031200,110414031200,42961,False
210,2.231607939620562,0.4200246078129806,2.3527739221551136,0.3977542038144679,20,6502,10.718394340203014,10.6,10.6,528296800,528296800,212,110942328000,110942328000,43173,False
211,2.353687433211424,0.38106756974681505,nan,nan,20,6201,10.582002902757617,10.2,10.2,528296800,528296800,204,111470624800,111470624800,43377,False
212,2.2524317477975724,0.40491958372753073,nan,nan,20,6342,10.481393882056134,10.3,10.3,528296800,528296800,206,111998921600,111998921600,43583,False
213,2.2403921929291553,0.41961805555555554,nan,nan,20,5760,9.684548611111113,9.35,9.35,528296800,528296800,187,112527218400,112527218400,43770,False
214,2.245445781641948,0.4279673814557535,nan,nan,20,6622,10.864844457867711,10.8,10.8,528296800,528296800,216,113055515200,113055515200,43986,False
215,2.2637237146128903,0.41968211024687185,nan,nan,20,5914,10.108048698004733,9.65,9.65,528296800,528296800,193,113583812000,113583812000,44179,False
216,2.210131184190348,0.426192953768396,nan,nan,20,6727,11.17912888360339,11.05,11.05,528296800,528296800,221,114112108800,114112108800,44400,False
217,2.2402305893427563,0.4111710457630068,nan,nan,20,5747,9.768052897163738,9.5,9.5,528296800,528296800,190,114640405600,114640405600,44590,False
218,2.1716995100105105,0.43224829674489024,nan,nan,20,6605,10.82876608629826,10.7,10.7,528296800,528296800,214,115168702400,115168702400,44804,False
219,2.1062347825246914,0.4516279794360492,nan,nan,20,6419,10.747935815547592,10.55,10.55,528296800,528296800,211,115696999200,115696999200,45015,False
220,2.228955094130248,0.41652160151922774,2.2279299012345475,0.4337546552307866,20,6319,10.498654850451022,10.3,10.3,528296800,528296800,206,116225296000,116225296000,45221,False
221,2.090332039354622,0.45917740945365254,nan,nan,20,6516,10.813842848373232,10.65,10.65,528296800,528296800,213,116753592800,116753592800,45434,False
222,2.134093932149939,0.4367315175097276,nan,nan,20,6425,10.636887159533073,10.5,10.5,528296800,528296800,210,117281889600,117281889600,45644,False
223,2.2070915553927564,0.42173394651677737,nan,nan,20,5871,10.05927439959121,9.7,9.7,528296800,528296800,194,117810186400,117810186400,45838,False
224,2.0482961450528974,0.4642247400279373,nan,nan,20,6443,10.820580474934038,10.55,10.55,528296800,528296800,211,118338483200,118338483200,46049,False
225,2.089026955280062,0.45153411692871315,nan,nan,20,6551,10.759731338726914,10.6,10.6,528296800,528296800,212,118866780000,118866780000,46261,False
226,2.0938925071952577,0.4553498279534655,nan,nan,20,6103,10.215795510404718,10.0,10.0,528296800,528296800,200,119395076800,119395076800,46461,False
227,2.0634591452466493,0.47036856632570223,nan,nan,20,6159,10.265140444877417,10.1,10.1,528296800,528296800,202,119923373600,119923373600,46663,False
228,2.010262728383998,0.46582984658298465,nan,nan,20,6453,10.572911823957847,10.5,10.5,528296800,528296800,210,120451670400,120451670400,46873,False
229,2.083057175832261,0.4468978385943088,nan,nan,20,6431,10.66941377701757,10.55,10.55,528296800,528296800,211,120979967200,120979967200,47084,False
230,1.9940851121868823,0.4791892310072722,2.1498153775126574,0.4365195801828236,20,6463,10.902676775491258,10.6,10.6,528296800,528296800,212,121508264000,121508264000,47296,False
231,2.0769177573757207,0.4595179233621755,nan,nan,20,6472,10.69082200247219,10.55,10.55,528296800,528296800,211,122036560800,122036560800,47507,False
232,2.137728534603657,0.4392252554521885,nan,nan,20,6557,11.00106756138478,10.7,10.7,528296800,528296800,214,122564857600,122564857600,47721,False
233,2.014376525087409,0.4745972738537794,nan,nan,20,6456,10.63258983890954,10.45,10.45,528296800,528296800,209,123093154400,123093154400,47930,False
234,2.0237940118848816,0.47054263565891474,nan,nan,20,6450,10.937519379844963,10.6,10.6,528296800,528296800,212,123621451200,123621451200,48142,False
235,1.8754117521528924,0.5111674322825914,nan,nan,20,6313,10.404562014889908,10.25,10.25,528296800,528296800,205,124149748000,124149748000,48347,False
236,1.9830789404701432,0.46608880778588807,nan,nan,20,6576,10.951034063260341,10.8,10.8,528296800,528296800,216,124678044800,124678044800,48563,False
237,1.9949663438693066,0.47641509433962265,nan,nan,20,6148,10.275862068965518,10.1,10.1,528296800,528296800,202,125206341600,125206341600,48765,False
238,1.926223207594845,0.49496619083395943,nan,nan,20,6655,10.855447032306536,10.75,10.75,528296800,528296800,215,125734638400,125734638400,48980,False
239,1.9078133528919805,0.5030076410339782,nan,nan,20,6151,10.384165176394085,10.1,10.1,528296800,528296800,202,126262935200,126262935200,49182,False
240,1.925927545106072,0.4874199791573619,2.040497445411734,0.4760749351089042,20,6717,11.081137412535357,10.9,10.9,528296800,528296800,218,126791232000,126791232000,49400,False
241,2.003458213937704,0.4727361246348588,nan,nan,20,6162,10.222817267121062,10.1,10.1,528296800,528296800,202,127319528800,127319528800,49602,False
242,2.0341406321154363,0.46691436659589525,nan,nan,20,5652,9.653397027600851,9.4,9.4,528296800,528296800,188,127847825600,127847825600,49790,False
243,2.032170597861039,0.4682109413504189,nan,nan,20,6087,10.105142106127811,9.9,9.9,528296800,528296800,198,128376122400,128376122400,49988,False
244,1.9487610211766873,0.48397382111092463,nan,nan,20,5959,10.378922638026516,9.9,9.9,528296800,528296800,198,128904419200,128904419200,50186,False
245,1.8446202877922127,0.5138308137664844,nan,nan,20,6218,10.751206175619169,10.25,10.25,528296800,528296800,205,129432716000,129432716000,50391,False
246,1.8482206561673595,0.5129659643435981,nan,nan,20,6170,10.19740680713128,10.05,10.05,528296800,528296800,201,129961012800,129961012800,50592,False
247,1.8372440227536913,0.5276990871891721,nan,nan,20,6354,10.86024551463645,10.55,10.55,528296800,528296800,211,130489309600,130489309600,50803,False
248,1.8949780930775337,0.5033386327503975,nan,nan,20,6290,10.350079491255963,10.15,10.15,528296800,528296800,203,131017606400,131017606400,51006,False
249,1.9333639481757479,0.48902532617037603,nan,nan,20,6515,10.810744435917115,10.6,10.6,528296800,528296800,212,131545903200,131545903200,51218,False
250,1.9003702510970522,0.5083665338645418,2.0531709951063455,0.44441936576007224,20,6275,10.560159362549802,10.35,10.35,528296800,528296800,207,132074200000,132074200000,51425,False
251,1.875698136919605,0.509534706331045,nan,nan,20,6555,10.949046529366894,10.75,10.75,528296800,528296800,215,132602496800,132602496800,51640,False
252,1.8889398492460165,0.5070200347057896,nan,nan,20,6339,10.611768417731502,10.4,10.4,528296800,528296800,208,133130793600,133130793600,51848,False
253,1.7642506832843061,0.5404817404817405,nan,nan,20,6435,10.754623154623152,10.55,10.55,528296800,528296800,211,133659090400,133659090400,52059,False
254,1.751296796835959,0.54109375,nan,nan,20,6400,10.806562500000002,10.55,10.55,528296800,528296800,211,134187387200,134187387200,52270,False
255,1.7168046333112066,0.5371836671324328,nan,nan,20,6441,10.632510479739171,10.5,10.5,528296800,528296800,210,134715684000,134715684000,52480,False
256,1.7922106239053188,0.5200060855012931,nan,nan,20,6573,10.885896850753081,10.7,10.7,528296800,528296800,214,135243980800,135243980800,52694,False
257,1.7705623357194096,0.5373744253362847,nan,nan,20,5873,10.276008854077984,9.8,9.8,528296800,528296800,196,135772277600,135772277600,52890,False
258,1.8487805012658078,0.512901195720579,nan,nan,20,6356,10.70106985525488,10.5,10.5,528296800,528296800,210,136300574400,136300574400,53100,False
259,1.8448283446926534,0.5063781689003714,nan,nan,20,6193,10.576457290489262,10.25,10.25,528296800,528296800,205,136828871200,136828871200,53305,False
260,1.757029263722289,0.5300841403397365,1.8945175789640525,0.4982507617650378,20,6299,10.616129544372125,10.4,10.4,528296800,528296800,208,137357168000,137357168000,53513,False
261,1.6421459984483582,0.5672110552763819,nan,nan,20,6368,10.403737437185931,10.3,10.3,528296800,528296800,206,137885464800,137885464800,53719,False
262,1.7504464880803543,0.5393105790456784,nan,nan,20,5889,10.081168279843777,9.65,9.65,528296800,528296800,193,138413761600,138413761600,53912,False
263,1.7587394601484823,0.5327026586201272,nan,nan,20,6131,10.254281520143534,10.1,10.1,528296800,528296800,202,138942058400,138942058400,54114,False
264,1.6588414172253085,0.5581689029202841,nan,nan,20,6335,10.529281767955801,10.35,10.35,528296800,528296800,207,139470355200,139470355200,54321,False
265,1.649226657525339,0.5551476722843317,nan,nan,20,5993,10.144335057567162,9.75,9.75,528296800,528296800,195,139998652000,139998652000,54516,False
266,1.7427632972598075,0.5384615384615384,nan,nan,20,5720,9.812062937062938,9.45,9.45,528296800,528296800,189,140526948800,140526948800,54705,False
267,1.6806668122599688,0.550475254015077,nan,nan,20,6102,10.393313667649949,9.95,9.95,528296800,528296800,199,141055245600,141055245600,54904,False
268,1.7507274312364125,0.53681592039801,nan,nan,20,6030,10.183416252072966,9.9,9.9,528296800,528296800,198,141583542400,141583542400,55102,False
269,1.725583560292325,0.5407211687907989,nan,nan,20,6434,10.68448865402549,10.55,10.55,528296800,528296800,211,142111839200,142111839200,55313,False
270,1.7158957966224246,0.5390340218712029,1.8121942602583145,0.5371289922130685,20,6584,10.90689550425273,10.75,10.75,528296800,528296800,215,142640136000,142640136000,55528,False
271,1.686008677909856,0.5508502289077829,nan,nan,20,6116,10.2485284499673,10.0,10.0,528296800,528296800,200,143168432800,143168432800,55728,False
272,1.7958286153287097,0.5300512501941296,nan,nan,20,6439,10.687995030284206,10.5,10.5,528296800,528296800,210,143696729600,143696729600,55938,False
273,1.7032584304573337,0.5505870998874055,nan,nan,20,6217,10.430110986006113,10.15,10.15,528296800,528296800,203,144225026400,144225026400,56141,False
274,1.5894350483654782,0.5812199036918138,nan,nan,20,6230,10.463723916532906,10.2,10.2,528296800,528296800,204,144753323200,144753323200,56345,False
275,1.7000130858219071,0.5481788842784694,nan,nan,20,6507,10.806516059628091,10.6,10.6,528296800,528296800,212,145281620000,145281620000,56557,False
276,1.535832373687855,0.5898631373138817,nan,nan,20,6649,11.009023913370433,10.85,10.85,528296800,528296800,217,145809916800,145809916800,56774,False
277,1.6153268114209214,0.5704387990762124,nan,nan,20,6062,10.120092378752886,9.9,9.9,528296800,528296800,198,146338213600,146338213600,56972,False
278,1.593201762750112,0.5781391147244805,nan,nan,20,6642,10.940831074977416,10.85,10.85,528296800,528296800,217,146866510400,146866510400,57189,False
279,1.7611792501124484,0.5336229086229086,nan,nan,20,6216,10.370656370656372,10.1,10.1,528296800,528296800,202,147394807200,147394807200,57391,False
280,1.6334862730021813,0.5612549800796812,1.7359846254703275,0.5433359665951925,20,6024,10.219289508632137,9.95,9.95,528296800,528296800,199,147923104000,147923104000,57590,False
281,1.654527397140016,0.5608969436338505,nan,nan,20,6511,10.838888035632007,10.7,10.7,528296800,528296800,214,148451400800,148451400800,57804,False
282,1.713520325182111,0.5477477477477477,nan,nan,20,6105,10.390827190827189,10.05,10.05,528296800,528296800,201,148979697600,148979697600,58005,False
283,1.5035150892264888,0.6080394270753119,nan,nan,20,6493,10.87278607731403,10.65,10.65,528296800,528296800,213,149507994400,149507994400,58218,False
284,1.6115248971082887,0.5741839762611276,nan,nan,20,6066,10.295746785361027,10.05,10.05,528296800,528296800,201,150036291200,150036291200,58419,False
285,1.6756808692685414,0.5547680412371134,nan,nan,20,6208,10.497100515463917,10.25,10.25,528296800,528296800,205,150564588000,150564588000,58624,False
286,1.453711488102062,0.6146540027137042,nan,nan,20,6633,10.97738579828132,10.8,10.8,528296800,528296800,216,151092884800,151092884800,58840,False
287,1.5758499234771268,0.5849117174959871,nan,nan,20,6230,10.422953451043337,10.2,10.2,528296800,528296800,204,151621181600,151621181600,59044,False
288,1.5909636040624793,0.5716739537788882,nan,nan,20,6404,10.707995003123049,10.5,10.5,528296800,528296800,210,152149478400,152149478400,59254,False
289,1.5531895708498302,0.5858700960442781,nan,nan,20,6143,10.404851049975585,10.1,10.1,528296800,528296800,202,152677775200,152677775200,59456,False
290,1.5864917904438667,0.5758326878388846,1.658577107425307,0.5643832524545762,20,6455,10.643377226955847,10.45,10.45,528296800,528296800,209,153206072000,153206072000,59665,False
291,1.5749228502195014,0.5764075067024129,nan,nan,20,6341,10.642170004731117,10.45,10.45,528296800,528296800,209,153734368800,153734368800,59874,False
292,1.5240928669838179,0.5985457920792079,nan,nan,20,6464,10.662283415841584,10.55,10.55,528296800,528296800,211,154262665600,154262665600,60085,False
293,1.5250309484193265,0.5890556313475822,nan,nan,20,6597,11.014855237229046,10.8,10.8,528296800,528296800,216,154790962400,154790962400,60301,False
294,1.4652014301556808,0.6069230769230769,nan,nan,20,6500,10.841692307692309,10.6,10.6,528296800,528296800,212,155319259200,155319259200,60513,False
295,1.373768900776668,0.6229194284872588,nan,nan,20,6789,11.231698335542788,11.15,11.15,528296800,528296800,223,155847556000,155847556000,60736,False
296,1.6405884446357029,0.5654001344989913,nan,nan,20,5948,10.02168796234028,9.65,9.65,528296800,528296800,193,156375852800,156375852800,60929,False
297,1.4428265388766524,0.605907560453015,nan,nan,20,6534,10.885215794306704,10.7,10.7,528296800,528296800,214,156904149600,156904149600,61143,False
298,1.5496968826613824,0.5828122494789162,nan,nan,20,6237,10.49703383036716,10.25,10.25,528296800,528296800,205,157432446400,157432446400,61348,False
299,1.7037750677597288,0.5398474273656874,nan,nan,20,6161,10.198182113293296,10.05,10.05,528296800,528296800,201,157960743200,157960743200,61549,False
300,1.3822556505206454,0.6408876933422999,1.6343360757494119,0.5638189820562013,20,5948,9.941997310020176,9.7,9.7,528296800,528296800,194,158489040000,158489040000,61743,False
301,1.4385912534284901,0.6168831168831169,nan,nan,20,6160,10.314285714285713,10.1,10.1,528296800,528296800,202,159017336800,159017336800,61945,False
302,1.5581776495309285,0.576929171288227,nan,nan,20,6311,10.462208841704959,10.25,10.25,528296800,528296800,205,159545633600,159545633600,62150,False
303,1.4575989563091496,0.6162699038309948,nan,nan,20,6343,10.563928740343686,10.4,10.4,528296800,528296800,208,160073930400,160073930400,62358,False
304,1.346041800989941,0.6389868547611414,nan,nan,20,6238,10.614940686117343,10.25,10.25,528296800,528296800,205,160602227200,160602227200,62563,False
305,1.5010971836769913,0.5997728747566515,nan,nan,20,6164,10.263627514600909,10.0,10.0,528296800,528296800,200,161130524000,161130524000,62763,False
306,1.4315131567224764,0.6170581743654422,nan,nan,20,6343,10.537758158600031,10.3,10.3,528296800,528296800,206,161658820800,161658820800,62969,False
307,1.4639450588914364,0.617399438727783,nan,nan,20,6414,10.634861241035235,10.45,10.45,528296800,528296800,209,162187117600,162187117600,63178,False
308,1.3784204722463083,0.635016211208893,nan,nan,20,6477,10.614018835880804,10.45,10.45,528296800,528296800,209,162715414400,162715414400,63387,False
309,1.3801564099515204,0.6349106863052335,nan,nan,20,6382,10.707458476966469,10.45,10.45,528296800,528296800,209,163243711200,163243711200,63596,False
310,1.5030539563243215,0.5990383123933612,1.5652246651188297,0.5749915359440244,20,6447,10.724988366682178,10.6,10.6,528296800,528296800,212,163772008000,163772008000,63808,False
311,1.4242954999764375,0.6131386861313869,nan,nan,20,6165,10.400162206001621,10.15,10.15,528296800,528296800,203,164300304800,164300304800,64011,False
312,1.4281298595508387,0.6159548751007252,nan,nan,20,6205,10.392908944399677,10.15,10.15,528296800,528296800,203,164828601600,164828601600,64214,False
313,1.3564192856939843,0.6340521403282909,nan,nan,20,6214,10.527518506598007,10.25,10.25,528296800,528296800,205,165356898400,165356898400,64419,False
314,1.3505884182688024,0.6423522334185592,nan,nan,20,6649,10.801473905850502,10.7,10.7,528296800,528296800,214,165885195200,165885195200,64633,False
315,1.3995176729344476,0.6179990426041168,nan,nan,20,6267,10.616243816818255,10.45,10.45,528296800,528296800,209,166413492000,166413492000,64842,False
316,1.5038147473110344,0.5935401343140391,nan,nan,20,6254,10.401503038055646,10.15,10.15,528296800,528296800,203,166941788800,166941788800,65045,False
317,1.3337416672415627,0.6396643783371472,nan,nan,20,6555,10.877803203661328,10.65,10.65,528296800,528296800,213,167470085600,167470085600,65258,False
318,1.3812024507621246,0.6364091440013349,nan,nan,20,5993,10.200066744535292,9.9,9.9,528296800,528296800,198,167998382400,167998382400,65456,False
319,1.442195367050492,0.6077441077441077,nan,nan,20,5940,10.195117845117846,9.75,9.75,528296800,528296800,195,168526679200,168526679200,65651,False
320,1.4699793870158029,0.6024252223120453,1.5255309546213094,0.5842455704773728,20,6185,10.186903799514957,10.05,10.05,528296800,528296800,201,169054976000,169054976000,65852,False
321,1.4466845358923182,0.6109992254066615,nan,nan,20,6455,10.713090627420604,10.6,10.6,528296800,528296800,212,169583272800,169583272800,66064,False
322,1.412495900990424,0.618266253869969,nan,nan,20,6460,10.841795665634674,10.6,10.6,528296800,528296800,212,170111569600,170111569600,66276,False
323,1.289471374850949,0.6511825761442913,nan,nan,20,5877,10.003232941977203,9.6,9.6,528296800,528296800,192,170639866400,170639866400,66468,False
324,1.3349495685558113,0.6404922355698799,nan,nan,20,6826,11.215206563140933,11.1,11.1,528296800,528296800,222,171168163200,171168163200,66690,False
325,1.4533440321586235,0.6118938401048493,nan,nan,20,6104,10.132536041939714,9.9,9.9,528296800,528296800,198,171696460000,171696460000,66888,False
326,1.272442550501797,0.6528088213381016,nan,nan,20,6711,11.279988079272837,10.9,10.9,528296800,528296800,218,172224756800,172224756800,67106,False
327,1.3775827405208139,0.6249600511345478,nan,nan,20,6258,10.666027484819432,10.35,10.35,528296800,528296800,207,172753053600,172753053600,67313,False
328,1.3504104458345663,0.6295302013422819,nan,nan,20,5960,10.055536912751679,9.7,9.7,528296800,528296800,194,173281350400,173281350400,67507,False
329,1.4470718893188883,0.6059654631083202,nan,nan,20,6370,10.627629513343798,10.4,10.4,528296800,528296800,208,173809647200,173809647200,67715,False
330,1.317695254085582,0.6469943644333125,1.470816987993055,0.6002144227513825,20,6388,10.5832811521603,10.45,10.45,528296800,528296800,209,174337944000,174337944000,67924,False
331,1.4438725906975416,0.6086530612244898,nan,nan,20,6125,10.447183673469388,10.15,10.15,528296800,528296800,203,174866240800,174866240800,68127,False
332,1.3210256708549817,0.6442039678635842,nan,nan,20,6099,10.634366289555665,10.1,10.1,528296800,528296800,202,175394537600,175394537600,68329,False
333,1.3196341867308161,0.6461004676421783,nan,nan,20,6629,10.965605672047065,10.8,10.8,528296800,528296800,216,175922834400,175922834400,68545,False
334,1.3513679761645252,0.6319018404907976,nan,nan,20,6520,10.813343558282208,10.65,10.65,528296800,528296800,213,176451131200,176451131200,68758,False
335,1.3609765812507915,0.6336601832502813,nan,nan,20,6221,10.516797942452982,10.25,10.25,528296800,528296800,205,176979428000,176979428000,68963,False
336,1.4554854038199094,0.6101694915254238,nan,nan,20,5664,9.804378531073445,9.4,9.4,528296800,528296800,188,177507724800,177507724800,69151,False
337,1.248620360873914,0.6635341241719304,nan,nan,20,6491,10.90710214142659,10.65,10.65,528296800,528296800,213,178036021600,178036021600,69364,False
338,1.3015877929315083,0.6473325062034739,nan,nan,20,6448,10.857009925558312,10.55,10.55,528296800,528296800,211,178564318400,178564318400,69575,False
339,1.3015453154430463,0.6546699438202247,nan,nan,20,5696,9.708216292134834,9.45,9.45,528296800,528296800,189,179092615200,179092615200,69764,False
340,1.2678423659086722,0.6639514454559975,1.429515215737356,0.6107098521611556,20,6261,10.65580578182399,10.3,10.3,528296800,528296800,206,179620912000,179620912000,69970,False
341,1.3074489800683986,0.6460710792305184,nan,nan,20,6134,10.42875774372351,10.1,10.1,528296800,528296800,202,180149208800,180149208800,70172,False
342,1.2913918820561734,0.6482100238663484,nan,nan,20,6285,10.501352426412089,10.35,10.35,528296800,528296800,207,180677505600,180677505600,70379,False
343,1.2288859653629385,0.6593302939789342,nan,nan,20,6361,10.518629146360635,10.4,10.4,528296800,528296800,208,181205802400,181205802400,70587,False
344,1.2550721046408442,0.66077793274446,nan,nan,20,6453,10.741515574151556,10.55,10.55,528296800,528296800,211,181734099200,181734099200,70798,False
345,1.321847926914864,0.6415517794164797,nan,nan,20,6238,10.46232766912472,10.25,10.25,528296800,528296800,205,182262396000,182262396000,71003,False
346,1.2790307634113032,0.6626224918338778,nan,nan,20,6429,10.622025198320111,10.55,10.55,528296800,528296800,211,182790692800,182790692800,71214,False
347,1.2382984514606354,0.6673219416301225,nan,nan,20,6613,10.951156812339331,10.75,10.75,528296800,528296800,215,183318989600,183318989600,71429,False
348,1.2793183192553028,0.6576297443841983,nan,nan,20,6455,10.712780790085203,10.6,10.6,528296800,528296800,212,183847286400,183847286400,71641,False
349,1.2362938251984823,0.6618671620993962,nan,nan,20,6459,10.770862362594826,10.55,10.55,528296800,528296800,211,184375583200,184375583200,71852,False
350,1.2963173293761188,0.6511397423191279,1.3912106459652809,0.6247037580408532,20,6054,10.322266270234556,10.0,10.0,528296800,528296800,200,184903880000,184903880000,72052,False
351,1.2622756775633277,0.6556805577562985,nan,nan,20,6311,10.599271113928063,10.3,10.3,528296800,528296800,206,185432176800,185432176800,72258,False
352,1.2848875164985656,0.6461285008237232,nan,nan,20,6070,10.244975288303129,10.0,10.0,528296800,528296800,200,185960473600,185960473600,72458,False
353,1.252267772423708,0.6550424128180962,nan,nan,20,6366,10.592836946277098,10.45,10.45,528296800,528296800,209,186488770400,186488770400,72667,False
354,1.19943466601588,0.6793783047588527,nan,nan,20,6241,10.49014580996635,10.15,10.15,528296800,528296800,203,187017067200,187017067200,72870,False
355,1.0339811865754311,0.7164581023285285,nan,nan,20,6313,10.576429589735467,10.35,10.35,528296800,528296800,207,187545364000,187545364000,73077,False
356,1.1714302732942032,0.6758864204796233,nan,nan,20,6797,11.439458584669707,11.15,11.15,528296800,528296800,223,188073660800,188073660800,73300,False
357,1.0740278623078992,0.6996699669966997,nan,nan,20,6363,10.665095080936664,10.4,10.4,528296800,528296800,208,188601957600,188601957600,73508,False
358,1.248975498187727,0.6617854622441779,nan,nan,20,5668,9.625970359915314,9.3,9.3,528296800,528296800,186,189130254400,189130254400,73694,False
359,1.2412189226061598,0.6698280019289503,nan,nan,20,6221,10.418421475647005,10.2,10.2,528296800,528296800,204,189658551200,189658551200,73898,False
360,1.1841963409436425,0.6800062529310614,1.3582002741396393,0.6272429748335402,20,6397,10.666406127872438,10.5,10.5,528296800,528296800,210,190186848000,190186848000,74108,False
361,1.2575753819467432,0.655284805214962,nan,nan,20,6443,10.635107869005124,10.5,10.5,528296800,528296800,210,190715144800,190715144800,74318,False
362,1.3606586270823964,0.6324812967581047,nan,nan,20,6416,11.119077306733164,10.65,10.65,528296800,528296800,213,191243441600,191243441600,74531,False
363,1.2167710121709665,0.6705308114704088,nan,nan,20,6556,11.12156802928615,10.75,10.75,528296800,528296800,215,191771738400,191771738400,74746,False
364,1.2556404813345252,0.6597080521111286,nan,nan,20,6371,10.752629100612147,10.6,10.6,528296800,528296800,212,192300035200,192300035200,74958,False
365,1.2094682178330252,0.6738106095151238,nan,nan,20,6579,10.954704362365101,10.8,10.8,528296800,528296800,216,192828332000,192828332000,75174,False
366,1.168171893216934,0.6805600781504396,nan,nan,20,6142,10.414197329859979,10.05,10.05,528296800,528296800,201,193356628800,193356628800,75375,False
367,1.235709201605372,0.6654567453115547,nan,nan,20,6612,10.894434361766482,10.8,10.8,528296800,528296800,216,193884925600,193884925600,75591,False
368,1.1756173295110561,0.677831715210356,nan,nan,20,6180,10.281877022653722,10.1,10.1,528296800,528296800,202,194413222400,194413222400,75793,False
369,1.0793328718822284,0.6973239003383574,nan,nan,20,6502,10.743155952014767,10.45,10.45,528296800,528296800,209,194941519200,194941519200,76002,False
370,1.1683754539081428,0.6718462823725981,1.3040570336423547,0.6406161832750253,20,5985,10.430576441102758,9.9,9.9,528296800,528296800,198,195469816000,195469816000,76200,False
371,1.1750094391017383,0.6806300848191102,nan,nan,20,5777,10.032023541630606,9.55,9.55,528296800,528296800,191,195998112800,195998112800,76391,False
372,1.1685784419953862,0.6798444588464031,nan,nan,20,6172,10.23444588464031,10.1,10.1,528296800,528296800,202,196526409600,196526409600,76593,False
373,1.1080095418666656,0.6970796898201617,nan,nan,20,6061,10.382940108892921,9.95,9.95,528296800,528296800,199,197054706400,197054706400,76792,False
374,1.1341633848596109,0.6879925822902179,nan,nan,20,6471,10.751970329160873,10.65,10.65,528296800,528296800,213,197583003200,197583003200,77005,False
375,1.105193485830233,0.6981014628073452,nan,nan,20,6426,10.67569249922191,10.5,10.5,528296800,528296800,210,198111300000,198111300000,77215,False
376,1.2042656603128943,0.6668742216687422,nan,nan,20,6424,10.60491905354919,10.5,10.5,528296800,528296800,210,198639596800,198639596800,77425,False
377,1.1305847624333472,0.6859651975931046,nan,nan,20,6149,10.282322328833954,10.1,10.1,528296800,528296800,202,199167893600,199167893600,77627,False
378,1.1810613303346944,0.6674200839522119,nan,nan,20,6194,10.568453341943817,10.2,10.2,528296800,528296800,204,199696190400,199696190400,77831,False
379,1.0884149308742346,0.7079383886255924,nan,nan,20,6752,11.45053317535545,11.1,11.1,528296800,528296800,222,200224487200,200224487200,78053,False
380,1.1404758102422967,0.6922189251566107,1.2638397984305054,0.6508859045254486,20,6066,10.077975601714474,9.95,9.95,528296800,528296800,199,200752784000,200752784000,78252,False
381,1.1240210565869735,0.700309799445622,nan,nan,20,6133,10.271156041089187,10.0,10.0,528296800,528296800,200,201281080800,201281080800,78452,False
382,1.0662676139916736,0.7050282744918234,nan,nan,20,6543,10.765703805593764,10.65,10.65,528296800,528296800,213,201809377600,201809377600,78665,False
383,1.085747663964586,0.7040784065760354,nan,nan,20,6326,10.646854252292126,10.3,10.3,528296800,528296800,206,202337674400,202337674400,78871,False
384,1.0559950552461583,0.7100725952813067,nan,nan,20,6612,11.170296430732003,10.75,10.75,528296800,528296800,215,202865971200,202865971200,79086,False
385,1.1248082213085775,0.6853462157809984,nan,nan,20,6210,10.443317230273749,10.2,10.2,528296800,528296800,204,203394268000,203394268000,79290,False
386,1.109603474664998,0.6997167138810199,nan,nan,20,6001,10.319280119980004,9.85,9.85,528296800,528296800,197,203922564800,203922564800,79487,False
387,1.2449603480035045,0.6580526842280761,nan,nan,20,5998,10.05501833944648,9.8,9.8,528296800,528296800,196,204450861600,204450861600,79683,False
388,1.0114574391436042,0.7195945945945946,nan,nan,20,6512,10.866554054054054,10.7,10.7,528296800,528296800,214,204979158400,204979158400,79897,False
389,0.9974882708713027,0.7235437633424825,nan,nan,20,6558,11.017688319609638,10.65,10.65,528296800,528296800,213,205507455200,205507455200,80110,False
390,1.0009849195044904,0.729197957344548,1.2395535088354976,0.6547793702742354,20,6658,10.976419345148692,10.85,10.85,528296800,528296800,217,206035752000,206035752000,80327,False
391,1.0065282115788357,0.7191727569584824,nan,nan,20,6431,10.740786813870317,10.5,10.5,528296800,528296800,210,206564048800,206564048800,80537,False
392,1.055599603953525,0.7038151021054297,nan,nan,20,6317,10.593477916732626,10.4,10.4,528296800,528296800,208,207092345600,207092345600,80745,False
393,1.045499850876146,0.7183292533659731,nan,nan,20,6536,10.931456548347615,10.8,10.8,528296800,528296800,216,207620642400,207620642400,80961,False
394,0.9283560623549513,0.7430167597765364,nan,nan,20,6444,10.672718808193668,10.55,10.55,528296800,528296800,211,208148939200,208148939200,81172,False
395,1.0125394513606454,0.7173669915321936,nan,nan,20,6259,10.610321137561911,10.2,10.2,528296800,528296800,204,208677236000,208677236000,81376,False
396,1.0846306700150095,0.704337899543379,nan,nan,20,6132,10.339693411611217,10.05,10.05,528296800,528296800,201,209205532800,209205532800,81577,False
397,1.0873702835219143,0.6977005949509567,nan,nan,20,6219,10.412928123492522,10.15,10.15,528296800,528296800,203,209733829600,209733829600,81780,False
398,1.0537707747135492,0.7143763884481117,nan,nan,20,6302,10.577594414471598,10.35,10.35,528296800,528296800,207,210262126400,210262126400,81987,False
399,1.1898915941118087,0.6818105049822665,nan,nan,20,5921,10.086640770140178,9.75,9.75,528296800,528296800,195,210790423200,210790423200,82182,False
400,1.1056584672016256,0.696078431372549,1.2002671464223273,0.665218372644171,20,6528,10.954197303921566,10.75,10.75,528296800,528296800,215,211318720000,211318720000,82397,False
401,1.122417397115073,0.6944214534017547,nan,nan,20,6041,10.067704022512828,9.9,9.9,528296800,528296800,198,211847016800,211847016800,82595,False
402,0.984668394155954,0.7318563789152025,nan,nan,20,6545,10.995416348357525,10.75,10.75,528296800,528296800,215,212375313600,212375313600,82810,False
403,1.0887835802713335,0.699344364658133,nan,nan,20,6406,10.531376834217918,10.45,10.45,528296800,528296800,209,212903610400,212903610400,83019,False
404,1.0425137105401208,0.7067229620006495,nan,nan,20,6158,10.374309840857421,10.05,10.05,528296800,528296800,201,213431907200,213431907200,83220,False
405,0.9890386716931521,0.7235532047293093,nan,nan,20,6428,10.664125700062227,10.5,10.5,528296800,528296800,210,213960204000,213960204000,83430,False
406,1.1042883010827607,0.6966099047023903,nan,nan,20,6401,10.562568348695518,10.4,10.4,528296800,528296800,208,214488500800,214488500800,83638,False
407,1.1852778471479366,0.680521991300145,nan,nan,20,6207,10.427742870952152,10.2,10.2,528296800,528296800,204,215016797600,215016797600,83842,False
408,1.1761827614883449,0.674496644295302,nan,nan,20,6258,10.52301054650048,10.35,10.35,528296800,528296800,207,215545094400,215545094400,84049,False
409,0.9237523667618045,0.7507250580046404,nan,nan,20,6896,11.217662412993038,11.15,11.15,528296800,528296800,223,216073391200,216073391200,84272,False
410,0.9550402239675835,0.7291210509852987,1.1835106603045347,0.671199638866945,20,6394,10.582577416327807,10.5,10.5,528296800,528296800,210,216601688000,216601688000,84482,False
411,1.1042674823360574,0.692758675328791,nan,nan,20,6311,10.53050229757566,10.35,10.35,528296800,528296800,207,217129984800,217129984800,84689,False
412,1.15203360132485,0.6829427083333334,nan,nan,20,6144,10.271484375000002,10.1,10.1,528296800,528296800,202,217658281600,217658281600,84891,False
413,1.1625987148170398,0.6890539231514369,nan,nan,20,6194,10.20632870519858,10.1,10.1,528296800,528296800,202,218186578400,218186578400,85093,False
414,1.2089776640010663,0.6732857586099907,nan,nan,20,6446,10.671269004033508,10.6,10.6,528296800,528296800,212,218714875200,218714875200,85305,False
415,1.0233852520594333,0.727286869943995,nan,nan,20,6428,10.902302426882391,10.5,10.5,528296800,528296800,210,219243172000,219243172000,85515,False
416,1.0425509117283767,0.7094782340228466,nan,nan,20,6478,10.748687866625502,10.6,10.6,528296800,528296800,212,219771468800,219771468800,85727,False
417,1.1088058637474378,0.6996222696666119,nan,nan,20,6089,10.213171292494664,10.05,10.05,528296800,528296800,201,220299765600,220299765600,85928,False
418,0.9542539803757821,0.7272585182869646,nan,nan,20,6398,10.584245076586436,10.4,10.4,528296800,528296800,208,220828062400,220828062400,86136,False
419,0.9864175376442413,0.725560960301271,nan,nan,20,6373,10.69543386160364,10.5,10.5,528296800,528296800,210,221356359200,221356359200,86346,False
420,0.9673668719580082,0.7375154130702836,1.1722571147024974,0.6727231689425572,20,6488,10.820745992601728,10.6,10.6,528296800,528296800,212,221884656000,221884656000,86558,False
421,0.9505818753898814,0.7363295880149813,nan,nan,20,6675,10.894082397003746,10.8,10.8,528296800,528296800,216,222412952800,222412952800,86774,False
422,1.0173749739670856,0.7195571955719557,nan,nan,20,6233,10.519813893791113,10.3,10.3,528296800,528296800,206,222941249600,222941249600,86980,False
423,1.0313256253128096,0.7141899815714525,nan,nan,20,5969,10.190986764952251,9.75,9.75,528296800,528296800,195,223469546400,223469546400,87175,False
424,1.065990213983632,0.7104833442194644,nan,nan,20,6124,10.529555845852384,10.05,10.05,528296800,528296800,201,223997843200,223997843200,87376,False
425,1.073376878605282,0.7012328998479986,nan,nan,20,5921,9.981253166694817,9.7,9.7,528296800,528296800,194,224526140000,224526140000,87570,False
426,1.022760661110634,0.7226771653543307,nan,nan,20,6350,10.601102362204724,10.4,10.4,528296800,528296800,208,225054436800,225054436800,87778,False
427,0.9438103199500799,0.7423636654405885,nan,nan,20,6253,10.454661762354071,10.25,10.25,528296800,528296800,205,225582733600,225582733600,87983,False
428,1.0616677712468559,0.7045111521046453,nan,nan,20,5963,9.994465872882778,9.75,9.75,528296800,528296800,195,226111030400,226111030400,88178,False
429,1.0319998423390593,0.7149107455372768,nan,nan,20,5714,9.837766888344415,9.5,9.5,528296800,528296800,190,226639327200,226639327200,88368,False
430,1.1151959346803846,0.6833254006028875,1.1351924364459984,0.6806793815596434,20,6303,10.604315405362527,10.35,10.35,528296800,528296800,207,227167624000,227167624000,88575,False
431,1.0177681746078737,0.7202126088882327,nan,nan,20,6773,11.162704857522517,11.05,11.05,528296800,528296800,221,227695920800,227695920800,88796,False
432,1.0900153186069763,0.7008936393902225,nan,nan,20,5707,9.998422989311374,9.35,9.35,528296800,528296800,187,228224217600,228224217600,88983,False
433,1.0644836230303913,0.706468474354786,nan,nan,20,6122,10.233257105521071,10.05,10.05,528296800,528296800,201,228752514400,228752514400,89184,False
434,1.1285544286779934,0.684110068395101,nan,nan,20,6287,10.325910609193574,10.25,10.25,528296800,528296800,205,229280811200,229280811200,89389,False
435,1.029379186323459,0.717004876514079,nan,nan,20,6357,10.650149441560487,10.5,10.5,528296800,528296800,210,229809108000,229809108000,89599,False
436,1.0095588997785336,0.7243679230649914,nan,nan,20,6447,10.666821777570961,10.5,10.5,528296800,528296800,210,230337404800,230337404800,89809,False
437,0.8518278978820151,0.7696722549463827,nan,nan,20,6621,10.945023410360973,10.8,10.8,528296800,528296800,216,230865701600,230865701600,90025,False
438,1.0246694320737104,0.7232384823848238,nan,nan,20,5904,10.161924119241192,9.7,9.7,528296800,528296800,194,231393998400,231393998400,90219,False
439,0.9497106419025436,0.7405602923264312,nan,nan,20,6568,10.784257003654082,10.7,10.7,528296800,528296800,214,231922295200,231922295200,90433,False
440,0.9529358057184967,0.7338603425559947,1.105989862021091,0.6882406048978671,20,6072,10.415843214756258,9.9,9.9,528296800,528296800,198,232450592000,232450592000,90631,False
441,0.9393544513354023,0.7376732194650338,nan,nan,20,6206,10.572510473735097,10.25,10.25,528296800,528296800,205,232978888800,232978888800,90836,False
442,0.9428721244754912,0.736558287073751,nan,nan,20,6305,10.629817605075337,10.35,10.35,528296800,528296800,207,233507185600,233507185600,91043,False
443,1.0173130354703959,0.7132243684992571,nan,nan,20,6057,10.247152055473006,9.95,9.95,528296800,528296800,199,234035482400,234035482400,91242,False
444,0.9531526914179316,0.7345465483531358,nan,nan,20,6649,11.15942246954429,10.85,10.85,528296800,528296800,217,234563779200,234563779200,91459,False
445,0.9402157280428015,0.7315286624203822,nan,nan,20,6280,10.817993630573248,10.4,10.4,528296800,528296800,208,235092076000,235092076000,91667,False
446,0.8271066018684157,0.7677100494233937,nan,nan,20,6677,10.893515051669912,10.8,10.8,528296800,528296800,216,235620372800,235620372800,91883,False
447,0.8839407762431081,0.7467652495378928,nan,nan,20,6492,10.975662353666047,10.6,10.6,528296800,528296800,212,236148669600,236148669600,92095,False
448,0.9385763182577597,0.7322065436501783,nan,nan,20,6449,10.904171189331679,10.6,10.6,528296800,528296800,212,236676966400,236676966400,92307,False
449,0.9246181349318532,0.7411726063393004,nan,nan,20,6089,10.253079323370011,10.05,10.05,528296800,528296800,201,237205263200,237205263200,92508,False
450,1.0700709738735348,0.7030756442227764,1.0690366311316,0.697212504232028,20,6015,10.068994181213633,9.9,9.9,528296800,528296800,198,237733560000,237733560000,92706,False
451,1.019166459924477,0.7113800638762817,nan,nan,20,5949,10.358043368633384,9.85,9.85,528296800,528296800,197,238261856800,238261856800,92903,False
452,1.0454864582132937,0.7179198196747706,nan,nan,20,6211,10.444855900821123,10.2,10.2,528296800,528296800,204,238790153600,238790153600,93107,False
453,0.8231211158217876,0.7702337414533312,nan,nan,20,6289,10.526633805056449,10.4,10.4,528296800,528296800,208,239318450400,239318450400,93315,False
454,0.9286588493998003,0.7470012626262627,nan,nan,20,6336,10.447443181818182,10.25,10.25,528296800,528296800,205,239846747200,239846747200,93520,False
455,0.996350844523645,0.7299433087098437,nan,nan,20,5821,9.865315237931629,9.6,9.6,528296800,528296800,192,240375044000,240375044000,93712,False
456,1.0075369094840565,0.7240477358182116,nan,nan,20,6117,10.482916462318128,10.05,10.05,528296800,528296800,201,240903340800,240903340800,93913,False
457,0.933434677257453,0.7453235203925176,nan,nan,20,6522,10.859398957375038,10.75,10.75,528296800,528296800,215,241431637600,241431637600,94128,False
458,1.014832252831938,0.7178576712531439,nan,nan,20,6759,11.082408640331408,11.0,11.0,528296800,528296800,220,241959934400,241959934400,94348,False
459,0.9430403277960498,0.7355114102774586,nan,nan,20,6091,10.32129371203415,9.95,9.95,528296800,528296800,199,242488231200,242488231200,94547,False
460,0.9752390771178083,0.7207761476573592,1.035864967590072,0.7072565173231012,20,6339,10.568228427196717,10.4,10.4,528296800,528296800,208,243016528000,243016528000,94755,False
461,0.9368971359977313,0.734199837530463,nan,nan,20,6155,10.27879772542648,10.1,10.1,528296800,528296800,202,243544824800,243544824800,94957,False
462,0.9877838374515365,0.7299891624090417,nan,nan,20,6459,10.825824431026476,10.65,10.65,528296800,528296800,213,244073121600,244073121600,95170,False
463,0.8438603446336184,0.7615112160566706,nan,nan,20,5929,9.946533985495023,9.7,9.7,528296800,528296800,194,244601418400,244601418400,95364,False
464,0.9650131439148452,0.7271813766538269,nan,nan,20,5971,10.16915089599732,9.75,9.75,528296800,528296800,195,245129715200,245129715200,95559,False
465,0.9296228942952575,0.7410104011887073,nan,nan,20,6730,11.155869242199108,11.0,11.0,528296800,528296800,220,245658012000,245658012000,95779,False
466,0.9195206220231672,0.7455668144395187,nan,nan,20,6316,10.658011399620014,10.35,10.35,528296800,528296800,207,246186308800,246186308800,95986,False
467,0.9621966390743244,0.7406545680161315,nan,nan,20,6447,10.905227237474795,10.55,10.55,528296800,528296800,211,246714605600,246714605600,96197,False
468,1.0723346160414524,0.7032183145321832,nan,nan,20,6028,10.103019243530195,9.9,9.9,528296800,528296800,198,247242902400,247242902400,96395,False
469,0.9273285446537758,0.7369240348692403,nan,nan,20,6424,10.797789539227896,10.6,10.6,528296800,528296800,212,247771199200,247771199200,96607,False
470,0.9427874349250815,0.7362136684996072,1.0123128775562287,0.714366324342625,20,6365,10.679340141398272,10.5,10.5,528296800,528296800,210,248299496000,248299496000,96817,False
471,0.9319193346028923,0.7359831959928906,nan,nan,20,6189,10.517046372596544,10.2,10.2,528296800,528296800,204,248827792800,248827792800,97021,False
472,0.9545854128448387,0.7360672975814931,nan,nan,20,6657,11.183866606579537,11.0,11.0,528296800,528296800,220,249356089600,249356089600,97241,False
473,0.926182479586962,0.740506329113924,nan,nan,20,6636,10.8461422543701,10.75,10.75,528296800,528296800,215,249884386400,249884386400,97456,False
474,0.8755513592777376,0.7593984962406015,nan,nan,20,6251,10.504399296112624,10.25,10.25,528296800,528296800,205,250412683200,250412683200,97661,False
475,0.9062299614294019,0.7498847749270241,nan,nan,20,6509,10.946381932708558,10.75,10.75,528296800,528296800,215,250940980000,250940980000,97876,False
476,0.8625382722280519,0.7609899055682188,nan,nan,20,6142,10.32872028655161,10.15,10.15,528296800,528296800,203,251469276800,251469276800,98079,False
477,0.8694517801990223,0.7463241234448215,nan,nan,20,6189,10.502989174341575,10.2,10.2,528296800,528296800,204,251997573600,251997573600,98283,False
478,0.7960258312494156,0.7704249647169515,nan,nan,20,6377,10.551826877842245,10.4,10.4,528296800,528296800,208,252525870400,252525870400,98491,False
479,0.9038448433828036,0.7368507291495986,nan,nan,20,6103,10.446501720465346,10.1,10.1,528296800,528296800,202,253054167200,253054167200,98693,False
480,0.8891215379312932,0.7456167333128269,1.0065800076534082,0.7144791784223,20,6502,10.726545678252847,10.55,10.55,528296800,528296800,211,253582464000,253582464000,98904,False
481,0.7933874578403436,0.7768115942028986,nan,nan,20,6555,10.90007627765065,10.75,10.75,528296800,528296800,215,254110760800,254110760800,99119,False
482,0.8602177177254121,0.76010955372966,nan,nan,20,6207,10.315611406476558,10.1,10.1,528296800,528296800,202,254639057600,254639057600,99321,False
483,0.7966868110701761,0.7771394012700332,nan,nan,20,6614,11.045963108557604,10.9,10.9,528296800,528296800,218,255167354400,255167354400,99539,False
484,0.7801049484101542,0.780978509373571,nan,nan,20,6561,11.107148300563937,10.7,10.7,528296800,528296800,214,255695651200,255695651200,99753,False
485,0.8774976903284761,0.7476340694006309,nan,nan,20,6340,10.561356466876973,10.4,10.4,528296800,528296800,208,256223948000,256223948000,99961,False
486,0.7888809936495959,0.7735036387939997,nan,nan,20,6733,11.249071736224566,10.95,10.95,528296800,528296800,219,256752244800,256752244800,100180,False
487,0.821674301833752,0.7616830201230667,nan,nan,20,6013,10.19308165641111,9.95,9.95,528296800,528296800,199,257280541600,257280541600,100379,False
488,0.905476922845381,0.7399542633126429,nan,nan,20,6122,10.215289121202222,10.05,10.05,528296800,528296800,201,257808838400,257808838400,100580,False
489,0.9053917910455289,0.7446703837323713,nan,nan,20,6098,10.210888816005248,10.0,10.0,528296800,528296800,200,258337135200,258337135200,100780,False
490,0.8602369604316531,0.7583956708578704,0.980126911732026,0.7214197043223113,20,6283,10.523953525385961,10.4,10.4,528296800,528296800,208,258865432000,258865432000,100988,False
491,0.8645243453929317,0.752858958068615,nan,nan,20,6296,10.491581956797967,10.25,10.25,528296800,528296800,205,259393728800,259393728800,101193,False
492,0.8927351982578625,0.750987491770902,nan,nan,20,6076,10.301349572086899,10.0,10.0,528296800,528296800,200,259922025600,259922025600,101393,False
493,0.8281232382905259,0.7626724538831189,nan,nan,20,6451,10.698651371880327,10.5,10.5,528296800,528296800,210,260450322400,260450322400,101603,False
494,0.8263311396432956,0.7665061363989436,nan,nan,20,6437,10.75143700481591,10.6,10.6,528296800,528296800,212,260978619200,260978619200,101815,False
495,0.825436560897877,0.7692429521697814,nan,nan,20,6314,10.484162179284127,10.25,10.25,528296800,528296800,205,261506916000,261506916000,102020,False
496,0.754255261278509,0.7883459226144597,nan,nan,20,6487,10.837521196238633,10.6,10.6,528296800,528296800,212,262035212800,262035212800,102232,False
497,0.7765403407524784,0.7862133209129017,nan,nan,20,6441,10.719142990218911,10.55,10.55,528296800,528296800,211,262563509600,262563509600,102443,False
498,0.8781732267052099,0.7565011820330969,nan,nan,20,6345,10.585185185185185,10.4,10.4,528296800,528296800,208,263091806400,263091806400,102651,False
499,0.8977930333605837,0.7501972542212403,nan,nan,20,6337,10.449424017673978,10.3,10.3,528296800,528296800,206,263620103200,263620103200,102857,False
500,0.7608829720823796,0.7853650843715503,0.9585632079342609,0.7280216679832976,20,6341,10.540135625295695,10.4,10.4,528296800,528296800,208,264148400000,264148400000,103065,False
501,0.8733953360976312,0.7570527713242615,nan,nan,20,6026,10.074842349817457,9.9,9.9,528296800,528296800,198,264676696800,264676696800,103263,False
502,0.828376526064402,0.7689363737840855,nan,nan,20,6271,10.578376654441076,10.25,10.25,528296800,528296800,205,265204993600,265204993600,103468,False
503,0.8985309872256161,0.7535924973528967,nan,nan,20,6611,10.94115867493571,10.8,10.8,528296800,528296800,216,265733290400,265733290400,103684,False
504,0.893107636923131,0.7488274300501375,nan,nan,20,6183,10.368267831149927,10.2,10.2,528296800,528296800,204,266261587200,266261587200,103888,False
505,0.8984018631890411,0.743547860176413,nan,nan,20,6122,10.221822933681803,10.05,10.05,528296800,528296800,201,266789884000,266789884000,104089,False
506,0.8214811602244897,0.7708500723123896,nan,nan,20,6223,10.490920777759925,10.15,10.15,528296800,528296800,203,267318180800,267318180800,104292,False
507,0.9470177193158177,0.7415139442231076,nan,nan,20,6275,10.57450199203187,10.35,10.35,528296800,528296800,207,267846477600,267846477600,104499,False
508,0.8536053269202339,0.7577586206896552,nan,nan,20,5800,10.100172413793103,9.65,9.65,528296800,528296800,193,268374774400,268374774400,104692,False
509,0.9084413909685404,0.7492868462757528,nan,nan,20,6310,10.434706814580034,10.3,10.3,528296800,528296800,206,268903071200,268903071200,104898,False
510,0.9094558579628694,0.7484390404206376,0.9341786039183659,0.7345107775646089,20,6086,10.073775879066712,9.95,9.95,528296800,528296800,199,269431368000,269431368000,105097,False
511,0.8500902827528981,0.7617002369668247,nan,nan,20,6752,11.540580568720378,11.15,11.15,528296800,528296800,223,269959664800,269959664800,105320,False
512,0.8361752205947471,0.7590937114673243,nan,nan,20,6488,10.808261405672006,10.7,10.7,528296800,528296800,214,270487961600,270487961600,105534,False
513,0.9816650627624421,0.7234075448361162,nan,nan,20,6468,10.882034632034634,10.7,10.7,528296800,528296800,214,271016258400,271016258400,105748,False
514,0.7468839417537843,0.7891095066185319,nan,nan,20,6648,11.05204572803851,10.9,10.9,528296800,528296800,218,271544555200,271544555200,105966,False
515,0.9489418023002155,0.7336494440810988,nan,nan,20,6116,10.3556245912361,10.1,10.1,528296800,528296800,202,272072852000,272072852000,106168,False
516,0.8585796475767656,0.7677022551648005,nan,nan,20,6341,10.535877621826211,10.35,10.35,528296800,528296800,207,272601148800,272601148800,106375,False
517,0.8806697319081459,0.7576712555979432,nan,nan,20,6029,10.192900978603417,9.85,9.85,528296800,528296800,197,273129445600,273129445600,106572,False
518,0.8585741645659596,0.7518127883981542,nan,nan,20,6068,10.26021753460778,9.95,9.95,528296800,528296800,199,273657742400,273657742400,106771,False
519,0.7949356142614018,0.7807788944723618,nan,nan,20,6368,10.75471105527638,10.4,10.4,528296800,528296800,208,274186039200,274186039200,106979,False
520,0.8717431866851086,0.7602803738317757,0.9271878352244327,0.7402099085881955,20,6420,10.678504672897196,10.5,10.5,528296800,528296800,210,274714336000,274714336000,107189,False
521,0.8939885152581933,0.7500806191551113,nan,nan,20,6202,10.44920993227991,10.2,10.2,528296800,528296800,204,275242632800,275242632800,107393,False
522,0.8933985383947038,0.7590505464480874,nan,nan,20,5856,9.8948087431694,9.55,9.55,528296800,528296800,191,275770929600,275770929600,107584,False
523,0.8223603503935027,0.7714738510301109,nan,nan,20,6310,10.48795562599049,10.35,10.35,528296800,528296800,207,276299226400,276299226400,107791,False
524,0.7467870035735898,0.7925644916540212,nan,nan,20,6590,11.01487101669196,10.8,10.8,528296800,528296800,216,276827523200,276827523200,108007,False
525,0.8342960092843624,0.7649122807017544,nan,nan,20,5700,9.90438596491228,9.25,9.25,528296800,528296800,185,277355820000,277355820000,108192,False
526,0.9084258973348215,0.7414386367360315,nan,nan,20,6103,10.411764705882353,10.0,10.0,528296800,528296800,200,277884116800,277884116800,108392,False
527,0.8842105885206779,0.7459218981710332,nan,nan,20,6069,10.209260174658098,9.95,9.95,528296800,528296800,199,278412413600,278412413600,108591,False
528,0.8056019459962274,0.7757711363273134,nan,nan,20,6257,10.497203132491611,10.25,10.25,528296800,528296800,205,278940710400,278940710400,108796,False
529,0.8059080782646741,0.7779171894604768,nan,nan,20,6376,10.567597239648682,10.4,10.4,528296800,528296800,208,279469007200,279469007200,109004,False
530,0.8587265535511194,0.7596360628618694,0.9057999505185204,0.7427491253808826,20,6045,10.169727047146402,9.95,9.95,528296800,528296800,199,279997304000,279997304000,109203,False
531,0.866834244561184,0.7596874501674374,nan,nan,20,6271,10.438526550789348,10.3,10.3,528296800,528296800,206,280525600800,280525600800,109409,False
532,0.7440345657079345,0.7892217418159357,nan,nan,20,6476,10.739036442248302,10.6,10.6,528296800,528296800,212,281053897600,281053897600,109621,False
533,0.809437982410585,0.7640805965413295,nan,nan,20,6303,10.414881802316359,10.3,10.3,528296800,528296800,206,281582194400,281582194400,109827,False
534,0.7513268572730151,0.7843440594059405,nan,nan,20,6464,10.836169554455447,10.55,10.55,528296800,528296800,211,282110491200,282110491200,110038,False
535,0.8052541668644079,0.7783757338551859,nan,nan,20,6132,10.293542074363991,10.0,10.0,528296800,528296800,200,282638788000,282638788000,110238,False
536,0.7543503350634454,0.7834198572355613,nan,nan,20,6164,10.521414665801426,10.0,10.0,528296800,528296800,200,283167084800,283167084800,110438,False
537,0.7743151538745339,0.7833579517479075,nan,nan,20,6093,10.53733792877072,10.0,10.0,528296800,528296800,200,283695381600,283695381600,110638,False
538,0.706865237507605,0.7921365914786967,nan,nan,20,6384,10.607612781954886,10.4,10.4,528296800,528296800,208,284223678400,284223678400,110846,False
539,0.8647146072011729,0.7608101591384022,nan,nan,20,6221,10.376306060118951,10.15,10.15,528296800,528296800,203,284751975200,284751975200,111049,False
540,0.8173824453359998,0.759867382380802,0.8836957911392486,0.7485046834443065,20,6334,10.55446795074203,10.35,10.35,528296800,528296800,207,285280272000,285280272000,111256,False
541,0.7158551981020935,0.7976726144297905,nan,nan,20,6445,10.704422032583397,10.55,10.55,528296800,528296800,211,285808568800,285808568800,111467,False
542,0.7699921240984727,0.7844868358820747,nan,nan,20,6343,10.642913447895316,10.35,10.35,528296800,528296800,207,286336865600,286336865600,111674,False
543,0.7646036613584402,0.7873966619872095,nan,nan,20,6411,10.723288098580564,10.5,10.5,528296800,528296800,210,286865162400,286865162400,111884,False
544,0.759980889402476,0.7866115196078431,nan,nan,20,6528,10.973805147058826,10.65,10.65,528296800,528296800,213,287393459200,287393459200,112097,False
545,0.7107420433107117,0.7940188709419479,nan,nan,20,6253,10.366224212378057,10.2,10.2,528296800,528296800,204,287921756000,287921756000,112301,False
546,0.7558740005120436,0.7903454803596782,nan,nan,20,6339,10.46221801545985,10.25,10.25,528296800,528296800,205,288450052800,288450052800,112506,False
547,0.790167589512536,0.7745799626633478,nan,nan,20,6428,10.60298693217175,10.5,10.5,528296800,528296800,210,288978349600,288978349600,112716,False
548,0.7748779544635045,0.779663810151615,nan,nan,20,6068,10.343605800922873,10.0,10.0,528296800,528296800,200,289506646400,289506646400,112916,False
549,0.7640398783582069,0.7794004611837049,nan,nan,20,6505,10.853497309761721,10.65,10.65,528296800,528296800,213,290034943200,290034943200,113129,False
550,0.8333413207061571,0.7645611156685808,0.8694444139659465,0.7514953165556935,20,6095,10.352584085315833,10.05,10.05,528296800,528296800,201,290563240000,290563240000,113330,False
551,0.799501890603075,0.7718570516911295,nan,nan,20,6268,10.463146139119335,10.25,10.25,528296800,528296800,205,291091536800,291091536800,113535,False
552,0.7171439061826385,0.7976708074534161,nan,nan,20,6440,10.84223602484472,10.6,10.6,528296800,528296800,212,291619833600,291619833600,113747,False
553,0.7982108177238103,0.7717575347104639,nan,nan,20,5906,9.888587876735524,9.7,9.7,528296800,528296800,194,292148130400,292148130400,113941,False
554,0.7537553640807351,0.7952586206896551,nan,nan,20,6496,10.918257389162559,10.6,10.6,528296800,528296800,212,292676427200,292676427200,114153,False
555,0.7244784320519068,0.7914338919925512,nan,nan,20,6444,10.648820608317815,10.55,10.55,528296800,528296800,211,293204724000,293204724000,114364,False
556,0.7106568224283193,0.8097545724558387,nan,nan,20,6397,10.683132718461778,10.5,10.5,528296800,528296800,210,293733020800,293733020800,114574,False
557,0.7431819152719916,0.7849213691026827,nan,nan,20,6486,11.00385445575085,10.55,10.55,528296800,528296800,211,294261317600,294261317600,114785,False
558,0.8058718119977369,0.7769957081545065,nan,nan,20,5825,9.878454935622319,9.6,9.6,528296800,528296800,192,294789614400,294789614400,114977,False
559,0.8742469810765848,0.7487257900101937,nan,nan,20,5886,10.03007135575943,9.8,9.8,528296800,528296800,196,295317911200,295317911200,115173,False
560,0.8806536547659639,0.7531677648251394,0.855624377936034,0.7571380205394425,20,5919,9.905558371346512,9.6,9.6,528296800,528296800,192,295846208000,295846208000,115365,False
561,0.7911982444480117,0.7691689438996946,nan,nan,20,6221,10.291914483202058,10.1,10.1,528296800,528296800,202,296374504800,296374504800,115567,False
562,0.7281849722592594,0.7921864740643467,nan,nan,20,6092,10.159389363099143,10.0,10.0,528296800,528296800,200,296902801600,296902801600,115767,False
563,0.75962840665223,0.7782158698866437,nan,nan,20,6087,10.172005914243472,10.0,10.0,528296800,528296800,200,297431098400,297431098400,115967,False
564,0.7162621662985224,0.7995376486129459,nan,nan,20,6056,10.401089828269486,9.95,9.95,528296800,528296800,199,297959395200,297959395200,116166,False
565,0.8269266974137298,0.7761095528790629,nan,nan,20,6061,10.064675796073255,9.9,9.9,528296800,528296800,198,298487692000,298487692000,116364,False
566,0.6355002435371414,0.8164861612515042,nan,nan,20,6648,10.922984356197354,10.75,10.75,528296800,528296800,215,299015988800,299015988800,116579,False
567,0.7184602575489389,0.7991259307219165,nan,nan,20,6178,10.36710909679508,10.2,10.2,528296800,528296800,204,299544285600,299544285600,116783,False
568,0.7484655967236722,0.7935327405012126,nan,nan,20,6185,10.304446240905415,10.05,10.05,528296800,528296800,201,300072582400,300072582400,116984,False
569,0.6242351418336295,0.8188727042431919,nan,nan,20,6316,10.520424319189358,10.35,10.35,528296800,528296800,207,300600879200,300600879200,117191,False
570,0.7891462419877074,0.7763136750763298,0.8467633939061123,0.7558401986231802,20,6223,10.290213723284593,10.1,10.1,528296800,528296800,202,301129176000,301129176000,117393,False
571,0.7605890557742406,0.7911243531441117,nan,nan,20,6377,10.525168574564844,10.3,10.3,528296800,528296800,206,301657472800,301657472800,117599,False
572,0.6589708899599726,0.8122037008716929,nan,nan,20,6539,10.956721211194374,10.7,10.7,528296800,528296800,214,302185769600,302185769600,117813,False
573,0.8117994543427022,0.7649747021380774,nan,nan,20,6127,10.24726619879223,10.0,10.0,528296800,528296800,200,302714066400,302714066400,118013,False
574,0.7677124631043736,0.7809643870154428,nan,nan,20,6346,10.580680743775606,10.4,10.4,528296800,528296800,208,303242363200,303242363200,118221,False
575,0.7902897791780598,0.7759301942706618,nan,nan,20,6074,10.202008561080014,10.0,10.0,528296800,528296800,200,303770660000,303770660000,118421,False
576,0.8563344513344572,0.7558197127290738,nan,nan,20,6057,10.15486214297507,9.95,9.95,528296800,528296800,199,304298956800,304298956800,118620,False
577,0.807552538972913,0.7749720313249161,nan,nan,20,6257,10.843055777529168,10.35,10.35,528296800,528296800,207,304827253600,304827253600,118827,False
578,0.8665415893177157,0.7533391153512576,nan,nan,20,5765,9.77172593235039,9.5,9.5,528296800,528296800,190,305355550400,305355550400,119017,False
579,0.6997417417622614,0.8030741135291432,nan,nan,20,6571,11.062547557449399,10.9,10.9,528296800,528296800,218,305883847200,305883847200,119235,False
580,0.9003168436852855,0.7479456384323641,0.8287198601532112,0.763062859722379,20,6328,10.48435524652339,10.35,10.35,528296800,528296800,207,306412144000,306412144000,119442,False
581,0.7614016909217768,0.7762564182355687,nan,nan,20,6427,10.659716819667029,10.5,10.5,528296800,528296800,210,306940440800,306940440800,119652,False
582,0.7732441820009635,0.77947086403215,nan,nan,20,5972,10.155224380442066,9.75,9.75,528296800,528296800,195,307468737600,307468737600,119847,False
583,0.8327892132198046,0.7629296995973985,nan,nan,20,6458,10.741560854753793,10.55,10.55,528296800,528296800,211,307997034400,307997034400,120058,False
584,0.8734341414067051,0.7577182259833882,nan,nan,20,6381,10.524369221125218,10.4,10.4,528296800,528296800,208,308525331200,308525331200,120266,False
585,0.7795882635805864,0.7805429864253394,nan,nan,20,6188,10.466224951519068,10.1,10.1,528296800,528296800,202,309053628000,309053628000,120468,False
586,0.6474841758274497,0.8153846153846154,nan,nan,20,6240,10.353685897435897,10.2,10.2,528296800,528296800,204,309581924800,309581924800,120672,False
587,0.7505642339521389,0.7891607203533809,nan,nan,20,5886,10.179918450560654,9.6,9.6,528296800,528296800,192,310110221600,310110221600,120864,False
588,0.6538001639787707,0.8063472500385148,nan,nan,20,6491,10.839778154367584,10.7,10.7,528296800,528296800,214,310638518400,310638518400,121078,False
589,0.6842204511443357,0.799134631386254,nan,nan,20,6009,10.075886170743885,9.95,9.95,528296800,528296800,199,311166815200,311166815200,121277,False
590,0.8166815192463415,0.7792358803986711,0.8144387237348428,0.7668998984313283,20,6020,10.357142857142856,9.9,9.9,528296800,528296800,198,311695112000,311695112000,121475,False
591,0.7797360170310127,0.7808462532299741,nan,nan,20,6192,10.427648578811372,10.15,10.15,528296800,528296800,203,312223408800,312223408800,121678,False
592,0.7387774926556376,0.7869944488501189,nan,nan,20,6305,10.521173671689134,10.35,10.35,528296800,528296800,207,312751705600,312751705600,121885,False
593,0.776020016877104,0.7805673296380828,nan,nan,20,6134,10.29246820997718,9.95,9.95,528296800,528296800,199,313280002400,313280002400,122084,False
594,0.7921397899178468,0.7784247624885076,nan,nan,20,6526,10.656757585044437,10.5,10.5,528296800,528296800,210,313808299200,313808299200,122294,False
595,0.7343036239041467,0.7939364461738002,nan,nan,20,6168,10.254053177691311,10.05,10.05,528296800,528296800,201,314336596000,314336596000,122495,False
596,0.6496739779159295,0.8192622318258991,nan,nan,20,6479,10.807532026547307,10.65,10.65,528296800,528296800,213,314864892800,314864892800,122708,False
597,0.6658535301781687,0.8089870290302656,nan,nan,20,6476,10.817479925880173,10.55,10.55,528296800,528296800,211,315393189600,315393189600,122919,False
598,0.8359505747488417,0.7570044052863436,nan,nan,20,5675,9.786784140969164,9.4,9.4,528296800,528296800,188,315921486400,315921486400,123107,False
599,0.6625452036161517,0.8088073969597241,nan,nan,20,6381,10.583450869769628,10.4,10.4,528296800,528296800,208,316449783200,316449783200,123315,False
600,0.7267159140631007,0.7965867158671587,0.7969323755346509,0.7723733212955648,20,6504,10.68019680196802,10.6,10.6,528296800,528296800,212,316978080000,316978080000,123527,False
601,0.7384503750614739,0.7915929203539823,nan,nan,20,6780,11.21386430678466,11.1,11.1,528296800,528296800,222,317506376800,317506376800,123749,False
602,0.7852584916434139,0.777306967984934,nan,nan,20,6372,10.862994350282486,10.45,10.45,528296800,528296800,209,318034673600,318034673600,123958,False
603,0.8072740657495993,0.7795398009950248,nan,nan,20,6432,10.583177860696516,10.5,10.5,528296800,528296800,210,318562970400,318562970400,124168,False
604,0.6077591973288539,0.8288206979542719,nan,nan,20,6648,11.08288206979543,10.9,10.9,528296800,528296800,218,319091267200,319091267200,124386,False
605,0.6554300299294987,0.8129365320376556,nan,nan,20,6586,10.938961433343458,10.8,10.8,528296800,528296800,216,319619564000,319619564000,124602,False
606,0.8436850410841499,0.7605028644175684,nan,nan,20,6284,10.516231699554424,10.3,10.3,528296800,528296800,206,320147860800,320147860800,124808,False
607,0.6837326109774211,0.7968404423380727,nan,nan,20,6330,10.53996840442338,10.4,10.4,528296800,528296800,208,320676157600,320676157600,125016,False
608,0.6679363019218558,0.8006105398457584,nan,nan,20,6224,10.522814910025705,10.3,10.3,528296800,528296800,206,321204454400,321204454400,125222,False
609,0.6762159934547999,0.8110004896360372,nan,nan,20,6127,10.359556063326261,10.05,10.05,528296800,528296800,201,321732751200,321732751200,125423,False
610,0.6511685621873521,0.8149642968022354,0.794008834436561,0.7713012075386525,20,6442,10.731449860291832,10.55,10.55,528296800,528296800,211,322261048000,322261048000,125634,False
611,0.7223546310305232,0.795410783055199,nan,nan,20,6232,10.314987163029524,10.15,10.15,528296800,528296800,203,322789344800,322789344800,125837,False
612,0.7235648980990113,0.7917408906882591,nan,nan,20,6175,10.440161943319838,10.15,10.15,528296800,528296800,203,323317641600,323317641600,126040,False
613,0.6961311063517822,0.7969002260251856,nan,nan,20,6194,10.543913464643204,10.25,10.25,528296800,528296800,205,323845938400,323845938400,126245,False
614,0.7314034538667376,0.7978058814566509,nan,nan,20,6563,10.819594697546854,10.7,10.7,528296800,528296800,214,324374235200,324374235200,126459,False
615,0.7253756870682528,0.7967244701348748,nan,nan,20,6228,10.516377649325628,10.25,10.25,528296800,528296800,205,324902532000,324902532000,126664,False
616,0.7096193811794773,0.7874396135265701,nan,nan,20,6003,9.997168082625354,9.8,9.8,528296800,528296800,196,325430828800,325430828800,126860,False
617,0.7271177495368214,0.7877848395597582,nan,nan,20,6451,10.782204309409394,10.6,10.6,528296800,528296800,212,325959125600,325959125600,127072,False
618,0.7064783091221016,0.8009219737066757,nan,nan,20,5857,10.007853850093904,9.7,9.7,528296800,528296800,194,326487422400,326487422400,127266,False
619,0.795064505882666,0.7761972498814604,nan,nan,20,6327,10.438438438438437,10.25,10.25,528296800,528296800,205,327015719200,327015719200,127471,False
620,0.757272644847206,0.7852044127190136,0.7822797618417059,0.7748561110484145,20,6164,10.249351070733287,10.05,10.05,528296800,528296800,201,327544016000,327544016000,127672,False
621,0.7276521415916806,0.7902769037130271,nan,nan,20,6356,10.520138451856516,10.35,10.35,528296800,528296800,207,328072312800,328072312800,127879,False
622,0.775383878487475,0.772676903593478,nan,nan,20,6317,10.637644451480131,10.4,10.4,528296800,528296800,208,328600609600,328600609600,128087,False
623,0.7090014913781136,0.8005215123859192,nan,nan,20,6136,10.69947848761408,10.1,10.1,528296800,528296800,202,329128906400,329128906400,128289,False
624,0.6510349087571365,0.8154235145385588,nan,nan,20,6328,10.810366624525916,10.4,10.4,528296800,528296800,208,329657203200,329657203200,128497,False
625,0.6900296546768454,0.8012422360248447,nan,nan,20,6118,10.209382151029748,9.95,9.95,528296800,528296800,199,330185500000,330185500000,128696,False
626,0.6567553613900619,0.8169627891384512,nan,nan,20,5966,10.308414347971839,9.75,9.75,528296800,528296800,195,330713796800,330713796800,128891,False
627,0.6783270781331465,0.8069634879063319,nan,nan,20,6491,10.839778154367584,10.55,10.55,528296800,528296800,211,331242093600,331242093600,129102,False
628,0.80828057587743,0.770732494353017,nan,nan,20,6198,10.404323975475958,10.25,10.25,528296800,528296800,205,331770390400,331770390400,129307,False
629,0.7382610663180214,0.7910825874007769,nan,nan,20,5921,10.223104205370717,9.7,9.7,528296800,528296800,194,332298687200,332298687200,129501,False
630,0.5915231654101601,0.8292570373788648,0.7621593090376915,0.7809502313508634,20,6501,10.82479618520228,10.55,10.55,528296800,528296800,211,332826984000,332826984000,129712,False
631,0.7386770369485021,0.793256292543929,nan,nan,20,6317,10.647617539971504,10.45,10.45,528296800,528296800,209,333355280800,333355280800,129921,False
632,0.716324849347431,0.7993852127487462,nan,nan,20,6181,10.357709108558488,10.15,10.15,528296800,528296800,203,333883577600,333883577600,130124,False
633,0.6308205735076357,0.8108024691358025,nan,nan,20,6480,10.818672839506174,10.6,10.6,528296800,528296800,212,334411874400,334411874400,130336,False
634,0.6906070913859037,0.8062181279815759,nan,nan,20,6079,10.200197400888303,9.95,9.95,528296800,528296800,199,334940171200,334940171200,130535,False
635,0.6819854483254075,0.8019785655399835,nan,nan,20,6065,10.125638911788952,9.85,9.85,528296800,528296800,197,335468468000,335468468000,130732,False
636,0.7025269593717145,0.7986776859504132,nan,nan,20,6050,10.40809917355372,9.9,9.9,528296800,528296800,198,335996764800,335996764800,130930,False
637,0.6141292146298636,0.8185007974481658,nan,nan,20,6270,10.493301435406696,10.3,10.3,528296800,528296800,206,336525061600,336525061600,131136,False
638,0.8132038784956713,0.7706422018348624,nan,nan,20,6322,10.371085099652008,10.3,10.3,528296800,528296800,206,337053358400,337053358400,131342,False
639,0.6418839299544744,0.8165548098434005,nan,nan,20,6258,10.493128795142217,10.25,10.25,528296800,528296800,205,337581655200,337581655200,131547,False
640,0.7600617993963998,0.7822070145423439,0.7520877836237857,0.7837715833427379,20,5845,9.732934131736528,9.55,9.55,528296800,528296800,191,338109952000,338109952000,131738,False
641,0.7173384592650964,0.7963467393045986,nan,nan,20,6241,10.56801794584201,10.2,10.2,528296800,528296800,204,338638248800,338638248800,131942,False
642,0.7007065341687609,0.7922014622258327,nan,nan,20,6155,10.211047928513404,10.05,10.05,528296800,528296800,201,339166545600,339166545600,132143,False
643,0.7377703112576947,0.7892554845396441,nan,nan,20,5789,10.036448436690273,9.45,9.45,528296800,528296800,189,339694842400,339694842400,132332,False
644,0.764067028077998,0.7712082262210797,nan,nan,20,6224,10.48473650385604,10.2,10.2,528296800,528296800,204,340223139200,340223139200,132536,False
645,0.6737594502333312,0.8171363783608682,nan,nan,20,6174,10.524619371558146,10.15,10.15,528296800,528296800,203,340751436000,340751436000,132739,False
646,0.7213461580811814,0.7981096994112179,nan,nan,20,6454,10.693213511000927,10.45,10.45,528296800,528296800,209,341279732800,341279732800,132948,False
647,0.6090461352388999,0.8189614844846406,nan,nan,20,6413,10.671292686730077,10.45,10.45,528296800,528296800,209,341808029600,341808029600,133157,False
648,0.5578559571008839,0.8339719029374202,nan,nan,20,6264,10.613984674329501,10.3,10.3,528296800,528296800,206,342336326400,342336326400,133363,False
649,0.6365805656625765,0.8208682406702209,nan,nan,20,6565,10.897182025894898,10.7,10.7,528296800,528296800,214,342864623200,342864623200,133577,False
650,0.7779477898556757,0.7742301458670988,0.7646623709618594,0.7784110145581763,20,6170,10.243760129659643,10.05,10.05,528296800,528296800,201,343392920000,343392920000,133778,False
651,0.7274452980317347,0.7870567086125184,nan,nan,20,6119,10.194149370812223,9.95,9.95,528296800,528296800,199,343921216800,343921216800,133977,False
652,0.6338876443559258,0.8187450357426529,nan,nan,20,6295,10.592216044479747,10.4,10.4,528296800,528296800,208,344449513600,344449513600,134185,False
653,0.6918267163047976,0.7958477508650519,nan,nan,20,6069,10.24056681496128,10.0,10.0,528296800,528296800,200,344977810400,344977810400,134385,False
654,0.6555657161768207,0.8116706875753921,nan,nan,20,6632,11.026537997587456,10.8,10.8,528296800,528296800,216,345506107200,345506107200,134601,False
655,0.655742544482348,0.8096442687747035,nan,nan,20,6325,10.632094861660077,10.35,10.35,528296800,528296800,207,346034404000,346034404000,134808,False
656,0.5913420986913424,0.8314572558564041,nan,nan,20,6574,10.874353513842411,10.75,10.75,528296800,528296800,215,346562700800,346562700800,135023,False
657,0.6145432802884531,0.8224832762277696,nan,nan,20,6129,10.424212759014523,10.15,10.15,528296800,528296800,203,347090997600,347090997600,135226,False
658,0.6373283612554677,0.8163329161451814,nan,nan,20,6392,10.693679599499374,10.45,10.45,528296800,528296800,209,347619294400,347619294400,135435,False
659,0.6474118951497347,0.8026526046660275,nan,nan,20,6258,10.362895493767978,10.2,10.2,528296800,528296800,204,348147591200,348147591200,135639,False
660,0.6339820053099974,0.8175686526417215,0.7393131860558247,0.7866493623744498,20,6227,10.518869439537498,10.2,10.2,528296800,528296800,204,348675888000,348675888000,135843,False
661,0.5954440257263495,0.8241861927976097,nan,nan,20,6359,10.950778424280548,10.6,10.6,528296800,528296800,212,349204184800,349204184800,136055,False
662,0.6273215480659369,0.8212695795548227,nan,nan,20,6065,10.299917559769167,9.95,9.95,528296800,528296800,199,349732481600,349732481600,136254,False
663,0.6016694138698593,0.8213671202878148,nan,nan,20,6393,10.665102455811043,10.5,10.5,528296800,528296800,210,350260778400,350260778400,136464,False
664,0.6965328958869349,0.7989598569803348,nan,nan,20,6153,10.345359986998215,10.05,10.05,528296800,528296800,201,350789075200,350789075200,136665,False
665,0.5970867570065553,0.8288288288288288,nan,nan,20,6105,10.590663390663389,10.15,10.15,528296800,528296800,203,351317372000,351317372000,136868,False
666,0.615190843301285,0.8209985315712188,nan,nan,20,6810,11.184581497797357,11.05,11.05,528296800,528296800,221,351845668800,351845668800,137089,False
667,0.6605956390244675,0.8177158417427519,nan,nan,20,6243,10.361364728495918,10.15,10.15,528296800,528296800,203,352373965600,352373965600,137292,False
668,0.7458882378428405,0.7900859888720283,nan,nan,20,5931,10.242117686730737,9.75,9.75,528296800,528296800,195,352902262400,352902262400,137487,False
669,0.7021606698864102,0.7927900169465414,nan,nan,20,6491,10.776151594515483,10.65,10.65,528296800,528296800,213,353430559200,353430559200,137700,False
670,0.636534081632992,0.8169143557530258,0.7411186094814654,0.7839972915020877,20,6527,10.700474950206834,10.6,10.6,528296800,528296800,212,353958856000,353958856000,137912,False
671,0.6783778983284541,0.8018048697428912,nan,nan,20,5873,9.76979397241614,9.55,9.55,528296800,528296800,191,354487152800,354487152800,138103,False
672,0.5888558971295207,0.8250393700787402,nan,nan,20,6350,10.616377952755908,10.35,10.35,528296800,528296800,207,355015449600,355015449600,138310,False
673,0.5797846859513962,0.8332308638180141,nan,nan,20,6506,10.738702735936057,10.6,10.6,528296800,528296800,212,355543746400,355543746400,138522,False
674,0.6580316569230931,0.8051107325383305,nan,nan,20,5870,10.00221465076661,9.75,9.75,528296800,528296800,195,356072043200,356072043200,138717,False
675,0.6192742488759382,0.8153167349511503,nan,nan,20,6346,10.705011030570436,10.45,10.45,528296800,528296800,209,356600340000,356600340000,138926,False
676,0.6001916292387784,0.8209443665264142,nan,nan,20,6417,10.656225650615553,10.5,10.5,528296800,528296800,210,357128636800,357128636800,139136,False
677,0.7020715361961755,0.7906298003072196,nan,nan,20,6510,10.73164362519201,10.55,10.55,528296800,528296800,211,357656933600,357656933600,139347,False
678,0.5979993665270287,0.8243656374197493,nan,nan,20,6542,10.911953531030266,10.7,10.7,528296800,528296800,214,358185230400,358185230400,139561,False
679,0.7182213270728431,0.7902383284361737,nan,nan,20,6126,10.199640874959192,10.0,10.0,528296800,528296800,200,358713527200,358713527200,139761,False
680,0.6774701388060058,0.802769280309129,0.7208211750024167,0.7915585148403115,20,6211,10.38657221059411,10.2,10.2,528296800,528296800,204,359241824000,359241824000,139965,False
681,0.7105739745239393,0.8036932290800199,nan,nan,20,6011,10.15654633172517,9.8,9.8,528296800,528296800,196,359770120800,359770120800,140161,False
682,0.6870598929918371,0.8054134345601585,nan,nan,20,6059,10.047367552401386,9.85,9.85,528296800,528296800,197,360298417600,360298417600,140358,False
683,0.6081577302102925,0.8233428480811925,nan,nan,20,6306,10.380431335236283,10.25,10.25,528296800,528296800,205,360826714400,360826714400,140563,False
684,0.7205311374752325,0.7960889449613625,nan,nan,20,6341,10.50764863586185,10.4,10.4,528296800,528296800,208,361355011200,361355011200,140771,False
685,0.576289879073106,0.8326597814698399,nan,nan,20,6681,11.128573566831312,10.8,10.8,528296800,528296800,216,361883308000,361883308000,140987,False
686,0.6272320097171272,0.8220035778175313,nan,nan,20,6708,10.923076923076923,10.85,10.85,528296800,528296800,217,362411604800,362411604800,141204,False
687,0.5882329737968633,0.8305595181486765,nan,nan,20,6309,10.594705975590424,10.4,10.4,528296800,528296800,208,362939901600,362939901600,141412,False
688,0.5803595047143376,0.8301541278803601,nan,nan,20,6553,10.932092171524493,10.85,10.85,528296800,528296800,217,363468198400,363468198400,141629,False
689,0.6920532364696146,0.8033254156769596,nan,nan,20,6315,10.633412509897074,10.35,10.35,528296800,528296800,207,363996495200,363996495200,141836,False
690,0.7510037449987423,0.7811151941204665,0.7219600788008721,0.7914456607606365,20,6259,10.420194919316186,10.25,10.25,528296800,528296800,205,364524792000,364524792000,142041,False
691,0.6482337127591835,0.8176795580110497,nan,nan,20,6335,10.497553275453827,10.3,10.3,528296800,528296800,206,365053088800,365053088800,142247,False
692,0.634053632805155,0.8133814365365694,nan,nan,20,6098,10.38471630042637,10.05,10.05,528296800,528296800,201,365581385600,365581385600,142448,False
693,0.6062033907517863,0.8232633279483037,nan,nan,20,6190,10.312600969305333,10.1,10.1,528296800,528296800,202,366109682400,366109682400,142650,False
694,0.5839903620750253,0.8253595997498436,nan,nan,20,6396,10.720137585991244,10.5,10.5,528296800,528296800,210,366637979200,366637979200,142860,False
695,0.6395712369075215,0.8162264747746323,nan,nan,20,6323,10.60730665823185,10.4,10.4,528296800,528296800,208,367166276000,367166276000,143068,False
696,0.6834984990270896,0.8031297324583544,nan,nan,20,5943,9.969544001346122,9.75,9.75,528296800,528296800,195,367694572800,367694572800,143263,False
697,0.612404838982083,0.817955526053767,nan,nan,20,6026,10.161632923996017,9.85,9.85,528296800,528296800,197,368222869600,368222869600,143460,False
698,0.6525170965422448,0.8148681055155875,nan,nan,20,6255,10.449560351718624,10.15,10.15,528296800,528296800,203,368751166400,368751166400,143663,False
699,0.5708436160519511,0.8377693282636248,nan,nan,20,6312,10.719423320659061,10.4,10.4,528296800,528296800,208,369279463200,369279463200,143871,False
700,0.648554025526633,0.8070485999356293,0.7187739196715351,0.7900914118045367,20,6214,10.57515288059221,10.15,10.15,528296800,528296800,203,369807760000,369807760000,144074,False
701,0.6735068666815971,0.8073364713520532,nan,nan,20,6161,10.199318292484987,10.1,10.1,528296800,528296800,202,370336056800,370336056800,144276,False
702,0.6537746809756793,0.816444515818211,nan,nan,20,6227,10.311867673036774,10.1,10.1,528296800,528296800,202,370864353600,370864353600,144478,False
703,0.5858442340433576,0.8294701986754967,nan,nan,20,6040,10.112582781456954,9.95,9.95,528296800,528296800,199,371392650400,371392650400,144677,False
704,0.6114274865817986,0.8227848101265823,nan,nan,20,6320,10.510601265822784,10.3,10.3,528296800,528296800,206,371920947200,371920947200,144883,False
705,0.512615218013873,0.8491359177954227,nan,nan,20,6423,10.926669780476413,10.5,10.5,528296800,528296800,210,372449244000,372449244000,145093,False
706,0.569374558487043,0.8295747422680413,nan,nan,20,6208,10.480992268041236,10.25,10.25,528296800,528296800,205,372977540800,372977540800,145298,False
707,0.6147583896759399,0.8177091298363665,nan,nan,20,6539,10.741856552989752,10.55,10.55,528296800,528296800,211,373505837600,373505837600,145509,False
708,0.6380189774605497,0.8179955877718248,nan,nan,20,6346,10.543176804286164,10.35,10.35,528296800,528296800,207,374034134400,374034134400,145716,False
709,0.6289999715624716,0.8148321623731459,nan,nan,20,6405,10.8847775175644,10.6,10.6,528296800,528296800,212,374562431200,374562431200,145928,False
710,0.6376841497804184,0.8141579505835986,0.6933700089098946,0.79990971673626,20,6597,11.01379414885554,10.8,10.8,528296800,528296800,216,375090728000,375090728000,146144,False
711,0.6514736157394962,0.8036790848662854,nan,nan,20,6469,10.885453702272375,10.7,10.7,528296800,528296800,214,375619024800,375619024800,146358,False
712,0.6226213179187567,0.8226844231632501,nan,nan,20,6683,10.9361065389795,10.85,10.85,528296800,528296800,217,376147321600,376147321600,146575,False
713,0.6230968184484762,0.8250926075052344,nan,nan,20,6209,10.478015783540023,10.25,10.25,528296800,528296800,205,376675618400,376675618400,146780,False
714,0.6870895565015052,0.8015399120050283,nan,nan,20,6364,10.735072281583912,10.5,10.5,528296800,528296800,210,377203915200,377203915200,146990,False
715,0.5971290285307335,0.8266775777414075,nan,nan,20,6110,10.175941080196399,9.9,9.9,528296800,528296800,198,377732212000,377732212000,147188,False
716,0.6817933389995207,0.8013342011064106,nan,nan,20,6146,10.365115522290921,10.05,10.05,528296800,528296800,201,378260508800,378260508800,147389,False
717,0.7208508120863996,0.7928510638297872,nan,nan,20,5875,10.103489361702128,9.7,9.7,528296800,528296800,194,378788805600,378788805600,147583,False
718,0.6264784548986336,0.819853539462978,nan,nan,20,6145,10.23498779495525,10.05,10.05,528296800,528296800,201,379317102400,379317102400,147784,False
719,0.6679691033185235,0.8068291118948381,nan,nan,20,6238,10.46585444052581,10.1,10.1,528296800,528296800,202,379845399200,379845399200,147986,False
720,0.5836052552446914,0.8226095455285877,0.7097124381684756,0.7922920663581988,20,6139,10.345007330184067,10.15,10.15,528296800,528296800,203,380373696000,380373696000,148189,False
721,0.5445346647540734,0.835884224882558,nan,nan,20,6599,10.910744052129107,10.75,10.75,528296800,528296800,215,380901992800,380901992800,148404,False
722,0.5127614401756044,0.849968112244898,nan,nan,20,6272,10.403698979591837,10.2,10.2,528296800,528296800,204,381430289600,381430289600,148608,False
723,0.7035758981382682,0.7952807160292921,nan,nan,20,6145,10.246867371847031,10.1,10.1,528296800,528296800,202,381958586400,381958586400,148810,False
724,0.7102350578417583,0.7892244897959184,nan,nan,20,6125,10.283428571428573,10.05,10.05,528296800,528296800,201,382486883200,382486883200,149011,False
725,0.6027153819208256,0.8284005037783375,nan,nan,20,6352,10.69741813602015,10.45,10.45,528296800,528296800,209,383015180000,383015180000,149220,False
726,0.6783417009649715,0.8124607658505963,nan,nan,20,6372,10.606246076585059,10.4,10.4,528296800,528296800,208,383543476800,383543476800,149428,False
727,0.5245139355635853,0.8387350534927628,nan,nan,20,6356,10.540434235368156,10.4,10.4,528296800,528296800,208,384071773600,384071773600,149636,False
728,0.5838288313360301,0.8332023266781953,nan,nan,20,6361,10.651941518629148,10.45,10.45,528296800,528296800,209,384600070400,384600070400,149845,False
729,0.623769350869016,0.8152939250040937,nan,nan,20,6107,10.301621090551823,10.05,10.05,528296800,528296800,201,385128367200,385128367200,150046,False
730,0.6294241169689334,0.8120202515106973,0.6883435629248524,0.7996275815370726,20,6123,10.366976972072516,10.0,10.0,528296800,528296800,200,385656664000,385656664000,150246,False
731,0.691041855700788,0.8032760814249363,nan,nan,20,6288,10.555025445292621,10.35,10.35,528296800,528296800,207,386184960800,386184960800,150453,False
732,0.5151826363705604,0.8450704225352113,nan,nan,20,6248,10.527528809218948,10.3,10.3,528296800,528296800,206,386713257600,386713257600,150659,False
733,0.5806375043046968,0.8334348355663824,nan,nan,20,6568,10.792935444579781,10.7,10.7,528296800,528296800,214,387241554400,387241554400,150873,False
734,0.6529444020322407,0.8142902108907775,nan,nan,20,6354,10.606232294617563,10.4,10.4,528296800,528296800,208,387769851200,387769851200,151081,False
735,0.6147402109399484,0.81671826625387,nan,nan,20,6460,10.715015479876161,10.55,10.55,528296800,528296800,211,388298148000,388298148000,151292,False
736,0.5931215002287167,0.820236981602744,nan,nan,20,6414,10.675397567820395,10.5,10.5,528296800,528296800,210,388826444800,388826444800,151502,False
737,0.5135989959902334,0.8458743376230129,nan,nan,20,6605,10.801211203633613,10.65,10.65,528296800,528296800,213,389354741600,389354741600,151715,False
738,0.6016022480841055,0.824873896595208,nan,nan,20,6344,10.576607818411098,10.35,10.35,528296800,528296800,207,389883038400,389883038400,151922,False
739,0.5947073379624827,0.8291449344080923,nan,nan,20,6327,10.669511616880039,10.4,10.4,528296800,528296800,208,390411335200,390411335200,152130,False
740,0.6032242917374928,0.8188727042431919,0.6794793717533724,0.8032953391265094,20,6316,10.531507283090564,10.3,10.3,528296800,528296800,206,390939632000,390939632000,152336,False
741,0.5771801368533929,0.8281544256120528,nan,nan,20,6372,10.624450721908351,10.3,10.3,528296800,528296800,206,391467928800,391467928800,152542,False
742,0.6652318189244852,0.8088867654085046,nan,nan,20,6279,10.431278866061472,10.25,10.25,528296800,528296800,205,391996225600,391996225600,152747,False
743,0.5589362179286521,0.8311490399268515,nan,nan,20,6562,10.948186528497413,10.75,10.75,528296800,528296800,215,392524522400,392524522400,152962,False
744,0.5621815119209874,0.8332567049808429,nan,nan,20,6525,10.858850574712644,10.65,10.65,528296800,528296800,213,393052819200,393052819200,153175,False
745,0.5931295810078865,0.8281116247217942,nan,nan,20,5841,10.020544427324088,9.6,9.6,528296800,528296800,192,393581116000,393581116000,153367,False
746,0.60817197085293,0.827113606340819,nan,nan,20,6056,10.268163804491415,9.9,9.9,528296800,528296800,198,394109412800,394109412800,153565,False
747,0.5353037259850303,0.8401088348271447,nan,nan,20,6248,10.321062740076824,10.2,10.2,528296800,528296800,204,394637709600,394637709600,153769,False
748,0.6129059582642173,0.8183544303797469,nan,nan,20,6320,10.599208860759493,10.4,10.4,528296800,528296800,208,395166006400,395166006400,153977,False
749,0.6831438514207813,0.8003228410008071,nan,nan,20,6195,10.977885391444714,10.2,10.2,528296800,528296800,204,395694303200,395694303200,154181,False
750,0.5140268118160628,0.8512851897184822,0.68163788952955,0.8010382575330098,20,6536,10.787331701346389,10.6,10.6,528296800,528296800,212,396222600000,396222600000,154393,False
751,0.6399343082483613,0.8141923436041083,nan,nan,20,6426,10.704793028322442,10.5,10.5,528296800,528296800,210,396750896800,396750896800,154603,False
752,0.6005458670302743,0.8257767913760304,nan,nan,20,6308,10.397748890298033,10.2,10.2,528296800,528296800,204,397279193600,397279193600,154807,False
753,0.6363123740492966,0.8158415841584158,nan,nan,20,6060,10.184158415841585,10.0,10.0,528296800,528296800,200,397807490400,397807490400,155007,False
754,0.6057026841338102,0.8189627228525121,nan,nan,20,6170,10.308265802269045,10.1,10.1,528296800,528296800,202,398335787200,398335787200,155209,False
755,0.6145371822916692,0.822258064516129,nan,nan,20,6200,10.467258064516127,10.15,10.15,528296800,528296800,203,398864084000,398864084000,155412,False
756,0.6856696753940071,0.794571153228397,nan,nan,20,6226,10.49935753292644,10.2,10.2,528296800,528296800,204,399392380800,399392380800,155616,False
757,0.678459356006199,0.801834572196742,nan,nan,20,6323,10.578048394749327,10.35,10.35,528296800,528296800,207,399920677600,399920677600,155823,False
758,0.5275353633665812,0.843885645861398,nan,nan,20,6681,10.961532704684927,10.85,10.85,528296800,528296800,217,400448974400,400448974400,156040,False
759,0.49585298737540606,0.8506349206349206,nan,nan,20,6300,10.700634920634924,10.35,10.35,528296800,528296800,207,400977271200,400977271200,156247,False
760,0.7495681747150769,0.785330327726721,0.6606868697052252,0.8061166911183839,20,5767,9.647130223686492,9.45,9.45,528296800,528296800,189,401505568000,401505568000,156436,False
761,0.5701047027199024,0.8308996702779087,nan,nan,20,6369,10.600722248390644,10.4,10.4,528296800,528296800,208,402033864800,402033864800,156644,False
762,0.6826150866828394,0.8056159117499582,nan,nan,20,5983,10.232659201069698,9.8,9.8,528296800,528296800,196,402562161600,402562161600,156840,False
763,0.6543031170121061,0.814889000166917,nan,nan,20,5991,10.083124687030546,9.8,9.8,528296800,528296800,196,403090458400,403090458400,157036,False
764,0.6618386665066796,0.8109692997585374,nan,nan,20,5798,9.827009313556399,9.55,9.55,528296800,528296800,191,403618755200,403618755200,157227,False
765,0.579853536118804,0.8349254231607173,nan,nan,20,5967,10.395843807608513,9.8,9.8,528296800,528296800,196,404147052000,404147052000,157423,False
766,0.586797759250105,0.8305360925533648,nan,nan,20,6137,10.48150562163924,10.05,10.05,528296800,528296800,201,404675348800,404675348800,157624,False
767,0.6087144595307414,0.8258409785932722,nan,nan,20,6540,11.011773700305813,10.8,10.8,528296800,528296800,216,405203645600,405203645600,157840,False
768,0.5332822999511606,0.847581903276131,nan,nan,20,6410,10.754758190327612,10.4,10.4,528296800,528296800,208,405731942400,405731942400,158048,False
769,0.5630332823076889,0.8343619683069224,nan,nan,20,5995,10.472894078398667,9.75,9.75,528296800,528296800,195,406260239200,406260239200,158243,False
770,0.6051215970406288,0.8279966471081308,0.6648599335913491,0.8067373885565963,20,5965,10.260519698239731,9.8,9.8,528296800,528296800,196,406788536000,406788536000,158439,False
771,0.4900614234580349,0.8473164713140037,nan,nan,20,6484,10.719617520049352,10.55,10.55,528296800,528296800,211,407316832800,407316832800,158650,False
772,0.5985644711651978,0.8370116069968939,nan,nan,20,6117,10.392349190779795,10.1,10.1,528296800,528296800,202,407845129600,407845129600,158852,False
773,0.5629428767648151,0.8283807405053234,nan,nan,20,6293,10.508819323057363,10.3,10.3,528296800,528296800,206,408373426400,408373426400,159058,False
774,0.6782606367452665,0.8068551007147499,nan,nan,20,6156,10.379629629629628,10.15,10.15,528296800,528296800,203,408901723200,408901723200,159261,False
775,0.525573986268471,0.8388069173409488,nan,nan,20,6303,10.476757099793748,10.35,10.35,528296800,528296800,207,409430020000,409430020000,159468,False
776,0.6792800881915558,0.7972949540488989,nan,nan,20,5767,9.612103346627363,9.4,9.4,528296800,528296800,188,409958316800,409958316800,159656,False
777,0.5995887618620733,0.8219390926041019,nan,nan,20,6436,10.776880049720324,10.6,10.6,528296800,528296800,212,410486613600,410486613600,159868,False
778,0.5640080746798027,0.8359438075246246,nan,nan,20,6193,10.38898756660746,10.2,10.2,528296800,528296800,204,411014910400,411014910400,160072,False
779,0.7064615423541545,0.7992712818814177,nan,nan,20,6038,10.110798277575356,9.95,9.95,528296800,528296800,199,411543207200,411543207200,160271,False
780,0.607902458573246,0.818537221045773,0.6615916380574453,0.8021667983297596,20,6139,10.425965140902429,10.2,10.2,528296800,528296800,204,412071504000,412071504000,160475,False
781,0.6238078182099059,0.8164547024650651,nan,nan,20,6369,10.71110064374313,10.4,10.4,528296800,528296800,208,412599800800,412599800800,160683,False
782,0.5553713797259073,0.8348953452046236,nan,nan,20,6402,10.61668228678538,10.5,10.5,528296800,528296800,210,413128097600,413128097600,160893,False
783,0.5528854121941348,0.8409196111711156,nan,nan,20,6481,10.815151982718715,10.6,10.6,528296800,528296800,212,413656394400,413656394400,161105,False
784,0.5483467431516242,0.8320793981110933,nan,nan,20,6247,10.372818953097488,10.2,10.2,528296800,528296800,204,414184691200,414184691200,161309,False
785,0.5070751747181015,0.8563882469461869,nan,nan,20,6058,10.647243314625289,10.05,10.05,528296800,528296800,201,414712988000,414712988000,161510,False
786,0.5758906599464323,0.8284820031298904,nan,nan,20,6390,10.656181533646324,10.45,10.45,528296800,528296800,209,415241284800,415241284800,161719,False
787,0.6555410673155796,0.8119498984427894,nan,nan,20,5908,10.206499661475965,9.75,9.75,528296800,528296800,195,415769581600,415769581600,161914,False
788,0.5347122431167929,0.8394828129927467,nan,nan,20,6342,10.592084515925578,10.3,10.3,528296800,528296800,206,416297878400,416297878400,162120,False
789,0.5893110852829128,0.830503144654088,nan,nan,20,6360,10.64575471698113,10.3,10.3,528296800,528296800,206,416826175200,416826175200,162326,False
790,0.6009752510978305,0.8207938880584621,0.6368458732876844,0.8169506827671821,20,6021,10.08785915960804,9.8,9.8,528296800,528296800,196,417354472000,417354472000,162522,False
791,0.587450863212965,0.8313215722686474,nan,nan,20,6462,10.764778706282883,10.6,10.6,528296800,528296800,212,417882768800,417882768800,162734,False
792,0.5641483817316825,0.825615763546798,nan,nan,20,6090,10.108045977011496,10.0,10.0,528296800,528296800,200,418411065600,418411065600,162934,False
793,0.5940142345270059,0.8239145416953825,nan,nan,20,5804,9.90144727773949,9.5,9.5,528296800,528296800,190,418939362400,418939362400,163124,False
794,0.5489044607942334,0.8398945807939384,nan,nan,20,6071,10.2200625926536,10.0,10.0,528296800,528296800,200,419467659200,419467659200,163324,False
795,0.5490972146732707,0.8356572144759518,nan,nan,20,6383,10.512611624627917,10.4,10.4,528296800,528296800,208,419995956000,419995956000,163532,False
796,0.5982542773999427,0.8245129621107532,nan,nan,20,6519,10.86991869918699,10.65,10.65,528296800,528296800,213,420524252800,420524252800,163745,False
797,0.5903260032616615,0.8258295684686088,nan,nan,20,6419,10.792491042218414,10.65,10.65,528296800,528296800,213,421052549600,421052549600,163958,False
798,0.6481080169932476,0.809743353311818,nan,nan,20,6507,10.814353772859995,10.65,10.65,528296800,528296800,213,421580846400,421580846400,164171,False
799,0.6617885973382491,0.8071534531069722,nan,nan,20,6067,10.355529915938684,9.95,9.95,528296800,528296800,199,422109143200,422109143200,164370,False
800,0.5229646739780262,0.8449006190941675,0.6488052414133834,0.8096151675883083,20,6138,10.225643532095145,10.1,10.1,528296800,528296800,202,422637440000,422637440000,164572,False
801,0.6258067695545324,0.8174954866239947,nan,nan,20,6093,10.149679960610536,9.95,9.95,528296800,528296800,199,423165736800,423165736800,164771,False
802,0.6145486229303173,0.8213457076566125,nan,nan,20,6465,10.499613302397524,10.4,10.4,528296800,528296800,208,423694033600,423694033600,164979,False
803,0.6307414385359079,0.816425879396985,nan,nan,20,6368,10.510207286432161,10.4,10.4,528296800,528296800,208,424222330400,424222330400,165187,False
804,0.5278038456132293,0.8395516658989712,nan,nan,20,6513,10.794564716720403,10.65,10.65,528296800,528296800,213,424750627200,424750627200,165400,False
805,0.605110032683098,0.8221317040054311,nan,nan,20,5892,10.21877121520706,9.7,9.7,528296800,528296800,194,425278924000,425278924000,165594,False
806,0.5925633748771603,0.8219474497681607,nan,nan,20,6470,10.64744976816074,10.55,10.55,528296800,528296800,211,425807220800,425807220800,165805,False
807,0.6061852323576302,0.8246948803296877,nan,nan,20,6309,10.39530828974481,10.2,10.2,528296800,528296800,204,426335517600,426335517600,166009,False
808,0.510692890226241,0.846821265183783,nan,nan,20,6339,10.753273386969553,10.4,10.4,528296800,528296800,208,426863814400,426863814400,166217,False
809,0.5607379218261437,0.8331149688830658,nan,nan,20,6106,10.182934818211598,9.9,9.9,528296800,528296800,198,427392111200,427392111200,166415,False
810,0.5713153579114542,0.834912477918741,0.6345435524750961,0.8157092878907573,20,6227,10.444837000160591,10.25,10.25,528296800,528296800,205,427920408000,427920408000,166620,False
811,0.5688314949709233,0.8313292167695807,nan,nan,20,6154,10.414202144946378,10.05,10.05,528296800,528296800,201,428448704800,428448704800,166821,False
812,0.5099392285955213,0.8468301712170292,nan,nan,20,6483,10.662347678543885,10.55,10.55,528296800,528296800,211,428977001600,428977001600,167032,False
813,0.5066998636323505,0.8441070590076695,nan,nan,20,6389,10.712631084676786,10.55,10.55,528296800,528296800,211,429505298400,429505298400,167243,False
814,0.6130657708166308,0.8195412064570943,nan,nan,20,5885,10.090909090909093,9.65,9.65,528296800,528296800,193,430033595200,430033595200,167436,False
815,0.6035061194095841,0.8177092358343442,nan,nan,20,5771,9.836250216600243,9.5,9.5,528296800,528296800,190,430561892000,430561892000,167626,False
816,0.5201501290198395,0.8503755940518166,nan,nan,20,6523,10.872298022382338,10.7,10.7,528296800,528296800,214,431090188800,431090188800,167840,False
817,0.5423131477811005,0.8350934199837531,nan,nan,20,6155,10.437043054427296,10.05,10.05,528296800,528296800,201,431618485600,431618485600,168041,False
818,0.6099672658282241,0.8255216693418941,nan,nan,20,6230,10.339165329052967,10.15,10.15,528296800,528296800,203,432146782400,432146782400,168244,False
819,0.5524279521897439,0.8365594754917265,nan,nan,20,6406,10.668904152357165,10.5,10.5,528296800,528296800,210,432675079200,432675079200,168454,False
820,0.5593508768467785,0.8409728718428437,0.6269428143516349,0.8172892450062069,20,6414,10.68584346741503,10.5,10.5,528296800,528296800,210,433203376000,433203376000,168664,False
821,0.550864924635445,0.8389843873206119,nan,nan,20,6341,10.440624507175524,10.2,10.2,528296800,528296800,204,433731672800,433731672800,168868,False
822,0.591373230652148,0.8267226890756303,nan,nan,20,5950,10.085378151260505,9.75,9.75,528296800,528296800,195,434259969600,434259969600,169063,False
823,0.5524890924863124,0.8385082963693117,nan,nan,20,6087,10.4501396418597,10.1,10.1,528296800,528296800,202,434788266400,434788266400,169265,False
824,0.5556671610713234,0.8326205574399056,nan,nan,20,6781,11.430025070048664,11.15,11.15,528296800,528296800,223,435316563200,435316563200,169488,False
825,0.5127347375864061,0.8442012463900289,nan,nan,20,6579,10.851953184374526,10.75,10.75,528296800,528296800,215,435844860000,435844860000,169703,False
826,0.5038345711392831,0.8485516835759447,nan,nan,20,6801,11.180267607704748,11.05,11.05,528296800,528296800,221,436373156800,436373156800,169924,False
827,0.5857252484288142,0.8317633449016691,nan,nan,20,6051,10.2789621550157,9.85,9.85,528296800,528296800,197,436901453600,436901453600,170121,False
828,0.5921805283894549,0.8235104669887279,nan,nan,20,6210,10.373752012882449,10.1,10.1,528296800,528296800,202,437429750400,437429750400,170323,False
829,0.5514465944453973,0.8307046979865772,nan,nan,20,5960,10.238087248322147,9.85,9.85,528296800,528296800,197,437958047200,437958047200,170520,False
830,0.5839036894239685,0.8241511851377322,0.6297930573895127,0.8149757363728699,20,6244,10.305413196668802,10.15,10.15,528296800,528296800,203,438486344000,438486344000,170723,False
831,0.5744667037273488,0.8287703016241299,nan,nan,20,6465,10.764733178654293,10.65,10.65,528296800,528296800,213,439014640800,439014640800,170936,False
832,0.4949378416195362,0.8513927373486948,nan,nan,20,6857,11.193962374216127,11.05,11.05,528296800,528296800,221,439542937600,439542937600,171157,False
833,0.5043221207794393,0.8476732507532642,nan,nan,20,5974,10.287579511215267,9.8,9.8,528296800,528296800,196,440071234400,440071234400,171353,False
834,0.5289097246388016,0.842595373986182,nan,nan,20,6658,11.04806248122559,10.9,10.9,528296800,528296800,218,440599531200,440599531200,171571,False
835,0.5513531791597466,0.8433533734134937,nan,nan,20,5988,10.281563126252504,9.75,9.75,528296800,528296800,195,441127828000,441127828000,171766,False
836,0.5415510630713962,0.8373692077727952,nan,nan,20,6690,11.047533632286996,10.95,10.95,528296800,528296800,219,441656124800,441656124800,171985,False
837,0.5833970148083223,0.8276475343573161,nan,nan,20,6185,10.47194826192401,10.15,10.15,528296800,528296800,203,442184421600,442184421600,172188,False
838,0.5214240384818692,0.8452513080703979,nan,nan,20,6307,10.551609322974471,10.25,10.25,528296800,528296800,205,442712718400,442712718400,172393,False
839,0.5307932181281787,0.8431864513093932,nan,nan,20,6377,10.582562333385605,10.45,10.45,528296800,528296800,209,443241015200,443241015200,172602,False
840,0.5070853849405482,0.8512780790085205,0.6213561978139427,0.8189256291614941,20,6455,10.904879938032536,10.6,10.6,528296800,528296800,212,443769312000,443769312000,172814,False
841,0.49780785234076136,0.8505044328951391,nan,nan,20,6542,11.121522470192598,10.7,10.7,528296800,528296800,214,444297608800,444297608800,173028,False
842,0.5000223348011361,0.8480252764612954,nan,nan,20,6330,10.56176935229068,10.25,10.25,528296800,528296800,205,444825905600,444825905600,173233,False
843,0.5472334291405652,0.8370813784177318,nan,nan,20,6181,10.516421291053227,10.1,10.1,528296800,528296800,202,445354202400,445354202400,173435,False
844,0.5597992171677691,0.833513180206567,nan,nan,20,6487,10.9253892400185,10.75,10.75,528296800,528296800,215,445882499200,445882499200,173650,False
845,0.5306226560324909,0.8458199356913183,nan,nan,20,6220,10.292926045016074,10.1,10.1,528296800,528296800,202,446410796000,446410796000,173852,False
846,0.5058800759938773,0.8478934324659232,nan,nan,20,6456,10.620043370508055,10.45,10.45,528296800,528296800,209,446939092800,446939092800,174061,False
847,0.5245500942740905,0.849167327517843,nan,nan,20,6305,10.65360824742268,10.3,10.3,528296800,528296800,206,447467389600,447467389600,174267,False
848,0.5193534965646301,0.8482583108000636,nan,nan,20,6287,10.579926833147766,10.35,10.35,528296800,528296800,207,447995686400,447995686400,174474,False
849,0.5072601588483645,0.8474334600760456,nan,nan,20,6312,10.740494296577948,10.4,10.4,528296800,528296800,208,448523983200,448523983200,174682,False
850,0.5174867470972064,0.851112193537912,0.6222245913907429,0.8164428394086446,20,6159,10.345835362883587,10.05,10.05,528296800,528296800,201,449052280000,449052280000,174883,False
851,0.5129050380530537,0.8459093190563828,nan,nan,20,5977,10.096034800066922,9.75,9.75,528296800,528296800,195,449580576800,449580576800,175078,False
852,0.5909641279211496,0.8257023125873041,nan,nan,20,6443,10.699208443271768,10.55,10.55,528296800,528296800,211,450108873600,450108873600,175289,False
853,0.6284872516204718,0.8143227973736449,nan,nan,20,6549,10.815697052985188,10.65,10.65,528296800,528296800,213,450637170400,450637170400,175502,False
854,0.6099123665577277,0.8177339901477833,nan,nan,20,5887,10.018175641243419,9.75,9.75,528296800,528296800,195,451165467200,451165467200,175697,False
855,0.5036304588518432,0.8438140267927502,nan,nan,20,6345,10.501812450748623,10.35,10.35,528296800,528296800,207,451693764000,451693764000,175904,False
856,0.5564610029882228,0.8369240967848857,nan,nan,20,6034,10.337421279416638,9.8,9.8,528296800,528296800,196,452222060800,452222060800,176100,False
857,0.550242169221361,0.834841628959276,nan,nan,20,6188,10.453458306399481,10.1,10.1,528296800,528296800,202,452750357600,452750357600,176302,False
858,0.522143551596845,0.8460806093303713,nan,nan,20,6302,10.630276102824501,10.35,10.35,528296800,528296800,207,453278654400,453278654400,176509,False
859,0.611787897831722,0.8208840289542584,nan,nan,20,6493,10.777144617280149,10.65,10.65,528296800,528296800,213,453806951200,453806951200,176722,False
860,0.5290975349947505,0.8373959121877366,0.6114224191175305,0.8197720347590566,20,6605,11.05919757759273,10.85,10.85,528296800,528296800,217,454335248000,454335248000,176939,False
861,0.492207955016354,0.853781512605042,nan,nan,20,6545,10.866768525592052,10.7,10.7,528296800,528296800,214,454863544800,454863544800,177153,False
862,0.5031707706126181,0.8472702142363511,nan,nan,20,5788,9.810297166551484,9.5,9.5,528296800,528296800,190,455391841600,455391841600,177343,False
863,0.62687230357071,0.8168293073108303,nan,nan,20,6251,10.667093265077586,10.4,10.4,528296800,528296800,208,455920138400,455920138400,177551,False
864,0.5217488173346593,0.8446662507797879,nan,nan,20,6412,10.742046163443545,10.55,10.55,528296800,528296800,211,456448435200,456448435200,177762,False
865,0.5014322294365435,0.8464758078017747,nan,nan,20,5973,10.213460572576594,9.75,9.75,528296800,528296800,195,456976732000,456976732000,177957,False
866,0.5428790919575368,0.8315676339628435,nan,nan,20,6513,10.738522954091813,10.65,10.65,528296800,528296800,213,457505028800,457505028800,178170,False
867,0.5763031824790373,0.823973323973324,nan,nan,20,5698,9.620919620919622,9.3,9.3,528296800,528296800,186,458033325600,458033325600,178356,False
868,0.542864222466732,0.8330074942978168,nan,nan,20,6138,10.404366243075918,10.05,10.05,528296800,528296800,201,458561622400,458561622400,178557,False
869,0.54923007838623,0.8372720063441713,nan,nan,20,6305,10.424742268041236,10.3,10.3,528296800,528296800,206,459089919200,459089919200,178763,False
870,0.544920950343051,0.8349176172370089,0.6009730543580124,0.8237783545875184,20,6312,10.516001267427123,10.3,10.3,528296800,528296800,206,459618216000,459618216000,178969,False
871,0.5609477093158071,0.8338230492980738,nan,nan,20,6126,10.353085210577863,10.1,10.1,528296800,528296800,202,460146512800,460146512800,179171,False
872,0.5343761716207907,0.8396568789178489,nan,nan,20,6062,10.232431540745628,10.05,10.05,528296800,528296800,201,460674809600,460674809600,179372,False
873,0.5182398994000462,0.8403252032520325,nan,nan,20,6150,10.35739837398374,10.05,10.05,528296800,528296800,201,461203106400,461203106400,179573,False
874,0.4526796925389263,0.8668427594779367,nan,nan,20,6436,10.720323182100682,10.55,10.55,528296800,528296800,211,461731403200,461731403200,179784,False
875,0.6025132811119837,0.8209054593874834,nan,nan,20,6008,9.996338215712386,9.85,9.85,528296800,528296800,197,462259700000,462259700000,179981,False
876,0.5439644389925661,0.8368540786480339,nan,nan,20,6154,10.662658433539162,10.15,10.15,528296800,528296800,203,462787996800,462787996800,180184,False
877,0.57119452302863,0.8339616456318636,nan,nan,20,6101,10.149647598754301,10.0,10.0,528296800,528296800,200,463316293600,463316293600,180384,False
878,0.4687793673547072,0.8626168224299066,nan,nan,20,6420,10.749065420560747,10.55,10.55,528296800,528296800,211,463844590400,463844590400,180595,False
879,0.5307501950481731,0.8416236899018467,nan,nan,20,6011,10.130261187822326,9.75,9.75,528296800,528296800,195,464372887200,464372887200,180790,False
880,0.578993605467004,0.8265371137304874,0.5968928042807222,0.8268818417785803,20,6278,10.367473717744504,10.25,10.25,528296800,528296800,205,464901184000,464901184000,180995,False
881,0.5969931915586053,0.8228873239436619,nan,nan,20,5680,9.949823943661974,9.35,9.35,528296800,528296800,187,465429480800,465429480800,181182,False
882,0.5496276231622784,0.8414613708731356,nan,nan,20,5967,10.063013239483826,9.85,9.85,528296800,528296800,197,465957777600,465957777600,181379,False
883,0.5769640597369374,0.8281177740095576,nan,nan,20,6487,10.857561276398952,10.7,10.7,528296800,528296800,214,466486074400,466486074400,181593,False
884,0.5169904553214241,0.8418286078368907,nan,nan,20,6278,10.606562599554,10.3,10.3,528296800,528296800,206,467014371200,467014371200,181799,False
885,0.5479604586456247,0.8390897353131053,nan,nan,20,6196,10.434312459651387,10.2,10.2,528296800,528296800,204,467542668000,467542668000,182003,False
886,0.5310382360493044,0.8388844621513944,nan,nan,20,6275,10.494501992031873,10.25,10.25,528296800,528296800,205,468070964800,468070964800,182208,False
887,0.45367205620862666,0.8676684440135725,nan,nan,20,6189,10.433834222006789,10.15,10.15,528296800,528296800,203,468599261600,468599261600,182411,False
888,0.48634643108803866,0.8549134734239803,nan,nan,20,6472,10.665327564894932,10.55,10.55,528296800,528296800,211,469127558400,469127558400,182622,False
889,0.5300712376092047,0.8433104350670592,nan,nan,20,6114,10.245338567222767,10.0,10.0,528296800,528296800,200,469655855200,469655855200,182822,False
890,0.5605261343869046,0.8319986925968296,0.5847512130919731,0.8286310800135425,20,6119,10.298905049844748,9.95,9.95,528296800,528296800,199,470184152000,470184152000,183021,False
891,0.5293445700717487,0.8365355749024317,nan,nan,20,6662,10.964274992494746,10.8,10.8,528296800,528296800,216,470712448800,470712448800,183237,False
892,0.48598136560641175,0.8508458035133377,nan,nan,20,6148,10.29651919323357,9.95,9.95,528296800,528296800,199,471240745600,471240745600,183436,False
893,0.5711458520558369,0.8270999386879215,nan,nan,20,6524,10.734825260576335,10.65,10.65,528296800,528296800,213,471769042400,471769042400,183649,False
894,0.6387452556098924,0.8100358422939068,nan,nan,20,6138,10.2148908439231,10.0,10.0,528296800,528296800,200,472297339200,472297339200,183849,False
895,0.4327101928891525,0.8720238095238095,nan,nan,20,6720,11.343750000000002,10.95,10.95,528296800,528296800,219,472825636000,472825636000,184068,False
896,0.49021262406347926,0.8584474885844748,nan,nan,20,6351,10.447803495512517,10.3,10.3,528296800,528296800,206,473353932800,473353932800,184274,False
897,0.6391979517302498,0.8100459851432614,nan,nan,20,5654,9.701980898478952,9.35,9.35,528296800,528296800,187,473882229600,473882229600,184461,False
898,0.4932166046405271,0.8476160304134326,nan,nan,20,6313,10.456835102170123,10.3,10.3,528296800,528296800,206,474410526400,474410526400,184667,False
899,0.5713578269119662,0.8286976439790575,nan,nan,20,6112,10.17637434554974,9.95,9.95,528296800,528296800,199,474938823200,474938823200,184866,False
900,0.5541631870749133,0.8367283470688851,0.5884190555647202,0.8253018846631306,20,6431,11.012595241797545,10.55,10.55,528296800,528296800,211,475467120000,475467120000,185077,False
901,0.6417740581032618,0.8102717135228522,nan,nan,20,6367,10.602167425789226,10.4,10.4,528296800,528296800,208,475995416800,475995416800,185285,False
902,0.5393697534877886,0.8422257439690086,nan,nan,20,5679,9.637436168339496,9.3,9.3,528296800,528296800,186,476523713600,476523713600,185471,False
903,0.5464975302515368,0.8389337641357028,nan,nan,20,6190,10.376090468497575,10.15,10.15,528296800,528296800,203,477052010400,477052010400,185674,False
904,0.5612937370255685,0.8287539936102236,nan,nan,20,6260,10.450638977635784,10.3,10.3,528296800,528296800,206,477580307200,477580307200,185880,False
905,0.513288047188581,0.8395931142410016,nan,nan,20,6390,10.823317683881063,10.55,10.55,528296800,528296800,211,478108604000,478108604000,186091,False
906,0.54199904884895,0.8428412521849674,nan,nan,20,6293,10.625615763546797,10.35,10.35,528296800,528296800,207,478636900800,478636900800,186298,False
907,0.5146261635551251,0.8569899051697767,nan,nan,20,6538,10.936830835117773,10.65,10.65,528296800,528296800,213,479165197600,479165197600,186511,False
908,0.5182429912793565,0.8397734843437709,nan,nan,20,6004,10.247501665556296,9.75,9.75,528296800,528296800,195,479693494400,479693494400,186706,False
909,0.4846951491998214,0.8622255866767601,nan,nan,20,6605,11.01695685087055,10.85,10.85,528296800,528296800,217,480221791200,480221791200,186923,False
910,0.5450421327219594,0.8284225948233762,0.5971030992614592,0.8250761765037806,20,6143,10.250366270551847,10.1,10.1,528296800,528296800,202,480750088000,480750088000,187125,False
911,0.5423773023527425,0.8408375314861462,nan,nan,20,6352,10.553211586901762,10.4,10.4,528296800,528296800,208,481278384800,481278384800,187333,False
912,0.5434302214288397,0.8402394106813996,nan,nan,20,6516,10.761356660527932,10.6,10.6,528296800,528296800,212,481806681600,481806681600,187545,False
913,0.5106781707348363,0.8489833928294273,nan,nan,20,6443,10.772776656836877,10.55,10.55,528296800,528296800,211,482334978400,482334978400,187756,False
914,0.5325500951082216,0.8387580620968952,nan,nan,20,6667,11.171291435428229,11.0,11.0,528296800,528296800,220,482863275200,482863275200,187976,False
915,0.5404511188379497,0.8418864908073541,nan,nan,20,6255,10.325339728217426,10.15,10.15,528296800,528296800,203,483391572000,483391572000,188179,False
916,0.5373745704936114,0.844904214559387,nan,nan,20,6525,10.83095785440613,10.6,10.6,528296800,528296800,212,483919868800,483919868800,188391,False
917,0.43213500912889885,0.8706231454005935,nan,nan,20,6740,11.200890207715132,10.9,10.9,528296800,528296800,218,484448165600,484448165600,188609,False
918,0.4947760176835572,0.8467380048325854,nan,nan,20,5794,9.9301001035554,9.55,9.55,528296800,528296800,191,484976462400,484976462400,188800,False
919,0.4977801895524623,0.8502751699579152,nan,nan,20,6178,10.478633862091291,10.2,10.2,528296800,528296800,204,485504759200,485504759200,189004,False
920,0.49291287942012707,0.8513299556681444,0.5801666275519386,0.8292517774517549,20,6316,10.699651678277387,10.4,10.4,528296800,528296800,208,486033056000,486033056000,189212,False
921,0.5569010789613291,0.8310165801373305,nan,nan,20,5971,10.057779266454531,9.8,9.8,528296800,528296800,196,486561352800,486561352800,189408,False
922,0.4949339984222118,0.8567150063051703,nan,nan,20,6344,10.780580075662042,10.45,10.45,528296800,528296800,209,487089649600,487089649600,189617,False
923,0.48973218998709095,0.8589909443725744,nan,nan,20,6184,10.623868046571799,10.1,10.1,528296800,528296800,202,487617946400,487617946400,189819,False
924,0.5442653772936787,0.8352959898154042,nan,nan,20,6284,10.593093570973904,10.3,10.3,528296800,528296800,206,488146243200,488146243200,190025,False
925,0.48438588124803306,0.8603154168007725,nan,nan,20,6214,10.343739942066302,10.1,10.1,528296800,528296800,202,488674540000,488674540000,190227,False
926,0.5588222640326876,0.8300870942201108,nan,nan,20,6315,10.737133808392716,10.45,10.45,528296800,528296800,209,489202836800,489202836800,190436,False
927,0.4644629916517196,0.8582677165354331,nan,nan,20,6096,10.331528871391075,9.95,9.95,528296800,528296800,199,489731133600,489731133600,190635,False
928,0.5183392188117503,0.8410296411856474,nan,nan,20,6410,10.973790951638067,10.55,10.55,528296800,528296800,211,490259430400,490259430400,190846,False
929,0.5413508278051743,0.84107027724049,nan,nan,20,6204,10.381205673758867,10.15,10.15,528296800,528296800,203,490787727200,490787727200,191049,False
930,0.48690672452497924,0.8543478260869565,0.5769040273390429,0.8309445886468796,20,6440,10.781521739130435,10.5,10.5,528296800,528296800,210,491316024000,491316024000,191259,False
931,0.4846996066731098,0.8537148131056761,nan,nan,20,6501,10.762190432241194,10.65,10.65,528296800,528296800,213,491844320800,491844320800,191472,False
932,0.6002671515208245,0.8235387296055758,nan,nan,20,6313,10.40788848408047,10.3,10.3,528296800,528296800,206,492372617600,492372617600,191678,False
933,0.542979704833,0.8356981618832635,nan,nan,20,6202,10.41131892937762,10.15,10.15,528296800,528296800,203,492900914400,492900914400,191881,False
934,0.5233820053274207,0.8413513934298614,nan,nan,20,6423,10.687996263428305,10.6,10.6,528296800,528296800,212,493429211200,493429211200,192093,False
935,0.563326577676924,0.8344453064391001,nan,nan,20,6445,10.691078355314195,10.55,10.55,528296800,528296800,211,493957508000,493957508000,192304,False
936,0.4615235427679941,0.8628396848367905,nan,nan,20,6219,10.580479176716514,10.25,10.25,528296800,528296800,205,494485804800,494485804800,192509,False
937,0.458969456706905,0.8571646574088204,nan,nan,20,6553,10.747596520677552,10.6,10.6,528296800,528296800,212,495014101600,495014101600,192721,False
938,0.4856263681028542,0.8561249241964827,nan,nan,20,6596,10.959975742874468,10.8,10.8,528296800,528296800,216,495542398400,495542398400,192937,False
939,0.5449153445321676,0.8439622328971343,nan,nan,20,6037,9.98707967533543,9.85,9.85,528296800,528296800,197,496070695200,496070695200,193134,False
940,0.4963957211760744,0.8525230432744884,0.5664201671968746,0.8329759620810292,20,6401,10.753319793782225,10.55,10.55,528296800,528296800,211,496598992000,496598992000,193345,False
941,0.5205562738171566,0.8446323418390458,nan,nan,20,6623,11.19386984750113,10.9,10.9,528296800,528296800,218,497127288800,497127288800,193563,False
942,0.5167596744132772,0.8496312920807951,nan,nan,20,6238,10.595383135620391,10.2,10.2,528296800,528296800,204,497655585600,497655585600,193767,False
943,0.5443384105533879,0.8368983957219251,nan,nan,20,5984,10.09725935828877,9.8,9.8,528296800,528296800,196,498183882400,498183882400,193963,False
944,0.5269326308661441,0.8451043338683788,nan,nan,20,6230,10.513804173354735,10.2,10.2,528296800,528296800,204,498712179200,498712179200,194167,False
945,0.47326634862882383,0.8606469415912924,nan,nan,20,6523,10.791660279012724,10.6,10.6,528296800,528296800,212,499240476000,499240476000,194379,False
946,0.508662108734874,0.8492532669570628,nan,nan,20,6428,10.647324206596142,10.55,10.55,528296800,528296800,211,499768772800,499768772800,194590,False
947,0.4770110110694469,0.8489154824233358,nan,nan,20,6685,11.353328347045622,11.0,11.0,528296800,528296800,220,500297069600,500297069600,194810,False
948,0.5181201341600943,0.8521831412977562,nan,nan,20,6596,10.974378411158277,10.85,10.85,528296800,528296800,217,500825366400,500825366400,195027,False
949,0.4473698132394198,0.8575048442390818,nan,nan,20,6709,11.07109852437025,10.95,10.95,528296800,528296800,219,501353663200,501353663200,195246,False
950,0.5279354733409606,0.8438495857233907,0.5731697913325273,0.8316217131249295,20,6276,10.297482472912684,10.2,10.2,528296800,528296800,204,501881960000,501881960000,195450,False
951,0.6103141411304644,0.8267432321575061,nan,nan,20,6095,10.525512715340442,9.95,9.95,528296800,528296800,199,502410256800,502410256800,195649,False
952,0.4719413235076721,0.8561559717531471,nan,nan,20,6514,10.87181455326988,10.55,10.55,528296800,528296800,211,502938553600,502938553600,195860,False
953,0.5066762438027713,0.8500161446561189,nan,nan,20,6194,10.2403939296093,10.15,10.15,528296800,528296800,203,503466850400,503466850400,196063,False
954,0.4932147349434446,0.8558073205514182,nan,nan,20,6311,10.58675328791,10.35,10.35,528296800,528296800,207,503995147200,503995147200,196270,False
955,0.5308855678005605,0.8439057933642771,nan,nan,20,5817,10.011002234828949,9.5,9.5,528296800,528296800,190,504523444000,504523444000,196460,False
956,0.4608977923220992,0.8601205015469793,nan,nan,20,6141,10.333659013190037,10.05,10.05,528296800,528296800,201,505051740800,505051740800,196661,False
957,0.4785436213578647,0.8551871006997261,nan,nan,20,6574,10.942804989351995,10.8,10.8,528296800,528296800,216,505580037600,505580037600,196877,False
958,0.5521325791532878,0.8392096746721172,nan,nan,20,5871,9.977175949582696,9.6,9.6,528296800,528296800,192,506108334400,506108334400,197069,False
959,0.5111313647553974,0.846406840980102,nan,nan,20,6081,10.15178424601217,10.0,10.0,528296800,528296800,200,506636631200,506636631200,197269,False
960,0.45472494699712396,0.8570747217806042,0.5604384103406298,0.8357973140729037,20,6290,10.53100158982512,10.2,10.2,528296800,528296800,204,507164928000,507164928000,197473,False
961,0.4381575048414046,0.8676108374384236,nan,nan,20,6496,10.802339901477833,10.6,10.6,528296800,528296800,212,507693224800,507693224800,197685,False
962,0.4749441631734612,0.859013742926435,nan,nan,20,6185,10.398544866612774,10.15,10.15,528296800,528296800,203,508221521600,508221521600,197888,False
963,0.5029324058740826,0.8456675917360469,nan,nan,20,6486,10.681776133209992,10.5,10.5,528296800,528296800,210,508749818400,508749818400,198098,False
964,0.47000835399979946,0.8605675146771037,nan,nan,20,6132,10.315720808871493,10.0,10.0,528296800,528296800,200,509278115200,509278115200,198298,False
965,0.46552872790181127,0.8619549818983158,nan,nan,20,6353,10.730993231544154,10.5,10.5,528296800,528296800,210,509806412000,509806412000,198508,False
966,0.4813796524244918,0.853205421044617,nan,nan,20,6567,10.77813308969088,10.7,10.7,528296800,528296800,214,510334708800,510334708800,198722,False
967,0.43676951873471426,0.8708156529938709,nan,nan,20,6363,10.41018387553041,10.3,10.3,528296800,528296800,206,510863005600,510863005600,198928,False
968,0.43974437511893605,0.8639151334327864,nan,nan,20,6033,10.171887949610475,10.0,10.0,528296800,528296800,200,511391302400,511391302400,199128,False
969,0.5542425499612043,0.8378782840039907,nan,nan,20,6014,10.465081476554706,9.85,9.85,528296800,528296800,197,511919599200,511919599200,199325,False
970,0.5453109536919603,0.8461538461538461,0.5562327250900501,0.8373772711883535,20,5902,9.88376821416469,9.65,9.65,528296800,528296800,193,512447896000,512447896000,199518,False
971,0.48804318265241176,0.8539815861734776,nan,nan,20,6191,10.53222419641415,10.25,10.25,528296800,528296800,205,512976192800,512976192800,199723,False
972,0.5179325063667972,0.8449336354807381,nan,nan,20,6178,10.329880220135966,10.1,10.1,528296800,528296800,202,513504489600,513504489600,199925,False
973,0.4679349270933149,0.8598574821852731,nan,nan,20,6315,10.55882818685669,10.4,10.4,528296800,528296800,208,514032786400,514032786400,200133,False
974,0.48426017115685893,0.8525992896351308,nan,nan,20,6194,10.362770422989989,10.15,10.15,528296800,528296800,203,514561083200,514561083200,200336,False
975,0.5141650914610778,0.8444826508283839,nan,nan,20,6398,10.683651140981556,10.55,10.55,528296800,528296800,211,515089380000,515089380000,200547,False
976,0.4513451944279885,0.8625941959275293,nan,nan,20,6237,10.630912297578964,10.3,10.3,528296800,528296800,206,515617676800,515617676800,200753,False
977,0.4645573083507265,0.8632745434680817,nan,nan,20,6407,10.753550803808338,10.45,10.45,528296800,528296800,209,516145973600,516145973600,200962,False
978,0.5182306694839495,0.8548870993210169,nan,nan,20,6333,10.654666035054477,10.3,10.3,528296800,528296800,206,516674270400,516674270400,201168,False
979,0.43479269452884056,0.864847614488591,nan,nan,20,6267,10.552576990585608,10.35,10.35,528296800,528296800,207,517202567200,517202567200,201375,False
980,0.49521117432198614,0.8500082413054227,0.560771439646157,0.834668773276154,20,6067,10.33525630459865,9.9,9.9,528296800,528296800,198,517730864000,517730864000,201573,False
981,0.46367739387466006,0.8563235738001811,nan,nan,20,6626,10.786900090552368,10.6,10.6,528296800,528296800,212,518259160800,518259160800,201785,False
982,0.432725086074708,0.87044356609574,nan,nan,20,6831,11.267310789049919,11.2,11.2,528296800,528296800,224,518787457600,518787457600,202009,False
983,0.4774618425410814,0.8615311157090562,nan,nan,20,6283,10.483049498647143,10.3,10.3,528296800,528296800,206,519315754400,519315754400,202215,False
984,0.46968419309635473,0.8596491228070176,nan,nan,20,6384,10.69110275689223,10.45,10.45,528296800,528296800,209,519844051200,519844051200,202424,False
985,0.5034024287121637,0.8458775510204082,nan,nan,20,6125,10.419428571428574,10.1,10.1,528296800,528296800,202,520372348000,520372348000,202626,False
986,0.538078086567838,0.8465980024968789,nan,nan,20,6408,10.757178526841448,10.5,10.5,528296800,528296800,210,520900644800,520900644800,202836,False
987,0.5516697416509636,0.8343968871595331,nan,nan,20,6425,10.64513618677043,10.5,10.5,528296800,528296800,210,521428941600,521428941600,203046,False
988,0.4251434502513555,0.8675849115667553,nan,nan,20,6389,11.01095633119424,10.5,10.5,528296800,528296800,210,521957238400,521957238400,203256,False
989,0.4646267832135605,0.8547704840983863,nan,nan,20,6383,10.595644681184396,10.4,10.4,528296800,528296800,208,522485535200,522485535200,203464,False
990,0.4290870459257122,0.8676878191101386,0.5604744021557023,0.8342737839972915,20,6855,11.238366156090445,11.15,11.15,528296800,528296800,223,523013832000,523013832000,203687,False
991,0.4434638180332465,0.8526981040350025,nan,nan,20,6171,10.22913628261222,10.05,10.05,528296800,528296800,201,523542128800,523542128800,203888,False
992,0.40044506385124357,0.8713397056592322,nan,nan,20,6591,10.987407070247306,10.65,10.65,528296800,528296800,213,524070425600,524070425600,204101,False
993,0.4910419567625945,0.8462142632736412,nan,nan,20,6366,10.653157398680491,10.35,10.35,528296800,528296800,207,524598722400,524598722400,204308,False
994,0.5618117315349845,0.8260587376277787,nan,nan,20,6163,10.249229271458706,10.1,10.1,528296800,528296800,202,525127019200,525127019200,204510,False
995,0.5344902528402041,0.8448940269749519,nan,nan,20,6228,10.406872190109183,10.25,10.25,528296800,528296800,205,525655316000,525655316000,204715,False
996,0.464337174887418,0.85776077191815,nan,nan,20,6011,10.350024954250541,9.85,9.85,528296800,528296800,197,526183612800,526183612800,204912,False
997,0.5866512578395504,0.8319187884839407,nan,nan,20,6009,10.042769179563987,9.85,9.85,528296800,528296800,197,526711909600,526711909600,205109,False
998,0.4654310786888399,0.8629083920563742,nan,nan,20,6244,10.358424087123637,10.2,10.2,528296800,528296800,204,527240206400,527240206400,205313,False
999,0.45436681951429153,0.8621804742839544,nan,nan,20,6494,10.724822913458578,10.55,10.55,528296800,528296800,211,527768503200,527768503200,205524,False
1000,0.45918163107476084,0.8645881094299251,0.5488583074508248,0.8391829364631531,20,6543,10.780223139232769,10.6,10.6,528296800,528296800,212,528296800000,528296800000,205736,True
