round,train_loss,train_accuracy,test_loss,test_accuracy,num_fit_clients,num_fit_examples,tau_eff,mean_local_normalizer,mean_local_steps,round_upload_bytes,round_download_bytes,round_local_steps,cumulative_upload_bytes,cumulative_download_bytes,cumulative_local_steps,run_completed
1,4.102535886783568,0.03071724773460298,nan,nan,20,6511,10.818768238365843,10.7,10.7,528296800,528296800,214,528296800,528296800,214,False
2,4.055159559254417,0.050769474853244484,nan,nan,20,6303,10.6089163890211,10.45,10.45,528296800,528296800,209,1056593600,1056593600,423,False
3,3.9783137457647433,0.05473881764153894,nan,nan,20,6394,10.945886768845792,10.5,10.5,528296800,528296800,210,1584890400,1584890400,633,False
4,3.8705147011349657,0.06795342159834104,nan,nan,20,6269,10.356994736002552,10.2,10.2,528296800,528296800,204,2113187200,2113187200,837,False
5,3.7844526316222953,0.06254911205406255,nan,nan,20,6363,10.681753889674681,10.4,10.4,528296800,528296800,208,2641484000,2641484000,1045,False
6,3.7412001444674643,0.06372475691847419,nan,nan,20,6685,11.063275991024682,11.0,11.0,528296800,528296800,220,3169780800,3169780800,1265,False
7,3.7006969527442104,0.06861964655309664,nan,nan,20,6281,10.618850501512501,10.25,10.25,528296800,528296800,205,3698077600,3698077600,1470,False
8,3.700994013757712,0.06608437705998682,nan,nan,20,6068,10.142386288727751,9.9,9.9,528296800,528296800,198,4226374400,4226374400,1668,False
9,3.7470826964876593,0.06308991554893194,nan,nan,20,6039,10.226030799801293,9.9,9.9,528296800,528296800,198,4754671200,4754671200,1866,False
10,3.727770616429038,0.06288127639605819,3.7206407997035345,0.06889741564157545,20,6393,10.508212106992023,10.4,10.4,528296800,528296800,208,5282968000,5282968000,2074,False
11,3.7042739592078657,0.057291666666666664,nan,nan,20,5760,9.927430555555556,9.55,9.55,528296800,528296800,191,5811264800,5811264800,2265,False
12,3.7283983539251064,0.05854727614276769,nan,nan,20,6388,10.84455228553538,10.55,10.55,528296800,528296800,211,6339561600,6339561600,2476,False
13,3.7110413706041054,0.055329153605015675,nan,nan,20,6380,10.603134796238244,10.4,10.4,528296800,528296800,208,6867858400,6867858400,2684,False
14,3.709643213190093,0.06043451652386781,nan,nan,20,6536,10.898714810281518,10.7,10.7,528296800,528296800,214,7396155200,7396155200,2898,False
15,3.685917283193991,0.0623000761614623,nan,nan,20,6565,11.08027418126428,10.8,10.8,528296800,528296800,216,7924452000,7924452000,3114,False
16,3.705252136838232,0.06421323640769347,nan,nan,20,6603,10.885506587914584,10.8,10.8,528296800,528296800,216,8452748800,8452748800,3330,False
17,3.6999851838826445,0.062999680204669,nan,nan,20,6254,10.594179724976014,10.3,10.3,528296800,528296800,206,8981045600,8981045600,3536,False
18,3.6882485230835904,0.06627326373127554,nan,nan,20,6609,10.952337721289153,10.75,10.75,528296800,528296800,215,9509342400,9509342400,3751,False
19,3.705136820847078,0.06134779240898528,nan,nan,20,6455,10.778621223857474,10.6,10.6,528296800,528296800,212,10037639200,10037639200,3963,False
20,3.7004905584341623,0.060682282659959126,3.7110641724018545,0.05907911070985216,20,6361,10.637635591888067,10.45,10.45,528296800,528296800,209,10565936000,10565936000,4172,False
21,3.7046402103454366,0.05658504301786896,nan,nan,20,6044,10.199702183984119,9.95,9.95,528296800,528296800,199,11094232800,11094232800,4371,False
22,3.6985701641417643,0.06610687022900763,nan,nan,20,6550,10.950076335877862,10.7,10.7,528296800,528296800,214,11622529600,11622529600,4585,False
23,3.7031543199368713,0.061888701517706576,nan,nan,20,5930,10.058684654300167,9.75,9.75,528296800,528296800,195,12150826400,12150826400,4780,False
24,3.7274681349932135,0.06129087485019689,nan,nan,20,5841,10.061119671289163,9.6,9.6,528296800,528296800,192,12679123200,12679123200,4972,False
25,3.708937745405764,0.061275272161741834,nan,nan,20,6430,10.84727838258165,10.55,10.55,528296800,528296800,211,13207420000,13207420000,5183,False
26,3.7068799690218257,0.05879678739202909,nan,nan,20,6599,10.968934687073794,10.8,10.8,528296800,528296800,216,13735716800,13735716800,5399,False
27,3.702266705634253,0.06450607665939545,nan,nan,20,6418,10.639451542536616,10.5,10.5,528296800,528296800,210,14264013600,14264013600,5609,False
28,3.702119475808295,0.06053550640279395,nan,nan,20,6013,10.316148345251952,9.95,9.95,528296800,528296800,199,14792310400,14792310400,5808,False
29,3.7057029837733526,0.06244011497923986,nan,nan,20,6262,10.33423826253593,10.2,10.2,528296800,528296800,204,15320607200,15320607200,6012,False
30,3.7054472680833674,0.06333225073075674,3.707958381529277,0.05907911070985216,20,6158,10.637869438129261,10.15,10.15,528296800,528296800,203,15848904000,15848904000,6215,False
31,3.697795653598663,0.06189029265952343,nan,nan,20,6253,10.541020310251081,10.3,10.3,528296800,528296800,206,16377200800,16377200800,6421,False
32,3.712622319692204,0.06140054127198918,nan,nan,20,5912,10.042286874154263,9.75,9.75,528296800,528296800,195,16905497600,16905497600,6616,False
33,3.7233583605351415,0.06053194741669214,nan,nan,20,6542,10.870376031794557,10.7,10.7,528296800,528296800,214,17433794400,17433794400,6830,False
34,3.703117400052177,0.0599721059972106,nan,nan,20,6453,11.3550286688362,10.65,10.65,528296800,528296800,213,17962091200,17962091200,7043,False
35,3.703396003051422,0.05861570579733419,nan,nan,20,6227,10.406937530110806,10.3,10.3,528296800,528296800,206,18490388000,18490388000,7249,False
36,3.690320795046138,0.06579576230683447,nan,nan,20,6277,10.605066114385853,10.3,10.3,528296800,528296800,206,19018684800,19018684800,7455,False
37,3.710164330668482,0.059131002940215616,nan,nan,20,6122,10.393988892518786,10.05,10.05,528296800,528296800,201,19546981600,19546981600,7656,False
38,3.6785353570951913,0.06436539041302382,nan,nan,20,6634,10.963973470003015,10.75,10.75,528296800,528296800,215,20075278400,20075278400,7871,False
39,3.690456144924989,0.06378286683630195,nan,nan,20,5895,10.133163698049195,9.75,9.75,528296800,528296800,195,20603575200,20603575200,8066,False
40,3.7158102805630433,0.06269020085209982,3.7078287370344034,0.062408306060264075,20,6572,11.020085209981742,10.8,10.8,528296800,528296800,216,21131872000,21131872000,8282,False
41,3.6912067592525193,0.06883204308313699,nan,nan,20,5942,10.13884214069337,9.8,9.8,528296800,528296800,196,21660168800,21660168800,8478,False
42,3.7305990637144464,0.060235219326128416,nan,nan,20,6292,10.578035600762872,10.35,10.35,528296800,528296800,207,22188465600,22188465600,8685,False
43,3.6938956084094454,0.060899984099220865,nan,nan,20,6289,10.49721736365082,10.35,10.35,528296800,528296800,207,22716762400,22716762400,8892,False
44,3.6754343144853365,0.06017699115044248,nan,nan,20,6215,10.517618664521322,10.2,10.2,528296800,528296800,204,23245059200,23245059200,9096,False
45,3.702355671130504,0.060486809502987904,nan,nan,20,6861,11.604576592333478,11.25,11.25,528296800,528296800,225,23773356000,23773356000,9321,False
46,3.689407364731452,0.06134094151212553,nan,nan,20,6309,10.649548264384215,10.3,10.3,528296800,528296800,206,24301652800,24301652800,9527,False
47,3.691592752783061,0.05838801951876157,nan,nan,20,5943,9.982500420662966,9.7,9.7,528296800,528296800,194,24829949600,24829949600,9721,False
48,3.72093264644612,0.06625747560591753,nan,nan,20,6354,10.574126534466478,10.35,10.35,528296800,528296800,207,25358246400,25358246400,9928,False
49,3.69340525357616,0.06287997220774709,nan,nan,20,5757,10.0823345492444,9.45,9.45,528296800,528296800,189,25886543200,25886543200,10117,False
50,3.708667831986802,0.05573821825583216,3.7019351811619408,0.05907911070985216,20,6387,10.555190230155,10.4,10.4,528296800,528296800,208,26414840000,26414840000,10325,False
51,3.704040766066047,0.06321656050955414,nan,nan,20,6280,10.37452229299363,10.25,10.25,528296800,528296800,205,26943136800,26943136800,10530,False
52,3.690142638114097,0.06498855835240275,nan,nan,20,6555,10.724485125858122,10.6,10.6,528296800,528296800,212,27471433600,27471433600,10742,False
53,3.6993850492480234,0.06105366814377154,nan,nan,20,6093,10.127851633021498,10.0,10.0,528296800,528296800,200,27999730400,27999730400,10942,False
54,3.6984024738919907,0.06669783387875955,nan,nan,20,6417,10.681471092410783,10.55,10.55,528296800,528296800,211,28528027200,28528027200,11153,False
55,3.68251118713152,0.08178438661710037,nan,nan,20,6725,11.325204460966546,11.05,11.05,528296800,528296800,221,29056324000,29056324000,11374,False
56,3.698122004384314,0.06479550922213312,nan,nan,20,6235,10.4691259021652,10.2,10.2,528296800,528296800,204,29584620800,29584620800,11578,False
57,3.7004551335514275,0.06520689099983899,nan,nan,20,6211,10.343261954596684,10.1,10.1,528296800,528296800,202,30112917600,30112917600,11780,False
58,3.671394456802123,0.0721285140562249,nan,nan,20,6225,10.344096385542167,10.15,10.15,528296800,528296800,203,30641214400,30641214400,11983,False
59,3.7074751951272598,0.06353909465020575,nan,nan,20,6075,10.262551440329217,9.95,9.95,528296800,528296800,199,31169511200,31169511200,12182,False
60,3.681158053895234,0.06722299490032453,3.6972690486918722,0.059361245909039614,20,6471,11.04157008190388,10.65,10.65,528296800,528296800,213,31697808000,31697808000,12395,False
61,3.6848971007156432,0.06579990486760742,nan,nan,20,6307,10.676866973204376,10.35,10.35,528296800,528296800,207,32226104800,32226104800,12602,False
62,3.6471061214323965,0.07370967741935484,nan,nan,20,6200,10.51951612903226,10.1,10.1,528296800,528296800,202,32754401600,32754401600,12804,False
63,3.6845498116039463,0.06266857052197367,nan,nan,20,6303,10.414564493098524,10.25,10.25,528296800,528296800,205,33282698400,33282698400,13009,False
64,3.6866753183377994,0.06865098415746519,nan,nan,20,6249,10.464714354296689,10.25,10.25,528296800,528296800,205,33810995200,33810995200,13214,False
65,3.6865237282203887,0.0653328611898017,nan,nan,20,5648,9.835871104815862,9.35,9.35,528296800,528296800,187,34339292000,34339292000,13401,False
66,3.655439280581014,0.07244295516195948,nan,nan,20,6267,10.483165789053775,10.25,10.25,528296800,528296800,205,34867588800,34867588800,13606,False
67,3.68043039890852,0.06257037156184656,nan,nan,20,6217,10.465497828534662,10.2,10.2,528296800,528296800,204,35395885600,35395885600,13810,False
68,3.680543915030375,0.0640547263681592,nan,nan,20,6432,10.601679104477613,10.5,10.5,528296800,528296800,210,35924182400,35924182400,14020,False
69,3.666812662966403,0.07434241612852417,nan,nan,20,6349,10.558198141439595,10.4,10.4,528296800,528296800,208,36452479200,36452479200,14228,False
70,3.6603569489874266,0.07103480863128052,3.6916284057467372,0.05907911070985216,20,6349,10.65900141754607,10.4,10.4,528296800,528296800,208,36980776000,36980776000,14436,False
71,3.68690012460948,0.06559506413378795,nan,nan,20,6159,10.333982789413865,10.15,10.15,528296800,528296800,203,37509072800,37509072800,14639,False
72,3.6734916787106893,0.07699457784663052,nan,nan,20,6455,10.762354763749034,10.55,10.55,528296800,528296800,211,38037369600,38037369600,14850,False
73,3.682327995504025,0.07282083268361142,nan,nan,20,6413,10.736940589427727,10.6,10.6,528296800,528296800,212,38565666400,38565666400,15062,False
74,3.6827336272355917,0.06510219530658592,nan,nan,20,6605,10.941559424678275,10.8,10.8,528296800,528296800,216,39093963200,39093963200,15278,False
75,3.6944404958286796,0.06676533464890642,nan,nan,20,6081,10.32412432165762,10.0,10.0,528296800,528296800,200,39622260000,39622260000,15478,False
76,3.689440445842513,0.06971887550200803,nan,nan,20,6225,10.491887550200802,10.2,10.2,528296800,528296800,204,40150556800,40150556800,15682,False
77,3.69245326458596,0.06762749445676275,nan,nan,20,6314,10.506968641114984,10.3,10.3,528296800,528296800,206,40678853600,40678853600,15888,False
78,3.667327625027365,0.07241163590866437,nan,nan,20,6394,10.833437597747889,10.5,10.5,528296800,528296800,210,41207150400,41207150400,16098,False
79,3.707981594090679,0.06469531122365627,nan,nan,20,6121,10.142950498284595,10.05,10.05,528296800,528296800,201,41735447200,41735447200,16299,False
80,3.680737567360666,0.07425982850671413,3.690080388568215,0.07290373547003724,20,6181,10.411422099983822,10.15,10.15,528296800,528296800,203,42263744000,42263744000,16502,False
81,3.6722903370974995,0.0716167270332565,nan,nan,20,6074,10.322192953572605,9.95,9.95,528296800,528296800,199,42792040800,42792040800,16701,False
82,3.6846400845692493,0.06720160481444333,nan,nan,20,5982,10.008859913072552,9.7,9.7,528296800,528296800,194,43320337600,43320337600,16895,False
83,3.680120833299972,0.07982295482295482,nan,nan,20,6552,10.75885225885226,10.6,10.6,528296800,528296800,212,43848634400,43848634400,17107,False
84,3.672689216429012,0.06505223171889839,nan,nan,20,6318,10.50997150997151,10.35,10.35,528296800,528296800,207,44376931200,44376931200,17314,False
85,3.669356641782491,0.07803688462124676,nan,nan,20,6561,10.856576741350406,10.75,10.75,528296800,528296800,215,44905228000,44905228000,17529,False
86,3.673603414367403,0.07230238393977416,nan,nan,20,6376,10.601631116687578,10.45,10.45,528296800,528296800,209,45433524800,45433524800,17738,False
87,3.634027735355344,0.08127384309172334,nan,nan,20,6029,10.235694144965997,9.8,9.8,528296800,528296800,196,45961821600,45961821600,17934,False
88,3.6733668633264003,0.06551147590819273,nan,nan,20,6579,10.769873841009272,10.65,10.65,528296800,528296800,213,46490118400,46490118400,18147,False
89,3.671349499930385,0.06459550907413103,nan,nan,20,6502,10.7247000922793,10.45,10.45,528296800,528296800,209,47018415200,47018415200,18356,False
90,3.6945482798850646,0.06775201447130406,3.676629737569441,0.0976752059586954,20,6081,10.265910212136161,10.05,10.05,528296800,528296800,201,47546712000,47546712000,18557,False
91,3.675135676717743,0.07540056550424128,nan,nan,20,6366,10.45554508325479,10.3,10.3,528296800,528296800,206,48075008800,48075008800,18763,False
92,3.6763152727266637,0.07562612538877067,nan,nan,20,6109,10.09150433786217,9.95,9.95,528296800,528296800,199,48603305600,48603305600,18962,False
93,3.658856950418579,0.07741199478487613,nan,nan,20,6136,10.445730117340286,10.1,10.1,528296800,528296800,202,49131602400,49131602400,19164,False
94,3.65807891102659,0.07997520148791072,nan,nan,20,6452,10.655920644761316,10.5,10.5,528296800,528296800,210,49659899200,49659899200,19374,False
95,3.6416411464747216,0.07316318638824439,nan,nan,20,6465,10.776798143851506,10.6,10.6,528296800,528296800,212,50188196000,50188196000,19586,False
96,3.6830553472552148,0.07059902200488997,nan,nan,20,6544,10.73945599022005,10.55,10.55,528296800,528296800,211,50716492800,50716492800,19797,False
97,3.677818072855083,0.07058823529411765,nan,nan,20,6120,10.256535947712417,10.05,10.05,528296800,528296800,201,51244789600,51244789600,19998,False
98,3.6507560765941514,0.0717931829408859,nan,nan,20,6073,10.249464844393216,9.9,9.9,528296800,528296800,198,51773086400,51773086400,20196,False
99,3.6557289478458808,0.06907726419921542,nan,nan,20,5863,10.099948831656148,9.7,9.7,528296800,528296800,194,52301383200,52301383200,20390,False
100,3.6559044787967068,0.08036605657237937,3.661838975908955,0.09507956212617086,20,6010,10.312811980033278,9.9,9.9,528296800,528296800,198,52829680000,52829680000,20588,False
101,3.6337815658927575,0.08197737486440415,nan,nan,20,6453,10.70308383697505,10.55,10.55,528296800,528296800,211,53357976800,53357976800,20799,False
102,3.6578336802886913,0.070873786407767,nan,nan,20,6180,10.60210355987055,10.05,10.05,528296800,528296800,201,53886273600,53886273600,21000,False
103,3.62393989635043,0.08861954981898315,nan,nan,20,6353,10.524948843066266,10.4,10.4,528296800,528296800,208,54414570400,54414570400,21208,False
104,3.6290038537949627,0.07578100835137642,nan,nan,20,6466,10.728425610887722,10.65,10.65,528296800,528296800,213,54942867200,54942867200,21421,False
105,3.631424387008458,0.08149779735682819,nan,nan,20,6356,10.94933920704846,10.4,10.4,528296800,528296800,208,55471164000,55471164000,21629,False
106,3.649643501275923,0.0839939024390244,nan,nan,20,6560,10.76387195121951,10.65,10.65,528296800,528296800,213,55999460800,55999460800,21842,False
107,3.61538795196485,0.08273963730569948,nan,nan,20,6176,10.384391191709845,10.05,10.05,528296800,528296800,201,56527757600,56527757600,22043,False
108,3.632231056584038,0.09473684210526316,nan,nan,20,6175,10.368421052631579,10.05,10.05,528296800,528296800,201,57056054400,57056054400,22244,False
109,3.622959168043437,0.08993082244427364,nan,nan,20,6505,10.891314373558801,10.7,10.7,528296800,528296800,214,57584351200,57584351200,22458,False
110,3.600877367989731,0.0792094146047073,3.6394648499473226,0.09412030244893353,20,6628,11.162643331321664,10.85,10.85,528296800,528296800,217,58112648000,58112648000,22675,False
111,3.6351732145700866,0.08424845573095402,nan,nan,20,5828,9.729409746053536,9.5,9.5,528296800,528296800,190,58640944800,58640944800,22865,False
112,3.6234303211780396,0.08709996700758825,nan,nan,20,6062,10.376773342131308,9.95,9.95,528296800,528296800,199,59169241600,59169241600,23064,False
113,3.635812531479435,0.09033511413307431,nan,nan,20,6177,10.243322000971347,10.05,10.05,528296800,528296800,201,59697538400,59697538400,23265,False
114,3.6278373955158725,0.08181966944853543,nan,nan,20,6111,10.235477008672882,10.1,10.1,528296800,528296800,202,60225835200,60225835200,23467,False
115,3.60443179209694,0.08784576697401508,nan,nan,20,5965,10.31617770326907,9.75,9.75,528296800,528296800,195,60754132000,60754132000,23662,False
116,3.6254315362278238,0.08403614457831325,nan,nan,20,6640,11.195481927710844,10.9,10.9,528296800,528296800,218,61282428800,61282428800,23880,False
117,3.6138995052442264,0.08259353202282815,nan,nan,20,6308,10.460843373493978,10.35,10.35,528296800,528296800,207,61810725600,61810725600,24087,False
118,3.595815135424302,0.08792710706150342,nan,nan,20,6585,10.953075170842826,10.85,10.85,528296800,528296800,217,62339022400,62339022400,24304,False
119,3.596173720302295,0.08491657029572112,nan,nan,20,6053,10.231951098628778,10.05,10.05,528296800,528296800,201,62867319200,62867319200,24505,False
120,3.606226715825506,0.09536354056902002,3.6145216948613936,0.07741789865703645,20,5694,9.93010186160871,9.4,9.4,528296800,528296800,188,63395616000,63395616000,24693,False
121,3.6041445274962567,0.09437416777629827,nan,nan,20,6008,10.14597203728362,9.8,9.8,528296800,528296800,196,63923912800,63923912800,24889,False
122,3.58307814150279,0.09876349976522147,nan,nan,20,6389,10.766317107528565,10.45,10.45,528296800,528296800,209,64452209600,64452209600,25098,False
123,3.586585004088135,0.09167061798640747,nan,nan,20,6327,10.504978662873398,10.4,10.4,528296800,528296800,208,64980506400,64980506400,25306,False
124,3.5853598640095896,0.09695121951219512,nan,nan,20,6560,11.30137195121951,10.85,10.85,528296800,528296800,217,65508803200,65508803200,25523,False
125,3.5980676725442913,0.09660402242004616,nan,nan,20,6066,10.32657434882954,10.0,10.0,528296800,528296800,200,66037100000,66037100000,25723,False
126,3.564827832823569,0.09532455742169768,nan,nan,20,6609,10.900741413224392,10.8,10.8,528296800,528296800,216,66565396800,66565396800,25939,False
127,3.590254337231292,0.09205776173285199,nan,nan,20,6094,10.481785362651788,9.95,9.95,528296800,528296800,199,67093693600,67093693600,26138,False
128,3.576619187876038,0.09855564995751911,nan,nan,20,5885,10.137638062871707,9.7,9.7,528296800,528296800,194,67621990400,67621990400,26332,False
129,3.5692673450354206,0.0996186844613918,nan,nan,20,6294,10.527009850651417,10.3,10.3,528296800,528296800,206,68150287200,68150287200,26538,False
130,3.564426975546723,0.10504003768252473,3.572785222009724,0.12160027084979122,20,6369,10.765269273041294,10.5,10.5,528296800,528296800,210,68678584000,68678584000,26748,False
131,3.555853940875268,0.1036043316631647,nan,nan,20,6187,10.363504121545176,10.15,10.15,528296800,528296800,203,69206880800,69206880800,26951,False
132,3.55886758339879,0.10122324159021406,nan,nan,20,6540,10.896024464831804,10.75,10.75,528296800,528296800,215,69735177600,69735177600,27166,False
133,3.538491660555204,0.11316666666666667,nan,nan,20,6000,10.026166666666668,9.8,9.8,528296800,528296800,196,70263474400,70263474400,27362,False
134,3.522329739906656,0.1084960774495076,nan,nan,20,5991,10.163745618427642,9.9,9.9,528296800,528296800,198,70791771200,70791771200,27560,False
135,3.5261641493927174,0.10894439967767929,nan,nan,20,6205,10.334085414987912,10.2,10.2,528296800,528296800,204,71320068000,71320068000,27764,False
136,3.507758018141439,0.12643335815338794,nan,nan,20,6715,11.276693968726729,10.95,10.95,528296800,528296800,219,71848364800,71848364800,27983,False
137,3.487238876168441,0.11533117183881426,nan,nan,20,6477,10.90952601513046,10.65,10.65,528296800,528296800,213,72376661600,72376661600,28196,False
138,3.524882901251297,0.112819682745225,nan,nan,20,6178,10.390741340239561,10.2,10.2,528296800,528296800,204,72904958400,72904958400,28400,False
139,3.489579126454201,0.12571428571428572,nan,nan,20,5950,10.202016806722689,9.8,9.8,528296800,528296800,196,73433255200,73433255200,28596,False
140,3.457064133211852,0.11774960380348654,3.4845137540433897,0.18429071210924275,20,6310,10.474643423137875,10.3,10.3,528296800,528296800,206,73961552000,73961552000,28802,False
141,3.455835707030127,0.12952410288002464,nan,nan,20,6493,10.82227013707069,10.65,10.65,528296800,528296800,213,74489848800,74489848800,29015,False
142,3.4680973185700865,0.14045214045214044,nan,nan,20,6237,10.838383838383837,10.25,10.25,528296800,528296800,205,75018145600,75018145600,29220,False
143,3.453469388967925,0.12813504823151126,nan,nan,20,6220,10.423472668810291,10.2,10.2,528296800,528296800,204,75546442400,75546442400,29424,False
144,3.4349283471298335,0.13091964558509014,nan,nan,20,6546,11.051176290864653,10.7,10.7,528296800,528296800,214,76074739200,76074739200,29638,False
145,3.4256889767065357,0.15635655138821236,nan,nan,20,6159,10.300535801266438,10.1,10.1,528296800,528296800,202,76603036000,76603036000,29840,False
146,3.416347938777006,0.14660468205213348,nan,nan,20,6023,10.228291549061929,9.85,9.85,528296800,528296800,197,77131332800,77131332800,30037,False
147,3.431941131852111,0.14700255102040816,nan,nan,20,6272,10.46061862244898,10.25,10.25,528296800,528296800,205,77659629600,77659629600,30242,False
148,3.3864804591751976,0.1415195702225633,nan,nan,20,6515,10.803990790483502,10.65,10.65,528296800,528296800,213,78187926400,78187926400,30455,False
149,3.3843405150308077,0.16442897397646278,nan,nan,20,6033,10.3092988562904,9.95,9.95,528296800,528296800,199,78716223200,78716223200,30654,False
150,3.370335847829379,0.15766262403528114,3.362520303807992,0.21961403904751156,20,6349,10.556150574893683,10.4,10.4,528296800,528296800,208,79244520000,79244520000,30862,False
151,3.309470093190859,0.17504908624074914,nan,nan,20,6621,10.981573780395712,10.85,10.85,528296800,528296800,217,79772816800,79772816800,31079,False
152,3.3841167436618798,0.1579194001874414,nan,nan,20,6402,10.920649796938456,10.5,10.5,528296800,528296800,210,80301113600,80301113600,31289,False
153,3.3196661918158883,0.1714021000617665,nan,nan,20,6476,10.960778258184064,10.65,10.65,528296800,528296800,213,80829410400,80829410400,31502,False
154,3.3475747551258834,0.18330103359173128,nan,nan,20,6192,10.17829457364341,10.0,10.0,528296800,528296800,200,81357707200,81357707200,31702,False
155,3.3419848981298212,0.15428321678321677,nan,nan,20,6864,11.474213286713285,11.25,11.25,528296800,528296800,225,81886004000,81886004000,31927,False
156,3.2630811880905926,0.19118855827716588,nan,nan,20,6083,10.652802893309222,10.1,10.1,528296800,528296800,202,82414300800,82414300800,32129,False
157,3.2216698732029254,0.1839394914708722,nan,nan,20,6214,10.653524299967817,10.3,10.3,528296800,528296800,206,82942597600,82942597600,32335,False
158,3.250891396066614,0.19204563460624308,nan,nan,20,6311,10.753604816986213,10.3,10.3,528296800,528296800,206,83470894400,83470894400,32541,False
159,3.251476781434134,0.18894745248362882,nan,nan,20,6261,10.495288292605014,10.3,10.3,528296800,528296800,206,83999191200,83999191200,32747,False
160,3.245684909842884,0.18901201810519744,3.2057923922459652,0.24060489786705788,20,6407,10.562821913532076,10.4,10.4,528296800,528296800,208,84527488000,84527488000,32955,False
161,3.186768827878512,0.20907692307692308,nan,nan,20,6500,10.75,10.6,10.6,528296800,528296800,212,85055784800,85055784800,33167,False
162,3.180314773675591,0.20736070880899643,nan,nan,20,5869,10.047026750724143,9.55,9.55,528296800,528296800,191,85584081600,85584081600,33358,False
163,3.1274773189412173,0.2170172084130019,nan,nan,20,6276,10.447100063734863,10.3,10.3,528296800,528296800,206,86112378400,86112378400,33564,False
164,3.110366065098183,0.2254239831907549,nan,nan,20,6663,10.968182500375205,10.85,10.85,528296800,528296800,217,86640675200,86640675200,33781,False
165,3.1919916331797222,0.19095805451281214,nan,nan,20,6127,10.344540558185082,10.15,10.15,528296800,528296800,203,87168972000,87168972000,33984,False
166,3.103808746223588,0.22173158807759027,nan,nan,20,6341,10.536823844819429,10.35,10.35,528296800,528296800,207,87697268800,87697268800,34191,False
167,3.072957102162638,0.22766936379501826,nan,nan,20,6303,10.588608599079803,10.35,10.35,528296800,528296800,207,88225565600,88225565600,34398,False
168,3.013729358494321,0.247537754432042,nan,nan,20,6092,10.528397898883782,9.95,9.95,528296800,528296800,199,88753862400,88753862400,34597,False
169,3.0259929152300757,0.23957826439578264,nan,nan,20,6165,10.28256285482563,10.05,10.05,528296800,528296800,201,89282159200,89282159200,34798,False
170,3.0473750932280317,0.24678536102868448,3.0197530693077446,0.2389120866719332,20,6066,10.276953511374877,10.05,10.05,528296800,528296800,201,89810456000,89810456000,34999,False
171,2.9798917144041446,0.25067300079176563,nan,nan,20,6315,10.614568487727633,10.4,10.4,528296800,528296800,208,90338752800,90338752800,35207,False
172,2.992033479924396,0.2584620184058649,nan,nan,20,6411,10.789736390578692,10.55,10.55,528296800,528296800,211,90867049600,90867049600,35418,False
173,2.971413487191323,0.25362431800467655,nan,nan,20,6415,10.707872174590802,10.55,10.55,528296800,528296800,211,91395346400,91395346400,35629,False
174,2.9082040071298354,0.26518636003172086,nan,nan,20,6305,10.288977002379063,10.15,10.15,528296800,528296800,203,91923643200,91923643200,35832,False
175,2.9287412656841667,0.26618062788275554,nan,nan,20,6721,11.314387739919653,11.0,11.0,528296800,528296800,220,92451940000,92451940000,36052,False
176,2.9349915258617165,0.2678628135916164,nan,nan,20,6298,10.412194347411878,10.3,10.3,528296800,528296800,206,92980236800,92980236800,36258,False
177,2.833354148040352,0.30402750491159136,nan,nan,20,6108,10.420759659463,10.0,10.0,528296800,528296800,200,93508533600,93508533600,36458,False
178,2.8428947460069978,0.28355043926083007,nan,nan,20,6602,10.839442593153588,10.75,10.75,528296800,528296800,215,94036830400,94036830400,36673,False
179,2.7858981467522534,0.30674448767833984,nan,nan,20,6168,10.432068741893644,10.15,10.15,528296800,528296800,203,94565127200,94565127200,36876,False
180,2.783957020116288,0.30377083670496846,2.779796278459226,0.32586615506150546,20,6179,10.28839618061175,10.0,10.0,528296800,528296800,200,95093424000,95093424000,37076,False
181,2.792283337193995,0.3027123022279625,nan,nan,20,6194,10.458508233774621,10.25,10.25,528296800,528296800,205,95621720800,95621720800,37281,False
182,2.7019914535958818,0.3356276630612914,nan,nan,20,6102,10.49688626679777,10.0,10.0,528296800,528296800,200,96150017600,96150017600,37481,False
183,2.698704550902617,0.32460988296488946,nan,nan,20,6152,10.482607282184654,10.1,10.1,528296800,528296800,202,96678314400,96678314400,37683,False
184,2.694028946371504,0.316575650497912,nan,nan,20,6226,10.371345968519114,10.2,10.2,528296800,528296800,204,97206611200,97206611200,37887,False
185,2.642993590613187,0.3347910592808552,nan,nan,20,6174,10.310819565921603,10.1,10.1,528296800,528296800,202,97734908000,97734908000,38089,False
186,2.632172902374365,0.34350047908016607,nan,nan,20,6262,10.378313637815394,10.2,10.2,528296800,528296800,204,98263204800,98263204800,38293,False
187,2.678776564984624,0.31984994291306473,nan,nan,20,6131,10.452128527157072,10.05,10.05,528296800,528296800,201,98791501600,98791501600,38494,False
188,2.600164411571631,0.3489998373719304,nan,nan,20,6149,10.40169133192389,10.15,10.15,528296800,528296800,203,99319798400,99319798400,38697,False
189,2.5409447991305014,0.3697825741945723,nan,nan,20,6301,10.466116489446119,10.25,10.25,528296800,528296800,205,99848095200,99848095200,38902,False
190,2.606638444010108,0.33624595469255664,2.587273823651244,0.37535266899898434,20,6180,10.479611650485436,10.15,10.15,528296800,528296800,203,100376392000,100376392000,39105,False
191,2.5729909583015464,0.35419375812743825,nan,nan,20,6152,10.313881664499348,10.0,10.0,528296800,528296800,200,100904688800,100904688800,39305,False
192,2.576074490682628,0.35185185185185186,nan,nan,20,6372,10.712649089767734,10.5,10.5,528296800,528296800,210,101432985600,101432985600,39515,False
193,2.577685109865358,0.3538681948424069,nan,nan,20,6282,10.49777141037886,10.35,10.35,528296800,528296800,207,101961282400,101961282400,39722,False
194,2.4498766858411796,0.3737728937728938,nan,nan,20,6825,11.264908424908427,11.15,11.15,528296800,528296800,223,102489579200,102489579200,39945,False
195,2.4292375036952314,0.3766042189113439,nan,nan,20,6779,11.22746717804986,11.05,11.05,528296800,528296800,221,103017876000,103017876000,40166,False
196,2.5755252003127524,0.350227420402859,nan,nan,20,6156,10.245776478232619,10.05,10.05,528296800,528296800,201,103546172800,103546172800,40367,False
197,2.3624513640464695,0.411442483262325,nan,nan,20,6572,10.75943396226415,10.65,10.65,528296800,528296800,213,104074469600,104074469600,40580,False
198,2.442302505311623,0.3834967320261438,nan,nan,20,6120,10.60735294117647,10.05,10.05,528296800,528296800,201,104602766400,104602766400,40781,False
199,2.4146623970419148,0.3766373863461242,nan,nan,20,6489,10.916319926028665,10.7,10.7,528296800,528296800,214,105131063200,105131063200,40995,False
200,2.358272525334227,0.4007103648692283,2.410398304240454,0.38251890305834557,20,6194,10.415724895059734,10.15,10.15,528296800,528296800,203,105659360000,105659360000,41198,False
201,2.270284359729292,0.4173192077383694,nan,nan,20,6513,10.927529556272072,10.75,10.75,528296800,528296800,215,106187656800,106187656800,41413,False
202,2.3508483562420217,0.4012210394489668,nan,nan,20,6388,10.543675641828427,10.4,10.4,528296800,528296800,208,106715953600,106715953600,41621,False
203,2.3251780713531454,0.4115678776290631,nan,nan,20,6276,10.478648820905034,10.35,10.35,528296800,528296800,207,107244250400,107244250400,41828,False
204,2.2077016389386843,0.4415604845052698,nan,nan,20,6357,10.792040270567876,10.4,10.4,528296800,528296800,208,107772547200,107772547200,42036,False
205,2.2072175063199673,0.43415826458906204,nan,nan,20,6546,10.813321112129545,10.65,10.65,528296800,528296800,213,108300844000,108300844000,42249,False
206,2.1640894990877664,0.4559380662164388,nan,nan,20,6071,10.547191566463516,10.0,10.0,528296800,528296800,200,108829140800,108829140800,42449,False
207,2.191415060773466,0.4362659927341652,nan,nan,20,6331,10.566419207076294,10.35,10.35,528296800,528296800,207,109357437600,109357437600,42656,False
208,2.2768118136047693,0.4091751621872104,nan,nan,20,6474,10.813716404077848,10.65,10.65,528296800,528296800,213,109885734400,109885734400,42869,False
209,2.2236567441412083,0.43020238713025427,nan,nan,20,5781,10.02456322435565,9.6,9.6,528296800,528296800,192,110414031200,110414031200,43061,False
210,2.1548169406101447,0.4555040741332481,2.2485299611680865,0.4446450739194222,20,6259,10.441604090110241,10.25,10.25,528296800,528296800,205,110942328000,110942328000,43266,False
211,2.2045173906473177,0.42710309930423784,nan,nan,20,6324,10.689437065148638,10.45,10.45,528296800,528296800,209,111470624800,111470624800,43475,False
212,2.22714162173453,0.4174354243542435,nan,nan,20,6504,10.725092250922511,10.55,10.55,528296800,528296800,211,111998921600,111998921600,43686,False
213,2.18489863036885,0.4456487089576028,nan,nan,20,6274,10.3600573796621,10.2,10.2,528296800,528296800,204,112527218400,112527218400,43890,False
214,2.0885067208846166,0.4727486411047451,nan,nan,20,6807,11.059791391214922,11.0,11.0,528296800,528296800,220,113055515200,113055515200,44110,False
215,2.100458864581091,0.45609152752009896,nan,nan,20,6468,10.869356833642545,10.65,10.65,528296800,528296800,213,113583812000,113583812000,44323,False
216,2.05617558883219,0.4741868099074903,nan,nan,20,6702,11.03163234855267,10.9,10.9,528296800,528296800,218,114112108800,114112108800,44541,False
217,2.1291618395174168,0.44420534890869967,nan,nan,20,6506,10.99016292652936,10.85,10.85,528296800,528296800,217,114640405600,114640405600,44758,False
218,2.12620498431801,0.4521899030424607,nan,nan,20,5982,10.082246740220661,9.8,9.8,528296800,528296800,196,115168702400,115168702400,44954,False
219,2.1738902852629614,0.44306580807287577,nan,nan,20,6367,10.666719019946601,10.45,10.45,528296800,528296800,209,115696999200,115696999200,45163,False
220,2.128815681502179,0.4516181758744688,2.1308588292552715,0.46732874393409324,20,6118,10.425302386400784,10.15,10.15,528296800,528296800,203,116225296000,116225296000,45366,False
221,2.059466945858198,0.4612825166364186,nan,nan,20,6612,11.045523290986086,10.85,10.85,528296800,528296800,217,116753592800,116753592800,45583,False
222,2.0150156811689834,0.4804247899825646,nan,nan,20,6309,10.555714059280392,10.3,10.3,528296800,528296800,206,117281889600,117281889600,45789,False
223,2.014185797977229,0.4815299117358614,nan,nan,20,6118,10.336874795684865,10.0,10.0,528296800,528296800,200,117810186400,117810186400,45989,False
224,1.9303882807972226,0.5061456035297826,nan,nan,20,6346,10.66341002206114,10.4,10.4,528296800,528296800,208,118338483200,118338483200,46197,False
225,2.000601720942348,0.48497223129696176,nan,nan,20,6122,10.442502450179681,10.05,10.05,528296800,528296800,201,118866780000,118866780000,46398,False
226,2.022541013849733,0.4785602503912363,nan,nan,20,6390,10.950704225352116,10.55,10.55,528296800,528296800,211,119395076800,119395076800,46609,False
227,2.0948514219278858,0.4581557866030339,nan,nan,20,5867,9.785409919890915,9.6,9.6,528296800,528296800,192,119923373600,119923373600,46801,False
228,2.0092362317917405,0.4831874712114233,nan,nan,20,6513,10.76892369107938,10.65,10.65,528296800,528296800,213,120451670400,120451670400,47014,False
229,1.981955400933133,0.48807656102918107,nan,nan,20,6374,10.54063382491371,10.4,10.4,528296800,528296800,208,120979967200,120979967200,47222,False
230,1.9374951352741483,0.4966917987382674,2.0057222043777774,0.4961065342512132,20,6499,10.872441914140635,10.6,10.6,528296800,528296800,212,121508264000,121508264000,47434,False
231,1.9710161442215748,0.4909580032879988,nan,nan,20,6691,11.262591540875803,10.95,10.95,528296800,528296800,219,122036560800,122036560800,47653,False
232,1.947454681100961,0.49440820130475305,nan,nan,20,6438,10.678626902764831,10.45,10.45,528296800,528296800,209,122564857600,122564857600,47862,False
233,1.9113356706994797,0.5054493760859264,nan,nan,20,6331,10.43800347496446,10.3,10.3,528296800,528296800,206,123093154400,123093154400,48068,False
234,1.96586845120498,0.4757431079624211,nan,nan,20,6493,10.669644232250116,10.6,10.6,528296800,528296800,212,123621451200,123621451200,48280,False
235,1.8560979866022909,0.5362953692115144,nan,nan,20,6392,10.603097622027535,10.5,10.5,528296800,528296800,210,124149748000,124149748000,48490,False
236,1.863265611372691,0.5194401244167963,nan,nan,20,6430,10.755676516329702,10.5,10.5,528296800,528296800,210,124678044800,124678044800,48700,False
237,2.0090348872275072,0.47770168698847504,nan,nan,20,5987,10.090696509103056,9.75,9.75,528296800,528296800,195,125206341600,125206341600,48895,False
238,1.8695114573047777,0.5150507234325628,nan,nan,20,6013,10.278563113254615,9.85,9.85,528296800,528296800,197,125734638400,125734638400,49092,False
239,1.871950685358813,0.5158954988983318,nan,nan,20,6354,10.387157695939564,10.3,10.3,528296800,528296800,206,126262935200,126262935200,49298,False
240,1.8735048031226655,0.5101547388781431,1.9364649310982156,0.5069969529398488,20,6204,10.503384912959378,10.2,10.2,528296800,528296800,204,126791232000,126791232000,49502,False
241,1.795753832568948,0.5348295926849543,nan,nan,20,6015,10.506566916043225,10.0,10.0,528296800,528296800,200,127319528800,127319528800,49702,False
242,1.9121550194507255,0.503185810229034,nan,nan,20,5807,9.804718443258139,9.5,9.5,528296800,528296800,190,127847825600,127847825600,49892,False
243,1.8209302353694412,0.5297403877752218,nan,nan,20,6086,10.373315806769636,10.0,10.0,528296800,528296800,200,128376122400,128376122400,50092,False
244,1.798442239971242,0.5355025087425878,nan,nan,20,6577,10.743956211038467,10.65,10.65,528296800,528296800,213,128904419200,128904419200,50305,False
245,1.8249511935940035,0.5345443254153082,nan,nan,20,6441,10.712156497438288,10.55,10.55,528296800,528296800,211,129432716000,129432716000,50516,False
246,1.7729886200645162,0.5323718451167895,nan,nan,20,6379,10.72095939802477,10.45,10.45,528296800,528296800,209,129961012800,129961012800,50725,False
247,1.7036617689565892,0.5547082228116711,nan,nan,20,6032,10.348972148541113,9.95,9.95,528296800,528296800,199,130489309600,130489309600,50924,False
248,1.7543928956614154,0.5491563919532771,nan,nan,20,6164,10.372809863724854,10.2,10.2,528296800,528296800,204,131017606400,131017606400,51128,False
249,1.7907642262942343,0.5422663358147229,nan,nan,20,6045,10.228618693134822,9.9,9.9,528296800,528296800,198,131545903200,131545903200,51326,False
250,1.8232165811361336,0.5216075332100218,1.8575318877388374,0.5138246247601851,20,5947,10.089456869009584,9.65,9.65,528296800,528296800,193,132074200000,132074200000,51519,False
251,1.7751607504334255,0.5277417261518494,nan,nan,20,6164,10.378001297858535,10.05,10.05,528296800,528296800,201,132602496800,132602496800,51720,False
252,1.6324837624073252,0.5828544805093959,nan,nan,20,6439,10.757105140549776,10.55,10.55,528296800,528296800,211,133130793600,133130793600,51931,False
253,1.736381305408256,0.5498173364330787,nan,nan,20,6022,10.20308867485885,9.85,9.85,528296800,528296800,197,133659090400,133659090400,52128,False
254,1.7816260265733301,0.5197850512945774,nan,nan,20,6141,10.32795961569777,10.0,10.0,528296800,528296800,200,134187387200,134187387200,52328,False
255,1.6870462018492418,0.565425023877746,nan,nan,20,6282,10.667144221585483,10.3,10.3,528296800,528296800,206,134715684000,134715684000,52534,False
256,1.7635529908026029,0.53861353532027,nan,nan,20,6073,10.204017783632473,9.95,9.95,528296800,528296800,199,135243980800,135243980800,52733,False
257,1.6910904615523805,0.5587250996015937,nan,nan,20,6275,10.454661354581674,10.25,10.25,528296800,528296800,205,135772277600,135772277600,52938,False
258,1.7501191253063417,0.5493024730500952,nan,nan,20,6308,10.711794546607482,10.45,10.45,528296800,528296800,209,136300574400,136300574400,53147,False
259,1.723297764560429,0.5498320268756999,nan,nan,20,6251,10.407774756039034,10.2,10.2,528296800,528296800,204,136828871200,136828871200,53351,False
260,1.5974430619923763,0.5902273078707283,1.7625127936738727,0.5355490350976188,20,6467,10.70248956239369,10.5,10.5,528296800,528296800,210,137357168000,137357168000,53561,False
261,1.5419166904908639,0.602762598664238,nan,nan,20,6588,11.023527625986645,10.8,10.8,528296800,528296800,216,137885464800,137885464800,53777,False
262,1.6965857135210942,0.5585196607555898,nan,nan,20,6485,10.729529683885891,10.6,10.6,528296800,528296800,212,138413761600,138413761600,53989,False
263,1.662360664021764,0.5567249651756694,nan,nan,20,6461,10.691224268689055,10.55,10.55,528296800,528296800,211,138942058400,138942058400,54200,False
264,1.698503344630937,0.5420402639147353,nan,nan,20,5911,10.047369311453222,9.65,9.65,528296800,528296800,193,139470355200,139470355200,54393,False
265,1.5793549032001706,0.586517959652288,nan,nan,20,6097,10.295883221256359,9.95,9.95,528296800,528296800,199,139998652000,139998652000,54592,False
266,1.6907374048299642,0.5592617676938706,nan,nan,20,5906,10.178631899762955,9.7,9.7,528296800,528296800,194,140526948800,140526948800,54786,False
267,1.553091071978235,0.5973058637083993,nan,nan,20,6310,10.624722662440572,10.35,10.35,528296800,528296800,207,141055245600,141055245600,54993,False
268,1.6386930578268228,0.568450892112723,nan,nan,20,5997,10.067367016841756,9.8,9.8,528296800,528296800,196,141583542400,141583542400,55189,False
269,1.6685600308815678,0.5532022188603126,nan,nan,20,5949,10.181543116490166,9.8,9.8,528296800,528296800,196,142111839200,142111839200,55385,False
270,1.7167534365716308,0.5553404323975476,1.717467431841283,0.5625775871797766,20,6198,10.286544046466602,10.1,10.1,528296800,528296800,202,142640136000,142640136000,55587,False
271,1.6296415783627687,0.5773266815757784,nan,nan,20,5813,9.992430758644415,9.45,9.45,528296800,528296800,189,143168432800,143168432800,55776,False
272,1.533832546859808,0.5938899552143314,nan,nan,20,6252,10.536628278950737,10.25,10.25,528296800,528296800,205,143696729600,143696729600,55981,False
273,1.5803136782054483,0.5858052492623078,nan,nan,20,6439,10.539369467308589,10.4,10.4,528296800,528296800,208,144225026400,144225026400,56189,False
274,1.580283966585143,0.5747145187601957,nan,nan,20,6130,10.262642740619903,10.05,10.05,528296800,528296800,201,144753323200,144753323200,56390,False
275,1.5672895556419226,0.5844430009743423,nan,nan,20,6158,10.211432283208834,10.05,10.05,528296800,528296800,201,145281620000,145281620000,56591,False
276,1.6402452688173288,0.5665461715412422,nan,nan,20,6086,10.283108774235952,9.9,9.9,528296800,528296800,198,145809916800,145809916800,56789,False
277,1.5165985894292078,0.603592046183451,nan,nan,20,6236,10.399935856318153,10.25,10.25,528296800,528296800,205,146338213600,146338213600,56994,False
278,1.6405981898363926,0.5651286880100439,nan,nan,20,6372,10.666509730069052,10.5,10.5,528296800,528296800,210,146866510400,146866510400,57204,False
279,1.639399189073863,0.5686922060766182,nan,nan,20,6056,10.077113606340818,9.9,9.9,528296800,528296800,198,147394807200,147394807200,57402,False
280,1.4760476430498453,0.6085604265402843,1.6367901680687724,0.5707030809163751,20,6752,11.131368483412324,11.0,11.0,528296800,528296800,220,147923104000,147923104000,57622,False
281,1.4125537109496156,0.6301201108715737,nan,nan,20,6494,11.055435786880198,10.6,10.6,528296800,528296800,212,148451400800,148451400800,57834,False
282,1.6187869337919127,0.5707833941288866,nan,nan,20,5757,9.686121243703317,9.5,9.5,528296800,528296800,190,148979697600,148979697600,58024,False
283,1.541034446026932,0.5807544264819091,nan,nan,20,6495,10.973210161662816,10.65,10.65,528296800,528296800,213,149507994400,149507994400,58237,False
284,1.477308599486348,0.6110402042118698,nan,nan,20,6268,10.516751754945755,10.25,10.25,528296800,528296800,205,150036291200,150036291200,58442,False
285,1.4206821594905776,0.6181818181818182,nan,nan,20,6215,10.367658889782783,10.15,10.15,528296800,528296800,203,150564588000,150564588000,58645,False
286,1.415704997542751,0.6273592514921762,nan,nan,20,6199,10.229553153734471,10.1,10.1,528296800,528296800,202,151092884800,151092884800,58847,False
287,1.5124011678888265,0.5975266123982467,nan,nan,20,6388,10.659517845961176,10.45,10.45,528296800,528296800,209,151621181600,151621181600,59056,False
288,1.5117841001212606,0.6027533587659645,nan,nan,20,6029,10.100514181456294,9.9,9.9,528296800,528296800,198,152149478400,152149478400,59254,False
289,1.485287975786031,0.5979264539121982,nan,nan,20,6173,10.298396241697715,10.05,10.05,528296800,528296800,201,152677775200,152677775200,59455,False
290,1.6679518190297213,0.553628023352794,1.6089503888741612,0.5712109242749125,20,5995,10.189824854045037,9.9,9.9,528296800,528296800,198,153206072000,153206072000,59653,False
291,1.427860550499767,0.6252148101859084,nan,nan,20,6401,10.50945164817997,10.4,10.4,528296800,528296800,208,153734368800,153734368800,59861,False
292,1.5072733468839854,0.6070784859904965,nan,nan,20,6103,10.302474193019826,10.05,10.05,528296800,528296800,201,154262665600,154262665600,60062,False
293,1.3896197670365094,0.6423001949317739,nan,nan,20,6156,10.423489278752434,10.05,10.05,528296800,528296800,201,154790962400,154790962400,60263,False
294,1.3180891776441932,0.6464226289517471,nan,nan,20,6010,10.436605657237939,9.95,9.95,528296800,528296800,199,155319259200,155319259200,60462,False
295,1.446152312704538,0.6177581863979849,nan,nan,20,6352,10.504093198992443,10.35,10.35,528296800,528296800,207,155847556000,155847556000,60669,False
296,1.2629113323584864,0.6623558741040823,nan,nan,20,6418,10.823932689311311,10.55,10.55,528296800,528296800,211,156375852800,156375852800,60880,False
297,1.4363425578314328,0.6225847323408299,nan,nan,20,6314,10.774469433006018,10.35,10.35,528296800,528296800,207,156904149600,156904149600,61087,False
298,1.4148175930838696,0.6318438310202836,nan,nan,20,6557,10.966295561994814,10.75,10.75,528296800,528296800,215,157432446400,157432446400,61302,False
299,1.3343570696945035,0.64805568164624,nan,nan,20,6609,10.810410046905735,10.7,10.7,528296800,528296800,214,157960743200,157960743200,61516,False
300,1.4078667150202249,0.6256426735218509,1.5221229599797823,0.5960388218034082,20,6224,10.399100257069408,10.1,10.1,528296800,528296800,202,158489040000,158489040000,61718,False
301,1.4708207448246429,0.6106538282341979,nan,nan,20,6439,10.971734741419473,10.6,10.6,528296800,528296800,212,159017336800,159017336800,61930,False
302,1.3530213062779084,0.6338292873923258,nan,nan,20,6385,10.632419733750975,10.45,10.45,528296800,528296800,209,159545633600,159545633600,62139,False
303,1.3391664892299404,0.6388467374810318,nan,nan,20,6590,11.12321699544765,10.75,10.75,528296800,528296800,215,160073930400,160073930400,62354,False
304,1.423781106746816,0.612987012987013,nan,nan,20,6160,10.492045454545455,10.15,10.15,528296800,528296800,203,160602227200,160602227200,62557,False
305,1.3949297184965168,0.6189201951833779,nan,nan,20,6353,10.625216433181173,10.45,10.45,528296800,528296800,209,161130524000,161130524000,62766,False
306,1.353892078308466,0.6399557452189031,nan,nan,20,6327,10.538485854275327,10.35,10.35,528296800,528296800,207,161658820800,161658820800,62973,False
307,1.385905371050379,0.6337533896953262,nan,nan,20,6269,10.703461477109585,10.35,10.35,528296800,528296800,207,162187117600,162187117600,63180,False
308,1.362073771650805,0.6322590938098277,nan,nan,20,6268,10.653956604977664,10.3,10.3,528296800,528296800,206,162715414400,162715414400,63386,False
309,1.4912701102996198,0.6007159127888058,nan,nan,20,6146,10.380247315327042,10.1,10.1,528296800,528296800,202,163243711200,163243711200,63588,False
310,1.3897273793630303,0.62515625,1.5051992383636614,0.6038821803408193,20,6400,10.66046875,10.5,10.5,528296800,528296800,210,163772008000,163772008000,63798,False
311,1.2677242012622727,0.6640986132511556,nan,nan,20,6490,10.920801232665639,10.7,10.7,528296800,528296800,214,164300304800,164300304800,64012,False
312,1.4375473944308221,0.6166567342073898,nan,nan,20,6712,11.126936829559,10.95,10.95,528296800,528296800,219,164828601600,164828601600,64231,False
313,1.237662242348626,0.6671772093735641,nan,nan,20,6529,10.881911471894625,10.7,10.7,528296800,528296800,214,165356898400,165356898400,64445,False
314,1.3398912337696485,0.6472230384954452,nan,nan,20,6806,11.153834851601527,11.05,11.05,528296800,528296800,221,165885195200,165885195200,64666,False
315,1.3566431059335105,0.6395236562600579,nan,nan,20,6214,10.668007724493078,10.15,10.15,528296800,528296800,203,166413492000,166413492000,64869,False
316,1.2956400527226986,0.6499302649930265,nan,nan,20,6453,10.834495583449558,10.6,10.6,528296800,528296800,212,166941788800,166941788800,65081,False
317,1.2694849993053237,0.6656346749226006,nan,nan,20,6460,10.912229102167183,10.6,10.6,528296800,528296800,212,167470085600,167470085600,65293,False
318,1.340456804584346,0.639955919395466,nan,nan,20,6352,10.618073047858942,10.4,10.4,528296800,528296800,208,167998382400,167998382400,65501,False
319,1.4131573157381632,0.6246925725528775,nan,nan,20,6099,10.124446630595179,9.95,9.95,528296800,528296800,199,168526679200,168526679200,65700,False
320,1.2918401049623625,0.650198281559815,1.4706887111291431,0.6012865365082948,20,6052,10.124421678783873,9.95,9.95,528296800,528296800,199,169054976000,169054976000,65899,False
321,1.4530337882350854,0.6109562079711334,nan,nan,20,6097,10.400852878464818,10.0,10.0,528296800,528296800,200,169583272800,169583272800,66099,False
322,1.2866348386715667,0.6532258064516129,nan,nan,20,6324,10.68358633776091,10.4,10.4,528296800,528296800,208,170111569600,170111569600,66307,False
323,1.2971786980827649,0.657147315855181,nan,nan,20,6408,10.869382022471909,10.65,10.65,528296800,528296800,213,170639866400,170639866400,66520,False
324,1.256813492418991,0.6617547425474255,nan,nan,20,5904,10.289803523035232,9.65,9.65,528296800,528296800,193,171168163200,171168163200,66713,False
325,1.4370717319060042,0.616607501157586,nan,nan,20,6479,10.792560580336472,10.6,10.6,528296800,528296800,212,171696460000,171696460000,66925,False
326,1.358112051611569,0.6440284909723373,nan,nan,20,6037,10.270498592015901,9.8,9.8,528296800,528296800,196,172224756800,172224756800,67121,False
327,1.2660969798450308,0.6594379963347587,nan,nan,20,6548,10.88485033598045,10.7,10.7,528296800,528296800,214,172753053600,172753053600,67335,False
328,1.261920868216444,0.6637071933321254,nan,nan,20,5519,9.500996557347344,9.15,9.15,528296800,528296800,183,173281350400,173281350400,67518,False
329,1.2787192385485855,0.654164637116415,nan,nan,20,6159,10.424744276668289,10.05,10.05,528296800,528296800,201,173809647200,173809647200,67719,False
330,1.3041000596505874,0.6480956877557444,1.3980448566189658,0.617763232140842,20,6354,10.545011016682405,10.4,10.4,528296800,528296800,208,174337944000,174337944000,67927,False
331,1.2485583309674684,0.6692759295499021,nan,nan,20,6132,10.63176777560339,10.05,10.05,528296800,528296800,201,174866240800,174866240800,68128,False
332,1.2323211720776517,0.6768788894207755,nan,nan,20,6267,10.556087442157331,10.3,10.3,528296800,528296800,206,175394537600,175394537600,68334,False
333,1.3068345086816682,0.6575273338940286,nan,nan,20,5945,10.184861227922623,9.85,9.85,528296800,528296800,197,175922834400,175922834400,68531,False
334,1.2567512575052247,0.6661576053756872,nan,nan,20,6548,10.791692119731216,10.65,10.65,528296800,528296800,213,176451131200,176451131200,68744,False
335,1.3054244616678792,0.650738212414669,nan,nan,20,6299,10.452770280996983,10.3,10.3,528296800,528296800,206,176979428000,176979428000,68950,False
336,1.242810496008626,0.6643345771144279,nan,nan,20,6432,10.683924129353237,10.55,10.55,528296800,528296800,211,177507724800,177507724800,69161,False
337,1.3445475817247894,0.6449430786998845,nan,nan,20,6061,10.2880712753671,10.0,10.0,528296800,528296800,200,178036021600,178036021600,69361,False
338,1.3266066192450312,0.6349517737453,nan,nan,20,6117,10.262220042504495,9.9,9.9,528296800,528296800,198,178564318400,178564318400,69559,False
339,1.168170082189466,0.6829989111836988,nan,nan,20,6429,10.767304401928762,10.6,10.6,528296800,528296800,212,179092615200,179092615200,69771,False
340,1.2844763804337143,0.6525478740668614,1.366593450876246,0.6323778354587518,20,6162,10.704479065238559,10.25,10.25,528296800,528296800,205,179620912000,179620912000,69976,False
341,1.259623528732701,0.6610934626316669,nan,nan,20,5981,10.272195285069385,9.75,9.75,528296800,528296800,195,180149208800,180149208800,70171,False
342,1.1363775127075384,0.702832378888717,nan,nan,20,6461,10.621730382293762,10.4,10.4,528296800,528296800,208,180677505600,180677505600,70379,False
343,1.2761534208766485,0.6598305084745762,nan,nan,20,5900,10.143728813559322,9.7,9.7,528296800,528296800,194,181205802400,181205802400,70573,False
344,1.204461755019783,0.6779448621553885,nan,nan,20,6384,10.596961152882205,10.45,10.45,528296800,528296800,209,181734099200,181734099200,70782,False
345,1.3460232876893072,0.6372326636422554,nan,nan,20,6172,10.465003240440701,10.05,10.05,528296800,528296800,201,182262396000,182262396000,70983,False
346,1.1476995335562437,0.6906752411575563,nan,nan,20,6220,10.737299035369773,10.25,10.25,528296800,528296800,205,182790692800,182790692800,71188,False
347,1.1029183988313935,0.6998389694041868,nan,nan,20,6210,10.545571658615138,10.3,10.3,528296800,528296800,206,183318989600,183318989600,71394,False
348,1.1676168897778898,0.6873548986225042,nan,nan,20,6461,10.68348552855595,10.55,10.55,528296800,528296800,211,183847286400,183847286400,71605,False
349,1.2647574594832596,0.6663420967218435,nan,nan,20,6162,10.355404089581304,10.1,10.1,528296800,528296800,202,184375583200,184375583200,71807,False
350,1.2232329403235436,0.6669487222880351,1.3344267416237143,0.6351991874506263,20,5909,10.266881028938904,9.8,9.8,528296800,528296800,196,184903880000,184903880000,72003,False
351,1.235806039117497,0.6680891417733523,nan,nan,20,6327,10.483641536273117,10.35,10.35,528296800,528296800,207,185432176800,185432176800,72210,False
352,1.2567853978102734,0.6668667466986795,nan,nan,20,6664,11.01155462184874,10.85,10.85,528296800,528296800,217,185960473600,185960473600,72427,False
353,1.1907447733016572,0.6825468844525105,nan,nan,20,6612,11.034936479128858,10.9,10.9,528296800,528296800,218,186488770400,186488770400,72645,False
354,1.2808118388081255,0.6603091088457744,nan,nan,20,6082,10.180861558697796,9.95,9.95,528296800,528296800,199,187017067200,187017067200,72844,False
355,1.251438156958801,0.6685615848406546,nan,nan,20,5805,9.8687338501292,9.55,9.55,528296800,528296800,191,187545364000,187545364000,73035,False
356,1.154620584973581,0.6910868868226996,nan,nan,20,6238,10.412151330554664,10.15,10.15,528296800,528296800,203,188073660800,188073660800,73238,False
357,1.1748789927826684,0.6778249510124101,nan,nan,20,6124,10.43027433050294,10.0,10.0,528296800,528296800,200,188601957600,188601957600,73438,False
358,1.1790640830330308,0.6903881700554528,nan,nan,20,6492,10.927603203943315,10.7,10.7,528296800,528296800,214,189130254400,189130254400,73652,False
359,1.1078975631417058,0.6991054904380012,nan,nan,20,6484,10.940314620604564,10.6,10.6,528296800,528296800,212,189658551200,189658551200,73864,False
360,1.137870959678485,0.6894702632434189,1.3093248722098803,0.639882631757138,20,6154,10.13730906727332,10.0,10.0,528296800,528296800,200,190186848000,190186848000,74064,False
361,1.0630131111612506,0.7154509803921568,nan,nan,20,6375,10.59435294117647,10.35,10.35,528296800,528296800,207,190715144800,190715144800,74271,False
362,1.2055402482672373,0.6668730650154798,nan,nan,20,6460,10.973374613003095,10.55,10.55,528296800,528296800,211,191243441600,191243441600,74482,False
363,1.2666334958501944,0.6592105263157895,nan,nan,20,6080,10.208388157894737,9.95,9.95,528296800,528296800,199,191771738400,191771738400,74681,False
364,1.16422999473626,0.6805746599419227,nan,nan,20,6543,10.809873146874523,10.7,10.7,528296800,528296800,214,192300035200,192300035200,74895,False
365,1.1148916519467478,0.6974450194049159,nan,nan,20,6184,10.306921086675292,10.05,10.05,528296800,528296800,201,192828332000,192828332000,75096,False
366,1.336551162549344,0.6346688470973018,nan,nan,20,6115,10.197056418642681,9.9,9.9,528296800,528296800,198,193356628800,193356628800,75294,False
367,1.0622040203328316,0.7087692307692308,nan,nan,20,6500,10.972,10.75,10.75,528296800,528296800,215,193884925600,193884925600,75509,False
368,1.0395496886883966,0.7158129886708153,nan,nan,20,6267,10.714376894846017,10.25,10.25,528296800,528296800,205,194413222400,194413222400,75714,False
369,1.3820007720709004,0.6259028233749179,nan,nan,20,6092,10.097997373604729,9.95,9.95,528296800,528296800,199,194941519200,194941519200,75913,False
370,1.0618272594600697,0.7152666879591185,1.3099400690696723,0.640108339916488,20,6262,10.647876077930375,10.3,10.3,528296800,528296800,206,195469816000,195469816000,76119,False
371,1.0993645647841896,0.7016089712335446,nan,nan,20,6153,10.270924752153423,10.05,10.05,528296800,528296800,201,195998112800,195998112800,76320,False
372,1.0125829287312151,0.7276240531766889,nan,nan,20,6469,10.72963363734735,10.6,10.6,528296800,528296800,212,196526409600,196526409600,76532,False
373,1.0470548135323605,0.7173374613003096,nan,nan,20,6460,10.69024767801858,10.55,10.55,528296800,528296800,211,197054706400,197054706400,76743,False
374,1.0583374929339138,0.7025373134328359,nan,nan,20,6700,11.220746268656717,10.95,10.95,528296800,528296800,219,197583003200,197583003200,76962,False
375,1.0957269623893289,0.7023421286688408,nan,nan,20,6746,11.127186480877558,11.05,11.05,528296800,528296800,221,198111300000,198111300000,77183,False
376,1.156827083128436,0.6945111217794847,nan,nan,20,6249,10.493999039846377,10.2,10.2,528296800,528296800,204,198639596800,198639596800,77387,False
377,1.1225405984326593,0.6966071135879364,nan,nan,20,6101,10.216521881658746,9.85,9.85,528296800,528296800,197,199167893600,199167893600,77584,False
378,1.0526225202342723,0.710414774447472,nan,nan,20,6606,10.814865273993338,10.7,10.7,528296800,528296800,214,199696190400,199696190400,77798,False
379,1.1727007456504859,0.6887490165224233,nan,nan,20,6355,10.536113296616836,10.35,10.35,528296800,528296800,207,200224487200,200224487200,78005,False
380,1.0450828229491445,0.7120402868915001,1.2203241660678081,0.6648798104051461,20,6553,10.866778574698612,10.7,10.7,528296800,528296800,214,200752784000,200752784000,78219,False
381,1.1169647576393518,0.6992568125516102,nan,nan,20,6055,10.301734104046243,9.9,9.9,528296800,528296800,198,201281080800,201281080800,78417,False
382,1.1451258976754817,0.6930709442698859,nan,nan,20,6047,10.274516289068961,9.85,9.85,528296800,528296800,197,201809377600,201809377600,78614,False
383,1.0348271059098644,0.7136068430223349,nan,nan,20,6313,10.348170441945195,10.2,10.2,528296800,528296800,204,202337674400,202337674400,78818,False
384,1.0997923563185241,0.708572339069471,nan,nan,20,6276,10.717335882727852,10.45,10.45,528296800,528296800,209,202865971200,202865971200,79027,False
385,1.1129392439085362,0.6916679043517006,nan,nan,20,6733,11.225159661369377,11.15,11.15,528296800,528296800,223,203394268000,203394268000,79250,False
386,1.0963500194811822,0.70256,nan,nan,20,6250,10.49088,10.2,10.2,528296800,528296800,204,203922564800,203922564800,79454,False
387,1.178638749076457,0.6805269004919854,nan,nan,20,6301,10.590382478971591,10.35,10.35,528296800,528296800,207,204450861600,204450861600,79661,False
388,1.0408292635743739,0.7214625445897741,nan,nan,20,6728,11.158145065398335,11.0,11.0,528296800,528296800,220,204979158400,204979158400,79881,False
389,1.1325572452166712,0.6874185136897001,nan,nan,20,6136,10.09876140808344,9.9,9.9,528296800,528296800,198,205507455200,205507455200,80079,False
390,1.0159481673031103,0.7170393215111797,1.1959571426709315,0.6717074822254825,20,6485,10.851349267540478,10.6,10.6,528296800,528296800,212,206035752000,206035752000,80291,False
391,1.0889184638877702,0.7057647450849717,nan,nan,20,6002,10.194935021659449,9.85,9.85,528296800,528296800,197,206564048800,206564048800,80488,False
392,0.9658044318516146,0.7312121212121212,nan,nan,20,6600,11.305606060606062,10.85,10.85,528296800,528296800,217,207092345600,207092345600,80705,False
393,0.978889869822288,0.729243081027009,nan,nan,20,5998,10.40813604534845,9.8,9.8,528296800,528296800,196,207620642400,207620642400,80901,False
394,1.0153357512241559,0.7219137818419333,nan,nan,20,6124,10.222240365774002,10.05,10.05,528296800,528296800,201,208148939200,208148939200,81102,False
395,0.9918874237584965,0.7252475247524752,nan,nan,20,6464,10.861386138613861,10.65,10.65,528296800,528296800,213,208677236000,208677236000,81315,False
396,1.0516659142367335,0.7076303977712428,nan,nan,20,6461,10.723726977248104,10.65,10.65,528296800,528296800,213,209205532800,209205532800,81528,False
397,1.031074424856851,0.7171428571428572,nan,nan,20,5950,10.244705882352942,9.7,9.7,528296800,528296800,194,209733829600,209733829600,81722,False
398,1.0858553696813151,0.7014040561622464,nan,nan,20,6410,10.634789391575666,10.45,10.45,528296800,528296800,209,210262126400,210262126400,81931,False
399,0.9557608655910417,0.7352804101289421,nan,nan,20,6437,10.795090880845112,10.6,10.6,528296800,528296800,212,210790423200,210790423200,82143,False
400,1.0943743103995547,0.6973418311829629,1.175603958947195,0.6749238234962194,20,6433,10.701849836779108,10.45,10.45,528296800,528296800,209,211318720000,211318720000,82352,False
401,0.9908869450835174,0.7246309246309246,nan,nan,20,6435,10.746231546231545,10.55,10.55,528296800,528296800,211,211847016800,211847016800,82563,False
402,1.008692514443133,0.7253590078328982,nan,nan,20,6128,10.136912532637076,9.95,9.95,528296800,528296800,199,212375313600,212375313600,82762,False
403,1.1213859557296095,0.699159392175881,nan,nan,20,6186,10.301972195279664,10.1,10.1,528296800,528296800,202,212903610400,212903610400,82964,False
404,1.0451211390137283,0.7178888369920597,nan,nan,20,6423,10.475634438735794,10.4,10.4,528296800,528296800,208,213431907200,213431907200,83172,False
405,1.0450519433152257,0.7118813531078154,nan,nan,20,6001,10.069821696383935,9.8,9.8,528296800,528296800,196,213960204000,213960204000,83368,False
406,0.9927449490417514,0.7295883940620783,nan,nan,20,5928,10.131578947368421,9.75,9.75,528296800,528296800,195,214488500800,214488500800,83563,False
407,1.0158661981972434,0.7202157215231247,nan,nan,20,6119,10.30740317045269,9.95,9.95,528296800,528296800,199,215016797600,215016797600,83762,False
408,1.0166928394989496,0.72822631913541,nan,nan,20,6292,10.615384615384617,10.4,10.4,528296800,528296800,208,215545094400,215545094400,83970,False
409,1.0943796157519372,0.6931996239423378,nan,nan,20,6382,10.561266060795985,10.4,10.4,528296800,528296800,208,216073391200,216073391200,84178,False
410,1.054389367190246,0.7118061241198624,1.153116195078911,0.6808486626791559,20,6107,10.43441951858523,10.05,10.05,528296800,528296800,201,216601688000,216601688000,84379,False
411,0.9863701358308803,0.7258562172169084,nan,nan,20,6482,10.775532243134833,10.65,10.65,528296800,528296800,213,217129984800,217129984800,84592,False
412,0.9873530990125536,0.7268041237113402,nan,nan,20,6402,10.619650109340828,10.45,10.45,528296800,528296800,209,217658281600,217658281600,84801,False
413,1.0085248736600507,0.7285575048732943,nan,nan,20,6156,10.272417153996102,10.05,10.05,528296800,528296800,201,218186578400,218186578400,85002,False
414,1.1370130103752065,0.698750800768738,nan,nan,20,6244,10.547725816784112,10.15,10.15,528296800,528296800,203,218714875200,218714875200,85205,False
415,0.9333164821315426,0.7410988336402701,nan,nan,20,6516,10.89548802946593,10.65,10.65,528296800,528296800,213,219243172000,219243172000,85418,False
416,1.0770099760739886,0.707888781118655,nan,nan,20,6186,10.349013902360168,10.15,10.15,528296800,528296800,203,219771468800,219771468800,85621,False
417,1.0813376820258007,0.709040419623573,nan,nan,20,6482,10.948472693613086,10.7,10.7,528296800,528296800,214,220299765600,220299765600,85835,False
418,1.0852465276911922,0.7074293228139382,nan,nan,20,6084,10.254766600920446,10.0,10.0,528296800,528296800,200,220828062400,220828062400,86035,False
419,1.0717817768404023,0.6998982706002035,nan,nan,20,5898,9.97914547304171,9.65,9.65,528296800,528296800,193,221356359200,221356359200,86228,False
420,0.98782744159768,0.7290106738888004,1.104263922186364,0.6900462701726667,20,6277,10.56300780627688,10.3,10.3,528296800,528296800,206,221884656000,221884656000,86434,False
421,1.0598051762877383,0.7077401407298315,nan,nan,20,6111,10.180166912125673,9.95,9.95,528296800,528296800,199,222412952800,222412952800,86633,False
422,1.0376729955689645,0.7258064516129032,nan,nan,20,6386,10.542906357657374,10.4,10.4,528296800,528296800,208,222941249600,222941249600,86841,False
423,1.0105943592981337,0.7272727272727273,nan,nan,20,6391,10.682522296980128,10.4,10.4,528296800,528296800,208,223469546400,223469546400,87049,False
424,0.9214928896229829,0.7473827947200729,nan,nan,20,6591,10.981186466393567,10.85,10.85,528296800,528296800,217,223997843200,223997843200,87266,False
425,1.0128204331747288,0.7231125061952751,nan,nan,20,6053,10.205022302990251,9.9,9.9,528296800,528296800,198,224526140000,224526140000,87464,False
426,0.9925108397410083,0.7251781866401459,nan,nan,20,6033,9.997513674788664,9.8,9.8,528296800,528296800,196,225054436800,225054436800,87660,False
427,1.0551098388288764,0.7081928523263655,nan,nan,20,5932,9.996459878624409,9.65,9.65,528296800,528296800,193,225582733600,225582733600,87853,False
428,1.0067029280343183,0.7200997972867612,nan,nan,20,6413,10.609854982067674,10.45,10.45,528296800,528296800,209,226111030400,226111030400,88062,False
429,0.9577311899067198,0.7328726845045574,nan,nan,20,6802,11.281681858276977,11.0,11.0,528296800,528296800,220,226639327200,226639327200,88282,False
430,1.1283766765974286,0.6909502994981382,1.0962747782082014,0.6917955084076289,20,6177,10.2491500728509,10.0,10.0,528296800,528296800,200,227167624000,227167624000,88482,False
431,1.0667623120134784,0.7097751554775953,nan,nan,20,6271,10.439323871790783,10.25,10.25,528296800,528296800,205,227695920800,227695920800,88687,False
432,1.0806000910184466,0.7004163197335553,nan,nan,20,6005,10.165695253955038,9.85,9.85,528296800,528296800,197,228224217600,228224217600,88884,False
433,0.8679444280641995,0.75765225623225,nan,nan,20,6338,10.732407699589775,10.45,10.45,528296800,528296800,209,228752514400,228752514400,89093,False
434,0.9569860734080573,0.7351741449639159,nan,nan,20,6374,11.000000000000002,10.6,10.6,528296800,528296800,212,229280811200,229280811200,89305,False
435,0.9192052750730972,0.7490549578365804,nan,nan,20,6878,11.27871474265775,11.15,11.15,528296800,528296800,223,229809108000,229809108000,89528,False
436,0.9635702262995607,0.7325619295958279,nan,nan,20,6136,10.340938722294657,10.0,10.0,528296800,528296800,200,230337404800,230337404800,89728,False
437,0.9281365415046631,0.7356965174129353,nan,nan,20,6432,10.923818407960198,10.55,10.55,528296800,528296800,211,230865701600,230865701600,89939,False
438,0.9877483805898751,0.719880465555206,nan,nan,20,6358,10.536489462094998,10.35,10.35,528296800,528296800,207,231393998400,231393998400,90146,False
439,1.0408872863289174,0.7135098438560761,nan,nan,20,5892,10.225050916496945,9.85,9.85,528296800,528296800,197,231922295200,231922295200,90343,False
440,0.9742906517231379,0.7314240254574383,1.0636357073320544,0.7034194786141519,20,6285,10.459347653142402,10.3,10.3,528296800,528296800,206,232450592000,232450592000,90549,False
441,0.9090824648883332,0.7400780741704619,nan,nan,20,6148,10.357351984385167,10.0,10.0,528296800,528296800,200,232978888800,232978888800,90749,False
442,1.0128523661696818,0.7265625,nan,nan,20,6144,10.440755208333334,10.0,10.0,528296800,528296800,200,233507185600,233507185600,90949,False
443,1.0058142113470063,0.718290227659904,nan,nan,20,6457,10.896546383769554,10.7,10.7,528296800,528296800,214,234035482400,234035482400,91163,False
444,0.9647858267686632,0.7349434897042886,nan,nan,20,6459,10.627651339216598,10.5,10.5,528296800,528296800,210,234563779200,234563779200,91373,False
445,0.9232974938141293,0.7501554726368159,nan,nan,20,6432,10.733830845771143,10.5,10.5,528296800,528296800,210,235092076000,235092076000,91583,False
446,0.9902290741316019,0.7246794871794872,nan,nan,20,6240,10.506891025641028,10.25,10.25,528296800,528296800,205,235620372800,235620372800,91788,False
447,0.9184065693155917,0.7436770428015564,nan,nan,20,6168,10.46141374837873,10.15,10.15,528296800,528296800,203,236148669600,236148669600,91991,False
448,0.8828373787546253,0.7585528307599152,nan,nan,20,6606,11.095519224947019,10.9,10.9,528296800,528296800,218,236676966400,236676966400,92209,False
449,0.8805543525769531,0.7481431465226198,nan,nan,20,5924,10.108541525995948,9.65,9.65,528296800,528296800,193,237205263200,237205263200,92402,False
450,0.9245180081435729,0.7413578324509499,1.0363695253274898,0.7098521611556258,20,6422,10.59623170351915,10.45,10.45,528296800,528296800,209,237733560000,237733560000,92611,False
451,1.0197799042280824,0.7130938191724843,nan,nan,20,5873,9.88574833986038,9.6,9.6,528296800,528296800,192,238261856800,238261856800,92803,False
452,0.9160675248136974,0.7429731417863835,nan,nan,20,6404,10.722204871955029,10.5,10.5,528296800,528296800,210,238790153600,238790153600,93013,False
453,0.9968150793594247,0.7323671497584541,nan,nan,20,6210,10.39500805152979,10.2,10.2,528296800,528296800,204,239318450400,239318450400,93217,False
454,0.8900013635531253,0.7509305210918115,nan,nan,20,6448,10.695409429280398,10.55,10.55,528296800,528296800,211,239846747200,239846747200,93428,False
455,0.880854039748994,0.757035214516377,nan,nan,20,6503,10.865292941719208,10.65,10.65,528296800,528296800,213,240375044000,240375044000,93641,False
456,1.0134782406967509,0.7143318791404104,nan,nan,20,6189,10.523509452253998,10.15,10.15,528296800,528296800,203,240903340800,240903340800,93844,False
457,0.827856509156854,0.7680737506065017,nan,nan,20,6183,10.456089277049976,10.15,10.15,528296800,528296800,203,241431637600,241431637600,94047,False
458,0.9140211904549417,0.7433206106870229,nan,nan,20,6288,10.418416030534349,10.2,10.2,528296800,528296800,204,241959934400,241959934400,94251,False
459,0.9589226694826881,0.7340408680500554,nan,nan,20,6313,10.477585933787422,10.2,10.2,528296800,528296800,204,242488231200,242488231200,94455,False
460,0.8078055755536719,0.7747791164658635,1.0237553509669277,0.7132377835458752,20,6225,10.44289156626506,10.15,10.15,528296800,528296800,203,243016528000,243016528000,94658,False
461,0.9166492401248955,0.7452654455138156,nan,nan,20,6442,10.68720894132257,10.5,10.5,528296800,528296800,210,243544824800,243544824800,94868,False
462,0.8956694271071642,0.7502669717772693,nan,nan,20,6555,10.856903127383676,10.65,10.65,528296800,528296800,213,244073121600,244073121600,95081,False
463,0.9633210385458351,0.7221566975568661,nan,nan,20,5935,9.86183656276327,9.65,9.65,528296800,528296800,193,244601418400,244601418400,95274,False
464,0.9902108028769112,0.7230031948881789,nan,nan,20,6260,10.480830670926519,10.25,10.25,528296800,528296800,205,245129715200,245129715200,95479,False
465,0.952646430150152,0.7246286161063331,nan,nan,20,6395,10.611258795934326,10.45,10.45,528296800,528296800,209,245658012000,245658012000,95688,False
466,0.8497715523640976,0.7700923263205691,nan,nan,20,6607,10.853488724080524,10.75,10.75,528296800,528296800,215,246186308800,246186308800,95903,False
467,0.849255905385198,0.7624827162390536,nan,nan,20,6509,10.864495314180365,10.7,10.7,528296800,528296800,214,246714605600,246714605600,96117,False
468,0.9480289003731291,0.7434664101330768,nan,nan,20,6237,10.477954144620808,10.2,10.2,528296800,528296800,204,247242902400,247242902400,96321,False
469,0.8585914720947835,0.7605483625285605,nan,nan,20,6565,10.816907844630617,10.7,10.7,528296800,528296800,214,247771199200,247771199200,96535,False
470,0.9588563288304577,0.7298072327545005,1.0037785452222894,0.7176955196930369,20,6277,10.658435558387763,10.3,10.3,528296800,528296800,206,248299496000,248299496000,96741,False
471,0.847591788890206,0.768135825758875,nan,nan,20,5831,9.952323786657521,9.65,9.65,528296800,528296800,193,248827792800,248827792800,96934,False
472,0.8513966623574422,0.7612376847290641,nan,nan,20,6496,10.824353448275863,10.7,10.7,528296800,528296800,214,249356089600,249356089600,97148,False
473,0.8619380869650394,0.7553191489361702,nan,nan,20,6298,10.459510955859002,10.3,10.3,528296800,528296800,206,249884386400,249884386400,97354,False
474,0.8658641012759157,0.7603369065849923,nan,nan,20,6530,10.750535987748853,10.55,10.55,528296800,528296800,211,250412683200,250412683200,97565,False
475,0.9093390574950259,0.7565482886067812,nan,nan,20,6223,10.399967861160212,10.15,10.15,528296800,528296800,203,250940980000,250940980000,97768,False
476,0.9113383772988871,0.7409846346817184,nan,nan,20,6378,10.554405769833803,10.4,10.4,528296800,528296800,208,251469276800,251469276800,97976,False
477,0.8535237872896497,0.7633824670287044,nan,nan,20,6445,10.803878975950349,10.55,10.55,528296800,528296800,211,251997573600,251997573600,98187,False
478,0.8738333943672693,0.7474133683691904,nan,nan,20,6089,10.425521432090655,10.05,10.05,528296800,528296800,201,252525870400,252525870400,98388,False
479,0.8009827502357035,0.7709874557735606,nan,nan,20,6218,10.237857832100351,9.95,9.95,528296800,528296800,199,253054167200,253054167200,98587,False
480,0.9692210858337974,0.7284921369102683,0.9788429967410784,0.7266109919873603,20,6486,10.684859697810667,10.55,10.55,528296800,528296800,211,253582464000,253582464000,98798,False
481,1.0139539629952088,0.7201921427346029,nan,nan,20,5829,9.898267284268313,9.55,9.55,528296800,528296800,191,254110760800,254110760800,98989,False
482,0.8067786699791791,0.7753856041131105,nan,nan,20,6224,10.519601542416455,10.25,10.25,528296800,528296800,205,254639057600,254639057600,99194,False
483,0.7445408340557482,0.7887471867966992,nan,nan,20,6665,10.965341335333832,10.85,10.85,528296800,528296800,217,255167354400,255167354400,99411,False
484,0.9230789252776685,0.7435817644313054,nan,nan,20,6427,10.705616928582543,10.55,10.55,528296800,528296800,211,255695651200,255695651200,99622,False
485,0.8350080831780855,0.7635222150676111,nan,nan,20,6212,10.401320025756599,10.25,10.25,528296800,528296800,205,256223948000,256223948000,99827,False
486,0.860898982625218,0.7654928494540981,nan,nan,20,6503,10.764262648008614,10.6,10.6,528296800,528296800,212,256752244800,256752244800,100039,False
487,0.8517578070848422,0.7586431833007176,nan,nan,20,6132,10.32811480756686,10.05,10.05,528296800,528296800,201,257280541600,257280541600,100240,False
488,0.9279204416143791,0.7445361826129189,nan,nan,20,6177,10.68641735470293,10.15,10.15,528296800,528296800,203,257808838400,257808838400,100443,False
489,0.9991913448458588,0.7232500476826245,nan,nan,20,5243,9.369826435246996,8.7,8.7,528296800,528296800,174,258337135200,258337135200,100617,False
490,0.8647886152269283,0.7584480600750939,0.9548459404707628,0.7303916036564722,20,6392,10.569774718398,10.45,10.45,528296800,528296800,209,258865432000,258865432000,100826,False
491,0.9111780244560691,0.7408200734394125,nan,nan,20,6536,10.820226438188493,10.7,10.7,528296800,528296800,214,259393728800,259393728800,101040,False
492,0.9020926019919847,0.7477576711250984,nan,nan,20,6355,10.557671125098347,10.35,10.35,528296800,528296800,207,259922025600,259922025600,101247,False
493,0.8767073441234633,0.7506828528072838,nan,nan,20,6590,11.0597875569044,10.75,10.75,528296800,528296800,215,260450322400,260450322400,101462,False
494,0.834732917063945,0.7649420849420849,nan,nan,20,6475,10.72,10.6,10.6,528296800,528296800,212,260978619200,260978619200,101674,False
495,0.7971218957830527,0.7808883328120113,nan,nan,20,6394,10.837347513293713,10.6,10.6,528296800,528296800,212,261506916000,261506916000,101886,False
496,0.813476978420439,0.7735124760076776,nan,nan,20,6252,10.700575815738965,10.35,10.35,528296800,528296800,207,262035212800,262035212800,102093,False
497,0.9313688734452831,0.7428707981519834,nan,nan,20,6277,10.800860283574957,10.45,10.45,528296800,528296800,209,262563509600,262563509600,102302,False
498,0.7997490792316639,0.7718649517684888,nan,nan,20,6220,10.315916398713828,10.1,10.1,528296800,528296800,202,263091806400,263091806400,102504,False
499,0.7697866855730369,0.789201067336368,nan,nan,20,6371,10.553602260241718,10.4,10.4,528296800,528296800,208,263620103200,263620103200,102712,False
500,0.7890200239210184,0.7760997067448681,0.9436185229323731,0.7334950908475342,20,6820,11.339149560117301,11.2,11.2,528296800,528296800,224,264148400000,264148400000,102936,False
501,0.8249322430997815,0.7644376899696048,nan,nan,20,6580,10.918693009118542,10.8,10.8,528296800,528296800,216,264676696800,264676696800,103152,False
502,0.7840471659943183,0.7777950310559006,nan,nan,20,6440,10.525310559006211,10.4,10.4,528296800,528296800,208,265204993600,265204993600,103360,False
503,0.8389855086656042,0.7637204850031908,nan,nan,20,6268,10.28781110402042,10.1,10.1,528296800,528296800,202,265733290400,265733290400,103562,False
504,0.8479427016106417,0.7619868379818239,nan,nan,20,6382,10.672673143215293,10.5,10.5,528296800,528296800,210,266261587200,266261587200,103772,False
505,0.8281500707582348,0.7682514101531024,nan,nan,20,6205,10.387268331990331,10.2,10.2,528296800,528296800,204,266789884000,266789884000,103976,False
506,0.8146129921341279,0.7729894264658763,nan,nan,20,6242,10.534123678308235,10.25,10.25,528296800,528296800,205,267318180800,267318180800,104181,False
507,0.9101569317623701,0.7489553735584155,nan,nan,20,5983,10.031589503593514,9.85,9.85,528296800,528296800,197,267846477600,267846477600,104378,False
508,0.8124359009428209,0.7753909335018164,nan,nan,20,6331,10.780761333122731,10.4,10.4,528296800,528296800,208,268374774400,268374774400,104586,False
509,0.90650778242365,0.7557062520674827,nan,nan,20,6046,10.110320873304664,9.85,9.85,528296800,528296800,197,268903071200,268903071200,104783,False
510,0.7992888993607226,0.7824007651841224,0.9316807099408967,0.7338336530865591,20,6273,10.684999202933206,10.35,10.35,528296800,528296800,207,269431368000,269431368000,104990,False
511,0.8051401751538259,0.7738883632923368,nan,nan,20,6342,10.62693156732892,10.4,10.4,528296800,528296800,208,269959664800,269959664800,105198,False
512,0.8446042439116468,0.7605398847437064,nan,nan,20,6594,11.21140430694571,10.8,10.8,528296800,528296800,216,270487961600,270487961600,105414,False
513,0.8159772134851895,0.7825943629470908,nan,nan,20,6067,10.45178836327674,10.0,10.0,528296800,528296800,200,271016258400,271016258400,105614,False
514,0.7733155397901413,0.7872898349529539,nan,nan,20,6483,10.865802869042112,10.7,10.7,528296800,528296800,214,271544555200,271544555200,105828,False
515,0.7234476956474214,0.7999678663239075,nan,nan,20,6224,10.296272493573266,10.1,10.1,528296800,528296800,202,272072852000,272072852000,106030,False
516,0.8100611894340904,0.7695241000610128,nan,nan,20,6556,10.821690054911532,10.65,10.65,528296800,528296800,213,272601148800,272601148800,106243,False
517,0.822767251176776,0.7753433112174047,nan,nan,20,6481,10.969912050609471,10.55,10.55,528296800,528296800,211,273129445600,273129445600,106454,False
518,0.7943970655753876,0.7740940632228219,nan,nan,20,6485,10.870316114109482,10.6,10.6,528296800,528296800,212,273657742400,273657742400,106666,False
519,0.7578884524707873,0.7820900270399237,nan,nan,20,6287,10.73055511372674,10.4,10.4,528296800,528296800,208,274186039200,274186039200,106874,False
520,0.8620478568703772,0.7576474298328603,0.9029021964171658,0.7426362713012076,20,6342,10.602964364553769,10.4,10.4,528296800,528296800,208,274714336000,274714336000,107082,False
521,0.7207089621964214,0.7945514750150512,nan,nan,20,6644,11.147200481637565,10.95,10.95,528296800,528296800,219,275242632800,275242632800,107301,False
522,0.8477353096931486,0.7669579030976966,nan,nan,20,6295,10.65957108816521,10.4,10.4,528296800,528296800,208,275770929600,275770929600,107509,False
523,0.8482911010150267,0.7708129285014691,nan,nan,20,6126,10.587006203068887,10.15,10.15,528296800,528296800,203,276299226400,276299226400,107712,False
524,0.6972968057333679,0.8016140865737345,nan,nan,20,6815,11.193396918561996,11.1,11.1,528296800,528296800,222,276827523200,276827523200,107934,False
525,0.8293496627987931,0.7683063611600705,nan,nan,20,6241,10.455856433263902,10.3,10.3,528296800,528296800,206,277355820000,277355820000,108140,False
526,0.8154476564368877,0.7709852598913887,nan,nan,20,6445,10.683320403413498,10.55,10.55,528296800,528296800,211,277884116800,277884116800,108351,False
527,0.7693417866816789,0.7813995215311005,nan,nan,20,6688,11.082386363636363,10.9,10.9,528296800,528296800,218,278412413600,278412413600,108569,False
528,0.8372464914567678,0.7669207317073171,nan,nan,20,6560,10.849847560975611,10.75,10.75,528296800,528296800,215,278940710400,278940710400,108784,False
529,0.8449226780768175,0.7663914521612433,nan,nan,20,6177,10.31617289946576,10.15,10.15,528296800,528296800,203,279469007200,279469007200,108987,False
530,0.7678507850246025,0.7853019191761585,0.8848737891002079,0.748673964563819,20,6409,10.605398658136997,10.4,10.4,528296800,528296800,208,279997304000,279997304000,109195,False
531,0.7912884477703288,0.7804839474932785,nan,nan,20,6323,10.627233907955086,10.35,10.35,528296800,528296800,207,280525600800,280525600800,109402,False
532,0.796485818503269,0.7757113336512478,nan,nan,20,6291,10.590685105706564,10.4,10.4,528296800,528296800,208,281053897600,281053897600,109610,False
533,0.7825770257937837,0.7726777656760542,nan,nan,20,6427,10.650225610704839,10.5,10.5,528296800,528296800,210,281582194400,281582194400,109820,False
534,0.8103664402828105,0.7722740431006755,nan,nan,20,6218,10.454808620135093,10.2,10.2,528296800,528296800,204,282110491200,282110491200,110024,False
535,0.7778068431875836,0.7726976895541816,nan,nan,20,6146,10.445655711031566,10.05,10.05,528296800,528296800,201,282638788000,282638788000,110225,False
536,0.7086213330922959,0.7942270495461985,nan,nan,20,6721,11.075435203094779,10.9,10.9,528296800,528296800,218,283167084800,283167084800,110443,False
537,0.7787369701707912,0.7733071638861629,nan,nan,20,6114,10.442100098135425,10.15,10.15,528296800,528296800,203,283695381600,283695381600,110646,False
538,0.725842288984371,0.7930576316226541,nan,nan,20,6021,10.083042683939546,9.9,9.9,528296800,528296800,198,284223678400,284223678400,110844,False
539,0.805994075227271,0.7746455379482903,nan,nan,20,5995,10.260383653044206,9.85,9.85,528296800,528296800,197,284751975200,284751975200,111041,False
540,0.7500417492075443,0.7858246095761112,0.8873222625332269,0.7466990181695068,20,5827,9.909215719924488,9.65,9.65,528296800,528296800,193,285280272000,285280272000,111234,False
541,0.8713801635202567,0.7590966122961104,nan,nan,20,6376,10.603042659974905,10.4,10.4,528296800,528296800,208,285808568800,285808568800,111442,False
542,0.7882350896823237,0.7795299938157081,nan,nan,20,6468,10.790661719233148,10.65,10.65,528296800,528296800,213,286336865600,286336865600,111655,False
543,0.7502594211662883,0.7762369457284711,nan,nan,20,5841,9.930320150659135,9.6,9.6,528296800,528296800,192,286865162400,286865162400,111847,False
544,0.7705426668763892,0.7845384118786314,nan,nan,20,6196,10.255164622336991,10.05,10.05,528296800,528296800,201,287393459200,287393459200,112048,False
545,0.8482657104643142,0.7639789928946555,nan,nan,20,6474,10.726907630522087,10.6,10.6,528296800,528296800,212,287921756000,287921756000,112260,False
546,0.7819771538648209,0.7740222114920329,nan,nan,20,6213,10.489457588926443,10.15,10.15,528296800,528296800,203,288450052800,288450052800,112463,False
547,0.6659228099965311,0.8121741796994787,nan,nan,20,6522,10.778442195645507,10.65,10.65,528296800,528296800,213,288978349600,288978349600,112676,False
548,0.7670845462664126,0.7853944727497298,nan,nan,20,6477,10.686120117338273,10.6,10.6,528296800,528296800,212,289506646400,289506646400,112888,False
549,0.8973747809493964,0.7446878064727035,nan,nan,20,6118,10.420071918927754,10.15,10.15,528296800,528296800,203,290034943200,290034943200,113091,False
550,0.7016649426694689,0.8007980845969673,0.8561039973752868,0.7560094797426927,20,6265,10.459696727853151,10.2,10.2,528296800,528296800,204,290563240000,290563240000,113295,False
551,0.7414707035157145,0.7977127580573296,nan,nan,20,6733,10.95841378286054,10.85,10.85,528296800,528296800,217,291091536800,291091536800,113512,False
552,0.7828940275349432,0.7729202704827803,nan,nan,20,6359,10.604183047649002,10.4,10.4,528296800,528296800,208,291619833600,291619833600,113720,False
553,0.7977381589675139,0.7818672969778828,nan,nan,20,5923,10.057909842984973,9.75,9.75,528296800,528296800,195,292148130400,292148130400,113915,False
554,0.7811804058994194,0.7813945803040317,nan,nan,20,6052,10.577990746860543,9.95,9.95,528296800,528296800,199,292676427200,292676427200,114114,False
555,0.7277851434064324,0.7963882618510159,nan,nan,20,6645,11.094657637321294,10.9,10.9,528296800,528296800,218,293204724000,293204724000,114332,False
556,0.7645460922382686,0.7900076863950807,nan,nan,20,6505,10.693466564181403,10.55,10.55,528296800,528296800,211,293733020800,293733020800,114543,False
557,0.8340491959309403,0.7662316995544239,nan,nan,20,6284,10.609802673456398,10.35,10.35,528296800,528296800,207,294261317600,294261317600,114750,False
558,0.6963997262663363,0.8038033395176253,nan,nan,20,6468,10.782467532467532,10.6,10.6,528296800,528296800,212,294789614400,294789614400,114962,False
559,0.802031018700656,0.7749232509290677,nan,nan,20,6189,10.559379544352884,10.15,10.15,528296800,528296800,203,295317911200,295317911200,115165,False
560,0.7403934295292202,0.7820307495195388,0.8469152319661356,0.7561787608622051,20,6244,10.558616271620755,10.2,10.2,528296800,528296800,204,295846208000,295846208000,115369,False
561,0.7544811760402768,0.7840979541227526,nan,nan,20,6452,10.87957222566646,10.7,10.7,528296800,528296800,214,296374504800,296374504800,115583,False
562,0.6920134172533767,0.8024263431542461,nan,nan,20,6347,10.519615566409328,10.35,10.35,528296800,528296800,207,296902801600,296902801600,115790,False
563,0.7504078129582022,0.7920639803137496,nan,nan,20,6502,10.927868348200553,10.65,10.65,528296800,528296800,213,297431098400,297431098400,116003,False
564,0.7214652146453183,0.7955337345581248,nan,nan,20,6314,10.500158378207157,10.35,10.35,528296800,528296800,207,297959395200,297959395200,116210,False
565,0.6480739696195398,0.8156674907292955,nan,nan,20,6472,11.042490729295427,10.6,10.6,528296800,528296800,212,298487692000,298487692000,116422,False
566,0.8054805335655136,0.7674703004891684,nan,nan,20,5724,9.80922431865828,9.45,9.45,528296800,528296800,189,299015988800,299015988800,116611,False
567,0.7835556937152879,0.7774436090225564,nan,nan,20,5985,10.125814536340851,9.8,9.8,528296800,528296800,196,299544285600,299544285600,116807,False
568,0.71561983609181,0.7976352887676217,nan,nan,20,6597,10.866302864938605,10.75,10.75,528296800,528296800,215,300072582400,300072582400,117022,False
569,0.6794235883907951,0.8095092959463578,nan,nan,20,6562,11.01889667784212,10.65,10.65,528296800,528296800,213,300600879200,300600879200,117235,False
570,0.6442495484183824,0.814298697364435,0.8344316797350104,0.7622164541248166,20,6602,10.931687367464406,10.7,10.7,528296800,528296800,214,301129176000,301129176000,117449,False
571,0.7937428565796528,0.7828275351591414,nan,nan,20,6755,11.126128793486306,11.0,11.0,528296800,528296800,220,301657472800,301657472800,117669,False
572,0.7116215175765231,0.7957179652285898,nan,nan,20,6212,10.336606567933032,10.1,10.1,528296800,528296800,202,302185769600,302185769600,117871,False
573,0.7093458899194577,0.7989544436146377,nan,nan,20,6695,10.991934279312918,10.9,10.9,528296800,528296800,218,302714066400,302714066400,118089,False
574,0.6860649105069582,0.8049309970538068,nan,nan,20,6449,10.872848503643977,10.45,10.45,528296800,528296800,209,303242363200,303242363200,118298,False
575,0.7965834878842677,0.766507492178495,nan,nan,20,6073,10.270047752346452,9.95,9.95,528296800,528296800,199,303770660000,303770660000,118497,False
576,0.8041273137850613,0.7716841039487007,nan,nan,20,5926,9.998143773202834,9.8,9.8,528296800,528296800,196,304298956800,304298956800,118693,False
577,0.7382912830524028,0.7952076677316294,nan,nan,20,6260,10.585463258785943,10.3,10.3,528296800,528296800,206,304827253600,304827253600,118899,False
578,0.651725077390144,0.8134469696969697,nan,nan,20,6336,10.766098484848486,10.35,10.35,528296800,528296800,207,305355550400,305355550400,119106,False
579,0.7510631089197051,0.7889052528227786,nan,nan,20,6111,10.350679103256422,9.95,9.95,528296800,528296800,199,305883847200,305883847200,119305,False
580,0.6178701147610448,0.818196405648267,0.8260774872612703,0.7634014219614039,20,6232,10.449614890885753,10.15,10.15,528296800,528296800,203,306412144000,306412144000,119508,False
581,0.8014092047002297,0.7819455252918288,nan,nan,20,6425,10.684513618677045,10.55,10.55,528296800,528296800,211,306940440800,306940440800,119719,False
582,0.7217002403542263,0.7948800515214941,nan,nan,20,6211,10.3965545000805,10.2,10.2,528296800,528296800,204,307468737600,307468737600,119923,False
583,0.632718466419518,0.8225573560083427,nan,nan,20,6233,10.63227980105888,10.2,10.2,528296800,528296800,204,307997034400,307997034400,120127,False
584,0.7553133261360129,0.7899765074393109,nan,nan,20,6385,10.68989819890368,10.5,10.5,528296800,528296800,210,308525331200,308525331200,120337,False
585,0.6628326928309315,0.8037832157333734,nan,nan,20,6661,10.922534154030927,10.85,10.85,528296800,528296800,217,309053628000,309053628000,120554,False
586,0.7018582874603578,0.8079974097458313,nan,nan,20,6177,10.570341589768496,10.1,10.1,528296800,528296800,202,309581924800,309581924800,120756,False
587,0.7623376831400404,0.7860911270983213,nan,nan,20,6255,10.446522781774583,10.15,10.15,528296800,528296800,203,310110221600,310110221600,120959,False
588,0.7049204248399473,0.798125,nan,nan,20,6400,10.6425,10.5,10.5,528296800,528296800,210,310638518400,310638518400,121169,False
589,0.7184401698868988,0.7891167994575352,nan,nan,20,5899,9.852517375826409,9.7,9.7,528296800,528296800,194,311166815200,311166815200,121363,False
590,0.7540296616958284,0.7881548974943052,0.8182486333100121,0.7645299627581537,20,6146,10.486495281483895,10.15,10.15,528296800,528296800,203,311695112000,311695112000,121566,False
591,0.7976203124578843,0.7784154312131356,nan,nan,20,6273,10.524151123864177,10.3,10.3,528296800,528296800,206,312223408800,312223408800,121772,False
592,0.6657895800262573,0.8059143968871595,nan,nan,20,6425,10.734163424124516,10.55,10.55,528296800,528296800,211,312751705600,312751705600,121983,False
593,0.8465108163418144,0.759081283596677,nan,nan,20,6139,10.444209154585437,10.1,10.1,528296800,528296800,202,313280002400,313280002400,122185,False
594,0.7875726687656123,0.7758948368704466,nan,nan,20,6314,10.56509344314222,10.35,10.35,528296800,528296800,207,313808299200,313808299200,122392,False
595,0.796379099552473,0.7765067440669284,nan,nan,20,5857,9.934608161174664,9.65,9.65,528296800,528296800,193,314336596000,314336596000,122585,False
596,0.7359261931174409,0.782791185729276,nan,nan,20,6671,10.983061010343276,10.9,10.9,528296800,528296800,218,314864892800,314864892800,122803,False
597,0.6169257536391545,0.8180272108843537,nan,nan,20,6468,10.817717996289424,10.55,10.55,528296800,528296800,211,315393189600,315393189600,123014,False
598,0.6978480994020081,0.8006032703603747,nan,nan,20,6299,10.597237656770915,10.4,10.4,528296800,528296800,208,315921486400,315921486400,123222,False
599,0.7279288886530246,0.7969094922737306,nan,nan,20,6342,10.482970671712394,10.35,10.35,528296800,528296800,207,316449783200,316449783200,123429,False
600,0.7890010754326833,0.7826429358954166,0.7882483144226737,0.7769439115224015,20,6349,10.590801701055284,10.4,10.4,528296800,528296800,208,316978080000,316978080000,123637,False
601,0.640346881372681,0.8151444184231069,nan,nan,20,6405,10.63512880562061,10.4,10.4,528296800,528296800,208,317506376800,317506376800,123845,False
602,0.6528188575875089,0.8097982708933718,nan,nan,20,6593,10.928257242529956,10.8,10.8,528296800,528296800,216,318034673600,318034673600,124061,False
603,0.6579496217425913,0.811875,nan,nan,20,6400,10.624531249999995,10.45,10.45,528296800,528296800,209,318562970400,318562970400,124270,False
604,0.6180120973676678,0.8191328077622801,nan,nan,20,6596,10.864008489993934,10.75,10.75,528296800,528296800,215,319091267200,319091267200,124485,False
605,0.7880536659402045,0.7750475586556753,nan,nan,20,6308,10.43167406467977,10.25,10.25,528296800,528296800,205,319619564000,319619564000,124690,False
606,0.6815208305248527,0.7926909210095051,nan,nan,20,6102,10.274500163880697,10.1,10.1,528296800,528296800,202,320147860800,320147860800,124892,False
607,0.635580638098213,0.8184243565599498,nan,nan,20,6372,10.697426239799121,10.45,10.45,528296800,528296800,209,320676157600,320676157600,125101,False
608,0.7816242636813492,0.7781967213114754,nan,nan,20,6100,10.379508196721313,10.05,10.05,528296800,528296800,201,321204454400,321204454400,125302,False
609,0.7448739310951252,0.7904689863842662,nan,nan,20,6610,10.992586989409983,10.8,10.8,528296800,528296800,216,321732751200,321732751200,125518,False
610,0.6567107140879919,0.8187991974070072,0.7852032270499861,0.7770567656020765,20,6479,10.775119617224878,10.55,10.55,528296800,528296800,211,322261048000,322261048000,125729,False
611,0.6654274796874443,0.8039312851007598,nan,nan,20,6054,10.311859927320778,10.0,10.0,528296800,528296800,200,322789344800,322789344800,125929,False
612,0.6895021418539753,0.7942913385826772,nan,nan,20,6096,10.250000000000002,9.95,9.95,528296800,528296800,199,323317641600,323317641600,126128,False
613,0.7663703974704218,0.7797609300802358,nan,nan,20,6107,10.201571966595711,10.05,10.05,528296800,528296800,201,323845938400,323845938400,126329,False
614,0.7123104779622654,0.7987635239567233,nan,nan,20,6470,10.803554868624422,10.5,10.5,528296800,528296800,210,324374235200,324374235200,126539,False
615,0.695155104069117,0.8047977422389464,nan,nan,20,6378,10.535120727500782,10.4,10.4,528296800,528296800,208,324902532000,324902532000,126747,False
616,0.7619538122249867,0.7912087912087912,nan,nan,20,6188,10.276826115061409,10.1,10.1,528296800,528296800,202,325430828800,325430828800,126949,False
617,0.6533144820389957,0.8080622995877234,nan,nan,20,6549,11.015880287066729,10.75,10.75,528296800,528296800,215,325959125600,325959125600,127164,False
618,0.7448885810844285,0.7901951298177713,nan,nan,20,6201,10.549427511691665,10.3,10.3,528296800,528296800,206,326487422400,326487422400,127370,False
619,0.6553781566259235,0.8159598575590806,nan,nan,20,6178,10.538685658789252,10.2,10.2,528296800,528296800,204,327015719200,327015719200,127574,False
620,0.6317320460200647,0.8232356857523302,0.776526067639269,0.7783545875183387,20,6008,10.180259653794943,9.8,9.8,528296800,528296800,196,327544016000,327544016000,127770,False
621,0.6457493474512024,0.8195727920012119,nan,nan,20,6601,10.85911225571883,10.7,10.7,528296800,528296800,214,328072312800,328072312800,127984,False
622,0.6467706248455464,0.8106291997556506,nan,nan,20,6548,10.766799022602322,10.65,10.65,528296800,528296800,213,328600609600,328600609600,128197,False
623,0.7228606160448274,0.7893076801766283,nan,nan,20,6341,10.723072070651318,10.45,10.45,528296800,528296800,209,329128906400,329128906400,128406,False
624,0.6662830982281148,0.8055269733940909,nan,nan,20,6803,11.356019403204469,11.05,11.05,528296800,528296800,221,329657203200,329657203200,128627,False
625,0.6226116616646726,0.8223873805551343,nan,nan,20,6593,10.933565903230699,10.8,10.8,528296800,528296800,216,330185500000,330185500000,128843,False
626,0.6895143133566785,0.8101185770750988,nan,nan,20,6325,10.41486166007905,10.3,10.3,528296800,528296800,206,330713796800,330713796800,129049,False
627,0.6278557748576991,0.8221649484536082,nan,nan,20,6208,10.29639175257732,10.1,10.1,528296800,528296800,202,331242093600,331242093600,129251,False
628,0.7263019797828911,0.7924132364810331,nan,nan,20,6195,10.43228410008071,10.15,10.15,528296800,528296800,203,331770390400,331770390400,129454,False
629,0.6393458079468941,0.8106738223017292,nan,nan,20,6708,10.949463327370303,10.8,10.8,528296800,528296800,216,332298687200,332298687200,129670,False
630,0.6840322585347083,0.8082918739635158,0.7594893618437738,0.7817966369484257,20,6030,10.17446102819237,9.9,9.9,528296800,528296800,198,332826984000,332826984000,129868,False
631,0.6646477311763321,0.80845931167578,nan,nan,20,6218,10.316822129302027,10.15,10.15,528296800,528296800,203,333355280800,333355280800,130071,False
632,0.6420829601078306,0.8202120822622108,nan,nan,20,6224,10.463849614395889,10.15,10.15,528296800,528296800,203,333883577600,333883577600,130274,False
633,0.6618083564822204,0.8081486106774899,nan,nan,20,6406,10.757414923509208,10.55,10.55,528296800,528296800,211,334411874400,334411874400,130485,False
634,0.6562824086424078,0.8145161290322581,nan,nan,20,6076,10.12442396313364,9.9,9.9,528296800,528296800,198,334940171200,334940171200,130683,False
635,0.5783518912929405,0.8376524390243902,nan,nan,20,6560,10.948932926829267,10.65,10.65,528296800,528296800,213,335468468000,335468468000,130896,False
636,0.701207881842487,0.8048743102391172,nan,nan,20,6524,10.774064990803188,10.65,10.65,528296800,528296800,213,335996764800,335996764800,131109,False
637,0.6243474248449132,0.8159048215403882,nan,nan,20,6388,10.703976205385098,10.5,10.5,528296800,528296800,210,336525061600,336525061600,131319,False
638,0.7372251367269773,0.7946194225721784,nan,nan,20,6096,10.096128608923884,9.9,9.9,528296800,528296800,198,337053358400,337053358400,131517,False
639,0.6712549493142674,0.8034878088164056,nan,nan,20,6193,10.513321492007105,10.05,10.05,528296800,528296800,201,337581655200,337581655200,131718,False
640,0.7351138389465331,0.794431477159053,0.7480573237729307,0.7865929353346124,20,5998,10.000333444481495,9.8,9.8,528296800,528296800,196,338109952000,338109952000,131914,False
641,0.661281046055743,0.814785373608903,nan,nan,20,6290,10.486486486486488,10.3,10.3,528296800,528296800,206,338638248800,338638248800,132120,False
642,0.7490100936665443,0.7811922753988245,nan,nan,20,5955,10.046851385390426,9.75,9.75,528296800,528296800,195,339166545600,339166545600,132315,False
643,0.6731596603185726,0.8068343616516374,nan,nan,20,6321,10.528713811105835,10.2,10.2,528296800,528296800,204,339694842400,339694842400,132519,False
644,0.7896222413483647,0.7838770388958595,nan,nan,20,6376,10.47318067754078,10.35,10.35,528296800,528296800,207,340223139200,340223139200,132726,False
645,0.5956668359905967,0.8260938997125519,nan,nan,20,6262,10.559246247205365,10.25,10.25,528296800,528296800,205,340751436000,340751436000,132931,False
646,0.6190729497502405,0.8220618233171191,nan,nan,20,6373,10.768397928761965,10.45,10.45,528296800,528296800,209,341279732800,341279732800,133140,False
647,0.641485834359981,0.8198840838163174,nan,nan,20,6729,11.20820329915292,11.0,11.0,528296800,528296800,220,341808029600,341808029600,133360,False
648,0.6842560874101636,0.8071606994171524,nan,nan,20,6005,10.287094088259785,9.9,9.9,528296800,528296800,198,342336326400,342336326400,133558,False
649,0.659216126277017,0.8112043044785567,nan,nan,20,6319,10.49928786200348,10.3,10.3,528296800,528296800,206,342864623200,342864623200,133764,False
650,0.5599346415031604,0.8425405742821473,0.7615554985552336,0.7797088364744386,20,6408,10.720505617977528,10.55,10.55,528296800,528296800,211,343392920000,343392920000,133975,False
651,0.626343782769691,0.8232758620689655,nan,nan,20,6728,11.101367419738407,11.0,11.0,528296800,528296800,220,343921216800,343921216800,134195,False
652,0.6128863679765693,0.8193861066235865,nan,nan,20,6190,10.48384491114701,10.05,10.05,528296800,528296800,201,344449513600,344449513600,134396,False
653,0.5998091993010642,0.8238080202083992,nan,nan,20,6334,10.708872750236818,10.4,10.4,528296800,528296800,208,344977810400,344977810400,134604,False
654,0.6476399103407803,0.8093280632411067,nan,nan,20,6325,10.694545454545455,10.45,10.45,528296800,528296800,209,345506107200,345506107200,134813,False
655,0.6691640457228026,0.8008338678640154,nan,nan,20,6236,10.543778062860808,10.25,10.25,528296800,528296800,205,346034404000,346034404000,135018,False
656,0.6972347814577845,0.789272030651341,nan,nan,20,6264,10.319284802043423,10.2,10.2,528296800,528296800,204,346562700800,346562700800,135222,False
657,0.6867529596067877,0.8002665333999667,nan,nan,20,6003,10.278527402965185,9.8,9.8,528296800,528296800,196,347090997600,347090997600,135418,False
658,0.68581226961939,0.8082600762978935,nan,nan,20,6029,10.418477359429422,9.9,9.9,528296800,528296800,198,347619294400,347619294400,135616,False
659,0.7962534829996553,0.7749040547305189,nan,nan,20,5993,10.084098114466878,9.75,9.75,528296800,528296800,195,348147591200,348147591200,135811,False
660,0.72038645112555,0.8005689001264222,0.7344371128359413,0.7875521950118497,20,6328,10.488147914032869,10.3,10.3,528296800,528296800,206,348675888000,348675888000,136017,False
661,0.6241018576665095,0.8227588383838383,nan,nan,20,6336,10.466382575757576,10.25,10.25,528296800,528296800,205,349204184800,349204184800,136222,False
662,0.6202016033413529,0.8207412120248131,nan,nan,20,6287,10.375536822013677,10.25,10.25,528296800,528296800,205,349732481600,349732481600,136427,False
663,0.5767401491574733,0.8335829838226483,nan,nan,20,6676,10.963301378070701,10.85,10.85,528296800,528296800,217,350260778400,350260778400,136644,False
664,0.6522886703787846,0.8052434456928839,nan,nan,20,6141,10.453346360527602,10.1,10.1,528296800,528296800,202,350789075200,350789075200,136846,False
665,0.644753675286312,0.815558912386707,nan,nan,20,6620,11.024320241691843,10.9,10.9,528296800,528296800,218,351317372000,351317372000,137064,False
666,0.5796144837962909,0.8310479092601998,nan,nan,20,5907,10.20941256136787,9.7,9.7,528296800,528296800,194,351845668800,351845668800,137258,False
667,0.6530663432340686,0.8063981435438422,nan,nan,20,6033,10.248798276147857,9.8,9.8,528296800,528296800,196,352373965600,352373965600,137454,False
668,0.6576540040009443,0.806894400249571,nan,nan,20,6411,10.465761971611292,10.35,10.35,528296800,528296800,207,352902262400,352902262400,137661,False
669,0.6160972406518475,0.8241222366710013,nan,nan,20,6152,10.495773732119636,10.05,10.05,528296800,528296800,201,353430559200,353430559200,137862,False
670,0.6373629884336056,0.8140417457305503,0.7244757274488417,0.7914456607606365,20,6324,10.695920303605313,10.35,10.35,528296800,528296800,207,353958856000,353958856000,138069,False
671,0.608675807907545,0.8242630385487528,nan,nan,20,6174,10.276805960479427,10.05,10.05,528296800,528296800,201,354487152800,354487152800,138270,False
672,0.6941414341220149,0.8095473251028806,nan,nan,20,6075,10.227489711934156,10.0,10.0,528296800,528296800,200,355015449600,355015449600,138470,False
673,0.5734252453530216,0.8372530573847601,nan,nan,20,6378,10.88162433364691,10.5,10.5,528296800,528296800,210,355543746400,355543746400,138680,False
674,0.6008535518492792,0.8248198057035412,nan,nan,20,6382,10.692102789094328,10.5,10.5,528296800,528296800,210,356072043200,356072043200,138890,False
675,0.7113379755726239,0.796943972835314,nan,nan,20,5890,9.949405772495757,9.75,9.75,528296800,528296800,195,356600340000,356600340000,139085,False
676,0.5330939185230881,0.8446692607003891,nan,nan,20,6425,10.841556420233463,10.6,10.6,528296800,528296800,212,357128636800,357128636800,139297,False
677,0.598877437387794,0.8280322629736722,nan,nan,20,6571,11.055090549383657,10.8,10.8,528296800,528296800,216,357656933600,357656933600,139513,False
678,0.6736401880790633,0.8094488188976378,nan,nan,20,6350,10.598582677165352,10.4,10.4,528296800,528296800,208,358185230400,358185230400,139721,False
679,0.6631008488576977,0.8115079365079365,nan,nan,20,6048,10.160218253968255,9.9,9.9,528296800,528296800,198,358713527200,358713527200,139919,False
680,0.637872510359773,0.8215456674473068,0.7131209536796632,0.7938720234736486,20,6405,10.589383294301324,10.45,10.45,528296800,528296800,209,359241824000,359241824000,140128,False
681,0.6112142257030012,0.8189612530915087,nan,nan,20,6065,10.317889530090685,9.9,9.9,528296800,528296800,198,359770120800,359770120800,140326,False
682,0.7441903240204129,0.7776153346328785,nan,nan,20,6156,10.268843404808315,10.0,10.0,528296800,528296800,200,360298417600,360298417600,140526,False
683,0.6949799636268185,0.7948966408268734,nan,nan,20,6192,10.208979328165375,10.1,10.1,528296800,528296800,202,360826714400,360826714400,140728,False
684,0.6028247771908654,0.8242333582647718,nan,nan,20,6685,11.035003739715782,10.8,10.8,528296800,528296800,216,361355011200,361355011200,140944,False
685,0.6821119188043139,0.8033049895716349,nan,nan,20,6233,10.389699983956362,10.1,10.1,528296800,528296800,202,361883308000,361883308000,141146,False
686,0.6347574916846649,0.8189682290028311,nan,nan,20,6358,10.701950298836113,10.3,10.3,528296800,528296800,206,362411604800,362411604800,141352,False
687,0.6266107913408538,0.8203050524308866,nan,nan,20,6294,10.548299968223706,10.35,10.35,528296800,528296800,207,362939901600,362939901600,141559,False
688,0.60477639432574,0.831552081671718,nan,nan,20,6269,10.695007178178338,10.4,10.4,528296800,528296800,208,363468198400,363468198400,141767,False
689,0.5575928148079444,0.8351470588235295,nan,nan,20,6800,11.43,11.15,11.15,528296800,528296800,223,363996495200,363996495200,141990,False
690,0.5922278420760583,0.8286675845188924,0.7119408829353986,0.7934770341947861,20,6537,10.804803426648311,10.65,10.65,528296800,528296800,213,364524792000,364524792000,142203,False
691,0.5695537687006035,0.8357273838630807,nan,nan,20,6544,10.969132029339853,10.75,10.75,528296800,528296800,215,365053088800,365053088800,142418,False
692,0.630123023972784,0.816917173009274,nan,nan,20,6254,10.5,10.3,10.3,528296800,528296800,206,365581385600,365581385600,142624,False
693,0.6509559593065287,0.8126392868513213,nan,nan,20,6282,10.49315504616364,10.2,10.2,528296800,528296800,204,366109682400,366109682400,142828,False
694,0.6044802119273169,0.8265830922532947,nan,nan,20,6222,10.214239794278368,10.05,10.05,528296800,528296800,201,366637979200,366637979200,143029,False
695,0.648061499838053,0.8109270468302007,nan,nan,20,6278,10.583943931188275,10.4,10.4,528296800,528296800,208,367166276000,367166276000,143237,False
696,0.7161824662546774,0.7950875987633116,nan,nan,20,5822,9.821882514599796,9.55,9.55,528296800,528296800,191,367694572800,367694572800,143428,False
697,0.630261226883239,0.8228228228228228,nan,nan,20,6327,10.509404140983088,10.35,10.35,528296800,528296800,207,368222869600,368222869600,143635,False
698,0.6563524164802143,0.8022412656558998,nan,nan,20,6068,10.255932762030323,10.05,10.05,528296800,528296800,201,368751166400,368751166400,143836,False
699,0.6655748636893601,0.8069330765527203,nan,nan,20,6231,10.310704541807095,10.1,10.1,528296800,528296800,202,369279463200,369279463200,144038,False
700,0.7108031902353047,0.7999644697104281,0.7162197833203284,0.7918970770793364,20,5629,9.907088292769586,9.3,9.3,528296800,528296800,186,369807760000,369807760000,144224,False
701,0.6127513345778168,0.8224977320834593,nan,nan,20,6614,11.129876020562445,10.85,10.85,528296800,528296800,217,370336056800,370336056800,144441,False
702,0.5972354916356801,0.8186592523941921,nan,nan,20,6474,10.796261970960765,10.6,10.6,528296800,528296800,212,370864353600,370864353600,144653,False
703,0.6528000543228402,0.805984251968504,nan,nan,20,6350,10.754488188976376,10.45,10.45,528296800,528296800,209,371392650400,371392650400,144862,False
704,0.626245379205962,0.8200906344410877,nan,nan,20,6620,10.82749244712991,10.7,10.7,528296800,528296800,214,371920947200,371920947200,145076,False
705,0.6868013454721857,0.8010488918964642,nan,nan,20,5911,10.135510065978684,9.85,9.85,528296800,528296800,197,372449244000,372449244000,145273,False
706,0.669542640849454,0.8059470342264209,nan,nan,20,6457,10.931702028805944,10.6,10.6,528296800,528296800,212,372977540800,372977540800,145485,False
707,0.6248087369907943,0.8190401258851299,nan,nan,20,6355,10.482454760031471,10.25,10.25,528296800,528296800,205,373505837600,373505837600,145690,False
708,0.7219089084887166,0.7920452597291274,nan,nan,20,5833,9.990913766500944,9.6,9.6,528296800,528296800,192,374034134400,374034134400,145882,False
709,0.65206317398092,0.8153724247226625,nan,nan,20,6310,10.59270998415214,10.3,10.3,528296800,528296800,206,374562431200,374562431200,146088,False
710,0.6970854579403277,0.7982011447260834,0.688436467583515,0.8010946845728473,20,6115,10.246279640228945,10.05,10.05,528296800,528296800,201,375090728000,375090728000,146289,False
711,0.6426499907159231,0.8149827963715984,nan,nan,20,6394,10.917735376915859,10.45,10.45,528296800,528296800,209,375619024800,375619024800,146498,False
712,0.681326902904663,0.8154934104789456,nan,nan,20,6222,10.54596592735455,10.25,10.25,528296800,528296800,205,376147321600,376147321600,146703,False
713,0.5538440784472906,0.8419161676646707,nan,nan,20,6680,10.975299401197605,10.9,10.9,528296800,528296800,218,376675618400,376675618400,146921,False
714,0.5906573270201191,0.8328040647824706,nan,nan,20,6298,10.501429025087331,10.3,10.3,528296800,528296800,206,377203915200,377203915200,147127,False
715,0.6084536141255937,0.8229405973088284,nan,nan,20,6094,10.080571053495238,9.9,9.9,528296800,528296800,198,377732212000,377732212000,147325,False
716,0.5891715944128137,0.8255086071987481,nan,nan,20,6390,10.573708920187793,10.4,10.4,528296800,528296800,208,378260508800,378260508800,147533,False
717,0.676053620677491,0.8050024683231858,nan,nan,20,6077,10.111897317755473,10.0,10.0,528296800,528296800,200,378788805600,378788805600,147733,False
718,0.5748997220317104,0.8365556458164094,nan,nan,20,6155,10.301705930138096,10.1,10.1,528296800,528296800,202,379317102400,379317102400,147935,False
719,0.5947432232413621,0.8336252189141856,nan,nan,20,6281,10.510746696385926,10.25,10.25,528296800,528296800,205,379845399200,379845399200,148140,False
720,0.6157163579794787,0.8203802535023349,0.6983824298433197,0.7963548132264981,20,5996,10.29853235490327,9.75,9.75,528296800,528296800,195,380373696000,380373696000,148335,False
721,0.599882473777066,0.8314032697547684,nan,nan,20,5872,10.03099455040872,9.55,9.55,528296800,528296800,191,380901992800,380901992800,148526,False
722,0.641591452249535,0.813999669038557,nan,nan,20,6043,10.143802746979977,9.9,9.9,528296800,528296800,198,381430289600,381430289600,148724,False
723,0.5821545530876164,0.8271817328745699,nan,nan,20,6394,10.907413199874885,10.65,10.65,528296800,528296800,213,381958586400,381958586400,148937,False
724,0.5454755901325201,0.847351045433108,nan,nan,20,6361,10.63574909605408,10.4,10.4,528296800,528296800,208,382486883200,382486883200,149145,False
725,0.5534724642196877,0.8308032890575585,nan,nan,20,6324,10.680107526881724,10.45,10.45,528296800,528296800,209,383015180000,383015180000,149354,False
726,0.5800644773674953,0.8389419052402478,nan,nan,20,5973,10.344215637033315,9.75,9.75,528296800,528296800,195,383543476800,383543476800,149549,False
727,0.5856947641714801,0.8345288555591783,nan,nan,20,6134,10.337137267688291,10.0,10.0,528296800,528296800,200,384071773600,384071773600,149749,False
728,0.6435995320379105,0.8177243953903587,nan,nan,20,6161,10.452686252231778,10.2,10.2,528296800,528296800,204,384600070400,384600070400,149953,False
729,0.6297883641775741,0.8159499609069586,nan,nan,20,6395,10.617670054730258,10.45,10.45,528296800,528296800,209,385128367200,385128367200,150162,False
730,0.605787303080433,0.8214518229166666,0.679386636235754,0.8016589549712222,20,6144,10.272135416666666,9.95,9.95,528296800,528296800,199,385656664000,385656664000,150361,False
731,0.5333347528187208,0.8456977804803891,nan,nan,20,6578,11.157950744907266,10.8,10.8,528296800,528296800,216,386184960800,386184960800,150577,False
732,0.6245191330861564,0.822999222999223,nan,nan,20,6435,10.795337995337995,10.5,10.5,528296800,528296800,210,386713257600,386713257600,150787,False
733,0.6599272107152199,0.8084867894315453,nan,nan,20,6245,10.533546837469975,10.2,10.2,528296800,528296800,204,387241554400,387241554400,150991,False
734,0.6157441419180304,0.8253599628425453,nan,nan,20,6459,10.859420962997367,10.55,10.55,528296800,528296800,211,387769851200,387769851200,151202,False
735,0.6246866838460052,0.815668202764977,nan,nan,20,6510,11.097695852534564,10.75,10.75,528296800,528296800,215,388298148000,388298148000,151417,False
736,0.6826281139384145,0.8075924724205061,nan,nan,20,6164,10.441434133679428,10.05,10.05,528296800,528296800,201,388826444800,388826444800,151618,False
737,0.5977838045238665,0.8310599835661463,nan,nan,20,6085,10.397041906327033,10.0,10.0,528296800,528296800,200,389354741600,389354741600,151818,False
738,0.5488174090119853,0.839711417816813,nan,nan,20,6376,10.601787954830614,10.45,10.45,528296800,528296800,209,389883038400,389883038400,152027,False
739,0.5962645678514942,0.8300106528686654,nan,nan,20,6571,10.82392329934561,10.7,10.7,528296800,528296800,214,390411335200,390411335200,152241,False
740,0.6456006447296245,0.8174681059862611,0.6705750198386321,0.8059474099988715,20,6114,10.336277396140007,10.05,10.05,528296800,528296800,201,390939632000,390939632000,152442,False
741,0.6244906145595406,0.8224943936518889,nan,nan,20,5797,9.916508538899429,9.45,9.45,528296800,528296800,189,391467928800,391467928800,152631,False
742,0.5141669508885899,0.8501975083561227,nan,nan,20,6582,10.782892737769675,10.7,10.7,528296800,528296800,214,391996225600,391996225600,152845,False
743,0.6879008902757328,0.8096337842296272,nan,nan,20,6062,10.316562190696141,9.85,9.85,528296800,528296800,197,392524522400,392524522400,153042,False
744,0.6631312946797694,0.8122489959839357,nan,nan,20,5976,10.414658634538153,9.95,9.95,528296800,528296800,199,393052819200,393052819200,153241,False
745,0.6183116007772838,0.8141549525988885,nan,nan,20,6118,10.380679960771495,10.05,10.05,528296800,528296800,201,393581116000,393581116000,153442,False
746,0.6417543968065998,0.8036977491961415,nan,nan,20,6220,10.447909967845657,10.25,10.25,528296800,528296800,205,394109412800,394109412800,153647,False
747,0.5295057935840488,0.8393412057178372,nan,nan,20,6436,10.82147296457427,10.6,10.6,528296800,528296800,212,394637709600,394637709600,153859,False
748,0.5291273281160841,0.8464311463590483,nan,nan,20,6935,11.28507570295602,11.25,11.25,528296800,528296800,225,395166006400,395166006400,154084,False
749,0.5806500928458644,0.8301733916707179,nan,nan,20,6171,10.276130286825474,10.15,10.15,528296800,528296800,203,395694303200,395694303200,154287,False
750,0.5751500064459953,0.8291634689178818,0.6610211940883124,0.8066245344769214,20,6515,10.774059861857253,10.6,10.6,528296800,528296800,212,396222600000,396222600000,154499,False
751,0.5529366029567508,0.8373503343181464,nan,nan,20,6431,10.586222982428861,10.45,10.45,528296800,528296800,209,396750896800,396750896800,154708,False
752,0.698329157046839,0.7964485366655706,nan,nan,20,6082,10.236764222295301,9.95,9.95,528296800,528296800,199,397279193600,397279193600,154907,False
753,0.5932180255904951,0.825956843597417,nan,nan,20,6349,10.48921089935423,10.35,10.35,528296800,528296800,207,397807490400,397807490400,155114,False
754,0.5434656462588244,0.8418326048243484,nan,nan,20,6177,10.538287194430952,10.2,10.2,528296800,528296800,204,398335787200,398335787200,155318,False
755,0.571064261533617,0.8376395534290271,nan,nan,20,6270,10.454226475279109,10.25,10.25,528296800,528296800,205,398864084000,398864084000,155523,False
756,0.5753069673612814,0.8337591823698499,nan,nan,20,6262,10.544394762056852,10.25,10.25,528296800,528296800,205,399392380800,399392380800,155728,False
757,0.6080525688996862,0.8280556830350314,nan,nan,20,6537,11.022028453418999,10.85,10.85,528296800,528296800,217,399920677600,399920677600,155945,False
758,0.48857795410457805,0.8584877011843304,nan,nan,20,6586,10.958852110537505,10.8,10.8,528296800,528296800,216,400448974400,400448974400,156161,False
759,0.6108990800850911,0.8256910569105691,nan,nan,20,6150,10.511544715447156,10.15,10.15,528296800,528296800,203,400977271200,400977271200,156364,False
760,0.5342881714144929,0.8403374002108751,0.6729738723476992,0.8047624421622842,20,6639,11.056183160114474,10.9,10.9,528296800,528296800,218,401505568000,401505568000,156582,False
761,0.6336429218868376,0.8229578392621871,nan,nan,20,6072,10.335968379446642,10.0,10.0,528296800,528296800,200,402033864800,402033864800,156782,False
762,0.573243113429949,0.8339004021033096,nan,nan,20,6466,10.763377667800803,10.55,10.55,528296800,528296800,211,402562161600,402562161600,156993,False
763,0.6692213586691189,0.8051866895797531,nan,nan,20,6401,10.609279800031244,10.45,10.45,528296800,528296800,209,403090458400,403090458400,157202,False
764,0.6731758649111818,0.8021313822172738,nan,nan,20,6287,10.57276920629871,10.35,10.35,528296800,528296800,207,403618755200,403618755200,157409,False
765,0.5804832777887728,0.8288500865187982,nan,nan,20,6357,10.52571967909391,10.35,10.35,528296800,528296800,207,404147052000,404147052000,157616,False
766,0.5845903044298585,0.828423691632717,nan,nan,20,6382,10.705108116577874,10.5,10.5,528296800,528296800,210,404675348800,404675348800,157826,False
767,0.515974733871174,0.840858856962425,nan,nan,20,6334,10.66277233975371,10.35,10.35,528296800,528296800,207,405203645600,405203645600,158033,False
768,0.5056670884849055,0.8492037699057523,nan,nan,20,6154,10.182970425739356,10.0,10.0,528296800,528296800,200,405731942400,405731942400,158233,False
769,0.6216373292327599,0.8150930510500256,nan,nan,20,5857,10.054464743042514,9.5,9.5,528296800,528296800,190,406260239200,406260239200,158423,False
770,0.5932011852407132,0.8290061187365636,0.6501110850479893,0.8110822706240831,20,6047,10.074251695055397,9.85,9.85,528296800,528296800,197,406788536000,406788536000,158620,False
771,0.6067617344209281,0.8247092533288387,nan,nan,20,5933,9.88673520984325,9.7,9.7,528296800,528296800,194,407316832800,407316832800,158814,False
772,0.5391916677655302,0.8407494145199064,nan,nan,20,6405,10.696955503512882,10.5,10.5,528296800,528296800,210,407845129600,407845129600,159024,False
773,0.6513131225948372,0.8127224887788268,nan,nan,20,6461,10.845999071351182,10.7,10.7,528296800,528296800,214,408373426400,408373426400,159238,False
774,0.6275723158124596,0.8181398213735757,nan,nan,20,6494,10.809978441638437,10.7,10.7,528296800,528296800,214,408901723200,408901723200,159452,False
775,0.5886494059579933,0.8246460245837871,nan,nan,20,6427,10.599813287692548,10.45,10.45,528296800,528296800,209,409430020000,409430020000,159661,False
776,0.6587766557778754,0.8042137718396711,nan,nan,20,5838,9.999143542309012,9.6,9.6,528296800,528296800,192,409958316800,409958316800,159853,False
777,0.5405505697292733,0.8377153218495014,nan,nan,20,6618,11.003475370202478,10.85,10.85,528296800,528296800,217,410486613600,410486613600,160070,False
778,0.6308672483018015,0.8195256660168941,nan,nan,20,6156,10.341455490578298,10.15,10.15,528296800,528296800,203,411014910400,411014910400,160273,False
779,0.6069642320832244,0.8270764119601329,nan,nan,20,6020,10.393521594684383,9.95,9.95,528296800,528296800,199,411543207200,411543207200,160472,False
780,0.6701907556925131,0.8109565217391305,0.6477906431386036,0.8106872813452206,20,5750,9.911999999999999,9.4,9.4,528296800,528296800,188,412071504000,412071504000,160660,False
781,0.5497515854594209,0.8358982412060302,nan,nan,20,6368,10.48963567839196,10.3,10.3,528296800,528296800,206,412599800800,412599800800,160866,False
782,0.7408934571006681,0.7845800988002822,nan,nan,20,5668,9.738884968242767,9.35,9.35,528296800,528296800,187,413128097600,413128097600,161053,False
783,0.5994702366963547,0.824346675487926,nan,nan,20,6046,10.150181938471718,9.9,9.9,528296800,528296800,198,413656394400,413656394400,161251,False
784,0.5390312322081914,0.834051724137931,nan,nan,20,6032,10.249502652519894,9.9,9.9,528296800,528296800,198,414184691200,414184691200,161449,False
785,0.515296056059545,0.8441197954711468,nan,nan,20,6845,11.315266617969318,11.2,11.2,528296800,528296800,224,414712988000,414712988000,161673,False
786,0.5702133103603784,0.8346236204908581,nan,nan,20,6071,10.157799374073463,9.9,9.9,528296800,528296800,198,415241284800,415241284800,161871,False
787,0.631102320803091,0.8049841110553604,nan,nan,20,5979,10.100518481351397,9.75,9.75,528296800,528296800,195,415769581600,415769581600,162066,False
788,0.5837062163321305,0.8315406255171273,nan,nan,20,6043,10.062882674168462,9.9,9.9,528296800,528296800,198,416297878400,416297878400,162264,False
789,0.5925024402819998,0.823089430894309,nan,nan,20,6150,10.313495934959349,10.05,10.05,528296800,528296800,201,416826175200,416826175200,162465,False
790,0.6305713285130169,0.8158181535108205,0.6344296595283696,0.8138471955761201,20,6423,10.50288027401526,10.4,10.4,528296800,528296800,208,417354472000,417354472000,162673,False
791,0.6137115394204496,0.8198610405016099,nan,nan,20,5901,9.855617691916624,9.65,9.65,528296800,528296800,193,417882768800,417882768800,162866,False
792,0.5189666496131243,0.8507801848204818,nan,nan,20,6601,11.069837903347976,10.75,10.75,528296800,528296800,215,418411065600,418411065600,163081,False
793,0.5923538062053147,0.834789391575663,nan,nan,20,6410,10.69204368174727,10.5,10.5,528296800,528296800,210,418939362400,418939362400,163291,False
794,0.5346292209425295,0.8517000607164542,nan,nan,20,6588,10.877959927140257,10.75,10.75,528296800,528296800,215,419467659200,419467659200,163506,False
795,0.5972190002399387,0.8266709823596051,nan,nan,20,6179,10.55850461239683,10.15,10.15,528296800,528296800,203,419995956000,419995956000,163709,False
796,0.4644620138850526,0.860818537466145,nan,nan,20,6646,11.107733975323503,10.95,10.95,528296800,528296800,219,420524252800,420524252800,163928,False
797,0.6797671401775828,0.7972646822204345,nan,nan,20,6215,10.449074818986324,10.25,10.25,528296800,528296800,205,421052549600,421052549600,164133,False
798,0.6374687715682815,0.8197656002534052,nan,nan,20,6314,10.652834969908143,10.45,10.45,528296800,528296800,209,421580846400,421580846400,164342,False
799,0.5719086068924241,0.8315842078960519,nan,nan,20,6003,10.148925537231385,9.85,9.85,528296800,528296800,197,422109143200,422109143200,164539,False
800,0.51704979575416,0.8488279381278903,0.6456029063731603,0.8110822706240831,20,6271,10.523042576941476,10.3,10.3,528296800,528296800,206,422637440000,422637440000,164745,False
801,0.5192713262349067,0.8403652392947103,nan,nan,20,6352,10.552739294710328,10.4,10.4,528296800,528296800,208,423165736800,423165736800,164953,False
802,0.5634338580660408,0.8273687529560145,nan,nan,20,6343,10.459246413369067,10.35,10.35,528296800,528296800,207,423694033600,423694033600,165160,False
803,0.5813898303545701,0.8359920239282154,nan,nan,20,6018,10.406613492854769,9.9,9.9,528296800,528296800,198,424222330400,424222330400,165358,False
804,0.5385147603280281,0.8477316963617308,nan,nan,20,6679,11.105255277736187,10.95,10.95,528296800,528296800,219,424750627200,424750627200,165577,False
805,0.5354303400565468,0.843859649122807,nan,nan,20,6270,10.583094098883574,10.35,10.35,528296800,528296800,207,425278924000,425278924000,165784,False
806,0.569639756357593,0.830575882914413,nan,nan,20,6286,10.479478205536113,10.25,10.25,528296800,528296800,205,425807220800,425807220800,165989,False
807,0.5541351279090164,0.8426603163803368,nan,nan,20,5879,10.095424391903384,9.7,9.7,528296800,528296800,194,426335517600,426335517600,166183,False
808,0.5729209157649586,0.8351563703589585,nan,nan,20,6491,10.674164227391772,10.6,10.6,528296800,528296800,212,426863814400,426863814400,166395,False
809,0.6110083930917862,0.8211486162214046,nan,nan,20,6251,10.395616701327787,10.2,10.2,528296800,528296800,204,427392111200,427392111200,166599,False
810,0.6478346333048102,0.8107523559400587,0.6303629968750492,0.8174020990858819,20,6473,10.769504093928628,10.6,10.6,528296800,528296800,212,427920408000,427920408000,166811,False
811,0.6170635765053069,0.8194533762057877,nan,nan,20,6220,10.530546623794212,10.3,10.3,528296800,528296800,206,428448704800,428448704800,167017,False
812,0.5003216831360695,0.8583489681050657,nan,nan,20,6396,10.528455284552846,10.4,10.4,528296800,528296800,208,428977001600,428977001600,167225,False
813,0.5727949616588326,0.8328173374613003,nan,nan,20,6137,10.61789147792081,10.1,10.1,528296800,528296800,202,429505298400,429505298400,167427,False
814,0.5884222537738483,0.827186684073107,nan,nan,20,6128,10.392460835509139,10.2,10.2,528296800,528296800,204,430033595200,430033595200,167631,False
815,0.446535692582552,0.8629032258064516,nan,nan,20,6572,10.941113816189896,10.75,10.75,528296800,528296800,215,430561892000,430561892000,167846,False
816,0.6023808053438214,0.8224256292906178,nan,nan,20,6555,11.001983218916855,10.8,10.8,528296800,528296800,216,431090188800,431090188800,168062,False
817,0.5753570483808073,0.8254672157111181,nan,nan,20,6314,10.441241685144124,10.3,10.3,528296800,528296800,206,431618485600,431618485600,168268,False
818,0.5501891773399104,0.8350498873511426,nan,nan,20,6214,10.401834567106533,10.2,10.2,528296800,528296800,204,432146782400,432146782400,168472,False
819,0.5067905655571385,0.8492507946117754,nan,nan,20,6607,10.802179506583926,10.65,10.65,528296800,528296800,213,432675079200,432675079200,168685,False
820,0.5058150226868562,0.8431961550015019,0.623672197626805,0.8186434939623067,20,6658,11.053619705617301,10.95,10.95,528296800,528296800,219,433203376000,433203376000,168904,False
821,0.5724400113786938,0.8349547131834955,nan,nan,20,5962,10.237671922173769,9.8,9.8,528296800,528296800,196,433731672800,433731672800,169100,False
822,0.506461896891289,0.8500077555452148,nan,nan,20,6447,10.876686831084227,10.65,10.65,528296800,528296800,213,434259969600,434259969600,169313,False
823,0.6074883785837736,0.828467729209405,nan,nan,20,6337,10.616064383777811,10.4,10.4,528296800,528296800,208,434788266400,434788266400,169521,False
824,0.4959096586805832,0.8555347091932458,nan,nan,20,6396,10.688242651657287,10.5,10.5,528296800,528296800,210,435316563200,435316563200,169731,False
825,0.5907389932309006,0.8222849083215797,nan,nan,20,6381,10.53361542078044,10.35,10.35,528296800,528296800,207,435844860000,435844860000,169938,False
826,0.544774017907249,0.8352574102964119,nan,nan,20,6410,10.769890795631824,10.5,10.5,528296800,528296800,210,436373156800,436373156800,170148,False
827,0.5852024346234088,0.8266645326504481,nan,nan,20,6248,10.446862996158771,10.25,10.25,528296800,528296800,205,436901453600,436901453600,170353,False
828,0.5740069632360668,0.8285253827558421,nan,nan,20,6205,10.370024174053183,10.15,10.15,528296800,528296800,203,437429750400,437429750400,170556,False
829,0.5222914597701008,0.8397865853658537,nan,nan,20,6560,10.89405487804878,10.8,10.8,528296800,528296800,216,437958047200,437958047200,170772,False
830,0.6005857408851843,0.8292032622333751,0.6145824311670446,0.8177970883647444,20,6376,10.639429109159348,10.45,10.45,528296800,528296800,209,438486344000,438486344000,170981,False
831,0.5657659656999708,0.8358844879280417,nan,nan,20,6337,10.474199147861764,10.3,10.3,528296800,528296800,206,439014640800,439014640800,171187,False
832,0.50888004480681,0.8496097137901127,nan,nan,20,5765,9.942758022549873,9.45,9.45,528296800,528296800,189,439542937600,439542937600,171376,False
833,0.5213656147945651,0.8491662842282393,nan,nan,20,6537,10.843353220131558,10.65,10.65,528296800,528296800,213,440071234400,440071234400,171589,False
834,0.48087447135429884,0.8582549941245593,nan,nan,20,6808,11.19021739130435,11.05,11.05,528296800,528296800,221,440599531200,440599531200,171810,False
835,0.49965905621687723,0.8505659223003976,nan,nan,20,6538,10.895839706332213,10.7,10.7,528296800,528296800,214,441127828000,441127828000,172024,False
836,0.5491957434837168,0.8422889043963713,nan,nan,20,5732,10.006280530355896,9.5,9.5,528296800,528296800,190,441656124800,441656124800,172214,False
837,0.6203783091876137,0.816724508345728,nan,nan,20,6051,10.203106924475293,9.9,9.9,528296800,528296800,198,442184421600,442184421600,172412,False
838,0.4866918695627143,0.8502707868748008,nan,nan,20,6278,10.652914941064036,10.3,10.3,528296800,528296800,206,442712718400,442712718400,172618,False
839,0.5076634537731411,0.8466748768472906,nan,nan,20,6496,10.822044334975372,10.65,10.65,528296800,528296800,213,443241015200,443241015200,172831,False
840,0.5368618491240633,0.8451929158760279,0.6173098203143313,0.8171199638866945,20,6324,10.736875395319418,10.35,10.35,528296800,528296800,207,443769312000,443769312000,173038,False
841,0.5875128589646118,0.8336317517159056,nan,nan,20,6702,11.159653834676217,11.0,11.0,528296800,528296800,220,444297608800,444297608800,173258,False
842,0.5612475543035098,0.8379960962914769,nan,nan,20,6148,10.048633702016915,9.95,9.95,528296800,528296800,199,444825905600,444825905600,173457,False
843,0.5767386012403067,0.8288538770466481,nan,nan,20,6474,10.660333642261353,10.5,10.5,528296800,528296800,210,445354202400,445354202400,173667,False
844,0.5117544667707715,0.8557993730407524,nan,nan,20,6380,10.648275862068969,10.35,10.35,528296800,528296800,207,445882499200,445882499200,173874,False
845,0.5544690628203419,0.8372055760294824,nan,nan,20,6241,10.602467553276716,10.25,10.25,528296800,528296800,205,446410796000,446410796000,174079,False
846,0.5734560024245744,0.83390494855463,nan,nan,20,6123,10.43655071043606,10.1,10.1,528296800,528296800,202,446939092800,446939092800,174281,False
847,0.5932440854007129,0.8291003671970624,nan,nan,20,6536,10.784577723378213,10.65,10.65,528296800,528296800,213,447467389600,447467389600,174494,False
848,0.5063376498113201,0.8462407228138109,nan,nan,20,6198,10.657308809293317,10.2,10.2,528296800,528296800,204,447995686400,447995686400,174698,False
849,0.6154557153490817,0.8180623973727422,nan,nan,20,6090,10.296387520525453,9.95,9.95,528296800,528296800,199,448523983200,448523983200,174897,False
850,0.5035034756023292,0.8475812846946867,0.6175235951946385,0.8192641914005191,20,6305,10.57097541633624,10.4,10.4,528296800,528296800,208,449052280000,449052280000,175105,False
851,0.5028066058583838,0.8498848810437452,nan,nan,20,6515,10.75594781273983,10.6,10.6,528296800,528296800,212,449580576800,449580576800,175317,False
852,0.49041992296453135,0.8556554661618552,nan,nan,20,6339,10.613503707209338,10.35,10.35,528296800,528296800,207,450108873600,450108873600,175524,False
853,0.45710594817184286,0.8647896039603961,nan,nan,20,6464,10.74009900990099,10.55,10.55,528296800,528296800,211,450637170400,450637170400,175735,False
854,0.6176675283810857,0.8256615878107458,nan,nan,20,6235,10.583640737770647,10.15,10.15,528296800,528296800,203,451165467200,451165467200,175938,False
855,0.5905569085405663,0.8216696854931664,nan,nan,20,6073,10.443602832208134,10.05,10.05,528296800,528296800,201,451693764000,451693764000,176139,False
856,0.5916063424223148,0.8176642810670136,nan,nan,20,6148,10.216493168510084,10.05,10.05,528296800,528296800,201,452222060800,452222060800,176340,False
857,0.4416182525415428,0.873038073038073,nan,nan,20,6435,10.71033411033411,10.45,10.45,528296800,528296800,209,452750357600,452750357600,176549,False
858,0.6019313964271663,0.825139146567718,nan,nan,20,6468,10.654452690166979,10.5,10.5,528296800,528296800,210,453278654400,453278654400,176759,False
859,0.5478450545682704,0.8376971608832807,nan,nan,20,6340,10.843059936908515,10.35,10.35,528296800,528296800,207,453806951200,453806951200,176966,False
860,0.5592575632886202,0.8328933064140395,0.5996830859944104,0.8242861979460557,20,6439,10.600869700264017,10.5,10.5,528296800,528296800,210,454335248000,454335248000,177176,False
861,0.49882129597661623,0.8478425435276306,nan,nan,20,6605,11.30325510976533,10.85,10.85,528296800,528296800,217,454863544800,454863544800,177393,False
862,0.613054494653958,0.820952992138617,nan,nan,20,6233,10.454516284293279,10.2,10.2,528296800,528296800,204,455391841600,455391841600,177597,False
863,0.5549103856432819,0.838720155920091,nan,nan,20,6157,10.21114178983271,10.0,10.0,528296800,528296800,200,455920138400,455920138400,177797,False
864,0.5278406245855893,0.8453625921481227,nan,nan,20,5833,10.036002057260417,9.55,9.55,528296800,528296800,191,456448435200,456448435200,177988,False
865,0.5020529223641189,0.8497521685254027,nan,nan,20,6456,10.8570322180917,10.7,10.7,528296800,528296800,214,456976732000,456976732000,178202,False
866,0.5207342655929162,0.8427281220803488,nan,nan,20,6422,10.789940828402367,10.5,10.5,528296800,528296800,210,457505028800,457505028800,178412,False
867,0.5351237623423887,0.8365739996786116,nan,nan,20,6223,10.404788687128395,10.25,10.25,528296800,528296800,205,458033325600,458033325600,178617,False
868,0.48787975230173475,0.8572988147223956,nan,nan,20,6412,10.696662507797878,10.45,10.45,528296800,528296800,209,458561622400,458561622400,178826,False
869,0.4651256831138269,0.8592352759790317,nan,nan,20,6486,10.713074313906876,10.6,10.6,528296800,528296800,212,459089919200,459089919200,179038,False
870,0.5186601099017714,0.8450943980191891,0.5973753684894345,0.8240604897867058,20,6462,10.606159083874958,10.45,10.45,528296800,528296800,209,459618216000,459618216000,179247,False
871,0.4916341478019981,0.8554141128398555,nan,nan,20,6363,10.532924721043532,10.4,10.4,528296800,528296800,208,460146512800,460146512800,179455,False
872,0.5367702408066729,0.8416304710992315,nan,nan,20,5986,10.108085532910124,9.8,9.8,528296800,528296800,196,460674809600,460674809600,179651,False
873,0.5641800478568632,0.8296703296703297,nan,nan,20,6370,10.545996860282575,10.4,10.4,528296800,528296800,208,461203106400,461203106400,179859,False
874,0.5445376590308512,0.8427912891432204,nan,nan,20,6291,10.593705293276109,10.3,10.3,528296800,528296800,206,461731403200,461731403200,180065,False
875,0.5777035984319494,0.8308547148226835,nan,nan,20,6119,10.539794084000656,10.05,10.05,528296800,528296800,201,462259700000,462259700000,180266,False
876,0.5355859919479543,0.8379843725083719,nan,nan,20,6271,10.51347472492425,10.3,10.3,528296800,528296800,206,462787996800,462787996800,180472,False
877,0.41840423626634327,0.8683959261616805,nan,nan,20,6284,10.881444939528963,10.35,10.35,528296800,528296800,207,463316293600,463316293600,180679,False
878,0.4653074224675894,0.8600244498777506,nan,nan,20,6544,10.886613691931542,10.65,10.65,528296800,528296800,213,463844590400,463844590400,180892,False
879,0.5292273087316155,0.8377999376752883,nan,nan,20,6418,10.568089747584917,10.4,10.4,528296800,528296800,208,464372887200,464372887200,181100,False
880,0.5093860623578985,0.8456228427988705,0.5918032398222263,0.8256404469021555,20,6374,10.578129902729842,10.4,10.4,528296800,528296800,208,464901184000,464901184000,181308,False
881,0.492246999493986,0.8487150476806207,nan,nan,20,6187,10.409730079198319,10.15,10.15,528296800,528296800,203,465429480800,465429480800,181511,False
882,0.5242935165646294,0.8443163097199341,nan,nan,20,6070,10.40181219110379,10.05,10.05,528296800,528296800,201,465957777600,465957777600,181712,False
883,0.6416014354739927,0.8145927036481759,nan,nan,20,6003,10.028485757121437,9.8,9.8,528296800,528296800,196,466486074400,466486074400,181908,False
884,0.5557166302966456,0.8316779926816519,nan,nan,20,5739,9.781320787593659,9.4,9.4,528296800,528296800,188,467014371200,467014371200,182096,False
885,0.5905719960809,0.8279040203400604,nan,nan,20,6293,10.446845701573174,10.3,10.3,528296800,528296800,206,467542668000,467542668000,182302,False
886,0.5694009813720825,0.8389993585631815,nan,nan,20,6236,10.472738935214881,10.25,10.25,528296800,528296800,205,468070964800,468070964800,182507,False
887,0.5074399226554194,0.8455038265306123,nan,nan,20,6272,10.54129464285714,10.3,10.3,528296800,528296800,206,468599261600,468599261600,182713,False
888,0.46666769718002504,0.8630518977536793,nan,nan,20,6455,10.669868319132455,10.55,10.55,528296800,528296800,211,469127558400,469127558400,182924,False
889,0.5367565651573998,0.8393407270486752,nan,nan,20,6492,10.757855822550829,10.65,10.65,528296800,528296800,213,469655855200,469655855200,183137,False
890,0.47683613184831686,0.8571642237511218,0.588789605055769,0.8263739984200429,20,6686,11.070894406221957,10.95,10.95,528296800,528296800,219,470184152000,470184152000,183356,False
891,0.5247303848510032,0.8441441441441442,nan,nan,20,6660,11.031981981981982,10.85,10.85,528296800,528296800,217,470712448800,470712448800,183573,False
892,0.49238174447501254,0.8540594388178648,nan,nan,20,6023,10.414411422878965,9.9,9.9,528296800,528296800,198,471240745600,471240745600,183771,False
893,0.6211036831012501,0.8168384879725086,nan,nan,20,5820,9.940893470790376,9.55,9.55,528296800,528296800,191,471769042400,471769042400,183962,False
894,0.47903543079508576,0.8558694666868107,nan,nan,20,6619,10.972654479528632,10.9,10.9,528296800,528296800,218,472297339200,472297339200,184180,False
895,0.48417035407119563,0.8546530220658778,nan,nan,20,6254,10.645986568596099,10.25,10.25,528296800,528296800,205,472825636000,472825636000,184385,False
896,0.5861792288557491,0.8279137153895686,nan,nan,20,6212,10.521249195106245,10.1,10.1,528296800,528296800,202,473353932800,473353932800,184587,False
897,0.4595271659095162,0.8594135802469136,nan,nan,20,6480,10.811265432098764,10.65,10.65,528296800,528296800,213,473882229600,473882229600,184800,False
898,0.5214032724783288,0.8419314249764077,nan,nan,20,6358,10.512425290972004,10.4,10.4,528296800,528296800,208,474410526400,474410526400,185008,False
899,0.55582771119922,0.8362369337979094,nan,nan,20,6027,10.334328853492618,9.9,9.9,528296800,528296800,198,474938823200,474938823200,185206,False
900,0.5331972798959789,0.8416772959183674,0.5789828391420075,0.8290824963322424,20,6272,10.544323979591836,10.3,10.3,528296800,528296800,206,475467120000,475467120000,185412,False
901,0.4913381439856563,0.8568336425479283,nan,nan,20,6468,10.768707482993198,10.55,10.55,528296800,528296800,211,475995416800,475995416800,185623,False
902,0.5408394160635922,0.8419134396355353,nan,nan,20,6585,11.261503416856492,10.9,10.9,528296800,528296800,218,476523713600,476523713600,185841,False
903,0.6289360839267628,0.8102690346404079,nan,nan,20,5687,9.80886231756638,9.35,9.35,528296800,528296800,187,477052010400,477052010400,186028,False
904,0.48270654883305736,0.8492912930286376,nan,nan,20,6914,11.648828463986117,11.35,11.35,528296800,528296800,227,477580307200,477580307200,186255,False
905,0.46036523893079084,0.8642663692846901,nan,nan,20,6277,10.481918113748605,10.25,10.25,528296800,528296800,205,478108604000,478108604000,186460,False
906,0.40931741123666016,0.8742681047765793,nan,nan,20,6490,10.73744221879815,10.6,10.6,528296800,528296800,212,478636900800,478636900800,186672,False
907,0.5857609062845245,0.8286307772200104,nan,nan,20,5777,9.841959494547341,9.5,9.5,528296800,528296800,190,479165197600,479165197600,186862,False
908,0.5462255859109313,0.8386738578680203,nan,nan,20,6304,10.533470812182738,10.35,10.35,528296800,528296800,207,479693494400,479693494400,187069,False
909,0.5225373275355366,0.8512210796915167,nan,nan,20,6224,10.566356041131105,10.25,10.25,528296800,528296800,205,480221791200,480221791200,187274,False
910,0.49141323017253924,0.8490479115479116,0.5876365644764165,0.8254147387428056,20,6512,10.835380835380835,10.75,10.75,528296800,528296800,215,480750088000,480750088000,187489,False
911,0.45506044505014037,0.8632567849686847,nan,nan,20,6706,11.029973158365642,10.9,10.9,528296800,528296800,218,481278384800,481278384800,187707,False
912,0.5776308504163712,0.8304688803604204,nan,nan,20,5993,10.190722509594528,9.9,9.9,528296800,528296800,198,481806681600,481806681600,187905,False
913,0.46579107895152866,0.8607003891050584,nan,nan,20,6425,10.790038910505835,10.55,10.55,528296800,528296800,211,482334978400,482334978400,188116,False
914,0.4674519098083495,0.8565847305876607,nan,nan,20,6143,10.312388083998046,10.0,10.0,528296800,528296800,200,482863275200,482863275200,188316,False
915,0.48176639935723087,0.8631578947368421,nan,nan,20,6365,10.424666142969365,10.25,10.25,528296800,528296800,205,483391572000,483391572000,188521,False
916,0.5201117933913263,0.8433364112034473,nan,nan,20,6498,11.214835333948907,10.7,10.7,528296800,528296800,214,483919868800,483919868800,188735,False
917,0.4653759117924786,0.8600060277275468,nan,nan,20,6636,11.268836648583482,10.85,10.85,528296800,528296800,217,484448165600,484448165600,188952,False
918,0.5117502787579641,0.8459784096092443,nan,nan,20,6577,10.872282195529879,10.75,10.75,528296800,528296800,215,484976462400,484976462400,189167,False
919,0.507690829175959,0.8495492695057507,nan,nan,20,6434,10.640814423375819,10.5,10.5,528296800,528296800,210,485504759200,485504759200,189377,False
920,0.5308514334214485,0.8436220472440945,0.5792882363974624,0.8278411014558176,20,6350,10.54015748031496,10.35,10.35,528296800,528296800,207,486033056000,486033056000,189584,False
921,0.5439316347057075,0.8435234793570753,nan,nan,20,6346,10.622124172707217,10.35,10.35,528296800,528296800,207,486561352800,486561352800,189791,False
922,0.49041777630836697,0.8531424025457438,nan,nan,20,6285,10.56260938743039,10.35,10.35,528296800,528296800,207,487089649600,487089649600,189998,False
923,0.5159633888434179,0.8410757946210269,nan,nan,20,6135,10.355175224123878,10.1,10.1,528296800,528296800,202,487617946400,487617946400,190200,False
924,0.6408177672345234,0.8151994724695022,nan,nan,20,6066,10.363501483679526,10.0,10.0,528296800,528296800,200,488146243200,488146243200,190400,False
925,0.48015011414623604,0.8586001255492781,nan,nan,20,6372,10.517263025737604,10.4,10.4,528296800,528296800,208,488674540000,488674540000,190608,False
926,0.5583588156186899,0.8356210244392367,nan,nan,20,5974,10.271007700033477,9.8,9.8,528296800,528296800,196,489202836800,489202836800,190804,False
927,0.5033044361131837,0.8510057961131947,nan,nan,20,5866,10.148312308216843,9.7,9.7,528296800,528296800,194,489731133600,489731133600,190998,False
928,0.5717894321009603,0.8308540865786395,nan,nan,20,5983,10.430720374394117,9.8,9.8,528296800,528296800,196,490259430400,490259430400,191194,False
929,0.4496896374253974,0.8707998810585786,nan,nan,20,6726,11.018733273862622,10.9,10.9,528296800,528296800,218,490787727200,490787727200,191412,False
930,0.4776343989153005,0.8516491868065056,0.5755111995742654,0.8300417560094797,20,6579,10.958656330749355,10.75,10.75,528296800,528296800,215,491316024000,491316024000,191627,False
931,0.5894099230311384,0.8300224287087472,nan,nan,20,6242,10.527875680871515,10.2,10.2,528296800,528296800,204,491844320800,491844320800,191831,False
932,0.4944862302123634,0.8500625390869293,nan,nan,20,6396,10.614133833646028,10.45,10.45,528296800,528296800,209,492372617600,492372617600,192040,False
933,0.5354331383399246,0.8417117403754375,nan,nan,20,6286,10.714922048997774,10.2,10.2,528296800,528296800,204,492900914400,492900914400,192244,False
934,0.558656541290494,0.8307692307692308,nan,nan,20,5850,9.834700854700856,9.6,9.6,528296800,528296800,192,493429211200,493429211200,192436,False
935,0.6326170150778017,0.8196376577159495,nan,nan,20,6182,10.403591070850858,10.15,10.15,528296800,528296800,203,493957508000,493957508000,192639,False
936,0.46239840488759837,0.8567990373044525,nan,nan,20,6648,11.007972322503011,10.85,10.85,528296800,528296800,217,494485804800,494485804800,192856,False
937,0.5823519164559242,0.8241740268236833,nan,nan,20,6114,10.364736669937848,10.0,10.0,528296800,528296800,200,495014101600,495014101600,193056,False
938,0.6144006306891782,0.8275803434790002,nan,nan,20,5881,9.927393300459105,9.6,9.6,528296800,528296800,192,495542398400,495542398400,193248,False
939,0.45890326059414627,0.8584639498432602,nan,nan,20,6380,10.707366771159874,10.45,10.45,528296800,528296800,209,496070695200,496070695200,193457,False
940,0.45588922478888544,0.8612858677305508,0.5662964362617056,0.8325809728021668,20,6517,10.713518490102807,10.6,10.6,528296800,528296800,212,496598992000,496598992000,193669,False
941,0.4685936055602189,0.8625517021953547,nan,nan,20,6286,10.732103086223356,10.35,10.35,528296800,528296800,207,497127288800,497127288800,193876,False
942,0.4874220122195159,0.8497242647058824,nan,nan,20,6528,11.000765931372548,10.75,10.75,528296800,528296800,215,497655585600,497655585600,194091,False
943,0.44723291354660955,0.8614001892147588,nan,nan,20,6342,10.710816777041943,10.45,10.45,528296800,528296800,209,498183882400,498183882400,194300,False
944,0.5319694373081633,0.8395754359363153,nan,nan,20,6595,10.899317664897648,10.7,10.7,528296800,528296800,214,498712179200,498712179200,194514,False
945,0.4646258012338171,0.8590034832651825,nan,nan,20,6603,10.885355141602304,10.8,10.8,528296800,528296800,216,499240476000,499240476000,194730,False
946,0.6036536376124999,0.8285612662279922,nan,nan,20,5623,9.627956606793527,9.25,9.25,528296800,528296800,185,499768772800,499768772800,194915,False
947,0.497845323608852,0.853187786742604,nan,nan,20,6321,10.84670147128619,10.4,10.4,528296800,528296800,208,500297069600,500297069600,195123,False
948,0.5064384878394983,0.8494501940491591,nan,nan,20,6184,10.366429495472186,10.15,10.15,528296800,528296800,203,500825366400,500825366400,195326,False
949,0.5259091973744827,0.8447126071768816,nan,nan,20,6298,10.304382343601144,10.15,10.15,528296800,528296800,203,501353663200,501353663200,195529,False
950,0.5218037696376455,0.8449081803005009,0.5685991011816416,0.8310574427265546,20,5990,10.084808013355596,9.75,9.75,528296800,528296800,195,501881960000,501881960000,195724,False
951,0.5280307196014665,0.8440470436603834,nan,nan,20,6207,10.412759787336876,10.15,10.15,528296800,528296800,203,502410256800,502410256800,195927,False
952,0.5313963134745949,0.8457928802588996,nan,nan,20,6180,10.332362459546927,10.05,10.05,528296800,528296800,201,502938553600,502938553600,196128,False
953,0.4384014804049471,0.8653906495136492,nan,nan,20,6374,10.551459052400377,10.45,10.45,528296800,528296800,209,503466850400,503466850400,196337,False
954,0.44218647640536385,0.8611853482156894,nan,nan,20,6361,10.653670806476967,10.4,10.4,528296800,528296800,208,503995147200,503995147200,196545,False
955,0.4716462848266353,0.8612955585067139,nan,nan,20,6777,11.320495794599381,11.0,11.0,528296800,528296800,220,504523444000,504523444000,196765,False
956,0.5191548793898814,0.8479559748427673,nan,nan,20,6360,10.527830188679246,10.4,10.4,528296800,528296800,208,505051740800,505051740800,196973,False
957,0.5077876343091242,0.8505947660586836,nan,nan,20,6305,10.517049960348931,10.3,10.3,528296800,528296800,206,505580037600,505580037600,197179,False
958,0.4695478303768558,0.8604651162790697,nan,nan,20,6106,10.225352112676056,10.0,10.0,528296800,528296800,200,506108334400,506108334400,197379,False
959,0.441035955732759,0.8622908622908623,nan,nan,20,6216,10.443693693693692,10.15,10.15,528296800,528296800,203,506636631200,506636631200,197582,False
960,0.4867562639903004,0.8568896051571313,0.558828879238157,0.8356280329533913,20,6205,10.488799355358582,10.25,10.25,528296800,528296800,205,507164928000,507164928000,197787,False
961,0.5049928869742351,0.8528193692258681,nan,nan,20,6278,10.359668684294363,10.15,10.15,528296800,528296800,203,507693224800,507693224800,197990,False
962,0.5129367904959883,0.8470781893004116,nan,nan,20,6075,10.22139917695473,10.05,10.05,528296800,528296800,201,508221521600,508221521600,198191,False
963,0.41607070873363766,0.8730791962174941,nan,nan,20,6768,10.963947990543733,10.85,10.85,528296800,528296800,217,508749818400,508749818400,198408,False
964,0.5265633344468059,0.8411869967193558,nan,nan,20,6706,11.01908738443185,10.85,10.85,528296800,528296800,217,509278115200,509278115200,198625,False
965,0.4712190115521509,0.857760691975012,nan,nan,20,6243,10.343104276790006,10.15,10.15,528296800,528296800,203,509806412000,509806412000,198828,False
966,0.46434188096559753,0.8597038191738113,nan,nan,20,6415,10.734996102883866,10.55,10.55,528296800,528296800,211,510334708800,510334708800,199039,False
967,0.48057715560556075,0.8553231640194999,nan,nan,20,6359,10.548671174713004,10.4,10.4,528296800,528296800,208,510863005600,510863005600,199247,False
968,0.4481122761200939,0.8601809236629107,nan,nan,20,6301,10.501031582288526,10.3,10.3,528296800,528296800,206,511391302400,511391302400,199453,False
969,0.47200306891581334,0.8650557037501961,nan,nan,20,6373,10.52518437156755,10.35,10.35,528296800,528296800,207,511919599200,511919599200,199660,False
970,0.5523498695431546,0.8361018826135105,0.5548285499825567,0.8327502539216792,20,6321,10.502293940832148,10.35,10.35,528296800,528296800,207,512447896000,512447896000,199867,False
971,0.41858910771835073,0.8740044600191144,nan,nan,20,6278,10.660879260911116,10.35,10.35,528296800,528296800,207,512976192800,512976192800,200074,False
972,0.5119256997161734,0.8464773922187171,nan,nan,20,6657,11.012918732161635,10.9,10.9,528296800,528296800,218,513504489600,513504489600,200292,False
973,0.47872711151332015,0.8540326571004453,nan,nan,20,6063,10.17779976909121,10.0,10.0,528296800,528296800,200,514032786400,514032786400,200492,False
974,0.5123803980485335,0.853522867737948,nan,nan,20,6472,10.921971569839307,10.65,10.65,528296800,528296800,213,514561083200,514561083200,200705,False
975,0.43978013067287586,0.8663451065816088,nan,nan,20,6427,10.75898552979617,10.55,10.55,528296800,528296800,211,515089380000,515089380000,200916,False
976,0.497120786586427,0.8555573172665293,nan,nan,20,6307,10.604090692880929,10.3,10.3,528296800,528296800,206,515617676800,515617676800,201122,False
977,0.45197347866891646,0.8635474650218143,nan,nan,20,6647,11.060027079885659,10.95,10.95,528296800,528296800,219,516145973600,516145973600,201341,False
978,0.5765884265937202,0.8285904476618405,nan,nan,20,6009,10.3088700282909,9.85,9.85,528296800,528296800,197,516674270400,516674270400,201538,False
979,0.46106925324337134,0.8632656324964018,nan,nan,20,6253,10.310570925955542,10.15,10.15,528296800,528296800,203,517202567200,517202567200,201741,False
980,0.48890373762827277,0.8551220270480335,0.5503154994066245,0.8352330436745289,20,6433,10.76636095134463,10.55,10.55,528296800,528296800,211,517730864000,517730864000,201952,False
981,0.45217568888499615,0.8638182109137462,nan,nan,20,6249,10.63354136661866,10.25,10.25,528296800,528296800,205,518259160800,518259160800,202157,False
982,0.5061509911928707,0.8403764204545454,nan,nan,20,5632,9.686257102272728,9.25,9.25,528296800,528296800,185,518787457600,518787457600,202342,False
983,0.5288268477121401,0.8432714239165852,nan,nan,20,6138,10.37210817855979,10.15,10.15,528296800,528296800,203,519315754400,519315754400,202545,False
984,0.4450337244343014,0.868831582298631,nan,nan,20,6282,10.584527220630369,10.25,10.25,528296800,528296800,205,519844051200,519844051200,202750,False
985,0.593546420368793,0.8198090692124105,nan,nan,20,5866,9.85219911353563,9.6,9.6,528296800,528296800,192,520372348000,520372348000,202942,False
986,0.45269229412547674,0.8656018070345273,nan,nan,20,6198,10.404969344949984,10.2,10.2,528296800,528296800,204,520900644800,520900644800,203146,False
987,0.43097240856685026,0.8671056569889255,nan,nan,20,6682,10.873091888656091,10.8,10.8,528296800,528296800,216,521428941600,521428941600,203362,False
988,0.5178135510057822,0.8419652636520106,nan,nan,20,6391,10.52041933969645,10.3,10.3,528296800,528296800,206,521957238400,521957238400,203568,False
989,0.45212117283879133,0.8611066559743384,nan,nan,20,6235,10.723817161186851,10.25,10.25,528296800,528296800,205,522485535200,522485535200,203773,False
990,0.46504221482787683,0.8573877805486284,0.5494271558774081,0.8377158334273784,20,6416,10.706047381546135,10.5,10.5,528296800,528296800,210,523013832000,523013832000,203983,False
991,0.5397034539095911,0.8366640440597954,nan,nan,20,6355,10.508261211644376,10.4,10.4,528296800,528296800,208,523542128800,523542128800,204191,False
992,0.4592143975383412,0.8593918814631888,nan,nan,20,6479,10.711529557030406,10.55,10.55,528296800,528296800,211,524070425600,524070425600,204402,False
993,0.38498040561542646,0.8789303555686159,nan,nan,20,6806,11.146341463414632,11.05,11.05,528296800,528296800,221,524598722400,524598722400,204623,False
994,0.5644991805068446,0.8316310739709069,nan,nan,20,6462,10.585731971525844,10.45,10.45,528296800,528296800,209,525127019200,525127019200,204832,False
995,0.5004913948134077,0.8422628427355815,nan,nan,20,6346,10.572171446580525,10.4,10.4,528296800,528296800,208,525655316000,525655316000,205040,False
996,0.4915771924002893,0.8469482120838471,nan,nan,20,6488,10.845561035758324,10.65,10.65,528296800,528296800,213,526183612800,526183612800,205253,False
997,0.4419869083843345,0.8625189681335357,nan,nan,20,6590,10.990136570561459,10.85,10.85,528296800,528296800,217,526711909600,526711909600,205470,False
998,0.4810443243483329,0.8552631578947368,nan,nan,20,6384,10.523966165413533,10.35,10.35,528296800,528296800,207,527240206400,527240206400,205677,False
999,0.4403846745794345,0.8667058132706987,nan,nan,20,6812,11.346300645918966,11.15,11.15,528296800,528296800,223,527768503200,527768503200,205900,False
1000,0.47114631281614094,0.8553345388788427,0.5497011913428281,0.8364180115111162,20,6636,11.075497287522602,10.9,10.9,528296800,528296800,218,528296800000,528296800000,206118,True
