round,train_loss,train_accuracy,test_loss,test_accuracy,num_fit_clients,num_fit_examples,tau_eff,mean_local_normalizer,mean_local_steps,round_upload_bytes,round_download_bytes,round_local_steps,cumulative_upload_bytes,cumulative_download_bytes,cumulative_local_steps,run_completed
1,4.098278394142489,0.04681170292573143,nan,nan,20,6665,11.338784696174043,10.9,10.9,528296800,528296800,218,528296800,528296800,218,False
2,4.032723368574212,0.06327958624885914,nan,nan,20,6574,11.026467903863704,10.8,10.8,528296800,528296800,216,1056593600,1056593600,434,False
3,3.920668000546698,0.0685817416152805,nan,nan,20,6649,10.932471048277936,10.75,10.75,528296800,528296800,215,1584890400,1584890400,649,False
4,3.773870724391475,0.07172859450726979,nan,nan,20,6190,10.401292407108238,10.1,10.1,528296800,528296800,202,2113187200,2113187200,851,False
5,3.7432940000690222,0.064032016008004,nan,nan,20,5997,10.414207103551776,9.8,9.8,528296800,528296800,196,2641484000,2641484000,1047,False
6,3.747938158152635,0.05896490946963628,nan,nan,20,6241,10.374779682743151,10.25,10.25,528296800,528296800,205,3169780800,3169780800,1252,False
7,3.726005469011051,0.05510976532929599,nan,nan,20,6605,10.889174867524604,10.8,10.8,528296800,528296800,216,3698077600,3698077600,1468,False
8,3.73893263934044,0.06338028169014084,nan,nan,20,5964,10.23390342052314,9.8,9.8,528296800,528296800,196,4226374400,4226374400,1664,False
9,3.7201116427966427,0.06045824094604582,nan,nan,20,6765,11.342054693274207,11.05,11.05,528296800,528296800,221,4754671200,4754671200,1885,False
10,3.732227920532514,0.058246567074090844,3.7216525339351096,0.05907911070985216,20,6627,10.928172627131433,10.8,10.8,528296800,528296800,216,5282968000,5282968000,2101,False
11,3.7155446179303557,0.054482650337572616,nan,nan,20,6369,10.638247762600093,10.3,10.3,528296800,528296800,206,5811264800,5811264800,2307,False
12,3.6978305048639304,0.058777795055201365,nan,nan,20,6431,10.752760068418597,10.6,10.6,528296800,528296800,212,6339561600,6339561600,2519,False
13,3.7162617089115035,0.05268199233716475,nan,nan,20,6264,10.430236270753513,10.25,10.25,528296800,528296800,205,6867858400,6867858400,2724,False
14,3.7109130554519703,0.06072200964897687,nan,nan,20,6011,10.326900682082847,10.0,10.0,528296800,528296800,200,7396155200,7396155200,2924,False
15,3.719789537353695,0.0649452269170579,nan,nan,20,6390,10.9056338028169,10.6,10.6,528296800,528296800,212,7924452000,7924452000,3136,False
16,3.7312941859452127,0.0587667042344228,nan,nan,20,6211,10.446787956850748,10.2,10.2,528296800,528296800,204,8452748800,8452748800,3340,False
17,3.715193437473244,0.060659980588806214,nan,nan,20,6182,10.417340666450986,10.15,10.15,528296800,528296800,203,8981045600,8981045600,3543,False
18,3.7179654282139927,0.06538339166401527,nan,nan,20,6286,10.537702831689467,10.3,10.3,528296800,528296800,206,9509342400,9509342400,3749,False
19,3.6948081672990405,0.05855137204850032,nan,nan,20,6268,10.47543075941289,10.3,10.3,528296800,528296800,206,10037639200,10037639200,3955,False
20,3.7047542768543025,0.05547675334909377,3.7158570124674912,0.05907911070985216,20,6345,10.846178092986602,10.45,10.45,528296800,528296800,209,10565936000,10565936000,4164,False
21,3.6938962637830763,0.06445149440641175,nan,nan,20,5989,10.032392719986644,9.8,9.8,528296800,528296800,196,11094232800,11094232800,4360,False
22,3.7075853741107516,0.06467739415716295,nan,nan,20,6401,10.60959225121075,10.35,10.35,528296800,528296800,207,11622529600,11622529600,4567,False
23,3.696750085907159,0.06815728604471859,nan,nan,20,6485,10.927833461835004,10.7,10.7,528296800,528296800,214,12150826400,12150826400,4781,False
24,3.7231521513021697,0.0579870437667878,nan,nan,20,6329,10.911992415863486,10.35,10.35,528296800,528296800,207,12679123200,12679123200,4988,False
25,3.698321494723011,0.06326464906632324,nan,nan,20,6212,10.298293625241469,10.15,10.15,528296800,528296800,203,13207420000,13207420000,5191,False
26,3.694917451633229,0.05793854033290653,nan,nan,20,6248,10.416613316261202,10.2,10.2,528296800,528296800,204,13735716800,13735716800,5395,False
27,3.7232590831307983,0.05711068211068211,nan,nan,20,6216,10.391891891891893,10.15,10.15,528296800,528296800,203,14264013600,14264013600,5598,False
28,3.7060896920497726,0.06610670399751127,nan,nan,20,6429,10.565562295846942,10.45,10.45,528296800,528296800,209,14792310400,14792310400,5807,False
29,3.722610693359828,0.06176819955879857,nan,nan,20,5893,10.094858306465298,9.75,9.75,528296800,528296800,195,15320607200,15320607200,6002,False
30,3.705782674531545,0.06287196703799787,3.711431061060511,0.05907911070985216,20,6553,10.920647031893791,10.75,10.75,528296800,528296800,215,15848904000,15848904000,6217,False
31,3.7191078049222717,0.06494125119085424,nan,nan,20,6298,10.371546522705621,10.2,10.2,528296800,528296800,204,16377200800,16377200800,6421,False
32,3.70769598067586,0.06504961411245866,nan,nan,20,6349,10.546542762639785,10.35,10.35,528296800,528296800,207,16905497600,16905497600,6628,False
33,3.704332807257564,0.0688976377952756,nan,nan,20,6604,10.864324651726225,10.75,10.75,528296800,528296800,215,17433794400,17433794400,6843,False
34,3.712797936057408,0.060505002382086705,nan,nan,20,6297,10.470700333492138,10.25,10.25,528296800,528296800,205,17962091200,17962091200,7048,False
35,3.709421812891657,0.059860946243852804,nan,nan,20,5897,9.828556893335595,9.65,9.65,528296800,528296800,193,18490388000,18490388000,7241,False
36,3.6975051955635365,0.06628027938772477,nan,nan,20,6729,11.225590726705304,10.95,10.95,528296800,528296800,219,19018684800,19018684800,7460,False
37,3.709211165145018,0.055939559556341424,nan,nan,20,6221,10.405240315061885,10.2,10.2,528296800,528296800,204,19546981600,19546981600,7664,False
38,3.712529133418176,0.06255693896143334,nan,nan,20,6586,11.031582143941694,10.8,10.8,528296800,528296800,216,20075278400,20075278400,7880,False
39,3.7184263722858484,0.05600395322022731,nan,nan,20,6071,10.2739252182507,9.95,9.95,528296800,528296800,199,20603575200,20603575200,8079,False
40,3.7100182529784678,0.0647414997671169,3.710097200780915,0.05907911070985216,20,6441,10.801583605030276,10.6,10.6,528296800,528296800,212,21131872000,21131872000,8291,False
41,3.7062246556880356,0.06053231939163498,nan,nan,20,6575,11.11102661596958,10.75,10.75,528296800,528296800,215,21660168800,21660168800,8506,False
42,3.6980185042556584,0.06436396835057821,nan,nan,20,6572,10.907029823493609,10.8,10.8,528296800,528296800,216,22188465600,22188465600,8722,False
43,3.6987037943589125,0.061492438092072464,nan,nan,20,6017,10.435266744224696,9.9,9.9,528296800,528296800,198,22716762400,22716762400,8920,False
44,3.6851530610391143,0.06401521153541435,nan,nan,20,6311,10.518776739027096,10.35,10.35,528296800,528296800,207,23245059200,23245059200,9127,False
45,3.707223563842616,0.06806282722513089,nan,nan,20,6303,10.56417578930668,10.4,10.4,528296800,528296800,208,23773356000,23773356000,9335,False
46,3.704022994780923,0.06294881588999236,nan,nan,20,6545,10.891367456073336,10.65,10.65,528296800,528296800,213,24301652800,24301652800,9548,False
47,3.68769200579139,0.06372473383737078,nan,nan,20,6481,10.842153988582009,10.65,10.65,528296800,528296800,213,24829949600,24829949600,9761,False
48,3.697534007358851,0.06949685534591195,nan,nan,20,6360,10.608490566037737,10.35,10.35,528296800,528296800,207,25358246400,25358246400,9968,False
49,3.700809544058181,0.06363214119832791,nan,nan,20,6459,10.78665428084843,10.6,10.6,528296800,528296800,212,25886543200,25886543200,10180,False
50,3.6907510153078564,0.06933333333333333,3.7047240097223266,0.056427039837490124,20,6375,10.831058823529412,10.45,10.45,528296800,528296800,209,26414840000,26414840000,10389,False
51,3.6831535753249818,0.06393780739330478,nan,nan,20,6303,10.582262414723147,10.35,10.35,528296800,528296800,207,26943136800,26943136800,10596,False
52,3.6880811813525316,0.07052582306132002,nan,nan,20,6409,10.511624278358559,10.4,10.4,528296800,528296800,208,27471433600,27471433600,10804,False
53,3.6839833786254537,0.06646616541353384,nan,nan,20,6650,11.053082706766917,10.9,10.9,528296800,528296800,218,27999730400,27999730400,11022,False
54,3.6746569466132386,0.06442307692307692,nan,nan,20,6240,10.351923076923075,10.2,10.2,528296800,528296800,204,28528027200,28528027200,11226,False
55,3.6732080493854697,0.06876285630326183,nan,nan,20,6806,11.240523067881279,11.15,11.15,528296800,528296800,223,29056324000,29056324000,11449,False
56,3.6877192235698453,0.06856506522430798,nan,nan,20,6286,10.617244670696788,10.3,10.3,528296800,528296800,206,29584620800,29584620800,11655,False
57,3.6998796249247348,0.06168193717277487,nan,nan,20,6112,10.311027486910994,10.1,10.1,528296800,528296800,202,30112917600,30112917600,11857,False
58,3.700678600997852,0.06556333545512412,nan,nan,20,6284,10.591979630808403,10.25,10.25,528296800,528296800,205,30641214400,30641214400,12062,False
59,3.697242774202017,0.0647264631043257,nan,nan,20,6288,10.446882951653945,10.25,10.25,528296800,528296800,205,31169511200,31169511200,12267,False
60,3.6919229286070987,0.06944226237234878,3.7016589768300703,0.09812662227739533,20,6365,10.611626080125689,10.4,10.4,528296800,528296800,208,31697808000,31697808000,12475,False
61,3.659254187509484,0.07133717210492642,nan,nan,20,6252,10.531190019193858,10.2,10.2,528296800,528296800,204,32226104800,32226104800,12679,False
62,3.710678494472642,0.06704095112285337,nan,nan,20,6056,10.16215323645971,9.8,9.8,528296800,528296800,196,32754401600,32754401600,12875,False
63,3.7024478970858796,0.06335204490777867,nan,nan,20,6235,10.622293504410585,10.25,10.25,528296800,528296800,205,33282698400,33282698400,13080,False
64,3.6887829325499557,0.07107757107757108,nan,nan,20,5698,9.676728676728677,9.3,9.3,528296800,528296800,186,33810995200,33810995200,13266,False
65,3.6667872323072848,0.06819201435621355,nan,nan,20,6687,10.93704202183341,10.8,10.8,528296800,528296800,216,34339292000,34339292000,13482,False
66,3.693715327460481,0.06251041840306718,nan,nan,20,5999,10.36806134355726,10.05,10.05,528296800,528296800,201,34867588800,34867588800,13683,False
67,3.6995158512530915,0.06312068675307188,nan,nan,20,5941,10.117488638276384,9.8,9.8,528296800,528296800,196,35395885600,35395885600,13879,False
68,3.7009340478823733,0.060162314749470716,nan,nan,20,5668,9.833627381792521,9.35,9.35,528296800,528296800,187,35924182400,35924182400,14066,False
69,3.6953255932222597,0.06517495119387295,nan,nan,20,6659,11.07748911247935,10.85,10.85,528296800,528296800,217,36452479200,36452479200,14283,False
70,3.691904374441007,0.06630265210608424,3.7007340536256392,0.05907911070985216,20,6410,10.721684867394696,10.45,10.45,528296800,528296800,209,36980776000,36980776000,14492,False
71,3.6936498207270083,0.06715669896424992,nan,nan,20,5986,10.380554627464083,9.9,9.9,528296800,528296800,198,37509072800,37509072800,14690,False
72,3.6935645829121135,0.069742323715476,nan,nan,20,6481,11.203363678444685,10.75,10.75,528296800,528296800,215,38037369600,38037369600,14905,False
73,3.6974919016849634,0.05843953994404725,nan,nan,20,6434,10.720080820640346,10.5,10.5,528296800,528296800,210,38565666400,38565666400,15115,False
74,3.685144802556608,0.07122730118973075,nan,nan,20,6388,10.644333124608641,10.45,10.45,528296800,528296800,209,39093963200,39093963200,15324,False
75,3.6679884905951834,0.06940310198966003,nan,nan,20,6383,10.74823750587498,10.45,10.45,528296800,528296800,209,39622260000,39622260000,15533,False
76,3.6850841835830903,0.06627710287559588,nan,nan,20,6503,10.797631862217438,10.6,10.6,528296800,528296800,212,40150556800,40150556800,15745,False
77,3.6833308075615796,0.06274131274131274,nan,nan,20,6216,10.449324324324323,10.25,10.25,528296800,528296800,205,40678853600,40678853600,15950,False
78,3.7004162967058885,0.0673532777505313,nan,nan,20,6117,10.227889488311265,10.0,10.0,528296800,528296800,200,41207150400,41207150400,16150,False
79,3.6932714455934117,0.07052164601499158,nan,nan,20,6537,10.75355667737494,10.6,10.6,528296800,528296800,212,41735447200,41735447200,16362,False
80,3.6680262327345927,0.07492841234489342,3.6924454200188417,0.05907911070985216,20,6286,10.428730512249443,10.3,10.3,528296800,528296800,206,42263744000,42263744000,16568,False
81,3.6800628453751125,0.06201794427829372,nan,nan,20,6353,10.660947583818668,10.45,10.45,528296800,528296800,209,42792040800,42792040800,16777,False
82,3.6688199764400586,0.07371844509834288,nan,nan,20,6457,10.697692426823604,10.5,10.5,528296800,528296800,210,43320337600,43320337600,16987,False
83,3.6717140789068616,0.06770166453265045,nan,nan,20,6248,10.422855313700387,10.2,10.2,528296800,528296800,204,43848634400,43848634400,17191,False
84,3.6927985465242066,0.06583373378183566,nan,nan,20,6243,10.51385551818036,10.25,10.25,528296800,528296800,205,44376931200,44376931200,17396,False
85,3.6623033376003007,0.06515630488233227,nan,nan,20,5694,9.95591851071303,9.45,9.45,528296800,528296800,189,44905228000,44905228000,17585,False
86,3.666085507253677,0.07224838140082401,nan,nan,20,6796,11.174072984108301,11.05,11.05,528296800,528296800,221,45433524800,45433524800,17806,False
87,3.683130884755027,0.06741759151896637,nan,nan,20,6037,10.456021202584063,10.05,10.05,528296800,528296800,201,45961821600,45961821600,18007,False
88,3.6837557462833725,0.07071024512884978,nan,nan,20,6364,10.754714016341925,10.55,10.55,528296800,528296800,211,46490118400,46490118400,18218,False
89,3.6737950235238266,0.07064160725858717,nan,nan,20,6172,10.471808165910565,10.15,10.15,528296800,528296800,203,47018415200,47018415200,18421,False
90,3.685318748017481,0.07044177926218309,3.687475152672743,0.1348606252116014,20,6587,10.889175649005615,10.8,10.8,528296800,528296800,216,47546712000,47546712000,18637,False
91,3.6749139658188485,0.07535101404056162,nan,nan,20,6410,10.57129485179407,10.4,10.4,528296800,528296800,208,48075008800,48075008800,18845,False
92,3.6936045617011364,0.06757398322519385,nan,nan,20,6319,10.46004114575091,10.3,10.3,528296800,528296800,206,48603305600,48603305600,19051,False
93,3.6709149714874147,0.06511016113120684,nan,nan,20,6082,10.146497862545214,9.95,9.95,528296800,528296800,199,49131602400,49131602400,19250,False
94,3.6618014878132064,0.0716796576493963,nan,nan,20,6543,10.699220541036222,10.55,10.55,528296800,528296800,211,49659899200,49659899200,19461,False
95,3.6585783759230304,0.07581618443447316,nan,nan,20,6463,10.970601887668266,10.65,10.65,528296800,528296800,213,50188196000,50188196000,19674,False
96,3.655938198857082,0.06878721403948605,nan,nan,20,6382,10.616734565966782,10.5,10.5,528296800,528296800,210,50716492800,50716492800,19884,False
97,3.6789231594122396,0.06890130353817504,nan,nan,20,6444,10.675046554934823,10.55,10.55,528296800,528296800,211,51244789600,51244789600,20095,False
98,3.681770608767454,0.0758816120906801,nan,nan,20,6352,10.539987405541565,10.3,10.3,528296800,528296800,206,51773086400,51773086400,20301,False
99,3.686128292523947,0.07260781671159029,nan,nan,20,5936,10.15667115902965,9.8,9.8,528296800,528296800,196,52301383200,52301383200,20497,False
100,3.6605796641956205,0.0738472009528671,3.679709796993771,0.06675318812775081,20,5877,9.875786966139184,9.6,9.6,528296800,528296800,192,52829680000,52829680000,20689,False
101,3.6471517111447596,0.07818294190358467,nan,nan,20,6472,10.923207663782447,10.7,10.7,528296800,528296800,214,53357976800,53357976800,20903,False
102,3.6516021079002403,0.06876496749914471,nan,nan,20,5846,10.025658569962367,9.65,9.65,528296800,528296800,193,53886273600,53886273600,21096,False
103,3.6439162211078635,0.07803901950975488,nan,nan,20,5997,10.203768550942135,9.9,9.9,528296800,528296800,198,54414570400,54414570400,21294,False
104,3.6707894755685015,0.07870683818551118,nan,nan,20,5908,9.976641841570752,9.7,9.7,528296800,528296800,194,54942867200,54942867200,21488,False
105,3.6432032364672495,0.08130939809926083,nan,nan,20,6629,10.795896817016143,10.7,10.7,528296800,528296800,214,55471164000,55471164000,21702,False
106,3.662939534291049,0.07821132596685083,nan,nan,20,5792,9.79057320441989,9.5,9.5,528296800,528296800,190,55999460800,55999460800,21892,False
107,3.6455667819874713,0.07729848866498741,nan,nan,20,6352,10.701826196473553,10.4,10.4,528296800,528296800,208,56527757600,56527757600,22100,False
108,3.6630401715437926,0.07163152385225063,nan,nan,20,6687,11.083146403469419,10.95,10.95,528296800,528296800,219,57056054400,57056054400,22319,False
109,3.633416664722629,0.09000459207102403,nan,nan,20,6533,10.703199142813409,10.65,10.65,528296800,528296800,213,57584351200,57584351200,22532,False
110,3.6659088783857166,0.06991281460766574,3.6677534883467073,0.05907911070985216,20,6079,10.290672808027635,9.95,9.95,528296800,528296800,199,58112648000,58112648000,22731,False
111,3.681791566457266,0.06906614785992218,nan,nan,20,6168,10.518644617380028,10.2,10.2,528296800,528296800,204,58640944800,58640944800,22935,False
112,3.671698808113598,0.0735957678543644,nan,nan,20,6427,10.50272288781702,10.4,10.4,528296800,528296800,208,59169241600,59169241600,23143,False
113,3.664168477871465,0.06901591425787594,nan,nan,20,6158,10.35027606365703,10.1,10.1,528296800,528296800,202,59697538400,59697538400,23345,False
114,3.6450717252342333,0.08133086876155268,nan,nan,20,6492,10.812538508934072,10.65,10.65,528296800,528296800,213,60225835200,60225835200,23558,False
115,3.6423639100947076,0.07387076537013802,nan,nan,20,6376,10.80034504391468,10.5,10.5,528296800,528296800,210,60754132000,60754132000,23768,False
116,3.6431820575861016,0.07510386705017577,nan,nan,20,6258,10.682806008309365,10.25,10.25,528296800,528296800,205,61282428800,61282428800,23973,False
117,3.627453124981083,0.08013224181360201,nan,nan,20,6352,10.798803526448363,10.35,10.35,528296800,528296800,207,61810725600,61810725600,24180,False
118,3.620504921651715,0.08648648648648649,nan,nan,20,6475,10.647722007722006,10.55,10.55,528296800,528296800,211,62339022400,62339022400,24391,False
119,3.634018928861561,0.07991838122768237,nan,nan,20,5881,10.0724366604319,9.75,9.75,528296800,528296800,195,62867319200,62867319200,24586,False
120,3.6289538418776743,0.0757843925985519,3.651798013962226,0.08994470150095926,20,6215,10.906999195494771,10.15,10.15,528296800,528296800,203,63395616000,63395616000,24789,False
121,3.6371711839801084,0.08040201005025126,nan,nan,20,6567,10.882747068676718,10.75,10.75,528296800,528296800,215,63923912800,63923912800,25004,False
122,3.6387846189338733,0.07644946126218574,nan,nan,20,5847,10.035231742774071,9.55,9.55,528296800,528296800,191,64452209600,64452209600,25195,False
123,3.635583986493713,0.07144043861106496,nan,nan,20,6019,10.072271141385613,9.85,9.85,528296800,528296800,197,64980506400,64980506400,25392,False
124,3.6305859300180194,0.08337561305597835,nan,nan,20,5913,10.060713681718248,9.75,9.75,528296800,528296800,195,65508803200,65508803200,25587,False
125,3.6028851206310892,0.09399909760866296,nan,nan,20,6649,11.105278989321702,10.95,10.95,528296800,528296800,219,66037100000,66037100000,25806,False
126,3.622377954940481,0.07535921736472027,nan,nan,20,6542,10.779272393763373,10.65,10.65,528296800,528296800,213,66565396800,66565396800,26019,False
127,3.6140923125320747,0.08570563294972744,nan,nan,20,6604,10.884615384615383,10.75,10.75,528296800,528296800,215,67093693600,67093693600,26234,False
128,3.613818519493249,0.08136773785024537,nan,nan,20,6317,10.56577489314548,10.4,10.4,528296800,528296800,208,67621990400,67621990400,26442,False
129,3.6192202810800818,0.08271507498026835,nan,nan,20,6335,10.478295185477506,10.3,10.3,528296800,528296800,206,68150287200,68150287200,26648,False
130,3.6072720490498016,0.093459523407132,3.6295450138138965,0.10365647218146937,20,5917,10.14551292884908,9.85,9.85,528296800,528296800,197,68678584000,68678584000,26845,False
131,3.627252605723344,0.08590479144053341,nan,nan,20,6449,10.76833617615134,10.65,10.65,528296800,528296800,213,69206880800,69206880800,27058,False
132,3.618655777646449,0.08350033400133601,nan,nan,20,5988,10.094021376085506,9.8,9.8,528296800,528296800,196,69735177600,69735177600,27254,False
133,3.6028267752828493,0.08987361522858481,nan,nan,20,6409,10.686846621937901,10.55,10.55,528296800,528296800,211,70263474400,70263474400,27465,False
134,3.5957467775812737,0.08561080013170892,nan,nan,20,6074,10.250740862693448,9.95,9.95,528296800,528296800,199,70791771200,70791771200,27664,False
135,3.5957632135384756,0.08345463367297429,nan,nan,20,6183,10.33656800905709,10.1,10.1,528296800,528296800,202,71320068000,71320068000,27866,False
136,3.5944209632671367,0.0998675057966214,nan,nan,20,6038,10.378270950645911,9.9,9.9,528296800,528296800,198,71848364800,71848364800,28064,False
137,3.583490052464372,0.08754801536491677,nan,nan,20,6248,10.365877080665813,10.25,10.25,528296800,528296800,205,72376661600,72376661600,28269,False
138,3.584118927512387,0.08729913473423981,nan,nan,20,6472,10.643541409147094,10.55,10.55,528296800,528296800,211,72904958400,72904958400,28480,False
139,3.5634182448226968,0.10061369509043927,nan,nan,20,6192,10.330749354005167,10.2,10.2,528296800,528296800,204,73433255200,73433255200,28684,False
140,3.5898415276063775,0.09089461954791468,3.586561712020273,0.10523642929691908,20,6282,10.375676536134987,10.2,10.2,528296800,528296800,204,73961552000,73961552000,28888,False
141,3.5635392175712224,0.10279207611917017,nan,nan,20,6411,10.610669162377164,10.5,10.5,528296800,528296800,210,74489848800,74489848800,29098,False
142,3.5724265740826993,0.09506656225528583,nan,nan,20,6385,11.051527016444794,10.55,10.55,528296800,528296800,211,75018145600,75018145600,29309,False
143,3.5655973640483194,0.10646325459317585,nan,nan,20,6096,10.190944881889761,9.95,9.95,528296800,528296800,199,75546442400,75546442400,29508,False
144,3.539737361681372,0.10581768208886853,nan,nan,20,6549,10.777065200794013,10.6,10.6,528296800,528296800,212,76074739200,76074739200,29720,False
145,3.544036529202119,0.10290863104647487,nan,nan,20,6326,10.563389187480242,10.45,10.45,528296800,528296800,209,76603036000,76603036000,29929,False
146,3.527178630451874,0.11303495589676577,nan,nan,20,6122,10.345148644233909,10.0,10.0,528296800,528296800,200,77131332800,77131332800,30129,False
147,3.5358187973875523,0.10970844604749024,nan,nan,20,6654,11.080402765253982,10.85,10.85,528296800,528296800,217,77659629600,77659629600,30346,False
148,3.5542353632534374,0.10139235987147448,nan,nan,20,5602,9.62031417350946,9.3,9.3,528296800,528296800,186,78187926400,78187926400,30532,False
149,3.5059777387603583,0.10851975249881009,nan,nan,20,6303,10.462002221164525,10.25,10.25,528296800,528296800,205,78716223200,78716223200,30737,False
150,3.497071652409145,0.12649982859101816,3.517262847842488,0.12594515291727795,20,5834,9.876928351045596,9.55,9.55,528296800,528296800,191,79244520000,79244520000,30928,False
151,3.5302247490146295,0.11609756097560976,nan,nan,20,6150,10.292357723577236,10.1,10.1,528296800,528296800,202,79772816800,79772816800,31130,False
152,3.471026082931481,0.12053571428571429,nan,nan,20,6496,10.783559113300491,10.6,10.6,528296800,528296800,212,80301113600,80301113600,31342,False
153,3.464553862896387,0.130997715156131,nan,nan,20,6565,10.84904798172125,10.75,10.75,528296800,528296800,215,80829410400,80829410400,31557,False
154,3.4825017788381443,0.11805351367244928,nan,nan,20,6802,11.17083210820347,11.1,11.1,528296800,528296800,222,81357707200,81357707200,31779,False
155,3.4691925490403106,0.1346829513133679,nan,nan,20,5977,10.120963694160949,9.8,9.8,528296800,528296800,196,81886004000,81886004000,31975,False
156,3.4897272947897,0.11886186324001835,nan,nan,20,6537,10.996940492580695,10.8,10.8,528296800,528296800,216,82414300800,82414300800,32191,False
157,3.435910227959488,0.1331417624521073,nan,nan,20,6264,10.534003831417625,10.25,10.25,528296800,528296800,205,82942597600,82942597600,32396,False
158,3.4538602423869182,0.12647735993860323,nan,nan,20,6515,10.739063699155793,10.6,10.6,528296800,528296800,212,83470894400,83470894400,32608,False
159,3.447609408908383,0.13120505174530783,nan,nan,20,5701,9.813015260480618,9.4,9.4,528296800,528296800,188,83999191200,83999191200,32796,False
160,3.401647043235959,0.1436292171634458,3.4208835162800035,0.1805101004401309,20,6106,10.595807402554863,10.1,10.1,528296800,528296800,202,84527488000,84527488000,32998,False
161,3.3846344252301828,0.14538558786346398,nan,nan,20,6328,10.632585335018964,10.5,10.5,528296800,528296800,210,85055784800,85055784800,33208,False
162,3.4111965396493495,0.14018384766907419,nan,nan,20,6092,10.369172685489167,10.0,10.0,528296800,528296800,200,85584081600,85584081600,33408,False
163,3.3435274294783786,0.16367816091954024,nan,nan,20,6525,10.822988505747128,10.65,10.65,528296800,528296800,213,86112378400,86112378400,33621,False
164,3.333312178321439,0.1625204582651391,nan,nan,20,6110,10.161211129296236,10.05,10.05,528296800,528296800,201,86640675200,86640675200,33822,False
165,3.34240205975987,0.15405735204392923,nan,nan,20,6556,10.982458816351434,10.75,10.75,528296800,528296800,215,87168972000,87168972000,34037,False
166,3.3611300020899195,0.1550128924617018,nan,nan,20,6593,10.863339905960869,10.75,10.75,528296800,528296800,215,87697268800,87697268800,34252,False
167,3.3487367232640586,0.14795432921027593,nan,nan,20,6306,10.503330161750712,10.3,10.3,528296800,528296800,206,88225565600,88225565600,34458,False
168,3.3398245738385133,0.15308683285929395,nan,nan,20,5977,10.247281244771623,9.9,9.9,528296800,528296800,198,88753862400,88753862400,34656,False
169,3.3147775621712663,0.1670757901196686,nan,nan,20,6518,10.788738876956124,10.65,10.65,528296800,528296800,213,89282159200,89282159200,34869,False
170,3.31653744141961,0.160352422907489,3.282532298905278,0.1989617424669902,20,5675,10.322643171806167,9.4,9.4,528296800,528296800,188,89810456000,89810456000,35057,False
171,3.308229871454196,0.17014250955856794,nan,nan,20,5754,9.78449774070212,9.4,9.4,528296800,528296800,188,90338752800,90338752800,35245,False
172,3.2541308281982846,0.18287876399180197,nan,nan,20,6343,10.534289768248463,10.3,10.3,528296800,528296800,206,90867049600,90867049600,35451,False
173,3.2550993925292744,0.17114568599717114,nan,nan,20,6363,10.581801037246581,10.4,10.4,528296800,528296800,208,91395346400,91395346400,35659,False
174,3.237013417794874,0.19733033129623673,nan,nan,20,6218,10.443068510775168,10.2,10.2,528296800,528296800,204,91923643200,91923643200,35863,False
175,3.193625330510936,0.19545311019892642,nan,nan,20,6334,10.652352383959583,10.45,10.45,528296800,528296800,209,92451940000,92451940000,36072,False
176,3.1853717115432776,0.21199738476626348,nan,nan,20,6118,10.097090552468128,10.0,10.0,528296800,528296800,200,92980236800,92980236800,36272,False
177,3.1924165518198366,0.19766325224071704,nan,nan,20,6248,10.551056338028168,10.3,10.3,528296800,528296800,206,93508533600,93508533600,36478,False
178,3.1272492918795196,0.2116702892492894,nan,nan,20,5981,10.037451931115196,9.75,9.75,528296800,528296800,195,94036830400,94036830400,36673,False
179,3.161940684630646,0.2053052895934704,nan,nan,20,6371,10.516559409825774,10.35,10.35,528296800,528296800,207,94565127200,94565127200,36880,False
180,3.098185450492638,0.21672272945699184,3.090314083047705,0.24703758040853177,20,6243,10.478135511773186,10.2,10.2,528296800,528296800,204,95093424000,95093424000,37084,False
181,3.051421139190393,0.225569778332813,nan,nan,20,6406,10.777083983765218,10.45,10.45,528296800,528296800,209,95621720800,95621720800,37293,False
182,3.0662998448752994,0.23068397720075998,nan,nan,20,6316,10.642811906269792,10.35,10.35,528296800,528296800,207,96150017600,96150017600,37500,False
183,3.063807111210161,0.2282540675844806,nan,nan,20,6392,10.492177722152691,10.4,10.4,528296800,528296800,208,96678314400,96678314400,37708,False
184,3.0341873024327164,0.23372235872235872,nan,nan,20,6512,10.833998771498772,10.65,10.65,528296800,528296800,213,97206611200,97206611200,37921,False
185,2.981581278533376,0.2517183442798228,nan,nan,20,6547,10.843439743393919,10.7,10.7,528296800,528296800,214,97734908000,97734908000,38135,False
186,3.014056696635456,0.2532736044107512,nan,nan,20,5804,10.083735354927638,9.65,9.65,528296800,528296800,193,98263204800,98263204800,38328,False
187,2.972359791607924,0.25553319919517103,nan,nan,20,5964,10.158450704225352,9.7,9.7,528296800,528296800,194,98791501600,98791501600,38522,False
188,2.919669649306624,0.26478019201616976,nan,nan,20,5937,10.017685699848407,9.8,9.8,528296800,528296800,196,99319798400,99319798400,38718,False
189,2.9282069839898823,0.25728155339805825,nan,nan,20,6592,10.900333737864077,10.75,10.75,528296800,528296800,215,99848095200,99848095200,38933,False
190,2.8047140573613616,0.2959062592702462,2.87683752887796,0.27812887935898883,20,6742,11.12266389795313,10.95,10.95,528296800,528296800,219,100376392000,100376392000,39152,False
191,2.8742455784432526,0.25723673916445,nan,nan,20,6391,10.524331090596151,10.4,10.4,528296800,528296800,208,100904688800,100904688800,39360,False
192,2.84860774353081,0.29393139841688654,nan,nan,20,5685,9.91873350923483,9.4,9.4,528296800,528296800,188,101432985600,101432985600,39548,False
193,2.7860106843397405,0.3018926466025442,nan,nan,20,6446,10.76140242010549,10.5,10.5,528296800,528296800,210,101961282400,101961282400,39758,False
194,2.820376059075088,0.2875684128225176,nan,nan,20,6395,10.603440187646598,10.4,10.4,528296800,528296800,208,102489579200,102489579200,39966,False
195,2.8126592556239793,0.2919873245812585,nan,nan,20,6627,11.037120869171572,10.85,10.85,528296800,528296800,217,103017876000,103017876000,40183,False
196,2.761288968797073,0.3003907521979811,nan,nan,20,6142,10.248941712797137,10.05,10.05,528296800,528296800,201,103546172800,103546172800,40384,False
197,2.7477804876569363,0.30298439630359036,nan,nan,20,6601,10.886835327980606,10.8,10.8,528296800,528296800,216,104074469600,104074469600,40600,False
198,2.605998520737273,0.3344627299128751,nan,nan,20,6198,10.580993868989998,10.15,10.15,528296800,528296800,203,104602766400,104602766400,40803,False
199,2.636812594512574,0.32942326490713586,nan,nan,20,6138,10.364288041707397,10.2,10.2,528296800,528296800,204,105131063200,105131063200,41007,False
200,2.7309065169687,0.30192159877017677,2.666894822771266,0.33670014671030357,20,6505,10.992928516525748,10.6,10.6,528296800,528296800,212,105659360000,105659360000,41219,False
201,2.695947194286094,0.3118440779610195,nan,nan,20,6003,10.201399300349825,9.85,9.85,528296800,528296800,197,106187656800,106187656800,41416,False
202,2.593943798412044,0.3422118380062305,nan,nan,20,6420,10.614330218068533,10.45,10.45,528296800,528296800,209,106715953600,106715953600,41625,False
203,2.5872199866308536,0.3434693556010714,nan,nan,20,6347,10.620293051835512,10.3,10.3,528296800,528296800,206,107244250400,107244250400,41831,False
204,2.6219741972274004,0.3378607809847199,nan,nan,20,5890,10.103735144312392,9.75,9.75,528296800,528296800,195,107772547200,107772547200,42026,False
205,2.6039384457786996,0.33845391476709613,nan,nan,20,6054,10.34919061777337,9.95,9.95,528296800,528296800,199,108300844000,108300844000,42225,False
206,2.5226163072921914,0.351023751023751,nan,nan,20,6105,10.404258804258802,10.0,10.0,528296800,528296800,200,108829140800,108829140800,42425,False
207,2.486730491876453,0.3613195747342089,nan,nan,20,6396,10.5770794246404,10.45,10.45,528296800,528296800,209,109357437600,109357437600,42634,False
208,2.523184645189509,0.35301773222710264,nan,nan,20,6147,10.370261916381974,10.15,10.15,528296800,528296800,203,109885734400,109885734400,42837,False
209,2.418762639796427,0.382339343504392,nan,nan,20,6489,10.743720141778393,10.6,10.6,528296800,528296800,212,110414031200,110414031200,43049,False
210,2.4684846066049153,0.3746677091477717,2.52166720112537,0.3629387202347365,20,6395,10.704143862392494,10.5,10.5,528296800,528296800,210,110942328000,110942328000,43259,False
211,2.405817967788059,0.37609924623115576,nan,nan,20,6368,10.830087939698492,10.45,10.45,528296800,528296800,209,111470624800,111470624800,43468,False
212,2.430408380551481,0.38622607557663996,nan,nan,20,6113,10.314575494847046,9.95,9.95,528296800,528296800,199,111998921600,111998921600,43667,False
213,2.475771938568818,0.3622407316674833,nan,nan,20,6123,10.401763841254287,10.0,10.0,528296800,528296800,200,112527218400,112527218400,43867,False
214,2.413327346767259,0.3837132474397093,nan,nan,20,6054,10.25602907168814,9.85,9.85,528296800,528296800,197,113055515200,113055515200,44064,False
215,2.456167332387419,0.3761760752688172,nan,nan,20,5952,10.12113575268817,9.8,9.8,528296800,528296800,196,113583812000,113583812000,44260,False
216,2.3108412253865964,0.4009367681498829,nan,nan,20,6405,10.682903981264639,10.5,10.5,528296800,528296800,210,114112108800,114112108800,44470,False
217,2.2969604614981733,0.4112690019828156,nan,nan,20,6052,10.363020489094515,10.05,10.05,528296800,528296800,201,114640405600,114640405600,44671,False
218,2.355589701852393,0.3935386675594242,nan,nan,20,5974,10.071643789755608,9.8,9.8,528296800,528296800,196,115168702400,115168702400,44867,False
219,2.300836799519679,0.4064239147718238,nan,nan,20,6289,10.43743043409127,10.25,10.25,528296800,528296800,205,115696999200,115696999200,45072,False
220,2.338200211326182,0.39986659996664997,2.388366053597059,0.3914908023925065,20,5997,9.948307487076873,9.8,9.8,528296800,528296800,196,116225296000,116225296000,45268,False
221,2.3511052819607303,0.3821176470588235,nan,nan,20,6375,10.585411764705881,10.35,10.35,528296800,528296800,207,116753592800,116753592800,45475,False
222,2.2074475716454938,0.4337012280429038,nan,nan,20,6433,10.656458883879994,10.5,10.5,528296800,528296800,210,117281889600,117281889600,45685,False
223,2.269691456975415,0.40390625,nan,nan,20,6400,10.542656249999999,10.4,10.4,528296800,528296800,208,117810186400,117810186400,45893,False
224,2.215299409140581,0.4286928437871834,nan,nan,20,5883,9.801631820499745,9.7,9.7,528296800,528296800,194,118338483200,118338483200,46087,False
225,2.2655183931009857,0.4128518141742964,nan,nan,20,5898,10.128857239742283,9.75,9.75,528296800,528296800,195,118866780000,118866780000,46282,False
226,2.2118266936092783,0.4259832765562094,nan,nan,20,6458,10.783369464230411,10.55,10.55,528296800,528296800,211,119395076800,119395076800,46493,False
227,2.2398452239946027,0.4176639903044993,nan,nan,20,6601,10.808362369337976,10.75,10.75,528296800,528296800,215,119923373600,119923373600,46708,False
228,2.1721675403677643,0.43377001455604075,nan,nan,20,6183,10.544557658094776,10.1,10.1,528296800,528296800,202,120451670400,120451670400,46910,False
229,2.183658585555321,0.435205736725286,nan,nan,20,5857,9.864094246201125,9.65,9.65,528296800,528296800,193,120979967200,120979967200,47103,False
230,2.1983655003143325,0.42912184941403114,2.2357744182317174,0.42957905428281234,20,6229,10.303580028897095,10.15,10.15,528296800,528296800,203,121508264000,121508264000,47306,False
231,2.203832014928336,0.4226190476190476,nan,nan,20,6384,10.65053258145363,10.35,10.35,528296800,528296800,207,122036560800,122036560800,47513,False
232,2.1776429775408235,0.43588133730968454,nan,nan,20,6371,10.774917595353948,10.5,10.5,528296800,528296800,210,122564857600,122564857600,47723,False
233,2.1452385088530797,0.4500158177791838,nan,nan,20,6322,10.486554887693766,10.3,10.3,528296800,528296800,206,123093154400,123093154400,47929,False
234,2.156503191673294,0.43946731234866826,nan,nan,20,6608,10.93734866828087,10.75,10.75,528296800,528296800,215,123621451200,123621451200,48144,False
235,2.063946844801868,0.4707534699272968,nan,nan,20,6052,10.224884335756773,9.95,9.95,528296800,528296800,199,124149748000,124149748000,48343,False
236,2.0933546866949304,0.46795180722891566,nan,nan,20,6225,10.481445783132527,10.15,10.15,528296800,528296800,203,124678044800,124678044800,48546,False
237,2.0689897662859695,0.45615384615384613,nan,nan,20,6500,11.010615384615384,10.6,10.6,528296800,528296800,212,125206341600,125206341600,48758,False
238,2.092237456190823,0.45330050777042624,nan,nan,20,6499,10.859055239267581,10.75,10.75,528296800,528296800,215,125734638400,125734638400,48973,False
239,2.127805075612403,0.44154865923470926,nan,nan,20,6638,10.882193431756555,10.8,10.8,528296800,528296800,216,126262935200,126262935200,49189,False
240,1.9836675501196912,0.47123031342585375,2.13125147583818,0.44819997742918405,20,6413,10.710587868392327,10.5,10.5,528296800,528296800,210,126791232000,126791232000,49399,False
241,2.153792606752965,0.4465258855585831,nan,nan,20,5872,10.188010899182562,9.65,9.65,528296800,528296800,193,127319528800,127319528800,49592,False
242,2.024542836691744,0.4715136703833817,nan,nan,20,6547,10.724453948373299,10.55,10.55,528296800,528296800,211,127847825600,127847825600,49803,False
243,2.0340340341675667,0.4720967741935484,nan,nan,20,6200,10.399354838709677,10.1,10.1,528296800,528296800,202,128376122400,128376122400,50005,False
244,1.9753407572517105,0.48093083387201035,nan,nan,20,6188,10.284744667097607,10.1,10.1,528296800,528296800,202,128904419200,128904419200,50207,False
245,1.9613800937719443,0.4889155182744158,nan,nan,20,6676,11.139155182744158,10.95,10.95,528296800,528296800,219,129432716000,129432716000,50426,False
246,2.0032438820887024,0.47423167848699765,nan,nan,20,6345,10.601103230890466,10.4,10.4,528296800,528296800,208,129961012800,129961012800,50634,False
247,1.921372707006321,0.4977571770334928,nan,nan,20,6688,11.01375598086124,10.9,10.9,528296800,528296800,218,130489309600,130489309600,50852,False
248,2.002480627155353,0.4823991797676008,nan,nan,20,5852,10.573991797676012,9.6,9.6,528296800,528296800,192,131017606400,131017606400,51044,False
249,2.013233120472547,0.4663616336214201,nan,nan,20,5901,10.233689205219456,9.8,9.8,528296800,528296800,196,131545903200,131545903200,51240,False
250,2.0077049514711165,0.4743996375169914,2.034826410716765,0.4706015122446676,20,6621,10.871469566530736,10.75,10.75,528296800,528296800,215,132074200000,132074200000,51455,False
251,1.9430724003947835,0.494298384542287,nan,nan,20,6314,10.558916693063034,10.35,10.35,528296800,528296800,207,132602496800,132602496800,51662,False
252,1.9553510890498993,0.4874603174603175,nan,nan,20,6300,10.415555555555557,10.25,10.25,528296800,528296800,205,133130793600,133130793600,51867,False
253,1.908501789310198,0.49938987187309336,nan,nan,20,6556,10.939902379499692,10.8,10.8,528296800,528296800,216,133659090400,133659090400,52083,False
254,1.854735000321709,0.5214904396143161,nan,nan,20,6119,10.281745383232554,10.1,10.1,528296800,528296800,202,134187387200,134187387200,52285,False
255,1.9381468160200515,0.49585743317179926,nan,nan,20,6397,10.66562451148976,10.5,10.5,528296800,528296800,210,134715684000,134715684000,52495,False
256,1.8363698302844291,0.5210382073190392,nan,nan,20,6203,10.522811542801872,10.25,10.25,528296800,528296800,205,135243980800,135243980800,52700,False
257,1.8821023193540383,0.510751732717256,nan,nan,20,5627,9.866891771814467,9.3,9.3,528296800,528296800,186,135772277600,135772277600,52886,False
258,1.8387195071714546,0.5235275786849486,nan,nan,20,6418,10.664848862574011,10.45,10.45,528296800,528296800,209,136300574400,136300574400,53095,False
259,1.7376522199868336,0.5482075626125389,nan,nan,20,6109,10.307087903093795,10.05,10.05,528296800,528296800,201,136828871200,136828871200,53296,False
260,1.9201800818586852,0.4919304779639975,2.001756082470645,0.4761313621487417,20,6444,10.787088764742396,10.6,10.6,528296800,528296800,212,137357168000,137357168000,53508,False
261,1.723412518485343,0.546062285993804,nan,nan,20,6133,10.252241969672266,10.05,10.05,528296800,528296800,201,137885464800,137885464800,53709,False
262,1.8291955974323715,0.5137030995106036,nan,nan,20,6130,10.322512234910278,10.0,10.0,528296800,528296800,200,138413761600,138413761600,53909,False
263,1.8767730227127708,0.5083020050125313,nan,nan,20,6384,10.591165413533833,10.4,10.4,528296800,528296800,208,138942058400,138942058400,54117,False
264,1.8652815493119448,0.5058657907085875,nan,nan,20,6393,10.670107930549038,10.5,10.5,528296800,528296800,210,139470355200,139470355200,54327,False
265,1.7972320960568284,0.5316123048384603,nan,nan,20,6469,10.665017777090739,10.55,10.55,528296800,528296800,211,139998652000,139998652000,54538,False
266,1.844584618486295,0.5179471032745592,nan,nan,20,6352,10.579030226700253,10.4,10.4,528296800,528296800,208,140526948800,140526948800,54746,False
267,1.836841447024807,0.5116279069767442,nan,nan,20,6364,10.638120678818353,10.45,10.45,528296800,528296800,209,141055245600,141055245600,54955,False
268,1.8858692947008642,0.49554946935980826,nan,nan,20,5842,9.983224922971583,9.65,9.65,528296800,528296800,193,141583542400,141583542400,55148,False
269,1.8018529635367904,0.5345911949685535,nan,nan,20,6360,10.552672955974844,10.4,10.4,528296800,528296800,208,142111839200,142111839200,55356,False
270,1.7766718135622337,0.527283969701654,1.8843787884607284,0.5102132942105857,20,6469,10.855000772916988,10.65,10.65,528296800,528296800,213,142640136000,142640136000,55569,False
271,1.770075026273169,0.5387978142076503,nan,nan,20,6405,10.778142076502732,10.45,10.45,528296800,528296800,209,143168432800,143168432800,55778,False
272,1.7636753122319235,0.5485068853473619,nan,nan,20,6463,11.149930372891847,10.6,10.6,528296800,528296800,212,143696729600,143696729600,55990,False
273,1.7559068202773565,0.5471226021684737,nan,nan,20,5995,9.942952460383655,9.75,9.75,528296800,528296800,195,144225026400,144225026400,56185,False
274,1.6580602006332295,0.5684684684684684,nan,nan,20,6660,11.076576576576574,10.9,10.9,528296800,528296800,218,144753323200,144753323200,56403,False
275,1.7556014941183355,0.5521815566565447,nan,nan,20,6257,10.590538596771614,10.3,10.3,528296800,528296800,206,145281620000,145281620000,56609,False
276,1.7290077551369774,0.5390358708001948,nan,nan,20,6161,10.437591300113619,10.1,10.1,528296800,528296800,202,145809916800,145809916800,56811,False
277,1.6698535295716606,0.5554592720970537,nan,nan,20,6924,11.384459849797803,11.3,11.3,528296800,528296800,226,146338213600,146338213600,57037,False
278,1.681499957105258,0.5605823418910457,nan,nan,20,6388,10.561208515967436,10.4,10.4,528296800,528296800,208,146866510400,146866510400,57245,False
279,1.7016606217126697,0.5590052015604682,nan,nan,20,6152,10.35646944083225,10.1,10.1,528296800,528296800,202,147394807200,147394807200,57447,False
280,1.6453568539798948,0.5631052796001249,1.8050538768564897,0.522796524094346,20,6402,10.720087472664792,10.55,10.55,528296800,528296800,211,147923104000,147923104000,57658,False
281,1.6597759718816694,0.5563921096220449,nan,nan,20,6641,11.009787682577926,10.9,10.9,528296800,528296800,218,148451400800,148451400800,57876,False
282,1.6919312564921387,0.5485252140818269,nan,nan,20,6306,10.48001902949572,10.4,10.4,528296800,528296800,208,148979697600,148979697600,58084,False
283,1.6546773621861224,0.5655990144748999,nan,nan,20,6494,10.75962426855559,10.65,10.65,528296800,528296800,213,149507994400,149507994400,58297,False
284,1.743904338606929,0.5326574705002493,nan,nan,20,6017,10.150074788100381,9.85,9.85,528296800,528296800,197,150036291200,150036291200,58494,False
285,1.5391858824158473,0.6033297693600123,nan,nan,20,6547,10.99984725828624,10.8,10.8,528296800,528296800,216,150564588000,150564588000,58710,False
286,1.7474965514804663,0.5422963078361115,nan,nan,20,6419,10.631718336189437,10.5,10.5,528296800,528296800,210,151092884800,151092884800,58920,False
287,1.573729276601624,0.5757058641017685,nan,nan,20,6446,10.678250077567483,10.4,10.4,528296800,528296800,208,151621181600,151621181600,59128,False
288,1.7083993429859041,0.5480101608806096,nan,nan,20,5905,10.124978831498732,9.75,9.75,528296800,528296800,195,152149478400,152149478400,59323,False
289,1.605075010883946,0.5797101449275363,nan,nan,20,6141,10.32844813548282,10.1,10.1,528296800,528296800,202,152677775200,152677775200,59525,False
290,1.6075150466450747,0.570947570947571,1.7496060879905047,0.5356618891772937,20,6237,10.448292448292447,10.25,10.25,528296800,528296800,205,153206072000,153206072000,59730,False
291,1.5350388677854188,0.6040653231410702,nan,nan,20,5756,10.174426685198052,9.45,9.45,528296800,528296800,189,153734368800,153734368800,59919,False
292,1.6326651928584275,0.5727838258164852,nan,nan,20,6430,10.792534992223949,10.55,10.55,528296800,528296800,211,154262665600,154262665600,60130,False
293,1.5524194827915108,0.5942557918121232,nan,nan,20,6302,10.623452872104096,10.35,10.35,528296800,528296800,207,154790962400,154790962400,60337,False
294,1.5824795722120637,0.587243176939589,nan,nan,20,6522,10.917509966268014,10.7,10.7,528296800,528296800,214,155319259200,155319259200,60551,False
295,1.545536337149899,0.591945886424414,nan,nan,20,6357,10.610036180588327,10.45,10.45,528296800,528296800,209,155847556000,155847556000,60760,False
296,1.5565830293148564,0.5922657252888318,nan,nan,20,6232,10.428433889602054,10.2,10.2,528296800,528296800,204,156375852800,156375852800,60964,False
297,1.5995149078897357,0.5833200700302403,nan,nan,20,6283,10.528728314499443,10.25,10.25,528296800,528296800,205,156904149600,156904149600,61169,False
298,1.5993989651144147,0.572584483579248,nan,nan,20,6303,10.482151356496905,10.3,10.3,528296800,528296800,206,157432446400,157432446400,61375,False
299,1.467790297146501,0.6148659003831418,nan,nan,20,6525,10.8951724137931,10.75,10.75,528296800,528296800,215,157960743200,157960743200,61590,False
300,1.5706557726808426,0.588926693473554,1.6858977042664094,0.5560884775984651,20,6466,10.688215279925766,10.55,10.55,528296800,528296800,211,158489040000,158489040000,61801,False
301,1.4176534005675616,0.623721881390593,nan,nan,20,6357,10.645115620575744,10.35,10.35,528296800,528296800,207,159017336800,159017336800,62008,False
302,1.5977506495764386,0.5792233327871539,nan,nan,20,6103,10.687203014910699,10.0,10.0,528296800,528296800,200,159545633600,159545633600,62208,False
303,1.5150313765864398,0.6114494518879415,nan,nan,20,6568,10.875,10.7,10.7,528296800,528296800,214,160073930400,160073930400,62422,False
304,1.4887087506087182,0.5977975016436555,nan,nan,20,6084,10.170118343195266,9.95,9.95,528296800,528296800,199,160602227200,160602227200,62621,False
305,1.5372060250450197,0.5872400422982024,nan,nan,20,5674,9.96246034543532,9.3,9.3,528296800,528296800,186,161130524000,161130524000,62807,False
306,1.5558797404527547,0.5849518524563407,nan,nan,20,6127,10.322017300473316,10.05,10.05,528296800,528296800,201,161658820800,161658820800,63008,False
307,1.516360967350627,0.5956378471677389,nan,nan,20,6373,10.633296720539779,10.4,10.4,528296800,528296800,208,162187117600,162187117600,63216,False
308,1.4201537053674056,0.630023828435266,nan,nan,20,6295,10.500079428117553,10.25,10.25,528296800,528296800,205,162715414400,162715414400,63421,False
309,1.439296018274482,0.6126859827721222,nan,nan,20,6385,10.625998433829286,10.45,10.45,528296800,528296800,209,163243711200,163243711200,63630,False
310,1.5140705784583945,0.601123595505618,1.6204582502954687,0.5675995937253132,20,5696,9.904669943820222,9.3,9.3,528296800,528296800,186,163772008000,163772008000,63816,False
311,1.4012285137064797,0.6196477621586686,nan,nan,20,6189,10.428340604297949,10.2,10.2,528296800,528296800,204,164300304800,164300304800,64020,False
312,1.524199652942221,0.5881595881595881,nan,nan,20,6216,10.533140283140282,10.2,10.2,528296800,528296800,204,164828601600,164828601600,64224,False
313,1.4460619117318625,0.6173535093367676,nan,nan,20,6212,10.515936896329686,10.2,10.2,528296800,528296800,204,165356898400,165356898400,64428,False
314,1.4431890399842104,0.6219493476592479,nan,nan,20,6515,10.865080583269378,10.7,10.7,528296800,528296800,214,165885195200,165885195200,64642,False
315,1.5430737492664761,0.5939774983454665,nan,nan,20,6044,10.23858371939113,10.0,10.0,528296800,528296800,200,166413492000,166413492000,64842,False
316,1.3920809582879214,0.6241346758967904,nan,nan,20,6356,10.442573945877909,10.2,10.2,528296800,528296800,204,166941788800,166941788800,65046,False
317,1.5194182560633351,0.5876731963688485,nan,nan,20,6279,10.404204491161012,10.3,10.3,528296800,528296800,206,167470085600,167470085600,65252,False
318,1.5466296860349653,0.5890539483971853,nan,nan,20,6395,10.576700547302579,10.4,10.4,528296800,528296800,208,167998382400,167998382400,65460,False
319,1.5213669329876889,0.5937149270482603,nan,nan,20,6237,10.54834054834055,10.25,10.25,528296800,528296800,205,168526679200,168526679200,65665,False
320,1.407890651034049,0.6384083044982699,1.547119797385986,0.5839070082383478,20,6358,10.56888958792073,10.45,10.45,528296800,528296800,209,169054976000,169054976000,65874,False
321,1.2392189480824147,0.6825321275583056,nan,nan,20,6303,10.584007615421227,10.25,10.25,528296800,528296800,205,169583272800,169583272800,66079,False
322,1.5515746267351729,0.5855058969584109,nan,nan,20,6444,10.901769087523277,10.6,10.6,528296800,528296800,212,170111569600,170111569600,66291,False
323,1.4585095902976226,0.6098060854485259,nan,nan,20,6343,10.557464921961216,10.3,10.3,528296800,528296800,206,170639866400,170639866400,66497,False
324,1.3823015635875995,0.6293033121226954,nan,nan,20,6129,10.281938325991192,10.05,10.05,528296800,528296800,201,171168163200,171168163200,66698,False
325,1.341290994306244,0.6355426297260064,nan,nan,20,6533,11.00596969233124,10.75,10.75,528296800,528296800,215,171696460000,171696460000,66913,False
326,1.3485514975703545,0.628345498783455,nan,nan,20,6576,10.811739659367397,10.65,10.65,528296800,528296800,213,172224756800,172224756800,67126,False
327,1.4546070679791927,0.62225656877898,nan,nan,20,6470,10.770479134466768,10.6,10.6,528296800,528296800,212,172753053600,172753053600,67338,False
328,1.3256597424594927,0.6488814993954051,nan,nan,20,6616,11.121221281741233,10.9,10.9,528296800,528296800,218,173281350400,173281350400,67556,False
329,1.3999205214519632,0.6290554578871663,nan,nan,20,6257,10.401150711203453,10.2,10.2,528296800,528296800,204,173809647200,173809647200,67760,False
330,1.345910107159589,0.6462155079389549,1.5028554162246193,0.5988037467554452,20,6487,10.888083860027747,10.7,10.7,528296800,528296800,214,174337944000,174337944000,67974,False
331,1.254907211823021,0.6673402766982746,nan,nan,20,6433,10.758588527903,10.5,10.5,528296800,528296800,210,174866240800,174866240800,68184,False
332,1.4201012396522497,0.6133971291866028,nan,nan,20,6270,10.452950558213717,10.35,10.35,528296800,528296800,207,175394537600,175394537600,68391,False
333,1.3437149909918804,0.6367070675271526,nan,nan,20,6353,10.562096647253268,10.35,10.35,528296800,528296800,207,175922834400,175922834400,68598,False
334,1.3299958031047674,0.6410761154855643,nan,nan,20,6096,10.49015748031496,10.1,10.1,528296800,528296800,202,176451131200,176451131200,68800,False
335,1.4299582636218198,0.6198675496688741,nan,nan,20,6040,10.187251655629138,9.95,9.95,528296800,528296800,199,176979428000,176979428000,68999,False
336,1.3036090157515305,0.6589633542423242,nan,nan,20,6058,10.262627930009904,9.9,9.9,528296800,528296800,198,177507724800,177507724800,69197,False
337,1.364063515111497,0.6332805071315373,nan,nan,20,6310,10.643423137876386,10.35,10.35,528296800,528296800,207,178036021600,178036021600,69404,False
338,1.2983114560604612,0.660904460564902,nan,nan,20,6479,10.829757678654115,10.65,10.65,528296800,528296800,213,178564318400,178564318400,69617,False
339,1.343700505966593,0.6470685383980181,nan,nan,20,6055,10.353592072667219,9.95,9.95,528296800,528296800,199,179092615200,179092615200,69816,False
340,1.5254404160812927,0.5967629655412461,1.4601058631163393,0.6035436181017944,20,5746,9.725722241559346,9.45,9.45,528296800,528296800,189,179620912000,179620912000,70005,False
341,1.263772595902338,0.6630401934119069,nan,nan,20,6618,11.44333635539438,10.85,10.85,528296800,528296800,217,180149208800,180149208800,70222,False
342,1.3665209727971115,0.629195439216316,nan,nan,20,6227,10.59097478721696,10.3,10.3,528296800,528296800,206,180677505600,180677505600,70428,False
343,1.1955240977137656,0.6829590488771466,nan,nan,20,6813,11.154410685454277,11.0,11.0,528296800,528296800,220,181205802400,181205802400,70648,False
344,1.3220515043569554,0.6441286695815116,nan,nan,20,6404,10.87148657089319,10.55,10.55,528296800,528296800,211,181734099200,181734099200,70859,False
345,1.3637981074793255,0.6342511539073691,nan,nan,20,6283,10.542893522202768,10.35,10.35,528296800,528296800,207,182262396000,182262396000,71066,False
346,1.3393546301265096,0.6446074605899798,nan,nan,20,6407,10.756828468862182,10.55,10.55,528296800,528296800,211,182790692800,182790692800,71277,False
347,1.3047516060956827,0.6445386064030132,nan,nan,20,6372,10.79504080351538,10.4,10.4,528296800,528296800,208,183318989600,183318989600,71485,False
348,1.1949289790193645,0.6759505554686278,nan,nan,20,6391,10.828195900485056,10.5,10.5,528296800,528296800,210,183847286400,183847286400,71695,False
349,1.2802691834418476,0.6533977348434377,nan,nan,20,6004,10.225183211192537,9.85,9.85,528296800,528296800,197,184375583200,184375583200,71892,False
350,1.2642916201846746,0.6638914585260561,1.4247677035073962,0.6133619230335177,20,6486,10.804347826086957,10.6,10.6,528296800,528296800,212,184903880000,184903880000,72104,False
351,1.2753230936463353,0.6589614740368509,nan,nan,20,5970,10.098324958123953,9.8,9.8,528296800,528296800,196,185432176800,185432176800,72300,False
352,1.3643853878535752,0.627492769066829,nan,nan,20,6569,10.893743339929973,10.7,10.7,528296800,528296800,214,185960473600,185960473600,72514,False
353,1.2749589912145567,0.6553708439897699,nan,nan,20,6256,10.445332480818415,10.25,10.25,528296800,528296800,205,186488770400,186488770400,72719,False
354,1.2598764995635832,0.6614017769002961,nan,nan,20,6078,10.373313589996709,10.0,10.0,528296800,528296800,200,187017067200,187017067200,72919,False
355,1.2821254711929633,0.6584489795918367,nan,nan,20,6125,10.553142857142857,10.05,10.05,528296800,528296800,201,187545364000,187545364000,73120,False
356,1.1854561147203022,0.6840579710144927,nan,nan,20,5865,9.87911338448423,9.6,9.6,528296800,528296800,192,188073660800,188073660800,73312,False
357,1.2719166817960295,0.6626224918338778,nan,nan,20,6429,10.717218852076527,10.55,10.55,528296800,528296800,211,188601957600,188601957600,73523,False
358,1.253625577144641,0.6621279290690311,nan,nan,20,6316,10.53024065864471,10.3,10.3,528296800,528296800,206,189130254400,189130254400,73729,False
359,1.3201232401255503,0.6446692607003891,nan,nan,20,6425,10.863190661478601,10.6,10.6,528296800,528296800,212,189658551200,189658551200,73941,False
360,1.2143375048104696,0.6719433137343586,1.3942618993749039,0.6210924274912538,20,6633,11.371626714910297,10.95,10.95,528296800,528296800,219,190186848000,190186848000,74160,False
361,1.2751376189847834,0.6523479599692071,nan,nan,20,6495,11.13749037721324,10.65,10.65,528296800,528296800,213,190715144800,190715144800,74373,False
362,1.2664177778700092,0.6662474453702248,nan,nan,20,6361,10.612953938060057,10.4,10.4,528296800,528296800,208,191243441600,191243441600,74581,False
363,1.297380561030199,0.6475291859907244,nan,nan,20,6253,10.839277146969454,10.25,10.25,528296800,528296800,205,191771738400,191771738400,74786,False
364,1.2879379750596274,0.6501616470988599,nan,nan,20,5877,10.173898247405136,9.55,9.55,528296800,528296800,191,192300035200,192300035200,74977,False
365,1.2977693203164424,0.6512214342001577,nan,nan,20,6345,10.637825059101655,10.3,10.3,528296800,528296800,206,192828332000,192828332000,75183,False
366,1.2755349179936912,0.6519381081512203,nan,nan,20,6269,10.474397830594992,10.25,10.25,528296800,528296800,205,193356628800,193356628800,75388,False
367,1.2874803663971175,0.6502986065029861,nan,nan,20,6028,10.151957531519576,9.9,9.9,528296800,528296800,198,193884925600,193884925600,75586,False
368,1.27757946489206,0.6567332474226805,nan,nan,20,6208,10.190560567010309,10.1,10.1,528296800,528296800,202,194413222400,194413222400,75788,False
369,1.2633926578020065,0.6637519872813991,nan,nan,20,6290,10.56120826709062,10.3,10.3,528296800,528296800,206,194941519200,194941519200,75994,False
370,1.2903297745262021,0.6521035598705501,1.35732922185666,0.6262837151563029,20,5562,9.773822366055375,9.15,9.15,528296800,528296800,183,195469816000,195469816000,76177,False
371,1.2332118530968326,0.6718440688289935,nan,nan,20,6567,10.760621288259479,10.65,10.65,528296800,528296800,213,195998112800,195998112800,76390,False
372,1.129484333032609,0.6931241347485002,nan,nan,20,6501,10.851253653284113,10.65,10.65,528296800,528296800,213,196526409600,196526409600,76603,False
373,1.111602051744825,0.7054144998470481,nan,nan,20,6538,10.802539002753134,10.65,10.65,528296800,528296800,213,197054706400,197054706400,76816,False
374,1.2502355764630546,0.6652452025586354,nan,nan,20,6097,10.27062489749057,10.1,10.1,528296800,528296800,202,197583003200,197583003200,77018,False
375,1.190943525751413,0.6698382492863939,nan,nan,20,6306,10.643514113542658,10.3,10.3,528296800,528296800,206,198111300000,198111300000,77224,False
376,1.1521950839183808,0.6850406245021508,nan,nan,20,6277,10.678349530030271,10.35,10.35,528296800,528296800,207,198639596800,198639596800,77431,False
377,1.2463603970472161,0.6618421052631579,nan,nan,20,6080,10.451973684210525,10.1,10.1,528296800,528296800,202,199167893600,199167893600,77633,False
378,1.1460409643655791,0.689494787489976,nan,nan,20,6235,10.379631114675218,10.2,10.2,528296800,528296800,204,199696190400,199696190400,77837,False
379,1.2832304230284532,0.6554240311334523,nan,nan,20,6167,10.496675855359168,10.1,10.1,528296800,528296800,202,200224487200,200224487200,78039,False
380,1.0972737838525901,0.7094563016046113,1.3066986422010851,0.6417447240717752,20,6419,10.756659915874744,10.5,10.5,528296800,528296800,210,200752784000,200752784000,78249,False
381,1.1991614635146244,0.6648902821316615,nan,nan,20,6380,10.698746081504703,10.5,10.5,528296800,528296800,210,201281080800,201281080800,78459,False
382,1.1209304757225085,0.7006616104566726,nan,nan,20,6197,10.485396159431982,10.25,10.25,528296800,528296800,205,201809377600,201809377600,78664,False
383,1.2051821557625428,0.6801709131191644,nan,nan,20,6319,10.594239594872604,10.35,10.35,528296800,528296800,207,202337674400,202337674400,78871,False
384,1.1460956501902184,0.6861661292799017,nan,nan,20,6513,10.685398433901428,10.55,10.55,528296800,528296800,211,202865971200,202865971200,79082,False
385,1.1035008075726418,0.6929824561403509,nan,nan,20,6384,10.648496240601503,10.45,10.45,528296800,528296800,209,203394268000,203394268000,79291,False
386,1.1160444871884472,0.6928301886792453,nan,nan,20,6625,10.888150943396226,10.75,10.75,528296800,528296800,215,203922564800,203922564800,79506,False
387,1.0540813663581448,0.7183549124143184,nan,nan,20,6565,10.734958111195734,10.6,10.6,528296800,528296800,212,204450861600,204450861600,79718,False
388,1.1391285377261922,0.6970553984362003,nan,nan,20,6011,10.329396107136917,10.0,10.0,528296800,528296800,200,204979158400,204979158400,79918,False
389,1.2584692528266108,0.6620887895241137,nan,nan,20,6262,10.349409134461835,10.15,10.15,528296800,528296800,203,205507455200,205507455200,80121,False
390,1.1118213473563212,0.6971896232242125,1.2859986177377085,0.6445660760636497,20,6476,10.731624459542928,10.6,10.6,528296800,528296800,212,206035752000,206035752000,80333,False
391,1.20058354047372,0.6724220623501199,nan,nan,20,6255,10.470663469224618,10.15,10.15,528296800,528296800,203,206564048800,206564048800,80536,False
392,1.083010238606471,0.6988958990536278,nan,nan,20,6340,10.518769716088327,10.35,10.35,528296800,528296800,207,207092345600,207092345600,80743,False
393,1.1210619811926428,0.6994316282179873,nan,nan,20,5982,10.517218321631562,9.8,9.8,528296800,528296800,196,207620642400,207620642400,80939,False
394,1.1826624867241267,0.6799377916018663,nan,nan,20,6430,10.746811819595647,10.5,10.5,528296800,528296800,210,208148939200,208148939200,81149,False
395,1.082176574946179,0.704434250764526,nan,nan,20,6540,10.90565749235474,10.7,10.7,528296800,528296800,214,208677236000,208677236000,81363,False
396,1.1985402533131786,0.6655788655788656,nan,nan,20,6435,10.549339549339548,10.4,10.4,528296800,528296800,208,209205532800,209205532800,81571,False
397,1.1620905594189934,0.6843036630684834,nan,nan,20,5651,9.726420102636702,9.2,9.2,528296800,528296800,184,209733829600,209733829600,81755,False
398,1.1522917935673083,0.6933185560481318,nan,nan,20,6316,10.804939835338823,10.4,10.4,528296800,528296800,208,210262126400,210262126400,81963,False
399,1.1860255609734223,0.68214055448098,nan,nan,20,6204,10.382817537072858,10.1,10.1,528296800,528296800,202,210790423200,210790423200,82165,False
400,1.1262984049830103,0.6936339522546419,1.2602027077099605,0.6516194560433359,20,6032,10.172745358090184,9.95,9.95,528296800,528296800,199,211318720000,211318720000,82364,False
401,1.0859582631609013,0.7008821170809943,nan,nan,20,6235,10.76487570168404,10.25,10.25,528296800,528296800,205,211847016800,211847016800,82569,False
402,1.1287207550910818,0.6965944272445821,nan,nan,20,6137,10.422356200097768,10.15,10.15,528296800,528296800,203,212375313600,212375313600,82772,False
403,1.0858025725779188,0.7091885064730028,nan,nan,20,6334,10.479791600884122,10.3,10.3,528296800,528296800,206,212903610400,212903610400,82978,False
404,0.9904040362197846,0.7287767379679144,nan,nan,20,5984,9.987299465240643,9.75,9.75,528296800,528296800,195,213431907200,213431907200,83173,False
405,1.212607728770751,0.6767676767676768,nan,nan,20,6138,10.395242750081461,9.95,9.95,528296800,528296800,199,213960204000,213960204000,83372,False
406,1.147374112709416,0.693363474891006,nan,nan,20,6193,10.327627967059584,10.15,10.15,528296800,528296800,203,214488500800,214488500800,83575,False
407,1.0945748667977782,0.6934417895271988,nan,nan,20,5901,10.481782748686662,9.75,9.75,528296800,528296800,195,215016797600,215016797600,83770,False
408,1.1051551178705985,0.6985753161517528,nan,nan,20,6247,10.601408676164558,10.25,10.25,528296800,528296800,205,215545094400,215545094400,83975,False
409,1.0163993769780577,0.7303556658395368,nan,nan,20,6045,10.339288668320926,9.95,9.95,528296800,528296800,199,216073391200,216073391200,84174,False
410,1.053172440243062,0.7117490872884169,1.230250672849572,0.6587292630628597,20,6026,10.263026883504814,9.95,9.95,528296800,528296800,199,216601688000,216601688000,84373,False
411,1.221802934080696,0.6686642485412395,nan,nan,20,6341,10.587131367292228,10.45,10.45,528296800,528296800,209,217129984800,217129984800,84582,False
412,1.051382719901029,0.7125811810904698,nan,nan,20,6621,10.925993052409003,10.8,10.8,528296800,528296800,216,217658281600,217658281600,84798,False
413,1.0542886918876777,0.7108276087667648,nan,nan,20,6114,10.448151782793591,10.1,10.1,528296800,528296800,202,218186578400,218186578400,85000,False
414,1.140985252846104,0.6881009615384616,nan,nan,20,6656,10.914212740384617,10.8,10.8,528296800,528296800,216,218714875200,218714875200,85216,False
415,1.151982597389287,0.6987799080969735,nan,nan,20,6311,10.702424338456666,10.35,10.35,528296800,528296800,207,219243172000,219243172000,85423,False
416,1.1118435791081225,0.6923717521652232,nan,nan,20,6004,10.183044636908726,9.95,9.95,528296800,528296800,199,219771468800,219771468800,85622,False
417,1.026189651031004,0.7178249678249679,nan,nan,20,6216,10.34266409266409,10.15,10.15,528296800,528296800,203,220299765600,220299765600,85825,False
418,1.1878199283813684,0.6814848076635234,nan,nan,20,6681,10.966472085017212,10.9,10.9,528296800,528296800,218,220828062400,220828062400,86043,False
419,1.10024158972555,0.6967559943582511,nan,nan,20,6381,10.677323303557436,10.45,10.45,528296800,528296800,209,221356359200,221356359200,86252,False
420,1.013396475750059,0.7236941710825132,1.179686836956344,0.6737388556596321,20,6605,10.96093868281605,10.8,10.8,528296800,528296800,216,221884656000,221884656000,86468,False
421,1.1200059857444096,0.6930447711878407,nan,nan,20,6053,10.142078308276886,9.95,9.95,528296800,528296800,199,222412952800,222412952800,86667,False
422,0.9932264648344471,0.7272430668841762,nan,nan,20,6130,10.441924959216966,10.1,10.1,528296800,528296800,202,222941249600,222941249600,86869,False
423,1.1515754081944447,0.6764705882352942,nan,nan,20,6494,10.69156144133046,10.6,10.6,528296800,528296800,212,223469546400,223469546400,87081,False
424,1.100294229421266,0.7031543052003411,nan,nan,20,5865,10.14475703324808,9.6,9.6,528296800,528296800,192,223997843200,223997843200,87273,False
425,0.9473241592412818,0.7410632447296058,nan,nan,20,6546,10.797128017109687,10.65,10.65,528296800,528296800,213,224526140000,224526140000,87486,False
426,0.9566529782230208,0.7429229756418696,nan,nan,20,6076,10.17955892034233,9.8,9.8,528296800,528296800,196,225054436800,225054436800,87682,False
427,1.1115414624957054,0.6930610889774237,nan,nan,20,6024,10.094621513944224,9.9,9.9,528296800,528296800,198,225582733600,225582733600,87880,False
428,1.06468041293408,0.7071661237785016,nan,nan,20,6140,10.500325732899018,10.2,10.2,528296800,528296800,204,226111030400,226111030400,88084,False
429,1.0291332209989625,0.7166585246702492,nan,nan,20,6141,10.289203712750364,10.05,10.05,528296800,528296800,201,226639327200,226639327200,88285,False
430,0.98774296750778,0.7298019490726186,1.2020879730039062,0.6638641236880714,20,6362,10.571675573718958,10.4,10.4,528296800,528296800,208,227167624000,227167624000,88493,False
431,0.9969870162870447,0.7230574457983858,nan,nan,20,6319,10.454502294666874,10.3,10.3,528296800,528296800,206,227695920800,227695920800,88699,False
432,1.0556507126186663,0.7193254173119945,nan,nan,20,5811,9.988642230252966,9.55,9.55,528296800,528296800,191,228224217600,228224217600,88890,False
433,1.0403546943600097,0.7150511446663419,nan,nan,20,6159,10.334632245494399,10.15,10.15,528296800,528296800,203,228752514400,228752514400,89093,False
434,1.0362113247914773,0.7298367144977734,nan,nan,20,6063,10.235032162295893,9.95,9.95,528296800,528296800,199,229280811200,229280811200,89292,False
435,1.1089722435477176,0.6855429713524317,nan,nan,20,6004,10.179213857428381,9.8,9.8,528296800,528296800,196,229809108000,229809108000,89488,False
436,1.0166310865136865,0.7224566338490389,nan,nan,20,6399,10.789498359118612,10.4,10.4,528296800,528296800,208,230337404800,230337404800,89696,False
437,1.0277299339422472,0.7198605114579874,nan,nan,20,6022,10.42444370640983,9.8,9.8,528296800,528296800,196,230865701600,230865701600,89892,False
438,0.9725552180172068,0.7394814469802826,nan,nan,20,6441,10.752833410961031,10.55,10.55,528296800,528296800,211,231393998400,231393998400,90103,False
439,1.0298529220392962,0.7194106342088404,nan,nan,20,6244,10.490070467648945,10.1,10.1,528296800,528296800,202,231922295200,231922295200,90305,False
440,1.0607989552795962,0.7115261813537676,1.1332576309446691,0.6839521498702178,20,6264,10.431992337164749,10.25,10.25,528296800,528296800,205,232450592000,232450592000,90510,False
441,1.0137010599595584,0.7200126762795119,nan,nan,20,6311,10.568372682617653,10.45,10.45,528296800,528296800,209,232978888800,232978888800,90719,False
442,0.9958593502953866,0.7207355114102775,nan,nan,20,6091,10.214414710228205,10.05,10.05,528296800,528296800,201,233507185600,233507185600,90920,False
443,1.0676291167874854,0.7049234863606121,nan,nan,20,6012,10.22039254823686,9.95,9.95,528296800,528296800,199,234035482400,234035482400,91119,False
444,0.9623442023797375,0.7410328917993749,nan,nan,20,6719,11.105075159994044,11.0,11.0,528296800,528296800,220,234563779200,234563779200,91339,False
445,1.0503004638884972,0.7069019855026788,nan,nan,20,6346,10.510557831705011,10.35,10.35,528296800,528296800,207,235092076000,235092076000,91546,False
446,0.939268302650462,0.7474683544303797,nan,nan,20,6320,10.669620253164558,10.35,10.35,528296800,528296800,207,235620372800,235620372800,91753,False
447,1.0382958109560732,0.712253475590042,nan,nan,20,6186,10.457161332040089,10.1,10.1,528296800,528296800,202,236148669600,236148669600,91955,False
448,0.9999410156921056,0.7263010338181181,nan,nan,20,5707,9.861047835990888,9.35,9.35,528296800,528296800,187,236676966400,236676966400,92142,False
449,1.072956374724016,0.7111370846552012,nan,nan,20,5989,10.28201703122391,9.85,9.85,528296800,528296800,197,237205263200,237205263200,92339,False
450,1.035587714771733,0.7213740458015268,1.102442169119496,0.6919083624873039,20,6288,10.583651399491096,10.3,10.3,528296800,528296800,206,237733560000,237733560000,92545,False
451,1.1037426307637614,0.6987353929886345,nan,nan,20,6247,10.314070753961902,10.2,10.2,528296800,528296800,204,238261856800,238261856800,92749,False
452,1.0434508972636825,0.7056066945606695,nan,nan,20,5975,9.94092050209205,9.8,9.8,528296800,528296800,196,238790153600,238790153600,92945,False
453,1.0197816651325051,0.7248977022348128,nan,nan,20,6354,10.571923197985521,10.35,10.35,528296800,528296800,207,239318450400,239318450400,93152,False
454,1.0406468064127004,0.7207559465623982,nan,nan,20,6138,10.16357119582926,9.95,9.95,528296800,528296800,199,239846747200,239846747200,93351,False
455,1.0373764893921271,0.7196231837777423,nan,nan,20,6263,10.53504710202778,10.25,10.25,528296800,528296800,205,240375044000,240375044000,93556,False
456,0.9855999240185442,0.7290829986613119,nan,nan,20,5976,10.17202141900937,9.75,9.75,528296800,528296800,195,240903340800,240903340800,93751,False
457,0.9392846718575962,0.744258530183727,nan,nan,20,6096,10.241469816272964,9.9,9.9,528296800,528296800,198,241431637600,241431637600,93949,False
458,1.033114730569892,0.7097299056296779,nan,nan,20,6146,10.456557110315652,10.2,10.2,528296800,528296800,204,241959934400,241959934400,94153,False
459,0.9756805217437823,0.731401595311737,nan,nan,20,6143,10.197297737261923,10.05,10.05,528296800,528296800,201,242488231200,242488231200,94354,False
460,0.9255587444006192,0.7421643022104916,1.13602051345049,0.6788172892450062,20,6062,10.29165291982844,9.9,9.9,528296800,528296800,198,243016528000,243016528000,94552,False
461,0.9600015703305316,0.733730522456462,nan,nan,20,6546,10.860678276810267,10.75,10.75,528296800,528296800,215,243544824800,243544824800,94767,False
462,0.9075288518614979,0.741187678628136,nan,nan,20,6298,10.604636392505556,10.3,10.3,528296800,528296800,206,244073121600,244073121600,94973,False
463,0.9829956575021263,0.7287662230984064,nan,nan,20,6087,10.4501396418597,10.05,10.05,528296800,528296800,201,244601418400,244601418400,95174,False
464,0.9942191678038592,0.7225039342542402,nan,nan,20,5719,9.68718307396398,9.45,9.45,528296800,528296800,189,245129715200,245129715200,95363,False
465,0.9519330275996573,0.7319713370940693,nan,nan,20,6559,10.87894496112212,10.75,10.75,528296800,528296800,215,245658012000,245658012000,95578,False
466,0.9190764958805686,0.7504413416787032,nan,nan,20,6231,10.352110415663617,10.2,10.2,528296800,528296800,204,246186308800,246186308800,95782,False
467,0.9624878882970058,0.7441487656300096,nan,nan,20,6238,10.597787752484772,10.25,10.25,528296800,528296800,205,246714605600,246714605600,95987,False
468,1.152307545566595,0.6820861678004535,nan,nan,20,6615,11.013454270597128,10.9,10.9,528296800,528296800,218,247242902400,247242902400,96205,False
469,0.9983932184141308,0.7300094073377235,nan,nan,20,6378,10.667607400439008,10.35,10.35,528296800,528296800,207,247771199200,247771199200,96412,False
470,0.9298761908557238,0.7458687630354565,1.0603828668567454,0.7035323326938269,20,6233,10.375742018289747,10.1,10.1,528296800,528296800,202,248299496000,248299496000,96614,False
471,0.922778033605271,0.7417027417027418,nan,nan,20,6237,10.406926406926408,10.15,10.15,528296800,528296800,203,248827792800,248827792800,96817,False
472,0.9951835656895569,0.7198552393485771,nan,nan,20,6079,10.075670340516531,9.9,9.9,528296800,528296800,198,249356089600,249356089600,97015,False
473,1.000807888143993,0.7232976149325959,nan,nan,20,5786,10.164880746629795,9.6,9.6,528296800,528296800,192,249884386400,249884386400,97207,False
474,0.9028820147246073,0.7475921112979667,nan,nan,20,6541,10.831065586301788,10.7,10.7,528296800,528296800,214,250412683200,250412683200,97421,False
475,0.9063673066576162,0.7496898263027295,nan,nan,20,6448,10.638027295285358,10.55,10.55,528296800,528296800,211,250940980000,250940980000,97632,False
476,1.0190094807075234,0.7135826771653543,nan,nan,20,6096,10.201607611548557,9.9,9.9,528296800,528296800,198,251469276800,251469276800,97830,False
477,0.9816906035126789,0.7318877122205413,nan,nan,20,5949,10.067574382249116,9.8,9.8,528296800,528296800,196,251997573600,251997573600,98026,False
478,0.9178856502829289,0.7387862796833773,nan,nan,20,6443,10.702157380102436,10.55,10.55,528296800,528296800,211,252525870400,252525870400,98237,False
479,0.9428076007585416,0.7438886190707463,nan,nan,20,6177,10.511575198316336,10.15,10.15,528296800,528296800,203,253054167200,253054167200,98440,False
480,0.8598500057448814,0.7611665387567152,1.043874619736546,0.7065793928450513,20,6515,10.87812739831159,10.7,10.7,528296800,528296800,214,253582464000,253582464000,98654,False
481,0.8944806371331819,0.7453101233733311,nan,nan,20,5917,10.016731451749198,9.8,9.8,528296800,528296800,196,254110760800,254110760800,98850,False
482,0.8452105395276969,0.7662253793994188,nan,nan,20,6194,10.294478527607362,10.05,10.05,528296800,528296800,201,254639057600,254639057600,99051,False
483,0.8494490268719723,0.7611280487804878,nan,nan,20,6560,10.973475609756093,10.75,10.75,528296800,528296800,215,255167354400,255167354400,99266,False
484,0.9786233768590817,0.7349630106143454,nan,nan,20,6218,10.485043422322288,10.15,10.15,528296800,528296800,203,255695651200,255695651200,99469,False
485,0.8975614131511919,0.7490712074303405,nan,nan,20,6460,10.70294117647059,10.4,10.4,528296800,528296800,208,256223948000,256223948000,99677,False
486,0.9351294567061309,0.7334959066364745,nan,nan,20,5741,9.91900365789932,9.45,9.45,528296800,528296800,189,256752244800,256752244800,99866,False
487,0.8554317901617534,0.7599184569546809,nan,nan,20,6377,10.507762270660187,10.35,10.35,528296800,528296800,207,257280541600,257280541600,100073,False
488,0.8943911256234689,0.7510386705017578,nan,nan,20,6258,10.51725790987536,10.2,10.2,528296800,528296800,204,257808838400,257808838400,100277,False
489,0.94622499890273,0.7352365415986949,nan,nan,20,6130,10.231810766721045,10.05,10.05,528296800,528296800,201,258337135200,258337135200,100478,False
490,0.9023709076923285,0.7478118973446076,1.0354098049300935,0.7102471504344882,20,6741,11.376947040498441,10.9,10.9,528296800,528296800,218,258865432000,258865432000,100696,False
491,0.9750649961679717,0.7285921625544267,nan,nan,20,6201,10.327527818093856,10.1,10.1,528296800,528296800,202,259393728800,259393728800,100898,False
492,0.9601673103741672,0.7306402682420565,nan,nan,20,6263,10.665974772473255,10.25,10.25,528296800,528296800,205,259922025600,259922025600,101103,False
493,0.958379280477284,0.7332613390928726,nan,nan,20,6482,10.776920703486578,10.6,10.6,528296800,528296800,212,260450322400,260450322400,101315,False
494,0.8828489242619949,0.7548539857932123,nan,nan,20,6335,10.605367008681924,10.35,10.35,528296800,528296800,207,260978619200,260978619200,101522,False
495,0.9597390484921033,0.730510752688172,nan,nan,20,5952,10.168178763440858,9.85,9.85,528296800,528296800,197,261506916000,261506916000,101719,False
496,0.9657010032096094,0.7353535353535353,nan,nan,20,5940,9.805050505050504,9.65,9.65,528296800,528296800,193,262035212800,262035212800,101912,False
497,0.8142905521669253,0.7737261146496816,nan,nan,20,6280,10.632484076433121,10.35,10.35,528296800,528296800,207,262563509600,262563509600,102119,False
498,0.8530186295895795,0.7559784439205119,nan,nan,20,5938,10.076456719434152,9.7,9.7,528296800,528296800,194,263091806400,263091806400,102313,False
499,0.9019502248520708,0.7549929234156314,nan,nan,20,6359,10.666614247523196,10.45,10.45,528296800,528296800,209,263620103200,263620103200,102522,False
500,0.902168105740145,0.7468273092369478,0.9947477108791039,0.7196140390475115,20,6225,10.488995983935745,10.2,10.2,528296800,528296800,204,264148400000,264148400000,102726,False
501,0.8743176142166886,0.7536142725315288,nan,nan,20,6502,10.77683789603199,10.6,10.6,528296800,528296800,212,264676696800,264676696800,102938,False
502,0.8904542868291756,0.7509776317847646,nan,nan,20,6393,10.604880337869544,10.45,10.45,528296800,528296800,209,265204993600,265204993600,103147,False
503,0.9403409453863463,0.7368771871354775,nan,nan,20,6001,10.013164472587901,9.75,9.75,528296800,528296800,195,265733290400,265733290400,103342,False
504,0.9680165724212422,0.7380021885258715,nan,nan,20,6397,11.069876504611535,10.5,10.5,528296800,528296800,210,266261587200,266261587200,103552,False
505,0.9531465052285034,0.7404110697523871,nan,nan,20,6179,10.412040783298268,10.15,10.15,528296800,528296800,203,266789884000,266789884000,103755,False
506,0.8215583210422992,0.775225085377212,nan,nan,20,6442,10.847252406085069,10.55,10.55,528296800,528296800,211,267318180800,267318180800,103966,False
507,0.7818481959164124,0.7823834196891192,nan,nan,20,6562,10.839987808594941,10.75,10.75,528296800,528296800,215,267846477600,267846477600,104181,False
508,0.8730063929494761,0.7604047657907622,nan,nan,20,6127,10.36151460747511,10.1,10.1,528296800,528296800,202,268374774400,268374774400,104383,False
509,0.8046343571533024,0.7756813417190775,nan,nan,20,6201,10.341074020319304,10.15,10.15,528296800,528296800,203,268903071200,268903071200,104586,False
510,0.8441947864411262,0.7618095091552547,0.9858176572343563,0.7206861528044238,20,6499,10.657793506693338,10.5,10.5,528296800,528296800,210,269431368000,269431368000,104796,False
511,0.8816957252193756,0.7486225895316805,nan,nan,20,5808,9.83918732782369,9.6,9.6,528296800,528296800,192,269959664800,269959664800,104988,False
512,0.8929862065294468,0.7481104426962826,nan,nan,20,6483,10.868116612679316,10.65,10.65,528296800,528296800,213,270487961600,270487961600,105201,False
513,0.888568340585543,0.7409507923269392,nan,nan,20,5995,10.052210175145955,9.8,9.8,528296800,528296800,196,271016258400,271016258400,105397,False
514,0.768057666190398,0.786114052337014,nan,nan,20,6611,10.972016336409014,10.85,10.85,528296800,528296800,217,271544555200,271544555200,105614,False
515,0.7803917464354666,0.7876119629573403,nan,nan,20,6587,10.800819796568998,10.7,10.7,528296800,528296800,214,272072852000,272072852000,105828,False
516,0.8296986448382515,0.7630167245187757,nan,nan,20,6338,10.556011360050489,10.4,10.4,528296800,528296800,208,272601148800,272601148800,106036,False
517,0.8563286430904535,0.7646685696162385,nan,nan,20,6306,10.49904852521408,10.25,10.25,528296800,528296800,205,273129445600,273129445600,106241,False
518,0.8166615444956067,0.772485969968148,nan,nan,20,6593,10.871682087062036,10.75,10.75,528296800,528296800,215,273657742400,273657742400,106456,False
519,0.8584600339415535,0.760689426582698,nan,nan,20,6034,10.19572422936692,9.85,9.85,528296800,528296800,197,274186039200,274186039200,106653,False
520,0.8416508314388186,0.7636007188367914,0.9729497243690512,0.7227175262385735,20,6121,10.37722594347329,9.95,9.95,528296800,528296800,199,274714336000,274714336000,106852,False
521,0.8487124450485786,0.7608349267049076,nan,nan,20,6276,10.398502230720204,10.15,10.15,528296800,528296800,203,275242632800,275242632800,107055,False
522,0.9359885666503305,0.7346585998271391,nan,nan,20,5785,9.92428694900605,9.45,9.45,528296800,528296800,189,275770929600,275770929600,107244,False
523,0.8510630088130688,0.7703223816134506,nan,nan,20,6483,10.860095634737004,10.65,10.65,528296800,528296800,213,276299226400,276299226400,107457,False
524,0.8746759218065664,0.7535428219346888,nan,nan,20,6492,10.704251386321628,10.55,10.55,528296800,528296800,211,276827523200,276827523200,107668,False
525,0.9052171690405956,0.7463745271122321,nan,nan,20,6344,10.719577553593947,10.45,10.45,528296800,528296800,209,277355820000,277355820000,107877,False
526,0.8064020086471383,0.7743243243243243,nan,nan,20,6660,11.038888888888888,10.95,10.95,528296800,528296800,219,277884116800,277884116800,108096,False
527,0.8065569581210214,0.7700109221407396,nan,nan,20,6409,10.730847246060229,10.55,10.55,528296800,528296800,211,278412413600,278412413600,108307,False
528,0.8971267245384945,0.7472252618414882,nan,nan,20,6397,10.608722838830701,10.45,10.45,528296800,528296800,209,278940710400,278940710400,108516,False
529,0.9124727858035789,0.7538437645597142,nan,nan,20,6439,10.686131386861314,10.5,10.5,528296800,528296800,210,279469007200,279469007200,108726,False
530,0.8654747934231437,0.750121300339641,0.9845531710705522,0.7170748222548246,20,6183,10.487627365356625,10.2,10.2,528296800,528296800,204,279997304000,279997304000,108930,False
531,0.8787468192386765,0.7541755238384452,nan,nan,20,6586,10.918463407227451,10.8,10.8,528296800,528296800,216,280525600800,280525600800,109146,False
532,0.7268465641623255,0.797544080604534,nan,nan,20,6352,10.605006297229219,10.3,10.3,528296800,528296800,206,281053897600,281053897600,109352,False
533,0.7845946317346699,0.7829164700330344,nan,nan,20,6357,10.797703319175714,10.45,10.45,528296800,528296800,209,281582194400,281582194400,109561,False
534,0.8296741466858796,0.7726803363327924,nan,nan,20,6779,11.168903968136892,11.05,11.05,528296800,528296800,221,282110491200,282110491200,109782,False
535,1.0426531047870913,0.720329583267311,nan,nan,20,6311,10.645697987640629,10.4,10.4,528296800,528296800,208,282638788000,282638788000,109990,False
536,0.7464785666360348,0.7882599580712788,nan,nan,20,6678,10.98846960167715,10.9,10.9,528296800,528296800,218,283167084800,283167084800,110208,False
537,0.8946305143368602,0.7554585152838428,nan,nan,20,6412,10.76731129132876,10.6,10.6,528296800,528296800,212,283695381600,283695381600,110420,False
538,0.8611898548500313,0.7574019531855526,nan,nan,20,6451,10.922027592621301,10.6,10.6,528296800,528296800,212,284223678400,284223678400,110632,False
539,0.7866240281959719,0.7760301981755269,nan,nan,20,6358,10.49748348537276,10.3,10.3,528296800,528296800,206,284751975200,284751975200,110838,False
540,0.8120418786540823,0.768163392578734,0.95512406225466,0.7253131700710981,20,6414,10.687870283754288,10.5,10.5,528296800,528296800,210,285280272000,285280272000,111048,False
541,1.0028884298463296,0.7213114754098361,nan,nan,20,5856,9.873292349726773,9.6,9.6,528296800,528296800,192,285808568800,285808568800,111240,False
542,0.8335023920361694,0.7614826752618856,nan,nan,20,6205,10.41901692183723,10.2,10.2,528296800,528296800,204,286336865600,286336865600,111444,False
543,0.6628844085212199,0.8142334654068881,nan,nan,20,6562,10.846997866504116,10.65,10.65,528296800,528296800,213,286865162400,286865162400,111657,False
544,0.8427483098231211,0.7665734495805231,nan,nan,20,6079,10.161210725448266,9.95,9.95,528296800,528296800,199,287393459200,287393459200,111856,False
545,0.8332667418267585,0.7674590284954969,nan,nan,20,6773,11.218071755499777,11.05,11.05,528296800,528296800,221,287921756000,287921756000,112077,False
546,0.8136708118661524,0.7731371618414807,nan,nan,20,6321,10.451669039708907,10.3,10.3,528296800,528296800,206,288450052800,288450052800,112283,False
547,0.8481275891797886,0.7561652281134402,nan,nan,20,6488,10.736744759556103,10.65,10.65,528296800,528296800,213,288978349600,288978349600,112496,False
548,0.7515185283419049,0.7844736444645823,nan,nan,20,6621,10.99682827367467,10.85,10.85,528296800,528296800,217,289506646400,289506646400,112713,False
549,0.8399489460009041,0.7609855618330195,nan,nan,20,6372,10.74215317011927,10.35,10.35,528296800,528296800,207,290034943200,290034943200,112920,False
550,0.7671285736916779,0.7850916741809438,0.9235315482297044,0.7384042433133958,20,6654,11.075293056807938,10.95,10.95,528296800,528296800,219,290563240000,290563240000,113139,False
551,0.8101920123340722,0.772528007793473,nan,nan,20,6159,10.479136223412892,10.1,10.1,528296800,528296800,202,291091536800,291091536800,113341,False
552,0.9071754473595918,0.7585261353898886,nan,nan,20,5835,10.021765209940018,9.55,9.55,528296800,528296800,191,291619833600,291619833600,113532,False
553,0.7627279600666733,0.7839195979899497,nan,nan,20,6368,10.808731155778894,10.45,10.45,528296800,528296800,209,292148130400,292148130400,113741,False
554,0.7361984052361291,0.7932250153280196,nan,nan,20,6524,10.848405885959536,10.65,10.65,528296800,528296800,213,292676427200,292676427200,113954,False
555,0.82218272025301,0.7689184800259825,nan,nan,20,6158,10.29132835336148,10.05,10.05,528296800,528296800,201,293204724000,293204724000,114155,False
556,0.8048176816153385,0.7740068814513607,nan,nan,20,6394,10.571629652799498,10.4,10.4,528296800,528296800,208,293733020800,293733020800,114363,False
557,0.7522391917462073,0.7852686044742049,nan,nan,20,6571,10.843555014457465,10.7,10.7,528296800,528296800,214,294261317600,294261317600,114577,False
558,0.8678294933440602,0.7516602316602317,nan,nan,20,6475,10.73853281853282,10.6,10.6,528296800,528296800,212,294789614400,294789614400,114789,False
559,0.8066980291700818,0.7742196344816432,nan,nan,20,6183,10.37506065016982,10.15,10.15,528296800,528296800,203,295317911200,295317911200,114992,False
560,0.7324415725241767,0.7874241940631982,0.946880061071353,0.7290373547003725,20,6266,10.939514842004469,10.4,10.4,528296800,528296800,208,295846208000,295846208000,115200,False
561,0.7516187968693306,0.780943484353106,nan,nan,20,6423,10.749494005916237,10.6,10.6,528296800,528296800,212,296374504800,296374504800,115412,False
562,0.9260794411239124,0.7366129032258064,nan,nan,20,6200,10.566451612903226,10.25,10.25,528296800,528296800,205,296902801600,296902801600,115617,False
563,0.7427738151765101,0.7898665819567979,nan,nan,20,6296,10.596410419313852,10.25,10.25,528296800,528296800,205,297431098400,297431098400,115822,False
564,0.6724163673343427,0.8063866067276392,nan,nan,20,6451,10.70159665168191,10.55,10.55,528296800,528296800,211,297959395200,297959395200,116033,False
565,0.8257807425314801,0.7671705553729872,nan,nan,20,6086,10.220506079526784,10.0,10.0,528296800,528296800,200,298487692000,298487692000,116233,False
566,0.7720053842087341,0.7813991769547325,nan,nan,20,6075,10.241152263374486,9.95,9.95,528296800,528296800,199,299015988800,299015988800,116432,False
567,0.7750514952988858,0.7816773017319963,nan,nan,20,6582,11.022789425706472,10.8,10.8,528296800,528296800,216,299544285600,299544285600,116648,False
568,0.7748246528567398,0.7816243061641834,nan,nan,20,6846,11.174116272275782,11.1,11.1,528296800,528296800,222,300072582400,300072582400,116870,False
569,0.8169998711379222,0.7791970802919708,nan,nan,20,6028,10.236396814863966,9.9,9.9,528296800,528296800,198,300600879200,300600879200,117068,False
570,0.771798270409992,0.7767612076852699,0.9142250345410053,0.7403227626678704,20,6558,11.038578835010677,10.65,10.65,528296800,528296800,213,301129176000,301129176000,117281,False
571,0.6732618301073144,0.807990089811087,nan,nan,20,6458,10.881387426447818,10.5,10.5,528296800,528296800,210,301657472800,301657472800,117491,False
572,0.7602427240337013,0.7842551854179761,nan,nan,20,6364,10.767756128221247,10.45,10.45,528296800,528296800,209,302185769600,302185769600,117700,False
573,0.8199942062972865,0.7785048257811222,nan,nan,20,6113,10.336823163749386,10.0,10.0,528296800,528296800,200,302714066400,302714066400,117900,False
574,0.7341944669339847,0.7908619877531795,nan,nan,20,6369,10.661642330036115,10.5,10.5,528296800,528296800,210,303242363200,303242363200,118110,False
575,0.7955477658163851,0.7754035357417371,nan,nan,20,6505,10.792006149116062,10.65,10.65,528296800,528296800,213,303770660000,303770660000,118323,False
576,0.6857332982384302,0.8025126398038915,nan,nan,20,6527,10.852459016393443,10.75,10.75,528296800,528296800,215,304298956800,304298956800,118538,False
577,0.7377781934885108,0.7972320566462826,nan,nan,20,6214,10.37753459929192,10.15,10.15,528296800,528296800,203,304827253600,304827253600,118741,False
578,0.6716320522854655,0.8080430557631934,nan,nan,20,6689,11.050530722081028,10.9,10.9,528296800,528296800,218,305355550400,305355550400,118959,False
579,0.7214251195656901,0.7978840991631139,nan,nan,20,6333,10.574451286909836,10.4,10.4,528296800,528296800,208,305883847200,305883847200,119167,False
580,0.7953740115261784,0.7790020462773493,0.8727841689037478,0.751551743595531,20,6353,10.529828427514559,10.35,10.35,528296800,528296800,207,306412144000,306412144000,119374,False
581,0.737362259481607,0.7952882645595551,nan,nan,20,6834,11.4092771436933,11.1,11.1,528296800,528296800,222,306940440800,306940440800,119596,False
582,0.7060615647359785,0.8003012048192771,nan,nan,20,6640,10.966265060240964,10.8,10.8,528296800,528296800,216,307468737600,307468737600,119812,False
583,0.7242101094988456,0.7902008032128514,nan,nan,20,6225,10.42602409638554,10.1,10.1,528296800,528296800,202,307997034400,307997034400,120014,False
584,0.7708763090686666,0.7866013071895425,nan,nan,20,6120,10.516176470588235,10.0,10.0,528296800,528296800,200,308525331200,308525331200,120214,False
585,0.762577466772894,0.7879818594104309,nan,nan,20,6174,10.292678976352443,10.1,10.1,528296800,528296800,202,309053628000,309053628000,120416,False
586,0.6953616375750012,0.7938624678663239,nan,nan,20,6224,10.374839331619537,10.15,10.15,528296800,528296800,203,309581924800,309581924800,120619,False
587,0.7225242247284049,0.7971345831428136,nan,nan,20,6561,11.028349336991312,10.85,10.85,528296800,528296800,217,310110221600,310110221600,120836,False
588,0.7314691919376136,0.7970968759861154,nan,nan,20,6338,10.938781950142,10.4,10.4,528296800,528296800,208,310638518400,310638518400,121044,False
589,0.7658504374197397,0.7851550737729599,nan,nan,20,6642,11.042155977115325,10.9,10.9,528296800,528296800,218,311166815200,311166815200,121262,False
590,0.7461279194153154,0.7896303258145363,0.8741843671349906,0.7503103487191062,20,6384,10.744674185463658,10.45,10.45,528296800,528296800,209,311695112000,311695112000,121471,False
591,0.9014543341144303,0.7482197355035606,nan,nan,20,5898,10.112410986775178,9.7,9.7,528296800,528296800,194,312223408800,312223408800,121665,False
592,0.6771397587413454,0.8079377431906615,nan,nan,20,6425,10.852918287937744,10.6,10.6,528296800,528296800,212,312751705600,312751705600,121877,False
593,0.6705921504234922,0.8063593004769475,nan,nan,20,6290,10.658982511923687,10.4,10.4,528296800,528296800,208,313280002400,313280002400,122085,False
594,0.8018639510783812,0.7811285558837245,nan,nan,20,6433,10.926783771179855,10.5,10.5,528296800,528296800,210,313808299200,313808299200,122295,False
595,0.8012654869447903,0.7772563741592367,nan,nan,20,6393,10.624745815735963,10.45,10.45,528296800,528296800,209,314336596000,314336596000,122504,False
596,0.7615149315916626,0.7873990818426468,nan,nan,20,6317,10.456387525724235,10.3,10.3,528296800,528296800,206,314864892800,314864892800,122710,False
597,0.759665412773588,0.78399468703304,nan,nan,20,6023,9.988377884775028,9.8,9.8,528296800,528296800,196,315393189600,315393189600,122906,False
598,0.7328442573577836,0.7965235173824131,nan,nan,20,5868,9.956032719836402,9.6,9.6,528296800,528296800,192,315921486400,315921486400,123098,False
599,0.7414971437886698,0.7820431472081218,nan,nan,20,6304,10.672430203045685,10.45,10.45,528296800,528296800,209,316449783200,316449783200,123307,False
600,0.6837536841066584,0.8066959551583094,0.8501851346123879,0.7579844261370049,20,6601,11.037873049537948,10.7,10.7,528296800,528296800,214,316978080000,316978080000,123521,False
601,0.716706173276453,0.7994238932686477,nan,nan,20,6596,11.264099454214676,10.8,10.8,528296800,528296800,216,317506376800,317506376800,123737,False
602,0.9211938821262485,0.7449746547806327,nan,nan,20,5721,9.757559867156091,9.45,9.45,528296800,528296800,189,318034673600,318034673600,123926,False
603,0.8182937023430198,0.7659219739913304,nan,nan,20,5998,10.130543514504835,9.95,9.95,528296800,528296800,199,318562970400,318562970400,124125,False
604,0.7030778470072733,0.806135357368754,nan,nan,20,6324,10.504901960784315,10.3,10.3,528296800,528296800,206,319091267200,319091267200,124331,False
605,0.8150943426262831,0.7737819025522041,nan,nan,20,6034,10.344879018892941,9.9,9.9,528296800,528296800,198,319619564000,319619564000,124529,False
606,0.7917543831091253,0.778395552025417,nan,nan,20,6295,10.451310563939634,10.35,10.35,528296800,528296800,207,320147860800,320147860800,124736,False
607,0.7402581705842728,0.790304396843292,nan,nan,20,6209,10.389112578515059,10.2,10.2,528296800,528296800,204,320676157600,320676157600,124940,False
608,0.7951178976297569,0.7808854083426562,nan,nan,20,6257,10.63400990890203,10.25,10.25,528296800,528296800,205,321204454400,321204454400,125145,False
609,0.7896773083822347,0.7758510976773783,nan,nan,20,6286,10.569201399936368,10.4,10.4,528296800,528296800,208,321732751200,321732751200,125353,False
610,0.8107119751388648,0.7689381409196163,0.8275419634952594,0.7640785464394538,20,6046,9.898279854449223,9.8,9.8,528296800,528296800,196,322261048000,322261048000,125549,False
611,0.7916941424282361,0.7717915728530074,nan,nan,20,6218,10.256513348343518,10.05,10.05,528296800,528296800,201,322789344800,322789344800,125750,False
612,0.6949305551776541,0.8045304530453046,nan,nan,20,6666,11.092259225922591,10.85,10.85,528296800,528296800,217,323317641600,323317641600,125967,False
613,0.762598697875255,0.7791457668338654,nan,nan,20,6579,10.964888280893755,10.8,10.8,528296800,528296800,216,323845938400,323845938400,126183,False
614,0.7621710404119788,0.7882244143033292,nan,nan,20,6488,10.591245376078914,10.45,10.45,528296800,528296800,209,324374235200,324374235200,126392,False
615,0.6448161729319367,0.8181818181818182,nan,nan,20,6259,10.359322575491293,10.15,10.15,528296800,528296800,203,324902532000,324902532000,126595,False
616,0.6644676645986164,0.8052256532066508,nan,nan,20,6315,10.54536817102138,10.3,10.3,528296800,528296800,206,325430828800,325430828800,126801,False
617,0.6512689777168463,0.8084528301886792,nan,nan,20,6625,11.173735849056603,10.8,10.8,528296800,528296800,216,325959125600,325959125600,127017,False
618,0.7097264764013066,0.7998816743085342,nan,nan,20,6761,11.050732140215946,10.95,10.95,528296800,528296800,219,326487422400,326487422400,127236,False
619,0.8247232630689755,0.7615556263946446,nan,nan,20,6274,10.56949314631814,10.2,10.2,528296800,528296800,204,327015719200,327015719200,127440,False
620,0.695838948774296,0.8020451770451771,0.8336333963486509,0.7603543618101795,20,6552,10.899725274725277,10.75,10.75,528296800,528296800,215,327544016000,327544016000,127655,False
621,0.7621457569998292,0.7883459226144597,nan,nan,20,6487,10.888854632341607,10.7,10.7,528296800,528296800,214,328072312800,328072312800,127869,False
622,0.689979332759663,0.7988885551216581,nan,nan,20,6658,10.970862120756983,10.8,10.8,528296800,528296800,216,328600609600,328600609600,128085,False
623,0.7113148334641624,0.7934116868068201,nan,nan,20,6041,10.103128621089223,9.9,9.9,528296800,528296800,198,329128906400,329128906400,128283,False
624,0.666807658881196,0.8171218165081313,nan,nan,20,6518,10.871586376189015,10.75,10.75,528296800,528296800,215,329657203200,329657203200,128498,False
625,0.6747521159457212,0.8091976516634051,nan,nan,20,6132,10.327136333985651,10.15,10.15,528296800,528296800,203,330185500000,330185500000,128701,False
626,0.7837404964233969,0.7805156657963447,nan,nan,20,6128,10.297650130548302,10.05,10.05,528296800,528296800,201,330713796800,330713796800,128902,False
627,0.6259228240971452,0.819296547273314,nan,nan,20,6198,10.506615037108743,10.15,10.15,528296800,528296800,203,331242093600,331242093600,129105,False
628,0.6772264721899572,0.8037311131668209,nan,nan,20,6486,10.770582793709526,10.65,10.65,528296800,528296800,213,331770390400,331770390400,129318,False
629,0.7783662276583063,0.7848691884685886,nan,nan,20,6001,10.297283786035658,9.85,9.85,528296800,528296800,197,332298687200,332298687200,129515,False
630,0.7534512153980604,0.7914893617021277,0.8134148050990468,0.7676334499492157,20,6110,10.474631751227495,10.15,10.15,528296800,528296800,203,332826984000,332826984000,129718,False
631,0.7274900034758705,0.797437461866992,nan,nan,20,6556,11.090298962782185,10.7,10.7,528296800,528296800,214,333355280800,333355280800,129932,False
632,0.7217642999770756,0.7976424361493124,nan,nan,20,6108,10.395383104125736,10.1,10.1,528296800,528296800,202,333883577600,333883577600,130134,False
633,0.7525081280057395,0.7852512155591572,nan,nan,20,6170,10.505348460291733,10.2,10.2,528296800,528296800,204,334411874400,334411874400,130338,False
634,0.7585760152877801,0.791354556803995,nan,nan,20,6408,10.688514357053684,10.55,10.55,528296800,528296800,211,334940171200,334940171200,130549,False
635,0.6444312928573733,0.8195596681557116,nan,nan,20,6268,10.661455009572432,10.3,10.3,528296800,528296800,206,335468468000,335468468000,130755,False
636,0.6759440403054293,0.8149729108520768,nan,nan,20,6091,10.040387456903629,9.85,9.85,528296800,528296800,197,335996764800,335996764800,130952,False
637,0.7193115694541874,0.7938075313807531,nan,nan,20,5975,10.440669456066946,9.85,9.85,528296800,528296800,197,336525061600,336525061600,131149,False
638,0.6613864977346723,0.8032838154808444,nan,nan,20,6395,10.405629397967163,10.3,10.3,528296800,528296800,206,337053358400,337053358400,131355,False
639,0.6600182657975451,0.8087177950868784,nan,nan,20,6676,11.001647693229476,10.9,10.9,528296800,528296800,218,337581655200,337581655200,131573,False
640,0.6170251504364577,0.8199023199023199,0.8070152981759409,0.7684234285069406,20,6552,10.79884004884005,10.7,10.7,528296800,528296800,214,338109952000,338109952000,131787,False
641,0.6939019446278288,0.8049589387239419,nan,nan,20,6332,10.569488313329124,10.35,10.35,528296800,528296800,207,338638248800,338638248800,131994,False
642,0.6535009188671043,0.8110209601081813,nan,nan,20,5916,10.159905341446926,9.7,9.7,528296800,528296800,194,339166545600,339166545600,132188,False
643,0.6558686835023592,0.8098179996660544,nan,nan,20,5989,10.195191183837036,9.85,9.85,528296800,528296800,197,339694842400,339694842400,132385,False
644,0.8422000742953349,0.7669547872340425,nan,nan,20,6016,9.836436170212766,9.75,9.75,528296800,528296800,195,340223139200,340223139200,132580,False
645,0.5569258889616768,0.8376134091957558,nan,nan,20,6503,10.800092265108413,10.7,10.7,528296800,528296800,214,340751436000,340751436000,132794,False
646,0.7014009449893158,0.8018561484918794,nan,nan,20,6465,10.841918020108274,10.6,10.6,528296800,528296800,212,341279732800,341279732800,133006,False
647,0.6467119501731641,0.8128201148533292,nan,nan,20,6443,10.598789383827409,10.5,10.5,528296800,528296800,210,341808029600,341808029600,133216,False
648,0.7062619156396189,0.7904317010309279,nan,nan,20,6208,10.539948453608249,10.25,10.25,528296800,528296800,205,342336326400,342336326400,133421,False
649,0.7347485716892178,0.791988416988417,nan,nan,20,6216,10.54584942084942,10.15,10.15,528296800,528296800,203,342864623200,342864623200,133624,False
650,0.6535608852147631,0.8190228858951469,0.7938412097153956,0.7744046947297145,20,6161,10.345560785586756,10.1,10.1,528296800,528296800,202,343392920000,343392920000,133826,False
651,0.7482036468455427,0.791970802919708,nan,nan,20,6302,10.611075848936848,10.3,10.3,528296800,528296800,206,343921216800,343921216800,134032,False
652,0.6585308252160652,0.8124706985466479,nan,nan,20,6399,10.63884982028442,10.5,10.5,528296800,528296800,210,344449513600,344449513600,134242,False
653,0.7383717217979392,0.7888028396256858,nan,nan,20,6198,10.417554049693448,10.15,10.15,528296800,528296800,203,344977810400,344977810400,134445,False
654,0.68741210161856,0.7979697120985189,nan,nan,20,6009,10.122150108171075,9.9,9.9,528296800,528296800,198,345506107200,345506107200,134643,False
655,0.6992371296788064,0.8053722902921772,nan,nan,20,6366,10.706880301602261,10.4,10.4,528296800,528296800,208,346034404000,346034404000,134851,False
656,0.6655726280717449,0.8050381679389313,nan,nan,20,6550,10.811908396946565,10.7,10.7,528296800,528296800,214,346562700800,346562700800,135065,False
657,0.6438033026768022,0.8128514056224899,nan,nan,20,6225,10.4459437751004,10.25,10.25,528296800,528296800,205,347090997600,347090997600,135270,False
658,0.6820862922089511,0.7961428116034428,nan,nan,20,6274,10.589576028052278,10.35,10.35,528296800,528296800,207,347619294400,347619294400,135477,False
659,0.5658986892085522,0.8378337378640777,nan,nan,20,6592,10.985133495145632,10.75,10.75,528296800,528296800,215,348147591200,348147591200,135692,False
660,0.6836763045159844,0.8008382489909965,0.7843923755187695,0.7759282248053267,20,6442,10.686898478733312,10.55,10.55,528296800,528296800,211,348675888000,348675888000,135903,False
661,0.6931085799315146,0.7980952380952381,nan,nan,20,6300,10.497777777777777,10.3,10.3,528296800,528296800,206,349204184800,349204184800,136109,False
662,0.6757974075170139,0.8041002277904328,nan,nan,20,6146,10.245037422713958,10.05,10.05,528296800,528296800,201,349732481600,349732481600,136310,False
663,0.6902051138968912,0.8054137664346481,nan,nan,20,6465,10.779582366589327,10.6,10.6,528296800,528296800,212,350260778400,350260778400,136522,False
664,0.6042350598322146,0.8273661270236613,nan,nan,20,6424,10.814134495641344,10.55,10.55,528296800,528296800,211,350789075200,350789075200,136733,False
665,0.6738676711032464,0.807135067767565,nan,nan,20,6419,10.524692319675962,10.45,10.45,528296800,528296800,209,351317372000,351317372000,136942,False
666,0.6526805776204309,0.8106650689035351,nan,nan,20,6676,10.994457759137209,10.9,10.9,528296800,528296800,218,351845668800,351845668800,137160,False
667,0.728136628381978,0.7939114075594322,nan,nan,20,5847,9.806909526252777,9.45,9.45,528296800,528296800,189,352373965600,352373965600,137349,False
668,0.5762408017468734,0.8336439888164026,nan,nan,20,6438,10.754582168375272,10.6,10.6,528296800,528296800,212,352902262400,352902262400,137561,False
669,0.6694442726005958,0.80882819942839,nan,nan,20,6298,10.602254684026677,10.25,10.25,528296800,528296800,205,353430559200,353430559200,137766,False
670,0.7129276317482868,0.8052754072924748,0.7715514346783996,0.7786367227175263,20,6445,10.580449961210242,10.4,10.4,528296800,528296800,208,353958856000,353958856000,137974,False
671,0.6706083452400334,0.8119974268253458,nan,nan,20,6218,10.414441942746866,10.2,10.2,528296800,528296800,204,354487152800,354487152800,138178,False
672,0.816251601593784,0.7672830251540896,nan,nan,20,6003,10.44327836081959,9.85,9.85,528296800,528296800,197,355015449600,355015449600,138375,False
673,0.6363592877515858,0.825135713110709,nan,nan,20,6079,10.177989800954103,9.9,9.9,528296800,528296800,198,355543746400,355543746400,138573,False
674,0.6366743783460624,0.8169722537725134,nan,nan,20,6163,10.32467953918546,10.05,10.05,528296800,528296800,201,356072043200,356072043200,138774,False
675,0.7085217342869469,0.7995642701525054,nan,nan,20,5967,10.185017596782304,9.95,9.95,528296800,528296800,199,356600340000,356600340000,138973,False
676,0.6676769487616221,0.8095159697069476,nan,nan,20,6074,10.327955218966084,9.95,9.95,528296800,528296800,199,357128636800,357128636800,139172,False
677,0.6789450292204059,0.7979897841489537,nan,nan,20,6069,10.20365793376174,10.0,10.0,528296800,528296800,200,357656933600,357656933600,139372,False
678,0.6680222006091749,0.8112721417069243,nan,nan,20,6210,10.433816425120774,10.1,10.1,528296800,528296800,202,358185230400,358185230400,139574,False
679,0.6383606270199993,0.8250819928158676,nan,nan,20,6403,10.825394346400127,10.45,10.45,528296800,528296800,209,358713527200,358713527200,139783,False
680,0.6363310720053879,0.8144446235692407,0.7595307658157504,0.7821351991874507,20,6203,10.316459777527003,10.15,10.15,528296800,528296800,203,359241824000,359241824000,139986,False
681,0.606232713773772,0.830398966241318,nan,nan,20,6191,10.223711839767402,10.1,10.1,528296800,528296800,202,359770120800,359770120800,140188,False
682,0.7186800712223325,0.7982954545454546,nan,nan,20,6336,10.651988636363637,10.45,10.45,528296800,528296800,209,360298417600,360298417600,140397,False
683,0.6656268482452933,0.8131885677790196,nan,nan,20,6263,10.297461280536485,10.15,10.15,528296800,528296800,203,360826714400,360826714400,140600,False
684,0.6925832409650139,0.8011953444479396,nan,nan,20,6358,10.675212330921672,10.4,10.4,528296800,528296800,208,361355011200,361355011200,140808,False
685,0.6953904271397473,0.7968419339085138,nan,nan,20,6143,10.482012046231482,10.15,10.15,528296800,528296800,203,361883308000,361883308000,141011,False
686,0.6592189898854107,0.8082836523376216,nan,nan,20,6374,10.598211484154378,10.45,10.45,528296800,528296800,209,362411604800,362411604800,141220,False
687,0.6452324025547826,0.8160936796276835,nan,nan,20,6661,11.099384476805286,10.95,10.95,528296800,528296800,219,362939901600,362939901600,141439,False
688,0.6432466325149427,0.8195973576596414,nan,nan,20,6358,10.636835482856245,10.5,10.5,528296800,528296800,210,363468198400,363468198400,141649,False
689,0.6442961464968255,0.8084151006153334,nan,nan,20,6013,10.077831365375019,9.9,9.9,528296800,528296800,198,363996495200,363996495200,141847,False
690,0.7385285991044733,0.7887078918235015,0.7576797869522702,0.783320167024038,20,6323,10.459591965839001,10.35,10.35,528296800,528296800,207,364524792000,364524792000,142054,False
691,0.6275885426824896,0.8194815396700706,nan,nan,20,6365,10.622780832678712,10.4,10.4,528296800,528296800,208,365053088800,365053088800,142262,False
692,0.6434584182045331,0.8173374613003096,nan,nan,20,6137,10.443213296398893,10.15,10.15,528296800,528296800,203,365581385600,365581385600,142465,False
693,0.7105114615283779,0.794349235757295,nan,nan,20,6477,10.832175389840975,10.7,10.7,528296800,528296800,214,366109682400,366109682400,142679,False
694,0.6723092455975533,0.8057943330149634,nan,nan,20,6282,10.355937599490609,10.2,10.2,528296800,528296800,204,366637979200,366637979200,142883,False
695,0.7117212863953974,0.7946041432471496,nan,nan,20,6227,10.318612493977838,10.15,10.15,528296800,528296800,203,367166276000,367166276000,143086,False
696,0.610041745909542,0.8253770797698647,nan,nan,20,6431,10.778417042450627,10.5,10.5,528296800,528296800,210,367694572800,367694572800,143296,False
697,0.6319393547027571,0.8175675675675675,nan,nan,20,6512,10.717137592137592,10.6,10.6,528296800,528296800,212,368222869600,368222869600,143508,False
698,0.7363330528485861,0.7853081297064699,nan,nan,20,6507,10.719379130167509,10.65,10.65,528296800,528296800,213,368751166400,368751166400,143721,False
699,0.6238658918283033,0.814290312198262,nan,nan,20,6214,10.4708722240103,10.2,10.2,528296800,528296800,204,369279463200,369279463200,143925,False
700,0.638198650794413,0.8095089633671083,0.744286477175621,0.7845051348606252,20,6415,10.62166796570538,10.45,10.45,528296800,528296800,209,369807760000,369807760000,144134,False
701,0.6629184028978182,0.8107752956636005,nan,nan,20,6088,10.454993429697767,10.0,10.0,528296800,528296800,200,370336056800,370336056800,144334,False
702,0.6005874765395964,0.8270459385457865,nan,nan,20,6574,10.856099787039852,10.65,10.65,528296800,528296800,213,370864353600,370864353600,144547,False
703,0.608689140611579,0.8197798838275757,nan,nan,20,6542,11.138489758483644,10.75,10.75,528296800,528296800,215,371392650400,371392650400,144762,False
704,0.6802289950859312,0.8054239503349125,nan,nan,20,6121,10.430485214834176,10.1,10.1,528296800,528296800,202,371920947200,371920947200,144964,False
705,0.7303804050036609,0.8015156401160916,nan,nan,20,6202,10.53418252176717,10.1,10.1,528296800,528296800,202,372449244000,372449244000,145166,False
706,0.6375343926565239,0.8186520122838209,nan,nan,20,6187,10.440278002262808,10.1,10.1,528296800,528296800,202,372977540800,372977540800,145368,False
707,0.6465546113197813,0.8203022339027596,nan,nan,20,6088,10.298948751642579,9.8,9.8,528296800,528296800,196,373505837600,373505837600,145564,False
708,0.6626522722541733,0.8099876314162029,nan,nan,20,6468,10.796691403834261,10.55,10.55,528296800,528296800,211,374034134400,374034134400,145775,False
709,0.7001227637356763,0.8035574972694648,nan,nan,20,6409,10.816508035574973,10.55,10.55,528296800,528296800,211,374562431200,374562431200,145986,False
710,0.6307474794954164,0.814082666231008,0.73345225916236,0.7896964225256743,20,6121,10.433752654794969,10.0,10.0,528296800,528296800,200,375090728000,375090728000,146186,False
711,0.5856331710476754,0.8336469112574475,nan,nan,20,6378,10.877861398557542,10.55,10.55,528296800,528296800,211,375619024800,375619024800,146397,False
712,0.6171084841926434,0.8191764169579091,nan,nan,20,6581,10.945904877678165,10.75,10.75,528296800,528296800,215,376147321600,376147321600,146612,False
713,0.6234504274089,0.815653298835705,nan,nan,20,6184,10.459087968952133,10.05,10.05,528296800,528296800,201,376675618400,376675618400,146813,False
714,0.5737019270349849,0.8310996040207128,nan,nan,20,6566,10.886536704233931,10.7,10.7,528296800,528296800,214,377203915200,377203915200,147027,False
715,0.6119408525559142,0.8230676328502415,nan,nan,20,6624,11.00649154589372,10.9,10.9,528296800,528296800,218,377732212000,377732212000,147245,False
716,0.5869633720139524,0.8284834488067745,nan,nan,20,6495,10.659584295612008,10.55,10.55,528296800,528296800,211,378260508800,378260508800,147456,False
717,0.6686682229509598,0.8009588617383235,nan,nan,20,6466,11.041447571914631,10.7,10.7,528296800,528296800,214,378788805600,378788805600,147670,False
718,0.6631843409717734,0.8097626211969241,nan,nan,20,5982,9.955031761952524,9.7,9.7,528296800,528296800,194,379317102400,379317102400,147864,False
719,0.7172443327754132,0.7987044534412956,nan,nan,20,6175,10.33246963562753,10.15,10.15,528296800,528296800,203,379845399200,379845399200,148067,False
720,0.6593507729269622,0.8208547557840618,0.7225218186084121,0.7908813903622616,20,6224,10.29643316195373,10.1,10.1,528296800,528296800,202,380373696000,380373696000,148269,False
721,0.615887574217163,0.8283235202974899,nan,nan,20,6454,10.793461419274868,10.55,10.55,528296800,528296800,211,380901992800,380901992800,148480,False
722,0.5939380529466665,0.8230943396226416,nan,nan,20,6625,10.994264150943394,10.85,10.85,528296800,528296800,217,381430289600,381430289600,148697,False
723,0.6687209659440014,0.8125427204374572,nan,nan,20,5852,9.990430622009566,9.6,9.6,528296800,528296800,192,381958586400,381958586400,148889,False
724,0.6116538774140081,0.8264631843926998,nan,nan,20,6356,10.672592825676526,10.4,10.4,528296800,528296800,208,382486883200,382486883200,149097,False
725,0.5202361603177473,0.8500534432737823,nan,nan,20,6549,10.907161398686823,10.7,10.7,528296800,528296800,214,383015180000,383015180000,149311,False
726,0.5569407535778085,0.8383233532934131,nan,nan,20,6179,10.410098721475967,10.05,10.05,528296800,528296800,201,383543476800,383543476800,149512,False
727,0.6935338382717136,0.8043165467625899,nan,nan,20,6255,10.390407673860912,10.2,10.2,528296800,528296800,204,384071773600,384071773600,149716,False
728,0.671185207914621,0.8017050836754026,nan,nan,20,6334,10.571045153141775,10.35,10.35,528296800,528296800,207,384600070400,384600070400,149923,False
729,0.5724336891258935,0.8337041981901795,nan,nan,20,6741,11.14686248331108,11.0,11.0,528296800,528296800,220,385128367200,385128367200,150143,False
730,0.6319161815654764,0.8137964302942595,0.7156921056535521,0.794379866832186,20,6219,10.42659591574208,10.2,10.2,528296800,528296800,204,385656664000,385656664000,150347,False
731,0.5944452666643173,0.8260178117048346,nan,nan,20,6288,10.714694656488549,10.35,10.35,528296800,528296800,207,386184960800,386184960800,150554,False
732,0.5932431463198268,0.8318759280646758,nan,nan,20,6061,10.239894406863552,9.9,9.9,528296800,528296800,198,386713257600,386713257600,150752,False
733,0.6510747126523925,0.8185047634425965,nan,nan,20,6193,10.663813983529792,10.15,10.15,528296800,528296800,203,387241554400,387241554400,150955,False
734,0.6314093571304591,0.8169984686064319,nan,nan,20,6530,10.829555895865237,10.7,10.7,528296800,528296800,214,387769851200,387769851200,151169,False
735,0.5876002873612601,0.8325718015665796,nan,nan,20,6128,10.408779373368144,10.0,10.0,528296800,528296800,200,388298148000,388298148000,151369,False
736,0.6217779087898702,0.8177461740609059,nan,nan,20,6469,10.718967382903076,10.5,10.5,528296800,528296800,210,388826444800,388826444800,151579,False
737,0.6395188028580812,0.8147791164658634,nan,nan,20,6225,10.534618473895582,10.25,10.25,528296800,528296800,205,389354741600,389354741600,151784,False
738,0.5722587333389644,0.8323131443298969,nan,nan,20,6208,10.658505154639174,10.1,10.1,528296800,528296800,202,389883038400,389883038400,151986,False
739,0.5770122568360883,0.8296483157738537,nan,nan,20,6739,11.012613147351239,10.9,10.9,528296800,528296800,218,390411335200,390411335200,152204,False
740,0.6824094781784412,0.8111539697846352,0.7289156650073533,0.7860850919760749,20,6222,10.588556734169076,10.2,10.2,528296800,528296800,204,390939632000,390939632000,152408,False
741,0.5910866544450536,0.8283742331288344,nan,nan,20,6520,11.05674846625767,10.7,10.7,528296800,528296800,214,391467928800,391467928800,152622,False
742,0.6798289569078294,0.7980691874497184,nan,nan,20,6215,10.374899436846341,10.2,10.2,528296800,528296800,204,391996225600,391996225600,152826,False
743,0.5903447595803855,0.8305714728201952,nan,nan,20,6457,10.612203809818801,10.5,10.5,528296800,528296800,210,392524522400,392524522400,153036,False
744,0.6343485367857695,0.8109580262736302,nan,nan,20,6242,10.401473886574816,10.2,10.2,528296800,528296800,204,393052819200,393052819200,153240,False
745,0.6063107038257827,0.8227009113504556,nan,nan,20,6035,10.36338028169014,9.95,9.95,528296800,528296800,199,393581116000,393581116000,153439,False
746,0.6617183110652353,0.8194336995203466,nan,nan,20,6463,10.747485687761102,10.55,10.55,528296800,528296800,211,394109412800,394109412800,153650,False
747,0.659628633452678,0.8051401869158878,nan,nan,20,6420,11.042523364485982,10.5,10.5,528296800,528296800,210,394637709600,394637709600,153860,False
748,0.5924833218060545,0.8290312784694808,nan,nan,20,6586,11.223808077740662,10.8,10.8,528296800,528296800,216,395166006400,395166006400,154076,False
749,0.6249058446746257,0.8079147640791476,nan,nan,20,6570,10.852815829528158,10.75,10.75,528296800,528296800,215,395694303200,395694303200,154291,False
750,0.6598339377160458,0.8106804192314091,0.7047731752468815,0.794605574991536,20,6011,10.056230244551655,9.85,9.85,528296800,528296800,197,396222600000,396222600000,154488,False
751,0.6409926345502012,0.8188175460902734,nan,nan,20,6292,10.473458359821997,10.25,10.25,528296800,528296800,205,396750896800,396750896800,154693,False
752,0.5503447438586246,0.8359804520464263,nan,nan,20,6548,10.707544288332317,10.65,10.65,528296800,528296800,213,397279193600,397279193600,154906,False
753,0.5819842491584674,0.8297772199560716,nan,nan,20,6374,10.91575149042987,10.6,10.6,528296800,528296800,212,397807490400,397807490400,155118,False
754,0.6416568593353955,0.8109017496635262,nan,nan,20,5944,10.040881561238223,9.7,9.7,528296800,528296800,194,398335787200,398335787200,155312,False
755,0.6230445957248566,0.8199322242760321,nan,nan,20,6492,10.835489833641406,10.7,10.7,528296800,528296800,214,398864084000,398864084000,155526,False
756,0.6728839392710574,0.8048974399745588,nan,nan,20,6289,10.477341389728096,10.25,10.25,528296800,528296800,205,399392380800,399392380800,155731,False
757,0.6880006660368834,0.8042755344418052,nan,nan,20,6315,10.592715756136181,10.35,10.35,528296800,528296800,207,399920677600,399920677600,155938,False
758,0.5906533579379961,0.8268276546477009,nan,nan,20,6046,10.224445914654318,9.85,9.85,528296800,528296800,197,400448974400,400448974400,156135,False
759,0.5680092535771517,0.8335105574965821,nan,nan,20,6583,11.044356676287407,10.7,10.7,528296800,528296800,214,400977271200,400977271200,156349,False
760,0.6000487230458501,0.8218730553827007,0.6888397673951921,0.8008125493736599,20,6428,10.648568761667704,10.4,10.4,528296800,528296800,208,401505568000,401505568000,156557,False
761,0.6841758381609578,0.7978397549572788,nan,nan,20,6203,10.38416895050782,10.15,10.15,528296800,528296800,203,402033864800,402033864800,156760,False
762,0.6038989195312915,0.8310245090576952,nan,nan,20,6569,10.898005784746536,10.75,10.75,528296800,528296800,215,402562161600,402562161600,156975,False
763,0.5982132499101733,0.8224330171409552,nan,nan,20,6009,10.100349475786322,9.75,9.75,528296800,528296800,195,403090458400,403090458400,157170,False
764,0.779234962995125,0.7803043867502238,nan,nan,20,5585,9.780483437779766,9.35,9.35,528296800,528296800,187,403618755200,403618755200,157357,False
765,0.5593797787505291,0.8343856240893638,nan,nan,20,6177,10.223409422049539,10.05,10.05,528296800,528296800,201,404147052000,404147052000,157558,False
766,0.6470048518854864,0.819435833849969,nan,nan,20,6452,10.78285802851829,10.5,10.5,528296800,528296800,210,404675348800,404675348800,157768,False
767,0.6231766994779417,0.8258147375180607,nan,nan,20,6229,10.366029860330713,10.15,10.15,528296800,528296800,203,405203645600,405203645600,157971,False
768,0.5871715535180857,0.8289756997846817,nan,nan,20,6502,10.69147954475546,10.55,10.55,528296800,528296800,211,405731942400,405731942400,158182,False
769,0.5681562391851153,0.8342195808570535,nan,nan,20,6394,10.750860181420082,10.5,10.5,528296800,528296800,210,406260239200,406260239200,158392,False
770,0.6056886009286011,0.8277898663350948,0.6879481104167989,0.7999661437760975,20,6434,11.157600248678893,10.6,10.6,528296800,528296800,212,406788536000,406788536000,158604,False
771,0.5574232720382224,0.842977652804499,nan,nan,20,6757,11.129347343495635,11.0,11.0,528296800,528296800,220,407316832800,407316832800,158824,False
772,0.6175223359054005,0.8269870051375038,nan,nan,20,6618,10.940918706557873,10.8,10.8,528296800,528296800,216,407845129600,407845129600,159040,False
773,0.5574198476792556,0.8374096292878018,nan,nan,20,6501,11.003076449776957,10.7,10.7,528296800,528296800,214,408373426400,408373426400,159254,False
774,0.5798817132810132,0.8348506628334131,nan,nan,20,6261,10.514933716658678,10.25,10.25,528296800,528296800,205,408901723200,408901723200,159459,False
775,0.6339488654078097,0.819969040247678,nan,nan,20,6460,10.878018575851394,10.6,10.6,528296800,528296800,212,409430020000,409430020000,159671,False
776,0.6222995836594417,0.8264989127058092,nan,nan,20,6438,10.6506679092886,10.5,10.5,528296800,528296800,210,409958316800,409958316800,159881,False
777,0.683736122972916,0.798492117888965,nan,nan,20,5836,9.875428375599723,9.6,9.6,528296800,528296800,192,410486613600,410486613600,160073,False
778,0.5861990045336294,0.823620343175143,nan,nan,20,6469,10.83258618024424,10.6,10.6,528296800,528296800,212,411014910400,411014910400,160285,False
779,0.7428163534205147,0.7859915314043754,nan,nan,20,5668,9.745059985885675,9.4,9.4,528296800,528296800,188,411543207200,411543207200,160473,False
780,0.552613073409107,0.8376354365838113,0.6872611609999637,0.7979347703419478,20,6276,10.491395793499043,10.4,10.4,528296800,528296800,208,412071504000,412071504000,160681,False
781,0.6275396794033549,0.8206143128562381,nan,nan,20,6316,10.578689043698544,10.25,10.25,528296800,528296800,205,412599800800,412599800800,160886,False
782,0.5081977890320021,0.8568188690656184,nan,nan,20,6614,11.045811914121563,10.7,10.7,528296800,528296800,214,413128097600,413128097600,161100,False
783,0.5442245749124802,0.8355887385285425,nan,nan,20,6429,10.774615025664955,10.55,10.55,528296800,528296800,211,413656394400,413656394400,161311,False
784,0.5763594047109776,0.8289281660450787,nan,nan,20,6167,10.360304848386573,10.05,10.05,528296800,528296800,201,414184691200,414184691200,161512,False
785,0.59378578242518,0.8291717417783191,nan,nan,20,6568,10.96452496954933,10.7,10.7,528296800,528296800,214,414712988000,414712988000,161726,False
786,0.6736447865259553,0.8119864668922184,nan,nan,20,6207,10.614628645078136,10.3,10.3,528296800,528296800,206,415241284800,415241284800,161932,False
787,0.6128331917932015,0.8199747554433575,nan,nan,20,6338,10.650678447459764,10.3,10.3,528296800,528296800,206,415769581600,415769581600,162138,False
788,0.6023080881213674,0.8229568978835161,nan,nan,20,6473,10.573613471342497,10.5,10.5,528296800,528296800,210,416297878400,416297878400,162348,False
789,0.5667125937698493,0.8325373134328358,nan,nan,20,6700,11.244776119402983,10.95,10.95,528296800,528296800,219,416826175200,416826175200,162567,False
790,0.6251087539851292,0.8155402151228126,0.6799254114653938,0.8004739871346349,20,6229,10.457537325413387,10.2,10.2,528296800,528296800,204,417354472000,417354472000,162771,False
791,0.5742850739306861,0.8374050841862001,nan,nan,20,6058,10.261637504126774,9.9,9.9,528296800,528296800,198,417882768800,417882768800,162969,False
792,0.6648774475824987,0.8052434456928839,nan,nan,20,6141,10.291483471747268,10.05,10.05,528296800,528296800,201,418411065600,418411065600,163170,False
793,0.6280443913193314,0.8192015836357638,nan,nan,20,6062,10.271527548663807,9.95,9.95,528296800,528296800,199,418939362400,418939362400,163369,False
794,0.5799812978605445,0.8287969077146078,nan,nan,20,6209,10.286519568368496,10.1,10.1,528296800,528296800,202,419467659200,419467659200,163571,False
795,0.6503575043057177,0.8189612530915087,nan,nan,20,6065,10.111129431162407,9.9,9.9,528296800,528296800,198,419995956000,419995956000,163769,False
796,0.5518469364214922,0.837552066645306,nan,nan,20,6242,10.43527715475809,10.2,10.2,528296800,528296800,204,420524252800,420524252800,163973,False
797,0.6100770861649811,0.8241692743257338,nan,nan,20,6711,11.00700342720906,10.95,10.95,528296800,528296800,219,421052549600,421052549600,164192,False
798,0.5651683115478907,0.8414962751624663,nan,nan,20,6309,10.476779204311303,10.35,10.35,528296800,528296800,207,421580846400,421580846400,164399,False
799,0.6097127861953792,0.8243095646746762,nan,nan,20,6409,10.692931814635669,10.5,10.5,528296800,528296800,210,422109143200,422109143200,164609,False
800,0.5634104735465523,0.8356807511737089,0.6646647014126607,0.8063423992777339,20,6603,11.08117522338331,10.95,10.95,528296800,528296800,219,422637440000,422637440000,164828,False
801,0.56470060252233,0.8287937743190662,nan,nan,20,6425,10.78287937743191,10.65,10.65,528296800,528296800,213,423165736800,423165736800,165041,False
802,0.5620813602965671,0.8268363402061856,nan,nan,20,6208,10.452802835051548,10.15,10.15,528296800,528296800,203,423694033600,423694033600,165244,False
803,0.5838408437157886,0.8300603061697851,nan,nan,20,6467,11.080562857584662,10.6,10.6,528296800,528296800,212,424222330400,424222330400,165456,False
804,0.5475064515740528,0.8397397094430993,nan,nan,20,6608,11.068704600484264,10.9,10.9,528296800,528296800,218,424750627200,424750627200,165674,False
805,0.6212696385155595,0.8213840399002493,nan,nan,20,6416,10.712281795511224,10.55,10.55,528296800,528296800,211,425278924000,425278924000,165885,False
806,0.6156568279085154,0.8259247746347529,nan,nan,20,6434,10.58175318619832,10.45,10.45,528296800,528296800,209,425807220800,425807220800,166094,False
807,0.5358031588333245,0.8357733927434755,nan,nan,20,6284,10.608052196053467,10.25,10.25,528296800,528296800,205,426335517600,426335517600,166299,False
808,0.5490921058769112,0.8419012304062026,nan,nan,20,5933,9.89027473453565,9.7,9.7,528296800,528296800,194,426863814400,426863814400,166493,False
809,0.571031039176394,0.831437598736177,nan,nan,20,6330,10.57298578199052,10.35,10.35,528296800,528296800,207,427392111200,427392111200,166700,False
810,0.5762425902827537,0.824297342958071,0.6572283292621216,0.808430199751721,20,6511,10.869758869605285,10.65,10.65,528296800,528296800,213,427920408000,427920408000,166913,False
811,0.6424058148981282,0.8152192172014111,nan,nan,20,5953,10.106332941374097,9.8,9.8,528296800,528296800,196,428448704800,428448704800,167109,False
812,0.5650037230675261,0.8262049154165336,nan,nan,20,6266,10.466804979253112,10.35,10.35,528296800,528296800,207,428977001600,428977001600,167316,False
813,0.5020178772021932,0.8536808413351623,nan,nan,20,6561,10.960981557689378,10.75,10.75,528296800,528296800,215,429505298400,429505298400,167531,False
814,0.5108594495407501,0.8499031633311814,nan,nan,20,6196,10.596998063266623,10.3,10.3,528296800,528296800,206,430033595200,430033595200,167737,False
815,0.5658142366625832,0.8283974991773609,nan,nan,20,6078,10.312767357683448,9.9,9.9,528296800,528296800,198,430561892000,430561892000,167935,False
816,0.5423789512738107,0.8363840719332049,nan,nan,20,6228,10.497270391779061,10.2,10.2,528296800,528296800,204,431090188800,431090188800,168139,False
817,0.4997784585978605,0.8490095148962721,nan,nan,20,6411,10.84932147870847,10.6,10.6,528296800,528296800,212,431618485600,431618485600,168351,False
818,0.5767369458038991,0.8285443637511841,nan,nan,20,6334,10.702715503631197,10.4,10.4,528296800,528296800,208,432146782400,432146782400,168559,False
819,0.573092723693466,0.8331990330378727,nan,nan,20,6205,10.416599516518938,10.25,10.25,528296800,528296800,205,432675079200,432675079200,168764,False
820,0.5550016380559314,0.8405704214068258,0.6578349772108797,0.8064552533574089,20,6241,10.435827591732096,10.25,10.25,528296800,528296800,205,433203376000,433203376000,168969,False
821,0.6412567573438304,0.8080584835090105,nan,nan,20,5882,10.171030261815707,9.75,9.75,528296800,528296800,195,433731672800,433731672800,169164,False
822,0.583680776279778,0.8243752139678192,nan,nan,20,5842,10.048784662786716,9.5,9.5,528296800,528296800,190,434259969600,434259969600,169354,False
823,0.5397460890427661,0.8388596219398823,nan,nan,20,6454,10.73644251626898,10.5,10.5,528296800,528296800,210,434788266400,434788266400,169564,False
824,0.6099902023051148,0.8184713375796179,nan,nan,20,6280,10.519426751592356,10.3,10.3,528296800,528296800,206,435316563200,435316563200,169770,False
825,0.5444487877491362,0.8368354027379815,nan,nan,20,6282,10.501273479783508,10.25,10.25,528296800,528296800,205,435844860000,435844860000,169975,False
826,0.62772325957936,0.8242276422764228,nan,nan,20,6150,10.344227642276422,10.15,10.15,528296800,528296800,203,436373156800,436373156800,170178,False
827,0.6185221444535496,0.8243222308288148,nan,nan,20,6455,10.708133230054223,10.55,10.55,528296800,528296800,211,436901453600,436901453600,170389,False
828,0.6454869384709091,0.8181520850367948,nan,nan,20,6115,10.417825020441537,10.0,10.0,528296800,528296800,200,437429750400,437429750400,170589,False
829,0.4951395465068258,0.8555522565320665,nan,nan,20,6736,11.068586698337292,10.95,10.95,528296800,528296800,219,437958047200,437958047200,170808,False
830,0.5642848647063209,0.8328660436137072,0.6420634685366111,0.8133957792574201,20,6420,10.520872274143304,10.35,10.35,528296800,528296800,207,438486344000,438486344000,171015,False
831,0.6209637668562745,0.8238010657193605,nan,nan,20,5630,9.962166962699822,9.35,9.35,528296800,528296800,187,439014640800,439014640800,171202,False
832,0.6082793623150883,0.8202808112324493,nan,nan,20,6410,10.640093603744146,10.5,10.5,528296800,528296800,210,439542937600,439542937600,171412,False
833,0.5523588520605544,0.8418105459636024,nan,nan,20,6429,10.67755482967802,10.55,10.55,528296800,528296800,211,440071234400,440071234400,171623,False
834,0.5332813119413433,0.8376766091051805,nan,nan,20,6370,10.729356357927786,10.5,10.5,528296800,528296800,210,440599531200,440599531200,171833,False
835,0.6233556033712078,0.8199803793328974,nan,nan,20,6116,10.149771092217135,10.05,10.05,528296800,528296800,201,441127828000,441127828000,172034,False
836,0.6395841192658511,0.8195488721804511,nan,nan,20,6251,10.414013757798754,10.25,10.25,528296800,528296800,205,441656124800,441656124800,172239,False
837,0.5189615765142221,0.8481152993348116,nan,nan,20,6314,10.579505859993663,10.35,10.35,528296800,528296800,207,442184421600,442184421600,172446,False
838,0.4932749051237074,0.8542637990675289,nan,nan,20,6649,11.016543841179125,10.85,10.85,528296800,528296800,217,442712718400,442712718400,172663,False
839,0.5751321732952079,0.8292083013066872,nan,nan,20,6505,10.856110684089163,10.65,10.65,528296800,528296800,213,443241015200,443241015200,172876,False
840,0.5802038981797506,0.8286955123049703,0.646919904148292,0.8081480645525336,20,6217,10.477883223419653,10.3,10.3,528296800,528296800,206,443769312000,443769312000,173082,False
841,0.603509210481397,0.8249589490968802,nan,nan,20,6090,10.674055829228243,10.0,10.0,528296800,528296800,200,444297608800,444297608800,173282,False
842,0.49035849941215354,0.8531677409212388,nan,nan,20,6361,10.595503851595662,10.45,10.45,528296800,528296800,209,444825905600,444825905600,173491,False
843,0.587497313367017,0.8306464485235435,nan,nan,20,6265,10.484756584197923,10.25,10.25,528296800,528296800,205,445354202400,445354202400,173696,False
844,0.6614392644374486,0.8180930686625447,nan,nan,20,6146,10.459648551903678,10.15,10.15,528296800,528296800,203,445882499200,445882499200,173899,False
845,0.5219040149389624,0.847141738449491,nan,nan,20,6385,10.628974158183244,10.4,10.4,528296800,528296800,208,446410796000,446410796000,174107,False
846,0.5690128897287802,0.8314659933722581,nan,nan,20,6337,10.569512387565092,10.4,10.4,528296800,528296800,208,446939092800,446939092800,174315,False
847,0.5827405047871518,0.8260321462338481,nan,nan,20,6346,10.663094862905764,10.4,10.4,528296800,528296800,208,447467389600,447467389600,174523,False
848,0.6584417155835226,0.8065342729019859,nan,nan,20,6244,10.493113388853299,10.2,10.2,528296800,528296800,204,447995686400,447995686400,174727,False
849,0.5508861588666107,0.8388449749959671,nan,nan,20,6199,10.820777544765285,10.2,10.2,528296800,528296800,204,448523983200,448523983200,174931,False
850,0.5363711799027051,0.8416781503598224,0.6383338226796865,0.8117593951021329,20,6531,10.667432246210382,10.55,10.55,528296800,528296800,211,449052280000,449052280000,175142,False
851,0.5141405897083364,0.8487253854373378,nan,nan,20,6551,10.712257670584647,10.6,10.6,528296800,528296800,212,449580576800,449580576800,175354,False
852,0.547597689755212,0.8410075405101877,nan,nan,20,6233,10.476014760147601,10.25,10.25,528296800,528296800,205,450108873600,450108873600,175559,False
853,0.4880857272683774,0.8548680618744313,nan,nan,20,6594,10.878525932666058,10.75,10.75,528296800,528296800,215,450637170400,450637170400,175774,False
854,0.588377859035377,0.8276854219948849,nan,nan,20,6256,10.380434782608695,10.2,10.2,528296800,528296800,204,451165467200,451165467200,175978,False
855,0.6000725144500679,0.8253775386217671,nan,nan,20,5761,9.710466932824161,9.45,9.45,528296800,528296800,189,451693764000,451693764000,176167,False
856,0.48100812913893354,0.8571185575778194,nan,nan,20,5879,10.342745364857969,9.7,9.7,528296800,528296800,194,452222060800,452222060800,176361,False
857,0.5508695359205713,0.8337959183673469,nan,nan,20,6125,10.430040816326532,10.1,10.1,528296800,528296800,202,452750357600,452750357600,176563,False
858,0.5315464194263578,0.844106463878327,nan,nan,20,6049,10.293436931724251,9.9,9.9,528296800,528296800,198,453278654400,453278654400,176761,False
859,0.5172918586898142,0.8471732930716322,nan,nan,20,5961,10.037242073477604,9.8,9.8,528296800,528296800,196,453806951200,453806951200,176957,False
860,0.5125186249670055,0.8518810011018416,0.6318192067298054,0.8145807470940074,20,6353,10.606957342987565,10.4,10.4,528296800,528296800,208,454335248000,454335248000,177165,False
861,0.5618028678525998,0.8279320987654321,nan,nan,20,6480,10.707253086419753,10.55,10.55,528296800,528296800,211,454863544800,454863544800,177376,False
862,0.6084752551811401,0.8216285394336906,nan,nan,20,6251,10.435610302351623,10.25,10.25,528296800,528296800,205,455391841600,455391841600,177581,False
863,0.6648715605057375,0.803093112244898,nan,nan,20,6272,10.464285714285715,10.25,10.25,528296800,528296800,205,455920138400,455920138400,177786,False
864,0.6500827604852163,0.8118794933242041,nan,nan,20,5842,9.908250599109895,9.7,9.7,528296800,528296800,194,456448435200,456448435200,177980,False
865,0.5510509108349705,0.8446982055464927,nan,nan,20,6130,10.485807504078304,10.05,10.05,528296800,528296800,201,456976732000,456976732000,178181,False
866,0.5882837605242773,0.830101252788742,nan,nan,20,5827,9.78582460957611,9.55,9.55,528296800,528296800,191,457505028800,457505028800,178372,False
867,0.5896485062236302,0.8296490956871232,nan,nan,20,6469,10.729788220745089,10.55,10.55,528296800,528296800,211,458033325600,458033325600,178583,False
868,0.5202368749391049,0.8448414614517946,nan,nan,20,6213,10.453726058264929,10.25,10.25,528296800,528296800,205,458561622400,458561622400,178788,False
869,0.5431242590422454,0.8391944694920349,nan,nan,20,6654,10.883528704538623,10.8,10.8,528296800,528296800,216,459089919200,459089919200,179004,False
870,0.7205643940477936,0.7970485823246559,0.6230154783660355,0.8192641914005191,20,6031,10.229646824738849,9.85,9.85,528296800,528296800,197,459618216000,459618216000,179201,False
871,0.5648636001740132,0.8245055313442843,nan,nan,20,5966,9.94619510559839,9.8,9.8,528296800,528296800,196,460146512800,460146512800,179397,False
872,0.5052486734861336,0.8480622669044916,nan,nan,20,6167,10.610507540132964,10.2,10.2,528296800,528296800,204,460674809600,460674809600,179601,False
873,0.49105273256346216,0.8492379058979457,nan,nan,20,6036,10.21255798542081,9.95,9.95,528296800,528296800,199,461203106400,461203106400,179800,False
874,0.5396217146073296,0.8342377898371979,nan,nan,20,6081,10.313928630159515,9.95,9.95,528296800,528296800,199,461731403200,461731403200,179999,False
875,0.5002116700964057,0.8508320726172466,nan,nan,20,6610,10.980181543116489,10.8,10.8,528296800,528296800,216,462259700000,462259700000,180215,False
876,0.5437873026434015,0.8394172019426602,nan,nan,20,6383,10.68008773304089,10.5,10.5,528296800,528296800,210,462787996800,462787996800,180425,False
877,0.6127226785365519,0.8269946593299887,nan,nan,20,6179,10.42207476938016,10.1,10.1,528296800,528296800,202,463316293600,463316293600,180627,False
878,0.5506556676191808,0.8379148508213208,nan,nan,20,5966,9.985920214549113,9.75,9.75,528296800,528296800,195,463844590400,463844590400,180822,False
879,0.5277993471557453,0.8449044585987261,nan,nan,20,6280,10.419745222929938,10.25,10.25,528296800,528296800,205,464372887200,464372887200,181027,False
880,0.5310222475638099,0.8422605185530198,0.6209339991929959,0.8143550389346574,20,6441,10.884955752212392,10.55,10.55,528296800,528296800,211,464901184000,464901184000,181238,False
881,0.6442781774033809,0.8172059500076675,nan,nan,20,6521,11.003527066400858,10.8,10.8,528296800,528296800,216,465429480800,465429480800,181454,False
882,0.5706477229333723,0.8343818810946838,nan,nan,20,6358,10.802925448254166,10.35,10.35,528296800,528296800,207,465957777600,465957777600,181661,False
883,0.469160869103788,0.8567030937355703,nan,nan,20,6497,10.716022779744495,10.5,10.5,528296800,528296800,210,466486074400,466486074400,181871,False
884,0.5197687509947855,0.8440758293838863,nan,nan,20,6330,10.568878357030016,10.3,10.3,528296800,528296800,206,467014371200,467014371200,182077,False
885,0.49175182502003284,0.8543349078165473,nan,nan,20,6563,10.913149474325769,10.8,10.8,528296800,528296800,216,467542668000,467542668000,182293,False
886,0.5949745097147988,0.8230381342578001,nan,nan,20,6346,10.772927828553417,10.4,10.4,528296800,528296800,208,468070964800,468070964800,182501,False
887,0.5361264874439144,0.8409673286354901,nan,nan,20,6244,10.543721973094168,10.25,10.25,528296800,528296800,205,468599261600,468599261600,182706,False
888,0.5764400561226761,0.8300419841393252,nan,nan,20,6431,10.780283004198415,10.6,10.6,528296800,528296800,212,469127558400,469127558400,182918,False
889,0.5483800600170594,0.8382377389858686,nan,nan,20,6015,9.981546134663342,9.75,9.75,528296800,528296800,195,469655855200,469655855200,183113,False
890,0.5536470307920517,0.8404306604531576,0.611781894205494,0.8194334725200316,20,6223,10.33681504097702,10.2,10.2,528296800,528296800,204,470184152000,470184152000,183317,False
891,0.581934309587836,0.8273677541970225,nan,nan,20,6314,10.62860310421286,10.25,10.25,528296800,528296800,205,470712448800,470712448800,183522,False
892,0.5115192767159568,0.8499326044630823,nan,nan,20,6677,10.920922570016474,10.8,10.8,528296800,528296800,216,471240745600,471240745600,183738,False
893,0.592306893896754,0.8237510237510237,nan,nan,20,6105,10.387059787059789,10.1,10.1,528296800,528296800,202,471769042400,471769042400,183940,False
894,0.5519696256862652,0.8367938194109126,nan,nan,20,6213,10.496539513922421,10.15,10.15,528296800,528296800,203,472297339200,472297339200,184143,False
895,0.5072905155611017,0.8425814234016887,nan,nan,20,6632,10.818757539203862,10.7,10.7,528296800,528296800,214,472825636000,472825636000,184357,False
896,0.5492172087544903,0.833359460730522,nan,nan,20,6379,10.917855463238752,10.6,10.6,528296800,528296800,212,473353932800,473353932800,184569,False
897,0.5298939886394708,0.8440073193046661,nan,nan,20,6558,10.851936566026227,10.75,10.75,528296800,528296800,215,473882229600,473882229600,184784,False
898,0.5718069952007877,0.8373751783166904,nan,nan,20,6309,10.63734347757172,10.4,10.4,528296800,528296800,208,474410526400,474410526400,184992,False
899,0.5277274791472629,0.8470425138632163,nan,nan,20,6492,10.67560073937153,10.55,10.55,528296800,528296800,211,474938823200,474938823200,185203,False
900,0.599533379209028,0.8320026071370377,0.6089606279713913,0.8191513373208441,20,6137,10.35994785725925,10.05,10.05,528296800,528296800,201,475467120000,475467120000,185404,False
901,0.5026206476808319,0.8556633240177544,nan,nan,20,6083,10.38369225710998,10.1,10.1,528296800,528296800,202,475995416800,475995416800,185606,False
902,0.5020930714868289,0.8575316151752841,nan,nan,20,6247,10.22842964623019,10.1,10.1,528296800,528296800,202,476523713600,476523713600,185808,False
903,0.5133302688537862,0.8554649265905383,nan,nan,20,6130,10.323654159869491,10.1,10.1,528296800,528296800,202,477052010400,477052010400,186010,False
904,0.555457804806626,0.8351128737034778,nan,nan,20,6556,10.862416107382554,10.7,10.7,528296800,528296800,214,477580307200,477580307200,186224,False
905,0.5105512669679795,0.8502195971528094,nan,nan,20,6603,10.940633045585342,10.8,10.8,528296800,528296800,216,478108604000,478108604000,186440,False
906,0.6282568024647847,0.8186161449752883,nan,nan,20,6070,10.185831960461286,10.0,10.0,528296800,528296800,200,478636900800,478636900800,186640,False
907,0.5740724024024918,0.833019164310399,nan,nan,20,6366,10.796575557650014,10.5,10.5,528296800,528296800,210,479165197600,479165197600,186850,False
908,0.5790289956760714,0.8338870431893688,nan,nan,20,6020,10.277906976744186,9.9,9.9,528296800,528296800,198,479693494400,479693494400,187048,False
909,0.5298762069232144,0.8401659751037345,nan,nan,20,6025,10.045145228215768,9.9,9.9,528296800,528296800,198,480221791200,480221791200,187246,False
910,0.5174443173842883,0.8461778958886979,0.6049194441545549,0.8212391377948313,20,6397,10.630139127716118,10.5,10.5,528296800,528296800,210,480750088000,480750088000,187456,False
911,0.5651572342111526,0.8297730307076101,nan,nan,20,5992,10.139686248331106,9.85,9.85,528296800,528296800,197,481278384800,481278384800,187653,False
912,0.6110832189072679,0.8245420088439671,nan,nan,20,6332,10.536797220467466,10.4,10.4,528296800,528296800,208,481806681600,481806681600,187861,False
913,0.5776276551265389,0.8317424364989484,nan,nan,20,6181,10.422908914415142,10.1,10.1,528296800,528296800,202,482334978400,482334978400,188063,False
914,0.5031825839842515,0.8555905511811024,nan,nan,20,6350,10.543149606299211,10.4,10.4,528296800,528296800,208,482863275200,482863275200,188271,False
915,0.4847885946310548,0.8538767395626242,nan,nan,20,6036,10.044068919814448,9.85,9.85,528296800,528296800,197,483391572000,483391572000,188468,False
916,0.5268820003282969,0.8425261096605744,nan,nan,20,6128,10.444680156657961,10.05,10.05,528296800,528296800,201,483919868800,483919868800,188669,False
917,0.4861851697859636,0.8483552631578948,nan,nan,20,6080,10.370888157894738,10.0,10.0,528296800,528296800,200,484448165600,484448165600,188869,False
918,0.4896266140247524,0.8614367297865946,nan,nan,20,6654,10.978960024045687,10.85,10.85,528296800,528296800,217,484976462400,484976462400,189086,False
919,0.5393561778985895,0.838125,nan,nan,20,6400,10.887656250000001,10.5,10.5,528296800,528296800,210,485504759200,485504759200,189296,False
920,0.551237010094899,0.8381367292225201,0.6030118523945242,0.8206184403566189,20,5968,10.159349865951743,9.85,9.85,528296800,528296800,197,486033056000,486033056000,189493,False
921,0.5622432955581699,0.831343039424178,nan,nan,20,6113,10.575822018648783,10.0,10.0,528296800,528296800,200,486561352800,486561352800,189693,False
922,0.5401066051465329,0.8436996455043506,nan,nan,20,6206,10.315017724782468,10.1,10.1,528296800,528296800,202,487089649600,487089649600,189895,False
923,0.551847993085153,0.8322362869198312,nan,nan,20,5925,9.86464135021097,9.65,9.65,528296800,528296800,193,487617946400,487617946400,190088,False
924,0.5391564672572016,0.8328690807799443,nan,nan,20,6103,10.158774373259053,10.05,10.05,528296800,528296800,201,488146243200,488146243200,190289,False
925,0.5143494078892692,0.8511802407378458,nan,nan,20,6397,10.697514459903081,10.5,10.5,528296800,528296800,210,488674540000,488674540000,190499,False
926,0.5786642162025327,0.8287918581746553,nan,nan,20,6092,10.328463558765595,10.0,10.0,528296800,528296800,200,489202836800,489202836800,190699,False
927,0.5514950343966958,0.8402667513496348,nan,nan,20,6298,10.581613210543031,10.3,10.3,528296800,528296800,206,489731133600,489731133600,190905,False
928,0.5052253553080631,0.8438690022848438,nan,nan,20,6565,10.81172886519421,10.65,10.65,528296800,528296800,213,490259430400,490259430400,191118,False
929,0.4735826779563129,0.8561665113389252,nan,nan,20,6438,10.849332090711403,10.6,10.6,528296800,528296800,212,490787727200,490787727200,191330,False
930,0.5234452569278534,0.8455157301612146,0.5953965917180885,0.8240040627468683,20,6389,10.555955548599156,10.4,10.4,528296800,528296800,208,491316024000,491316024000,191538,False
931,0.573125738980454,0.8272052477127568,nan,nan,20,5793,9.945106162610047,9.5,9.5,528296800,528296800,190,491844320800,491844320800,191728,False
932,0.5749402057433334,0.8309241513724216,nan,nan,20,6157,10.50430404417736,10.15,10.15,528296800,528296800,203,492372617600,492372617600,191931,False
933,0.48816717655700115,0.8566113780809177,nan,nan,20,6451,11.137188032863122,10.65,10.65,528296800,528296800,213,492900914400,492900914400,192144,False
934,0.5248301230981285,0.8473471920570896,nan,nan,20,6446,10.972696245733786,10.55,10.55,528296800,528296800,211,493429211200,493429211200,192355,False
935,0.5378865378843823,0.838964319545311,nan,nan,20,6334,10.680138932743922,10.5,10.5,528296800,528296800,210,493957508000,493957508000,192565,False
936,0.5665055815482767,0.8371346511235006,nan,nan,20,5919,10.362561243453287,9.8,9.8,528296800,528296800,196,494485804800,494485804800,192761,False
937,0.49271577560821356,0.8463758819756254,nan,nan,20,6236,10.33434894162925,10.15,10.15,528296800,528296800,203,495014101600,495014101600,192964,False
938,0.49350459705826333,0.8565934946322705,nan,nan,20,6241,10.555840410190676,10.2,10.2,528296800,528296800,204,495542398400,495542398400,193168,False
939,0.4692445669728609,0.8557842220143437,nan,nan,20,6414,10.571718116619893,10.45,10.45,528296800,528296800,209,496070695200,496070695200,193377,False
940,0.50292183740976,0.8545008183306055,0.5919674118395759,0.8245683331452432,20,6110,10.35384615384615,10.1,10.1,528296800,528296800,202,496598992000,496598992000,193579,False
941,0.4592865782845274,0.8626609442060086,nan,nan,20,6524,10.963519313304717,10.7,10.7,528296800,528296800,214,497127288800,497127288800,193793,False
942,0.49554997638703935,0.8481812577065352,nan,nan,20,6488,10.845561035758323,10.7,10.7,528296800,528296800,214,497655585600,497655585600,194007,False
943,0.5483023986943841,0.8388416230366492,nan,nan,20,6112,10.346695026178013,10.05,10.05,528296800,528296800,201,498183882400,498183882400,194208,False
944,0.5663368951099851,0.8333071237615978,nan,nan,20,6359,10.459977983959746,10.35,10.35,528296800,528296800,207,498712179200,498712179200,194415,False
945,0.56430692121147,0.8330542531815137,nan,nan,20,5972,10.015572672471533,9.75,9.75,528296800,528296800,195,499240476000,499240476000,194610,False
946,0.5600382223435463,0.8305244920459915,nan,nan,20,6349,10.544810206331706,10.4,10.4,528296800,528296800,208,499768772800,499768772800,194818,False
947,0.5840403751292297,0.8324333169693995,nan,nan,20,6111,10.360497463590248,10.0,10.0,528296800,528296800,200,500297069600,500297069600,195018,False
948,0.5042836679361454,0.847115835547913,nan,nan,20,6397,10.70204783492262,10.5,10.5,528296800,528296800,210,500825366400,500825366400,195228,False
949,0.5314716316718028,0.8484660675550046,nan,nan,20,6454,11.088937093275485,10.6,10.6,528296800,528296800,212,501353663200,501353663200,195440,False
950,0.5079741130133609,0.846930846930847,0.5839099334804082,0.8278411014558176,20,6435,10.678477078477076,10.5,10.5,528296800,528296800,210,501881960000,501881960000,195650,False
951,0.4898699628063864,0.8541471048513302,nan,nan,20,6390,10.77151799687011,10.45,10.45,528296800,528296800,209,502410256800,502410256800,195859,False
952,0.535580285293628,0.8373623011015912,nan,nan,20,6536,10.843176254589963,10.7,10.7,528296800,528296800,214,502938553600,502938553600,196073,False
953,0.5330581567753713,0.8418125306723376,nan,nan,20,6113,10.271879600850644,10.1,10.1,528296800,528296800,202,503466850400,503466850400,196275,False
954,0.5568329365699166,0.8359401564093846,nan,nan,20,5882,10.005440326419585,9.7,9.7,528296800,528296800,194,503995147200,503995147200,196469,False
955,0.4657195088944652,0.866969696969697,nan,nan,20,6600,10.932272727272728,10.8,10.8,528296800,528296800,216,504523444000,504523444000,196685,False
956,0.49753537493799094,0.8524218370322372,nan,nan,20,6173,10.404827474485664,10.1,10.1,528296800,528296800,202,505051740800,505051740800,196887,False
957,0.5044457221921606,0.8462237021341001,nan,nan,20,6607,11.01362191614954,10.75,10.75,528296800,528296800,215,505580037600,505580037600,197102,False
958,0.5073086360889841,0.8437653211309037,nan,nan,20,6119,10.140872691616277,10.0,10.0,528296800,528296800,200,506108334400,506108334400,197302,False
959,0.4771957858723464,0.8587941268353639,nan,nan,20,6402,10.94704779756326,10.5,10.5,528296800,528296800,210,506636631200,506636631200,197512,False
960,0.5983807277322374,0.8159212013563701,0.5938621561920895,0.8241733438663807,20,6193,10.58824479250767,10.15,10.15,528296800,528296800,203,507164928000,507164928000,197715,False
961,0.4848612792438813,0.8589322060435259,nan,nan,20,6387,10.739314232033818,10.45,10.45,528296800,528296800,209,507693224800,507693224800,197924,False
962,0.5037389360350742,0.8522638257872474,nan,nan,20,6383,10.697477675074413,10.35,10.35,528296800,528296800,207,508221521600,508221521600,198131,False
963,0.45952752207606196,0.8642409417520257,nan,nan,20,6541,10.898027824491669,10.75,10.75,528296800,528296800,215,508749818400,508749818400,198346,False
964,0.4829397977772252,0.8553468880956077,nan,nan,20,6443,10.68368772311035,10.5,10.5,528296800,528296800,210,509278115200,509278115200,198556,False
965,0.5649985227849572,0.8372306281522237,nan,nan,20,6543,10.869937337612717,10.7,10.7,528296800,528296800,214,509806412000,509806412000,198770,False
966,0.5426566386736976,0.8413454154507756,nan,nan,20,6511,10.879895561357703,10.65,10.65,528296800,528296800,213,510334708800,510334708800,198983,False
967,0.5117974368946457,0.8505643340857788,nan,nan,20,6645,11.00300978179082,10.8,10.8,528296800,528296800,216,510863005600,510863005600,199199,False
968,0.5397335669064872,0.8425053710130557,nan,nan,20,6051,10.154189390183442,9.95,9.95,528296800,528296800,199,511391302400,511391302400,199398,False
969,0.5082115450898619,0.8528670447385003,nan,nan,20,6348,10.753938248267172,10.45,10.45,528296800,528296800,209,511919599200,511919599200,199607,False
970,0.4830542461502079,0.8504167953071936,0.5817641489003423,0.8266561336192303,20,6478,10.908305032417411,10.7,10.7,528296800,528296800,214,512447896000,512447896000,199821,False
971,0.46045113676703564,0.8563218390804598,nan,nan,20,6438,10.660298229263747,10.5,10.5,528296800,528296800,210,512976192800,512976192800,200031,False
972,0.46973398635985025,0.8515156177873519,nan,nan,20,6499,11.100630866287121,10.75,10.75,528296800,528296800,215,513504489600,513504489600,200246,False
973,0.5083315161419105,0.8479471120389701,nan,nan,20,5748,9.87473903966597,9.45,9.45,528296800,528296800,189,514032786400,514032786400,200435,False
974,0.5441653619337,0.8361089494163424,nan,nan,20,6425,10.732762645914397,10.45,10.45,528296800,528296800,209,514561083200,514561083200,200644,False
975,0.4580609210750432,0.8560160841323848,nan,nan,20,6466,10.773275595422206,10.5,10.5,528296800,528296800,210,515089380000,515089380000,200854,False
976,0.43788688797873393,0.8670229007633588,nan,nan,20,6550,10.936488549618321,10.75,10.75,528296800,528296800,215,515617676800,515617676800,201069,False
977,0.535982044030402,0.8467444717444718,nan,nan,20,6512,10.928439803439806,10.6,10.6,528296800,528296800,212,516145973600,516145973600,201281,False
978,0.5388216234932075,0.8373261852906685,nan,nan,20,5969,10.257832132685543,9.85,9.85,528296800,528296800,197,516674270400,516674270400,201478,False
979,0.4695645310936035,0.8546706989247311,nan,nan,20,5952,9.98907930107527,9.7,9.7,528296800,528296800,194,517202567200,517202567200,201672,False
980,0.48321035153106223,0.8596176821983273,0.5758066475492287,0.8278411014558176,20,6696,11.413978494623654,10.95,10.95,528296800,528296800,219,517730864000,517730864000,201891,False
981,0.5232326533217219,0.8422692244630268,nan,nan,20,6099,10.254631906869978,10.05,10.05,528296800,528296800,201,518259160800,518259160800,202092,False
982,0.6217101910354134,0.8262979136341582,nan,nan,20,6183,10.400938055959891,10.1,10.1,528296800,528296800,202,518787457600,518787457600,202294,False
983,0.6129673731137917,0.8193825042881646,nan,nan,20,5830,9.970497427101202,9.6,9.6,528296800,528296800,192,519315754400,519315754400,202486,False
984,0.5031370567349324,0.8535458167330677,nan,nan,20,6275,10.692111553784857,10.25,10.25,528296800,528296800,205,519844051200,519844051200,202691,False
985,0.504657175237308,0.8544973544973545,nan,nan,20,6048,10.195105820105821,9.95,9.95,528296800,528296800,199,520372348000,520372348000,202890,False
986,0.5270482570704421,0.8438393007228105,nan,nan,20,5949,9.94553706505295,9.8,9.8,528296800,528296800,196,520900644800,520900644800,203086,False
987,0.5770712818427369,0.8289076164732072,nan,nan,20,6289,10.709969788519636,10.25,10.25,528296800,528296800,205,521428941600,521428941600,203291,False
988,0.4940877841211755,0.8476966468191789,nan,nan,20,6382,10.550767784393607,10.45,10.45,528296800,528296800,209,521957238400,521957238400,203500,False
989,0.5232117608375908,0.8427826653633105,nan,nan,20,6138,10.436298468556535,10.25,10.25,528296800,528296800,205,522485535200,522485535200,203705,False
990,0.4843630042348523,0.8540216863570157,0.5754547981763314,0.8292517774517549,20,6179,10.350865835895775,10.15,10.15,528296800,528296800,203,523013832000,523013832000,203908,False
991,0.5165719014865586,0.8515443374294255,nan,nan,20,6022,10.112421122550646,9.85,9.85,528296800,528296800,197,523542128800,523542128800,204105,False
992,0.5420450468158395,0.8422638981915607,nan,nan,20,5972,10.200267916945748,9.95,9.95,528296800,528296800,199,524070425600,524070425600,204304,False
993,0.4758049301009702,0.8588768409127691,nan,nan,20,6179,10.34034633435831,10.15,10.15,528296800,528296800,203,524598722400,524598722400,204507,False
994,0.46961909904487886,0.8553836438269656,nan,nan,20,6334,10.673034417429745,10.4,10.4,528296800,528296800,208,525127019200,525127019200,204715,False
995,0.525880885988995,0.8441298917568693,nan,nan,20,6005,10.160699417152372,9.9,9.9,528296800,528296800,198,525655316000,525655316000,204913,False
996,0.5084674982040186,0.8565231898565232,nan,nan,20,5994,10.338505171838504,9.8,9.8,528296800,528296800,196,526183612800,526183612800,205109,False
997,0.525387355182823,0.8492704129152437,nan,nan,20,6442,10.864483079788886,10.6,10.6,528296800,528296800,212,526711909600,526711909600,205321,False
998,0.5174938341640374,0.8501958224543081,nan,nan,20,6128,10.382506527415142,10.05,10.05,528296800,528296800,201,527240206400,527240206400,205522,False
999,0.4944970658358323,0.8526543878656555,nan,nan,20,6461,10.663055254604553,10.55,10.55,528296800,528296800,211,527768503200,527768503200,205733,False
1000,0.5078267224083577,0.8519177860495226,0.566344319226954,0.8316217131249295,20,6179,10.43486000971031,10.15,10.15,528296800,528296800,203,528296800000,528296800000,205936,True
