round,train_loss,train_accuracy,test_loss,test_accuracy,num_fit_clients,num_fit_examples,tau_eff,mean_local_normalizer,mean_local_steps,round_upload_bytes,round_download_bytes,round_local_steps,cumulative_upload_bytes,cumulative_download_bytes,cumulative_local_steps,run_completed
1,4.088378298659832,0.05549371919224042,nan,nan,20,6289,10.764509460963588,10.35,10.35,528296800,528296800,207,528296800,528296800,207,False
2,4.003770404634259,0.061121098218663183,nan,nan,20,6119,10.304951789508092,10.15,10.15,528296800,528296800,203,1056593600,1056593600,410,False
3,3.8724332960055987,0.06863514999214701,nan,nan,20,6367,10.482487827862416,10.35,10.35,528296800,528296800,207,1584890400,1584890400,617,False
4,3.7922335770233535,0.060128726287262874,nan,nan,20,5904,10.02981029810298,9.8,9.8,528296800,528296800,196,2113187200,2113187200,813,False
5,3.743780418909819,0.06321934945788157,nan,nan,20,5995,10.047539616346954,9.85,9.85,528296800,528296800,197,2641484000,2641484000,1010,False
6,3.714175768726096,0.06200420916302412,nan,nan,20,6177,10.365387728670875,10.1,10.1,528296800,528296800,202,3169780800,3169780800,1212,False
7,3.7423715349984428,0.05819000160745861,nan,nan,20,6221,10.40138241440283,10.15,10.15,528296800,528296800,203,3698077600,3698077600,1415,False
8,3.719498980086554,0.06259265359907758,nan,nan,20,6071,10.080052709603029,9.9,9.9,528296800,528296800,198,4226374400,4226374400,1613,False
9,3.704774096160195,0.06287196703799787,nan,nan,20,6553,10.848161147566,10.7,10.7,528296800,528296800,214,4754671200,4754671200,1827,False
10,3.71852324128965,0.057805304113069715,3.7166235085844574,0.05907911070985216,20,6297,10.711291090995713,10.4,10.4,528296800,528296800,208,5282968000,5282968000,2035,False
11,3.7098601232603987,0.06088473125099096,nan,nan,20,6307,10.54241319169177,10.35,10.35,528296800,528296800,207,5811264800,5811264800,2242,False
12,3.70897522322025,0.06621704475781728,nan,nan,20,6524,10.718730839975475,10.65,10.65,528296800,528296800,213,6339561600,6339561600,2455,False
13,3.7246530406842457,0.05383310195896961,nan,nan,20,6483,10.645225975628568,10.55,10.55,528296800,528296800,211,6867858400,6867858400,2666,False
14,3.703922940024647,0.06119380544279056,nan,nan,20,6651,11.097579311381747,10.9,10.9,528296800,528296800,218,7396155200,7396155200,2884,False
15,3.7294290777446464,0.06057852491291837,nan,nan,20,6603,10.865212782068756,10.75,10.75,528296800,528296800,215,7924452000,7924452000,3099,False
16,3.7134887904340115,0.05965413295256227,nan,nan,20,6303,10.666349357448832,10.35,10.35,528296800,528296800,207,8452748800,8452748800,3306,False
17,3.7030218090383236,0.06285266457680251,nan,nan,20,6380,10.62100313479624,10.4,10.4,528296800,528296800,208,8981045600,8981045600,3514,False
18,3.7108065950553932,0.05544339183102966,nan,nan,20,6439,10.517161049852461,10.45,10.45,528296800,528296800,209,9509342400,9509342400,3723,False
19,3.7164456666772026,0.06401521153541435,nan,nan,20,6311,10.560925368404373,10.3,10.3,528296800,528296800,206,10037639200,10037639200,3929,False
20,3.7005791778317323,0.06522055612170621,3.711402027779973,0.05907911070985216,20,6869,11.40559033338186,11.25,11.25,528296800,528296800,225,10565936000,10565936000,4154,False
21,3.6841009673315566,0.06480920654149,nan,nan,20,6604,10.942004845548151,10.75,10.75,528296800,528296800,215,11094232800,11094232800,4369,False
22,3.6935511444869618,0.06827682303762192,nan,nan,20,6459,10.776900448985911,10.6,10.6,528296800,528296800,212,11622529600,11622529600,4581,False
23,3.7130349944790084,0.06458966565349544,nan,nan,20,6580,10.776291793313073,10.65,10.65,528296800,528296800,213,12150826400,12150826400,4794,False
24,3.7061037192209287,0.056309148264984225,nan,nan,20,6340,10.418769716088326,10.25,10.25,528296800,528296800,205,12679123200,12679123200,4999,False
25,3.7134466117522758,0.06163303909205549,nan,nan,20,6344,10.598203026481716,10.35,10.35,528296800,528296800,207,13207420000,13207420000,5206,False
26,3.695378403039091,0.06821367388257281,nan,nan,20,6421,10.732128951876657,10.55,10.55,528296800,528296800,211,13735716800,13735716800,5417,False
27,3.718232616358357,0.06347420858107022,nan,nan,20,6223,10.372971235738389,10.15,10.15,528296800,528296800,203,14264013600,14264013600,5620,False
28,3.6890303181759245,0.06495780926604044,nan,nan,20,6281,10.40312052220984,10.25,10.25,528296800,528296800,205,14792310400,14792310400,5825,False
29,3.7189315599026296,0.0638677257254012,nan,nan,20,6169,10.38482736261955,10.15,10.15,528296800,528296800,203,15320607200,15320607200,6028,False
30,3.7172303179671187,0.060463608364402656,3.7102308878173758,0.05907911070985216,20,6169,10.18998216890906,10.0,10.0,528296800,528296800,200,15848904000,15848904000,6228,False
31,3.6934232647285197,0.0601076095311299,nan,nan,20,6505,10.930668716372022,10.6,10.6,528296800,528296800,212,16377200800,16377200800,6440,False
32,3.708208311996845,0.06273423496822551,nan,nan,20,6137,10.364021508880558,10.05,10.05,528296800,528296800,201,16905497600,16905497600,6641,False
33,3.706174651675186,0.059927456237186566,nan,nan,20,6341,10.49897492509068,10.25,10.25,528296800,528296800,205,17433794400,17433794400,6846,False
34,3.722280865041619,0.06117858749437697,nan,nan,20,6669,11.079022342180236,10.85,10.85,528296800,528296800,217,17962091200,17962091200,7063,False
35,3.701135701970419,0.058634673876309565,nan,nan,20,5918,10.077222034471106,9.8,9.8,528296800,528296800,196,18490388000,18490388000,7259,False
36,3.69388823087936,0.06420984872867717,nan,nan,20,6214,10.36594785967171,10.15,10.15,528296800,528296800,203,19018684800,19018684800,7462,False
37,3.7009477197886085,0.06512370311252993,nan,nan,20,6265,10.444213886671985,10.25,10.25,528296800,528296800,205,19546981600,19546981600,7667,False
38,3.689684479235111,0.057571964956195244,nan,nan,20,6392,10.645181476846057,10.35,10.35,528296800,528296800,207,20075278400,20075278400,7874,False
39,3.694581364584644,0.05872783471612168,nan,nan,20,6147,10.267935578330892,10.1,10.1,528296800,528296800,202,20603575200,20603575200,8076,False
40,3.7150850705626777,0.061615844074190504,3.7042530297345118,0.05907911070985216,20,6362,10.727601383212829,10.45,10.45,528296800,528296800,209,21131872000,21131872000,8285,False
41,3.7032493014303034,0.06650093225605966,nan,nan,20,6436,10.852082038533252,10.5,10.5,528296800,528296800,210,21660168800,21660168800,8495,False
42,3.7105305118669074,0.06293592862935929,nan,nan,20,6165,10.370316301703166,10.15,10.15,528296800,528296800,203,22188465600,22188465600,8698,False
43,3.7085115366041017,0.060741885625966,nan,nan,20,6470,11.014374034003092,10.65,10.65,528296800,528296800,213,22716762400,22716762400,8911,False
44,3.716229426534854,0.05863758495337443,nan,nan,20,6327,10.61624782677414,10.3,10.3,528296800,528296800,206,23245059200,23245059200,9117,False
45,3.715803886000375,0.060337480824953126,nan,nan,20,5867,9.773478779614795,9.55,9.55,528296800,528296800,191,23773356000,23773356000,9308,False
46,3.699125215183794,0.0689816256617876,nan,nan,20,6422,10.46278417938337,10.4,10.4,528296800,528296800,208,24301652800,24301652800,9516,False
47,3.7044777171333068,0.06727017324800999,nan,nan,20,6407,10.859216481972844,10.55,10.55,528296800,528296800,211,24829949600,24829949600,9727,False
48,3.7013743409174467,0.05589860253493663,nan,nan,20,6154,10.343191420214495,10.1,10.1,528296800,528296800,202,25358246400,25358246400,9929,False
49,3.7010675372169275,0.06662406135165362,nan,nan,20,6259,10.673110720562391,10.2,10.2,528296800,528296800,204,25886543200,25886543200,10133,False
50,3.6708786490172867,0.07055167055167055,3.7017079127748347,0.05907911070985216,20,6435,10.917016317016316,10.65,10.65,528296800,528296800,213,26414840000,26414840000,10346,False
51,3.7054421372705577,0.06612244897959184,nan,nan,20,6125,10.453061224489796,10.15,10.15,528296800,528296800,203,26943136800,26943136800,10549,False
52,3.672616560636389,0.06611822059719683,nan,nan,20,6564,10.943327239488113,10.75,10.75,528296800,528296800,215,27471433600,27471433600,10764,False
53,3.6764541550086753,0.06707025649195475,nan,nan,20,6277,10.657001752429503,10.35,10.35,528296800,528296800,207,27999730400,27999730400,10971,False
54,3.6587051466773186,0.06922592825676527,nan,nan,20,6356,10.598489616110761,10.45,10.45,528296800,528296800,209,28528027200,28528027200,11180,False
55,3.684125240592423,0.06888253872762821,nan,nan,20,6649,11.088283952474058,10.95,10.95,528296800,528296800,219,29056324000,29056324000,11399,False
56,3.677116351858151,0.06952685227445611,nan,nan,20,6573,10.844971854556517,10.7,10.7,528296800,528296800,214,29584620800,29584620800,11613,False
57,3.6957470615299584,0.060859388062196956,nan,nan,20,5981,10.293261996321686,9.8,9.8,528296800,528296800,196,30112917600,30112917600,11809,False
58,3.6844237969755067,0.06239276243955701,nan,nan,20,6411,10.674621743877712,10.55,10.55,528296800,528296800,211,30641214400,30641214400,12020,False
59,3.677360785284535,0.07237560442988614,nan,nan,20,6411,10.513648416783655,10.4,10.4,528296800,528296800,208,31169511200,31169511200,12228,False
60,3.7050305661978733,0.06512765632166335,3.6963841215561373,0.05907911070985216,20,6541,10.695306528053814,10.6,10.6,528296800,528296800,212,31697808000,31697808000,12440,False
61,3.6840306042865585,0.07022292993630573,nan,nan,20,6280,10.572611464968155,10.3,10.3,528296800,528296800,206,32226104800,32226104800,12646,False
62,3.6814973772194493,0.0648995983935743,nan,nan,20,6225,10.700722891566265,10.25,10.25,528296800,528296800,205,32754401600,32754401600,12851,False
63,3.690044008188293,0.0685214626391097,nan,nan,20,6290,10.525755166931637,10.25,10.25,528296800,528296800,205,33282698400,33282698400,13056,False
64,3.697946463941926,0.06464745155512132,nan,nan,20,6141,10.310372903435924,10.0,10.0,528296800,528296800,200,33810995200,33810995200,13256,False
65,3.670251528638377,0.06469175340272218,nan,nan,20,6245,10.477181745396317,10.25,10.25,528296800,528296800,205,34339292000,34339292000,13461,False
66,3.6619488370030444,0.07251967288998612,nan,nan,20,6481,10.77194877333745,10.55,10.55,528296800,528296800,211,34867588800,34867588800,13672,False
67,3.679414099886688,0.0677000949066751,nan,nan,20,6322,10.754349889275545,10.4,10.4,528296800,528296800,208,35395885600,35395885600,13880,False
68,3.6883672574822053,0.06689070251240198,nan,nan,20,6249,10.66090574491919,10.2,10.2,528296800,528296800,204,35924182400,35924182400,14084,False
69,3.675860323315956,0.06275205678335215,nan,nan,20,6199,10.25439587030166,10.05,10.05,528296800,528296800,201,36452479200,36452479200,14285,False
70,3.6895509351715123,0.06850681742600599,3.689692223721844,0.05907911070985216,20,6014,10.098270701696043,9.9,9.9,528296800,528296800,198,36980776000,36980776000,14483,False
71,3.6838186087769746,0.061689338816830114,nan,nan,20,6322,10.429769060423917,10.35,10.35,528296800,528296800,207,37509072800,37509072800,14690,False
72,3.679981015496014,0.06939812609178975,nan,nan,20,6297,10.576782594886453,10.4,10.4,528296800,528296800,208,38037369600,38037369600,14898,False
73,3.671185163550858,0.07022385771235817,nan,nan,20,6522,11.011499540018397,10.65,10.65,528296800,528296800,213,38565666400,38565666400,15111,False
74,3.672557866006933,0.06356268870173208,nan,nan,20,6293,10.489273796281582,10.25,10.25,528296800,528296800,205,39093963200,39093963200,15316,False
75,3.64555384000731,0.06497222689782865,nan,nan,20,5941,10.346574650732201,9.8,9.8,528296800,528296800,196,39622260000,39622260000,15512,False
76,3.7012631893934316,0.06675350048844025,nan,nan,20,6142,10.272061217844351,10.1,10.1,528296800,528296800,202,40150556800,40150556800,15714,False
77,3.6913088921162585,0.07185823443342546,nan,nan,20,6151,10.258169403349049,10.05,10.05,528296800,528296800,201,40678853600,40678853600,15915,False
78,3.680895298843562,0.0676553907682053,nan,nan,20,6001,10.168638560239959,9.8,9.8,528296800,528296800,196,41207150400,41207150400,16111,False
79,3.6758564378876057,0.07489198271723475,nan,nan,20,6249,10.528884621539447,10.25,10.25,528296800,528296800,205,41735447200,41735447200,16316,False
80,3.690545983356629,0.07114818449460256,3.6865498271621844,0.05907911070985216,20,6114,10.61498200850507,9.9,9.9,528296800,528296800,198,42263744000,42263744000,16514,False
81,3.665648588686915,0.07559746382702,nan,nan,20,6151,10.514713054787837,10.15,10.15,528296800,528296800,203,42792040800,42792040800,16717,False
82,3.681286628414219,0.0705961830771829,nan,nan,20,5921,10.208748522209087,9.7,9.7,528296800,528296800,194,43320337600,43320337600,16911,False
83,3.691847733083534,0.06918833727344366,nan,nan,20,6345,10.62836879432624,10.4,10.4,528296800,528296800,208,43848634400,43848634400,17119,False
84,3.674971076641478,0.06622084488664166,nan,nan,20,6131,10.34496819442179,10.15,10.15,528296800,528296800,203,44376931200,44376931200,17322,False
85,3.6270037658796164,0.08029548739360848,nan,nan,20,6227,10.51292757347037,10.25,10.25,528296800,528296800,205,44905228000,44905228000,17527,False
86,3.694027598031576,0.067679774400752,nan,nan,20,6383,10.897383675387749,10.5,10.5,528296800,528296800,210,45433524800,45433524800,17737,False
87,3.688480142123524,0.06607331422537335,nan,nan,20,6629,11.027907678382864,10.85,10.85,528296800,528296800,217,45961821600,45961821600,17954,False
88,3.670053991827521,0.06733048838311996,nan,nan,20,6327,10.53658922079975,10.4,10.4,528296800,528296800,208,46490118400,46490118400,18162,False
89,3.647831416587986,0.07273299748110831,nan,nan,20,6352,10.538098236775816,10.3,10.3,528296800,528296800,206,47018415200,47018415200,18368,False
90,3.643935790966297,0.07429467084639499,3.6709159748129916,0.056427039837490124,20,6380,10.511598746081503,10.35,10.35,528296800,528296800,207,47546712000,47546712000,18575,False
91,3.660292829862826,0.06442261233693027,nan,nan,20,6209,10.679819616685457,10.15,10.15,528296800,528296800,203,48075008800,48075008800,18778,False
92,3.630084294101463,0.08472968700600696,nan,nan,20,6326,10.695542206765728,10.4,10.4,528296800,528296800,208,48603305600,48603305600,18986,False
93,3.658457948843613,0.07631033933407678,nan,nan,20,6277,10.397801497530669,10.25,10.25,528296800,528296800,205,49131602400,49131602400,19191,False
94,3.6521241028922744,0.09265279583875162,nan,nan,20,6152,10.502925877763332,10.1,10.1,528296800,528296800,202,49659899200,49659899200,19393,False
95,3.675894952260375,0.07577984648048343,nan,nan,20,6123,10.189449616201209,9.85,9.85,528296800,528296800,197,50188196000,50188196000,19590,False
96,3.6434747779355723,0.0911615749060611,nan,nan,20,6121,10.200457441594512,10.0,10.0,528296800,528296800,200,50716492800,50716492800,19790,False
97,3.6286478201301064,0.08102643856920684,nan,nan,20,6430,10.775583203732504,10.55,10.55,528296800,528296800,211,51244789600,51244789600,20001,False
98,3.645552837350933,0.08048896650261947,nan,nan,20,6299,10.576123194157804,10.2,10.2,528296800,528296800,204,51773086400,51773086400,20205,False
99,3.644339187127885,0.0779816513761468,nan,nan,20,6322,10.586839607719076,10.35,10.35,528296800,528296800,207,52301383200,52301383200,20412,False
100,3.652955420394722,0.06776045939294503,3.65540534050036,0.1274686829928902,20,6095,10.2,10.05,10.05,528296800,528296800,201,52829680000,52829680000,20613,False
101,3.627080272433054,0.08227944537559043,nan,nan,20,6563,10.933414596983086,10.75,10.75,528296800,528296800,215,53357976800,53357976800,20828,False
102,3.630528674356399,0.07161290322580645,nan,nan,20,6200,10.464838709677421,10.15,10.15,528296800,528296800,203,53886273600,53886273600,21031,False
103,3.6579913709333858,0.07927984838913456,nan,nan,20,6332,10.508054327226786,10.35,10.35,528296800,528296800,207,54414570400,54414570400,21238,False
104,3.656022710815565,0.070863599677159,nan,nan,20,6195,10.449878934624698,10.2,10.2,528296800,528296800,204,54942867200,54942867200,21442,False
105,3.6459367711002266,0.0771123872026251,nan,nan,20,6095,10.34208367514356,10.05,10.05,528296800,528296800,201,55471164000,55471164000,21643,False
106,3.631519429022334,0.077897403419886,nan,nan,20,6316,10.505066497783409,10.3,10.3,528296800,528296800,206,55999460800,55999460800,21849,False
107,3.609194895370617,0.08667198723064645,nan,nan,20,6265,10.523543495610534,10.25,10.25,528296800,528296800,205,56527757600,56527757600,22054,False
108,3.6137141714651118,0.08994708994708994,nan,nan,20,6237,10.397787397787399,10.2,10.2,528296800,528296800,204,57056054400,57056054400,22258,False
109,3.643730193299731,0.0856958762886598,nan,nan,20,6208,10.298002577319586,10.1,10.1,528296800,528296800,202,57584351200,57584351200,22460,False
110,3.6208400083996497,0.08532095405794782,3.6375406175337237,0.09417672948877102,20,6247,10.490955658716183,10.25,10.25,528296800,528296800,205,58112648000,58112648000,22665,False
111,3.638456387405036,0.08164689462665736,nan,nan,20,5732,9.921144452198186,9.4,9.4,528296800,528296800,188,58640944800,58640944800,22853,False
112,3.6153363795310476,0.08762974306619023,nan,nan,20,5877,9.926493108728945,9.65,9.65,528296800,528296800,193,59169241600,59169241600,23046,False
113,3.6321324311769927,0.08904428904428904,nan,nan,20,6435,10.628127428127428,10.5,10.5,528296800,528296800,210,59697538400,59697538400,23256,False
114,3.623009517315447,0.08139534883720931,nan,nan,20,6106,10.37848018342614,10.15,10.15,528296800,528296800,203,60225835200,60225835200,23459,False
115,3.626031577065336,0.10168350168350168,nan,nan,20,5940,10.18804713804714,9.9,9.9,528296800,528296800,198,60754132000,60754132000,23657,False
116,3.6004991765443606,0.09739753779024467,nan,nan,20,6417,10.637213651238898,10.45,10.45,528296800,528296800,209,61282428800,61282428800,23866,False
117,3.605983077614876,0.08507713456544982,nan,nan,20,6547,10.885138231250957,10.75,10.75,528296800,528296800,215,61810725600,61810725600,24081,False
118,3.5878651222933726,0.10136546184738955,nan,nan,20,6225,10.50120481927711,10.2,10.2,528296800,528296800,204,62339022400,62339022400,24285,False
119,3.5769730841095475,0.09297580880209852,nan,nan,20,6862,11.294812008160887,11.2,11.2,528296800,528296800,224,62867319200,62867319200,24509,False
120,3.5842839284262533,0.10103669573802863,3.602146840636341,0.14185757815145017,20,6077,10.013328945203227,9.85,9.85,528296800,528296800,197,63395616000,63395616000,24706,False
121,3.5620079864199905,0.1091123562370982,nan,nan,20,6782,11.214685933352996,11.0,11.0,528296800,528296800,220,63923912800,63923912800,24926,False
122,3.555389892427165,0.10003026634382567,nan,nan,20,6608,10.949757869249394,10.8,10.8,528296800,528296800,216,64452209600,64452209600,25142,False
123,3.5563466748586188,0.10420329231260987,nan,nan,20,6257,10.54147354962442,10.3,10.3,528296800,528296800,206,64980506400,64980506400,25348,False
124,3.568693210119286,0.10139331878462313,nan,nan,20,5957,10.050360919926137,9.8,9.8,528296800,528296800,196,65508803200,65508803200,25544,False
125,3.5642277934467144,0.10806893219520051,nan,nan,20,6209,10.39410533097117,10.15,10.15,528296800,528296800,203,66037100000,66037100000,25747,False
126,3.5608401761513657,0.09932354396964198,nan,nan,20,6061,10.147500412473189,9.95,9.95,528296800,528296800,199,66565396800,66565396800,25946,False
127,3.555674353466403,0.1044298736606429,nan,nan,20,6253,10.484887254118025,10.35,10.35,528296800,528296800,207,67093693600,67093693600,26153,False
128,3.545967402288844,0.11394278197961197,nan,nan,20,6082,10.260605064123645,10.05,10.05,528296800,528296800,201,67621990400,67621990400,26354,False
129,3.5471188776450506,0.11771211881813873,nan,nan,20,6329,10.522199399589194,10.35,10.35,528296800,528296800,207,68150287200,68150287200,26561,False
130,3.5006185319411194,0.118773373223635,3.5488899335838604,0.1434375352668999,20,6685,11.188481675392671,11.0,11.0,528296800,528296800,220,68678584000,68678584000,26781,False
131,3.4899236445688833,0.12223710649698594,nan,nan,20,5972,10.388312123241793,9.8,9.8,528296800,528296800,196,69206880800,69206880800,26977,False
132,3.527527554845184,0.12087736151136727,nan,nan,20,6246,10.553474223503045,10.3,10.3,528296800,528296800,206,69735177600,69735177600,27183,False
133,3.5084745843069896,0.11151515151515151,nan,nan,20,5775,10.352034632034634,9.55,9.55,528296800,528296800,191,70263474400,70263474400,27374,False
134,3.4874797905913466,0.12944162436548223,nan,nan,20,6304,10.55409263959391,10.3,10.3,528296800,528296800,206,70791771200,70791771200,27580,False
135,3.481581311689472,0.12913308109886495,nan,nan,20,6079,10.257279157756209,9.9,9.9,528296800,528296800,198,71320068000,71320068000,27778,False
136,3.5228887928813153,0.12539081783774889,nan,nan,20,6077,10.421918709889747,9.95,9.95,528296800,528296800,199,71848364800,71848364800,27977,False
137,3.5092547116769595,0.1203419906436522,nan,nan,20,6199,10.36925310533957,10.2,10.2,528296800,528296800,204,72376661600,72376661600,28181,False
138,3.4689526082806097,0.12662796171347873,nan,nan,20,6373,10.546681311784091,10.4,10.4,528296800,528296800,208,72904958400,72904958400,28389,False
139,3.4574871552020925,0.1415278403121717,nan,nan,20,6663,11.05042773525439,10.85,10.85,528296800,528296800,217,73433255200,73433255200,28606,False
140,3.4516909218484915,0.13527119194543683,3.45953344744493,0.19834104502877778,20,6158,10.336472880805456,10.15,10.15,528296800,528296800,203,73961552000,73961552000,28809,False
141,3.4311495745640106,0.14339268978444236,nan,nan,20,6402,10.663855045298343,10.5,10.5,528296800,528296800,210,74489848800,74489848800,29019,False
142,3.3905117554583413,0.1562255897516013,nan,nan,20,6401,10.61646617715982,10.45,10.45,528296800,528296800,209,75018145600,75018145600,29228,False
143,3.421472054126885,0.1499312242090784,nan,nan,20,6543,10.911355647256606,10.75,10.75,528296800,528296800,215,75546442400,75546442400,29443,False
144,3.424745840092589,0.14738415545590433,nan,nan,20,6690,11.093871449925262,11.0,11.0,528296800,528296800,220,76074739200,76074739200,29663,False
145,3.4046871382019455,0.14058355437665782,nan,nan,20,6409,10.666094554532686,10.5,10.5,528296800,528296800,210,76603036000,76603036000,29873,False
146,3.40511096311255,0.1511111111111111,nan,nan,20,6525,10.828812260536399,10.65,10.65,528296800,528296800,213,77131332800,77131332800,30086,False
147,3.359087373166194,0.1621408272813388,nan,nan,20,6334,10.6586675086833,10.35,10.35,528296800,528296800,207,77659629600,77659629600,30293,False
148,3.363487252524273,0.151771205719857,nan,nan,20,6154,10.44605134871628,10.05,10.05,528296800,528296800,201,78187926400,78187926400,30494,False
149,3.337888325232158,0.16850915982312065,nan,nan,20,6332,10.51595072646873,10.3,10.3,528296800,528296800,206,78716223200,78716223200,30700,False
150,3.3562974543035513,0.16090051316007284,3.3233243984019643,0.21402776210360006,20,6041,9.998344644926336,9.85,9.85,528296800,528296800,197,79244520000,79244520000,30897,False
151,3.336184132103247,0.17588457574716593,nan,nan,20,5822,9.839574029543114,9.6,9.6,528296800,528296800,192,79772816800,79772816800,31089,False
152,3.297868037684476,0.17526243724326793,nan,nan,20,6573,10.911608093716717,10.75,10.75,528296800,528296800,215,80301113600,80301113600,31304,False
153,3.233473677905974,0.19802620935123766,nan,nan,20,6181,10.406892088658791,10.2,10.2,528296800,528296800,204,80829410400,80829410400,31508,False
154,3.244118028160556,0.19172255848192377,nan,nan,20,6113,10.372648454114183,10.05,10.05,528296800,528296800,201,81357707200,81357707200,31709,False
155,3.2629286892307,0.1793538219070134,nan,nan,20,6345,10.52434988179669,10.35,10.35,528296800,528296800,207,81886004000,81886004000,31916,False
156,3.2091098195038015,0.2074389644437162,nan,nan,20,6103,10.431754874651812,10.05,10.05,528296800,528296800,201,82414300800,82414300800,32117,False
157,3.2120028442863213,0.20780606799817045,nan,nan,20,6559,10.81704528129288,10.7,10.7,528296800,528296800,214,82942597600,82942597600,32331,False
158,3.1802471621769413,0.21509727626459144,nan,nan,20,6425,10.90739299610895,10.6,10.6,528296800,528296800,212,83470894400,83470894400,32543,False
159,3.1936037568030535,0.2006172839506173,nan,nan,20,6480,10.858487654320989,10.6,10.6,528296800,528296800,212,83999191200,83999191200,32755,False
160,3.224827297579665,0.19846370904530491,3.1506211445544405,0.2479968400857691,20,6379,10.593666718921462,10.45,10.45,528296800,528296800,209,84527488000,84527488000,32964,False
161,3.1331142631946314,0.2105430801082975,nan,nan,20,6279,10.56681000159261,10.35,10.35,528296800,528296800,207,85055784800,85055784800,33171,False
162,3.103302614191983,0.22587756486348992,nan,nan,20,5897,10.094624385280651,9.65,9.65,528296800,528296800,193,85584081600,85584081600,33364,False
163,3.123386187414032,0.22574626865671643,nan,nan,20,6432,10.662157960199007,10.45,10.45,528296800,528296800,209,86112378400,86112378400,33573,False
164,3.0638656102675865,0.234179301252472,nan,nan,20,6068,10.198253131179962,9.95,9.95,528296800,528296800,199,86640675200,86640675200,33772,False
165,3.0132187190319724,0.23117692907248635,nan,nan,20,6415,10.892751363990646,10.7,10.7,528296800,528296800,214,87168972000,87168972000,33986,False
166,2.987411498872516,0.2538376325367938,nan,nan,20,6319,10.673682544706441,10.45,10.45,528296800,528296800,209,87697268800,87697268800,34195,False
167,3.0268088991330258,0.24356205349725868,nan,nan,20,6019,10.027080910450241,9.85,9.85,528296800,528296800,197,88225565600,88225565600,34392,False
168,2.9498018039413854,0.264904930712214,nan,nan,20,6206,10.414115372220433,10.15,10.15,528296800,528296800,203,88753862400,88753862400,34595,False
169,2.9457405920072013,0.2599091336362212,nan,nan,20,6383,10.647501174996082,10.45,10.45,528296800,528296800,209,89282159200,89282159200,34804,False
170,2.949954651919994,0.2705202312138728,2.93010652201155,0.2758717977654892,20,6055,10.430057803468209,9.9,9.9,528296800,528296800,198,89810456000,89810456000,35002,False
171,2.867857496183637,0.285802755844558,nan,nan,20,6459,10.803684780925838,10.65,10.65,528296800,528296800,213,90338752800,90338752800,35215,False
172,2.95785729842999,0.2578527894983591,nan,nan,20,6399,10.895764963275514,10.45,10.45,528296800,528296800,209,90867049600,90867049600,35424,False
173,2.8165032124320786,0.29669839381320645,nan,nan,20,6724,11.234086853063651,11.1,11.1,528296800,528296800,222,91395346400,91395346400,35646,False
174,2.796060346190042,0.29527048914804016,nan,nan,20,6174,10.28198898607062,10.1,10.1,528296800,528296800,202,91923643200,91923643200,35848,False
175,2.855658656640991,0.2878616453854857,nan,nan,20,6187,10.336835299822209,10.25,10.25,528296800,528296800,205,92451940000,92451940000,36053,False
176,2.7944169155730054,0.29431438127090304,nan,nan,20,5980,10.193645484949833,9.8,9.8,528296800,528296800,196,92980236800,92980236800,36249,False
177,2.7518291655151415,0.3172749391727494,nan,nan,20,6165,10.234549878345497,9.95,9.95,528296800,528296800,199,93508533600,93508533600,36448,False
178,2.7380178200516694,0.313749806231592,nan,nan,20,6451,10.813052239962794,10.5,10.5,528296800,528296800,210,94036830400,94036830400,36658,False
179,2.739912564491956,0.311290072789221,nan,nan,20,6457,10.734241908006815,10.65,10.65,528296800,528296800,213,94565127200,94565127200,36871,False
180,2.7037930825370893,0.3268881176665014,2.709695318511775,0.342737839972915,20,6051,10.314823996033711,9.9,9.9,528296800,528296800,198,95093424000,95093424000,37069,False
181,2.6638515754126186,0.33710629921259844,nan,nan,20,6096,10.33497375328084,9.9,9.9,528296800,528296800,198,95621720800,95621720800,37267,False
182,2.69940728887254,0.32173624917163685,nan,nan,20,6036,10.130053015241884,9.95,9.95,528296800,528296800,199,96150017600,96150017600,37466,False
183,2.5880854532127158,0.35108330790357034,nan,nan,20,6554,10.994964906927068,10.75,10.75,528296800,528296800,215,96678314400,96678314400,37681,False
184,2.558933064180911,0.3709575142675967,nan,nan,20,6308,10.63157894736842,10.4,10.4,528296800,528296800,208,97206611200,97206611200,37889,False
185,2.561724876663662,0.34937408551455046,nan,nan,20,6151,10.360429198504308,10.05,10.05,528296800,528296800,201,97734908000,97734908000,38090,False
186,2.488915133468549,0.36970578726155834,nan,nan,20,6186,10.480601357904948,10.15,10.15,528296800,528296800,203,98263204800,98263204800,38293,False
187,2.513562334312429,0.3691340106434446,nan,nan,20,6201,10.683921948072893,10.25,10.25,528296800,528296800,205,98791501600,98791501600,38498,False
188,2.518338138319733,0.3611326009593068,nan,nan,20,6463,10.954974470060344,10.55,10.55,528296800,528296800,211,99319798400,99319798400,38709,False
189,2.4636973723549067,0.38631984585741813,nan,nan,20,6228,10.46339113680154,10.2,10.2,528296800,528296800,204,99848095200,99848095200,38913,False
190,2.5814297247076463,0.3517218321631561,2.497177142373677,0.38596095248843243,20,5982,10.155132062855232,9.75,9.75,528296800,528296800,195,100376392000,100376392000,39108,False
191,2.4631170504462236,0.37309114290307027,nan,nan,20,6221,10.539623854685741,10.15,10.15,528296800,528296800,203,100904688800,100904688800,39311,False
192,2.408669498063022,0.38571428571428573,nan,nan,20,6440,10.594099378881989,10.5,10.5,528296800,528296800,210,101432985600,101432985600,39521,False
193,2.441238934310471,0.38490853658536583,nan,nan,20,6560,11.045731707317074,10.85,10.85,528296800,528296800,217,101961282400,101961282400,39738,False
194,2.382000540127975,0.4036682615629984,nan,nan,20,6270,10.22615629984051,10.1,10.1,528296800,528296800,202,102489579200,102489579200,39940,False
195,2.3428484119361177,0.40278699402786994,nan,nan,20,6028,10.389017916390177,9.85,9.85,528296800,528296800,197,103017876000,103017876000,40137,False
196,2.34007465131777,0.4187011329184618,nan,nan,20,6267,10.582734960906334,10.3,10.3,528296800,528296800,206,103546172800,103546172800,40343,False
197,2.320734875448819,0.4168582375478927,nan,nan,20,6525,10.96153256704981,10.75,10.75,528296800,528296800,215,104074469600,104074469600,40558,False
198,2.3064232608857105,0.41532056619483765,nan,nan,20,6005,10.212323064113239,9.8,9.8,528296800,528296800,196,104602766400,104602766400,40754,False
199,2.33796985310129,0.4081317550180134,nan,nan,20,5829,10.095728255275345,9.6,9.6,528296800,528296800,192,105131063200,105131063200,40946,False
200,2.338652423534899,0.4110461114934618,2.352058481166492,0.41056314185757814,20,5812,10.136441844459739,9.6,9.6,528296800,528296800,192,105659360000,105659360000,41138,False
201,2.2666230285039513,0.4203177660086663,nan,nan,20,6231,10.471994864387739,10.25,10.25,528296800,528296800,205,106187656800,106187656800,41343,False
202,2.3610837422650928,0.3932725558000629,nan,nan,20,6362,10.580635020433828,10.35,10.35,528296800,528296800,207,106715953600,106715953600,41550,False
203,2.2835594849950396,0.41255989048596853,nan,nan,20,5844,10.140657084188913,9.6,9.6,528296800,528296800,192,107244250400,107244250400,41742,False
204,2.2838551832617617,0.4163069544364508,nan,nan,20,6255,10.504876099120704,10.3,10.3,528296800,528296800,206,107772547200,107772547200,41948,False
205,2.271492957593516,0.418840338926732,nan,nan,20,6019,10.216979564711748,9.9,9.9,528296800,528296800,198,108300844000,108300844000,42146,False
206,2.185663854679966,0.45598370927318294,nan,nan,20,6384,10.654605263157894,10.4,10.4,528296800,528296800,208,108829140800,108829140800,42354,False
207,2.198441152749325,0.4367929168716183,nan,nan,20,6099,10.193638301360878,9.95,9.95,528296800,528296800,199,109357437600,109357437600,42553,False
208,2.2123938621672563,0.42826901156163494,nan,nan,20,6141,10.482331867773977,10.1,10.1,528296800,528296800,202,109885734400,109885734400,42755,False
209,2.1618497353667823,0.4459669884771099,nan,nan,20,6422,10.757863593895983,10.45,10.45,528296800,528296800,209,110414031200,110414031200,42964,False
210,2.127133087481282,0.47237803841577425,2.2290692771480685,0.4366888613023361,20,5883,10.120006799252083,9.65,9.65,528296800,528296800,193,110942328000,110942328000,43157,False
211,2.211935877990418,0.444888178913738,nan,nan,20,6260,10.637539936102234,10.4,10.4,528296800,528296800,208,111470624800,111470624800,43365,False
212,2.170330097201054,0.44378996970716933,nan,nan,20,5942,10.25126220127903,9.75,9.75,528296800,528296800,195,111998921600,111998921600,43560,False
213,2.1045814711262194,0.45195729537366547,nan,nan,20,6463,10.981432771158902,10.65,10.65,528296800,528296800,213,112527218400,112527218400,43773,False
214,2.1337278389467893,0.45229799236767876,nan,nan,20,6027,10.405176704828273,9.9,9.9,528296800,528296800,198,113055515200,113055515200,43971,False
215,2.0533755643054614,0.48090249798549556,nan,nan,20,6205,10.337308622078968,10.2,10.2,528296800,528296800,204,113583812000,113583812000,44175,False
216,2.155363962537287,0.44434250764525995,nan,nan,20,6540,10.835015290519879,10.7,10.7,528296800,528296800,214,114112108800,114112108800,44389,False
217,1.956807667482691,0.5047682784005354,nan,nan,20,5977,10.377112263677432,9.85,9.85,528296800,528296800,197,114640405600,114640405600,44586,False
218,2.0397866554260253,0.4764081632653061,nan,nan,20,6125,10.525714285714287,10.05,10.05,528296800,528296800,201,115168702400,115168702400,44787,False
219,1.979618512699806,0.48226730679882296,nan,nan,20,6457,10.70946259873006,10.5,10.5,528296800,528296800,210,115696999200,115696999200,44997,False
220,1.9678349742029,0.49097801364670207,2.0838593674653163,0.4679494413723056,20,6595,10.955875663381349,10.8,10.8,528296800,528296800,216,116225296000,116225296000,45213,False
221,2.0087203559661373,0.48492297607341855,nan,nan,20,6102,10.365453949524747,10.05,10.05,528296800,528296800,201,116753592800,116753592800,45414,False
222,1.9483907043145645,0.4971662468513854,nan,nan,20,6352,10.57178841309824,10.35,10.35,528296800,528296800,207,117281889600,117281889600,45621,False
223,2.0457902354369577,0.4715433819911432,nan,nan,20,6097,10.172379858947023,10.0,10.0,528296800,528296800,200,117810186400,117810186400,45821,False
224,1.9088621017373166,0.5083386786401539,nan,nan,20,6236,10.461834509300832,10.2,10.2,528296800,528296800,204,118338483200,118338483200,46025,False
225,1.9700006563365104,0.49719816607233824,nan,nan,20,5889,9.938869077941927,9.75,9.75,528296800,528296800,195,118866780000,118866780000,46220,False
226,1.9674648607527851,0.48699874686716793,nan,nan,20,6384,10.74906015037594,10.45,10.45,528296800,528296800,209,119395076800,119395076800,46429,False
227,1.9540658571755007,0.48966284987277353,nan,nan,20,6288,10.469783715012722,10.25,10.25,528296800,528296800,205,119923373600,119923373600,46634,False
228,1.9891702846789505,0.4829636772741884,nan,nan,20,6222,10.336547733847636,10.2,10.2,528296800,528296800,204,120451670400,120451670400,46838,False
229,1.9064334401125231,0.5035301186720745,nan,nan,20,6657,10.867958539882832,10.75,10.75,528296800,528296800,215,120979967200,120979967200,47053,False
230,2.013009192755348,0.4764802631578947,1.9883509510836932,0.4885453109129895,20,6080,10.302960526315788,9.9,9.9,528296800,528296800,198,121508264000,121508264000,47251,False
231,1.8652179730956466,0.5251798561151079,nan,nan,20,6394,10.66499843603378,10.5,10.5,528296800,528296800,210,122036560800,122036560800,47461,False
232,1.963730023266712,0.49468251485767906,nan,nan,20,6394,10.681889271191743,10.5,10.5,528296800,528296800,210,122564857600,122564857600,47671,False
233,1.85840322705207,0.5150800336983993,nan,nan,20,5935,9.990732940185339,9.85,9.85,528296800,528296800,197,123093154400,123093154400,47868,False
234,1.8758621035147645,0.508482792050412,nan,nan,20,6189,10.299240588140249,10.15,10.15,528296800,528296800,203,123621451200,123621451200,48071,False
235,1.850425813727284,0.5234085550690468,nan,nan,20,5938,10.150892556416306,9.7,9.7,528296800,528296800,194,124149748000,124149748000,48265,False
236,1.8088757006039111,0.5357306110010666,nan,nan,20,6563,10.956422367819592,10.75,10.75,528296800,528296800,215,124678044800,124678044800,48480,False
237,1.8146066787234723,0.5256929305512301,nan,nan,20,6422,10.638897539707258,10.45,10.45,528296800,528296800,209,125206341600,125206341600,48689,False
238,1.8831707358067573,0.511049723756906,nan,nan,20,6516,10.973603437691835,10.85,10.85,528296800,528296800,217,125734638400,125734638400,48906,False
239,1.7733611328800578,0.5388407529130564,nan,nan,20,6694,11.014191813564388,10.9,10.9,528296800,528296800,218,126262935200,126262935200,49124,False
240,1.8218024032849678,0.5303295653558351,1.9086179074605019,0.50022570815935,20,6281,10.460117815634455,10.3,10.3,528296800,528296800,206,126791232000,126791232000,49330,False
241,1.806356318553885,0.5227307515689577,nan,nan,20,6533,10.94780345936017,10.75,10.75,528296800,528296800,215,127319528800,127319528800,49545,False
242,1.8397114561880625,0.5178979436405179,nan,nan,20,6565,10.913023610053314,10.75,10.75,528296800,528296800,215,127847825600,127847825600,49760,False
243,1.7503786922614413,0.5358236374770361,nan,nan,20,6532,10.794549908144521,10.65,10.65,528296800,528296800,213,128376122400,128376122400,49973,False
244,1.7980653363540278,0.5259849762379273,nan,nan,20,6523,10.844396749961673,10.7,10.7,528296800,528296800,214,128904419200,128904419200,50187,False
245,1.7508435681141832,0.5492271505376344,nan,nan,20,5952,10.05409946236559,9.85,9.85,528296800,528296800,197,129432716000,129432716000,50384,False
246,1.764017172905935,0.5386043632987777,nan,nan,20,6463,10.72257465573263,10.5,10.5,528296800,528296800,210,129961012800,129961012800,50594,False
247,1.7502112738352469,0.5455400532998903,nan,nan,20,6379,10.698542091236872,10.45,10.45,528296800,528296800,209,130489309600,130489309600,50803,False
248,1.7344876498477115,0.5500394011032309,nan,nan,20,6345,10.489676910953506,10.35,10.35,528296800,528296800,207,131017606400,131017606400,51010,False
249,1.7043104613132019,0.5527498063516654,nan,nan,20,6455,10.823392718822618,10.6,10.6,528296800,528296800,212,131545903200,131545903200,51222,False
250,1.7638641894544616,0.5352627570449353,1.8341597307079494,0.5180002257081594,20,6565,11.011424219345011,10.8,10.8,528296800,528296800,216,132074200000,132074200000,51438,False
251,1.7488857948746075,0.5372188786822933,nan,nan,20,6314,10.492239467849224,10.35,10.35,528296800,528296800,207,132602496800,132602496800,51645,False
252,1.7322540565556095,0.5437096774193548,nan,nan,20,6200,10.529193548387097,10.25,10.25,528296800,528296800,205,133130793600,133130793600,51850,False
253,1.6536972891999155,0.5561406225801456,nan,nan,20,6457,10.851788756388414,10.65,10.65,528296800,528296800,213,133659090400,133659090400,52063,False
254,1.7012687406166753,0.5526980119911644,nan,nan,20,6338,10.554118018302304,10.3,10.3,528296800,528296800,206,134187387200,134187387200,52269,False
255,1.657101264898864,0.5627618308766485,nan,nan,20,6445,10.800465477114042,10.6,10.6,528296800,528296800,212,134715684000,134715684000,52481,False
256,1.6805134533127433,0.5624062656223963,nan,nan,20,6001,10.30394934177637,9.9,9.9,528296800,528296800,198,135243980800,135243980800,52679,False
257,1.5816131817968577,0.5794691397505597,nan,nan,20,6254,10.639270866645345,10.35,10.35,528296800,528296800,207,135772277600,135772277600,52886,False
258,1.6856602750719833,0.557957758190587,nan,nan,20,6013,10.131382005654414,9.85,9.85,528296800,528296800,197,136300574400,136300574400,53083,False
259,1.5018690627625333,0.608498831775701,nan,nan,20,6848,11.170706775700934,11.1,11.1,528296800,528296800,222,136828871200,136828871200,53305,False
260,1.6908682791420309,0.5508255098737456,1.7592709300857328,0.5325584019862318,20,6178,10.70573000971188,10.15,10.15,528296800,528296800,203,137357168000,137357168000,53508,False
261,1.63234066379573,0.5601874293100663,nan,nan,20,6189,10.412990790111488,10.15,10.15,528296800,528296800,203,137885464800,137885464800,53711,False
262,1.5704520854329314,0.5903575473224397,nan,nan,20,6181,10.372108073127329,10.15,10.15,528296800,528296800,203,138413761600,138413761600,53914,False
263,1.5976858951006312,0.5833205580254485,nan,nan,20,6523,10.858194082477384,10.7,10.7,528296800,528296800,214,138942058400,138942058400,54128,False
264,1.6067282688454552,0.5715560844986611,nan,nan,20,6722,11.065307944064266,10.95,10.95,528296800,528296800,219,139470355200,139470355200,54347,False
265,1.5694606635348083,0.5942609810836806,nan,nan,20,6238,10.3135620391151,10.2,10.2,528296800,528296800,204,139998652000,139998652000,54551,False
266,1.585831832301937,0.5808846761453397,nan,nan,20,6330,10.413428120063191,10.25,10.25,528296800,528296800,205,140526948800,140526948800,54756,False
267,1.6131636644727043,0.5746867973016383,nan,nan,20,6226,10.297944105364602,10.15,10.15,528296800,528296800,203,141055245600,141055245600,54959,False
268,1.4642437666115067,0.6199966782926424,nan,nan,20,6021,10.300116259757518,9.95,9.95,528296800,528296800,199,141583542400,141583542400,55158,False
269,1.5043680702605338,0.600754716981132,nan,nan,20,6625,10.919245283018869,10.8,10.8,528296800,528296800,216,142111839200,142111839200,55374,False
270,1.7141977264696573,0.5483817150483817,1.6976023950098922,0.5487529624195915,20,5994,10.213546880213547,9.95,9.95,528296800,528296800,199,142640136000,142640136000,55573,False
271,1.5928803547614752,0.584280303030303,nan,nan,20,6336,10.63778409090909,10.3,10.3,528296800,528296800,206,143168432800,143168432800,55779,False
272,1.6227608936942146,0.5690532745164574,nan,nan,20,5894,10.25924669155073,9.75,9.75,528296800,528296800,195,143696729600,143696729600,55974,False
273,1.596375075981838,0.5846676370693837,nan,nan,20,6183,10.553776483907487,10.1,10.1,528296800,528296800,202,144225026400,144225026400,56176,False
274,1.5646761666827491,0.5765488160882257,nan,nan,20,6166,10.451994810249758,10.1,10.1,528296800,528296800,202,144753323200,144753323200,56378,False
275,1.5778067439122307,0.5835240274599542,nan,nan,20,6118,10.138443935926773,9.95,9.95,528296800,528296800,199,145281620000,145281620000,56577,False
276,1.6469584285459176,0.5580555099359501,nan,nan,20,6089,10.427984890786664,10.0,10.0,528296800,528296800,200,145809916800,145809916800,56777,False
277,1.4120745090295643,0.6197362148418878,nan,nan,20,6293,10.68774829175274,10.3,10.3,528296800,528296800,206,146338213600,146338213600,56983,False
278,1.5505241575988156,0.5871687587168759,nan,nan,20,6453,10.770804277080426,10.6,10.6,528296800,528296800,212,146866510400,146866510400,57195,False
279,1.4983824370630048,0.6069842242303569,nan,nan,20,6529,10.695512329606373,10.6,10.6,528296800,528296800,212,147394807200,147394807200,57407,False
280,1.65048600081898,0.565388862596624,1.6609318471899313,0.5519128766504909,20,6339,10.73181889887995,10.35,10.35,528296800,528296800,207,147923104000,147923104000,57614,False
281,1.6214926330770452,0.5661680092059839,nan,nan,20,6083,10.236232122308072,9.95,9.95,528296800,528296800,199,148451400800,148451400800,57813,False
282,1.6320658769282994,0.568717277486911,nan,nan,20,6112,10.20778795811518,10.0,10.0,528296800,528296800,200,148979697600,148979697600,58013,False
283,1.4987548248100917,0.6074029126213593,nan,nan,20,6592,11.007433252427184,10.8,10.8,528296800,528296800,216,149507994400,149507994400,58229,False
284,1.444535653369105,0.6190918952425228,nan,nan,20,6453,11.046490004649002,10.5,10.5,528296800,528296800,210,150036291200,150036291200,58439,False
285,1.5339606408660047,0.5880857823669579,nan,nan,20,6295,10.55313741064337,10.35,10.35,528296800,528296800,207,150564588000,150564588000,58646,False
286,1.5311369334430651,0.5945011524530787,nan,nan,20,6074,10.629733289430362,10.05,10.05,528296800,528296800,201,151092884800,151092884800,58847,False
287,1.433950481786428,0.6233425840271354,nan,nan,20,6486,10.772895467160033,10.6,10.6,528296800,528296800,212,151621181600,151621181600,59059,False
288,1.455984965877545,0.6191458961739958,nan,nan,20,6299,10.493252897285284,10.2,10.2,528296800,528296800,204,152149478400,152149478400,59263,False
289,1.5472124498022009,0.5889659622519762,nan,nan,20,6199,10.599774157122118,10.15,10.15,528296800,528296800,203,152677775200,152677775200,59466,False
290,1.4432098955900174,0.6155819172811798,1.5791145131007072,0.5796749802505361,20,6238,10.443411349791601,10.25,10.25,528296800,528296800,205,153206072000,153206072000,59671,False
291,1.4449311856301246,0.6128381784574021,nan,nan,20,5951,10.245504957150057,9.75,9.75,528296800,528296800,195,153734368800,153734368800,59866,False
292,1.344016910524154,0.6301923387748505,nan,nan,20,6187,10.330046872474542,10.05,10.05,528296800,528296800,201,154262665600,154262665600,60067,False
293,1.385797345069442,0.634432466708941,nan,nan,20,6308,10.62254280279011,10.35,10.35,528296800,528296800,207,154790962400,154790962400,60274,False
294,1.3091381979760055,0.6483069977426636,nan,nan,20,6645,10.973664409330324,10.8,10.8,528296800,528296800,216,155319259200,155319259200,60490,False
295,1.3588784033313883,0.6436029297179368,nan,nan,20,6417,10.68739286270843,10.45,10.45,528296800,528296800,209,155847556000,155847556000,60699,False
296,1.4568589670283023,0.6075826312378484,nan,nan,20,6172,10.285320803629293,10.1,10.1,528296800,528296800,202,156375852800,156375852800,60901,False
297,1.3335519186970664,0.6385670731707317,nan,nan,20,6560,11.004725609756097,10.75,10.75,528296800,528296800,215,156904149600,156904149600,61116,False
298,1.4191730195716876,0.6146831530139104,nan,nan,20,6470,10.661051004636784,10.55,10.55,528296800,528296800,211,157432446400,157432446400,61327,False
299,1.3806531817140846,0.6325787557384834,nan,nan,20,6317,10.622605667247113,10.4,10.4,528296800,528296800,208,157960743200,157960743200,61535,False
300,1.410463022417624,0.6219493237991606,1.534978545515226,0.5903396907798217,20,6433,10.721747240789679,10.6,10.6,528296800,528296800,212,158489040000,158489040000,61747,False
301,1.407720877737393,0.6151039187688402,nan,nan,20,6303,10.5527526574647,10.25,10.25,528296800,528296800,205,159017336800,159017336800,61952,False
302,1.3034901353943347,0.6473376520777374,nan,nan,20,6329,10.554273976931587,10.35,10.35,528296800,528296800,207,159545633600,159545633600,62159,False
303,1.4170172766572384,0.6158546138179539,nan,nan,20,6383,10.61303462321792,10.5,10.5,528296800,528296800,210,160073930400,160073930400,62369,False
304,1.3708698760502476,0.6360729133354653,nan,nan,20,6254,10.510873041253598,10.25,10.25,528296800,528296800,205,160602227200,160602227200,62574,False
305,1.3985556723379964,0.6278726198292843,nan,nan,20,6092,10.27560735390676,10.05,10.05,528296800,528296800,201,161130524000,161130524000,62775,False
306,1.3446926772784005,0.6384162823978375,nan,nan,20,6289,10.481157576721259,10.3,10.3,528296800,528296800,206,161658820800,161658820800,62981,False
307,1.3325682082862425,0.6377175105815959,nan,nan,20,6379,10.811882740241417,10.5,10.5,528296800,528296800,210,162187117600,162187117600,63191,False
308,1.3538945465097172,0.6305907495038925,nan,nan,20,6551,10.940161807357654,10.75,10.75,528296800,528296800,215,162715414400,162715414400,63406,False
309,1.4296707315039638,0.616223360317198,nan,nan,20,6053,10.020981331571123,9.85,9.85,528296800,528296800,197,163243711200,163243711200,63603,False
310,1.4272570412175796,0.6248413705583756,1.4681903844008313,0.6070420945717188,20,6304,10.569003807106599,10.25,10.25,528296800,528296800,205,163772008000,163772008000,63808,False
311,1.3681449374936006,0.6349131862975129,nan,nan,20,6393,10.663381823869857,10.45,10.45,528296800,528296800,209,164300304800,164300304800,64017,False
312,1.238716064317532,0.6675995024875622,nan,nan,20,6432,10.646921641791044,10.45,10.45,528296800,528296800,209,164828601600,164828601600,64226,False
313,1.3742322983771658,0.6393831553973903,nan,nan,20,5901,9.970682935095748,9.75,9.75,528296800,528296800,195,165356898400,165356898400,64421,False
314,1.3845707684760467,0.6222183888218044,nan,nan,20,5797,9.9391064343626,9.45,9.45,528296800,528296800,189,165885195200,165885195200,64610,False
315,1.3793306568958976,0.632437470871524,nan,nan,20,6437,10.799596085132826,10.6,10.6,528296800,528296800,212,166413492000,166413492000,64822,False
316,1.330579777050258,0.6419168762017453,nan,nan,20,6761,11.039491199526697,11.0,11.0,528296800,528296800,220,166941788800,166941788800,65042,False
317,1.352324695159963,0.628809752967597,nan,nan,20,6234,10.33814565287135,10.1,10.1,528296800,528296800,202,167470085600,167470085600,65244,False
318,1.3651051326464165,0.6397788258253374,nan,nan,20,6149,10.345259391771021,10.15,10.15,528296800,528296800,203,167998382400,167998382400,65447,False
319,1.3358970506623853,0.6428454351745615,nan,nan,20,6101,10.267988854286184,10.1,10.1,528296800,528296800,202,168526679200,168526679200,65649,False
320,1.201239399022918,0.68014484007242,1.4361009564145184,0.6109355603205056,20,6628,10.768859384429689,10.7,10.7,528296800,528296800,214,169054976000,169054976000,65863,False
321,1.206291839136241,0.6722846441947565,nan,nan,20,6408,10.645755305867663,10.45,10.45,528296800,528296800,209,169583272800,169583272800,66072,False
322,1.2868480403029772,0.6524750802500422,nan,nan,20,5919,10.11674269302247,9.7,9.7,528296800,528296800,194,170111569600,170111569600,66266,False
323,1.2765153504237317,0.6587608906098742,nan,nan,20,6198,10.302355598580185,10.05,10.05,528296800,528296800,201,170639866400,170639866400,66467,False
324,1.2400470885966097,0.667751383013342,nan,nan,20,6146,10.361373250894891,10.05,10.05,528296800,528296800,201,171168163200,171168163200,66668,False
325,1.1466535851816457,0.6935744268647078,nan,nan,20,6194,10.448175653858573,10.1,10.1,528296800,528296800,202,171696460000,171696460000,66870,False
326,1.2374335583208338,0.6688219523734427,nan,nan,20,6341,10.491089733480523,10.4,10.4,528296800,528296800,208,172224756800,172224756800,67078,False
327,1.2621370711894127,0.6595394736842105,nan,nan,20,6688,11.088217703349283,10.95,10.95,528296800,528296800,219,172753053600,172753053600,67297,False
328,1.2167143327927792,0.6704073789392775,nan,nan,20,6505,10.766948501152958,10.55,10.55,528296800,528296800,211,173281350400,173281350400,67508,False
329,1.1541016734315397,0.6886040331405346,nan,nan,20,6397,10.801938408629047,10.5,10.5,528296800,528296800,210,173809647200,173809647200,67718,False
330,1.296350394447598,0.6584141853462696,1.3895092173686026,0.6190610540571042,20,5978,10.15456674473068,9.75,9.75,528296800,528296800,195,174337944000,174337944000,67913,False
331,1.2945601118033592,0.6557614826752619,nan,nan,20,6205,10.533763094278807,10.2,10.2,528296800,528296800,204,174866240800,174866240800,68117,False
332,1.1692705601889353,0.6776923076923077,nan,nan,20,6500,10.819230769230769,10.65,10.65,528296800,528296800,213,175394537600,175394537600,68330,False
333,1.2137043068466855,0.6656175059952039,nan,nan,20,6672,10.926708633093524,10.85,10.85,528296800,528296800,217,175922834400,175922834400,68547,False
334,1.2647577836524972,0.6640512409927942,nan,nan,20,6245,10.308566853482784,10.2,10.2,528296800,528296800,204,176451131200,176451131200,68751,False
335,1.140001173209754,0.6930768065444629,nan,nan,20,6601,10.994394788668384,10.75,10.75,528296800,528296800,215,176979428000,176979428000,68966,False
336,1.2325156993209336,0.6741662677517153,nan,nan,20,6267,10.419020264879526,10.25,10.25,528296800,528296800,205,177507724800,177507724800,69171,False
337,1.2247442208435664,0.6700236034618411,nan,nan,20,6355,10.706687647521635,10.4,10.4,528296800,528296800,208,178036021600,178036021600,69379,False
338,1.1183213678333395,0.6950981861789837,nan,nan,20,6671,11.239094588517466,10.95,10.95,528296800,528296800,219,178564318400,178564318400,69598,False
339,1.303836660667856,0.6497681113065729,nan,nan,20,6253,10.586598432752279,10.35,10.35,528296800,528296800,207,179092615200,179092615200,69805,False
340,1.1926266473134952,0.6764397905759162,1.353072058507409,0.6271865477937028,20,6685,11.05609573672401,10.95,10.95,528296800,528296800,219,179620912000,179620912000,70024,False
341,1.1688999601121288,0.6810604857913954,nan,nan,20,6299,10.44880139704715,10.25,10.25,528296800,528296800,205,180149208800,180149208800,70229,False
342,1.1853354003900993,0.672255860891166,nan,nan,20,6441,11.052321068157118,10.6,10.6,528296800,528296800,212,180677505600,180677505600,70441,False
343,1.0715628021031338,0.7144343689609038,nan,nan,20,6727,11.081314107328673,10.95,10.95,528296800,528296800,219,181205802400,181205802400,70660,False
344,1.293502708377159,0.64907819453274,nan,nan,20,6292,10.407183725365542,10.2,10.2,528296800,528296800,204,181734099200,181734099200,70864,False
345,1.2312727090533684,0.6625018374246656,nan,nan,20,6803,11.234014405409376,11.05,11.05,528296800,528296800,221,182262396000,182262396000,71085,False
346,1.1249967276477584,0.693577430972389,nan,nan,20,6664,11.0343637454982,10.85,10.85,528296800,528296800,217,182790692800,182790692800,71302,False
347,1.2073319469333479,0.6754934210526315,nan,nan,20,6080,10.516282894736843,10.0,10.0,528296800,528296800,200,183318989600,183318989600,71502,False
348,1.195441516403997,0.6777632010495245,nan,nan,20,6098,10.45916693998032,9.95,9.95,528296800,528296800,199,183847286400,183847286400,71701,False
349,1.1411367956504088,0.6921994685008598,nan,nan,20,6397,10.66077848991715,10.5,10.5,528296800,528296800,210,184375583200,184375583200,71911,False
350,1.2620641698861383,0.6582698044414982,1.3252715554036643,0.6316442839408645,20,6034,10.119986741796486,9.85,9.85,528296800,528296800,197,184903880000,184903880000,72108,False
351,1.170400005200568,0.6817365758119798,nan,nan,20,6127,10.266362004243511,10.05,10.05,528296800,528296800,201,185432176800,185432176800,72309,False
352,1.1385490650842336,0.7036101083032491,nan,nan,20,5540,9.668411552346567,9.15,9.15,528296800,528296800,183,185960473600,185960473600,72492,False
353,1.1447659249399,0.6812213740458015,nan,nan,20,6550,10.969618320610687,10.75,10.75,528296800,528296800,215,186488770400,186488770400,72707,False
354,1.0868887407160794,0.7075738529226901,nan,nan,20,6364,10.699874292897551,10.45,10.45,528296800,528296800,209,187017067200,187017067200,72916,False
355,1.1243283350125504,0.6942468295700588,nan,nan,20,6466,10.768945252087843,10.55,10.55,528296800,528296800,211,187545364000,187545364000,73127,False
356,1.185130568170346,0.6729518855656696,nan,nan,20,6152,10.12256176853056,10.0,10.0,528296800,528296800,200,188073660800,188073660800,73327,False
357,1.0741965008503347,0.7000617474529176,nan,nan,20,6478,10.6725841309046,10.55,10.55,528296800,528296800,211,188601957600,188601957600,73538,False
358,1.1171302156455094,0.6911856963613551,nan,nan,20,6376,10.700439146800504,10.45,10.45,528296800,528296800,209,189130254400,189130254400,73747,False
359,1.1791106915830192,0.6779275621244112,nan,nan,20,6157,10.40847815494559,10.0,10.0,528296800,528296800,200,189658551200,189658551200,73947,False
360,1.1657279352083332,0.6822325283863745,1.2859524055657894,0.6442839408644623,20,6253,10.597153366384134,10.15,10.15,528296800,528296800,203,190186848000,190186848000,74150,False
361,1.140026815506183,0.687470523502594,nan,nan,20,6361,10.57145102971231,10.4,10.4,528296800,528296800,208,190715144800,190715144800,74358,False
362,1.181241882754562,0.6798889977146588,nan,nan,20,6126,10.222657525301988,10.0,10.0,528296800,528296800,200,191243441600,191243441600,74558,False
363,1.0148784588724014,0.7255764563106796,nan,nan,20,6592,11.018962378640778,10.85,10.85,528296800,528296800,217,191771738400,191771738400,74775,False
364,1.1808050549239741,0.6723646723646723,nan,nan,20,6318,10.644824311490977,10.3,10.3,528296800,528296800,206,192300035200,192300035200,74981,False
365,1.0522439729822182,0.7056971986150457,nan,nan,20,6354,10.436732766761093,10.3,10.3,528296800,528296800,206,192828332000,192828332000,75187,False
366,1.114105111538518,0.6993504484998453,nan,nan,20,6466,10.856325394370552,10.6,10.6,528296800,528296800,212,193356628800,193356628800,75399,False
367,1.231655854503457,0.6657783351622512,nan,nan,20,6379,10.925223389245962,10.45,10.45,528296800,528296800,209,193884925600,193884925600,75608,False
368,1.0596140160682153,0.7043784445805267,nan,nan,20,6532,10.924066135946111,10.75,10.75,528296800,528296800,215,194413222400,194413222400,75823,False
369,1.0812594730397074,0.7080394922425952,nan,nan,20,6381,10.601002977589719,10.4,10.4,528296800,528296800,208,194941519200,194941519200,76031,False
370,1.0739508344947652,0.7138418517943141,1.256165397138954,0.6487981040514614,20,6437,10.763554450831133,10.55,10.55,528296800,528296800,211,195469816000,195469816000,76242,False
371,1.1317655744463488,0.6927643189475373,nan,nan,20,6233,10.456441520936952,10.25,10.25,528296800,528296800,205,195998112800,195998112800,76447,False
372,1.058001275669347,0.707046332046332,nan,nan,20,6216,10.319498069498069,10.15,10.15,528296800,528296800,203,196526409600,196526409600,76650,False
373,1.0601691305495422,0.7105889823781553,nan,nan,20,6299,10.459914272106683,10.25,10.25,528296800,528296800,205,197054706400,197054706400,76855,False
374,1.0688118043318584,0.708993853121967,nan,nan,20,6182,10.359592364930442,10.1,10.1,528296800,528296800,202,197583003200,197583003200,77057,False
375,1.1300699665554035,0.6891692610191709,nan,nan,20,6103,10.156808127150581,10.0,10.0,528296800,528296800,200,198111300000,198111300000,77257,False
376,1.0394956851290278,0.7069453174104336,nan,nan,20,6364,10.645505971087365,10.45,10.45,528296800,528296800,209,198639596800,198639596800,77466,False
377,1.0787994919740267,0.7062960482250502,nan,nan,20,5972,10.209477561955794,9.8,9.8,528296800,528296800,196,199167893600,199167893600,77662,False
378,1.0329545844379948,0.715117169551233,nan,nan,20,6529,10.811609741154848,10.75,10.75,528296800,528296800,215,199696190400,199696190400,77877,False
379,1.134062057730667,0.6874699181774426,nan,nan,20,6233,10.322477137814857,10.2,10.2,528296800,528296800,204,200224487200,200224487200,78081,False
380,1.1448417372516486,0.697692793931732,1.1998178181025638,0.668660422074258,20,6328,10.425726927939316,10.2,10.2,528296800,528296800,204,200752784000,200752784000,78285,False
381,1.0697525099831031,0.708484752725549,nan,nan,20,6329,10.477800600410808,10.3,10.3,528296800,528296800,206,201281080800,201281080800,78491,False
382,1.0719023251249955,0.7044639947865754,nan,nan,20,6138,10.28592375366569,10.0,10.0,528296800,528296800,200,201809377600,201809377600,78691,False
383,1.073470706011879,0.7094068304373876,nan,nan,20,6676,11.099011384062312,10.95,10.95,528296800,528296800,219,202337674400,202337674400,78910,False
384,1.054028961932329,0.7084345151367978,nan,nan,20,6177,10.348389185688847,10.1,10.1,528296800,528296800,202,202865971200,202865971200,79112,False
385,1.0557438433409694,0.713413654618474,nan,nan,20,6225,10.364658634538154,10.15,10.15,528296800,528296800,203,203394268000,203394268000,79315,False
386,1.022547112761325,0.7217472407896782,nan,nan,20,6433,10.666407585885278,10.5,10.5,528296800,528296800,210,203922564800,203922564800,79525,False
387,1.0278764001716976,0.7130490541840333,nan,nan,20,6238,10.38057069573581,10.15,10.15,528296800,528296800,203,204450861600,204450861600,79728,False
388,1.0057979322828365,0.7257340241796201,nan,nan,20,5790,10.12607944732297,9.55,9.55,528296800,528296800,191,204979158400,204979158400,79919,False
389,1.0553280068132527,0.7153783563873067,nan,nan,20,6145,10.296989422294548,10.0,10.0,528296800,528296800,200,205507455200,205507455200,80119,False
390,1.1073750286430153,0.6992133271633503,1.1677765144934276,0.6744724071775194,20,6483,10.688878605583835,10.5,10.5,528296800,528296800,210,206035752000,206035752000,80329,False
391,1.173023926947317,0.6766677306096394,nan,nan,20,6266,10.470475582508776,10.3,10.3,528296800,528296800,206,206564048800,206564048800,80535,False
392,1.0739774759278282,0.7021103896103896,nan,nan,20,6160,10.45827922077922,10.15,10.15,528296800,528296800,203,207092345600,207092345600,80738,False
393,1.0335416109069073,0.7171521035598706,nan,nan,20,6180,10.450647249190938,10.1,10.1,528296800,528296800,202,207620642400,207620642400,80940,False
394,0.8802938879494645,0.7555895865237366,nan,nan,20,6530,10.735222052067382,10.55,10.55,528296800,528296800,211,208148939200,208148939200,81151,False
395,1.054763152052711,0.7057356608478803,nan,nan,20,6416,10.687655860349125,10.5,10.5,528296800,528296800,210,208677236000,208677236000,81361,False
396,0.9863477899599806,0.7272727272727273,nan,nan,20,6589,10.948550614660796,10.75,10.75,528296800,528296800,215,209205532800,209205532800,81576,False
397,1.197187066372646,0.6775157754898705,nan,nan,20,6022,10.172035868482235,9.85,9.85,528296800,528296800,197,209733829600,209733829600,81773,False
398,0.9603543805006223,0.735958485958486,nan,nan,20,6552,10.911935286935284,10.7,10.7,528296800,528296800,214,210262126400,210262126400,81987,False
399,0.9684888098335724,0.7355679702048417,nan,nan,20,6444,10.679702048417132,10.55,10.55,528296800,528296800,211,210790423200,210790423200,82198,False
400,1.0453051392636494,0.7057731001392973,1.1586340684113687,0.6746981153368694,20,6461,10.745395449620803,10.6,10.6,528296800,528296800,212,211318720000,211318720000,82410,False
401,1.021708387449959,0.7128828229027963,nan,nan,20,6008,10.024467376830893,9.8,9.8,528296800,528296800,196,211847016800,211847016800,82606,False
402,1.022731517703603,0.721201469883368,nan,nan,20,6259,10.537466048889597,10.3,10.3,528296800,528296800,206,212375313600,212375313600,82812,False
403,0.9592144514865938,0.7345368452204795,nan,nan,20,6758,11.084640426161586,11.0,11.0,528296800,528296800,220,212903610400,212903610400,83032,False
404,1.1150143257705913,0.6986115814426007,nan,nan,20,5906,9.981374873010497,9.75,9.75,528296800,528296800,195,213431907200,213431907200,83227,False
405,1.1312321302751494,0.6871649321980448,nan,nan,20,6342,10.556291390728477,10.35,10.35,528296800,528296800,207,213960204000,213960204000,83434,False
406,1.0797609303668638,0.7006673021925643,nan,nan,20,6294,10.443597076580872,10.25,10.25,528296800,528296800,205,214488500800,214488500800,83639,False
407,1.0949700262054693,0.7047553882996921,nan,nan,20,5846,9.992131371878207,9.6,9.6,528296800,528296800,192,215016797600,215016797600,83831,False
408,0.8890377964617041,0.7562084077260185,nan,nan,20,6161,10.489368608992047,10.15,10.15,528296800,528296800,203,215545094400,215545094400,84034,False
409,0.928203164982738,0.7441485068603713,nan,nan,20,6195,10.323325262308316,10.1,10.1,528296800,528296800,202,216073391200,216073391200,84236,False
410,1.062585237439971,0.705547652916074,1.1133801178339708,0.6877891885791672,20,6327,10.307886834202625,10.2,10.2,528296800,528296800,204,216601688000,216601688000,84440,False
411,1.006909601712293,0.7296592206098158,nan,nan,20,6133,10.197619435838904,9.9,9.9,528296800,528296800,198,217129984800,217129984800,84638,False
412,1.041032732947116,0.7125996810207337,nan,nan,20,6270,10.626475279106858,10.35,10.35,528296800,528296800,207,217658281600,217658281600,84845,False
413,0.9246569751941703,0.7410824108241082,nan,nan,20,6504,10.735701107011073,10.6,10.6,528296800,528296800,212,218186578400,218186578400,85057,False
414,1.0516415832182153,0.7137820512820513,nan,nan,20,6240,10.583173076923078,10.2,10.2,528296800,528296800,204,218714875200,218714875200,85261,False
415,0.9372701712763347,0.7379826033877613,nan,nan,20,6553,10.82679688692202,10.7,10.7,528296800,528296800,214,219243172000,219243172000,85475,False
416,0.9140884368019786,0.7468970934799686,nan,nan,20,6365,10.726158680282799,10.4,10.4,528296800,528296800,208,219771468800,219771468800,85683,False
417,1.0921491462410369,0.7037707887370328,nan,nan,20,6073,10.298205170426478,9.95,9.95,528296800,528296800,199,220299765600,220299765600,85882,False
418,1.0145856524031918,0.7105308366260092,nan,nan,20,5821,9.753478783714138,9.5,9.5,528296800,528296800,190,220828062400,220828062400,86072,False
419,1.066593129576182,0.700244573524916,nan,nan,20,6542,11.039743197798838,10.7,10.7,528296800,528296800,214,221356359200,221356359200,86286,False
420,0.9612203839645623,0.7386087238527648,1.0906955431955498,0.6942782981604785,20,6167,10.390789687043942,10.15,10.15,528296800,528296800,203,221884656000,221884656000,86489,False
421,0.908205483611682,0.7512280145777215,nan,nan,20,6311,10.54508001901442,10.35,10.35,528296800,528296800,207,222412952800,222412952800,86696,False
422,0.8491588436267213,0.7620237351655216,nan,nan,20,6404,10.933791380387257,10.55,10.55,528296800,528296800,211,222941249600,222941249600,86907,False
423,0.9123643101506563,0.7455304928989139,nan,nan,20,5985,10.065497076023393,9.8,9.8,528296800,528296800,196,223469546400,223469546400,87103,False
424,0.896232093596447,0.7524084778420038,nan,nan,20,6228,10.416666666666668,10.2,10.2,528296800,528296800,204,223997843200,223997843200,87307,False
425,1.0271828660011761,0.7188887062304784,nan,nan,20,6083,10.284563537728094,9.95,9.95,528296800,528296800,199,224526140000,224526140000,87506,False
426,0.9655589531435381,0.7220859898643126,nan,nan,20,6117,10.350008173941472,10.05,10.05,528296800,528296800,201,225054436800,225054436800,87707,False
427,0.9609849520011906,0.7424070164040929,nan,nan,20,6157,10.629202533701477,10.2,10.2,528296800,528296800,204,225582733600,225582733600,87911,False
428,1.0820676054433802,0.7055359246171967,nan,nan,20,5943,10.199057714958775,9.75,9.75,528296800,528296800,195,226111030400,226111030400,88106,False
429,1.1095664780492087,0.6984719864176571,nan,nan,20,5890,10.178607809847199,9.7,9.7,528296800,528296800,194,226639327200,226639327200,88300,False
430,1.0709274298811362,0.7056714471968709,1.070752464881426,0.6989617424669902,20,6136,10.306714471968709,10.05,10.05,528296800,528296800,201,227167624000,227167624000,88501,False
431,0.9944646174410118,0.7271800101988781,nan,nan,20,5883,10.113887472378037,9.8,9.8,528296800,528296800,196,227695920800,227695920800,88697,False
432,0.9665501557837602,0.7283826726877404,nan,nan,20,5979,10.036460946646594,9.8,9.8,528296800,528296800,196,228224217600,228224217600,88893,False
433,1.0473211457761302,0.7182924678073734,nan,nan,20,5669,9.725348385958723,9.3,9.3,528296800,528296800,186,228752514400,228752514400,89079,False
434,1.0553453236249726,0.701721731037692,nan,nan,20,6447,10.688071971459593,10.55,10.55,528296800,528296800,211,229280811200,229280811200,89290,False
435,0.9126163191116946,0.7508896797153025,nan,nan,20,6463,10.777502707720872,10.55,10.55,528296800,528296800,211,229809108000,229809108000,89501,False
436,1.0673192528894895,0.7076306562030389,nan,nan,20,5989,10.604441476039408,9.9,9.9,528296800,528296800,198,230337404800,230337404800,89699,False
437,0.8803778605372832,0.7581986505570375,nan,nan,20,6373,10.68601914326063,10.5,10.5,528296800,528296800,210,230865701600,230865701600,89909,False
438,0.8720031502228613,0.757213454487486,nan,nan,20,6273,10.392156862745098,10.25,10.25,528296800,528296800,205,231393998400,231393998400,90114,False
439,0.8708120503881108,0.7613509638362275,nan,nan,20,6277,10.557272582443842,10.35,10.35,528296800,528296800,207,231922295200,231922295200,90321,False
440,0.9315975894115032,0.7390396659707724,1.0563735330821886,0.6991874506263401,20,6227,10.806006102457042,10.35,10.35,528296800,528296800,207,232450592000,232450592000,90528,False
441,0.8780921495577385,0.7566283524904215,nan,nan,20,6525,10.807356321839082,10.65,10.65,528296800,528296800,213,232978888800,232978888800,90741,False
442,0.9384175562543561,0.7449406255226626,nan,nan,20,5979,10.17762167586553,9.8,9.8,528296800,528296800,196,233507185600,233507185600,90937,False
443,0.8673435696158829,0.766661339299984,nan,nan,20,6257,10.608278727824835,10.35,10.35,528296800,528296800,207,234035482400,234035482400,91144,False
444,1.0369835765164184,0.7181719260065288,nan,nan,20,5514,9.56057308668843,9.05,9.05,528296800,528296800,181,234563779200,234563779200,91325,False
445,0.9648888095355607,0.7345520471370298,nan,nan,20,6619,11.182051669436472,10.75,10.75,528296800,528296800,215,235092076000,235092076000,91540,False
446,0.8757489872109312,0.7566336944575287,nan,nan,20,6369,10.506044905008636,10.3,10.3,528296800,528296800,206,235620372800,235620372800,91746,False
447,0.9914153785526577,0.7292860461514635,nan,nan,20,6457,10.695988849310828,10.55,10.55,528296800,528296800,211,236148669600,236148669600,91957,False
448,1.0298306284258496,0.7092843658829586,nan,nan,20,5827,9.768663119958813,9.5,9.5,528296800,528296800,190,236676966400,236676966400,92147,False
449,0.8116347394001894,0.7760876178886522,nan,nan,20,6574,11.01156069364162,10.75,10.75,528296800,528296800,215,237205263200,237205263200,92362,False
450,0.992993489957593,0.7215492508766337,1.0265532929907264,0.7089493285182259,20,6274,10.418393369461272,10.25,10.25,528296800,528296800,205,237733560000,237733560000,92567,False
451,0.9086704430003351,0.7476575121163166,nan,nan,20,6190,10.352988691437805,10.15,10.15,528296800,528296800,203,238261856800,238261856800,92770,False
452,0.9295573947490701,0.7376060013046314,nan,nan,20,6132,10.021689497716896,9.9,9.9,528296800,528296800,198,238790153600,238790153600,92968,False
453,0.8666158731823308,0.7551521099116781,nan,nan,20,6114,10.543016028786392,10.05,10.05,528296800,528296800,201,239318450400,239318450400,93169,False
454,0.8427801168409337,0.7567206297341452,nan,nan,20,6733,11.374275954255161,11.0,11.0,528296800,528296800,220,239846747200,239846747200,93389,False
455,0.8993173267958843,0.7448330683624801,nan,nan,20,6290,10.455961844197137,10.3,10.3,528296800,528296800,206,240375044000,240375044000,93595,False
456,0.8763177914544639,0.7620974267680855,nan,nan,20,6179,10.48114581647516,10.2,10.2,528296800,528296800,204,240903340800,240903340800,93799,False
457,0.9432616000420302,0.7397146648971467,nan,nan,20,6028,10.153118779031187,9.85,9.85,528296800,528296800,197,241431637600,241431637600,93996,False
458,0.9180146751411487,0.7432909063027143,nan,nan,20,6521,10.810305167919033,10.7,10.7,528296800,528296800,214,241959934400,241959934400,94210,False
459,1.0080667846412765,0.7159960093116062,nan,nan,20,6014,9.937645493847691,9.8,9.8,528296800,528296800,196,242488231200,242488231200,94406,False
460,0.8439018923075308,0.7626502213788742,1.0091984530709261,0.7187112064101118,20,6324,10.575426944971538,10.3,10.3,528296800,528296800,206,243016528000,243016528000,94612,False
461,0.903853991701833,0.7456821422912375,nan,nan,20,6311,10.412295991126603,10.3,10.3,528296800,528296800,206,243544824800,243544824800,94818,False
462,0.8452436347689849,0.7647770219198791,nan,nan,20,6615,11.013756613756613,10.8,10.8,528296800,528296800,216,244073121600,244073121600,95034,False
463,1.0231835914367444,0.7178988326848249,nan,nan,20,6168,10.155966277561607,10.05,10.05,528296800,528296800,201,244601418400,244601418400,95235,False
464,0.9546764588263443,0.7330529040608316,nan,nan,20,6181,10.308040770101925,10.1,10.1,528296800,528296800,202,245129715200,245129715200,95437,False
465,0.8066032688815924,0.7675541024443406,nan,nan,20,6423,10.589132803985676,10.45,10.45,528296800,528296800,209,245658012000,245658012000,95646,False
466,0.881406834828835,0.7530516431924883,nan,nan,20,6390,11.010641627543038,10.5,10.5,528296800,528296800,210,246186308800,246186308800,95856,False
467,0.8454969098001686,0.7708694966072274,nan,nan,20,6337,10.83304402714218,10.5,10.5,528296800,528296800,210,246714605600,246714605600,96066,False
468,0.8403073157504537,0.7651127819548872,nan,nan,20,6650,10.839398496240602,10.75,10.75,528296800,528296800,215,247242902400,247242902400,96281,False
469,0.981095253019318,0.7238317757009346,nan,nan,20,6420,10.499065420560747,10.4,10.4,528296800,528296800,208,247771199200,247771199200,96489,False
470,0.8583988260847547,0.7568249960549156,0.997267274673065,0.7176390926531994,20,6337,10.5448950607543,10.4,10.4,528296800,528296800,208,248299496000,248299496000,96697,False
471,0.8406164536229327,0.7633857005450465,nan,nan,20,6238,10.784065405578712,10.3,10.3,528296800,528296800,206,248827792800,248827792800,96903,False
472,0.8963131136520007,0.7454723445912873,nan,nan,20,6129,10.201501060531898,10.0,10.0,528296800,528296800,200,249356089600,249356089600,97103,False
473,0.8812508604456664,0.7467275494672755,nan,nan,20,6570,10.852511415525116,10.75,10.75,528296800,528296800,215,249884386400,249884386400,97318,False
474,0.8822484798120253,0.7562893081761006,nan,nan,20,6360,10.594811320754719,10.4,10.4,528296800,528296800,208,250412683200,250412683200,97526,False
475,0.9347722045193861,0.7388020375900228,nan,nan,20,5693,9.774284208677324,9.35,9.35,528296800,528296800,187,250940980000,250940980000,97713,False
476,0.848056740429818,0.7639070680628273,nan,nan,20,6112,10.419175392670155,10.0,10.0,528296800,528296800,200,251469276800,251469276800,97913,False
477,0.8117745127057204,0.76899320568252,nan,nan,20,6476,10.724058060531192,10.6,10.6,528296800,528296800,212,251997573600,251997573600,98125,False
478,0.791297678377997,0.7757876219414681,nan,nan,20,6253,10.631057092595555,10.3,10.3,528296800,528296800,206,252525870400,252525870400,98331,False
479,0.8034864588077837,0.7737249328912048,nan,nan,20,6333,10.588030948997318,10.35,10.35,528296800,528296800,207,253054167200,253054167200,98538,False
480,0.923875358100882,0.7400160384923817,0.9541532444558393,0.7290373547003725,20,6235,10.432076984763432,10.2,10.2,528296800,528296800,204,253582464000,253582464000,98742,False
481,0.8829354819879556,0.7517663683466792,nan,nan,20,6369,10.723818495839224,10.45,10.45,528296800,528296800,209,254110760800,254110760800,98951,False
482,0.9039330347170395,0.7515322179890674,nan,nan,20,6037,10.150405830710616,9.95,9.95,528296800,528296800,199,254639057600,254639057600,99150,False
483,0.9759196899271053,0.7245691111862116,nan,nan,20,5918,10.382223724231158,9.8,9.8,528296800,528296800,196,255167354400,255167354400,99346,False
484,0.9448136323074195,0.7382166589398856,nan,nan,20,6471,10.747179724926594,10.6,10.6,528296800,528296800,212,255695651200,255695651200,99558,False
485,0.8255832121219093,0.7718508997429306,nan,nan,20,6224,10.449389460154244,10.15,10.15,528296800,528296800,203,256223948000,256223948000,99761,False
486,0.8098046685650622,0.7764284602210805,nan,nan,20,6423,10.906897088587888,10.5,10.5,528296800,528296800,210,256752244800,256752244800,99971,False
487,0.8868302414638413,0.7528183023872679,nan,nan,20,6032,10.101127320954905,9.9,9.9,528296800,528296800,198,257280541600,257280541600,100169,False
488,0.8044013113475743,0.770385587863464,nan,nan,20,6328,10.492098609355248,10.3,10.3,528296800,528296800,206,257808838400,257808838400,100375,False
489,0.8495336698201063,0.7586150845253576,nan,nan,20,6152,10.302503250975292,10.1,10.1,528296800,528296800,202,258337135200,258337135200,100577,False
490,0.7597535202848142,0.7958383594692401,0.9428486516494243,0.7346800586841215,20,6632,11.051115802171292,10.9,10.9,528296800,528296800,218,258865432000,258865432000,100795,False
491,0.8472421472196209,0.7635299853729888,nan,nan,20,6153,10.240370550950757,10.05,10.05,528296800,528296800,201,259393728800,259393728800,100996,False
492,0.7995469873290983,0.775708635464733,nan,nan,20,6068,10.179630850362559,9.95,9.95,528296800,528296800,199,259922025600,259922025600,101195,False
493,0.9166360252155475,0.7457653457653458,nan,nan,20,6435,10.626262626262626,10.5,10.5,528296800,528296800,210,260450322400,260450322400,101405,False
494,0.9811009619750228,0.7294117647058823,nan,nan,20,6375,10.571921568627454,10.4,10.4,528296800,528296800,208,260978619200,260978619200,101613,False
495,0.7591858405645443,0.7797721242391135,nan,nan,20,6407,10.790853753706884,10.5,10.5,528296800,528296800,210,261506916000,261506916000,101823,False
496,0.860460350460348,0.7608005082592122,nan,nan,20,6296,10.858005082592124,10.35,10.35,528296800,528296800,207,262035212800,262035212800,102030,False
497,0.7679338332026244,0.7876977720374556,nan,nan,20,6194,10.391992250565066,10.05,10.05,528296800,528296800,201,262563509600,262563509600,102231,False
498,0.8618135749834456,0.7521889971914753,nan,nan,20,6053,10.151164711713202,9.95,9.95,528296800,528296800,199,263091806400,263091806400,102430,False
499,0.946669417362865,0.7464091134224864,nan,nan,20,6057,10.20736338121182,9.8,9.8,528296800,528296800,196,263620103200,263620103200,102626,False
500,0.7857084590232347,0.7789661319073083,0.9264793289446317,0.7348493398036339,20,6171,10.479500891265598,10.15,10.15,528296800,528296800,203,264148400000,264148400000,102829,False
501,0.8579175559994184,0.7655092973506664,nan,nan,20,6077,9.98930393286161,9.85,9.85,528296800,528296800,197,264676696800,264676696800,103026,False
502,0.7988433366950303,0.7704104645917907,nan,nan,20,6651,11.040445045857764,10.75,10.75,528296800,528296800,215,265204993600,265204993600,103241,False
503,0.8295958591638833,0.7620062284871333,nan,nan,20,6101,10.430257334863139,10.15,10.15,528296800,528296800,203,265733290400,265733290400,103444,False
504,0.9282244208469894,0.7336111556339157,nan,nan,20,6239,10.512421862477963,10.3,10.3,528296800,528296800,206,266261587200,266261587200,103650,False
505,0.8608315648688377,0.7606608969315499,nan,nan,20,6355,10.67789142407553,10.4,10.4,528296800,528296800,208,266789884000,266789884000,103858,False
506,0.8404251747456128,0.7637770897832817,nan,nan,20,6460,10.618111455108359,10.5,10.5,528296800,528296800,210,267318180800,267318180800,104068,False
507,0.7737885207815328,0.7747720364741641,nan,nan,20,6580,10.855015197568388,10.7,10.7,528296800,528296800,214,267846477600,267846477600,104282,False
508,0.8252333602052269,0.7680902497985496,nan,nan,20,6205,10.388235294117647,10.15,10.15,528296800,528296800,203,268374774400,268374774400,104485,False
509,0.7643303204279096,0.7803210463733651,nan,nan,20,6728,11.139417360285375,11.0,11.0,528296800,528296800,220,268903071200,268903071200,104705,False
510,0.7649682266027389,0.7854097584083373,0.9096827742854597,0.7411691682654328,20,6333,10.626085583451761,10.4,10.4,528296800,528296800,208,269431368000,269431368000,104913,False
511,0.8435856955193137,0.7609536082474226,nan,nan,20,6208,10.489529639175258,10.1,10.1,528296800,528296800,202,269959664800,269959664800,105115,False
512,0.7103493447583019,0.7945303550973654,nan,nan,20,6984,11.608247422680412,11.35,11.35,528296800,528296800,227,270487961600,270487961600,105342,False
513,0.844208846649816,0.7658941434387723,nan,nan,20,6386,10.586125900407144,10.4,10.4,528296800,528296800,208,271016258400,271016258400,105550,False
514,0.7026889665735953,0.800032097576633,nan,nan,20,6231,10.40651580805649,10.2,10.2,528296800,528296800,204,271544555200,271544555200,105754,False
515,0.8289532271912248,0.7643970728603245,nan,nan,20,6286,10.56267896913777,10.3,10.3,528296800,528296800,206,272072852000,272072852000,105960,False
516,0.8741576360753652,0.7518475940220068,nan,nan,20,6089,10.295779274100834,9.95,9.95,528296800,528296800,199,272601148800,272601148800,106159,False
517,0.7625144067461399,0.7876248791492104,nan,nan,20,6206,10.284402191427652,10.05,10.05,528296800,528296800,201,273129445600,273129445600,106360,False
518,0.9025887476769431,0.7340044361030541,nan,nan,20,5861,9.902064494113631,9.6,9.6,528296800,528296800,192,273657742400,273657742400,106552,False
519,0.7382410571852931,0.782236739772904,nan,nan,20,6429,10.722196298024576,10.5,10.5,528296800,528296800,210,274186039200,274186039200,106762,False
520,0.7681795005992397,0.7856921166977033,0.8963074468218329,0.7428619794605575,20,6444,10.830540037243946,10.55,10.55,528296800,528296800,211,274714336000,274714336000,106973,False
521,0.9217143099390513,0.7378540772532188,nan,nan,20,5825,10.098884120171677,9.65,9.65,528296800,528296800,193,275242632800,275242632800,107166,False
522,0.7892760509644009,0.7741985926505082,nan,nan,20,6395,10.634714620797498,10.35,10.35,528296800,528296800,207,275770929600,275770929600,107373,False
523,0.7742486605237133,0.7738631072481763,nan,nan,20,6443,10.760515287909358,10.6,10.6,528296800,528296800,212,276299226400,276299226400,107585,False
524,0.773780360745043,0.7889160554197229,nan,nan,20,6135,10.313447432762835,10.1,10.1,528296800,528296800,202,276827523200,276827523200,107787,False
525,0.8799891475674011,0.7503530519378628,nan,nan,20,6373,10.846540091008944,10.4,10.4,528296800,528296800,208,277355820000,277355820000,107995,False
526,0.7533391211808932,0.7887143315165117,nan,nan,20,6238,10.450464892593779,10.25,10.25,528296800,528296800,205,277884116800,277884116800,108200,False
527,0.7448770912228749,0.7869208120254145,nan,nan,20,6453,10.665581899891526,10.55,10.55,528296800,528296800,211,278412413600,278412413600,108411,False
528,0.8065326015326472,0.7697875688434304,nan,nan,20,6355,10.414319433516914,10.3,10.3,528296800,528296800,206,278940710400,278940710400,108617,False
529,0.8256244072374802,0.7699936020473449,nan,nan,20,6252,10.281349968010234,10.15,10.15,528296800,528296800,203,279469007200,279469007200,108820,False
530,0.7931864118872761,0.7775143921435828,0.878322836333265,0.7492946620020313,20,5906,10.078225533355909,9.65,9.65,528296800,528296800,193,279997304000,279997304000,109013,False
531,0.7139928200609499,0.7964771817453963,nan,nan,20,6245,10.479583666933548,10.1,10.1,528296800,528296800,202,280525600800,280525600800,109215,False
532,0.83223125997118,0.7695300342359166,nan,nan,20,6426,10.684407096171805,10.55,10.55,528296800,528296800,211,281053897600,281053897600,109426,False
533,0.9098206644843354,0.7515407071034707,nan,nan,20,6166,10.452967888420371,10.2,10.2,528296800,528296800,204,281582194400,281582194400,109630,False
534,0.7967030477173073,0.7779421433267587,nan,nan,20,6084,10.28320184089415,9.95,9.95,528296800,528296800,199,282110491200,282110491200,109829,False
535,0.7900971010981429,0.7795288124801019,nan,nan,20,6282,10.513053167780962,10.2,10.2,528296800,528296800,204,282638788000,282638788000,110033,False
536,0.804774651716097,0.7656301687065828,nan,nan,20,6046,10.265960965927887,9.9,9.9,528296800,528296800,198,283167084800,283167084800,110231,False
537,0.8041181478038752,0.7723951715374842,nan,nan,20,6296,10.423761118170267,10.25,10.25,528296800,528296800,205,283695381600,283695381600,110436,False
538,0.6683039108050436,0.8032733224222586,nan,nan,20,6110,10.329132569558103,10.0,10.0,528296800,528296800,200,284223678400,284223678400,110636,False
539,0.7680655287291329,0.7803140683179537,nan,nan,20,6177,10.36295936538773,10.2,10.2,528296800,528296800,204,284751975200,284751975200,110840,False
540,0.7254295503625158,0.7940219916369832,0.8659787006645087,0.753978106308543,20,6457,10.63419544680192,10.5,10.5,528296800,528296800,210,285280272000,285280272000,111050,False
541,0.7843190575343019,0.7731481481481481,nan,nan,20,5832,9.987997256515774,9.6,9.6,528296800,528296800,192,285808568800,285808568800,111242,False
542,0.8476052630482992,0.7675416873039459,nan,nan,20,6057,10.182598646194485,9.95,9.95,528296800,528296800,199,286336865600,286336865600,111441,False
543,0.7202465919890186,0.7893014886307869,nan,nan,20,6113,10.347783412399803,10.0,10.0,528296800,528296800,200,286865162400,286865162400,111641,False
544,0.7241342314578152,0.8007437248218159,nan,nan,20,6454,10.708862720793306,10.45,10.45,528296800,528296800,209,287393459200,287393459200,111850,False
545,0.8749312179263533,0.758178530330429,nan,nan,20,6083,10.443366759822457,9.95,9.95,528296800,528296800,199,287921756000,287921756000,112049,False
546,0.7105815787839718,0.7946191146566557,nan,nan,20,6393,10.615047708431096,10.45,10.45,528296800,528296800,209,288450052800,288450052800,112258,False
547,0.7381094049136435,0.7861459786145979,nan,nan,20,6453,10.749573841624052,10.45,10.45,528296800,528296800,209,288978349600,288978349600,112467,False
548,0.7755988703387307,0.7778995147910471,nan,nan,20,6389,10.872437001095632,10.55,10.55,528296800,528296800,211,289506646400,289506646400,112678,False
549,0.7334881772067479,0.786375765185999,nan,nan,20,6371,10.768796107361482,10.5,10.5,528296800,528296800,210,290034943200,290034943200,112888,False
550,0.767026292958599,0.7796313949793454,0.8504740078876255,0.7547680848662679,20,6294,10.611058150619638,10.35,10.35,528296800,528296800,207,290563240000,290563240000,113095,False
551,0.7721324863781649,0.781887150308203,nan,nan,20,6327,10.655761024182077,10.45,10.45,528296800,528296800,209,291091536800,291091536800,113304,False
552,0.7883209253870966,0.7715824489149374,nan,nan,20,6313,10.505306510375416,10.3,10.3,528296800,528296800,206,291619833600,291619833600,113510,False
553,0.7576013561879973,0.7842588271892985,nan,nan,20,6429,10.666200031109035,10.5,10.5,528296800,528296800,210,292148130400,292148130400,113720,False
554,0.741647790786476,0.7940246601327853,nan,nan,20,6326,10.542997154600064,10.3,10.3,528296800,528296800,206,292676427200,292676427200,113926,False
555,0.7957074154384868,0.7702070808283233,nan,nan,20,5988,10.297428189712758,9.85,9.85,528296800,528296800,197,293204724000,293204724000,114123,False
556,0.763233102540092,0.7852719665271967,nan,nan,20,5975,10.008368200836822,9.75,9.75,528296800,528296800,195,293733020800,293733020800,114318,False
557,0.6444779801983911,0.8082752349196727,nan,nan,20,6598,10.834949984843892,10.75,10.75,528296800,528296800,215,294261317600,294261317600,114533,False
558,0.8669454419928585,0.7587114759176088,nan,nan,20,6457,10.707449279851325,10.55,10.55,528296800,528296800,211,294789614400,294789614400,114744,False
559,0.7830897996194252,0.7760337552742615,nan,nan,20,5925,9.961687763713078,9.65,9.65,528296800,528296800,193,295317911200,295317911200,114937,False
560,0.758364895021386,0.7857966716098204,0.8467975608410032,0.7569123123800925,20,6069,10.379304663041687,10.0,10.0,528296800,528296800,200,295846208000,295846208000,115137,False
561,0.8349845291049649,0.7684647302904565,nan,nan,20,6025,10.246970954356847,9.85,9.85,528296800,528296800,197,296374504800,296374504800,115334,False
562,0.7365304481422619,0.7877076947894822,nan,nan,20,6199,10.425068559445073,10.2,10.2,528296800,528296800,204,296902801600,296902801600,115538,False
563,0.7651256944036414,0.7864439760012972,nan,nan,20,6167,10.323333873844659,10.05,10.05,528296800,528296800,201,297431098400,297431098400,115739,False
564,0.78053994423337,0.7717336893041882,nan,nan,20,5993,10.070916068746872,9.85,9.85,528296800,528296800,197,297959395200,297959395200,115936,False
565,0.8111037717054869,0.7677510165780419,nan,nan,20,6394,10.68767594619956,10.55,10.55,528296800,528296800,211,298487692000,298487692000,116147,False
566,0.8345290279719667,0.7669978267618752,nan,nan,20,6442,10.54330953120149,10.4,10.4,528296800,528296800,208,299015988800,299015988800,116355,False
567,0.7605587542841051,0.7859256823413351,nan,nan,20,6082,10.241532390660966,10.05,10.05,528296800,528296800,201,299544285600,299544285600,116556,False
568,0.6514627376171895,0.8159865505119975,nan,nan,20,6543,10.884762341433593,10.75,10.75,528296800,528296800,215,300072582400,300072582400,116771,False
569,0.7686575946282138,0.7858421480878763,nan,nan,20,6145,10.363384865744504,10.1,10.1,528296800,528296800,202,300600879200,300600879200,116973,False
570,0.8123051467527314,0.7686345646437994,0.8237056526881068,0.762950005642704,20,6064,10.375164907651712,10.05,10.05,528296800,528296800,201,301129176000,301129176000,117174,False
571,0.7489599406653357,0.7937184343434344,nan,nan,20,6336,10.708491161616163,10.35,10.35,528296800,528296800,207,301657472800,301657472800,117381,False
572,0.6911200932992829,0.8077777777777778,nan,nan,20,6300,10.443809523809524,10.25,10.25,528296800,528296800,205,302185769600,302185769600,117586,False
573,0.8000350695035026,0.7728651237031126,nan,nan,20,6265,10.384038308060656,10.25,10.25,528296800,528296800,205,302714066400,302714066400,117791,False
574,0.6545044346097288,0.8095164767477672,nan,nan,20,6494,10.657684016014782,10.55,10.55,528296800,528296800,211,303242363200,303242363200,118002,False
575,0.6982713420661921,0.8023915376360571,nan,nan,20,6523,10.816802084930247,10.65,10.65,528296800,528296800,213,303770660000,303770660000,118215,False
576,0.810592736122215,0.7630824372759857,nan,nan,20,5580,9.709318996415771,9.15,9.15,528296800,528296800,183,304298956800,304298956800,118398,False
577,0.6797024379178596,0.8086710650329878,nan,nan,20,6366,10.832704995287466,10.4,10.4,528296800,528296800,208,304827253600,304827253600,118606,False
578,0.6570342085747152,0.8102433593128678,nan,nan,20,6287,10.687132177509143,10.2,10.2,528296800,528296800,204,305355550400,305355550400,118810,False
579,0.6788073993012432,0.8074380165289257,nan,nan,20,6050,10.366611570247937,9.95,9.95,528296800,528296800,199,305883847200,305883847200,119009,False
580,0.7362363991880632,0.7877570694087404,0.8140566180594793,0.7666741902719784,20,6224,10.223650385604113,10.1,10.1,528296800,528296800,202,306412144000,306412144000,119211,False
581,0.7169640028550486,0.7952834922227797,nan,nan,20,5979,10.331995316942633,9.85,9.85,528296800,528296800,197,306940440800,306940440800,119408,False
582,0.7369827696915858,0.7905767668562145,nan,nan,20,6155,10.240454914703491,10.0,10.0,528296800,528296800,200,307468737600,307468737600,119608,False
583,0.7620206962697826,0.7780600095253215,nan,nan,20,6299,10.586601047785363,10.4,10.4,528296800,528296800,208,307997034400,307997034400,119816,False
584,0.655850754496817,0.8094502779493514,nan,nan,20,6476,10.831995058678194,10.65,10.65,528296800,528296800,213,308525331200,308525331200,120029,False
585,0.7266355593423003,0.7849961330239753,nan,nan,20,6465,10.778190255220418,10.6,10.6,528296800,528296800,212,309053628000,309053628000,120241,False
586,0.7257228155419683,0.802314670003128,nan,nan,20,6394,10.474663747263058,10.35,10.35,528296800,528296800,207,309581924800,309581924800,120448,False
587,0.7647845841622176,0.7924918202169795,nan,nan,20,5807,10.214052006199415,9.5,9.5,528296800,528296800,190,310110221600,310110221600,120638,False
588,0.6385299463485925,0.8127278250303767,nan,nan,20,6584,10.69805589307412,10.6,10.6,528296800,528296800,212,310638518400,310638518400,120850,False
589,0.7359223184004596,0.7823085567506823,nan,nan,20,6229,10.415315459945417,10.2,10.2,528296800,528296800,204,311166815200,311166815200,121054,False
590,0.6528173358021946,0.8112771529810506,0.8202027433707717,0.7639656923597788,20,6491,10.800492990294252,10.6,10.6,528296800,528296800,212,311695112000,311695112000,121266,False
591,0.7320285897530042,0.7902564102564102,nan,nan,20,5850,10.058290598290599,9.65,9.65,528296800,528296800,193,312223408800,312223408800,121459,False
592,0.6769777900627088,0.8034837688044338,nan,nan,20,6315,10.563737133808392,10.35,10.35,528296800,528296800,207,312751705600,312751705600,121666,False
593,0.7783834098396126,0.7853535353535354,nan,nan,20,6336,10.714330808080806,10.3,10.3,528296800,528296800,206,313280002400,313280002400,121872,False
594,0.7000163809922777,0.7917584145957849,nan,nan,20,6358,10.679930795847753,10.45,10.45,528296800,528296800,209,313808299200,313808299200,122081,False
595,0.7310234883588763,0.7963952955552162,nan,nan,20,6547,11.307774553230487,10.75,10.75,528296800,528296800,215,314336596000,314336596000,122296,False
596,0.7691208762169004,0.7794863908965093,nan,nan,20,6503,10.839151161002611,10.65,10.65,528296800,528296800,213,314864892800,314864892800,122509,False
597,0.7087202503679872,0.802515913913307,nan,nan,20,6598,11.010609275538041,10.85,10.85,528296800,528296800,217,315393189600,315393189600,122726,False
598,0.695547250324368,0.7994983277591973,nan,nan,20,5980,10.173913043478263,9.85,9.85,528296800,528296800,197,315921486400,315921486400,122923,False
599,0.7035694794467969,0.8064159292035398,nan,nan,20,6328,10.558786346396966,10.4,10.4,528296800,528296800,208,316449783200,316449783200,123131,False
600,0.7053556151237454,0.796916784646846,0.7920153144519575,0.7721476131362148,20,6357,10.657070945414503,10.45,10.45,528296800,528296800,209,316978080000,316978080000,123340,False
601,0.7119204603993926,0.7975335622853574,nan,nan,20,6406,10.624570714954729,10.45,10.45,528296800,528296800,209,317506376800,317506376800,123549,False
602,0.5746987415870506,0.8323362478907808,nan,nan,20,6519,10.715907347752724,10.6,10.6,528296800,528296800,212,318034673600,318034673600,123761,False
603,0.6655528697505415,0.8007542426147077,nan,nan,20,6364,10.752357008170964,10.4,10.4,528296800,528296800,208,318562970400,318562970400,123969,False
604,0.6613641722490516,0.8104029539251887,nan,nan,20,6229,10.212554182051694,10.1,10.1,528296800,528296800,202,319091267200,319091267200,124171,False
605,0.6425183011956105,0.8154595073019619,nan,nan,20,6779,11.201504646703052,11.05,11.05,528296800,528296800,221,319619564000,319619564000,124392,False
606,0.7446037837970505,0.7809569225878239,nan,nan,20,6291,10.474646320139883,10.3,10.3,528296800,528296800,206,320147860800,320147860800,124598,False
607,0.6319194728016976,0.8086885245901639,nan,nan,20,6100,10.201639344262293,10.05,10.05,528296800,528296800,201,320676157600,320676157600,124799,False
608,0.7333106740316522,0.789437585733882,nan,nan,20,5832,10.088305898491083,9.6,9.6,528296800,528296800,192,321204454400,321204454400,124991,False
609,0.8463151593426772,0.7659854976928148,nan,nan,20,6068,10.173862887277522,10.05,10.05,528296800,528296800,201,321732751200,321732751200,125192,False
610,0.7268807595396487,0.7891341256366723,0.7767555446740992,0.7772824737614265,20,5890,9.831239388794566,9.65,9.65,528296800,528296800,193,322261048000,322261048000,125385,False
611,0.758712141910403,0.7854671280276817,nan,nan,20,6069,10.297083539298074,9.95,9.95,528296800,528296800,199,322789344800,322789344800,125584,False
612,0.7974568909463264,0.7686209744013213,nan,nan,20,6055,10.180346820809248,10.0,10.0,528296800,528296800,200,323317641600,323317641600,125784,False
613,0.7180097080395192,0.7898293630680858,nan,nan,20,5919,10.32167595877682,9.8,9.8,528296800,528296800,196,323845938400,323845938400,125980,False
614,0.650458870040309,0.8191206383977468,nan,nan,20,6391,10.46158660616492,10.35,10.35,528296800,528296800,207,324374235200,324374235200,126187,False
615,0.7543603516035498,0.7966460436339955,nan,nan,20,6142,10.566916313904267,10.1,10.1,528296800,528296800,202,324902532000,324902532000,126389,False
616,0.6438167654445888,0.8126937510197422,nan,nan,20,6129,10.347528144884974,10.05,10.05,528296800,528296800,201,325430828800,325430828800,126590,False
617,0.7010750553407207,0.7998411437648928,nan,nan,20,6295,10.468467037331216,10.3,10.3,528296800,528296800,206,325959125600,325959125600,126796,False
618,0.7955677496172308,0.7785895806861499,nan,nan,20,6296,10.518424396442185,10.35,10.35,528296800,528296800,207,326487422400,326487422400,127003,False
619,0.6433063151351331,0.8207957724588125,nan,nan,20,6434,10.723189306807582,10.6,10.6,528296800,528296800,212,327015719200,327015719200,127215,False
620,0.6401757837341875,0.8110640870616687,0.7747149315984614,0.7745739758492269,20,6616,10.907345828295043,10.75,10.75,528296800,528296800,215,327544016000,327544016000,127430,False
621,0.6491453830454924,0.8099122672002462,nan,nan,20,6497,10.714483607818993,10.6,10.6,528296800,528296800,212,328072312800,328072312800,127642,False
622,0.697132419314965,0.8035659391331079,nan,nan,20,6506,10.671072855825392,10.55,10.55,528296800,528296800,211,328600609600,328600609600,127853,False
623,0.7100806176359442,0.7979192938209332,nan,nan,20,6344,10.69404161412358,10.3,10.3,528296800,528296800,206,329128906400,329128906400,128059,False
624,0.6619976098420823,0.8108195659216068,nan,nan,20,6174,10.487204405571754,10.1,10.1,528296800,528296800,202,329657203200,329657203200,128261,False
625,0.7468071825029682,0.7877865042474755,nan,nan,20,6239,10.527328097451516,10.2,10.2,528296800,528296800,204,330185500000,330185500000,128465,False
626,0.6393575219394724,0.8109690340471422,nan,nan,20,6491,10.685564627946388,10.55,10.55,528296800,528296800,211,330713796800,330713796800,128676,False
627,0.6737286682856125,0.8105747856462369,nan,nan,20,6298,10.473801206732295,10.35,10.35,528296800,528296800,207,331242093600,331242093600,128883,False
628,0.7112203129089439,0.7953274103323462,nan,nan,20,6078,10.403093122737744,10.05,10.05,528296800,528296800,201,331770390400,331770390400,129084,False
629,0.7037952949883984,0.7973856209150327,nan,nan,20,6426,11.120136943666356,10.5,10.5,528296800,528296800,210,332298687200,332298687200,129294,False
630,0.7472802953270975,0.7857503789792825,0.7521535938647917,0.7862543730955874,20,5937,10.009432373252485,9.75,9.75,528296800,528296800,195,332826984000,332826984000,129489,False
631,0.7002284309419382,0.8021488871834229,nan,nan,20,6515,10.869992325402917,10.65,10.65,528296800,528296800,213,333355280800,333355280800,129702,False
632,0.6442046738325018,0.8129906110512545,nan,nan,20,6497,10.778359242727415,10.65,10.65,528296800,528296800,213,333883577600,333883577600,129915,False
633,0.6728005421157999,0.8104795464991573,nan,nan,20,6527,10.87712578519994,10.7,10.7,528296800,528296800,214,334411874400,334411874400,130129,False
634,0.6091902897788232,0.8131954239147469,nan,nan,20,6381,10.702867889045603,10.55,10.55,528296800,528296800,211,334940171200,334940171200,130340,False
635,0.6156612099690675,0.8197791945265122,nan,nan,20,6431,10.609392007463844,10.5,10.5,528296800,528296800,210,335468468000,335468468000,130550,False
636,0.6346604438940415,0.816201288738877,nan,nan,20,6518,10.696992942620437,10.55,10.55,528296800,528296800,211,335996764800,335996764800,130761,False
637,0.7657393220502673,0.7803986710963455,nan,nan,20,6020,10.128239202657806,9.95,9.95,528296800,528296800,199,336525061600,336525061600,130960,False
638,0.7189900579797307,0.7931796652983897,nan,nan,20,6334,10.520682033470164,10.35,10.35,528296800,528296800,207,337053358400,337053358400,131167,False
639,0.6875459288387378,0.8010297292808504,nan,nan,20,6021,10.193987709682778,9.95,9.95,528296800,528296800,199,337581655200,337581655200,131366,False
640,0.7899789878500426,0.7774258086028676,0.7552245286527813,0.7836023022232254,20,5998,10.016005335111702,9.8,9.8,528296800,528296800,196,338109952000,338109952000,131562,False
641,0.6457844089206695,0.8106242978655112,nan,nan,20,6231,10.612261274273791,10.25,10.25,528296800,528296800,205,338638248800,338638248800,131767,False
642,0.7776060962702424,0.7808398950131233,nan,nan,20,6096,10.252132545931758,10.05,10.05,528296800,528296800,201,339166545600,339166545600,131968,False
643,0.6892737449776273,0.800067035361153,nan,nan,20,5967,10.275180157533098,9.95,9.95,528296800,528296800,199,339694842400,339694842400,132167,False
644,0.6319794891313909,0.8143836708658906,nan,nan,20,6271,10.368202838462764,10.25,10.25,528296800,528296800,205,340223139200,340223139200,132372,False
645,0.538228278092435,0.8422146355944783,nan,nan,20,6737,11.35089802582752,11.0,11.0,528296800,528296800,220,340751436000,340751436000,132592,False
646,0.668067747274025,0.8079258549057207,nan,nan,20,6258,10.807286673058487,10.25,10.25,528296800,528296800,205,341279732800,341279732800,132797,False
647,0.6889950462302016,0.8067022826614861,nan,nan,20,6177,10.65080135988344,10.25,10.25,528296800,528296800,205,341808029600,341808029600,133002,False
648,0.7404307278884151,0.7890225811768584,nan,nan,20,6067,10.442228448986318,10.05,10.05,528296800,528296800,201,342336326400,342336326400,133203,False
649,0.5564269234520801,0.8373419673142153,nan,nan,20,6486,10.73835954363244,10.55,10.55,528296800,528296800,211,342864623200,342864623200,133414,False
650,0.6295466645940436,0.8198574969021065,0.7471695570183747,0.7846179889403002,20,6456,10.832558859975217,10.7,10.7,528296800,528296800,214,343392920000,343392920000,133628,False
651,0.6111771279988656,0.8198512672636212,nan,nan,20,6589,11.027773561997268,10.75,10.75,528296800,528296800,215,343921216800,343921216800,133843,False
652,0.6233573887017498,0.8144654088050315,nan,nan,20,6042,10.111717974180733,9.9,9.9,528296800,528296800,198,344449513600,344449513600,134041,False
653,0.800475789787578,0.7756105296542974,nan,nan,20,6306,10.552331113225499,10.3,10.3,528296800,528296800,206,344977810400,344977810400,134247,False
654,0.7035568962496901,0.8041646797011603,nan,nan,20,6291,10.500238435860755,10.3,10.3,528296800,528296800,206,345506107200,345506107200,134453,False
655,0.7309827625713197,0.7940488131059846,nan,nan,20,5982,10.04797726512872,9.8,9.8,528296800,528296800,196,346034404000,346034404000,134649,False
656,0.630050157629815,0.8129333978390583,nan,nan,20,6201,10.301402999516208,10.1,10.1,528296800,528296800,202,346562700800,346562700800,134851,False
657,0.6932506850686366,0.8013170575008031,nan,nan,20,6226,10.328461291358817,10.2,10.2,528296800,528296800,204,347090997600,347090997600,135055,False
658,0.6695852771885977,0.8154660028006846,nan,nan,20,6427,10.650381204294385,10.45,10.45,528296800,528296800,209,347619294400,347619294400,135264,False
659,0.6199357802986304,0.8164205177068445,nan,nan,20,6297,10.423217405113546,10.25,10.25,528296800,528296800,205,348147591200,348147591200,135469,False
660,0.6524060858869657,0.8107428930422491,0.7193464435474717,0.7927434826768988,20,6367,10.600125647871838,10.4,10.4,528296800,528296800,208,348675888000,348675888000,135677,False
661,0.6802354207276463,0.8050660792951542,nan,nan,20,6356,10.661894273127754,10.3,10.3,528296800,528296800,206,349204184800,349204184800,135883,False
662,0.6336672460777497,0.8202673959282892,nan,nan,20,6582,10.88422971741112,10.8,10.8,528296800,528296800,216,349732481600,349732481600,136099,False
663,0.6710121074124207,0.806467338316542,nan,nan,20,6154,10.39795255118622,10.15,10.15,528296800,528296800,203,350260778400,350260778400,136302,False
664,0.5910312661181877,0.833384900990099,nan,nan,20,6464,10.651299504950494,10.55,10.55,528296800,528296800,211,350789075200,350789075200,136513,False
665,0.698304295660909,0.8036244336822371,nan,nan,20,6401,10.607092641774722,10.45,10.45,528296800,528296800,209,351317372000,351317372000,136722,False
666,0.6988390979941517,0.8067602040816326,nan,nan,20,6272,10.39700255102041,10.25,10.25,528296800,528296800,205,351845668800,351845668800,136927,False
667,0.5928822629243494,0.8250602409638554,nan,nan,20,6225,10.363373493975903,10.15,10.15,528296800,528296800,203,352373965600,352373965600,137130,False
668,0.6069808215549388,0.8241940343476951,nan,nan,20,6638,10.771316661645077,10.7,10.7,528296800,528296800,214,352902262400,352902262400,137344,False
669,0.6246184630507569,0.8211459322570434,nan,nan,20,6318,10.561095283317508,10.35,10.35,528296800,528296800,207,353430559200,353430559200,137551,False
670,0.7538000015877582,0.7833279794410537,0.7179483733184181,0.7930256178760863,20,6226,10.335849662704785,10.2,10.2,528296800,528296800,204,353958856000,353958856000,137755,False
671,0.5949749461919999,0.8226252689824777,nan,nan,20,6506,10.801414079311405,10.6,10.6,528296800,528296800,212,354487152800,354487152800,137967,False
672,0.6550644704718209,0.8060035842293907,nan,nan,20,6696,11.131869772998808,11.0,11.0,528296800,528296800,220,355015449600,355015449600,138187,False
673,0.6368512370247649,0.8149068322981367,nan,nan,20,6440,10.696273291925467,10.55,10.55,528296800,528296800,211,355543746400,355543746400,138398,False
674,0.6608642645313393,0.8093002120569525,nan,nan,20,6602,11.248863980611937,10.85,10.85,528296800,528296800,217,356072043200,356072043200,138615,False
675,0.6239931494030175,0.8201281450226597,nan,nan,20,6399,10.522112830129707,10.35,10.35,528296800,528296800,207,356600340000,356600340000,138822,False
676,0.6341922076872216,0.8166693329067349,nan,nan,20,6251,10.569188929771235,10.3,10.3,528296800,528296800,206,357128636800,357128636800,139028,False
677,0.6338447630570654,0.8167273879296689,nan,nan,20,6313,10.463329637256455,10.25,10.25,528296800,528296800,205,357656933600,357656933600,139233,False
678,0.6491085975485257,0.8061811606115403,nan,nan,20,6083,10.048331415420023,9.9,9.9,528296800,528296800,198,358185230400,358185230400,139431,False
679,0.6889866433934466,0.799433249370277,nan,nan,20,6352,10.560925692695216,10.35,10.35,528296800,528296800,207,358713527200,358713527200,139638,False
680,0.551474102890033,0.8357793913177816,0.7225059969149947,0.7913892337207991,20,6473,10.957979298625057,10.6,10.6,528296800,528296800,212,359241824000,359241824000,139850,False
681,0.5406522519281776,0.8460949464012251,nan,nan,20,6530,10.712404287901993,10.6,10.6,528296800,528296800,212,359770120800,359770120800,140062,False
682,0.6819932546046923,0.7971271788250485,nan,nan,20,6196,10.785183989670754,10.2,10.2,528296800,528296800,204,360298417600,360298417600,140266,False
683,0.6321922638870023,0.8138124125058329,nan,nan,20,6429,10.727795924716128,10.45,10.45,528296800,528296800,209,360826714400,360826714400,140475,False
684,0.5999612734822439,0.8211879975505205,nan,nan,20,6532,10.87354562155542,10.7,10.7,528296800,528296800,214,361355011200,361355011200,140689,False
685,0.6161483645230376,0.8240725999044738,nan,nan,20,6281,10.674892533036141,10.3,10.3,528296800,528296800,206,361883308000,361883308000,140895,False
686,0.6548532165428451,0.8117402431222009,nan,nan,20,6252,10.723928342930263,10.2,10.2,528296800,528296800,204,362411604800,362411604800,141099,False
687,0.5648639931944386,0.8268529769137303,nan,nan,20,6584,10.841130012150668,10.7,10.7,528296800,528296800,214,362939901600,362939901600,141313,False
688,0.6472471911305067,0.8180787299530212,nan,nan,20,6173,10.401425562935364,10.15,10.15,528296800,528296800,203,363468198400,363468198400,141516,False
689,0.6148839195013563,0.8197753573859768,nan,nan,20,5876,10.159462219196731,9.7,9.7,528296800,528296800,194,363996495200,363996495200,141710,False
690,0.599403141156652,0.8292458614347027,0.7039088394071189,0.7989504570590227,20,6524,10.6931330472103,10.6,10.6,528296800,528296800,212,364524792000,364524792000,141922,False
691,0.6355031782709669,0.812415856394914,nan,nan,20,6685,11.146596858638741,11.0,11.0,528296800,528296800,220,365053088800,365053088800,142142,False
692,0.5947056716615183,0.8288846520495711,nan,nan,20,6294,10.578964092786782,10.35,10.35,528296800,528296800,207,365581385600,365581385600,142349,False
693,0.580166009801794,0.8377667800804207,nan,nan,20,6466,11.021187751314569,10.7,10.7,528296800,528296800,214,366109682400,366109682400,142563,False
694,0.5420423781913122,0.8430028689831048,nan,nan,20,6274,10.583997449792797,10.35,10.35,528296800,528296800,207,366637979200,366637979200,142770,False
695,0.5546216639178924,0.8392857142857143,nan,nan,20,6384,10.994830827067668,10.45,10.45,528296800,528296800,209,367166276000,367166276000,142979,False
696,0.5554602640074411,0.836455002284148,nan,nan,20,6567,10.80447693010507,10.65,10.65,528296800,528296800,213,367694572800,367694572800,143192,False
697,0.5730773345132987,0.8265877459606463,nan,nan,20,6251,10.601023836186211,10.25,10.25,528296800,528296800,205,368222869600,368222869600,143397,False
698,0.609853660689967,0.8205544087289885,nan,nan,20,6782,11.37525803597759,11.1,11.1,528296800,528296800,222,368751166400,368751166400,143619,False
699,0.5109742444146685,0.8502307577787703,nan,nan,20,6717,11.328569301771623,11.0,11.0,528296800,528296800,220,369279463200,369279463200,143839,False
700,0.5621459093482364,0.8313719168144447,0.7154034302824172,0.7953391265094233,20,6203,10.8663549895212,10.2,10.2,528296800,528296800,204,369807760000,369807760000,144043,False
701,0.6086655884347305,0.8131339178270586,nan,nan,20,5817,9.947739384562492,9.65,9.65,528296800,528296800,193,370336056800,370336056800,144236,False
702,0.5839672085924584,0.8267938095982492,nan,nan,20,6397,10.86399874941379,10.6,10.6,528296800,528296800,212,370864353600,370864353600,144448,False
703,0.5854929942381789,0.8349616714264242,nan,nan,20,6653,11.374868480384789,10.95,10.95,528296800,528296800,219,371392650400,371392650400,144667,False
704,0.6724313100083791,0.8031319910514542,nan,nan,20,6258,10.297059763502716,10.15,10.15,528296800,528296800,203,371920947200,371920947200,144870,False
705,0.6164224759088929,0.8193950177935944,nan,nan,20,5620,9.703380782918149,9.2,9.2,528296800,528296800,184,372449244000,372449244000,145054,False
706,0.624153401433807,0.8193421698576338,nan,nan,20,6111,10.152348224513174,9.95,9.95,528296800,528296800,199,372977540800,372977540800,145253,False
707,0.5932313093796009,0.8283604581072935,nan,nan,20,6636,10.984026522001205,10.85,10.85,528296800,528296800,217,373505837600,373505837600,145470,False
708,0.5835441667781774,0.8312216486782418,nan,nan,20,6393,10.699984357891445,10.55,10.55,528296800,528296800,211,374034134400,374034134400,145681,False
709,0.6091154188819599,0.8230471079308289,nan,nan,20,6708,11.05649970184854,10.95,10.95,528296800,528296800,219,374562431200,374562431200,145900,False
710,0.520630751432647,0.844524708586439,0.697032891947937,0.7952826994695859,20,6091,10.319980298801513,10.05,10.05,528296800,528296800,201,375090728000,375090728000,146101,False
711,0.6521595288855339,0.804812410954567,nan,nan,20,6317,10.655532689567831,10.35,10.35,528296800,528296800,207,375619024800,375619024800,146308,False
712,0.6290214138368285,0.8203269846620597,nan,nan,20,5933,9.894319905612674,9.65,9.65,528296800,528296800,193,376147321600,376147321600,146501,False
713,0.6565079353893263,0.8173354735152488,nan,nan,20,6230,10.25008025682183,10.1,10.1,528296800,528296800,202,376675618400,376675618400,146703,False
714,0.5875035323916133,0.8320809691765066,nan,nan,20,6521,10.902162245054436,10.75,10.75,528296800,528296800,215,377203915200,377203915200,146918,False
715,0.597095495545748,0.8298774740810556,nan,nan,20,6366,10.490260760289036,10.35,10.35,528296800,528296800,207,377732212000,377732212000,147125,False
716,0.6550544428766253,0.8132577546843017,nan,nan,20,6351,10.563218390804598,10.35,10.35,528296800,528296800,207,378260508800,378260508800,147332,False
717,0.6180698319904269,0.8216739537788882,nan,nan,20,6404,10.794503435352905,10.6,10.6,528296800,528296800,212,378788805600,378788805600,147544,False
718,0.5840945349684902,0.8300713093612502,nan,nan,20,6591,10.9804278561675,10.85,10.85,528296800,528296800,217,379317102400,379317102400,147761,False
719,0.5839402441528667,0.8329172907305709,nan,nan,20,6009,10.428523880845399,9.85,9.85,528296800,528296800,197,379845399200,379845399200,147958,False
720,0.6495941778455901,0.8128360215053764,0.6787259965149575,0.8045931610427717,20,5952,10.050235215053764,9.85,9.85,528296800,528296800,197,380373696000,380373696000,148155,False
721,0.6466268091544084,0.8162414540603635,nan,nan,20,5997,10.210772052693013,9.8,9.8,528296800,528296800,196,380901992800,380901992800,148351,False
722,0.6572499550691375,0.8061738424045491,nan,nan,20,6155,10.290333062550772,10.05,10.05,528296800,528296800,201,381430289600,381430289600,148552,False
723,0.6959517964385884,0.800278600034825,nan,nan,20,5743,9.866446108305764,9.45,9.45,528296800,528296800,189,381958586400,381958586400,148741,False
724,0.585210688979987,0.8357448207826373,nan,nan,20,6082,10.279348898388688,10.0,10.0,528296800,528296800,200,382486883200,382486883200,148941,False
725,0.6342653747167797,0.8123086344151867,nan,nan,20,6532,11.338946723821188,10.7,10.7,528296800,528296800,214,383015180000,383015180000,149155,False
726,0.6654868690461769,0.8010494752623688,nan,nan,20,6670,10.978560719640178,10.8,10.8,528296800,528296800,216,383543476800,383543476800,149371,False
727,0.6937759002372306,0.8087127415656731,nan,nan,20,6106,10.16082541762201,9.95,9.95,528296800,528296800,199,384071773600,384071773600,149570,False
728,0.6428693519434014,0.8135823429541595,nan,nan,20,5890,9.84397283531409,9.6,9.6,528296800,528296800,192,384600070400,384600070400,149762,False
729,0.6012284887468657,0.8184272696591293,nan,nan,20,5926,10.086736415794801,9.75,9.75,528296800,528296800,195,385128367200,385128367200,149957,False
730,0.6474749803625649,0.810502649751084,0.6724373653771551,0.8066245344769214,20,6227,10.596756062309298,10.25,10.25,528296800,528296800,205,385656664000,385656664000,150162,False
731,0.6618519686803797,0.8101286979776032,nan,nan,20,5983,9.946180845729568,9.8,9.8,528296800,528296800,196,386184960800,386184960800,150358,False
732,0.5968670455773941,0.8245336705659184,nan,nan,20,6326,10.661555485298768,10.4,10.4,528296800,528296800,208,386713257600,386713257600,150566,False
733,0.609648458694203,0.8188069726531265,nan,nan,20,6253,10.543419158803776,10.25,10.25,528296800,528296800,205,387241554400,387241554400,150771,False
734,0.583518440341265,0.8323895809739524,nan,nan,20,6181,10.544572075715905,10.2,10.2,528296800,528296800,204,387769851200,387769851200,150975,False
735,0.5596463364692928,0.8269708255741776,nan,nan,20,6444,11.050589695841094,10.55,10.55,528296800,528296800,211,388298148000,388298148000,151186,False
736,0.5957916185473857,0.832250341997264,nan,nan,20,5848,9.789671682626537,9.6,9.6,528296800,528296800,192,388826444800,388826444800,151378,False
737,0.585331426966096,0.8280788942382358,nan,nan,20,6439,10.691567013511415,10.5,10.5,528296800,528296800,210,389354741600,389354741600,151588,False
738,0.5940711682138627,0.8301231449321124,nan,nan,20,6334,10.696558257025576,10.4,10.4,528296800,528296800,208,389883038400,389883038400,151796,False
739,0.6386743366701193,0.814181703070592,nan,nan,20,6318,10.554605887939223,10.4,10.4,528296800,528296800,208,390411335200,390411335200,152004,False
740,0.6537664081873099,0.8103391504774449,0.6918322481362145,0.7992890192980476,20,6074,10.228350345735924,9.85,9.85,528296800,528296800,197,390939632000,390939632000,152201,False
741,0.5635320768302193,0.8264339152119701,nan,nan,20,6015,10.273482959268497,9.95,9.95,528296800,528296800,199,391467928800,391467928800,152400,False
742,0.5978748048193403,0.8228805546801135,nan,nan,20,6346,10.494327135203275,10.35,10.35,528296800,528296800,207,391996225600,391996225600,152607,False
743,0.5949460521595543,0.8270595495217525,nan,nan,20,6482,10.75794507867942,10.65,10.65,528296800,528296800,213,392524522400,392524522400,152820,False
744,0.6579591657508971,0.8081882656350742,nan,nan,20,6204,10.341553836234688,10.2,10.2,528296800,528296800,204,393052819200,393052819200,153024,False
745,0.6240801489063893,0.8194778151529714,nan,nan,20,6243,10.25836937369854,10.15,10.15,528296800,528296800,203,393581116000,393581116000,153227,False
746,0.5815741965452005,0.8291862811028917,nan,nan,20,5948,10.243947545393409,9.8,9.8,528296800,528296800,196,394109412800,394109412800,153423,False
747,0.5433764833933258,0.8398970009088155,nan,nan,20,6602,11.245228718570129,10.85,10.85,528296800,528296800,217,394637709600,394637709600,153640,False
748,0.5951919218339892,0.821606026606828,nan,nan,20,6239,10.601378426029813,10.15,10.15,528296800,528296800,203,395166006400,395166006400,153843,False
749,0.5239223684646576,0.8395219123505976,nan,nan,20,6275,10.558725099601594,10.25,10.25,528296800,528296800,205,395694303200,395694303200,154048,False
750,0.5987643540325904,0.8192017951594807,0.6651548556045948,0.8074145130346462,20,6239,10.69177752845007,10.3,10.3,528296800,528296800,206,396222600000,396222600000,154254,False
751,0.5604297157784945,0.8277786898703005,nan,nan,20,6091,10.356591692661302,10.0,10.0,528296800,528296800,200,396750896800,396750896800,154454,False
752,0.5247704833630641,0.8476702508960573,nan,nan,20,6138,10.49446073639622,10.0,10.0,528296800,528296800,200,397279193600,397279193600,154654,False
753,0.6446553504569273,0.8174836601307189,nan,nan,20,6120,10.359803921568627,10.05,10.05,528296800,528296800,201,397807490400,397807490400,154855,False
754,0.6152518749653363,0.8213640098603122,nan,nan,20,6085,10.235332785538208,10.05,10.05,528296800,528296800,201,398335787200,398335787200,155056,False
755,0.6638443613867737,0.8049500081953778,nan,nan,20,6101,10.289952466808721,10.05,10.05,528296800,528296800,201,398864084000,398864084000,155257,False
756,0.563704128348464,0.8334597300166844,nan,nan,20,6593,11.076444714090703,10.7,10.7,528296800,528296800,214,399392380800,399392380800,155471,False
757,0.5155824920185554,0.8493827160493828,nan,nan,20,6480,10.658487654320986,10.5,10.5,528296800,528296800,210,399920677600,399920677600,155681,False
758,0.6129386258348388,0.8215467002677587,nan,nan,20,6349,10.664986612064894,10.5,10.5,528296800,528296800,210,400448974400,400448974400,155891,False
759,0.5534996938676673,0.8384553499597748,nan,nan,20,6215,10.461464199517296,10.15,10.15,528296800,528296800,203,400977271200,400977271200,156094,False
760,0.5634771157449312,0.831925949983761,0.6576017966295739,0.8076966482338337,20,6158,10.159629749918803,9.95,9.95,528296800,528296800,199,401505568000,401505568000,156293,False
761,0.6117481837430054,0.8304347826086956,nan,nan,20,6210,10.369726247987119,10.15,10.15,528296800,528296800,203,402033864800,402033864800,156496,False
762,0.5793753496530856,0.8249754178957719,nan,nan,20,6102,10.134546050475254,10.0,10.0,528296800,528296800,200,402562161600,402562161600,156696,False
763,0.575584158616488,0.8308960796515246,nan,nan,20,6428,10.583385189794647,10.45,10.45,528296800,528296800,209,403090458400,403090458400,156905,False
764,0.6245329130860958,0.8242953431372549,nan,nan,20,6528,10.837928921568626,10.7,10.7,528296800,528296800,214,403618755200,403618755200,157119,False
765,0.6589603463147717,0.804631441617743,nan,nan,20,6132,10.355512067840834,10.0,10.0,528296800,528296800,200,404147052000,404147052000,157319,False
766,0.6471607421274587,0.8044090833747721,nan,nan,20,6033,10.208188297696005,9.9,9.9,528296800,528296800,198,404675348800,404675348800,157517,False
767,0.6380656466977589,0.8144728005372733,nan,nan,20,5956,10.16571524513096,9.8,9.8,528296800,528296800,196,405203645600,405203645600,157713,False
768,0.6109805779744593,0.8252348558471008,nan,nan,20,6174,10.425332037576934,10.15,10.15,528296800,528296800,203,405731942400,405731942400,157916,False
769,0.5888652616182218,0.8294959551960174,nan,nan,20,6428,10.759956440572495,10.45,10.45,528296800,528296800,209,406260239200,406260239200,158125,False
770,0.5573454188840835,0.8306148055207027,0.654846676133742,0.8089380431102584,20,6376,10.633469259723965,10.45,10.45,528296800,528296800,209,406788536000,406788536000,158334,False
771,0.6121178934433075,0.8276351031983614,nan,nan,20,6347,10.724751851268314,10.4,10.4,528296800,528296800,208,407316832800,407316832800,158542,False
772,0.5806367513791817,0.8321646341463415,nan,nan,20,6560,10.953201219512197,10.75,10.75,528296800,528296800,215,407845129600,407845129600,158757,False
773,0.6429329116974277,0.8148548486720197,nan,nan,20,6476,10.964175416924025,10.6,10.6,528296800,528296800,212,408373426400,408373426400,158969,False
774,0.574480978994771,0.831802343997466,nan,nan,20,6314,10.46119733924612,10.35,10.35,528296800,528296800,207,408901723200,408901723200,159176,False
775,0.5588967636819514,0.8423599188387701,nan,nan,20,6407,10.735445606368035,10.55,10.55,528296800,528296800,211,409430020000,409430020000,159387,False
776,0.516689035117932,0.8503866745984533,nan,nan,20,6724,10.979476502082095,10.8,10.8,528296800,528296800,216,409958316800,409958316800,159603,False
777,0.6056322208209655,0.8278028350515464,nan,nan,20,6208,10.460534793814432,10.2,10.2,528296800,528296800,204,410486613600,410486613600,159807,False
778,0.5973892874785305,0.8222045995241871,nan,nan,20,6305,10.529421094369548,10.3,10.3,528296800,528296800,206,411014910400,411014910400,160013,False
779,0.513898127661593,0.8527992277992278,nan,nan,20,6216,10.852638352638355,10.25,10.25,528296800,528296800,205,411543207200,411543207200,160218,False
780,0.6074867834528488,0.8253467843631778,0.6546891065298226,0.811420832863108,20,6344,10.596153846153845,10.35,10.35,528296800,528296800,207,412071504000,412071504000,160425,False
781,0.6217805036703197,0.8259736277215578,nan,nan,20,6522,10.961208218337935,10.75,10.75,528296800,528296800,215,412599800800,412599800800,160640,False
782,0.5322483308611008,0.8423319489309337,nan,nan,20,6501,10.824180895246887,10.65,10.65,528296800,528296800,213,413128097600,413128097600,160853,False
783,0.5374964088888466,0.83744,nan,nan,20,6250,10.799199999999997,10.3,10.3,528296800,528296800,206,413656394400,413656394400,161059,False
784,0.5351070901328343,0.8459214501510574,nan,nan,20,6620,10.994410876132932,10.75,10.75,528296800,528296800,215,414184691200,414184691200,161274,False
785,0.5795490504652717,0.8357223385408278,nan,nan,20,6209,10.70977613142213,10.2,10.2,528296800,528296800,204,414712988000,414712988000,161478,False
786,0.5602923513759509,0.8306208559373116,nan,nan,20,6636,10.970012055455094,10.85,10.85,528296800,528296800,217,415241284800,415241284800,161695,False
787,0.6179914317055133,0.8179696616102684,nan,nan,20,5999,10.21703617269545,9.85,9.85,528296800,528296800,197,415769581600,415769581600,161892,False
788,0.5315066859446497,0.8438765970707386,nan,nan,20,6418,10.645216578373326,10.5,10.5,528296800,528296800,210,416297878400,416297878400,162102,False
789,0.6198085277944235,0.8163488590184432,nan,nan,20,6398,10.656611441075334,10.5,10.5,528296800,528296800,210,416826175200,416826175200,162312,False
790,0.584519936624566,0.8309473042948523,0.6371320862356259,0.8144678930143324,20,6566,10.754645141638747,10.65,10.65,528296800,528296800,213,417354472000,417354472000,162525,False
791,0.6330008976022728,0.8168460618486246,nan,nan,20,5853,9.949598496497522,9.6,9.6,528296800,528296800,192,417882768800,417882768800,162717,False
792,0.5791193200659368,0.8298309369568653,nan,nan,20,6329,10.613999051982935,10.45,10.45,528296800,528296800,209,418411065600,418411065600,162926,False
793,0.604674155640628,0.8316263190564867,nan,nan,20,6444,10.831626319056488,10.5,10.5,528296800,528296800,210,418939362400,418939362400,163136,False
794,0.5815771091233466,0.8280305440661788,nan,nan,20,6286,10.54597518294623,10.2,10.2,528296800,528296800,204,419467659200,419467659200,163340,False
795,0.6011006991518231,0.8226984900146128,nan,nan,20,6159,10.356551388212372,10.1,10.1,528296800,528296800,202,419995956000,419995956000,163542,False
796,0.5380656649862633,0.8403569657907783,nan,nan,20,6051,10.37316146091555,9.95,9.95,528296800,528296800,199,420524252800,420524252800,163741,False
797,0.5108088307955216,0.8465184700882641,nan,nan,20,6118,10.36466165413534,10.05,10.05,528296800,528296800,201,421052549600,421052549600,163942,False
798,0.5231334410420424,0.8422476918178924,nan,nan,20,6282,10.670646290990128,10.25,10.25,528296800,528296800,205,421580846400,421580846400,164147,False
799,0.5512887893193937,0.833306175655858,nan,nan,20,6137,10.206126772038456,10.05,10.05,528296800,528296800,201,422109143200,422109143200,164348,False
800,0.6089314913974057,0.8202139549736548,0.6305943695003676,0.8171199638866945,20,6263,10.611847357496407,10.35,10.35,528296800,528296800,207,422637440000,422637440000,164555,False
801,0.497734983048217,0.8494238554967299,nan,nan,20,6422,10.665369043911554,10.5,10.5,528296800,528296800,210,423165736800,423165736800,164765,False
802,0.5237276047262588,0.8432110379429288,nan,nan,20,6378,10.733301975540922,10.5,10.5,528296800,528296800,210,423694033600,423694033600,164975,False
803,0.5437488193924573,0.8331475879637,nan,nan,20,6281,10.466804648941253,10.25,10.25,528296800,528296800,205,424222330400,424222330400,165180,False
804,0.5600476726901541,0.833146517213771,nan,nan,20,6245,10.388791032826262,10.2,10.2,528296800,528296800,204,424750627200,424750627200,165384,False
805,0.5209648083717637,0.845023282887078,nan,nan,20,6872,11.198050058207219,11.15,11.15,528296800,528296800,223,425278924000,425278924000,165607,False
806,0.5238852792511253,0.847478665632273,nan,nan,20,6445,10.683785880527541,10.5,10.5,528296800,528296800,210,425807220800,425807220800,165817,False
807,0.6098105912970612,0.8249880019196929,nan,nan,20,6251,10.429051351783714,10.3,10.3,528296800,528296800,206,426335517600,426335517600,166023,False
808,0.4612855881223628,0.8633181126331811,nan,nan,20,6570,10.786453576864536,10.65,10.65,528296800,528296800,213,426863814400,426863814400,166236,False
809,0.5714486086979391,0.8269799825935596,nan,nan,20,5745,9.803655352480417,9.4,9.4,528296800,528296800,188,427392111200,427392111200,166424,False
810,0.5601703107706552,0.8336808340016039,0.6481931909873381,0.8080352104728586,20,6235,10.534723336006417,10.25,10.25,528296800,528296800,205,427920408000,427920408000,166629,False
811,0.6501883953350804,0.8082235275440546,nan,nan,20,6299,10.69455469122083,10.3,10.3,528296800,528296800,206,428448704800,428448704800,166835,False
812,0.5356807337335435,0.842097241274196,nan,nan,20,6561,10.896204846822128,10.8,10.8,528296800,528296800,216,428977001600,428977001600,167051,False
813,0.5920731423999721,0.8197064989517819,nan,nan,20,6201,10.436219964521852,10.15,10.15,528296800,528296800,203,429505298400,429505298400,167254,False
814,0.5169368697324359,0.8506822014410548,nan,nan,20,6523,11.019009658132761,10.65,10.65,528296800,528296800,213,430033595200,430033595200,167467,False
815,0.548385986783026,0.8379951495553759,nan,nan,20,6185,10.576879547291835,10.2,10.2,528296800,528296800,204,430561892000,430561892000,167671,False
816,0.5947539032202542,0.8234519104084321,nan,nan,20,6072,10.315382081686431,9.95,9.95,528296800,528296800,199,431090188800,431090188800,167870,False
817,0.6061207492682092,0.8274545732172851,nan,nan,20,6549,10.765002290426017,10.65,10.65,528296800,528296800,213,431618485600,431618485600,168083,False
818,0.5523391955344668,0.8338953232663833,nan,nan,20,6821,11.34027268728925,11.05,11.05,528296800,528296800,221,432146782400,432146782400,168304,False
819,0.49505511312691985,0.854565772669221,nan,nan,20,6264,10.57391443167305,10.25,10.25,528296800,528296800,205,432675079200,432675079200,168509,False
820,0.545334926317009,0.8393096514745308,0.6432779443652806,0.8077530752736711,20,5968,9.981065683646113,9.85,9.85,528296800,528296800,197,433203376000,433203376000,168706,False
821,0.5675328814171688,0.8293683347005743,nan,nan,20,6095,10.551927809680066,10.05,10.05,528296800,528296800,201,433731672800,433731672800,168907,False
822,0.6182143209528133,0.81798282539148,nan,nan,20,5939,10.025425155750126,9.75,9.75,528296800,528296800,195,434259969600,434259969600,169102,False
823,0.5234363879812867,0.8479806138933764,nan,nan,20,6190,10.482875605815831,10.2,10.2,528296800,528296800,204,434788266400,434788266400,169306,False
824,0.48360711973075693,0.8548861700480099,nan,nan,20,6457,10.796499922564658,10.65,10.65,528296800,528296800,213,435316563200,435316563200,169519,False
825,0.5437081978195529,0.8412470023980816,nan,nan,20,6255,10.456434852118308,10.2,10.2,528296800,528296800,204,435844860000,435844860000,169723,False
826,0.5850484928622911,0.8331895808176643,nan,nan,20,5797,9.945661549077109,9.45,9.45,528296800,528296800,189,436373156800,436373156800,169912,False
827,0.5106209820144739,0.8469674433977855,nan,nan,20,6051,10.24260452817716,10.0,10.0,528296800,528296800,200,436901453600,436901453600,170112,False
828,0.5605670204222617,0.8373633653527658,nan,nan,20,6038,10.39963564094071,9.9,9.9,528296800,528296800,198,437429750400,437429750400,170310,False
829,0.5628422804364113,0.8327214684756584,nan,nan,20,6265,10.366001596169195,10.2,10.2,528296800,528296800,204,437958047200,437958047200,170514,False
830,0.5261781482290215,0.8397334179625515,0.6211880161953005,0.8172328179663695,20,6302,10.581402729292288,10.4,10.4,528296800,528296800,208,438486344000,438486344000,170722,False
831,0.5982270817184273,0.8273800398589606,nan,nan,20,6523,10.785068220144105,10.65,10.65,528296800,528296800,213,439014640800,439014640800,170935,False
832,0.47992834309351007,0.8521180608655757,nan,nan,20,6539,11.114237651016973,10.7,10.7,528296800,528296800,214,439542937600,439542937600,171149,False
833,0.528122293725219,0.8407898796667695,nan,nan,20,6482,10.75840789879667,10.65,10.65,528296800,528296800,213,440071234400,440071234400,171362,False
834,0.5603661604080192,0.8410858624370902,nan,nan,20,6557,10.810279091047734,10.65,10.65,528296800,528296800,213,440599531200,440599531200,171575,False
835,0.46453945668085944,0.8607941579187586,nan,nan,20,6573,10.91145595618439,10.75,10.75,528296800,528296800,215,441127828000,441127828000,171790,False
836,0.5368357816643994,0.8416453216814826,nan,nan,20,6637,10.978152779870424,10.85,10.85,528296800,528296800,217,441656124800,441656124800,172007,False
837,0.5323279515377628,0.8336949783013019,nan,nan,20,6452,10.670179789212645,10.45,10.45,528296800,528296800,209,442184421600,442184421600,172216,False
838,0.5209097389713787,0.8515180265654649,nan,nan,20,6324,10.620809614168246,10.4,10.4,528296800,528296800,208,442712718400,442712718400,172424,False
839,0.5828839325605408,0.8261075949367088,nan,nan,20,6320,10.512974683544302,10.25,10.25,528296800,528296800,205,443241015200,443241015200,172629,False
840,0.598032763170984,0.8281422924901186,0.6100809145304705,0.8227062408306061,20,6325,10.576126482213438,10.35,10.35,528296800,528296800,207,443769312000,443769312000,172836,False
841,0.5051238426345523,0.8510064986527184,nan,nan,20,6309,10.584878744650497,10.3,10.3,528296800,528296800,206,444297608800,444297608800,173042,False
842,0.573789097603609,0.8296319304239789,nan,nan,20,6439,10.697468551017241,10.5,10.5,528296800,528296800,210,444825905600,444825905600,173252,False
843,0.4994027988195973,0.8469403563129357,nan,nan,20,6455,10.730286599535244,10.6,10.6,528296800,528296800,212,445354202400,445354202400,173464,False
844,0.5439115012420329,0.83656117146906,nan,nan,20,6351,10.649661470634546,10.4,10.4,528296800,528296800,208,445882499200,445882499200,173672,False
845,0.5797728943495837,0.8227085315572471,nan,nan,20,6306,10.299238820171263,10.2,10.2,528296800,528296800,204,446410796000,446410796000,173876,False
846,0.6023081319970452,0.8283926218708827,nan,nan,20,6072,10.46195652173913,9.95,9.95,528296800,528296800,199,446939092800,446939092800,174075,False
847,0.5559353876726812,0.8413602342987309,nan,nan,20,6146,10.308493328994468,10.1,10.1,528296800,528296800,202,447467389600,447467389600,174277,False
848,0.5036156315543654,0.8534897713598074,nan,nan,20,6648,10.98977135980746,10.85,10.85,528296800,528296800,217,447995686400,447995686400,174494,False
849,0.5801454646833174,0.8262428687856561,nan,nan,20,6135,10.43276283618582,10.0,10.0,528296800,528296800,200,448523983200,448523983200,174694,False
850,0.5449174301352067,0.8375132462027552,0.6156437685440954,0.8192077643606817,20,5662,9.728717767573295,9.3,9.3,528296800,528296800,186,449052280000,449052280000,174880,False
851,0.5242265663067464,0.838173018753781,nan,nan,20,6612,11.158802177858437,10.8,10.8,528296800,528296800,216,449580576800,449580576800,175096,False
852,0.5012579885552175,0.843705910017244,nan,nan,20,6379,10.548988869728797,10.4,10.4,528296800,528296800,208,450108873600,450108873600,175304,False
853,0.5820806153332957,0.8273856311900645,nan,nan,20,6361,10.576796101241943,10.45,10.45,528296800,528296800,209,450637170400,450637170400,175513,False
854,0.6069756800183808,0.8234347336230484,nan,nan,20,6213,10.232093996459037,10.1,10.1,528296800,528296800,202,451165467200,451165467200,175715,False
855,0.5045149317228435,0.8481765534512443,nan,nan,20,6389,10.768038816716231,10.45,10.45,528296800,528296800,209,451693764000,451693764000,175924,False
856,0.48121938871266284,0.8605962933118453,nan,nan,20,6205,10.305721192586624,10.0,10.0,528296800,528296800,200,452222060800,452222060800,176124,False
857,0.5381899918723102,0.8432315859323158,nan,nan,20,6028,10.091572660915727,9.8,9.8,528296800,528296800,196,452750357600,452750357600,176320,False
858,0.5020462399929707,0.8454258675078864,nan,nan,20,6023,10.3209364104267,9.85,9.85,528296800,528296800,197,453278654400,453278654400,176517,False
859,0.48441969427659964,0.8595450049455984,nan,nan,20,6066,10.491757335970984,9.9,9.9,528296800,528296800,198,453806951200,453806951200,176715,False
860,0.5372738066008159,0.8397594077729796,0.6012948001094306,0.8241733438663807,20,6484,10.885256014805679,10.7,10.7,528296800,528296800,214,454335248000,454335248000,176929,False
861,0.5703859885622391,0.8355399585260808,nan,nan,20,6269,10.381560057425427,10.2,10.2,528296800,528296800,204,454863544800,454863544800,177133,False
862,0.4858905986007401,0.859504132231405,nan,nan,20,6655,10.96153268219384,10.85,10.85,528296800,528296800,217,455391841600,455391841600,177350,False
863,0.5115469281787492,0.850554675118859,nan,nan,20,6310,10.735182250396194,10.25,10.25,528296800,528296800,205,455920138400,455920138400,177555,False
864,0.5008748198112514,0.8490220048899756,nan,nan,20,6544,10.82411369193154,10.7,10.7,528296800,528296800,214,456448435200,456448435200,177769,False
865,0.4921819924048911,0.8511931904544764,nan,nan,20,6579,10.882352941176471,10.7,10.7,528296800,528296800,214,456976732000,456976732000,177983,False
866,0.5611014098812173,0.838023560209424,nan,nan,20,6112,10.466623036649214,10.1,10.1,528296800,528296800,202,457505028800,457505028800,178185,False
867,0.5339270527267016,0.8454149782380309,nan,nan,20,6663,11.120966531592376,10.95,10.95,528296800,528296800,219,458033325600,458033325600,178404,False
868,0.5187367083254272,0.8467069782644223,nan,nan,20,6119,10.192024840660237,9.95,9.95,528296800,528296800,199,458561622400,458561622400,178603,False
869,0.6511747638447545,0.8036357680969538,nan,nan,20,6106,10.827546675401246,10.05,10.05,528296800,528296800,201,459089919200,459089919200,178804,False
870,0.5561664671838329,0.8380984042553191,0.6001239885004201,0.8255275928224806,20,6016,10.094581117021278,9.95,9.95,528296800,528296800,199,459618216000,459618216000,179003,False
871,0.5395922794216262,0.8407413482040348,nan,nan,20,6097,10.540593734623585,10.05,10.05,528296800,528296800,201,460146512800,460146512800,179204,False
872,0.5363979181577324,0.839819877774204,nan,nan,20,6218,10.31907365712448,10.15,10.15,528296800,528296800,203,460674809600,460674809600,179407,False
873,0.5357126971221303,0.8394102726696259,nan,nan,20,6308,10.651553582752062,10.4,10.4,528296800,528296800,208,461203106400,461203106400,179615,False
874,0.5078723258739769,0.8508278145695364,nan,nan,20,6040,10.375662251655628,10.0,10.0,528296800,528296800,200,461731403200,461731403200,179815,False
875,0.5876775148439976,0.8282539682539682,nan,nan,20,6300,10.41126984126984,10.3,10.3,528296800,528296800,206,462259700000,462259700000,180021,False
876,0.5890332301231443,0.8210510644633021,nan,nan,20,6717,11.125055828494867,11.0,11.0,528296800,528296800,220,462787996800,462787996800,180241,False
877,0.6545745839505306,0.8086592178770949,nan,nan,20,5728,9.679294692737429,9.4,9.4,528296800,528296800,188,463316293600,463316293600,180429,False
878,0.48843810142692407,0.8532488114104596,nan,nan,20,6310,10.487797147385102,10.3,10.3,528296800,528296800,206,463844590400,463844590400,180635,False
879,0.5043563004545267,0.8488353915898077,nan,nan,20,6397,10.567922463654838,10.4,10.4,528296800,528296800,208,464372887200,464372887200,180843,False
880,0.5580189321429125,0.832051483283629,0.5967454349344867,0.8271075499379302,20,6371,10.545754198712917,10.45,10.45,528296800,528296800,209,464901184000,464901184000,181052,False
881,0.505402346000162,0.8505171299288946,nan,nan,20,6188,10.263736263736265,10.1,10.1,528296800,528296800,202,465429480800,465429480800,181254,False
882,0.5355746006886534,0.8383316097897276,nan,nan,20,5802,9.955360220613583,9.55,9.55,528296800,528296800,191,465957777600,465957777600,181445,False
883,0.5419941364505659,0.8361232005356545,nan,nan,20,5974,10.07348510210914,9.75,9.75,528296800,528296800,195,466486074400,466486074400,181640,False
884,0.5480501536244211,0.8378594249201278,nan,nan,20,6260,10.489137380191695,10.15,10.15,528296800,528296800,203,467014371200,467014371200,181843,False
885,0.5135679135180138,0.8504167953071936,nan,nan,20,6478,10.78450138931769,10.6,10.6,528296800,528296800,212,467542668000,467542668000,182055,False
886,0.48274333189614754,0.8500081340491297,nan,nan,20,6147,10.210834553440701,10.0,10.0,528296800,528296800,200,468070964800,468070964800,182255,False
887,0.6281482405447952,0.8189713896457765,nan,nan,20,5872,9.941416893732967,9.65,9.65,528296800,528296800,193,468599261600,468599261600,182448,False
888,0.5828507337030687,0.8197579326136736,nan,nan,20,6114,10.376512921164542,10.1,10.1,528296800,528296800,202,469127558400,469127558400,182650,False
889,0.532804767455578,0.8405537459283388,nan,nan,20,6140,10.249185667752444,10.05,10.05,528296800,528296800,201,469655855200,469655855200,182851,False
890,0.5107556080803196,0.8496888463379607,0.5874567811543725,0.828574652973705,20,6267,10.629328227221956,10.35,10.35,528296800,528296800,207,470184152000,470184152000,183058,False
891,0.5839349115221298,0.8318697110011177,nan,nan,20,6263,10.692798978125497,10.3,10.3,528296800,528296800,206,470712448800,470712448800,183264,False
892,0.4861719706027765,0.8541472506989748,nan,nan,20,6438,10.707983845914882,10.6,10.6,528296800,528296800,212,471240745600,471240745600,183476,False
893,0.48441004245463065,0.85181598062954,nan,nan,20,6195,10.382243744955609,10.15,10.15,528296800,528296800,203,471769042400,471769042400,183679,False
894,0.48275495968739396,0.8556124825337681,nan,nan,20,6441,10.816643378357394,10.65,10.65,528296800,528296800,213,472297339200,472297339200,183892,False
895,0.5382703274669748,0.8409795412275264,nan,nan,20,6452,10.860043397396156,10.65,10.65,528296800,528296800,213,472825636000,472825636000,184105,False
896,0.47263269119553936,0.8631790744466801,nan,nan,20,6461,10.703606252902027,10.55,10.55,528296800,528296800,211,473353932800,473353932800,184316,False
897,0.5065942825057297,0.8492372606296656,nan,nan,20,6162,10.338851022395328,10.0,10.0,528296800,528296800,200,473882229600,473882229600,184516,False
898,0.47099948222662946,0.8624831106440475,nan,nan,20,6661,11.25656808287044,10.9,10.9,528296800,528296800,218,474410526400,474410526400,184734,False
899,0.5091449465455526,0.847493563531728,nan,nan,20,6603,10.867484476752992,10.75,10.75,528296800,528296800,215,474938823200,474938823200,184949,False
900,0.5903235137548091,0.8258444869343531,0.5831879971326306,0.8293646315314298,20,6276,10.386073932441043,10.25,10.25,528296800,528296800,205,475467120000,475467120000,185154,False
901,0.5168018192065014,0.8470838098349943,nan,nan,20,6121,10.530632249632413,10.05,10.05,528296800,528296800,201,475995416800,475995416800,185355,False
902,0.4731212282510797,0.8555933300955156,nan,nan,20,6177,10.235065565808647,10.05,10.05,528296800,528296800,201,476523713600,476523713600,185556,False
903,0.5137135140552694,0.8473063436404208,nan,nan,20,6274,10.586866432897672,10.45,10.45,528296800,528296800,209,477052010400,477052010400,185765,False
904,0.5200637629531886,0.8445733222866612,nan,nan,20,6035,9.973322286661142,9.85,9.85,528296800,528296800,197,477580307200,477580307200,185962,False
905,0.5736247793426865,0.8328767123287671,nan,nan,20,5840,10.013013698630136,9.7,9.7,528296800,528296800,194,478108604000,478108604000,186156,False
906,0.5761672065585143,0.8344806007509387,nan,nan,20,6392,10.768460575719649,10.5,10.5,528296800,528296800,210,478636900800,478636900800,186366,False
907,0.5141290906149735,0.8467164891079663,nan,nan,20,6289,10.559548417872474,10.3,10.3,528296800,528296800,206,479165197600,479165197600,186572,False
908,0.5772887701309414,0.833582461385152,nan,nan,20,6021,10.242650722471348,9.85,9.85,528296800,528296800,197,479693494400,479693494400,186769,False
909,0.5066335790794768,0.8501613646841862,nan,nan,20,6507,10.836637467342861,10.65,10.65,528296800,528296800,213,480221791200,480221791200,186982,False
910,0.5329888519757287,0.840317296085532,0.5869731822894774,0.8262611443403679,20,5799,9.993447146059665,9.6,9.6,528296800,528296800,192,480750088000,480750088000,187174,False
911,0.5071525405276275,0.8548100242522231,nan,nan,20,6185,10.56507679870655,10.25,10.25,528296800,528296800,205,481278384800,481278384800,187379,False
912,0.6147251971511565,0.8144750254841998,nan,nan,20,5886,9.992014950730546,9.8,9.8,528296800,528296800,196,481806681600,481806681600,187575,False
913,0.48566056766865817,0.8554310613134143,nan,nan,20,6426,10.65686274509804,10.45,10.45,528296800,528296800,209,482334978400,482334978400,187784,False
914,0.50388425356155,0.8519961051606622,nan,nan,20,6162,10.36530347289841,10.1,10.1,528296800,528296800,202,482863275200,482863275200,187986,False
915,0.47174770984009623,0.8555995130858186,nan,nan,20,6572,10.779367011564213,10.65,10.65,528296800,528296800,213,483391572000,483391572000,188199,False
916,0.559797451602276,0.837037037037037,nan,nan,20,6345,10.66950354609929,10.4,10.4,528296800,528296800,208,483919868800,483919868800,188407,False
917,0.48788221665639686,0.8628212791392708,nan,nan,20,6692,10.957411835026898,10.85,10.85,528296800,528296800,217,484448165600,484448165600,188624,False
918,0.47952594330753023,0.8487677942752181,nan,nan,20,6533,10.946885045155364,10.75,10.75,528296800,528296800,215,484976462400,484976462400,188839,False
919,0.498559536477019,0.8502639577667573,nan,nan,20,6251,10.446968485042392,10.3,10.3,528296800,528296800,206,485504759200,485504759200,189045,False
920,0.4938498938911115,0.853065196237431,0.5830436017292373,0.8293646315314298,20,6166,10.263704184236133,10.05,10.05,528296800,528296800,201,486033056000,486033056000,189246,False
921,0.5541031348101538,0.8379629629629629,nan,nan,20,6264,10.492656449553001,10.3,10.3,528296800,528296800,206,486561352800,486561352800,189452,False
922,0.6485875019596683,0.8078125,nan,nan,20,5760,9.793055555555556,9.45,9.45,528296800,528296800,189,487089649600,487089649600,189641,False
923,0.46290314592541804,0.8632953181272509,nan,nan,20,6664,10.957232893157263,10.8,10.8,528296800,528296800,216,487617946400,487617946400,189857,False
924,0.565320579552588,0.8275116433799069,nan,nan,20,6012,10.16833000665336,9.95,9.95,528296800,528296800,199,488146243200,488146243200,190056,False
925,0.47534996917381517,0.8576444302585381,nan,nan,20,6266,10.484838812639643,10.25,10.25,528296800,528296800,205,488674540000,488674540000,190261,False
926,0.5350571285081657,0.8353558543784847,nan,nan,20,6098,10.293046900623155,10.0,10.0,528296800,528296800,200,489202836800,489202836800,190461,False
927,0.5564755002966792,0.8392857142857143,nan,nan,20,6104,10.25032765399738,10.0,10.0,528296800,528296800,200,489731133600,489731133600,190661,False
928,0.4559454442795163,0.8642384105960265,nan,nan,20,6342,10.493062125512456,10.35,10.35,528296800,528296800,207,490259430400,490259430400,190868,False
929,0.5149267315058224,0.845021645021645,nan,nan,20,5775,9.98112554112554,9.5,9.5,528296800,528296800,190,490787727200,490787727200,191058,False
930,0.5429566342742987,0.83810888252149,0.5773777570779377,0.8304931723281797,20,6282,10.480579433301498,10.35,10.35,528296800,528296800,207,491316024000,491316024000,191265,False
931,0.5690003389022366,0.8297626895187871,nan,nan,20,6068,10.274225444957152,10.0,10.0,528296800,528296800,200,491844320800,491844320800,191465,False
932,0.5850849429646093,0.8265627590780965,nan,nan,20,6031,10.120543856740177,9.85,9.85,528296800,528296800,197,492372617600,492372617600,191662,False
933,0.6155266984826275,0.8296739853626082,nan,nan,20,6012,10.103127079174985,9.85,9.85,528296800,528296800,197,492900914400,492900914400,191859,False
934,0.5103508568852001,0.8504308242562185,nan,nan,20,6151,10.384652901967161,10.0,10.0,528296800,528296800,200,493429211200,493429211200,192059,False
935,0.5430705546758906,0.8376123234916559,nan,nan,20,6232,10.548299101412066,10.25,10.25,528296800,528296800,205,493957508000,493957508000,192264,False
936,0.5536155580427208,0.8360379669320269,nan,nan,20,6532,10.972443355786895,10.75,10.75,528296800,528296800,215,494485804800,494485804800,192479,False
937,0.49783668083347743,0.848051539912005,nan,nan,20,6364,10.463544940289129,10.35,10.35,528296800,528296800,207,495014101600,495014101600,192686,False
938,0.4326442269122855,0.8669826224328594,nan,nan,20,6330,10.558451816745654,10.3,10.3,528296800,528296800,206,495542398400,495542398400,192892,False
939,0.45761329022753794,0.8617786621766417,nan,nan,20,6533,10.86912597581509,10.65,10.65,528296800,528296800,213,496070695200,496070695200,193105,False
940,0.6424447058675432,0.8140068886337543,0.5697246311399983,0.8332016702403792,20,6097,10.457602099393144,10.1,10.1,528296800,528296800,202,496598992000,496598992000,193307,False
941,0.443885383882795,0.8659268146370726,nan,nan,20,6668,10.982003599280144,10.85,10.85,528296800,528296800,217,497127288800,497127288800,193524,False
942,0.5219911333675052,0.8516969599485282,nan,nan,20,6217,10.539327649991957,10.25,10.25,528296800,528296800,205,497655585600,497655585600,193729,False
943,0.455379577291187,0.8629302467255558,nan,nan,20,6566,10.90191897654584,10.65,10.65,528296800,528296800,213,498183882400,498183882400,193942,False
944,0.5285469990205295,0.8463949843260188,nan,nan,20,6699,11.378713240782206,11.05,11.05,528296800,528296800,221,498712179200,498712179200,194163,False
945,0.567217838792085,0.832468145351581,nan,nan,20,6357,10.49331445650464,10.4,10.4,528296800,528296800,208,499240476000,499240476000,194371,False
946,0.527168446816326,0.8421486241555446,nan,nan,20,6069,10.11270390509145,9.85,9.85,528296800,528296800,197,499768772800,499768772800,194568,False
947,0.4714988225145701,0.8572528487834925,nan,nan,20,6494,10.713427779488757,10.55,10.55,528296800,528296800,211,500297069600,500297069600,194779,False
948,0.5171266153161375,0.8461910910264687,nan,nan,20,6196,10.35409941897999,10.1,10.1,528296800,528296800,202,500825366400,500825366400,194981,False
949,0.47326299347087464,0.8648692023752207,nan,nan,20,6231,10.686727652062268,10.3,10.3,528296800,528296800,206,501353663200,501353663200,195187,False
950,0.5480732537436214,0.8374960480556434,0.5677270973701399,0.8348380543956664,20,6326,10.727631994941513,10.4,10.4,528296800,528296800,208,501881960000,501881960000,195395,False
951,0.577305636957896,0.8276466836734694,nan,nan,20,6272,10.404017857142858,10.2,10.2,528296800,528296800,204,502410256800,502410256800,195599,False
952,0.5416651896559188,0.8366288492706645,nan,nan,20,6170,10.580388978930312,10.2,10.2,528296800,528296800,204,502938553600,502938553600,195803,False
953,0.49519252653763607,0.8504251258025334,nan,nan,20,5763,9.891202498698592,9.6,9.6,528296800,528296800,192,503466850400,503466850400,195995,False
954,0.4915578540622019,0.8555294117647059,nan,nan,20,6375,10.437019607843139,10.25,10.25,528296800,528296800,205,503995147200,503995147200,196200,False
955,0.48396496695302677,0.8571889624011618,nan,nan,20,6197,10.405357431015007,10.1,10.1,528296800,528296800,202,504523444000,504523444000,196402,False
956,0.4822217705821983,0.8581145207212907,nan,nan,20,6322,10.664188547927871,10.4,10.4,528296800,528296800,208,505051740800,505051740800,196610,False
957,0.49352664251082606,0.8549347931090001,nan,nan,20,6211,10.570922556754144,10.2,10.2,528296800,528296800,204,505580037600,505580037600,196814,False
958,0.4846452885803861,0.8548704741705803,nan,nan,20,6601,10.944250871080138,10.85,10.85,528296800,528296800,217,506108334400,506108334400,197031,False
959,0.4888329512066655,0.8538686605981795,nan,nan,20,6152,10.41514954486346,10.2,10.2,528296800,528296800,204,506636631200,506636631200,197235,False
960,0.5540594274697812,0.8343273691186216,0.5642681334387596,0.8342737839972915,20,6036,10.104373757455269,9.95,9.95,528296800,528296800,199,507164928000,507164928000,197434,False
961,0.5416556611274429,0.8374482187241094,nan,nan,20,6035,10.224689312344656,9.85,9.85,528296800,528296800,197,507693224800,507693224800,197631,False
962,0.4976079180742702,0.8444372574385511,nan,nan,20,6184,10.364327296248383,10.1,10.1,528296800,528296800,202,508221521600,508221521600,197833,False
963,0.4287290587933868,0.8715652979314603,nan,nan,20,6478,10.99058351343007,10.6,10.6,528296800,528296800,212,508749818400,508749818400,198045,False
964,0.5208778637109184,0.8451842275371687,nan,nan,20,6188,10.49967679379444,10.25,10.25,528296800,528296800,205,509278115200,509278115200,198250,False
965,0.44555561720629805,0.8607420980302336,nan,nan,20,6549,11.019239578561614,10.75,10.75,528296800,528296800,215,509806412000,509806412000,198465,False
966,0.5141219190611634,0.8473744478979225,nan,nan,20,6113,10.149681007688534,10.0,10.0,528296800,528296800,200,510334708800,510334708800,198665,False
967,0.49627897598913084,0.8538425997227784,nan,nan,20,6493,10.859079008162638,10.65,10.65,528296800,528296800,213,510863005600,510863005600,198878,False
968,0.4637351623674084,0.8616797110174593,nan,nan,20,6644,11.03476821192053,10.85,10.85,528296800,528296800,217,511391302400,511391302400,199095,False
969,0.4686759417251925,0.8586707410236822,nan,nan,20,6545,10.946982429335367,10.8,10.8,528296800,528296800,216,511919599200,511919599200,199311,False
970,0.5138626490011383,0.8439704675963905,0.563304932112619,0.8349509084753414,20,6095,10.245118949958982,10.05,10.05,528296800,528296800,201,512447896000,512447896000,199512,False
971,0.4747861591963159,0.8570712973785273,nan,nan,20,5989,10.145099348806145,9.85,9.85,528296800,528296800,197,512976192800,512976192800,199709,False
972,0.46432993243165616,0.856966326845845,nan,nan,20,6474,10.686746987951805,10.5,10.5,528296800,528296800,210,513504489600,513504489600,199919,False
973,0.42497893230718714,0.8655219571493694,nan,nan,20,6581,10.92721470901079,10.75,10.75,528296800,528296800,215,514032786400,514032786400,200134,False
974,0.41770251488541754,0.8722830160395743,nan,nan,20,6671,10.935391995203119,10.85,10.85,528296800,528296800,217,514561083200,514561083200,200351,False
975,0.5447096865462848,0.8398513251454428,nan,nan,20,6188,10.420976082740786,10.2,10.2,528296800,528296800,204,515089380000,515089380000,200555,False
976,0.5593201755099253,0.8331386617720674,nan,nan,20,5993,10.066744535291173,9.85,9.85,528296800,528296800,197,515617676800,515617676800,200752,False
977,0.48883919605765386,0.8556397957604828,nan,nan,20,6463,10.73356026613028,10.55,10.55,528296800,528296800,211,516145973600,516145973600,200963,False
978,0.4415221922276957,0.8606570385653071,nan,nan,20,6301,10.417394064434218,10.25,10.25,528296800,528296800,205,516674270400,516674270400,201168,False
979,0.48973003034195844,0.8551351351351352,nan,nan,20,6475,10.622084942084944,10.5,10.5,528296800,528296800,210,517202567200,517202567200,201378,False
980,0.5041585125485055,0.8506808577242135,0.5595173189325509,0.8367001467103036,20,6389,10.474096102676477,10.35,10.35,528296800,528296800,207,517730864000,517730864000,201585,False
981,0.45787402746808475,0.8673857868020305,nan,nan,20,6304,10.699397208121825,10.35,10.35,528296800,528296800,207,518259160800,518259160800,201792,False
982,0.5893855151114048,0.8330536912751678,nan,nan,20,5960,10.09697986577181,9.85,9.85,528296800,528296800,197,518787457600,518787457600,201989,False
983,0.46988807921721176,0.8560064935064935,nan,nan,20,6160,10.250649350649352,10.05,10.05,528296800,528296800,201,519315754400,519315754400,202190,False
984,0.5254913115168625,0.8449848024316109,nan,nan,20,6251,10.559750439929612,10.25,10.25,528296800,528296800,205,519844051200,519844051200,202395,False
985,0.464848606317578,0.8570980392156863,nan,nan,20,6375,10.586509803921567,10.4,10.4,528296800,528296800,208,520372348000,520372348000,202603,False
986,0.4720019418444531,0.8584683126277717,nan,nan,20,6359,10.827803113697122,10.45,10.45,528296800,528296800,209,520900644800,520900644800,202812,False
987,0.4811906548000228,0.8554830494986472,nan,nan,20,6283,10.568836543052681,10.25,10.25,528296800,528296800,205,521428941600,521428941600,203017,False
988,0.44743771381590075,0.8625429553264605,nan,nan,20,6402,10.639643861293347,10.45,10.45,528296800,528296800,209,521957238400,521957238400,203226,False
989,0.5192238376729978,0.8399079552925707,nan,nan,20,6084,10.26890203813281,10.0,10.0,528296800,528296800,200,522485535200,522485535200,203426,False
990,0.4650480746218841,0.8586523736600307,0.5566453915890258,0.8370387089493285,20,6530,10.847166921898928,10.7,10.7,528296800,528296800,214,523013832000,523013832000,203640,False
991,0.47627728808689385,0.8597746650426309,nan,nan,20,6568,10.839068209500605,10.65,10.65,528296800,528296800,213,523542128800,523542128800,203853,False
992,0.4507183407773011,0.868626177330302,nan,nan,20,6158,10.379993504384542,10.15,10.15,528296800,528296800,203,524070425600,524070425600,204056,False
993,0.49905821024703517,0.8477751756440282,nan,nan,20,5978,10.194881231180997,9.75,9.75,528296800,528296800,195,524598722400,524598722400,204251,False
994,0.4885491243159622,0.8406758250434233,nan,nan,20,6333,10.889941575872413,10.4,10.4,528296800,528296800,208,525127019200,525127019200,204459,False
995,0.6073515175084248,0.8290289256198347,nan,nan,20,5808,9.957472451790634,9.65,9.65,528296800,528296800,193,525655316000,525655316000,204652,False
996,0.4558180782115782,0.8644790812141099,nan,nan,20,6095,10.397374897456931,10.05,10.05,528296800,528296800,201,526183612800,526183612800,204853,False
997,0.4868577198403141,0.8566324251898169,nan,nan,20,6717,11.046002679767755,11.0,11.0,528296800,528296800,220,526711909600,526711909600,205073,False
998,0.517887619332024,0.8432432432432433,nan,nan,20,6290,10.295548489666137,10.2,10.2,528296800,528296800,204,527240206400,527240206400,205277,False
999,0.4954527167501197,0.8503380454824832,nan,nan,20,6508,11.105562384757222,10.8,10.8,528296800,528296800,216,527768503200,527768503200,205493,False
1000,0.4780996930789245,0.8551545557533582,0.5485874280449553,0.8376594063875409,20,6179,10.381938825052597,10.15,10.15,528296800,528296800,203,528296800000,528296800000,205696,True
