round,train_loss,train_accuracy,test_loss,test_accuracy,num_fit_clients,num_fit_examples,round_upload_bytes,round_download_bytes,round_local_steps,cumulative_upload_bytes,cumulative_download_bytes,cumulative_local_steps,run_completed
1,4.118444323014913,0.010062893081761006,nan,nan,20,6360,528296800,528296800,207,528296800,528296800,207,False
2,4.082940344294621,0.055175862643773964,nan,nan,20,5999,528296800,528296800,198,1056593600,1056593600,405,False
3,4.033398322637143,0.06701114161149685,nan,nan,20,6193,528296800,528296800,203,1584890400,1584890400,608,False
4,3.9602345810201176,0.05985801871571474,nan,nan,20,6198,528296800,528296800,203,2113187200,2113187200,811,False
5,3.8589510351481073,0.06314617464609512,nan,nan,20,6287,528296800,528296800,207,2641484000,2641484000,1018,False
6,3.8053931636476603,0.0549165721691236,nan,nan,20,6173,528296800,528296800,201,3169780800,3169780800,1219,False
7,3.737862995357281,0.052985307908721475,nan,nan,20,6398,528296800,528296800,210,3698077600,3698077600,1429,False
8,3.723903457804291,0.05617441120305538,nan,nan,20,6284,528296800,528296800,204,4226374400,4226374400,1633,False
9,3.7222995573474513,0.05707196029776675,nan,nan,20,6045,528296800,528296800,198,4754671200,4754671200,1831,False
10,3.7170614513843896,0.060367055968451384,3.7181345875383487,0.05907911070985216,20,6593,528296800,528296800,217,5282968000,5282968000,2048,False
11,3.6971865808310453,0.06089410366849844,nan,nan,20,6733,528296800,528296800,220,5811264800,5811264800,2268,False
12,3.7402748978232596,0.057253842256375614,nan,nan,20,5921,528296800,528296800,193,6339561600,6339561600,2461,False
13,3.7006793246853213,0.06068684334326486,nan,nan,20,6377,528296800,528296800,208,6867858400,6867858400,2669,False
14,3.7139804734870303,0.06510172143974961,nan,nan,20,6390,528296800,528296800,209,7396155200,7396155200,2878,False
15,3.7208904857196856,0.05865102639296188,nan,nan,20,6479,528296800,528296800,212,7924452000,7924452000,3090,False
16,3.725409915376587,0.05796157603386519,nan,nan,20,6142,528296800,528296800,205,8452748800,8452748800,3295,False
17,3.720993957222154,0.05886276471569118,nan,nan,20,5997,528296800,528296800,196,8981045600,8981045600,3491,False
18,3.715814192781021,0.0545572284280395,nan,nan,20,6177,528296800,528296800,202,9509342400,9509342400,3693,False
19,3.7103926205235656,0.05918271488961954,nan,nan,20,6387,528296800,528296800,211,10037639200,10037639200,3904,False
20,3.690884578318421,0.06605562579013906,3.7155079071549473,0.056427039837490124,20,6328,528296800,528296800,209,10565936000,10565936000,4113,False
21,3.7051856102210174,0.07131486787647245,nan,nan,20,6282,528296800,528296800,205,11094232800,11094232800,4318,False
22,3.690318172293134,0.06557934080869861,nan,nan,20,5886,528296800,528296800,192,11622529600,11622529600,4510,False
23,3.7255249498014766,0.06145339652448657,nan,nan,20,6330,528296800,528296800,207,12150826400,12150826400,4717,False
24,3.6983909608436862,0.06116015132408575,nan,nan,20,6344,528296800,528296800,208,12679123200,12679123200,4925,False
25,3.711600147282233,0.05540388630158985,nan,nan,20,6227,528296800,528296800,204,13207420000,13207420000,5129,False
26,3.692871520836656,0.07585139318885449,nan,nan,20,6460,528296800,528296800,211,13735716800,13735716800,5340,False
27,3.7004241515788197,0.06395173453996983,nan,nan,20,6630,528296800,528296800,216,14264013600,14264013600,5556,False
28,3.7109158376229003,0.058146487294469355,nan,nan,20,6690,528296800,528296800,217,14792310400,14792310400,5773,False
29,3.728522579804195,0.059762923938096804,nan,nan,20,6074,528296800,528296800,199,15320607200,15320607200,5972,False
30,3.713853694163789,0.0685173299101412,3.710127134326349,0.056427039837490124,20,6232,528296800,528296800,204,15848904000,15848904000,6176,False
31,3.7154967029087826,0.06067883445405059,nan,nan,20,6246,528296800,528296800,205,16377200800,16377200800,6381,False
32,3.6863332190287474,0.06711832361745707,nan,nan,20,6347,528296800,528296800,207,16905497600,16905497600,6588,False
33,3.6843264723528053,0.07474747474747474,nan,nan,20,6435,528296800,528296800,211,17433794400,17433794400,6799,False
34,3.7059123389835555,0.0674071819841753,nan,nan,20,6572,528296800,528296800,215,17962091200,17962091200,7014,False
35,3.703484796487974,0.06395255649943901,nan,nan,20,6239,528296800,528296800,205,18490388000,18490388000,7219,False
36,3.6928009023008355,0.06057661159701976,nan,nan,20,6174,528296800,528296800,203,19018684800,19018684800,7422,False
37,3.726429803611268,0.05658504301786896,nan,nan,20,6044,528296800,528296800,198,19546981600,19546981600,7620,False
38,3.70856762673628,0.06125290023201856,nan,nan,20,6465,528296800,528296800,212,20075278400,20075278400,7832,False
39,3.7129336611550436,0.06100837679785048,nan,nan,20,6327,528296800,528296800,209,20603575200,20603575200,8041,False
40,3.6976246218758515,0.06340730852661439,3.7086232329259783,0.07437083850581198,20,5993,528296800,528296800,195,21131872000,21131872000,8236,False
41,3.682398557738966,0.06503028371055149,nan,nan,20,6274,528296800,528296800,204,21660168800,21660168800,8440,False
42,3.7242870030680244,0.0617347818589412,nan,nan,20,5799,528296800,528296800,191,22188465600,22188465600,8631,False
43,3.6863914123690016,0.06720389235213624,nan,nan,20,6577,528296800,528296800,213,22716762400,22716762400,8844,False
44,3.700081629221667,0.06324838808719681,nan,nan,20,6514,528296800,528296800,212,23245059200,23245059200,9056,False
45,3.7123426728011477,0.06215940054495913,nan,nan,20,5872,528296800,528296800,191,23773356000,23773356000,9247,False
46,3.7072401979821823,0.05695526034509085,nan,nan,20,6549,528296800,528296800,215,24301652800,24301652800,9462,False
47,3.6991266121932838,0.06284541291646929,nan,nan,20,6333,528296800,528296800,208,24829949600,24829949600,9670,False
48,3.6923866205240663,0.06764111335717618,nan,nan,20,6431,528296800,528296800,209,25358246400,25358246400,9879,False
49,3.7169415508993686,0.06516290726817042,nan,nan,20,5985,528296800,528296800,197,25886543200,25886543200,10076,False
50,3.693711741393902,0.0671267252195734,3.704844913395489,0.09293533461234624,20,6376,528296800,528296800,208,26414840000,26414840000,10284,False
51,3.672177001730865,0.06898340248962656,nan,nan,20,5784,528296800,528296800,191,26943136800,26943136800,10475,False
52,3.6951407141514507,0.07203187250996015,nan,nan,20,6275,528296800,528296800,206,27471433600,27471433600,10681,False
53,3.7010722332112684,0.06206896551724138,nan,nan,20,6815,528296800,528296800,223,27999730400,27999730400,10904,False
54,3.6983892138395724,0.058813644765585614,nan,nan,20,5951,528296800,528296800,197,28528027200,28528027200,11101,False
55,3.684656595337831,0.06444605358435916,nan,nan,20,6905,528296800,528296800,225,29056324000,29056324000,11326,False
56,3.681658753041942,0.07127913927077106,nan,nan,20,6692,528296800,528296800,218,29584620800,29584620800,11544,False
57,3.6965675562506846,0.06416349809885931,nan,nan,20,6312,528296800,528296800,204,30112917600,30112917600,11748,False
58,3.677898588335054,0.06547519625856021,nan,nan,20,5987,528296800,528296800,196,30641214400,30641214400,11944,False
59,3.713647769631863,0.05845059533013762,nan,nan,20,6467,528296800,528296800,211,31169511200,31169511200,12155,False
60,3.684196672307993,0.06459705236751333,3.7018845090477557,0.05907911070985216,20,6378,528296800,528296800,208,31697808000,31697808000,12363,False
61,3.704786595956126,0.06829573934837092,nan,nan,20,6384,528296800,528296800,206,32226104800,32226104800,12569,False
62,3.697152802594211,0.0672782874617737,nan,nan,20,6540,528296800,528296800,213,32754401600,32754401600,12782,False
63,3.689668428790115,0.061491284699806324,nan,nan,20,6196,528296800,528296800,203,33282698400,33282698400,12985,False
64,3.7075272688623704,0.0609529702970297,nan,nan,20,6464,528296800,528296800,211,33810995200,33810995200,13196,False
65,3.685902295479299,0.06814133016627079,nan,nan,20,6736,528296800,528296800,220,34339292000,34339292000,13416,False
66,3.6897425327264486,0.061825148032044586,nan,nan,20,5742,528296800,528296800,189,34867588800,34867588800,13605,False
67,3.6675968972436372,0.07482887367766024,nan,nan,20,6428,528296800,528296800,210,35395885600,35395885600,13815,False
68,3.691597941246033,0.05568,nan,nan,20,6250,528296800,528296800,206,35924182400,35924182400,14021,False
69,3.670114096931655,0.0744336569579288,nan,nan,20,6180,528296800,528296800,203,36452479200,36452479200,14224,False
70,3.691474517007086,0.0690744920993228,3.6983646054446004,0.08582552759282248,20,6645,528296800,528296800,216,36980776000,36980776000,14440,False
71,3.7145020154113464,0.06688341848583372,nan,nan,20,6459,528296800,528296800,210,37509072800,37509072800,14650,False
72,3.6840626543494546,0.06847133757961783,nan,nan,20,6280,528296800,528296800,206,38037369600,38037369600,14856,False
73,3.7068065781604385,0.057695282289249805,nan,nan,20,6465,528296800,528296800,212,38565666400,38565666400,15068,False
74,3.6978429345478476,0.058728881737731296,nan,nan,20,6215,528296800,528296800,203,39093963200,39093963200,15271,False
75,3.7066677185043275,0.06506024096385542,nan,nan,20,6225,528296800,528296800,205,39622260000,39622260000,15476,False
76,3.6888335196632567,0.06664590470258487,nan,nan,20,6422,528296800,528296800,210,40150556800,40150556800,15686,False
77,3.684484871560369,0.06908981676179032,nan,nan,20,6658,528296800,528296800,218,40678853600,40678853600,15904,False
78,3.675007062965571,0.0696960392999693,nan,nan,20,6514,528296800,528296800,211,41207150400,41207150400,16115,False
79,3.7345520121949938,0.05921712947474072,nan,nan,20,5978,528296800,528296800,196,41735447200,41735447200,16311,False
80,3.6814944151831592,0.0669742012643089,3.6958432029136055,0.05185644961065342,20,5853,528296800,528296800,191,42263744000,42263744000,16502,False
81,3.6858101568183033,0.07378854625550661,nan,nan,20,6356,528296800,528296800,208,42792040800,42792040800,16710,False
82,3.7002747710998833,0.06129597197898424,nan,nan,20,6281,528296800,528296800,205,43320337600,43320337600,16915,False
83,3.6767753885232044,0.06765523632993513,nan,nan,20,6474,528296800,528296800,212,43848634400,43848634400,17127,False
84,3.691074123403883,0.06720945083014049,nan,nan,20,6264,528296800,528296800,206,44376931200,44376931200,17333,False
85,3.685438945009648,0.06857232114964074,nan,nan,20,6402,528296800,528296800,209,44905228000,44905228000,17542,False
86,3.6569495418425206,0.07443515939337667,nan,nan,20,6462,528296800,528296800,213,45433524800,45433524800,17755,False
87,3.674247119082026,0.07165504121750159,nan,nan,20,6308,528296800,528296800,208,45961821600,45961821600,17963,False
88,3.697368921531785,0.0722926267281106,nan,nan,20,6944,528296800,528296800,224,46490118400,46490118400,18187,False
89,3.6730420920027402,0.06415643180349062,nan,nan,20,6188,528296800,528296800,204,47018415200,47018415200,18391,False
90,3.6806016419364544,0.06627649478013287,3.6928110072903624,0.05907911070985216,20,6322,528296800,528296800,208,47546712000,47546712000,18599,False
91,3.6795484215914103,0.06857875340490306,nan,nan,20,6241,528296800,528296800,205,48075008800,48075008800,18804,False
92,3.690577306928169,0.07057670315307957,nan,nan,20,6121,528296800,528296800,198,48603305600,48603305600,19002,False
93,3.668779902550453,0.07031618688060406,nan,nan,20,6357,528296800,528296800,206,49131602400,49131602400,19208,False
94,3.674077952461563,0.0657581999683093,nan,nan,20,6311,528296800,528296800,208,49659899200,49659899200,19416,False
95,3.705644304415225,0.0690006798096533,nan,nan,20,5884,528296800,528296800,194,50188196000,50188196000,19610,False
96,3.656817328066456,0.0787223745765446,nan,nan,20,6199,528296800,528296800,203,50716492800,50716492800,19813,False
97,3.6754490180183153,0.07161803713527852,nan,nan,20,6032,528296800,528296800,198,51244789600,51244789600,20011,False
98,3.6887870094965085,0.07154315046519089,nan,nan,20,6234,528296800,528296800,205,51773086400,51773086400,20216,False
99,3.671163497863637,0.07088266147160198,nan,nan,20,6673,528296800,528296800,215,52301383200,52301383200,20431,False
100,3.6923070513875413,0.07345442957297642,3.6874691794276737,0.05913553774968965,20,6276,528296800,528296800,208,52829680000,52829680000,20639,False
101,3.6681152732829765,0.07134071340713408,nan,nan,20,6504,528296800,528296800,211,53357976800,53357976800,20850,False
102,3.6745933073923926,0.07035419699175158,nan,nan,20,6183,528296800,528296800,203,53886273600,53886273600,21053,False
103,3.641471826863911,0.08747725894481503,nan,nan,20,6596,528296800,528296800,215,54414570400,54414570400,21268,False
104,3.688723028683888,0.07066246056782334,nan,nan,20,6340,528296800,528296800,208,54942867200,54942867200,21476,False
105,3.661848966628877,0.07960277427490542,nan,nan,20,6344,528296800,528296800,208,55471164000,55471164000,21684,False
106,3.669131959590875,0.07430240103828682,nan,nan,20,6164,528296800,528296800,200,55999460800,55999460800,21884,False
107,3.6717991178278746,0.06654141224361985,nan,nan,20,6387,528296800,528296800,210,56527757600,56527757600,22094,False
108,3.6781481749577862,0.0717745486569793,nan,nan,20,6813,528296800,528296800,220,57056054400,57056054400,22314,False
109,3.6719119484971934,0.07579766536964981,nan,nan,20,6425,528296800,528296800,208,57584351200,57584351200,22522,False
110,3.683165403885265,0.06533375314861462,3.6797326888635564,0.05907911070985216,20,6352,528296800,528296800,207,58112648000,58112648000,22729,False
111,3.6786549955002164,0.07354361120051496,nan,nan,20,6214,528296800,528296800,203,58640944800,58640944800,22932,False
112,3.6770840439222923,0.07714105793450882,nan,nan,20,6352,528296800,528296800,207,59169241600,59169241600,23139,False
113,3.6588919121808074,0.07469156385461821,nan,nan,20,5998,528296800,528296800,198,59697538400,59697538400,23337,False
114,3.63814937914546,0.08256121773659827,nan,nan,20,6044,528296800,528296800,196,60225835200,60225835200,23533,False
115,3.6621911059584047,0.08233731739707835,nan,nan,20,6777,528296800,528296800,219,60754132000,60754132000,23752,False
116,3.6609006638078827,0.07634188572328034,nan,nan,20,6353,528296800,528296800,208,61282428800,61282428800,23960,False
117,3.6407601410443546,0.07505008475882262,nan,nan,20,6489,528296800,528296800,214,61810725600,61810725600,24174,False
118,3.617483959516191,0.07969639468690702,nan,nan,20,6324,528296800,528296800,207,62339022400,62339022400,24381,False
119,3.6750474935249677,0.07771164021164022,nan,nan,20,6048,528296800,528296800,200,62867319200,62867319200,24581,False
120,3.6422740799444466,0.07662957074721781,3.669183156060091,0.11776323214084189,20,6290,528296800,528296800,206,63395616000,63395616000,24787,False
121,3.6567586662336824,0.07580222658808121,nan,nan,20,6108,528296800,528296800,198,63923912800,63923912800,24985,False
122,3.638320777785193,0.07597886886264761,nan,nan,20,6436,528296800,528296800,210,64452209600,64452209600,25195,False
123,3.647579366231525,0.07965883488896042,nan,nan,20,6214,528296800,528296800,202,64980506400,64980506400,25397,False
124,3.6347099038467947,0.08015970515970516,nan,nan,20,6512,528296800,528296800,212,65508803200,65508803200,25609,False
125,3.6384272120279655,0.08363397835355854,nan,nan,20,6098,528296800,528296800,200,66037100000,66037100000,25809,False
126,3.6570810783669665,0.07241595978636506,nan,nan,20,6366,528296800,528296800,208,66565396800,66565396800,26017,False
127,3.6459045295332837,0.08100426338228328,nan,nan,20,6333,528296800,528296800,208,67093693600,67093693600,26225,False
128,3.68154390823997,0.07449097831484854,nan,nan,20,6041,528296800,528296800,197,67621990400,67621990400,26422,False
129,3.6194230539083625,0.07635919364691508,nan,nan,20,6548,528296800,528296800,216,68150287200,68150287200,26638,False
130,3.6260718726177545,0.07852298417483045,3.650661910929592,0.11341835007335516,20,6635,528296800,528296800,216,68678584000,68678584000,26854,False
131,3.6363945668442805,0.08586466165413534,nan,nan,20,6650,528296800,528296800,218,69206880800,69206880800,27072,False
132,3.6306982166898707,0.086892247043364,nan,nan,20,6088,528296800,528296800,200,69735177600,69735177600,27272,False
133,3.614961723996976,0.09325860189942395,nan,nan,20,6423,528296800,528296800,210,70263474400,70263474400,27482,False
134,3.6115143265534235,0.08567994505494506,nan,nan,20,5824,528296800,528296800,192,70791771200,70791771200,27674,False
135,3.649416908312713,0.08013827781269642,nan,nan,20,6364,528296800,528296800,207,71320068000,71320068000,27881,False
136,3.593188203861511,0.08120915032679739,nan,nan,20,6120,528296800,528296800,202,71848364800,71848364800,28083,False
137,3.6272804321301417,0.07892942379815888,nan,nan,20,5866,528296800,528296800,193,72376661600,72376661600,28276,False
138,3.6149692003464655,0.09111862323294406,nan,nan,20,6508,528296800,528296800,214,72904958400,72904958400,28490,False
139,3.6020825390292206,0.0891769483054818,nan,nan,20,6403,528296800,528296800,210,73433255200,73433255200,28700,False
140,3.6008706366250274,0.08937045238848465,3.6335732765733733,0.0765150660196366,20,6322,528296800,528296800,204,73961552000,73961552000,28904,False
141,3.6059527958601483,0.08731028008136442,nan,nan,20,6391,528296800,528296800,210,74489848800,74489848800,29114,False
142,3.612794477659025,0.08480176211453745,nan,nan,20,6356,528296800,528296800,206,75018145600,75018145600,29320,False
143,3.599414270732362,0.09101694915254237,nan,nan,20,5900,528296800,528296800,195,75546442400,75546442400,29515,False
144,3.6257549812665113,0.08890998259769024,nan,nan,20,6321,528296800,528296800,209,76074739200,76074739200,29724,False
145,3.614046733893542,0.08064014916096955,nan,nan,20,6436,528296800,528296800,209,76603036000,76603036000,29933,False
146,3.6131321921907946,0.1007383100902379,nan,nan,20,6095,528296800,528296800,198,77131332800,77131332800,30131,False
147,3.599701592933275,0.09713554168666987,nan,nan,20,6249,528296800,528296800,204,77659629600,77659629600,30335,False
148,3.599442531896192,0.09619450317124736,nan,nan,20,6622,528296800,528296800,216,78187926400,78187926400,30551,False
149,3.6065597087873345,0.08421384639646744,nan,nan,20,6341,528296800,528296800,207,78716223200,78716223200,30758,False
150,3.582356427545224,0.09931446651432589,3.5931653003770117,0.11748109694165444,20,5689,528296800,528296800,186,79244520000,79244520000,30944,False
151,3.5802695966353717,0.09875417806137952,nan,nan,20,6582,528296800,528296800,214,79772816800,79772816800,31158,False
152,3.571048019701023,0.10006303183107469,nan,nan,20,6346,528296800,528296800,207,80301113600,80301113600,31365,False
153,3.5830201302809974,0.09561080417434009,nan,nan,20,6516,528296800,528296800,214,80829410400,80829410400,31579,False
154,3.538978995110564,0.10564552747086424,nan,nan,20,6607,528296800,528296800,218,81357707200,81357707200,31797,False
155,3.56450697753195,0.1083525156198619,nan,nan,20,6082,528296800,528296800,199,81886004000,81886004000,31996,False
156,3.529582121837905,0.1112001281845858,nan,nan,20,6241,528296800,528296800,205,82414300800,82414300800,32201,False
157,3.535243252972671,0.11035787482263913,nan,nan,20,6343,528296800,528296800,208,82942597600,82942597600,32409,False
158,3.523279777995751,0.11060825488776249,nan,nan,20,5524,528296800,528296800,181,83470894400,83470894400,32590,False
159,3.4966334274316475,0.12209657701711492,nan,nan,20,6544,528296800,528296800,215,83999191200,83999191200,32805,False
160,3.541399482399138,0.1132596685082873,3.5434406534999345,0.13706127976526353,20,6154,528296800,528296800,199,84527488000,84527488000,33004,False
161,3.5325294100077804,0.11198093941456773,nan,nan,20,5876,528296800,528296800,194,85055784800,85055784800,33198,False
162,3.525138963275453,0.12032168264769563,nan,nan,20,6466,528296800,528296800,214,85584081600,85584081600,33412,False
163,3.491319743831779,0.12990043559427505,nan,nan,20,6428,528296800,528296800,208,86112378400,86112378400,33620,False
164,3.493512068409015,0.12848246476565062,nan,nan,20,6102,528296800,528296800,200,86640675200,86640675200,33820,False
165,3.4865493068082696,0.12492391965916007,nan,nan,20,6572,528296800,528296800,214,87168972000,87168972000,34034,False
166,3.4389446192839612,0.13636363636363635,nan,nan,20,6292,528296800,528296800,208,87697268800,87697268800,34242,False
167,3.4701615293255412,0.13456066945606696,nan,nan,20,5975,528296800,528296800,196,88225565600,88225565600,34438,False
168,3.4678316443878963,0.1305453967244395,nan,nan,20,6289,528296800,528296800,205,88753862400,88753862400,34643,False
169,3.453715035009211,0.12458550450023685,nan,nan,20,6333,528296800,528296800,207,89282159200,89282159200,34850,False
170,3.462951161859274,0.13141314131413143,3.4460352803578886,0.15003949892788623,20,6666,528296800,528296800,216,89810456000,89810456000,35066,False
171,3.427548630385878,0.13492822966507176,nan,nan,20,6270,528296800,528296800,205,90338752800,90338752800,35271,False
172,3.3939320581750967,0.15229328165374678,nan,nan,20,6192,528296800,528296800,204,90867049600,90867049600,35475,False
173,3.425963660507154,0.1371374527112232,nan,nan,20,6344,528296800,528296800,208,91395346400,91395346400,35683,False
174,3.4049051718810475,0.15890364889860434,nan,nan,20,5947,528296800,528296800,196,91923643200,91923643200,35879,False
175,3.402443633901005,0.14860919010296603,nan,nan,20,6507,528296800,528296800,213,92451940000,92451940000,36092,False
176,3.359747527318886,0.15600624024961,nan,nan,20,6410,528296800,528296800,212,92980236800,92980236800,36304,False
177,3.3443274043963496,0.1667461452869178,nan,nan,20,6291,528296800,528296800,203,93508533600,93508533600,36507,False
178,3.3122205527839257,0.16832579185520363,nan,nan,20,6630,528296800,528296800,216,94036830400,94036830400,36723,False
179,3.3060150519869795,0.18023627075351215,nan,nan,20,6264,528296800,528296800,208,94565127200,94565127200,36931,False
180,3.306938222638398,0.1859543436905517,3.306151040533221,0.25578377158334276,20,6308,528296800,528296800,206,95093424000,95093424000,37137,False
181,3.291444726408938,0.17870485678704856,nan,nan,20,6424,528296800,528296800,210,95621720800,95621720800,37347,False
182,3.256339463244595,0.18181818181818182,nan,nan,20,6270,528296800,528296800,205,96150017600,96150017600,37552,False
183,3.2156728012284703,0.1862958359229335,nan,nan,20,6436,528296800,528296800,210,96678314400,96678314400,37762,False
184,3.21569484753299,0.20557204088361358,nan,nan,20,6066,528296800,528296800,197,97206611200,97206611200,37959,False
185,3.2367020222465466,0.18100330240603868,nan,nan,20,6359,528296800,528296800,209,97734908000,97734908000,38168,False
186,3.1761793402948233,0.2050680431722196,nan,nan,20,6393,528296800,528296800,206,98263204800,98263204800,38374,False
187,3.142177689474237,0.22003698100521096,nan,nan,20,5949,528296800,528296800,193,98791501600,98791501600,38567,False
188,3.1867404154067978,0.19286976071944756,nan,nan,20,6227,528296800,528296800,204,99319798400,99319798400,38771,False
189,3.124982180410143,0.22086190009794318,nan,nan,20,6126,528296800,528296800,201,99848095200,99848095200,38972,False
190,3.1376706812709285,0.21773162939297125,3.1363763286410626,0.2680848662679156,20,6260,528296800,528296800,206,100376392000,100376392000,39178,False
191,3.107358768323172,0.2269339075699851,nan,nan,20,6037,528296800,528296800,200,100904688800,100904688800,39378,False
192,3.06278567855414,0.2316769154063487,nan,nan,20,6017,528296800,528296800,197,101432985600,101432985600,39575,False
193,3.0452929791818946,0.24760805014846585,nan,nan,20,6062,528296800,528296800,197,101961282400,101961282400,39772,False
194,3.0057618314052315,0.2528395061728395,nan,nan,20,6075,528296800,528296800,201,102489579200,102489579200,39973,False
195,2.974045810642338,0.2514165452485025,nan,nan,20,6177,528296800,528296800,201,103017876000,103017876000,40174,False
196,2.979728615412351,0.24928729806778588,nan,nan,20,6314,528296800,528296800,207,103546172800,103546172800,40381,False
197,2.9416691298132873,0.24863883847549909,nan,nan,20,6612,528296800,528296800,218,104074469600,104074469600,40599,False
198,2.9398443188042456,0.2569490403706155,nan,nan,20,6044,528296800,528296800,201,104602766400,104602766400,40800,False
199,2.9702712300751486,0.2508579833306096,nan,nan,20,6119,528296800,528296800,201,105131063200,105131063200,41001,False
200,2.8644296503286757,0.28525345622119813,2.9015257526716707,0.2847308430199752,20,6510,528296800,528296800,211,105659360000,105659360000,41212,False
201,2.907044481087303,0.26956521739130435,nan,nan,20,6670,528296800,528296800,218,106187656800,106187656800,41430,False
202,2.8876646644013273,0.2677191251438908,nan,nan,20,6081,528296800,528296800,200,106715953600,106715953600,41630,False
203,2.8119997758026996,0.2895906061567756,nan,nan,20,6302,528296800,528296800,209,107244250400,107244250400,41839,False
204,2.818221522936809,0.2801224226804124,nan,nan,20,6208,528296800,528296800,204,107772547200,107772547200,42043,False
205,2.7771144952430866,0.29594965305793125,nan,nan,20,6197,528296800,528296800,203,108300844000,108300844000,42246,False
206,2.7211075891867096,0.31929012345679014,nan,nan,20,6480,528296800,528296800,215,108829140800,108829140800,42461,False
207,2.723979249433173,0.3163841807909605,nan,nan,20,6018,528296800,528296800,196,109357437600,109357437600,42657,False
208,2.689642610766941,0.31904613466334164,nan,nan,20,6416,528296800,528296800,210,109885734400,109885734400,42867,False
209,2.7358738425276106,0.3028518288902666,nan,nan,20,6452,528296800,528296800,213,110414031200,110414031200,43080,False
210,2.641364062273296,0.32506604050484295,2.675828571123701,0.3622615957566866,20,6814,528296800,528296800,222,110942328000,110942328000,43302,False
211,2.6496029715798883,0.3242944978716696,nan,nan,20,6343,528296800,528296800,208,111470624800,111470624800,43510,False
212,2.588815925466794,0.3501297908077569,nan,nan,20,6549,528296800,528296800,216,111998921600,111998921600,43726,False
213,2.608528098692667,0.3428293946260926,nan,nan,20,6178,528296800,528296800,201,112527218400,112527218400,43927,False
214,2.6318632318993966,0.3240665912396961,nan,nan,20,6187,528296800,528296800,203,113055515200,113055515200,44130,False
215,2.643766651168906,0.3341504519687452,nan,nan,20,6527,528296800,528296800,213,113583812000,113583812000,44343,False
216,2.559798422873146,0.34764250527797325,nan,nan,20,5684,528296800,528296800,186,114112108800,114112108800,44529,False
217,2.52543958325305,0.3501259445843829,nan,nan,20,6352,528296800,528296800,208,114640405600,114640405600,44737,False
218,2.5461932779659064,0.3548282038755903,nan,nan,20,6141,528296800,528296800,201,115168702400,115168702400,44938,False
219,2.5772509772257783,0.3492012263998709,nan,nan,20,6197,528296800,528296800,202,115696999200,115696999200,45140,False
220,2.4686770758585457,0.364449325384374,2.5239522815517508,0.3576345784900124,20,6374,528296800,528296800,210,116225296000,116225296000,45350,False
221,2.4695416887914696,0.3625749447775323,nan,nan,20,6338,528296800,528296800,208,116753592800,116753592800,45558,False
222,2.4158434747035065,0.38353921714540856,nan,nan,20,6719,528296800,528296800,219,117281889600,117281889600,45777,False
223,2.375445601724819,0.3957624497370863,nan,nan,20,6466,528296800,528296800,211,117810186400,117810186400,45988,False
224,2.465498682758001,0.36866141732283464,nan,nan,20,6350,528296800,528296800,207,118338483200,118338483200,46195,False
225,2.413243471375552,0.379454601797335,nan,nan,20,6454,528296800,528296800,210,118866780000,118866780000,46405,False
226,2.3935200892378665,0.3793730122671513,nan,nan,20,6603,528296800,528296800,217,119395076800,119395076800,46622,False
227,2.393497643608519,0.37688859372405775,nan,nan,20,6023,528296800,528296800,197,119923373600,119923373600,46819,False
228,2.347401786918857,0.3857683811928053,nan,nan,20,6338,528296800,528296800,207,120451670400,120451670400,47026,False
229,2.3600157775300685,0.3950049293460401,nan,nan,20,6086,528296800,528296800,201,120979967200,120979967200,47227,False
230,2.2730565628752712,0.4149476356712155,2.3616688365309897,0.39741564157544296,20,6302,528296800,528296800,206,121508264000,121508264000,47433,False
231,2.2909566279641465,0.4074016962220509,nan,nan,20,6485,528296800,528296800,210,122036560800,122036560800,47643,False
232,2.3295774474120052,0.40812692245426585,nan,nan,20,6177,528296800,528296800,201,122564857600,122564857600,47844,False
233,2.2510986305247016,0.41670599339310993,nan,nan,20,6357,528296800,528296800,209,123093154400,123093154400,48053,False
234,2.270477947933816,0.41535161636280066,nan,nan,20,6527,528296800,528296800,211,123621451200,123621451200,48264,False
235,2.173346169290659,0.43942161339421615,nan,nan,20,6570,528296800,528296800,214,124149748000,124149748000,48478,False
236,2.2383768769159196,0.4133796150205112,nan,nan,20,6338,528296800,528296800,207,124678044800,124678044800,48685,False
237,2.2390541664482013,0.41506740681998416,nan,nan,20,6305,528296800,528296800,207,125206341600,125206341600,48892,False
238,2.2055835175382184,0.4369106421194432,nan,nan,20,6681,528296800,528296800,219,125734638400,125734638400,49111,False
239,2.1828227378410805,0.4410634701091133,nan,nan,20,6507,528296800,528296800,213,126262935200,126262935200,49324,False
240,2.254089909237717,0.4251426653239342,2.227860958013049,0.43905879697551065,20,5958,528296800,528296800,195,126791232000,126791232000,49519,False
241,2.1999502187116065,0.43088933108832084,nan,nan,20,6533,528296800,528296800,215,127319528800,127319528800,49734,False
242,2.1744258721900875,0.4345786834869804,nan,nan,20,6183,528296800,528296800,202,127847825600,127847825600,49936,False
243,2.1811455482586446,0.4378352023403218,nan,nan,20,6153,528296800,528296800,200,128376122400,128376122400,50136,False
244,2.0240162322879494,0.4745869394177813,nan,nan,20,6355,528296800,528296800,209,128904419200,128904419200,50345,False
245,2.1611894325147794,0.43843607125965633,nan,nan,20,6343,528296800,528296800,207,129432716000,129432716000,50552,False
246,2.252350312056691,0.4115586690017513,nan,nan,20,6281,528296800,528296800,207,129961012800,129961012800,50759,False
247,2.058508257016843,0.47645092676997874,nan,nan,20,6582,528296800,528296800,215,130489309600,130489309600,50974,False
248,2.079875212373686,0.45706285003111385,nan,nan,20,6428,528296800,528296800,210,131017606400,131017606400,51184,False
249,2.0697661761323705,0.4698551700909397,nan,nan,20,5938,528296800,528296800,196,131545903200,131545903200,51380,False
250,2.008865754905007,0.480830164765526,2.123455696861492,0.4570025956438325,20,6312,528296800,528296800,206,132074200000,132074200000,51586,False
251,2.0808964181277485,0.45493827160493827,nan,nan,20,6480,528296800,528296800,209,132602496800,132602496800,51795,False
252,2.0344067936466024,0.47734326505276226,nan,nan,20,6444,528296800,528296800,211,133130793600,133130793600,52006,False
253,2.0218884049611066,0.4770481351609818,nan,nan,20,6274,528296800,528296800,204,133659090400,133659090400,52210,False
254,1.961227070231412,0.48975732745036243,nan,nan,20,6346,528296800,528296800,210,134187387200,134187387200,52420,False
255,2.146727545815549,0.4300501882057716,nan,nan,20,6376,528296800,528296800,208,134715684000,134715684000,52628,False
256,2.09382348475827,0.4541108986615679,nan,nan,20,6276,528296800,528296800,205,135243980800,135243980800,52833,False
257,1.9335084045959625,0.5006622516556292,nan,nan,20,6040,528296800,528296800,197,135772277600,135772277600,53030,False
258,2.0514030210160135,0.4604942037827944,nan,nan,20,6556,528296800,528296800,214,136300574400,136300574400,53244,False
259,1.9993697464826645,0.47675899395097104,nan,nan,20,6282,528296800,528296800,207,136828871200,136828871200,53451,False
260,2.0493381162953246,0.4646098003629764,2.0414701535139135,0.47646992438776664,20,6612,528296800,528296800,215,137357168000,137357168000,53666,False
261,1.9557033915704274,0.4897894570207377,nan,nan,20,6317,528296800,528296800,207,137885464800,137885464800,53873,False
262,1.934887587022774,0.48877374784110533,nan,nan,20,6369,528296800,528296800,209,138413761600,138413761600,54082,False
263,1.924805953285911,0.4979020979020979,nan,nan,20,6435,528296800,528296800,209,138942058400,138942058400,54291,False
264,2.0235886565480867,0.4714656290531777,nan,nan,20,6168,528296800,528296800,201,139470355200,139470355200,54492,False
265,1.9459792864160472,0.48917748917748916,nan,nan,20,6468,528296800,528296800,210,139998652000,139998652000,54702,False
266,1.9404261730332,0.49640397857689367,nan,nan,20,6535,528296800,528296800,214,140526948800,140526948800,54916,False
267,1.9345475381114552,0.51038814623933,nan,nan,20,6209,528296800,528296800,204,141055245600,141055245600,55120,False
268,1.892846284153626,0.514901198574668,nan,nan,20,6174,528296800,528296800,203,141583542400,141583542400,55323,False
269,1.7933994291139053,0.5354799328551808,nan,nan,20,6553,528296800,528296800,216,142111839200,142111839200,55539,False
270,1.8226365958423003,0.5221558768070396,1.9614845867310888,0.4980814806455253,20,6364,528296800,528296800,207,142640136000,142640136000,55746,False
271,1.8219838156408503,0.5269261318506752,nan,nan,20,6295,528296800,528296800,205,143168432800,143168432800,55951,False
272,1.8299159811934436,0.5239891369945685,nan,nan,20,6628,528296800,528296800,217,143696729600,143696729600,56168,False
273,1.8087648282262945,0.5286542176432711,nan,nan,20,6212,528296800,528296800,205,144225026400,144225026400,56373,False
274,1.8809751192172646,0.5057471264367817,nan,nan,20,6003,528296800,528296800,198,144753323200,144753323200,56571,False
275,1.8518513480159076,0.5230792362050819,nan,nan,20,6651,528296800,528296800,216,145281620000,145281620000,56787,False
276,1.6646944355843822,0.5602825986791583,nan,nan,20,6511,528296800,528296800,212,145809916800,145809916800,56999,False
277,1.7237766233092773,0.5462238543828836,nan,nan,20,6263,528296800,528296800,205,146338213600,146338213600,57204,False
278,1.7714188506066635,0.5381021427420654,nan,nan,20,6207,528296800,528296800,204,146866510400,146866510400,57408,False
279,1.6817929257170317,0.5647256610117684,nan,nan,20,6543,528296800,528296800,215,147394807200,147394807200,57623,False
280,1.7571878284590563,0.5422690131992458,1.8876756628107747,0.5011849678365873,20,6364,528296800,528296800,207,147923104000,147923104000,57830,False
281,1.730994744123686,0.5509298754478757,nan,nan,20,5861,528296800,528296800,193,148451400800,148451400800,58023,False
282,1.7360136630137761,0.5436507936507936,nan,nan,20,6300,528296800,528296800,207,148979697600,148979697600,58230,False
283,1.773167126298417,0.5391134289439374,nan,nan,20,6136,528296800,528296800,200,149507994400,149507994400,58430,False
284,1.7891575381303395,0.5335659687603855,nan,nan,20,6018,528296800,528296800,198,150036291200,150036291200,58628,False
285,1.7782400613927627,0.5327728475790129,nan,nan,20,6423,528296800,528296800,210,150564588000,150564588000,58838,False
286,1.7252497745768562,0.550598655076267,nan,nan,20,6097,528296800,528296800,201,151092884800,151092884800,59039,False
287,1.6229118282564226,0.5758064516129032,nan,nan,20,6200,528296800,528296800,203,151621181600,151621181600,59242,False
288,1.7520304987032298,0.5395881006864989,nan,nan,20,6555,528296800,528296800,215,152149478400,152149478400,59457,False
289,1.7788920162239792,0.5322884012539185,nan,nan,20,6380,528296800,528296800,208,152677775200,152677775200,59665,False
290,1.7214492940766923,0.5480145546590729,1.8228681260099153,0.5231350863333709,20,6321,528296800,528296800,207,153206072000,153206072000,59872,False
291,1.6759701738440942,0.5550782448603866,nan,nan,20,6518,528296800,528296800,212,153734368800,153734368800,60084,False
292,1.7636431328556579,0.5496735486147873,nan,nan,20,5667,528296800,528296800,185,154262665600,154262665600,60269,False
293,1.5957695528830604,0.5676628352490422,nan,nan,20,6525,528296800,528296800,215,154790962400,154790962400,60484,False
294,1.7172551730116556,0.5474185861795076,nan,nan,20,6295,528296800,528296800,206,155319259200,155319259200,60690,False
295,1.7371228051518843,0.5433122054282464,nan,nan,20,6153,528296800,528296800,202,155847556000,155847556000,60892,False
296,1.737435908480348,0.5369482559100678,nan,nan,20,6049,528296800,528296800,201,156375852800,156375852800,61093,False
297,1.590311185547126,0.5858554663372452,nan,nan,20,6476,528296800,528296800,210,156904149600,156904149600,61303,False
298,1.6646057709848394,0.5672814755412992,nan,nan,20,6235,528296800,528296800,206,157432446400,157432446400,61509,False
299,1.5709405242874994,0.5896864555148814,nan,nan,20,6283,528296800,528296800,206,157960743200,157960743200,61715,False
300,1.673618714236468,0.5571679158029023,1.7528311079692764,0.5428845502764925,20,6271,528296800,528296800,205,158489040000,158489040000,61920,False
301,1.6395656610919187,0.5734040842579193,nan,nan,20,6219,528296800,528296800,205,159017336800,159017336800,62125,False
302,1.6190586546201264,0.5741626794258373,nan,nan,20,6270,528296800,528296800,206,159545633600,159545633600,62331,False
303,1.6700349252346516,0.5574022776238843,nan,nan,20,6498,528296800,528296800,213,160073930400,160073930400,62544,False
304,1.632408346049635,0.5746398606933671,nan,nan,20,6317,528296800,528296800,206,160602227200,160602227200,62750,False
305,1.6889963960490562,0.5567817728729085,nan,nan,20,5618,528296800,528296800,185,161130524000,161130524000,62935,False
306,1.666495840001206,0.5586912699643356,nan,nan,20,6449,528296800,528296800,210,161658820800,161658820800,63145,False
307,1.5697027840925577,0.5854385689628119,nan,nan,20,6373,528296800,528296800,208,162187117600,162187117600,63353,False
308,1.7006468565576112,0.5378233284529038,nan,nan,20,6147,528296800,528296800,199,162715414400,162715414400,63552,False
309,1.6295499242880405,0.5842735042735042,nan,nan,20,5850,528296800,528296800,192,163243711200,163243711200,63744,False
310,1.5144587890505192,0.5856473737035798,1.6954545714276434,0.5448030696309671,20,5978,528296800,528296800,197,163772008000,163772008000,63941,False
311,1.6285891594974329,0.5672681228236783,nan,nan,20,6318,528296800,528296800,208,164300304800,164300304800,64149,False
312,1.5689200338178129,0.5875225151465532,nan,nan,20,6107,528296800,528296800,201,164828601600,164828601600,64350,False
313,1.4756070971400546,0.6109463067339068,nan,nan,20,6742,528296800,528296800,220,165356898400,165356898400,64570,False
314,1.482602766792142,0.6083598364379827,nan,nan,20,6603,528296800,528296800,214,165885195200,165885195200,64784,False
315,1.4394999057684423,0.6094782034346103,nan,nan,20,6056,528296800,528296800,198,166413492000,166413492000,64982,False
316,1.5378748812986147,0.6008834200978073,nan,nan,20,6339,528296800,528296800,207,166941788800,166941788800,65189,False
317,1.6208904169457794,0.5644360773575218,nan,nan,20,5843,528296800,528296800,192,167470085600,167470085600,65381,False
318,1.617549696748846,0.5788272471910112,nan,nan,20,5696,528296800,528296800,184,167998382400,167998382400,65565,False
319,1.475357697598118,0.6128886885984678,nan,nan,20,6657,528296800,528296800,217,168526679200,168526679200,65782,False
320,1.5832490428597077,0.5914750957854407,1.6475813817983287,0.5582891321521273,20,6264,528296800,528296800,206,169054976000,169054976000,65988,False
321,1.494605953928423,0.601109841684348,nan,nan,20,6127,528296800,528296800,201,169583272800,169583272800,66189,False
322,1.464006538443189,0.6166263115415658,nan,nan,20,6195,528296800,528296800,204,170111569600,170111569600,66393,False
323,1.505623349302808,0.5914253719404895,nan,nan,20,6251,528296800,528296800,205,170639866400,170639866400,66598,False
324,1.4396479075215578,0.6201661872802813,nan,nan,20,6258,528296800,528296800,203,171168163200,171168163200,66801,False
325,1.3728435557033247,0.6329393223010245,nan,nan,20,6345,528296800,528296800,206,171696460000,171696460000,67007,False
326,1.4838175021088897,0.6027863777089784,nan,nan,20,6460,528296800,528296800,209,172224756800,172224756800,67216,False
327,1.3200785831933697,0.6490427098674522,nan,nan,20,6790,528296800,528296800,224,172753053600,172753053600,67440,False
328,1.4298131294418766,0.6221297580520881,nan,nan,20,6489,528296800,528296800,211,173281350400,173281350400,67651,False
329,1.5299915097568495,0.5840527389734735,nan,nan,20,6371,528296800,528296800,207,173809647200,173809647200,67858,False
330,1.3688205831997509,0.6292152292152292,1.606727563208832,0.5645525335740887,20,6435,528296800,528296800,211,174337944000,174337944000,68069,False
331,1.3503663380792068,0.6400062363579669,nan,nan,20,6414,528296800,528296800,210,174866240800,174866240800,68279,False
332,1.489803772469654,0.5976447497546614,nan,nan,20,6114,528296800,528296800,200,175394537600,175394537600,68479,False
333,1.2760785335648648,0.6571302816901409,nan,nan,20,6816,528296800,528296800,223,175922834400,175922834400,68702,False
334,1.349925045913849,0.6435551419264774,nan,nan,20,6447,528296800,528296800,212,176451131200,176451131200,68914,False
335,1.4532206494661666,0.6064340588988476,nan,nan,20,6248,528296800,528296800,204,176979428000,176979428000,69118,False
336,1.3472647129593107,0.6418590522478737,nan,nan,20,6584,528296800,528296800,217,177507724800,177507724800,69335,False
337,1.469594960794184,0.606009166525208,nan,nan,20,5891,528296800,528296800,193,178036021600,178036021600,69528,False
338,1.3062722583470765,0.6472497160473796,nan,nan,20,6163,528296800,528296800,203,178564318400,178564318400,69731,False
339,1.4134868490063714,0.6158339738662567,nan,nan,20,6505,528296800,528296800,213,179092615200,179092615200,69944,False
340,1.355408311331534,0.6356387306753458,1.569624306291641,0.571380205394425,20,6145,528296800,528296800,204,179620912000,179620912000,70148,False
341,1.3528268751115018,0.6530054644808743,nan,nan,20,6222,528296800,528296800,205,180149208800,180149208800,70353,False
342,1.3636490206596974,0.6464678679636422,nan,nan,20,6271,528296800,528296800,206,180677505600,180677505600,70559,False
343,1.376283626669758,0.6258161727774988,nan,nan,20,5973,528296800,528296800,198,181205802400,181205802400,70757,False
344,1.3894871507277904,0.6302507326603712,nan,nan,20,6142,528296800,528296800,202,181734099200,181734099200,70959,False
345,1.4636502004331475,0.6133744521993183,nan,nan,20,6161,528296800,528296800,203,182262396000,182262396000,71162,False
346,1.4072515336685265,0.6207466138090518,nan,nan,20,6054,528296800,528296800,198,182790692800,182790692800,71360,False
347,1.341795791749742,0.6486050636994033,nan,nan,20,6201,528296800,528296800,203,183318989600,183318989600,71563,False
348,1.1801807711163799,0.6905405405405406,nan,nan,20,6660,528296800,528296800,216,183847286400,183847286400,71779,False
349,1.338455647182603,0.6393038433647571,nan,nan,20,6895,528296800,528296800,225,184375583200,184375583200,72004,False
350,1.3999372383575397,0.6180084060782411,1.5013670696790864,0.5961516758830832,20,6186,528296800,528296800,204,184903880000,184903880000,72208,False
351,1.407768633319305,0.6186172616357886,nan,nan,20,6639,528296800,528296800,220,185432176800,185432176800,72428,False
352,1.415209108106491,0.6283858704261048,nan,nan,20,6313,528296800,528296800,207,185960473600,185960473600,72635,False
353,1.231833733648651,0.6639472858487606,nan,nan,20,6374,528296800,528296800,210,186488770400,186488770400,72845,False
354,1.4132243024028717,0.6240589711417817,nan,nan,20,6376,528296800,528296800,211,187017067200,187017067200,73056,False
355,1.3057899478220514,0.6495151704723178,nan,nan,20,6394,528296800,528296800,210,187545364000,187545364000,73266,False
356,1.275847495924552,0.6503169332930878,nan,nan,20,6626,528296800,528296800,216,188073660800,188073660800,73482,False
357,1.4602509108715769,0.6129865934420934,nan,nan,20,6191,528296800,528296800,204,188601957600,188601957600,73686,False
358,1.3267156332469028,0.6541353383458647,nan,nan,20,6251,528296800,528296800,204,189130254400,189130254400,73890,False
359,1.2498630357745546,0.6664536741214058,nan,nan,20,6260,528296800,528296800,206,189658551200,189658551200,74096,False
360,1.3166227534378385,0.6494136043784207,1.4968036304894048,0.5889854418237219,20,6395,528296800,528296800,210,190186848000,190186848000,74306,False
361,1.299413020182926,0.6605760297305667,nan,nan,20,6458,528296800,528296800,211,190715144800,190715144800,74517,False
362,1.1529670539533,0.6896289537712895,nan,nan,20,6576,528296800,528296800,216,191243441600,191243441600,74733,False
363,1.3442506657691464,0.6402640264026402,nan,nan,20,6666,528296800,528296800,220,191771738400,191771738400,74953,False
364,1.3004308009860361,0.6463554463554464,nan,nan,20,6105,528296800,528296800,199,192300035200,192300035200,75152,False
365,1.2466622980104551,0.6666666666666666,nan,nan,20,6336,528296800,528296800,207,192828332000,192828332000,75359,False
366,1.364740708937396,0.6356550580431177,nan,nan,20,6030,528296800,528296800,197,193356628800,193356628800,75556,False
367,1.26151282391021,0.6524610787859726,nan,nan,20,6359,528296800,528296800,209,193884925600,193884925600,75765,False
368,1.350424707342278,0.6343083003952569,nan,nan,20,6325,528296800,528296800,208,194413222400,194413222400,75973,False
369,1.2786486311595389,0.6568306010928961,nan,nan,20,6405,528296800,528296800,209,194941519200,194941519200,76182,False
370,1.3238246248324363,0.6473915776241358,1.4150049939622138,0.6191174810969416,20,6364,528296800,528296800,209,195469816000,195469816000,76391,False
371,1.2970348892619943,0.6608778023365961,nan,nan,20,6334,528296800,528296800,205,195998112800,195998112800,76596,False
372,1.3045987261327232,0.6584251968503937,nan,nan,20,6350,528296800,528296800,207,196526409600,196526409600,76803,False
373,1.2763502475623714,0.6591244466305952,nan,nan,20,6099,528296800,528296800,202,197054706400,197054706400,77005,False
374,1.2463697528431263,0.6577081615828524,nan,nan,20,6065,528296800,528296800,200,197583003200,197583003200,77205,False
375,1.2661271199015942,0.6663892125853171,nan,nan,20,6007,528296800,528296800,198,198111300000,198111300000,77403,False
376,1.335684181824732,0.6428113992955492,nan,nan,20,6246,528296800,528296800,203,198639596800,198639596800,77606,False
377,1.3147482594222197,0.6524216524216524,nan,nan,20,6318,528296800,528296800,209,199167893600,199167893600,77815,False
378,1.2553568038238119,0.6591572123176661,nan,nan,20,6170,528296800,528296800,204,199696190400,199696190400,78019,False
379,1.1539416937980016,0.6871016691957511,nan,nan,20,6590,528296800,528296800,216,200224487200,200224487200,78235,False
380,1.2020183097346342,0.6783248273791654,1.3791887148577398,0.6249294662002032,20,6662,528296800,528296800,216,200752784000,200752784000,78451,False
381,1.3106928345208546,0.6474291710388248,nan,nan,20,6671,528296800,528296800,217,201281080800,201281080800,78668,False
382,1.313228139802957,0.653408095321535,nan,nan,20,5707,528296800,528296800,188,201809377600,201809377600,78856,False
383,1.133220101543352,0.6953015971468445,nan,nan,20,6449,528296800,528296800,212,202337674400,202337674400,79068,False
384,1.188667691136301,0.6756214296742319,nan,nan,20,6477,528296800,528296800,211,202865971200,202865971200,79279,False
385,1.301795299338185,0.6534756187935379,nan,nan,20,6747,528296800,528296800,219,203394268000,203394268000,79498,False
386,1.3694561485630268,0.6306873184898354,nan,nan,20,6198,528296800,528296800,205,203922564800,203922564800,79703,False
387,1.290038862897396,0.658718078809403,nan,nan,20,5913,528296800,528296800,193,204450861600,204450861600,79896,False
388,1.3139110283332789,0.6497910639665703,nan,nan,20,6222,528296800,528296800,204,204979158400,204979158400,80100,False
389,1.1849474193501657,0.6825396825396826,nan,nan,20,6363,528296800,528296800,209,205507455200,205507455200,80309,False
390,1.2151912506045743,0.6636071592473611,1.3495457368811317,0.6354813226498138,20,6537,528296800,528296800,213,206035752000,206035752000,80522,False
391,1.2052784962847525,0.6823669697421374,nan,nan,20,6709,528296800,528296800,218,206564048800,206564048800,80740,False
392,1.2157303348206505,0.6718403547671841,nan,nan,20,5863,528296800,528296800,193,207092345600,207092345600,80933,False
393,1.1654383850007932,0.6872786304604487,nan,nan,20,6776,528296800,528296800,220,207620642400,207620642400,81153,False
394,1.0825199002019519,0.7021308299806288,nan,nan,20,6711,528296800,528296800,220,208148939200,208148939200,81373,False
395,1.279749126578572,0.6608968018463568,nan,nan,20,6066,528296800,528296800,197,208677236000,208677236000,81570,False
396,1.1474344604171085,0.6956453139791733,nan,nan,20,6338,528296800,528296800,206,209205532800,209205532800,81776,False
397,1.0934165871884516,0.704542069992554,nan,nan,20,6715,528296800,528296800,221,209733829600,209733829600,81997,False
398,1.2929613017443016,0.6518629407850964,nan,nan,20,6012,528296800,528296800,194,210262126400,210262126400,82191,False
399,1.162290758764464,0.6882285339024791,nan,nan,20,6091,528296800,528296800,199,210790423200,210790423200,82390,False
400,1.1340528210941692,0.6940411373260738,1.2986965014910055,0.6468231576571493,20,6612,528296800,528296800,215,211318720000,211318720000,82605,False
401,1.236767114958856,0.6758279276203483,nan,nan,20,5858,528296800,528296800,194,211847016800,211847016800,82799,False
402,1.1833121888313631,0.6775538568450312,nan,nan,20,5756,528296800,528296800,189,212375313600,212375313600,82988,False
403,1.1190585697117132,0.6957826567682831,nan,nan,20,6331,528296800,528296800,206,212903610400,212903610400,83194,False
404,1.150983768879933,0.6878585827260041,nan,nan,20,6449,528296800,528296800,211,213431907200,213431907200,83405,False
405,1.1631813077695081,0.6906042391648213,nan,nan,20,6322,528296800,528296800,206,213960204000,213960204000,83611,False
406,1.1731513368182462,0.6886697860962567,nan,nan,20,5984,528296800,528296800,196,214488500800,214488500800,83807,False
407,1.1280702858403326,0.6882653852115951,nan,nan,20,6451,528296800,528296800,211,215016797600,215016797600,84018,False
408,1.1301095299259043,0.6963276836158192,nan,nan,20,6372,528296800,528296800,207,215545094400,215545094400,84225,False
409,1.1654156107684555,0.6741100323624596,nan,nan,20,6180,528296800,528296800,202,216073391200,216073391200,84427,False
410,1.20254133782049,0.6721070670801371,1.2825233323110468,0.6473310010156867,20,6127,528296800,528296800,201,216601688000,216601688000,84628,False
411,1.1988949372737447,0.6721414046613483,nan,nan,20,6393,528296800,528296800,209,217129984800,217129984800,84837,False
412,1.15347041755331,0.6874039938556068,nan,nan,20,6510,528296800,528296800,213,217658281600,217658281600,85050,False
413,1.0328630203822968,0.7199148029818956,nan,nan,20,6573,528296800,528296800,214,218186578400,218186578400,85264,False
414,1.0268600252024291,0.7170957940188709,nan,nan,20,6253,528296800,528296800,203,218714875200,218714875200,85467,False
415,1.0968150763765663,0.705407586763519,nan,nan,20,6195,528296800,528296800,204,219243172000,219243172000,85671,False
416,1.1742979543108452,0.6820366476419345,nan,nan,20,6658,528296800,528296800,217,219771468800,219771468800,85888,False
417,1.2062597685238654,0.6772049286640727,nan,nan,20,6168,528296800,528296800,200,220299765600,220299765600,86088,False
418,1.0325785778674073,0.7192928985065529,nan,nan,20,6562,528296800,528296800,215,220828062400,220828062400,86303,False
419,1.1372025939602306,0.6918367346938775,nan,nan,20,6370,528296800,528296800,210,221356359200,221356359200,86513,False
420,1.241516066069457,0.6527073450024538,1.2656691953945127,0.6536508294774857,20,6113,528296800,528296800,201,221884656000,221884656000,86714,False
421,1.1321734560802648,0.682919349892671,nan,nan,20,6522,528296800,528296800,213,222412952800,222412952800,86927,False
422,1.2631051949154777,0.6585749214111072,nan,nan,20,5726,528296800,528296800,191,222941249600,222941249600,87118,False
423,1.16371466085126,0.6786294251380318,nan,nan,20,6158,528296800,528296800,202,223469546400,223469546400,87320,False
424,1.1008134076698977,0.6965767634854771,nan,nan,20,5784,528296800,528296800,191,223997843200,223997843200,87511,False
425,1.1412178824799692,0.6878585827260041,nan,nan,20,6449,528296800,528296800,210,224526140000,224526140000,87721,False
426,1.1242958649713455,0.692497532082922,nan,nan,20,6078,528296800,528296800,200,225054436800,225054436800,87921,False
427,1.1875888086792514,0.6824251726784344,nan,nan,20,6515,528296800,528296800,211,225582733600,225582733600,88132,False
428,1.1763132324398407,0.6885400313971742,nan,nan,20,6370,528296800,528296800,208,226111030400,226111030400,88340,False
429,1.094631492943348,0.705352913311227,nan,nan,20,6333,528296800,528296800,207,226639327200,226639327200,88547,False
430,1.0743879679834163,0.706571052246451,1.2519644425773901,0.6530301320392732,20,6833,528296800,528296800,224,227167624000,227167624000,88771,False
431,1.054275487054487,0.7190751445086705,nan,nan,20,6055,528296800,528296800,198,227695920800,227695920800,88969,False
432,1.046051726366654,0.7166513339466422,nan,nan,20,6522,528296800,528296800,212,228224217600,228224217600,89181,False
433,1.1631766711810454,0.6870056497175141,nan,nan,20,6195,528296800,528296800,203,228752514400,228752514400,89384,False
434,1.2268347788711325,0.6620521172638436,nan,nan,20,6140,528296800,528296800,200,229280811200,229280811200,89584,False
435,1.1406162846349588,0.694679186228482,nan,nan,20,6390,528296800,528296800,208,229809108000,229809108000,89792,False
436,1.122002230529432,0.6921810699588478,nan,nan,20,6075,528296800,528296800,202,230337404800,230337404800,89994,False
437,1.0093104096434005,0.716709589456143,nan,nan,20,6601,528296800,528296800,218,230865701600,230865701600,90212,False
438,1.0697172052676516,0.7057142857142857,nan,nan,20,6650,528296800,528296800,217,231393998400,231393998400,90429,False
439,0.9647215236628905,0.7328112764291308,nan,nan,20,6385,528296800,528296800,207,231922295200,231922295200,90636,False
440,1.104602995522733,0.6982189973614775,1.2150608024429272,0.6644283940864463,20,6064,528296800,528296800,200,232450592000,232450592000,90836,False
441,1.0420298289971845,0.7121822690638562,nan,nan,20,6452,528296800,528296800,212,232978888800,232978888800,91048,False
442,1.0803721044874892,0.7125132395218641,nan,nan,20,6609,528296800,528296800,217,233507185600,233507185600,91265,False
443,0.9454740641097076,0.7389413705203179,nan,nan,20,6669,528296800,528296800,220,234035482400,234035482400,91485,False
444,1.0412542727392744,0.7184434270765206,nan,nan,20,6116,528296800,528296800,201,234563779200,234563779200,91686,False
445,1.1331814414179169,0.6981848184818482,nan,nan,20,6060,528296800,528296800,200,235092076000,235092076000,91886,False
446,1.0407044771681797,0.7194382381104373,nan,nan,20,6266,528296800,528296800,207,235620372800,235620372800,92093,False
447,1.1026515805696313,0.6939379004435683,nan,nan,20,6087,528296800,528296800,198,236148669600,236148669600,92291,False
448,1.0036782593096258,0.7211584111410033,nan,nan,20,6319,528296800,528296800,207,236676966400,236676966400,92498,False
449,1.0523312082954255,0.7030651340996169,nan,nan,20,6264,528296800,528296800,206,237205263200,237205263200,92704,False
450,1.061826084955334,0.7093684039616821,1.1791732438112972,0.6722717526238573,20,6159,528296800,528296800,203,237733560000,237733560000,92907,False
451,0.9103715150774604,0.7427222659323367,nan,nan,20,6355,528296800,528296800,210,238261856800,238261856800,93117,False
452,1.0563836060532321,0.710790273556231,nan,nan,20,6580,528296800,528296800,213,238790153600,238790153600,93330,False
453,0.9364318926459827,0.7379639290505291,nan,nan,20,6709,528296800,528296800,221,239318450400,239318450400,93551,False
454,1.069340141615218,0.7038789025543992,nan,nan,20,6342,528296800,528296800,207,239846747200,239846747200,93758,False
455,1.1344468789738829,0.6768864177918983,nan,nan,20,6295,528296800,528296800,206,240375044000,240375044000,93964,False
456,1.0073642993682796,0.7248238057948316,nan,nan,20,6385,528296800,528296800,208,240903340800,240903340800,94172,False
457,1.0277948233548047,0.7196969696969697,nan,nan,20,6072,528296800,528296800,201,241431637600,241431637600,94373,False
458,1.068906313152129,0.7123993558776167,nan,nan,20,6210,528296800,528296800,204,241959934400,241959934400,94577,False
459,1.081795949154257,0.6942428640541848,nan,nan,20,6201,528296800,528296800,204,242488231200,242488231200,94781,False
460,0.9900849067100623,0.7351605324980423,1.1665279422787347,0.6727795959823948,20,6385,528296800,528296800,208,243016528000,243016528000,94989,False
461,0.9918809665830096,0.7406471981057616,nan,nan,20,6335,528296800,528296800,206,243544824800,243544824800,95195,False
462,1.0195744023405706,0.7103995025648997,nan,nan,20,6433,528296800,528296800,210,244073121600,244073121600,95405,False
463,1.0437604538621472,0.7111000166417041,nan,nan,20,6009,528296800,528296800,198,244601418400,244601418400,95603,False
464,0.9720256651975642,0.7289147165069891,nan,nan,20,6367,528296800,528296800,207,245129715200,245129715200,95810,False
465,0.9955821162211277,0.7362654562529347,nan,nan,20,6389,528296800,528296800,210,245658012000,245658012000,96020,False
466,1.0679936618209673,0.70506454816286,nan,nan,20,6042,528296800,528296800,199,246186308800,246186308800,96219,False
467,1.0593520350406311,0.7096559747382416,nan,nan,20,6017,528296800,528296800,199,246714605600,246714605600,96418,False
468,0.9557244719794163,0.7303807303807304,nan,nan,20,6435,528296800,528296800,210,247242902400,247242902400,96628,False
469,0.9405020412670505,0.7439589539887455,nan,nan,20,6042,528296800,528296800,196,247771199200,247771199200,96824,False
470,0.9685627837132788,0.7273700305810398,1.1428621750816428,0.6811307978783433,20,6540,528296800,528296800,214,248299496000,248299496000,97038,False
471,1.0298568048175736,0.7168069948186528,nan,nan,20,6176,528296800,528296800,203,248827792800,248827792800,97241,False
472,0.9499501137482054,0.7381292679053517,nan,nan,20,6297,528296800,528296800,207,249356089600,249356089600,97448,False
473,1.0240793212647876,0.7174702774108322,nan,nan,20,6056,528296800,528296800,199,249884386400,249884386400,97647,False
474,0.9990782281859665,0.7339242546333602,nan,nan,20,6205,528296800,528296800,203,250412683200,250412683200,97850,False
475,0.9679966385481245,0.7360372340425532,nan,nan,20,6016,528296800,528296800,196,250940980000,250940980000,98046,False
476,1.021781919889041,0.7140284825667048,nan,nan,20,6109,528296800,528296800,203,251469276800,251469276800,98249,False
477,0.9522181966954977,0.7407943399260332,nan,nan,20,6219,528296800,528296800,205,251997573600,251997573600,98454,False
478,1.1483779178345785,0.6884057971014492,nan,nan,20,6072,528296800,528296800,199,252525870400,252525870400,98653,False
479,0.988509323706902,0.7236104800848099,nan,nan,20,6603,528296800,528296800,214,253054167200,253054167200,98867,False
480,0.9672253687051088,0.7303565793625749,1.1054771653202153,0.6917390813677915,20,6338,528296800,528296800,207,253582464000,253582464000,99074,False
481,1.0080458482087906,0.7186816619806311,nan,nan,20,6402,528296800,528296800,209,254110760800,254110760800,99283,False
482,0.8964306098417287,0.7494924254255818,nan,nan,20,6403,528296800,528296800,207,254639057600,254639057600,99490,False
483,0.8764096366513562,0.759039852284967,nan,nan,20,6499,528296800,528296800,212,255167354400,255167354400,99702,False
484,0.9836079239769443,0.7290824726837299,nan,nan,20,6681,528296800,528296800,217,255695651200,255695651200,99919,False
485,0.9300197561046933,0.7411909524542237,nan,nan,20,6499,528296800,528296800,213,256223948000,256223948000,100132,False
486,0.8632693690063343,0.7596368507218336,nan,nan,20,6719,528296800,528296800,221,256752244800,256752244800,100353,False
487,0.870190930039352,0.7579484103179364,nan,nan,20,6668,528296800,528296800,220,257280541600,257280541600,100573,False
488,1.0288131188284728,0.721078431372549,nan,nan,20,6120,528296800,528296800,202,257808838400,257808838400,100775,False
489,1.0013190188873389,0.7240781594705327,nan,nan,20,6346,528296800,528296800,208,258337135200,258337135200,100983,False
490,0.9810868672065981,0.7318257702230991,1.0953077249260066,0.6941090170409661,20,6589,528296800,528296800,214,258865432000,258865432000,101197,False
491,0.9869330516726558,0.7329487614523243,nan,nan,20,5894,528296800,528296800,194,259393728800,259393728800,101391,False
492,0.8254809631204175,0.7671187562024478,nan,nan,20,6046,528296800,528296800,200,259922025600,259922025600,101591,False
493,0.8647765979701187,0.7583614605707272,nan,nan,20,6518,528296800,528296800,213,260450322400,260450322400,101804,False
494,1.0243555778937803,0.7098551637279596,nan,nan,20,6352,528296800,528296800,210,260978619200,260978619200,102014,False
495,0.9569830432660856,0.7393767705382436,nan,nan,20,6354,528296800,528296800,207,261506916000,261506916000,102221,False
496,1.0318234720738821,0.7124817872753764,nan,nan,20,6177,528296800,528296800,203,262035212800,262035212800,102424,False
497,0.8543766311294952,0.7525370804059328,nan,nan,20,6405,528296800,528296800,210,262563509600,262563509600,102634,False
498,0.9483934351129276,0.7411159600997507,nan,nan,20,6416,528296800,528296800,211,263091806400,263091806400,102845,False
499,0.919361767028726,0.7436106137066579,nan,nan,20,6143,528296800,528296800,199,263620103200,263620103200,103044,False
500,0.8717433354963549,0.761767385362891,1.0740125161397942,0.6996952939848775,20,6586,528296800,528296800,215,264148400000,264148400000,103259,False
501,1.0026631130359753,0.7172380647228452,nan,nan,20,6242,528296800,528296800,204,264676696800,264676696800,103463,False
502,0.9449210812886594,0.7407585213634181,nan,nan,20,6249,528296800,528296800,203,265204993600,265204993600,103666,False
503,1.0332083947866282,0.7193877551020408,nan,nan,20,6272,528296800,528296800,206,265733290400,265733290400,103872,False
504,0.8380205406875502,0.7627360736391049,nan,nan,20,6301,528296800,528296800,206,266261587200,266261587200,104078,False
505,1.100136842279483,0.6884910485933504,nan,nan,20,5865,528296800,528296800,194,266789884000,266789884000,104272,False
506,0.7993504888647651,0.7831019555157486,nan,nan,20,6699,528296800,528296800,220,267318180800,267318180800,104492,False
507,0.9160418403964457,0.7402834933699132,nan,nan,20,6561,528296800,528296800,214,267846477600,267846477600,104706,False
508,0.8432726159245558,0.7675208397653597,nan,nan,20,6478,528296800,528296800,210,268374774400,268374774400,104916,False
509,0.8941612155259984,0.7483526827737684,nan,nan,20,6374,528296800,528296800,210,268903071200,268903071200,105126,False
510,0.8978327007706863,0.7495992305226034,1.0488026362484673,0.7081593499605011,20,6238,528296800,528296800,205,269431368000,269431368000,105331,False
511,0.8929785849914974,0.7515322179890674,nan,nan,20,6037,528296800,528296800,198,269959664800,269959664800,105529,False
512,0.9832044969604136,0.727984657183954,nan,nan,20,6257,528296800,528296800,204,270487961600,270487961600,105733,False
513,0.8170410123475981,0.7752487187217365,nan,nan,20,6634,528296800,528296800,217,271016258400,271016258400,105950,False
514,0.8651556720777545,0.7632046519140688,nan,nan,20,6191,528296800,528296800,203,271544555200,271544555200,106153,False
515,0.8560090576348053,0.7632125179626377,nan,nan,20,6263,528296800,528296800,206,272072852000,272072852000,106359,False
516,0.8640055851502852,0.7599666388657215,nan,nan,20,5995,528296800,528296800,196,272601148800,272601148800,106555,False
517,0.9526227261905627,0.7344199424736337,nan,nan,20,6258,528296800,528296800,207,273129445600,273129445600,106762,False
518,0.9038080429358388,0.7501937083527042,nan,nan,20,6453,528296800,528296800,211,273657742400,273657742400,106973,False
519,0.9442501298370549,0.7423614309841855,nan,nan,20,6513,528296800,528296800,212,274186039200,274186039200,107185,False
520,0.9688070140289222,0.7373737373737373,1.0464651492604982,0.7040966030922018,20,6039,528296800,528296800,198,274714336000,274714336000,107383,False
521,0.8213927547213548,0.7711289327575571,nan,nan,20,6484,528296800,528296800,212,275242632800,275242632800,107595,False
522,0.9848679254448247,0.7362454151383795,nan,nan,20,5998,528296800,528296800,198,275770929600,275770929600,107793,False
523,0.8531600504401601,0.7677629537697797,nan,nan,20,6446,528296800,528296800,211,276299226400,276299226400,108004,False
524,0.9653886411068429,0.740340030911901,nan,nan,20,6470,528296800,528296800,212,276827523200,276827523200,108216,False
525,0.9963179463963555,0.7221498371335505,nan,nan,20,6140,528296800,528296800,202,277355820000,277355820000,108418,False
526,0.961277026901292,0.7356849876948318,nan,nan,20,6095,528296800,528296800,202,277884116800,277884116800,108620,False
527,0.847108106231645,0.7657923327642403,nan,nan,20,6443,528296800,528296800,209,278412413600,278412413600,108829,False
528,0.9065337263994012,0.7471133517645145,nan,nan,20,6149,528296800,528296800,202,278940710400,278940710400,109031,False
529,0.7989853026448218,0.7783742331288344,nan,nan,20,6520,528296800,528296800,212,279469007200,279469007200,109243,False
530,0.9310484460160066,0.7357256496376171,1.0236149902416936,0.711488545310913,20,5657,528296800,528296800,186,279997304000,279997304000,109429,False
531,0.9546976966175961,0.7309394982784063,nan,nan,20,6099,528296800,528296800,201,280525600800,280525600800,109630,False
532,0.8256433447165491,0.7593872033643737,nan,nan,20,6658,528296800,528296800,218,281053897600,281053897600,109848,False
533,0.8459243181219295,0.758809234507898,nan,nan,20,6584,528296800,528296800,214,281582194400,281582194400,110062,False
534,0.8449091135438521,0.7681390527826503,nan,nan,20,6271,528296800,528296800,204,282110491200,282110491200,110266,False
535,0.9835501372837964,0.7233838786911413,nan,nan,20,6265,528296800,528296800,203,282638788000,282638788000,110469,False
536,0.8196416458705262,0.7728779363020608,nan,nan,20,6939,528296800,528296800,226,283167084800,283167084800,110695,False
537,0.8004368679533415,0.7830551989730423,nan,nan,20,6232,528296800,528296800,205,283695381600,283695381600,110900,False
538,0.8873294159744846,0.7454429165334187,nan,nan,20,6254,528296800,528296800,206,284223678400,284223678400,111106,False
539,0.7516110923295009,0.7883995703544576,nan,nan,20,6517,528296800,528296800,213,284751975200,284751975200,111319,False
540,0.9083158829950444,0.7433417882054534,1.0051372009937523,0.7157770003385623,20,6308,528296800,528296800,209,285280272000,285280272000,111528,False
541,0.7646231985026364,0.7780966044954567,nan,nan,20,6273,528296800,528296800,206,285808568800,285808568800,111734,False
542,0.8653069076522181,0.7585727525486562,nan,nan,20,6474,528296800,528296800,210,286336865600,286336865600,111944,False
543,0.9305335811276068,0.7422326307572209,nan,nan,20,6405,528296800,528296800,210,286865162400,286865162400,112154,False
544,0.9483067481754747,0.7401977497442891,nan,nan,20,5866,528296800,528296800,192,287393459200,287393459200,112346,False
545,0.8070160599374915,0.769752358490566,nan,nan,20,6784,528296800,528296800,221,287921756000,287921756000,112567,False
546,0.8666196273563412,0.7626182965299685,nan,nan,20,6340,528296800,528296800,208,288450052800,288450052800,112775,False
547,0.8871909724037812,0.7612597911227154,nan,nan,20,6128,528296800,528296800,200,288978349600,288978349600,112975,False
548,0.9248559667047128,0.7421036491873658,nan,nan,20,6522,528296800,528296800,213,289506646400,289506646400,113188,False
549,0.8184941368025596,0.7802954011413226,nan,nan,20,5958,528296800,528296800,196,290034943200,290034943200,113384,False
550,0.8331603333781328,0.7620523949775229,0.9816756783510059,0.7239589211149983,20,6451,528296800,528296800,211,290563240000,290563240000,113595,False
551,0.8478098154963037,0.7650906928337794,nan,nan,20,6726,528296800,528296800,218,291091536800,291091536800,113813,False
552,0.7127815830057006,0.7984689892204343,nan,nan,20,6401,528296800,528296800,211,291619833600,291619833600,114024,False
553,0.8819659598306062,0.7628914900347992,nan,nan,20,6322,528296800,528296800,206,292148130400,292148130400,114230,False
554,0.7973367521595239,0.776303317535545,nan,nan,20,6330,528296800,528296800,206,292676427200,292676427200,114436,False
555,0.861427961329874,0.7580670549346765,nan,nan,20,6353,528296800,528296800,210,293204724000,293204724000,114646,False
556,0.9653873006491575,0.7321831667204127,nan,nan,20,6202,528296800,528296800,203,293733020800,293733020800,114849,False
557,0.884098863455257,0.7565453927235634,nan,nan,20,5882,528296800,528296800,194,294261317600,294261317600,115043,False
558,0.8387189775729122,0.7629688747007183,nan,nan,20,6265,528296800,528296800,205,294789614400,294789614400,115248,False
559,0.8114977887154369,0.7756819953234606,nan,nan,20,6415,528296800,528296800,211,295317911200,295317911200,115459,False
560,0.997411957976216,0.7275716298731799,0.968151834610824,0.7266674190271978,20,6387,528296800,528296800,207,295846208000,295846208000,115666,False
561,0.8255651006687259,0.768106086365182,nan,nan,20,5882,528296800,528296800,196,296374504800,296374504800,115862,False
562,0.8869802472406999,0.7522109663933109,nan,nan,20,6219,528296800,528296800,204,296902801600,296902801600,116066,False
563,0.8784289776562975,0.7490848585690516,nan,nan,20,6010,528296800,528296800,197,297431098400,297431098400,116263,False
564,0.8838301553908708,0.7545993140006236,nan,nan,20,6414,528296800,528296800,210,297959395200,297959395200,116473,False
565,0.8043150498053512,0.7757985257985258,nan,nan,20,6512,528296800,528296800,212,298487692000,298487692000,116685,False
566,0.9118022291675075,0.742216270505524,nan,nan,20,5974,528296800,528296800,196,299015988800,299015988800,116881,False
567,0.8670675844442649,0.7578688524590164,nan,nan,20,6100,528296800,528296800,200,299544285600,299544285600,117081,False
568,0.847700706661386,0.7643352236925016,nan,nan,20,6348,528296800,528296800,206,300072582400,300072582400,117287,False
569,0.8487360933608328,0.7593566347046087,nan,nan,20,6466,528296800,528296800,212,300600879200,300600879200,117499,False
570,0.8301260113544692,0.7603693611867999,0.960290671269359,0.7263852838280104,20,6606,528296800,528296800,216,301129176000,301129176000,117715,False
571,0.8311914945016186,0.7667844522968198,nan,nan,20,6226,528296800,528296800,204,301657472800,301657472800,117919,False
572,0.7645394569022903,0.7784177023340406,nan,nan,20,6598,528296800,528296800,215,302185769600,302185769600,118134,False
573,0.7562561560608146,0.7900161030595814,nan,nan,20,6210,528296800,528296800,204,302714066400,302714066400,118338,False
574,0.8520314084479408,0.7681227493345859,nan,nan,20,6387,528296800,528296800,209,303242363200,303242363200,118547,False
575,0.829315184070881,0.768113726689086,nan,nan,20,6542,528296800,528296800,213,303770660000,303770660000,118760,False
576,0.7795608110390139,0.7842761265580057,nan,nan,20,6258,528296800,528296800,204,304298956800,304298956800,118964,False
577,0.8312908989940228,0.7582007145177005,nan,nan,20,6158,528296800,528296800,201,304827253600,304827253600,119165,False
578,0.8464979360594319,0.757006264424662,nan,nan,20,6066,528296800,528296800,198,305355550400,305355550400,119363,False
579,0.7775413486143993,0.7869295595484179,nan,nan,20,6289,528296800,528296800,204,305883847200,305883847200,119567,False
580,0.8084757215977459,0.7696275995486055,0.9358456721223514,0.7353007561223338,20,6203,528296800,528296800,201,306412144000,306412144000,119768,False
581,0.8258518808229312,0.7717722534081797,nan,nan,20,6235,528296800,528296800,205,306940440800,306940440800,119973,False
582,0.8117535500974625,0.7737909516380655,nan,nan,20,6410,528296800,528296800,209,307468737600,307468737600,120182,False
583,0.9040262721301686,0.7427750279418809,nan,nan,20,6263,528296800,528296800,205,307997034400,307997034400,120387,False
584,0.779711740452678,0.7844975777465228,nan,nan,20,6399,528296800,528296800,208,308525331200,308525331200,120595,False
585,0.7484603540355589,0.7909696521095485,nan,nan,20,6755,528296800,528296800,221,309053628000,309053628000,120816,False
586,0.8205607400409028,0.7670169765561843,nan,nan,20,6185,528296800,528296800,204,309581924800,309581924800,121020,False
587,0.7685467639070923,0.785891858297079,nan,nan,20,6436,528296800,528296800,211,310110221600,310110221600,121231,False
588,0.7207579261553719,0.7956594834173927,nan,nan,20,6543,528296800,528296800,214,310638518400,310638518400,121445,False
589,0.8827929537065439,0.757762938230384,nan,nan,20,5990,528296800,528296800,198,311166815200,311166815200,121643,False
590,0.7726987772159953,0.7842121304480342,0.9159934200399442,0.7416205845841327,20,6562,528296800,528296800,214,311695112000,311695112000,121857,False
591,0.7880513814192814,0.7754505601558694,nan,nan,20,6159,528296800,528296800,202,312223408800,312223408800,122059,False
592,0.75218855954296,0.7943307086614173,nan,nan,20,6350,528296800,528296800,207,312751705600,312751705600,122266,False
593,0.8002197349664099,0.7757916241062308,nan,nan,20,5874,528296800,528296800,192,313280002400,313280002400,122458,False
594,0.7778914994861585,0.7858470114586559,nan,nan,20,6458,528296800,528296800,211,313808299200,313808299200,122669,False
595,0.7808016326260109,0.7870414483087185,nan,nan,20,6297,528296800,528296800,208,314336596000,314336596000,122877,False
596,0.8159934907432975,0.7685709661757566,nan,nan,20,6179,528296800,528296800,202,314864892800,314864892800,123079,False
597,0.8195259439617298,0.7608414239482201,nan,nan,20,6180,528296800,528296800,204,315393189600,315393189600,123283,False
598,0.7719225503961789,0.7916003818008273,nan,nan,20,6286,528296800,528296800,207,315921486400,315921486400,123490,False
599,0.7856178656445315,0.776965845909452,nan,nan,20,6295,528296800,528296800,206,316449783200,316449783200,123696,False
600,0.813221534048576,0.7721921730830417,0.9094351713173869,0.7411691682654328,20,6286,528296800,528296800,204,316978080000,316978080000,123900,False
601,0.6925286970755345,0.8061556673572062,nan,nan,20,6758,528296800,528296800,219,317506376800,317506376800,124119,False
602,0.7591377110284968,0.7884615384615384,nan,nan,20,6500,528296800,528296800,212,318034673600,318034673600,124331,False
603,0.7821674059727451,0.7820267686424475,nan,nan,20,6276,528296800,528296800,204,318562970400,318562970400,124535,False
604,0.8833859562067858,0.7596248766041461,nan,nan,20,6078,528296800,528296800,201,319091267200,319091267200,124736,False
605,0.8063274066616046,0.771094131035604,nan,nan,20,6151,528296800,528296800,202,319619564000,319619564000,124938,False
606,0.7793611151254017,0.7826866644929898,nan,nan,20,6134,528296800,528296800,199,320147860800,320147860800,125137,False
607,0.7750361294078223,0.7803761242845462,nan,nan,20,6115,528296800,528296800,201,320676157600,320676157600,125338,False
608,0.7412266909776433,0.7958830923947203,nan,nan,20,6364,528296800,528296800,210,321204454400,321204454400,125548,False
609,0.7541969355856174,0.7815230961298377,nan,nan,20,6408,528296800,528296800,211,321732751200,321732751200,125759,False
610,0.7601343984926854,0.7925418569254186,0.8932401140956924,0.746134747771132,20,6570,528296800,528296800,214,322261048000,322261048000,125973,False
611,0.834696471342497,0.7695368454559923,nan,nan,20,6283,528296800,528296800,206,322789344800,322789344800,126179,False
612,0.6773654370528165,0.8007568039586669,nan,nan,20,6871,528296800,528296800,226,323317641600,323317641600,126405,False
613,0.8606104763118909,0.7539993470453803,nan,nan,20,6126,528296800,528296800,202,323845938400,323845938400,126607,False
614,0.8025600100875201,0.7735275288092189,nan,nan,20,6248,528296800,528296800,206,324374235200,324374235200,126813,False
615,0.8448626172780888,0.7642304385210662,nan,nan,20,5815,528296800,528296800,193,324902532000,324902532000,127006,False
616,0.8546253757299874,0.763767629281397,nan,nan,20,5956,528296800,528296800,195,325430828800,325430828800,127201,False
617,0.7691116535427536,0.7754749568221071,nan,nan,20,6369,528296800,528296800,208,325959125600,325959125600,127409,False
618,0.747417081778087,0.7900738837134597,nan,nan,20,6226,528296800,528296800,204,326487422400,326487422400,127613,False
619,0.7140042132911132,0.7948874010955569,nan,nan,20,6572,528296800,528296800,216,327015719200,327015719200,127829,False
620,0.9195927032674182,0.7363793103448276,0.8951987043458659,0.746021893691457,20,5800,528296800,528296800,191,327544016000,327544016000,128020,False
621,0.7558019629501088,0.7904456654456654,nan,nan,20,6552,528296800,528296800,212,328072312800,328072312800,128232,False
622,0.8167859348282515,0.7729514717581544,nan,nan,20,6285,528296800,528296800,207,328600609600,328600609600,128439,False
623,0.8022094166346664,0.7685122282608695,nan,nan,20,5888,528296800,528296800,194,329128906400,329128906400,128633,False
624,0.9255035692581095,0.7451231212024304,nan,nan,20,6254,528296800,528296800,207,329657203200,329657203200,128840,False
625,0.7446663161634319,0.7876668785759695,nan,nan,20,6292,528296800,528296800,208,330185500000,330185500000,129048,False
626,0.7377247466943216,0.7921655580192165,nan,nan,20,6765,528296800,528296800,221,330713796800,330713796800,129269,False
627,0.7821832551656783,0.7815126050420168,nan,nan,20,6307,528296800,528296800,205,331242093600,331242093600,129474,False
628,0.8001237724761086,0.7843860211606284,nan,nan,20,6238,528296800,528296800,206,331770390400,331770390400,129680,False
629,0.8283225583657622,0.76375,nan,nan,20,6400,528296800,528296800,212,332298687200,332298687200,129892,False
630,0.7559624468569052,0.7836363636363637,0.8650131598241092,0.7553887823044803,20,6600,528296800,528296800,216,332826984000,332826984000,130108,False
631,0.6493716877918345,0.8141330166270784,nan,nan,20,6736,528296800,528296800,219,333355280800,333355280800,130327,False
632,0.7835591572016283,0.7794453507340946,nan,nan,20,6130,528296800,528296800,201,333883577600,333883577600,130528,False
633,0.6974358251108178,0.7993336362259579,nan,nan,20,6603,528296800,528296800,217,334411874400,334411874400,130745,False
634,0.793561314118074,0.7733290280917017,nan,nan,20,6194,528296800,528296800,203,334940171200,334940171200,130948,False
635,0.8236495649426605,0.767248686218003,nan,nan,20,5899,528296800,528296800,193,335468468000,335468468000,131141,False
636,0.8125084390292293,0.7674457152328859,nan,nan,20,6033,528296800,528296800,198,335996764800,335996764800,131339,False
637,0.7071850040258888,0.8012820512820513,nan,nan,20,6240,528296800,528296800,205,336525061600,336525061600,131544,False
638,0.7430262076507766,0.7891737891737892,nan,nan,20,6318,528296800,528296800,207,337053358400,337053358400,131751,False
639,0.752782084335287,0.7896573604060914,nan,nan,20,6304,528296800,528296800,208,337581655200,337581655200,131959,False
640,0.7754342215352118,0.7911028153678643,0.859931931150187,0.7560659067825302,20,6429,528296800,528296800,211,338109952000,338109952000,132170,False
641,0.7321568319707045,0.7874076354679803,nan,nan,20,6496,528296800,528296800,212,338638248800,338638248800,132382,False
642,0.6960039326492363,0.8061646986658488,nan,nan,20,6521,528296800,528296800,213,339166545600,339166545600,132595,False
643,0.7577148076585793,0.7858478802992519,nan,nan,20,6416,528296800,528296800,211,339694842400,339694842400,132806,False
644,0.753466512300242,0.7886349001931745,nan,nan,20,6212,528296800,528296800,202,340223139200,340223139200,133008,False
645,0.6870673163514498,0.8076331178824253,nan,nan,20,6498,528296800,528296800,212,340751436000,340751436000,133220,False
646,0.6703220486767326,0.8073311117843078,nan,nan,20,6602,528296800,528296800,218,341279732800,341279732800,133438,False
647,0.7685925505613371,0.7871577574967406,nan,nan,20,6136,528296800,528296800,199,341808029600,341808029600,133637,False
648,0.729534557585676,0.7942874056533965,nan,nan,20,6757,528296800,528296800,219,342336326400,342336326400,133856,False
649,0.7291562818783134,0.7889530090684254,nan,nan,20,6065,528296800,528296800,199,342864623200,342864623200,134055,False
650,0.7551318868989999,0.7847200253084466,0.8571710550896726,0.7528495655117933,20,6322,528296800,528296800,208,343392920000,343392920000,134263,False
651,0.6267616077384315,0.8189331329827197,nan,nan,20,6655,528296800,528296800,217,343921216800,343921216800,134480,False
652,0.6640370835624269,0.8171582619727243,nan,nan,20,6306,528296800,528296800,206,344449513600,344449513600,134686,False
653,0.7413636147188113,0.7894573161250195,nan,nan,20,6431,528296800,528296800,211,344977810400,344977810400,134897,False
654,0.7319855596711138,0.7923312389237958,nan,nan,20,6207,528296800,528296800,204,345506107200,345506107200,135101,False
655,0.7845155475281154,0.7747491638795987,nan,nan,20,5980,528296800,528296800,196,346034404000,346034404000,135297,False
656,0.8830443882869823,0.7478157855767807,nan,nan,20,6753,528296800,528296800,220,346562700800,346562700800,135517,False
657,0.7517830207182004,0.7888131391385187,nan,nan,20,6454,528296800,528296800,210,347090997600,347090997600,135727,False
658,0.8178634201424743,0.7671866963826505,nan,nan,20,5833,528296800,528296800,192,347619294400,347619294400,135919,False
659,0.6892193033034602,0.8120337333765812,nan,nan,20,6166,528296800,528296800,204,348147591200,348147591200,136123,False
660,0.7585859841251312,0.784092738689422,0.8374382193693121,0.7610879133280668,20,6211,528296800,528296800,204,348675888000,348675888000,136327,False
661,0.7852450655257093,0.7853239656518345,nan,nan,20,6405,528296800,528296800,210,349204184800,349204184800,136537,False
662,0.7550343824203672,0.778448275862069,nan,nan,20,5800,528296800,528296800,192,349732481600,349732481600,136729,False
663,0.7416934328608347,0.7839987991594116,nan,nan,20,6662,528296800,528296800,218,350260778400,350260778400,136947,False
664,0.8408608862015129,0.7726036165786526,nan,nan,20,6249,528296800,528296800,205,350789075200,350789075200,137152,False
665,0.8109583072648994,0.7726269315673289,nan,nan,20,5889,528296800,528296800,196,351317372000,351317372000,137348,False
666,0.6989693375387138,0.8005593170444509,nan,nan,20,6794,528296800,528296800,220,351845668800,351845668800,137568,False
667,0.6783044101625667,0.8044692737430168,nan,nan,20,6623,528296800,528296800,218,352373965600,352373965600,137786,False
668,0.943218465782774,0.738394584139265,nan,nan,20,6204,528296800,528296800,205,352902262400,352902262400,137991,False
669,0.699719689412574,0.7985086220288955,nan,nan,20,6437,528296800,528296800,210,353430559200,353430559200,138201,False
670,0.7915140666969552,0.7753475754493049,0.8654300136284182,0.7510439002369935,20,5898,528296800,528296800,193,353958856000,353958856000,138394,False
671,0.787148201444782,0.7785714285714286,nan,nan,20,6440,528296800,528296800,210,354487152800,354487152800,138604,False
672,0.8155982640220303,0.778268695794469,nan,nan,20,6111,528296800,528296800,198,355015449600,355015449600,138802,False
673,0.7898365560897678,0.7794773741236456,nan,nan,20,6276,528296800,528296800,206,355543746400,355543746400,139008,False
674,0.7121638097096652,0.7993739752571173,nan,nan,20,6709,528296800,528296800,219,356072043200,356072043200,139227,False
675,0.7800700742031562,0.7725631768953068,nan,nan,20,6371,528296800,528296800,211,356600340000,356600340000,139438,False
676,0.7764582162279037,0.7809976247030879,nan,nan,20,6315,528296800,528296800,205,357128636800,357128636800,139643,False
677,0.7166434572000566,0.7970320727620871,nan,nan,20,6267,528296800,528296800,206,357656933600,357656933600,139849,False
678,0.6883373859164678,0.8093072608761558,nan,nan,20,6597,528296800,528296800,216,358185230400,358185230400,140065,False
679,0.6596188905216092,0.8062939199511152,nan,nan,20,6546,528296800,528296800,214,358713527200,358713527200,140279,False
680,0.6719597376784545,0.8098915787910292,0.8229844783932129,0.7645863897979912,20,6733,528296800,528296800,219,359241824000,359241824000,140498,False
681,0.7212801580872839,0.7997634335924299,nan,nan,20,5918,528296800,528296800,196,359770120800,359770120800,140694,False
682,0.761783820509381,0.787230541385552,nan,nan,20,6077,528296800,528296800,199,360298417600,360298417600,140893,False
683,0.8284363689498542,0.7733181670458239,nan,nan,20,6154,528296800,528296800,202,360826714400,360826714400,141095,False
684,0.6329356413140839,0.8172893772893773,nan,nan,20,6825,528296800,528296800,223,361355011200,361355011200,141318,False
685,0.7246849371743528,0.7889509621353197,nan,nan,20,6444,528296800,528296800,211,361883308000,361883308000,141529,False
686,0.7322048598698047,0.7888345686800189,nan,nan,20,6341,528296800,528296800,206,362411604800,362411604800,141735,False
687,0.6420036393380117,0.8205642053337444,nan,nan,20,6487,528296800,528296800,211,362939901600,362939901600,141946,False
688,0.6873403903788392,0.8040168448331714,nan,nan,20,6174,528296800,528296800,203,363468198400,363468198400,142149,False
689,0.7196959406735138,0.7931974971923632,nan,nan,20,6233,528296800,528296800,205,363996495200,363996495200,142354,False
690,0.7625149032261451,0.785830354241144,0.7961275095851383,0.7738404243313396,20,6154,528296800,528296800,200,364524792000,364524792000,142554,False
691,0.7052694895707134,0.8012545899632803,nan,nan,20,6536,528296800,528296800,212,365053088800,365053088800,142766,False
692,0.6484705192814426,0.8125690825832939,nan,nan,20,6333,528296800,528296800,207,365581385600,365581385600,142973,False
693,0.7936382596661528,0.7743406056659069,nan,nan,20,6142,528296800,528296800,202,366109682400,366109682400,143175,False
694,0.6315456104095919,0.8209267563527654,nan,nan,20,6690,528296800,528296800,219,366637979200,366637979200,143394,False
695,0.6664049537157354,0.8106936416184971,nan,nan,20,6228,528296800,528296800,204,367166276000,367166276000,143598,False
696,0.6099172065536715,0.8205050657795252,nan,nan,20,6613,528296800,528296800,215,367694572800,367694572800,143813,False
697,0.7018135791118183,0.8006349206349206,nan,nan,20,6300,528296800,528296800,205,368222869600,368222869600,144018,False
698,0.7334511954622844,0.7944869389522298,nan,nan,20,6929,528296800,528296800,227,368751166400,368751166400,144245,False
699,0.7898300610936645,0.7740167633784655,nan,nan,20,6204,528296800,528296800,204,369279463200,369279463200,144449,False
700,0.6893474301430343,0.8118981050015532,0.815197697417379,0.7633449949215664,20,6438,528296800,528296800,214,369807760000,369807760000,144663,False
701,0.712535146344316,0.7904201405917933,nan,nan,20,6117,528296800,528296800,201,370336056800,370336056800,144864,False
702,0.7011547465970152,0.8110043952466222,nan,nan,20,6143,528296800,528296800,200,370864353600,370864353600,145064,False
703,0.6841658569658846,0.8061967467079784,nan,nan,20,6455,528296800,528296800,212,371392650400,371392650400,145276,False
704,0.6175041518891863,0.8168714168714168,nan,nan,20,6105,528296800,528296800,201,371920947200,371920947200,145477,False
705,0.6638001433955817,0.8101823708206687,nan,nan,20,6580,528296800,528296800,216,372449244000,372449244000,145693,False
706,0.7125822804512623,0.798175598631699,nan,nan,20,6139,528296800,528296800,201,372977540800,372977540800,145894,False
707,0.6572977892815552,0.8116555428943513,nan,nan,20,6143,528296800,528296800,202,373505837600,373505837600,146096,False
708,0.6923839195044583,0.8039184453647659,nan,nan,20,6278,528296800,528296800,206,374034134400,374034134400,146302,False
709,0.7797772045449514,0.7856691919191919,nan,nan,20,6336,528296800,528296800,209,374562431200,374562431200,146511,False
710,0.7851595742274268,0.7756470221390708,0.7834050362487637,0.7759846518451642,20,6414,528296800,528296800,210,375090728000,375090728000,146721,False
711,0.6592126675191242,0.8077669902912621,nan,nan,20,6180,528296800,528296800,202,375619024800,375619024800,146923,False
712,0.6364726818234869,0.8171767344976767,nan,nan,20,6241,528296800,528296800,207,376147321600,376147321600,147130,False
713,0.6427546758375859,0.8175076575850395,nan,nan,20,6203,528296800,528296800,205,376675618400,376675618400,147335,False
714,0.7182284684851765,0.79625,nan,nan,20,6400,528296800,528296800,209,377203915200,377203915200,147544,False
715,0.650588594496029,0.8112598806259074,nan,nan,20,6199,528296800,528296800,204,377732212000,377732212000,147748,False
716,0.6214219128130472,0.8139110225763613,nan,nan,20,6024,528296800,528296800,196,378260508800,378260508800,147944,False
717,0.6803171227037353,0.804953560371517,nan,nan,20,6460,528296800,528296800,212,378788805600,378788805600,148156,False
718,0.6169078265355377,0.8243940578577014,nan,nan,20,6395,528296800,528296800,209,379317102400,379317102400,148365,False
719,0.6647056111781467,0.8067694263467344,nan,nan,20,6293,528296800,528296800,207,379845399200,379845399200,148572,False
720,0.6717678161457845,0.8078589108910891,0.7728354701701492,0.7784674415980137,20,6464,528296800,528296800,212,380373696000,380373696000,148784,False
721,0.6043780458579661,0.8241498740554156,nan,nan,20,6352,528296800,528296800,210,380901992800,380901992800,148994,False
722,0.7417011948689377,0.793032134902959,nan,nan,20,6286,528296800,528296800,207,381430289600,381430289600,149201,False
723,0.7992989684924685,0.7752604597320986,nan,nan,20,6047,528296800,528296800,201,381958586400,381958586400,149402,False
724,0.6705126662820391,0.8099309437684972,nan,nan,20,6082,528296800,528296800,199,382486883200,382486883200,149601,False
725,0.7040960515144608,0.801529255319149,nan,nan,20,6016,528296800,528296800,198,383015180000,383015180000,149799,False
726,0.6475286475698147,0.8141203326267732,nan,nan,20,6133,528296800,528296800,201,383543476800,383543476800,150000,False
727,0.6294439023851197,0.8194467179571124,nan,nan,20,6109,528296800,528296800,198,384071773600,384071773600,150198,False
728,0.6706910935208199,0.8063900810681927,nan,nan,20,6291,528296800,528296800,205,384600070400,384600070400,150403,False
729,0.7479520771000365,0.7942156268927922,nan,nan,20,6604,528296800,528296800,217,385128367200,385128367200,150620,False
730,0.7078573262699106,0.7999042604116803,0.7583177182182288,0.7820787721476131,20,6267,528296800,528296800,206,385656664000,385656664000,150826,False
731,0.6423168962964688,0.8117396593673966,nan,nan,20,6576,528296800,528296800,215,386184960800,386184960800,151041,False
732,0.6430395105885452,0.8121852152721365,nan,nan,20,6155,528296800,528296800,203,386713257600,386713257600,151244,False
733,0.5851281971960258,0.8275810324129652,nan,nan,20,6664,528296800,528296800,214,387241554400,387241554400,151458,False
734,0.6643162808430517,0.805021193348549,nan,nan,20,6134,528296800,528296800,202,387769851200,387769851200,151660,False
735,0.5786798862847798,0.8357495881383855,nan,nan,20,6070,528296800,528296800,197,388298148000,388298148000,151857,False
736,0.7495931552643756,0.7914859437751004,nan,nan,20,6225,528296800,528296800,203,388826444800,388826444800,152060,False
737,0.7390999905115228,0.78813828100222,nan,nan,20,6306,528296800,528296800,205,389354741600,389354741600,152265,False
738,0.7038296254692815,0.8021560886729426,nan,nan,20,6586,528296800,528296800,216,389883038400,389883038400,152481,False
739,0.659874247170117,0.8130985480383071,nan,nan,20,6474,528296800,528296800,213,390411335200,390411335200,152694,False
740,0.6441015403738803,0.822661644695543,0.7617544654919485,0.7814016476695632,20,6372,528296800,528296800,211,390939632000,390939632000,152905,False
741,0.693371899830468,0.7948171231753322,nan,nan,20,6097,528296800,528296800,198,391467928800,391467928800,153103,False
742,0.6186719746667729,0.8212058212058212,nan,nan,20,6734,528296800,528296800,221,391996225600,391996225600,153324,False
743,0.5827506759918062,0.8292493796526055,nan,nan,20,6448,528296800,528296800,213,392524522400,392524522400,153537,False
744,0.7291214312312221,0.7924207269914927,nan,nan,20,6465,528296800,528296800,211,393052819200,393052819200,153748,False
745,0.6018845359441256,0.8266191509141617,nan,nan,20,6454,528296800,528296800,209,393581116000,393581116000,153957,False
746,0.686597935559506,0.8062418725617685,nan,nan,20,6152,528296800,528296800,203,394109412800,394109412800,154160,False
747,0.6819969372972766,0.8076746674820364,nan,nan,20,6541,528296800,528296800,215,394637709600,394637709600,154375,False
748,0.6788938721129156,0.8068612897905327,nan,nan,20,6063,528296800,528296800,197,395166006400,395166006400,154572,False
749,0.7056000609454238,0.8001979871308365,nan,nan,20,6061,528296800,528296800,200,395694303200,395694303200,154772,False
750,0.6805768063637706,0.8111355559316297,0.7472983945466746,0.7864800812549374,20,5909,528296800,528296800,194,396222600000,396222600000,154966,False
751,0.7080545470758682,0.7946443239691146,nan,nan,20,6087,528296800,528296800,201,396750896800,396750896800,155167,False
752,0.6745637210995172,0.8093454900683816,nan,nan,20,6142,528296800,528296800,201,397279193600,397279193600,155368,False
753,0.6387191533551615,0.814558325638658,nan,nan,20,6498,528296800,528296800,211,397807490400,397807490400,155579,False
754,0.5680820240366387,0.8395081443628234,nan,nan,20,6262,528296800,528296800,203,398335787200,398335787200,155782,False
755,0.6110395347032711,0.8256274768824307,nan,nan,20,6056,528296800,528296800,199,398864084000,398864084000,155981,False
756,0.7248692912962049,0.7974341661039838,nan,nan,20,5924,528296800,528296800,192,399392380800,399392380800,156173,False
757,0.5931740865570281,0.8301382778126964,nan,nan,20,6364,528296800,528296800,209,399920677600,399920677600,156382,False
758,0.5813089775392417,0.8321917808219178,nan,nan,20,6424,528296800,528296800,209,400448974400,400448974400,156591,False
759,0.6103209766426754,0.8184366241046404,nan,nan,20,6422,528296800,528296800,210,400977271200,400977271200,156801,False
760,0.6129960539465266,0.8203483043079743,0.7433884976182211,0.7867622164541248,20,6546,528296800,528296800,215,401505568000,401505568000,157016,False
761,0.6235135993948749,0.8207968259216399,nan,nan,20,6049,528296800,528296800,199,402033864800,402033864800,157215,False
762,0.6354214802472656,0.8146741607169983,nan,nan,20,6583,528296800,528296800,216,402562161600,402562161600,157431,False
763,0.6603065259352479,0.8071000162100826,nan,nan,20,6169,528296800,528296800,202,403090458400,403090458400,157633,False
764,0.7034283974443,0.7921725239616614,nan,nan,20,6260,528296800,528296800,205,403618755200,403618755200,157838,False
765,0.7008899413306945,0.7956971588109706,nan,nan,20,6089,528296800,528296800,201,404147052000,404147052000,158039,False
766,0.7196842275106571,0.802735402419779,nan,nan,20,5703,528296800,528296800,187,404675348800,404675348800,158226,False
767,0.5954708447307117,0.8295066708035991,nan,nan,20,6446,528296800,528296800,211,405203645600,405203645600,158437,False
768,0.6502510333426159,0.8124412409902851,nan,nan,20,6382,528296800,528296800,208,405731942400,405731942400,158645,False
769,0.6765976302479186,0.815583586140827,nan,nan,20,6263,528296800,528296800,204,406260239200,406260239200,158849,False
770,0.5729440319106804,0.8317901234567902,0.7272252579491962,0.7921227852386864,20,6480,528296800,528296800,213,406788536000,406788536000,159062,False
771,0.6999929117565469,0.8008694198294599,nan,nan,20,5981,528296800,528296800,197,407316832800,407316832800,159259,False
772,0.6010287199035517,0.8281082734363052,nan,nan,20,6539,528296800,528296800,213,407845129600,407845129600,159472,False
773,0.6493462566274454,0.8105481198215424,nan,nan,20,6276,528296800,528296800,206,408373426400,408373426400,159678,False
774,0.6725004774425437,0.8043087971274686,nan,nan,20,6127,528296800,528296800,198,408901723200,408901723200,159876,False
775,0.6515153635252908,0.8136570031435557,nan,nan,20,5726,528296800,528296800,186,409430020000,409430020000,160062,False
776,0.6905261776758318,0.7965674696898126,nan,nan,20,6351,528296800,528296800,208,409958316800,409958316800,160270,False
777,0.6606056384230748,0.8103694307911844,nan,nan,20,6307,528296800,528296800,206,410486613600,410486613600,160476,False
778,0.7029913470787869,0.8043195842806106,nan,nan,20,6158,528296800,528296800,203,411014910400,411014910400,160679,False
779,0.5958774672116005,0.8193323841164373,nan,nan,20,6321,528296800,528296800,207,411543207200,411543207200,160886,False
780,0.6426282332855267,0.8178175092478421,0.7254353642746203,0.7895835684459993,20,6488,528296800,528296800,212,412071504000,412071504000,161098,False
781,0.6178106971113473,0.829415501905972,nan,nan,20,6296,528296800,528296800,205,412599800800,412599800800,161303,False
782,0.6540362974096579,0.8079253315867038,nan,nan,20,6107,528296800,528296800,200,413128097600,413128097600,161503,False
783,0.6547109242028478,0.8163363171355499,nan,nan,20,6256,528296800,528296800,206,413656394400,413656394400,161709,False
784,0.6667791206050572,0.8106301718650541,nan,nan,20,6284,528296800,528296800,205,414184691200,414184691200,161914,False
785,0.6882695367570016,0.8012549019607843,nan,nan,20,6375,528296800,528296800,209,414712988000,414712988000,162123,False
786,0.5392235816199766,0.83729216152019,nan,nan,20,6736,528296800,528296800,221,415241284800,415241284800,162344,False
787,0.6106323171653674,0.8220429289085097,nan,nan,20,6569,528296800,528296800,217,415769581600,415769581600,162561,False
788,0.6717921036798258,0.8107120152574698,nan,nan,20,6292,528296800,528296800,207,416297878400,416297878400,162768,False
789,0.582976980792,0.8296007789678675,nan,nan,20,6162,528296800,528296800,203,416826175200,416826175200,162971,False
790,0.5546306593179198,0.835247883917775,0.7175704883595458,0.7926306285972238,20,6616,528296800,528296800,216,417354472000,417354472000,163187,False
791,0.6624876714507253,0.8159722222222222,nan,nan,20,6624,528296800,528296800,218,417882768800,417882768800,163405,False
792,0.7291993384810148,0.7877786952931461,nan,nan,20,6055,528296800,528296800,199,418411065600,418411065600,163604,False
793,0.6542051417462271,0.8059585088129777,nan,nan,20,6411,528296800,528296800,210,418939362400,418939362400,163814,False
794,0.6709213345434084,0.8071928071928072,nan,nan,20,6006,528296800,528296800,197,419467659200,419467659200,164011,False
795,0.6072244144084111,0.8169079869219991,nan,nan,20,6423,528296800,528296800,211,419995956000,419995956000,164222,False
796,0.5775678931497155,0.8371409921671018,nan,nan,20,6128,528296800,528296800,202,420524252800,420524252800,164424,False
797,0.6177855816195651,0.8168921148135929,nan,nan,20,6062,528296800,528296800,200,421052549600,421052549600,164624,False
798,0.5858495028320089,0.8252051401145688,nan,nan,20,6459,528296800,528296800,211,421580846400,421580846400,164835,False
799,0.5924413617017028,0.8266301035953687,nan,nan,20,6564,528296800,528296800,215,422109143200,422109143200,165050,False
800,0.5860571292655908,0.8264645507658298,0.7100728463607291,0.7964676673061731,20,6333,528296800,528296800,209,422637440000,422637440000,165259,False
801,0.5332319048548739,0.8416679489152177,nan,nan,20,6499,528296800,528296800,214,423165736800,423165736800,165473,False
802,0.6408094597464226,0.8154283801874164,nan,nan,20,5976,528296800,528296800,195,423694033600,423694033600,165668,False
803,0.6377612730507235,0.8180446084185813,nan,nan,20,5963,528296800,528296800,197,424222330400,424222330400,165865,False
804,0.6292457922645652,0.8213884880551547,nan,nan,20,6237,528296800,528296800,203,424750627200,424750627200,166068,False
805,0.6329623879146583,0.8127788400254939,nan,nan,20,6276,528296800,528296800,207,425278924000,425278924000,166275,False
806,0.5860865782801167,0.8325041459369817,nan,nan,20,6030,528296800,528296800,199,425807220800,425807220800,166474,False
807,0.6406562981083374,0.808099173553719,nan,nan,20,6050,528296800,528296800,199,426335517600,426335517600,166673,False
808,0.6327566531408336,0.8140808764298373,nan,nan,20,6207,528296800,528296800,207,426863814400,426863814400,166880,False
809,0.5829713868693142,0.8190649666059502,nan,nan,20,6588,528296800,528296800,215,427392111200,427392111200,167095,False
810,0.6007344157207115,0.8292682926829268,0.7067457598416185,0.7937027423541361,20,6355,528296800,528296800,207,427920408000,427920408000,167302,False
811,0.590730210595554,0.8246774193548387,nan,nan,20,6200,528296800,528296800,203,428448704800,428448704800,167505,False
812,0.674925630655877,0.8074848831508417,nan,nan,20,6119,528296800,528296800,201,428977001600,428977001600,167706,False
813,0.5572787344898112,0.8374432186891628,nan,nan,20,6164,528296800,528296800,203,429505298400,429505298400,167909,False
814,0.6298706764574723,0.8208442408376964,nan,nan,20,6112,528296800,528296800,199,430033595200,430033595200,168108,False
815,0.5289511564153471,0.8490536524323479,nan,nan,20,6393,528296800,528296800,210,430561892000,430561892000,168318,False
816,0.5391849291069832,0.8426535927685,nan,nan,20,6527,528296800,528296800,214,431090188800,431090188800,168532,False
817,0.5744624513388608,0.8313872022419431,nan,nan,20,6423,528296800,528296800,210,431618485600,431618485600,168742,False
818,0.5607980012777353,0.8388758782201405,nan,nan,20,6405,528296800,528296800,211,432146782400,432146782400,168953,False
819,0.6168414512229742,0.8195418419822347,nan,nan,20,6417,528296800,528296800,209,432675079200,432675079200,169162,False
820,0.5229389789081739,0.8511342155009451,0.7203905187171357,0.7893014332468119,20,6348,528296800,528296800,208,433203376000,433203376000,169370,False
821,0.5559741814204425,0.8360577686081574,nan,nan,20,6301,528296800,528296800,208,433731672800,433731672800,169578,False
822,0.6528321404770036,0.8160200250312891,nan,nan,20,6392,528296800,528296800,206,434259969600,434259969600,169784,False
823,0.6525697658573112,0.8086730798595205,nan,nan,20,6549,528296800,528296800,213,434788266400,434788266400,169997,False
824,0.5694658100288307,0.8433697828430617,nan,nan,20,6493,528296800,528296800,211,435316563200,435316563200,170208,False
825,0.5612917938530445,0.8307450980392157,nan,nan,20,6375,528296800,528296800,209,435844860000,435844860000,170417,False
826,0.615548939379421,0.8189248663942157,nan,nan,20,6362,528296800,528296800,209,436373156800,436373156800,170626,False
827,0.5805556702318702,0.8295814573953644,nan,nan,20,5997,528296800,528296800,196,436901453600,436901453600,170822,False
828,0.6463432223112174,0.8113621038435603,nan,nan,20,5932,528296800,528296800,196,437429750400,437429750400,171018,False
829,0.5801224952255897,0.8279943190784282,nan,nan,20,6337,528296800,528296800,206,437958047200,437958047200,171224,False
830,0.5579578997893417,0.8402541059807871,0.6892769416612772,0.8031824850468344,20,6454,528296800,528296800,210,438486344000,438486344000,171434,False
831,0.5143005397537013,0.8469004383218535,nan,nan,20,6388,528296800,528296800,211,439014640800,439014640800,171645,False
832,0.5712179390664318,0.8332029416366766,nan,nan,20,6391,528296800,528296800,210,439542937600,439542937600,171855,False
833,0.6290960852259172,0.8218276442675647,nan,nan,20,6533,528296800,528296800,214,440071234400,440071234400,172069,False
834,0.6597844471961972,0.8033415082771306,nan,nan,20,6524,528296800,528296800,213,440599531200,440599531200,172282,False
835,0.6495161562788292,0.8098232494901427,nan,nan,20,5884,528296800,528296800,193,441127828000,441127828000,172475,False
836,0.6201851854660478,0.8172573189522342,nan,nan,20,6490,528296800,528296800,213,441656124800,441656124800,172688,False
837,0.5372210507865648,0.845945945945946,nan,nan,20,6660,528296800,528296800,219,442184421600,442184421600,172907,False
838,0.6218027046532089,0.8243744955609362,nan,nan,20,6195,528296800,528296800,203,442712718400,442712718400,173110,False
839,0.6267823206096823,0.8207688467299051,nan,nan,20,6009,528296800,528296800,196,443241015200,443241015200,173306,False
840,0.5319437048283513,0.848173335442037,0.6898122160042695,0.80013542489561,20,6323,528296800,528296800,208,443769312000,443769312000,173514,False
841,0.5742642642993265,0.8272655634357762,nan,nan,20,6345,528296800,528296800,208,444297608800,444297608800,173722,False
842,0.6472422501067842,0.8122513922036595,nan,nan,20,6285,528296800,528296800,207,444825905600,444825905600,173929,False
843,0.5426520485590404,0.8379766536964981,nan,nan,20,6425,528296800,528296800,211,445354202400,445354202400,174140,False
844,0.5644406998729158,0.8363254083778101,nan,nan,20,6183,528296800,528296800,203,445882499200,445882499200,174343,False
845,0.5534324914935039,0.8442944592685606,nan,nan,20,6371,528296800,528296800,209,446410796000,446410796000,174552,False
846,0.5576917017392843,0.8399428934010152,nan,nan,20,6304,528296800,528296800,206,446939092800,446939092800,174758,False
847,0.5359945863205386,0.8478905735003296,nan,nan,20,6068,528296800,528296800,197,447467389600,447467389600,174955,False
848,0.6309848259016343,0.8210178036867811,nan,nan,20,6347,528296800,528296800,207,447995686400,447995686400,175162,False
849,0.5328346839575188,0.8517455762792921,nan,nan,20,6273,528296800,528296800,204,448523983200,448523983200,175366,False
850,0.5879786259055756,0.8289432909823365,0.6800529401601807,0.8013203927321972,20,6454,528296800,528296800,209,449052280000,449052280000,175575,False
851,0.5489859934434612,0.8394632991318074,nan,nan,20,6335,528296800,528296800,208,449580576800,449580576800,175783,False
852,0.6218002887937365,0.8237967014473241,nan,nan,20,5942,528296800,528296800,192,450108873600,450108873600,175975,False
853,0.5610066413890155,0.8388960205391528,nan,nan,20,6232,528296800,528296800,204,450637170400,450637170400,176179,False
854,0.496684454902709,0.8572696346694276,nan,nan,20,6761,528296800,528296800,220,451165467200,451165467200,176399,False
855,0.6650067889038929,0.8097879282218597,nan,nan,20,6130,528296800,528296800,201,451693764000,451693764000,176600,False
856,0.5988723115405188,0.824847250509165,nan,nan,20,6383,528296800,528296800,210,452222060800,452222060800,176810,False
857,0.7397096332799394,0.7897605284888521,nan,nan,20,6055,528296800,528296800,202,452750357600,452750357600,177012,False
858,0.5998160237658411,0.8304362085929813,nan,nan,20,6098,528296800,528296800,199,453278654400,453278654400,177211,False
859,0.5302790238295978,0.8410450110166824,nan,nan,20,6354,528296800,528296800,210,453806951200,453806951200,177421,False
860,0.5944548214701724,0.8240711832656884,0.6617857504612086,0.8093330323891209,20,6406,528296800,528296800,210,454335248000,454335248000,177631,False
861,0.600275676042594,0.8310306495156423,nan,nan,20,6297,528296800,528296800,207,454863544800,454863544800,177838,False
862,0.614683357969163,0.8197278911564626,nan,nan,20,6174,528296800,528296800,203,455391841600,455391841600,178041,False
863,0.6158000426409821,0.8130330945069942,nan,nan,20,5862,528296800,528296800,192,455920138400,455920138400,178233,False
864,0.5718484309191505,0.8346153846153846,nan,nan,20,6240,528296800,528296800,205,456448435200,456448435200,178438,False
865,0.5572741078105534,0.8373879641485276,nan,nan,20,6248,528296800,528296800,203,456976732000,456976732000,178641,False
866,0.6159641413367822,0.8215954875100725,nan,nan,20,6205,528296800,528296800,205,457505028800,457505028800,178846,False
867,0.5954436783390982,0.8263314071528971,nan,nan,20,6403,528296800,528296800,210,458033325600,458033325600,179056,False
868,0.5521616591690179,0.8375332602911254,nan,nan,20,6389,528296800,528296800,209,458561622400,458561622400,179265,False
869,0.6553810985949612,0.8067617369011376,nan,nan,20,6241,528296800,528296800,203,459089919200,459089919200,179468,False
870,0.529648620924614,0.8480582524271845,0.6611156096214662,0.8071888048752962,20,6180,528296800,528296800,203,459618216000,459618216000,179671,False
871,0.6010413618895831,0.8304570150207734,nan,nan,20,6258,528296800,528296800,206,460146512800,460146512800,179877,False
872,0.554426797989554,0.8313628899835797,nan,nan,20,6090,528296800,528296800,199,460674809600,460674809600,180076,False
873,0.525641335350825,0.8495212038303693,nan,nan,20,6579,528296800,528296800,216,461203106400,461203106400,180292,False
874,0.5467491911647312,0.8373644703919934,nan,nan,20,5995,528296800,528296800,197,461731403200,461731403200,180489,False
875,0.5104501673205137,0.8463553706272153,nan,nan,20,6489,528296800,528296800,212,462259700000,462259700000,180701,False
876,0.6067333473714275,0.8284818629646216,nan,nan,20,6699,528296800,528296800,219,462787996800,462787996800,180920,False
877,0.5759514763963416,0.8352845528455285,nan,nan,20,6150,528296800,528296800,201,463316293600,463316293600,181121,False
878,0.5864401363427795,0.8312531203195207,nan,nan,20,6009,528296800,528296800,199,463844590400,463844590400,181320,False
879,0.5522416599485539,0.8417613194336393,nan,nan,20,6427,528296800,528296800,211,464372887200,464372887200,181531,False
880,0.5595001871925904,0.8387388746417257,0.6509405355019758,0.8122108114208328,20,6629,528296800,528296800,216,464901184000,464901184000,181747,False
881,0.5358167682768038,0.8366224522808152,nan,nan,20,6182,528296800,528296800,203,465429480800,465429480800,181950,False
882,0.5317994267829126,0.8374399504106617,nan,nan,20,6453,528296800,528296800,211,465957777600,465957777600,182161,False
883,0.5841879118286751,0.8255594075007879,nan,nan,20,6346,528296800,528296800,208,466486074400,466486074400,182369,False
884,0.5614552614408945,0.8379809939242873,nan,nan,20,6419,528296800,528296800,211,467014371200,467014371200,182580,False
885,0.5363133749401713,0.8411244979919679,nan,nan,20,6225,528296800,528296800,202,467542668000,467542668000,182782,False
886,0.6415790832008165,0.8181973078889078,nan,nan,20,5869,528296800,528296800,191,468070964800,468070964800,182973,False
887,0.5581862818161609,0.8391386953768207,nan,nan,20,6316,528296800,528296800,205,468599261600,468599261600,183178,False
888,0.5687150024210723,0.8362867826369697,nan,nan,20,6151,528296800,528296800,200,469127558400,469127558400,183378,False
889,0.5483071042741259,0.8281508435329143,nan,nan,20,6046,528296800,528296800,199,469655855200,469655855200,183577,False
890,0.576116294846957,0.8288384921851057,0.6452915059525977,0.8135086333370951,20,6526,528296800,528296800,215,470184152000,470184152000,183792,False
891,0.685612065383998,0.8045531197301855,nan,nan,20,5930,528296800,528296800,193,470712448800,470712448800,183985,False
892,0.5124335088856853,0.8545324768022841,nan,nan,20,7005,528296800,528296800,230,471240745600,471240745600,184215,False
893,0.5637126601091813,0.8397394136807818,nan,nan,20,6140,528296800,528296800,201,471769042400,471769042400,184416,False
894,0.6022003550356302,0.820443310476798,nan,nan,20,6271,528296800,528296800,206,472297339200,472297339200,184622,False
895,0.5899337120342285,0.8343440791573572,nan,nan,20,6266,528296800,528296800,202,472825636000,472825636000,184824,False
896,0.5620131472206862,0.835130489138928,nan,nan,20,6399,528296800,528296800,208,473353932800,473353932800,185032,False
897,0.5155678295817263,0.8407106293285155,nan,nan,20,6642,528296800,528296800,217,473882229600,473882229600,185249,False
898,0.5202874103926854,0.8465535686993734,nan,nan,20,6543,528296800,528296800,213,474410526400,474410526400,185462,False
899,0.5747529059266491,0.8327483595299863,nan,nan,20,6553,528296800,528296800,214,474938823200,474938823200,185676,False
900,0.5245229574338969,0.8474850396247776,0.6522336260834661,0.8103487191061957,20,6183,528296800,528296800,204,475467120000,475467120000,185880,False
901,0.5349390839486968,0.8412083656080558,nan,nan,20,6455,528296800,528296800,212,475995416800,475995416800,186092,False
902,0.4839016867804011,0.8609457671957672,nan,nan,20,6048,528296800,528296800,198,476523713600,476523713600,186290,False
903,0.5550596952328026,0.8312509640598489,nan,nan,20,6483,528296800,528296800,212,477052010400,477052010400,186502,False
904,0.5535809660607234,0.8432250839865622,nan,nan,20,6251,528296800,528296800,205,477580307200,477580307200,186707,False
905,0.6446957305850369,0.8179899334307518,nan,nan,20,6159,528296800,528296800,202,478108604000,478108604000,186909,False
906,0.5312940996139126,0.845163222521713,nan,nan,20,6678,528296800,528296800,215,478636900800,478636900800,187124,False
907,0.5587807427675013,0.8349906774394034,nan,nan,20,6436,528296800,528296800,212,479165197600,479165197600,187336,False
908,0.5916400509023668,0.8218894376294408,nan,nan,20,6277,528296800,528296800,206,479693494400,479693494400,187542,False
909,0.5954019273667638,0.8301944572041035,nan,nan,20,6531,528296800,528296800,215,480221791200,480221791200,187757,False
910,0.5753859396050519,0.833943833943834,0.6405312581722065,0.8139036226159576,20,6552,528296800,528296800,214,480750088000,480750088000,187971,False
911,0.6169651189276855,0.8241932920044508,nan,nan,20,6291,528296800,528296800,206,481278384800,481278384800,188177,False
912,0.5579183000105399,0.836432350718065,nan,nan,20,6615,528296800,528296800,214,481806681600,481806681600,188391,False
913,0.568457699814633,0.834271922767498,nan,nan,20,6215,528296800,528296800,203,482334978400,482334978400,188594,False
914,0.6707322232658527,0.8077967726473878,nan,nan,20,6259,528296800,528296800,203,482863275200,482863275200,188797,False
915,0.5945008659936918,0.8238820479585224,nan,nan,20,6172,528296800,528296800,201,483391572000,483391572000,188998,False
916,0.5952699905184039,0.8340280994287479,nan,nan,20,6477,528296800,528296800,212,483919868800,483919868800,189210,False
917,0.6178023859129169,0.8193537859007833,nan,nan,20,6128,528296800,528296800,201,484448165600,484448165600,189411,False
918,0.619513078119084,0.8276536768302625,nan,nan,20,6133,528296800,528296800,201,484976462400,484976462400,189612,False
919,0.5956464019075645,0.8256541981056349,nan,nan,20,6229,528296800,528296800,206,485504759200,485504759200,189818,False
920,0.6113821220760913,0.8248280275155975,0.6322107486996071,0.8153142986118949,20,6251,528296800,528296800,204,486033056000,486033056000,190022,False
921,0.6577548988694769,0.8067310896367877,nan,nan,20,6002,528296800,528296800,196,486561352800,486561352800,190218,False
922,0.5955407118618162,0.8238875878220141,nan,nan,20,6405,528296800,528296800,210,487089649600,487089649600,190428,False
923,0.5755077324911769,0.8309479710388954,nan,nan,20,5939,528296800,528296800,195,487617946400,487617946400,190623,False
924,0.5548798955005255,0.8336643495531281,nan,nan,20,6042,528296800,528296800,197,488146243200,488146243200,190820,False
925,0.5224165723634155,0.8515660463004994,nan,nan,20,6609,528296800,528296800,216,488674540000,488674540000,191036,False
926,0.5482186694892329,0.8431923331130204,nan,nan,20,6052,528296800,528296800,197,489202836800,489202836800,191233,False
927,0.5139176185690795,0.8517365661861075,nan,nan,20,6104,528296800,528296800,198,489731133600,489731133600,191431,False
928,0.508733465660906,0.8449077546122694,nan,nan,20,6667,528296800,528296800,219,490259430400,490259430400,191650,False
929,0.5423875651275893,0.8406976744186047,nan,nan,20,6020,528296800,528296800,196,490787727200,490787727200,191846,False
930,0.5378793306614769,0.8373153096510532,0.6341448764999595,0.814185757815145,20,6362,528296800,528296800,208,491316024000,491316024000,192054,False
931,0.5789532492671317,0.8337288403733586,nan,nan,20,6321,528296800,528296800,205,491844320800,491844320800,192259,False
932,0.6072249717947856,0.8228359173126615,nan,nan,20,6192,528296800,528296800,203,492372617600,492372617600,192462,False
933,0.5367426147219396,0.8429818887451488,nan,nan,20,6184,528296800,528296800,203,492900914400,492900914400,192665,False
934,0.5303315584346944,0.8343137254901961,nan,nan,20,6120,528296800,528296800,200,493429211200,493429211200,192865,False
935,0.5623949487768868,0.8380458423958508,nan,nan,20,5977,528296800,528296800,196,493957508000,493957508000,193061,False
936,0.5957825955940651,0.8195695313692566,nan,nan,20,6551,528296800,528296800,214,494485804800,494485804800,193275,False
937,0.6107219074341717,0.8231772831926324,nan,nan,20,6515,528296800,528296800,215,495014101600,495014101600,193490,False
938,0.5613153687871861,0.834398877280524,nan,nan,20,6413,528296800,528296800,208,495542398400,495542398400,193698,False
939,0.5037687651344561,0.8527131782945736,nan,nan,20,5805,528296800,528296800,193,496070695200,496070695200,193891,False
940,0.5057440365386474,0.8582792207792208,0.6253835099529916,0.8172328179663695,20,6160,528296800,528296800,202,496598992000,496598992000,194093,False
941,0.5713066341305199,0.8358908092392182,nan,nan,20,6191,528296800,528296800,203,497127288800,497127288800,194296,False
942,0.5185587557718665,0.8504628903185313,nan,nan,20,6373,528296800,528296800,208,497655585600,497655585600,194504,False
943,0.5213874952919683,0.844041117892708,nan,nan,20,6226,528296800,528296800,203,498183882400,498183882400,194707,False
944,0.6290330997534811,0.8173455978975033,nan,nan,20,6088,528296800,528296800,199,498712179200,498712179200,194906,False
945,0.5750340385664191,0.8343271555197421,nan,nan,20,6205,528296800,528296800,203,499240476000,499240476000,195109,False
946,0.6665225633995444,0.8115140673280208,nan,nan,20,6149,528296800,528296800,202,499768772800,499768772800,195311,False
947,0.4908270297895517,0.8502209854313308,nan,nan,20,6109,528296800,528296800,199,500297069600,500297069600,195510,False
948,0.5587298683202194,0.8329214038556599,nan,nan,20,6069,528296800,528296800,200,500825366400,500825366400,195710,False
949,0.5518200657828171,0.8465247755237778,nan,nan,20,6014,528296800,528296800,197,501353663200,501353663200,195907,False
950,0.5182073753533052,0.8470477386934674,0.6319544707298709,0.8135650603769327,20,6368,528296800,528296800,210,501881960000,501881960000,196117,False
951,0.534433438482969,0.8433598183881952,nan,nan,20,6167,528296800,528296800,200,502410256800,502410256800,196317,False
952,0.6070706003645323,0.829375105272023,nan,nan,20,5937,528296800,528296800,195,502938553600,502938553600,196512,False
953,0.4949260110193901,0.8469635627530364,nan,nan,20,6175,528296800,528296800,202,503466850400,503466850400,196714,False
954,0.5932966860432266,0.8406834825061025,nan,nan,20,6145,528296800,528296800,202,503995147200,503995147200,196916,False
955,0.4953051607395894,0.8512516046213093,nan,nan,20,6232,528296800,528296800,202,504523444000,504523444000,197118,False
956,0.49586956034111596,0.8523990860624524,nan,nan,20,6565,528296800,528296800,214,505051740800,505051740800,197332,False
957,0.6236671384804574,0.81671826625387,nan,nan,20,6460,528296800,528296800,211,505580037600,505580037600,197543,False
958,0.5780440289456827,0.8314046930247508,nan,nan,20,6222,528296800,528296800,205,506108334400,506108334400,197748,False
959,0.6346858709582387,0.8243894851454348,nan,nan,20,6429,528296800,528296800,210,506636631200,506636631200,197958,False
960,0.5169626388947169,0.854320987654321,0.6102717859308333,0.8217469811533687,20,6075,528296800,528296800,199,507164928000,507164928000,198157,False
961,0.47283098539037705,0.8556767158434894,nan,nan,20,6236,528296800,528296800,205,507693224800,507693224800,198362,False
962,0.5175773425740476,0.8533803053178997,nan,nan,20,5961,528296800,528296800,193,508221521600,508221521600,198555,False
963,0.4990823769205598,0.852504211977332,nan,nan,20,6529,528296800,528296800,215,508749818400,508749818400,198770,False
964,0.5871676586845964,0.8192320208265539,nan,nan,20,6146,528296800,528296800,204,509278115200,509278115200,198974,False
965,0.5423795612355006,0.8372837924407431,nan,nan,20,6244,528296800,528296800,208,509806412000,509806412000,199182,False
966,0.4703069850612356,0.8574617346938775,nan,nan,20,6272,528296800,528296800,203,510334708800,510334708800,199385,False
967,0.5912087314705579,0.8284512056967147,nan,nan,20,6179,528296800,528296800,202,510863005600,510863005600,199587,False
968,0.5664932247309717,0.8292204608596175,nan,nan,20,6119,528296800,528296800,204,511391302400,511391302400,199791,False
969,0.4731334319316323,0.8657791699295223,nan,nan,20,6385,528296800,528296800,208,511919599200,511919599200,199999,False
970,0.510271768019586,0.8489197033215092,0.6088705654002221,0.8194334725200316,20,6202,528296800,528296800,204,512447896000,512447896000,200203,False
971,0.4830471115256456,0.8596658711217183,nan,nan,20,6285,528296800,528296800,206,512976192800,512976192800,200409,False
972,0.5841514605649059,0.8224678913997724,nan,nan,20,6151,528296800,528296800,202,513504489600,513504489600,200611,False
973,0.5529452623451414,0.8367904807846921,nan,nan,20,6219,528296800,528296800,206,514032786400,514032786400,200817,False
974,0.47561182257274986,0.85586525562677,nan,nan,20,6709,528296800,528296800,220,514561083200,514561083200,201037,False
975,0.5841205900656735,0.8289085545722714,nan,nan,20,6441,528296800,528296800,212,515089380000,515089380000,201249,False
976,0.5396304614071965,0.8381784574021173,nan,nan,20,5951,528296800,528296800,195,515617676800,515617676800,201444,False
977,0.5282661067227673,0.8418178898345913,nan,nan,20,6227,528296800,528296800,203,516145973600,516145973600,201647,False
978,0.48071262534964965,0.8546941342978456,nan,nan,20,6359,528296800,528296800,207,516674270400,516674270400,201854,False
979,0.5054079299784897,0.8480505470796733,nan,nan,20,6489,528296800,528296800,211,517202567200,517202567200,202065,False
980,0.5305859388037644,0.8423106947697112,0.6142974044127465,0.8196591806793816,20,6405,528296800,528296800,212,517730864000,517730864000,202277,False
981,0.549147579620752,0.8457646482781133,nan,nan,20,6127,528296800,528296800,201,518259160800,518259160800,202478,False
982,0.6612324539447408,0.8043478260869565,nan,nan,20,5980,528296800,528296800,199,518787457600,518787457600,202677,False
983,0.4694743560132456,0.8647169221144824,nan,nan,20,6394,528296800,528296800,209,519315754400,519315754400,202886,False
984,0.5843833456049708,0.8286489939316513,nan,nan,20,6262,528296800,528296800,205,519844051200,519844051200,203091,False
985,0.5998828757084989,0.8320293788919049,nan,nan,20,6263,528296800,528296800,206,520372348000,520372348000,203297,False
986,0.555437681402652,0.8384566122318283,nan,nan,20,6246,528296800,528296800,202,520900644800,520900644800,203499,False
987,0.46972833122335045,0.8562736392040783,nan,nan,20,6081,528296800,528296800,200,521428941600,521428941600,203699,False
988,0.5157624511623239,0.8426984645540673,nan,nan,20,6122,528296800,528296800,201,521957238400,521957238400,203900,False
989,0.5109212972339224,0.8517128874388255,nan,nan,20,6130,528296800,528296800,199,522485535200,522485535200,204099,False
990,0.5309756730554019,0.8451706843552823,0.5985156254229703,0.8233269382688184,20,6181,528296800,528296800,203,523013832000,523013832000,204302,False
991,0.596075825117627,0.829317950458093,nan,nan,20,5894,528296800,528296800,192,523542128800,523542128800,204494,False
992,0.48462366376366506,0.8541101356743814,nan,nan,20,6265,528296800,528296800,206,524070425600,524070425600,204700,False
993,0.5038411906755453,0.8430959192892636,nan,nan,20,6641,528296800,528296800,217,524598722400,524598722400,204917,False
994,0.46917585367858594,0.8647477561126586,nan,nan,20,6462,528296800,528296800,211,525127019200,525127019200,205128,False
995,0.5324462448798977,0.8450522928399035,nan,nan,20,6215,528296800,528296800,205,525655316000,525655316000,205333,False
996,0.5906718023606554,0.8337507827175955,nan,nan,20,6388,528296800,528296800,207,526183612800,526183612800,205540,False
997,0.5086002835372889,0.8536585365853658,nan,nan,20,6314,528296800,528296800,205,526711909600,526711909600,205745,False
998,0.46205013203603235,0.8636769964243146,nan,nan,20,6712,528296800,528296800,222,527240206400,527240206400,205967,False
999,0.5094661587649983,0.8453812205143814,nan,nan,20,6571,528296800,528296800,215,527768503200,527768503200,206182,False
1000,0.5099145763263988,0.847224469978961,0.593475102275129,0.825358311702968,20,6179,528296800,528296800,201,528296800000,528296800000,206383,True
