round,train_loss,train_accuracy,test_loss,test_accuracy,num_fit_clients,num_fit_examples,round_upload_bytes,round_download_bytes,round_local_steps,cumulative_upload_bytes,cumulative_download_bytes,cumulative_local_steps,run_completed
1,4.088403990621654,0.05549371919224042,nan,nan,20,6289,528296800,528296800,207,528296800,528296800,207,False
2,4.00339359047951,0.061121098218663183,nan,nan,20,6119,528296800,528296800,203,1056593600,1056593600,410,False
3,3.871065300900576,0.06894926967174493,nan,nan,20,6367,528296800,528296800,207,1584890400,1584890400,617,False
4,3.792838781749007,0.06097560975609756,nan,nan,20,5904,528296800,528296800,196,2113187200,2113187200,813,False
5,3.7436502964522465,0.06371976647206005,nan,nan,20,5995,528296800,528296800,197,2641484000,2641484000,1010,False
6,3.714146542938971,0.059090173223247534,nan,nan,20,6177,528296800,528296800,202,3169780800,3169780800,1212,False
7,3.7432653152795106,0.059154476772223116,nan,nan,20,6221,528296800,528296800,203,3698077600,3698077600,1415,False
8,3.719580904692485,0.062427936089606326,nan,nan,20,6071,528296800,528296800,198,4226374400,4226374400,1613,False
9,3.7041925212071902,0.06363497634671143,nan,nan,20,6553,528296800,528296800,214,4754671200,4754671200,1827,False
10,3.718506149778446,0.058599333015721775,3.7170315617538847,0.05907911070985216,20,6297,528296800,528296800,208,5282968000,5282968000,2035,False
11,3.709753603683479,0.06025051530045981,nan,nan,20,6307,528296800,528296800,207,5811264800,5811264800,2242,False
12,3.70905263258737,0.0668301655426119,nan,nan,20,6524,528296800,528296800,213,6339561600,6339561600,2455,False
13,3.7245966285241896,0.05460434983803795,nan,nan,20,6483,528296800,528296800,211,6867858400,6867858400,2666,False
14,3.7037765179661193,0.05758532551496016,nan,nan,20,6651,528296800,528296800,218,7396155200,7396155200,2884,False
15,3.730062162841827,0.06088141753748296,nan,nan,20,6603,528296800,528296800,215,7924452000,7924452000,3099,False
16,3.7130943061093875,0.06044740599714422,nan,nan,20,6303,528296800,528296800,207,8452748800,8452748800,3306,False
17,3.7029727506413357,0.06238244514106583,nan,nan,20,6380,528296800,528296800,208,8981045600,8981045600,3514,False
18,3.710546314762623,0.05575399906817829,nan,nan,20,6439,528296800,528296800,209,9509342400,9509342400,3723,False
19,3.716483496879175,0.06385675804151482,nan,nan,20,6311,528296800,528296800,206,10037639200,10037639200,3929,False
20,3.7005056022191987,0.062163342553501234,3.7115927393691237,0.05907911070985216,20,6869,528296800,528296800,225,10565936000,10565936000,4154,False
21,3.6840407416937495,0.06480920654149,nan,nan,20,6604,528296800,528296800,215,11094232800,11094232800,4369,False
22,3.6931828201177006,0.06874129122155133,nan,nan,20,6459,528296800,528296800,212,11622529600,11622529600,4581,False
23,3.713904314780308,0.06656534954407295,nan,nan,20,6580,528296800,528296800,213,12150826400,12150826400,4794,False
24,3.7058691274104434,0.056624605678233436,nan,nan,20,6340,528296800,528296800,205,12679123200,12679123200,4999,False
25,3.713300278666341,0.06194829760403531,nan,nan,20,6344,528296800,528296800,207,13207420000,13207420000,5206,False
26,3.6958280164047,0.06759071795670456,nan,nan,20,6421,528296800,528296800,211,13735716800,13735716800,5417,False
27,3.7182205006104274,0.06475976217258557,nan,nan,20,6223,528296800,528296800,203,14264013600,14264013600,5620,False
28,3.6881527979649893,0.06654991243432574,nan,nan,20,6281,528296800,528296800,205,14792310400,14792310400,5825,False
29,3.719010160351557,0.06370562489868699,nan,nan,20,6169,528296800,528296800,203,15320607200,15320607200,6028,False
30,3.7173506095123785,0.061436213324687954,3.71000759126155,0.05907911070985216,20,6169,528296800,528296800,200,15848904000,15848904000,6228,False
31,3.6933390743085552,0.059338970023059184,nan,nan,20,6505,528296800,528296800,212,16377200800,16377200800,6440,False
32,3.708360866593561,0.06322307316278312,nan,nan,20,6137,528296800,528296800,201,16905497600,16905497600,6641,False
33,3.705986567916714,0.05976975240498344,nan,nan,20,6341,528296800,528296800,205,17433794400,17433794400,6846,False
34,3.722194128548443,0.06117858749437697,nan,nan,20,6669,528296800,528296800,217,17962091200,17962091200,7063,False
35,3.701493732568258,0.05947955390334572,nan,nan,20,5918,528296800,528296800,196,18490388000,18490388000,7259,False
36,3.694115467650122,0.06083038300611522,nan,nan,20,6214,528296800,528296800,203,19018684800,19018684800,7462,False
37,3.7007848198853392,0.06496408619313647,nan,nan,20,6265,528296800,528296800,205,19546981600,19546981600,7667,False
38,3.6894007202829973,0.05851063829787234,nan,nan,20,6392,528296800,528296800,207,20075278400,20075278400,7874,False
39,3.6950839611113664,0.05889051569871482,nan,nan,20,6147,528296800,528296800,202,20603575200,20603575200,8076,False
40,3.7153471121058006,0.060672744419993714,3.7035343289953797,0.05907911070985216,20,6362,528296800,528296800,209,21131872000,21131872000,8285,False
41,3.703485971063172,0.06696706028589186,nan,nan,20,6436,528296800,528296800,210,21660168800,21660168800,8495,False
42,3.7108738838514466,0.06261151662611517,nan,nan,20,6165,528296800,528296800,203,22188465600,22188465600,8698,False
43,3.708498748303197,0.06012364760432767,nan,nan,20,6470,528296800,528296800,213,22716762400,22716762400,8911,False
44,3.716241890509509,0.05847953216374269,nan,nan,20,6327,528296800,528296800,206,23245059200,23245059200,9117,False
45,3.7162644892793835,0.060678370547128005,nan,nan,20,5867,528296800,528296800,191,23773356000,23773356000,9308,False
46,3.6989430465716064,0.06913734039240112,nan,nan,20,6422,528296800,528296800,208,24301652800,24301652800,9516,False
47,3.704228475906184,0.06586545965350397,nan,nan,20,6407,528296800,528296800,211,24829949600,24829949600,9727,False
48,3.7011330016138957,0.057848553786155346,nan,nan,20,6154,528296800,528296800,202,25358246400,25358246400,9929,False
49,3.701348536043888,0.06774245087074612,nan,nan,20,6259,528296800,528296800,204,25886543200,25886543200,10133,False
50,3.671484968841956,0.07490287490287491,3.7019073641094367,0.05907911070985216,20,6435,528296800,528296800,213,26414840000,26414840000,10346,False
51,3.7057410684313092,0.06661224489795918,nan,nan,20,6125,528296800,528296800,203,26943136800,26943136800,10549,False
52,3.672289925802778,0.06627056672760512,nan,nan,20,6564,528296800,528296800,215,27471433600,27471433600,10764,False
53,3.67569874873943,0.06707025649195475,nan,nan,20,6277,528296800,528296800,207,27999730400,27999730400,10971,False
54,3.6579251070304664,0.07001258653241033,nan,nan,20,6356,528296800,528296800,209,28528027200,28528027200,11180,False
55,3.6837870980011895,0.06888253872762821,nan,nan,20,6649,528296800,528296800,219,29056324000,29056324000,11399,False
56,3.6769290933067826,0.06983112733911456,nan,nan,20,6573,528296800,528296800,214,29584620800,29584620800,11613,False
57,3.6960333615038192,0.06152817254639693,nan,nan,20,5981,528296800,528296800,196,30112917600,30112917600,11809,False
58,3.6841398929214537,0.06317267197005147,nan,nan,20,6411,528296800,528296800,211,30641214400,30641214400,12020,False
59,3.677185396715996,0.0728435501481828,nan,nan,20,6411,528296800,528296800,208,31169511200,31169511200,12228,False
60,3.7055223960246613,0.06665647454517658,3.696383750273215,0.05924839182936463,20,6541,528296800,528296800,212,31697808000,31697808000,12440,False
61,3.683928276930645,0.07070063694267516,nan,nan,20,6280,528296800,528296800,206,32226104800,32226104800,12646,False
62,3.6816228149980903,0.06602409638554217,nan,nan,20,6225,528296800,528296800,205,32754401600,32754401600,12851,False
63,3.690342666992891,0.06518282988871224,nan,nan,20,6290,528296800,528296800,205,33282698400,33282698400,13056,False
64,3.698332119213217,0.06464745155512132,nan,nan,20,6141,528296800,528296800,200,33810995200,33810995200,13256,False
65,3.6699631929206697,0.06373098478783026,nan,nan,20,6245,528296800,528296800,205,34339292000,34339292000,13461,False
66,3.661917508669316,0.07359975312451782,nan,nan,20,6481,528296800,528296800,211,34867588800,34867588800,13672,False
67,3.679921462391796,0.067067383739323,nan,nan,20,6322,528296800,528296800,208,35395885600,35395885600,13880,False
68,3.6887964338164347,0.06785085613698191,nan,nan,20,6249,528296800,528296800,204,35924182400,35924182400,14084,False
69,3.6765558348872776,0.06404258751411518,nan,nan,20,6199,528296800,528296800,201,36452479200,36452479200,14285,False
70,3.6893849156407925,0.06950448952444296,3.689697328962923,0.05907911070985216,20,6014,528296800,528296800,198,36980776000,36980776000,14483,False
71,3.6838707627845846,0.0621638721923442,nan,nan,20,6322,528296800,528296800,207,37509072800,37509072800,14690,False
72,3.6801772764680574,0.06971573765285057,nan,nan,20,6297,528296800,528296800,208,38037369600,38037369600,14898,False
73,3.67027351707083,0.07405703771849126,nan,nan,20,6522,528296800,528296800,213,38565666400,38565666400,15111,False
74,3.6725734682733258,0.06388050214524074,nan,nan,20,6293,528296800,528296800,205,39093963200,39093963200,15316,False
75,3.6456619144148186,0.06547719239185322,nan,nan,20,5941,528296800,528296800,196,39622260000,39622260000,15512,False
76,3.701745134462017,0.06268316509280365,nan,nan,20,6142,528296800,528296800,202,40150556800,40150556800,15714,False
77,3.691438989626879,0.06876930580393432,nan,nan,20,6151,528296800,528296800,201,40678853600,40678853600,15915,False
78,3.6812313160406034,0.06782202966172304,nan,nan,20,6001,528296800,528296800,196,41207150400,41207150400,16111,False
79,3.6760704157962514,0.07585213634181469,nan,nan,20,6249,528296800,528296800,205,41735447200,41735447200,16316,False
80,3.691659377180442,0.07491004252535165,3.6855374091823947,0.05907911070985216,20,6114,528296800,528296800,198,42263744000,42263744000,16514,False
81,3.6655529106250526,0.07576003901804584,nan,nan,20,6151,528296800,528296800,203,42792040800,42792040800,16717,False
82,3.682098637036306,0.06671170410403648,nan,nan,20,5921,528296800,528296800,194,43320337600,43320337600,16911,False
83,3.6934274075630613,0.0677698975571316,nan,nan,20,6345,528296800,528296800,208,43848634400,43848634400,17119,False
84,3.674482248012597,0.06654705594519654,nan,nan,20,6131,528296800,528296800,203,44376931200,44376931200,17322,False
85,3.626701872402771,0.07772603179701301,nan,nan,20,6227,528296800,528296800,205,44905228000,44905228000,17527,False
86,3.6952530646350303,0.06814977283409056,nan,nan,20,6383,528296800,528296800,210,45433524800,45433524800,17737,False
87,3.6885910466131286,0.06667672348770554,nan,nan,20,6629,528296800,528296800,217,45961821600,45961821600,17954,False
88,3.6703164962224717,0.06669827722459301,nan,nan,20,6327,528296800,528296800,208,46490118400,46490118400,18162,False
89,3.6479416791002457,0.07241813602015114,nan,nan,20,6352,528296800,528296800,206,47018415200,47018415200,18368,False
90,3.6443326243412533,0.07335423197492164,3.671823103451296,0.056427039837490124,20,6380,528296800,528296800,207,47546712000,47546712000,18575,False
91,3.660575322817635,0.06426155580608793,nan,nan,20,6209,528296800,528296800,203,48075008800,48075008800,18778,False
92,3.6301786088129404,0.0861523869743914,nan,nan,20,6326,528296800,528296800,208,48603305600,48603305600,18986,False
93,3.658986316472458,0.07615102756093675,nan,nan,20,6277,528296800,528296800,205,49131602400,49131602400,19191,False
94,3.652812621915914,0.0887516254876463,nan,nan,20,6152,528296800,528296800,202,49659899200,49659899200,19393,False
95,3.676769822636364,0.07659643965376449,nan,nan,20,6123,528296800,528296800,197,50188196000,50188196000,19590,False
96,3.6428100201180316,0.08985459892174481,nan,nan,20,6121,528296800,528296800,200,50716492800,50716492800,19790,False
97,3.628421118137069,0.07884914463452566,nan,nan,20,6430,528296800,528296800,211,51244789600,51244789600,20001,False
98,3.6461277497838576,0.0841403397364661,nan,nan,20,6299,528296800,528296800,204,51773086400,51773086400,20205,False
99,3.6447480441421996,0.07829800695982284,nan,nan,20,6322,528296800,528296800,207,52301383200,52301383200,20412,False
100,3.653640896341075,0.06726825266611977,3.6562515329176493,0.1222773953278411,20,6095,528296800,528296800,201,52829680000,52829680000,20613,False
101,3.62739824249707,0.080603382599421,nan,nan,20,6563,528296800,528296800,215,53357976800,53357976800,20828,False
102,3.6310422603161103,0.07161290322580645,nan,nan,20,6200,528296800,528296800,203,53886273600,53886273600,21031,False
103,3.6593579359997395,0.0786481364497789,nan,nan,20,6332,528296800,528296800,207,54414570400,54414570400,21238,False
104,3.6569327234355935,0.07037933817594834,nan,nan,20,6195,528296800,528296800,204,54942867200,54942867200,21442,False
105,3.647531853042928,0.07432321575061526,nan,nan,20,6095,528296800,528296800,201,55471164000,55471164000,21643,False
106,3.632296269305376,0.07694743508549715,nan,nan,20,6316,528296800,528296800,206,55999460800,55999460800,21849,False
107,3.6100461203673317,0.08651237031125299,nan,nan,20,6265,528296800,528296800,205,56527757600,56527757600,22054,False
108,3.6148372662837676,0.08978675645342311,nan,nan,20,6237,528296800,528296800,204,57056054400,57056054400,22258,False
109,3.6454414904271206,0.08505154639175258,nan,nan,20,6208,528296800,528296800,202,57584351200,57584351200,22460,False
110,3.6224620299127857,0.08340003201536737,3.638373510520865,0.09936801715382011,20,6247,528296800,528296800,205,58112648000,58112648000,22665,False
111,3.6396997120109207,0.08164689462665736,nan,nan,20,5732,528296800,528296800,188,58640944800,58640944800,22853,False
112,3.617158271107358,0.08677896886166411,nan,nan,20,5877,528296800,528296800,193,59169241600,59169241600,23046,False
113,3.633159438676397,0.091996891996892,nan,nan,20,6435,528296800,528296800,210,59697538400,59697538400,23256,False
114,3.624681208159468,0.08057648214870619,nan,nan,20,6106,528296800,528296800,203,60225835200,60225835200,23459,False
115,3.62793397526147,0.09932659932659933,nan,nan,20,5940,528296800,528296800,198,60754132000,60754132000,23657,False
116,3.6017314311739845,0.09505999688327879,nan,nan,20,6417,528296800,528296800,209,61282428800,61282428800,23866,False
117,3.6074882725531663,0.08354971742782955,nan,nan,20,6547,528296800,528296800,215,61810725600,61810725600,24081,False
118,3.589686500250575,0.09879518072289156,nan,nan,20,6225,528296800,528296800,204,62339022400,62339022400,24285,False
119,3.578130259002412,0.09326726901777907,nan,nan,20,6862,528296800,528296800,224,62867319200,62867319200,24509,False
120,3.586848855862124,0.09741648839888102,3.6052617352994405,0.14614603317909944,20,6077,528296800,528296800,197,63395616000,63395616000,24706,False
121,3.5640244798229985,0.1091123562370982,nan,nan,20,6782,528296800,528296800,220,63923912800,63923912800,24926,False
122,3.5582324382973063,0.09927360774818401,nan,nan,20,6608,528296800,528296800,216,64452209600,64452209600,25142,False
123,3.5590707793562713,0.10452293431356881,nan,nan,20,6257,528296800,528296800,206,64980506400,64980506400,25348,False
124,3.5714121866650443,0.09820379385596777,nan,nan,20,5957,528296800,528296800,196,65508803200,65508803200,25544,False
125,3.567559646588628,0.10661942341761958,nan,nan,20,6209,528296800,528296800,203,66037100000,66037100000,25747,False
126,3.563676078530787,0.0998185117967332,nan,nan,20,6061,528296800,528296800,199,66565396800,66565396800,25946,False
127,3.559233583527795,0.10139133216056292,nan,nan,20,6253,528296800,528296800,207,67093693600,67093693600,26153,False
128,3.549639496706066,0.11229858599145018,nan,nan,20,6082,528296800,528296800,201,67621990400,67621990400,26354,False
129,3.5509918664262314,0.11534207615737083,nan,nan,20,6329,528296800,528296800,207,68150287200,68150287200,26561,False
130,3.503745973119115,0.11772625280478684,3.554023901720158,0.14868524997178648,20,6685,528296800,528296800,220,68678584000,68678584000,26781,False
131,3.494104512889195,0.12123241795043536,nan,nan,20,5972,528296800,528296800,196,69206880800,69206880800,26977,False
132,3.5327484579449697,0.11815561959654179,nan,nan,20,6246,528296800,528296800,206,69735177600,69735177600,27183,False
133,3.5135398985297135,0.10943722943722944,nan,nan,20,5775,528296800,528296800,191,70263474400,70263474400,27374,False
134,3.4921645241113484,0.12722081218274112,nan,nan,20,6304,528296800,528296800,206,70791771200,70791771200,27580,False
135,3.4860668520057527,0.1316005922026649,nan,nan,20,6079,528296800,528296800,198,71320068000,71320068000,27778,False
136,3.529105228284717,0.1207832812242883,nan,nan,20,6077,528296800,528296800,199,71848364800,71848364800,27977,False
137,3.513914167352176,0.11985804161961607,nan,nan,20,6199,528296800,528296800,204,72376661600,72376661600,28181,False
138,3.474278437292559,0.12490193001726031,nan,nan,20,6373,528296800,528296800,208,72904958400,72904958400,28389,False
139,3.4632349164210763,0.13882635449497224,nan,nan,20,6663,528296800,528296800,217,73433255200,73433255200,28606,False
140,3.4583287368001936,0.13478402078596946,3.4674399104644102,0.19399616296129105,20,6158,528296800,528296800,203,73961552000,73961552000,28809,False
141,3.43762788512639,0.1399562636676039,nan,nan,20,6402,528296800,528296800,210,74489848800,74489848800,29019,False
142,3.397545942197161,0.15263240118731447,nan,nan,20,6401,528296800,528296800,209,75018145600,75018145600,29228,False
143,3.4285177521688865,0.14733302766315146,nan,nan,20,6543,528296800,528296800,215,75546442400,75546442400,29443,False
144,3.4325247308420317,0.14678624813153962,nan,nan,20,6690,528296800,528296800,220,76074739200,76074739200,29663,False
145,3.4122909295389667,0.13995943204868155,nan,nan,20,6409,528296800,528296800,210,76603036000,76603036000,29873,False
146,3.4124792875458,0.14942528735632185,nan,nan,20,6525,528296800,528296800,213,77131332800,77131332800,30086,False
147,3.368306691427505,0.1607199242185033,nan,nan,20,6334,528296800,528296800,207,77659629600,77659629600,30293,False
148,3.3710878553195243,0.14965875853103672,nan,nan,20,6154,528296800,528296800,201,78187926400,78187926400,30494,False
149,3.347161919801053,0.16598231206569805,nan,nan,20,6332,528296800,528296800,206,78716223200,78716223200,30700,False
150,3.3651066902674027,0.16040390663797385,3.334600313618441,0.2148741677011624,20,6041,528296800,528296800,197,79244520000,79244520000,30897,False
151,3.345498592081204,0.17519752662315355,nan,nan,20,5822,528296800,528296800,192,79772816800,79772816800,31089,False
152,3.306961784365695,0.17541457477559713,nan,nan,20,6573,528296800,528296800,215,80301113600,80301113600,31304,False
153,3.242511918910825,0.19576120368872352,nan,nan,20,6181,528296800,528296800,204,80829410400,80829410400,31508,False
154,3.253510622741859,0.19254048748568625,nan,nan,20,6113,528296800,528296800,201,81357707200,81357707200,31709,False
155,3.272959624246127,0.17714736012608354,nan,nan,20,6345,528296800,528296800,207,81886004000,81886004000,31916,False
156,3.2201040715013356,0.20448959528100935,nan,nan,20,6103,528296800,528296800,201,82414300800,82414300800,32117,False
157,3.2230523356324126,0.20231742643695685,nan,nan,20,6559,528296800,528296800,214,82942597600,82942597600,32331,False
158,3.1915776368523385,0.21229571984435797,nan,nan,20,6425,528296800,528296800,212,83470894400,83470894400,32543,False
159,3.204938850984161,0.1992283950617284,nan,nan,20,6480,528296800,528296800,212,83999191200,83999191200,32755,False
160,3.235086466231154,0.1936040131682082,3.1621638920812734,0.2417898657036452,20,6379,528296800,528296800,209,84527488000,84527488000,32964,False
161,3.144937745437707,0.20831342570473005,nan,nan,20,6279,528296800,528296800,207,85055784800,85055784800,33171,False
162,3.1166353273011675,0.2206206545701204,nan,nan,20,5897,528296800,528296800,193,85584081600,85584081600,33364,False
163,3.135458550865377,0.2248134328358209,nan,nan,20,6432,528296800,528296800,209,86112378400,86112378400,33573,False
164,3.07622862622466,0.23368490441661174,nan,nan,20,6068,528296800,528296800,199,86640675200,86640675200,33772,False
165,3.0266679820285955,0.22852689010132501,nan,nan,20,6415,528296800,528296800,214,87168972000,87168972000,33986,False
166,2.9987626397585188,0.25336287387244816,nan,nan,20,6319,528296800,528296800,209,87697268800,87697268800,34195,False
167,3.04097164669471,0.24090380461870742,nan,nan,20,6019,528296800,528296800,197,88225565600,88225565600,34392,False
168,2.9644309868937033,0.2629713180792781,nan,nan,20,6206,528296800,528296800,203,88753862400,88753862400,34595,False
169,2.958078579975112,0.2569324768917437,nan,nan,20,6383,528296800,528296800,209,89282159200,89282159200,34804,False
170,2.9615770756558484,0.2682080924855491,2.944138955241226,0.271244780498815,20,6055,528296800,528296800,198,89810456000,89810456000,35002,False
171,2.879463994774329,0.2828611240130051,nan,nan,20,6459,528296800,528296800,213,90338752800,90338752800,35215,False
172,2.9696924839192658,0.25566494764807,nan,nan,20,6399,528296800,528296800,209,90867049600,90867049600,35424,False
173,2.829489382550094,0.29417013682331944,nan,nan,20,6724,528296800,528296800,222,91395346400,91395346400,35646,False
174,2.808733111915366,0.2925170068027211,nan,nan,20,6174,528296800,528296800,202,91923643200,91923643200,35848,False
175,2.866809851887809,0.28430580248909004,nan,nan,20,6187,528296800,528296800,205,92451940000,92451940000,36053,False
176,2.805665207547089,0.29431438127090304,nan,nan,20,5980,528296800,528296800,196,92980236800,92980236800,36249,False
177,2.7641451051345416,0.3148418491484185,nan,nan,20,6165,528296800,528296800,199,93508533600,93508533600,36448,False
178,2.750372234822576,0.30909936443962177,nan,nan,20,6451,528296800,528296800,210,94036830400,94036830400,36658,False
179,2.7500711669489126,0.30943162459346446,nan,nan,20,6457,528296800,528296800,213,94565127200,94565127200,36871,False
180,2.715835809303776,0.3258965460254503,2.715160318266362,0.34538991084527704,20,6051,528296800,528296800,198,95093424000,95093424000,37069,False
181,2.6753580420622676,0.3338254593175853,nan,nan,20,6096,528296800,528296800,198,95621720800,95621720800,37267,False
182,2.71221456664378,0.3194168323392976,nan,nan,20,6036,528296800,528296800,199,96150017600,96150017600,37466,False
183,2.5994127181597078,0.35032041501373207,nan,nan,20,6554,528296800,528296800,215,96678314400,96678314400,37681,False
184,2.5707901119051964,0.36715282181357006,nan,nan,20,6308,528296800,528296800,208,97206611200,97206611200,37889,False
185,2.572125679747765,0.3475857584132661,nan,nan,20,6151,528296800,528296800,201,97734908000,97734908000,38090,False
186,2.498441190288709,0.3664726802457161,nan,nan,20,6186,528296800,528296800,203,98263204800,98263204800,38293,False
187,2.5234362289532983,0.365586195774875,nan,nan,20,6201,528296800,528296800,205,98791501600,98791501600,38498,False
188,2.528541109647873,0.3592758780751973,nan,nan,20,6463,528296800,528296800,211,99319798400,99319798400,38709,False
189,2.4722584231625633,0.386480411046885,nan,nan,20,6228,528296800,528296800,204,99848095200,99848095200,38913,False
190,2.5896184161051345,0.35021731862253425,2.4981161565439467,0.3879923259225821,20,5982,528296800,528296800,195,100376392000,100376392000,39108,False
191,2.4684137570438347,0.37325188876386434,nan,nan,20,6221,528296800,528296800,203,100904688800,100904688800,39311,False
192,2.417262635208805,0.3841614906832298,nan,nan,20,6440,528296800,528296800,210,101432985600,101432985600,39521,False
193,2.4491019672010004,0.3836890243902439,nan,nan,20,6560,528296800,528296800,217,101961282400,101961282400,39738,False
194,2.3908849896426405,0.4017543859649123,nan,nan,20,6270,528296800,528296800,202,102489579200,102489579200,39940,False
195,2.35054058048135,0.4022893165228932,nan,nan,20,6028,528296800,528296800,197,103017876000,103017876000,40137,False
196,2.346180592938361,0.41949896282112653,nan,nan,20,6267,528296800,528296800,206,103546172800,103546172800,40343,False
197,2.3283320805670202,0.41409961685823754,nan,nan,20,6525,528296800,528296800,215,104074469600,104074469600,40558,False
198,2.314526295622223,0.4131557035803497,nan,nan,20,6005,528296800,528296800,196,104602766400,104602766400,40754,False
199,2.3435103688360304,0.4069308629267456,nan,nan,20,5829,528296800,528296800,192,105131063200,105131063200,40946,False
200,2.347200349291193,0.4062284927735719,2.3485513725771536,0.4136666290486401,20,5812,528296800,528296800,192,105659360000,105659360000,41138,False
201,2.2719570090502494,0.4212806933076553,nan,nan,20,6231,528296800,528296800,205,106187656800,106187656800,41343,False
202,2.364633892325252,0.3942156554542597,nan,nan,20,6362,528296800,528296800,207,106715953600,106715953600,41550,False
203,2.2894107627999203,0.4113620807665982,nan,nan,20,5844,528296800,528296800,192,107244250400,107244250400,41742,False
204,2.2867897480225965,0.4163069544364508,nan,nan,20,6255,528296800,528296800,206,107772547200,107772547200,41948,False
205,2.276397896795341,0.4185080578169131,nan,nan,20,6019,528296800,528296800,198,108300844000,108300844000,42146,False
206,2.189742841909553,0.45394736842105265,nan,nan,20,6384,528296800,528296800,208,108829140800,108829140800,42354,False
207,2.2022340105173726,0.43449745859977046,nan,nan,20,6099,528296800,528296800,199,109357437600,109357437600,42553,False
208,2.2152268574614804,0.42810617163328446,nan,nan,20,6141,528296800,528296800,202,109885734400,109885734400,42755,False
209,2.1651399992255547,0.44534412955465585,nan,nan,20,6422,528296800,528296800,209,110414031200,110414031200,42964,False
210,2.13113028740125,0.4713581506034336,2.2306245665641176,0.43702742354136104,20,5883,528296800,528296800,193,110942328000,110942328000,43157,False
211,2.2155078249617506,0.44376996805111824,nan,nan,20,6260,528296800,528296800,208,111470624800,111470624800,43365,False
212,2.1744237870770404,0.44227532817233256,nan,nan,20,5942,528296800,528296800,195,111998921600,111998921600,43560,False
213,2.1057642437477293,0.452576203001702,nan,nan,20,6463,528296800,528296800,213,112527218400,112527218400,43773,False
214,2.137768517229635,0.45130247220839553,nan,nan,20,6027,528296800,528296800,198,113055515200,113055515200,43971,False
215,2.0582216799403272,0.47848509266720385,nan,nan,20,6205,528296800,528296800,204,113583812000,113583812000,44175,False
216,2.15718814212977,0.4434250764525994,nan,nan,20,6540,528296800,528296800,214,114112108800,114112108800,44389,False
217,1.9586309476981338,0.506608666555128,nan,nan,20,5977,528296800,528296800,197,114640405600,114640405600,44586,False
218,2.0430847743092753,0.47575510204081634,nan,nan,20,6125,528296800,528296800,201,115168702400,115168702400,44787,False
219,1.9816727044505935,0.4824221774818027,nan,nan,20,6457,528296800,528296800,210,115696999200,115696999200,44997,False
220,1.9681286224187369,0.49082638362395753,2.0866663801577245,0.46665161945604333,20,6595,528296800,528296800,216,116225296000,116225296000,45213,False
221,2.011273517389057,0.48492297607341855,nan,nan,20,6102,528296800,528296800,201,116753592800,116753592800,45414,False
222,1.9487482946816486,0.4970088161209068,nan,nan,20,6352,528296800,528296800,207,117281889600,117281889600,45621,False
223,2.0492459954307454,0.47121535181236673,nan,nan,20,6097,528296800,528296800,200,117810186400,117810186400,45821,False
224,1.9112581644324327,0.5089801154586273,nan,nan,20,6236,528296800,528296800,204,118338483200,118338483200,46025,False
225,1.9726824992823264,0.4953302767872304,nan,nan,20,5889,528296800,528296800,195,118866780000,118866780000,46220,False
226,1.9694287582839791,0.48637218045112784,nan,nan,20,6384,528296800,528296800,209,119395076800,119395076800,46429,False
227,1.9562842825821034,0.4890267175572519,nan,nan,20,6288,528296800,528296800,205,119923373600,119923373600,46634,False
228,1.9911518922115745,0.4837672774027644,nan,nan,20,6222,528296800,528296800,204,120451670400,120451670400,46838,False
229,1.9071583590905767,0.5035301186720745,nan,nan,20,6657,528296800,528296800,215,120979967200,120979967200,47053,False
230,2.013237777273906,0.4761513157894737,1.986521930057434,0.4888838731520144,20,6080,528296800,528296800,198,121508264000,121508264000,47251,False
231,1.8668918962828398,0.524710666249609,nan,nan,20,6394,528296800,528296800,210,122036560800,122036560800,47461,False
232,1.9637175938432054,0.49765405067250545,nan,nan,20,6394,528296800,528296800,210,122564857600,122564857600,47671,False
233,1.8606098660824173,0.5150800336983993,nan,nan,20,5935,528296800,528296800,197,123093154400,123093154400,47868,False
234,1.8781917303208293,0.508482792050412,nan,nan,20,6189,528296800,528296800,203,123621451200,123621451200,48071,False
235,1.8512104468419521,0.5237453688110475,nan,nan,20,5938,528296800,528296800,194,124149748000,124149748000,48265,False
236,1.8077868804251587,0.5343592869114734,nan,nan,20,6563,528296800,528296800,215,124678044800,124678044800,48480,False
237,1.816258606770372,0.5258486452818436,nan,nan,20,6422,528296800,528296800,209,125206341600,125206341600,48689,False
238,1.8826737967717129,0.5121240024554942,nan,nan,20,6516,528296800,528296800,217,125734638400,125734638400,48906,False
239,1.7725267989852018,0.5382432028682402,nan,nan,20,6694,528296800,528296800,218,126262935200,126262935200,49124,False
240,1.8229818561334858,0.5284190415538927,1.9176182678544673,0.4982507617650378,20,6281,528296800,528296800,206,126791232000,126791232000,49330,False
241,1.8050392496810288,0.5218123373641512,nan,nan,20,6533,528296800,528296800,215,127319528800,127319528800,49545,False
242,1.8399732365466581,0.5197258187357198,nan,nan,20,6565,528296800,528296800,215,127847825600,127847825600,49760,False
243,1.7502589473148393,0.5342927127985303,nan,nan,20,6532,528296800,528296800,213,128376122400,128376122400,49973,False
244,1.7985227242324608,0.524451939291737,nan,nan,20,6523,528296800,528296800,214,128904419200,128904419200,50187,False
245,1.7530537455352724,0.5492271505376344,nan,nan,20,5952,528296800,528296800,197,129432716000,129432716000,50384,False
246,1.7641178121807293,0.5378307287637321,nan,nan,20,6463,528296800,528296800,210,129961012800,129961012800,50594,False
247,1.7500058587562852,0.5461671108324189,nan,nan,20,6379,528296800,528296800,209,130489309600,130489309600,50803,False
248,1.7357921925184763,0.5497241922773838,nan,nan,20,6345,528296800,528296800,207,131017606400,131017606400,51010,False
249,1.7043127864206788,0.5541440743609605,nan,nan,20,6455,528296800,528296800,212,131545903200,131545903200,51222,False
250,1.7631682549735923,0.5358720487433358,1.8443585845985795,0.5160817063536847,20,6565,528296800,528296800,216,132074200000,132074200000,51438,False
251,1.7518700457540615,0.5364269876464999,nan,nan,20,6314,528296800,528296800,207,132602496800,132602496800,51645,False
252,1.7331415079485986,0.545,nan,nan,20,6200,528296800,528296800,205,133130793600,133130793600,51850,False
253,1.6521745580272333,0.5558308812141861,nan,nan,20,6457,528296800,528296800,213,133659090400,133659090400,52063,False
254,1.7020103699140046,0.5531713474282108,nan,nan,20,6338,528296800,528296800,206,134187387200,134187387200,52269,False
255,1.653775931884375,0.5629169899146625,nan,nan,20,6445,528296800,528296800,212,134715684000,134715684000,52481,False
256,1.6802927260100096,0.563906015664056,nan,nan,20,6001,528296800,528296800,198,135243980800,135243980800,52679,False
257,1.5827921518301256,0.5791493444195714,nan,nan,20,6254,528296800,528296800,207,135772277600,135772277600,52886,False
258,1.6883282471710248,0.5576251455180442,nan,nan,20,6013,528296800,528296800,197,136300574400,136300574400,53083,False
259,1.501061688647301,0.6083528037383178,nan,nan,20,6848,528296800,528296800,222,136828871200,136828871200,53305,False
260,1.6915750775706926,0.5501780511492392,1.757918488480224,0.5322762667870443,20,6178,528296800,528296800,203,137357168000,137357168000,53508,False
261,1.6358134516184233,0.5572790434642106,nan,nan,20,6189,528296800,528296800,203,137885464800,137885464800,53711,False
262,1.5734154870885801,0.5901957612036888,nan,nan,20,6181,528296800,528296800,203,138413761600,138413761600,53914,False
263,1.595246488434322,0.58148091369002,nan,nan,20,6523,528296800,528296800,214,138942058400,138942058400,54128,False
264,1.6063921516298432,0.5717048497470991,nan,nan,20,6722,528296800,528296800,219,139470355200,139470355200,54347,False
265,1.5693275761092156,0.5949022122475153,nan,nan,20,6238,528296800,528296800,204,139998652000,139998652000,54551,False
266,1.5864737284880301,0.5813586097946287,nan,nan,20,6330,528296800,528296800,205,140526948800,140526948800,54756,False
267,1.613940480970854,0.575650497911982,nan,nan,20,6226,528296800,528296800,203,141055245600,141055245600,54959,False
268,1.4636836188553457,0.6204949343962797,nan,nan,20,6021,528296800,528296800,199,141583542400,141583542400,55158,False
269,1.501501681669703,0.6013584905660377,nan,nan,20,6625,528296800,528296800,216,142111839200,142111839200,55374,False
270,1.7168603575862087,0.5463797130463797,1.6977407603753016,0.5495429409773164,20,5994,528296800,528296800,199,142640136000,142640136000,55573,False
271,1.5931679955918832,0.5839646464646465,nan,nan,20,6336,528296800,528296800,206,143168432800,143168432800,55779,False
272,1.6251184367146538,0.5671869697997964,nan,nan,20,5894,528296800,528296800,195,143696729600,143696729600,55974,False
273,1.5944112476534429,0.5838589681384441,nan,nan,20,6183,528296800,528296800,202,144225026400,144225026400,56176,False
274,1.5615795253160671,0.5770353551735323,nan,nan,20,6166,528296800,528296800,202,144753323200,144753323200,56378,False
275,1.579578763949945,0.5831971232428899,nan,nan,20,6118,528296800,528296800,199,145281620000,145281620000,56577,False
276,1.6491662995884582,0.5590408934143537,nan,nan,20,6089,528296800,528296800,200,145809916800,145809916800,56777,False
277,1.411408836410058,0.6216430955029397,nan,nan,20,6293,528296800,528296800,206,146338213600,146338213600,56983,False
278,1.5507293735458632,0.5857740585774058,nan,nan,20,6453,528296800,528296800,212,146866510400,146866510400,57195,False
279,1.4983662979802561,0.6054525961096646,nan,nan,20,6529,528296800,528296800,212,147394807200,147394807200,57407,False
280,1.6490260971177355,0.5660198769522007,1.661385870453413,0.5515178873716284,20,6339,528296800,528296800,207,147923104000,147923104000,57614,False
281,1.6232670696524831,0.5684695051783659,nan,nan,20,6083,528296800,528296800,199,148451400800,148451400800,57813,False
282,1.6316398505355518,0.569371727748691,nan,nan,20,6112,528296800,528296800,200,148979697600,148979697600,58013,False
283,1.4972347013598073,0.6066444174757282,nan,nan,20,6592,528296800,528296800,216,149507994400,149507994400,58229,False
284,1.4449683093256163,0.6189369285603595,nan,nan,20,6453,528296800,528296800,210,150036291200,150036291200,58439,False
285,1.5332883855953776,0.5890389197776013,nan,nan,20,6295,528296800,528296800,207,150564588000,150564588000,58646,False
286,1.529456340303969,0.5954889693776754,nan,nan,20,6074,528296800,528296800,201,151092884800,151092884800,58847,False
287,1.4310992561462226,0.6250385445575085,nan,nan,20,6486,528296800,528296800,212,151621181600,151621181600,59059,False
288,1.4581144816166902,0.6172408318780759,nan,nan,20,6299,528296800,528296800,204,152149478400,152149478400,59263,False
289,1.5469046728777143,0.5904178093240845,nan,nan,20,6199,528296800,528296800,203,152677775200,152677775200,59466,False
290,1.4414873761448885,0.615100993908304,1.5809696414860548,0.5801263965692359,20,6238,528296800,528296800,205,153206072000,153206072000,59671,False
291,1.4443999356010384,0.6146866072928919,nan,nan,20,5951,528296800,528296800,195,153734368800,153734368800,59866,False
292,1.3441551505257283,0.6305155972199774,nan,nan,20,6187,528296800,528296800,201,154262665600,154262665600,60067,False
293,1.386864379105042,0.6337983512999366,nan,nan,20,6308,528296800,528296800,207,154790962400,154790962400,60274,False
294,1.306050088353584,0.6510158013544018,nan,nan,20,6645,528296800,528296800,216,155319259200,155319259200,60490,False
295,1.360304747804946,0.641732896992364,nan,nan,20,6417,528296800,528296800,209,155847556000,155847556000,60699,False
296,1.4607932123651926,0.6062864549578743,nan,nan,20,6172,528296800,528296800,202,156375852800,156375852800,60901,False
297,1.3309346810199048,0.6403963414634146,nan,nan,20,6560,528296800,528296800,215,156904149600,156904149600,61116,False
298,1.4192132328079878,0.6132921174652242,nan,nan,20,6470,528296800,528296800,211,157432446400,157432446400,61327,False
299,1.3767333194785656,0.6335285736900428,nan,nan,20,6317,528296800,528296800,208,157960743200,157960743200,61535,False
300,1.4107450013831153,0.6222602207368257,1.539115227045021,0.5894932851822593,20,6433,528296800,528296800,212,158489040000,158489040000,61747,False
301,1.408675718395323,0.6173250832936696,nan,nan,20,6303,528296800,528296800,205,159017336800,159017336800,61952,False
302,1.3026155561378243,0.6487596776741982,nan,nan,20,6329,528296800,528296800,207,159545633600,159545633600,62159,False
303,1.4181215463621422,0.6163246122512925,nan,nan,20,6383,528296800,528296800,210,160073930400,160073930400,62369,False
304,1.3730238893465145,0.635433322673489,nan,nan,20,6254,528296800,528296800,205,160602227200,160602227200,62574,False
305,1.4021902628492464,0.6275443204202232,nan,nan,20,6092,528296800,528296800,201,161130524000,161130524000,62775,False
306,1.3447172773777158,0.6396883447288917,nan,nan,20,6289,528296800,528296800,206,161658820800,161658820800,62981,False
307,1.3311272702455932,0.6394419187960495,nan,nan,20,6379,528296800,528296800,210,162187117600,162187117600,63191,False
308,1.3534320855259878,0.6316592886582201,nan,nan,20,6551,528296800,528296800,215,162715414400,162715414400,63406,False
309,1.4296378269976238,0.6178754336692549,nan,nan,20,6053,528296800,528296800,197,163243711200,163243711200,63603,False
310,1.4271253838125844,0.6254758883248731,1.4711630188467648,0.6061392619343189,20,6304,528296800,528296800,205,163772008000,163772008000,63808,False
311,1.3689317210131215,0.6361645549820115,nan,nan,20,6393,528296800,528296800,209,164300304800,164300304800,64017,False
312,1.2401890019001207,0.6677549751243781,nan,nan,20,6432,528296800,528296800,209,164828601600,164828601600,64226,False
313,1.3773319830209234,0.6378579901711574,nan,nan,20,5901,528296800,528296800,195,165356898400,165356898400,64421,False
314,1.3866828219405696,0.62256339485941,nan,nan,20,5797,528296800,528296800,189,165885195200,165885195200,64610,False
315,1.3796928952768832,0.6321267671275439,nan,nan,20,6437,528296800,528296800,212,166413492000,166413492000,64822,False
316,1.3303498278230521,0.6417689690874131,nan,nan,20,6761,528296800,528296800,220,166941788800,166941788800,65042,False
317,1.351142417162628,0.6296118062239333,nan,nan,20,6234,528296800,528296800,202,167470085600,167470085600,65244,False
318,1.367975496726223,0.6409172223125712,nan,nan,20,6149,528296800,528296800,203,167998382400,167998382400,65447,False
319,1.339143982912122,0.6430093427306999,nan,nan,20,6101,528296800,528296800,202,168526679200,168526679200,65649,False
320,1.2006045197534072,0.6804465902232951,1.4419680010611875,0.6097505924839183,20,6628,528296800,528296800,214,169054976000,169054976000,65863,False
321,1.2055083047993917,0.6724406991260924,nan,nan,20,6408,528296800,528296800,209,169583272800,169583272800,66072,False
322,1.285923208360999,0.6516303429633384,nan,nan,20,5919,528296800,528296800,194,170111569600,170111569600,66266,False
323,1.2772725116594947,0.6581155211358503,nan,nan,20,6198,528296800,528296800,201,170639866400,170639866400,66467,False
324,1.2415880147947178,0.6669378457533355,nan,nan,20,6146,528296800,528296800,201,171168163200,171168163200,66668,False
325,1.1467858299993106,0.695027445915402,nan,nan,20,6194,528296800,528296800,202,171696460000,171696460000,66870,False
326,1.2358489834656947,0.6696104715344583,nan,nan,20,6341,528296800,528296800,208,172224756800,172224756800,67078,False
327,1.2621576218068171,0.6592404306220095,nan,nan,20,6688,528296800,528296800,219,172753053600,172753053600,67297,False
328,1.2152343764660636,0.6707148347425058,nan,nan,20,6505,528296800,528296800,211,173281350400,173281350400,67508,False
329,1.1576247417299714,0.6882913865874629,nan,nan,20,6397,528296800,528296800,210,173809647200,173809647200,67718,False
330,1.2967012234209134,0.6587487453997992,1.3923307503874718,0.6190610540571042,20,5978,528296800,528296800,195,174337944000,174337944000,67913,False
331,1.2932686562743714,0.6557614826752619,nan,nan,20,6205,528296800,528296800,204,174866240800,174866240800,68117,False
332,1.1669836755853433,0.6792307692307692,nan,nan,20,6500,528296800,528296800,213,175394537600,175394537600,68330,False
333,1.2139983293410543,0.6648681055155875,nan,nan,20,6672,528296800,528296800,217,175922834400,175922834400,68547,False
334,1.2679996766501946,0.6621297037630104,nan,nan,20,6245,528296800,528296800,204,176451131200,176451131200,68751,False
335,1.1407859297687946,0.6933797909407665,nan,nan,20,6601,528296800,528296800,215,176979428000,176979428000,68966,False
336,1.232847598897454,0.6757619275570448,nan,nan,20,6267,528296800,528296800,205,177507724800,177507724800,69171,False
337,1.2253673328460435,0.6706530291109363,nan,nan,20,6355,528296800,528296800,208,178036021600,178036021600,69379,False
338,1.118472595413913,0.6943486733623145,nan,nan,20,6671,528296800,528296800,219,178564318400,178564318400,69598,False
339,1.3034093919352077,0.6500879577802655,nan,nan,20,6253,528296800,528296800,207,179092615200,179092615200,69805,False
340,1.19322657865112,0.6770381451009724,1.356813393130473,0.6271301207538652,20,6685,528296800,528296800,219,179620912000,179620912000,70024,False
341,1.1695938169208666,0.6794729322114621,nan,nan,20,6299,528296800,528296800,205,180149208800,180149208800,70229,False
342,1.1869393945610165,0.671634839310666,nan,nan,20,6441,528296800,528296800,212,180677505600,180677505600,70441,False
343,1.0724315022764792,0.7148803329864725,nan,nan,20,6727,528296800,528296800,219,181205802400,181205802400,70660,False
344,1.2956301854178547,0.6489192625556262,nan,nan,20,6292,528296800,528296800,204,181734099200,181734099200,70864,False
345,1.2273446692275103,0.6636777892106424,nan,nan,20,6803,528296800,528296800,221,182262396000,182262396000,71085,False
346,1.1230969421279315,0.695078031212485,nan,nan,20,6664,528296800,528296800,217,182790692800,182790692800,71302,False
347,1.2092297407651418,0.6745065789473684,nan,nan,20,6080,528296800,528296800,200,183318989600,183318989600,71502,False
348,1.1974415735715176,0.6784191538209249,nan,nan,20,6098,528296800,528296800,199,183847286400,183847286400,71701,False
349,1.1452533143729888,0.6915741753947163,nan,nan,20,6397,528296800,528296800,210,184375583200,184375583200,71911,False
350,1.2673606189535198,0.6574411667219092,1.3216878919700457,0.6327728247376143,20,6034,528296800,528296800,197,184903880000,184903880000,72108,False
351,1.1744624545956701,0.6817365758119798,nan,nan,20,6127,528296800,528296800,201,185432176800,185432176800,72309,False
352,1.1394165691754878,0.7036101083032491,nan,nan,20,5540,528296800,528296800,183,185960473600,185960473600,72492,False
353,1.1410815316836798,0.6821374045801527,nan,nan,20,6550,528296800,528296800,215,186488770400,186488770400,72707,False
354,1.0891019668053112,0.7069453174104336,nan,nan,20,6364,528296800,528296800,209,187017067200,187017067200,72916,False
355,1.123919876761898,0.6934735539746366,nan,nan,20,6466,528296800,528296800,211,187545364000,187545364000,73127,False
356,1.1895608702875549,0.6706762028608583,nan,nan,20,6152,528296800,528296800,200,188073660800,188073660800,73327,False
357,1.075060041948541,0.6999073788206237,nan,nan,20,6478,528296800,528296800,211,188601957600,188601957600,73538,False
358,1.118160100567296,0.6908720200752823,nan,nan,20,6376,528296800,528296800,209,189130254400,189130254400,73747,False
359,1.1831228009133017,0.6756537274646743,nan,nan,20,6157,528296800,528296800,200,189658551200,189658551200,73947,False
360,1.1667160277945812,0.6828722213337598,1.2931292724453318,0.6441146597449497,20,6253,528296800,528296800,203,190186848000,190186848000,74150,False
361,1.1396341646379167,0.6876277314887597,nan,nan,20,6361,528296800,528296800,208,190715144800,190715144800,74358,False
362,1.1831432739759202,0.6797257590597453,nan,nan,20,6126,528296800,528296800,200,191243441600,191243441600,74558,False
363,1.0169650147560514,0.7240594660194175,nan,nan,20,6592,528296800,528296800,217,191771738400,191771738400,74775,False
364,1.1806539477059341,0.6729977841088952,nan,nan,20,6318,528296800,528296800,206,192300035200,192300035200,74981,False
365,1.0538990019363617,0.7053824362606232,nan,nan,20,6354,528296800,528296800,206,192828332000,192828332000,75187,False
366,1.1138811183451254,0.7018249304051964,nan,nan,20,6466,528296800,528296800,212,193356628800,193356628800,75399,False
367,1.2322120557414045,0.6665621570779119,nan,nan,20,6379,528296800,528296800,209,193884925600,193884925600,75608,False
368,1.0611012745483233,0.704990814451929,nan,nan,20,6532,528296800,528296800,215,194413222400,194413222400,75823,False
369,1.0837167982789084,0.7075693464974142,nan,nan,20,6381,528296800,528296800,208,194941519200,194941519200,76031,False
370,1.0746116100612109,0.7132204443063539,1.2606800509661507,0.6469924387766618,20,6437,528296800,528296800,211,195469816000,195469816000,76242,False
371,1.1326996647783751,0.6911599550778117,nan,nan,20,6233,528296800,528296800,205,195998112800,195998112800,76447,False
372,1.058762803069643,0.7072072072072072,nan,nan,20,6216,528296800,528296800,203,196526409600,196526409600,76650,False
373,1.0605041906036523,0.7096364502301953,nan,nan,20,6299,528296800,528296800,205,197054706400,197054706400,76855,False
374,1.0690923814837459,0.7073762536395989,nan,nan,20,6182,528296800,528296800,202,197583003200,197583003200,77057,False
375,1.1331954047476955,0.6891692610191709,nan,nan,20,6103,528296800,528296800,200,198111300000,198111300000,77257,False
376,1.040893679713019,0.7056882463859208,nan,nan,20,6364,528296800,528296800,209,198639596800,198639596800,77466,False
377,1.0814809807029173,0.705793703951775,nan,nan,20,5972,528296800,528296800,196,199167893600,199167893600,77662,False
378,1.0326730591480502,0.715117169551233,nan,nan,20,6529,528296800,528296800,215,199696190400,199696190400,77877,False
379,1.1343962725831058,0.6889138456601958,nan,nan,20,6233,528296800,528296800,204,200224487200,200224487200,78081,False
380,1.1457173816209798,0.6969026548672567,1.2050202541030592,0.6676447353571832,20,6328,528296800,528296800,204,200752784000,200752784000,78285,False
381,1.0731695045187757,0.7080107441933955,nan,nan,20,6329,528296800,528296800,206,201281080800,201281080800,78491,False
382,1.0787258050260344,0.7047898338220919,nan,nan,20,6138,528296800,528296800,200,201809377600,201809377600,78691,False
383,1.0714356011129054,0.7101557819053326,nan,nan,20,6676,528296800,528296800,219,202337674400,202337674400,78910,False
384,1.0574295836657175,0.707463169823539,nan,nan,20,6177,528296800,528296800,202,202865971200,202865971200,79112,False
385,1.0576794412241404,0.7114859437751004,nan,nan,20,6225,528296800,528296800,203,203394268000,203394268000,79315,False
386,1.0224367141834818,0.7222135861961759,nan,nan,20,6433,528296800,528296800,210,203922564800,203922564800,79525,False
387,1.028540410696218,0.7130490541840333,nan,nan,20,6238,528296800,528296800,203,204450861600,204450861600,79728,False
388,1.0063656079902963,0.7250431778929188,nan,nan,20,5790,528296800,528296800,191,204979158400,204979158400,79919,False
389,1.0604376688102477,0.7137510170870627,nan,nan,20,6145,528296800,528296800,200,205507455200,205507455200,80119,False
390,1.1102263881053047,0.6978250809810274,1.173483924152162,0.6738517097393071,20,6483,528296800,528296800,210,206035752000,206035752000,80329,False
391,1.1741102199907543,0.6763485477178424,nan,nan,20,6266,528296800,528296800,206,206564048800,206564048800,80535,False
392,1.0767048940546327,0.7024350649350649,nan,nan,20,6160,528296800,528296800,203,207092345600,207092345600,80738,False
393,1.0364304310175014,0.7156957928802589,nan,nan,20,6180,528296800,528296800,202,207620642400,207620642400,80940,False
394,0.881368520988257,0.7562021439509954,nan,nan,20,6530,528296800,528296800,211,208148939200,208148939200,81151,False
395,1.0545107672766705,0.7055798004987531,nan,nan,20,6416,528296800,528296800,210,208677236000,208677236000,81361,False
396,0.9866145610320838,0.7271209591743816,nan,nan,20,6589,528296800,528296800,215,209205532800,209205532800,81576,False
397,1.2003309299649094,0.6768515443374294,nan,nan,20,6022,528296800,528296800,197,209733829600,209733829600,81773,False
398,0.9616635591337532,0.7353479853479854,nan,nan,20,6552,528296800,528296800,214,210262126400,210262126400,81987,False
399,0.969915865020379,0.7354127870887648,nan,nan,20,6444,528296800,528296800,211,210790423200,210790423200,82198,False
400,1.0470236297307636,0.7049992261259866,1.1621798878799858,0.674415980137682,20,6461,528296800,528296800,212,211318720000,211318720000,82410,False
401,1.0244698472539293,0.7120505992010653,nan,nan,20,6008,528296800,528296800,196,211847016800,211847016800,82606,False
402,1.024861486870596,0.7197635405016776,nan,nan,20,6259,528296800,528296800,206,212375313600,212375313600,82812,False
403,0.9603185143258911,0.7345368452204795,nan,nan,20,6758,528296800,528296800,220,212903610400,212903610400,83032,False
404,1.1197149740854362,0.6977649847612597,nan,nan,20,5906,528296800,528296800,195,213431907200,213431907200,83227,False
405,1.135196128682134,0.6840113528855251,nan,nan,20,6342,528296800,528296800,207,213960204000,213960204000,83434,False
406,1.0822265248600373,0.6997140133460439,nan,nan,20,6294,528296800,528296800,205,214488500800,214488500800,83639,False
407,1.097499731404301,0.7045843311666097,nan,nan,20,5846,528296800,528296800,192,215016797600,215016797600,83831,False
408,0.888066677884842,0.7557214737867229,nan,nan,20,6161,528296800,528296800,203,215545094400,215545094400,84034,False
409,0.9321651283390008,0.7436642453591606,nan,nan,20,6195,528296800,528296800,202,216073391200,216073391200,84236,False
410,1.0646130989207199,0.7057057057057057,1.1177589401624606,0.6862092314637174,20,6327,528296800,528296800,204,216601688000,216601688000,84440,False
411,1.0066149253966115,0.7283548018914071,nan,nan,20,6133,528296800,528296800,198,217129984800,217129984800,84638,False
412,1.0429656198863206,0.712280701754386,nan,nan,20,6270,528296800,528296800,207,217658281600,217658281600,84845,False
413,0.9268785547533819,0.741389913899139,nan,nan,20,6504,528296800,528296800,212,218186578400,218186578400,85057,False
414,1.0538306108078896,0.7125,nan,nan,20,6240,528296800,528296800,204,218714875200,218714875200,85261,False
415,0.9391088934423959,0.7375247978025332,nan,nan,20,6553,528296800,528296800,214,219243172000,219243172000,85475,False
416,0.9150713798996041,0.7464257659073056,nan,nan,20,6365,528296800,528296800,208,219771468800,219771468800,85683,False
417,1.0969037298372584,0.701959492837148,nan,nan,20,6073,528296800,528296800,199,220299765600,220299765600,85882,False
418,1.0184809649713547,0.7096718776842467,nan,nan,20,5821,528296800,528296800,190,220828062400,220828062400,86072,False
419,1.0672543118285025,0.6997859981656985,nan,nan,20,6542,528296800,528296800,214,221356359200,221356359200,86286,False
420,0.9656100322943811,0.7384465704556511,1.094954548927667,0.6943911522401535,20,6167,528296800,528296800,203,221884656000,221884656000,86489,False
421,0.9130396579320387,0.7507526540960228,nan,nan,20,6311,528296800,528296800,207,222412952800,222412952800,86696,False
422,0.8511954369645875,0.7598376014990631,nan,nan,20,6404,528296800,528296800,211,222941249600,222941249600,86907,False
423,0.9167449765486227,0.7463659147869675,nan,nan,20,5985,528296800,528296800,196,223469546400,223469546400,87103,False
424,0.8960889707712424,0.7527296082209377,nan,nan,20,6228,528296800,528296800,204,223997843200,223997843200,87307,False
425,1.0295488748349741,0.7190530987999343,nan,nan,20,6083,528296800,528296800,199,224526140000,224526140000,87506,False
426,0.968664718898114,0.7209416380578715,nan,nan,20,6117,528296800,528296800,201,225054436800,225054436800,87707,False
427,0.963578601863761,0.7406204320285853,nan,nan,20,6157,528296800,528296800,204,225582733600,225582733600,87911,False
428,1.0855131884044857,0.7051993942453306,nan,nan,20,5943,528296800,528296800,195,226111030400,226111030400,88106,False
429,1.1144570646039091,0.6960950764006791,nan,nan,20,5890,528296800,528296800,194,226639327200,226639327200,88300,False
430,1.0741585030219234,0.7063233376792699,1.078525121291918,0.6990181695068277,20,6136,528296800,528296800,201,227167624000,227167624000,88501,False
431,0.9999950056401378,0.7268400475947646,nan,nan,20,5883,528296800,528296800,196,227695920800,227695920800,88697,False
432,0.9693747061708337,0.7278809165412277,nan,nan,20,5979,528296800,528296800,196,228224217600,228224217600,88893,False
433,1.0581086274281783,0.7156464985006173,nan,nan,20,5669,528296800,528296800,186,228752514400,228752514400,89079,False
434,1.0542885632649566,0.7024972855591748,nan,nan,20,6447,528296800,528296800,211,229280811200,229280811200,89290,False
435,0.916058564377923,0.7496518644592295,nan,nan,20,6463,528296800,528296800,211,229809108000,229809108000,89501,False
436,1.0739756178444864,0.7066288195024211,nan,nan,20,5989,528296800,528296800,198,230337404800,230337404800,89699,False
437,0.8825872483235522,0.757727914639887,nan,nan,20,6373,528296800,528296800,210,230865701600,230865701600,89909,False
438,0.8749585092001206,0.7565758010521282,nan,nan,20,6273,528296800,528296800,205,231393998400,231393998400,90114,False
439,0.8742280197225218,0.7608730285168074,nan,nan,20,6277,528296800,528296800,207,231922295200,231922295200,90321,False
440,0.9338342412146832,0.7383973020716236,1.0592701280511214,0.6989053154271527,20,6227,528296800,528296800,207,232450592000,232450592000,90528,False
441,0.8800687970900444,0.7554022988505747,nan,nan,20,6525,528296800,528296800,213,232978888800,232978888800,90741,False
442,0.9400299799833076,0.7449406255226626,nan,nan,20,5979,528296800,528296800,196,233507185600,233507185600,90937,False
443,0.8686322047401488,0.7660220552980662,nan,nan,20,6257,528296800,528296800,207,234035482400,234035482400,91144,False
444,1.04331848445819,0.7174464998186435,nan,nan,20,5514,528296800,528296800,181,234563779200,234563779200,91325,False
445,0.966471812785041,0.7345520471370298,nan,nan,20,6619,528296800,528296800,215,235092076000,235092076000,91540,False
446,0.8789369331017396,0.7561626628984142,nan,nan,20,6369,528296800,528296800,206,235620372800,235620372800,91746,False
447,0.9932241213350879,0.7299055288833823,nan,nan,20,6457,528296800,528296800,211,236148669600,236148669600,91957,False
448,1.0340228359260832,0.7075682169212287,nan,nan,20,5827,528296800,528296800,190,236676966400,236676966400,92147,False
449,0.8131797226876302,0.7751749315485245,nan,nan,20,6574,528296800,528296800,215,237205263200,237205263200,92362,False
450,0.9962004449837216,0.7220274147274466,1.0299694128733916,0.7078772147613136,20,6274,528296800,528296800,205,237733560000,237733560000,92567,False
451,0.9111875485382096,0.7481421647819063,nan,nan,20,6190,528296800,528296800,203,238261856800,238261856800,92770,False
452,0.9330984131570976,0.7363013698630136,nan,nan,20,6132,528296800,528296800,198,238790153600,238790153600,92968,False
453,0.8675676119124769,0.7546614327772326,nan,nan,20,6114,528296800,528296800,201,239318450400,239318450400,93169,False
454,0.8420002140457769,0.7579088073667013,nan,nan,20,6733,528296800,528296800,220,239846747200,239846747200,93389,False
455,0.903605008409588,0.7437201907790143,nan,nan,20,6290,528296800,528296800,206,240375044000,240375044000,93595,False
456,0.8784649057106102,0.7620974267680855,nan,nan,20,6179,528296800,528296800,204,240903340800,240903340800,93799,False
457,0.948390995859902,0.7372262773722628,nan,nan,20,6028,528296800,528296800,197,241431637600,241431637600,93996,False
458,0.9207201441945593,0.7423708020242294,nan,nan,20,6521,528296800,528296800,214,241959934400,241959934400,94210,False
459,1.0127975343889797,0.7158297306285334,nan,nan,20,6014,528296800,528296800,196,242488231200,242488231200,94406,False
460,0.8453205342980068,0.7624920936116382,1.0148033639564296,0.716905541135312,20,6324,528296800,528296800,206,243016528000,243016528000,94612,False
461,0.9075662354728987,0.7440976073522421,nan,nan,20,6311,528296800,528296800,206,243544824800,243544824800,94818,False
462,0.8467074152135705,0.7658352229780802,nan,nan,20,6615,528296800,528296800,216,244073121600,244073121600,95034,False
463,1.025485496702284,0.7182230869001297,nan,nan,20,6168,528296800,528296800,201,244601418400,244601418400,95235,False
464,0.9583745666970483,0.7338618346545867,nan,nan,20,6181,528296800,528296800,202,245129715200,245129715200,95437,False
465,0.8075585954521148,0.7681768643935856,nan,nan,20,6423,528296800,528296800,209,245658012000,245658012000,95646,False
466,0.8828120278780449,0.7527386541471048,nan,nan,20,6390,528296800,528296800,210,246186308800,246186308800,95856,False
467,0.8489770120703752,0.7705538898532429,nan,nan,20,6337,528296800,528296800,210,246714605600,246714605600,96066,False
468,0.8391662829318889,0.7639097744360902,nan,nan,20,6650,528296800,528296800,215,247242902400,247242902400,96281,False
469,0.9831403693538218,0.7214953271028037,nan,nan,20,6420,528296800,528296800,208,247771199200,247771199200,96489,False
470,0.8612702035797645,0.7560359791699542,1.0042457982011526,0.7175262385735244,20,6337,528296800,528296800,208,248299496000,248299496000,96697,False
471,0.8430629789795812,0.7633857005450465,nan,nan,20,6238,528296800,528296800,206,248827792800,248827792800,96903,False
472,0.9044351447735278,0.7426986457823462,nan,nan,20,6129,528296800,528296800,200,249356089600,249356089600,97103,False
473,0.8821254974834996,0.74779299847793,nan,nan,20,6570,528296800,528296800,215,249884386400,249884386400,97318,False
474,0.8837713864895532,0.7556603773584906,nan,nan,20,6360,528296800,528296800,208,250412683200,250412683200,97526,False
475,0.9415843805905786,0.7372211487792025,nan,nan,20,5693,528296800,528296800,187,250940980000,250940980000,97713,False
476,0.8478892886211501,0.7619437172774869,nan,nan,20,6112,528296800,528296800,200,251469276800,251469276800,97913,False
477,0.814297782612701,0.7710006176652254,nan,nan,20,6476,528296800,528296800,212,251997573600,251997573600,98125,False
478,0.7934180535632249,0.7754677754677755,nan,nan,20,6253,528296800,528296800,206,252525870400,252525870400,98331,False
479,0.8081160305650543,0.7719879993683878,nan,nan,20,6333,528296800,528296800,207,253054167200,253054167200,98538,False
480,0.9261016013484624,0.7380914194065757,0.9568441287212804,0.7286987924613475,20,6235,528296800,528296800,204,253582464000,253582464000,98742,False
481,0.8843413028654901,0.7512953367875648,nan,nan,20,6369,528296800,528296800,209,254110760800,254110760800,98951,False
482,0.908099106633448,0.7507039920490309,nan,nan,20,6037,528296800,528296800,199,254639057600,254639057600,99150,False
483,0.9799902801492874,0.7235552551537682,nan,nan,20,5918,528296800,528296800,196,255167354400,255167354400,99346,False
484,0.9459346442231069,0.7369803739762015,nan,nan,20,6471,528296800,528296800,212,255695651200,255695651200,99558,False
485,0.8302401984756894,0.7700835475578406,nan,nan,20,6224,528296800,528296800,203,256223948000,256223948000,99761,False
486,0.8113764514019978,0.7751829363225907,nan,nan,20,6423,528296800,528296800,210,256752244800,256752244800,99971,False
487,0.8905982688336141,0.7524867374005305,nan,nan,20,6032,528296800,528296800,198,257280541600,257280541600,100169,False
488,0.8058425059516157,0.7697534766118836,nan,nan,20,6328,528296800,528296800,206,257808838400,257808838400,100375,False
489,0.8517938609366996,0.7568270481144344,nan,nan,20,6152,528296800,528296800,202,258337135200,258337135200,100577,False
490,0.7601104285332079,0.7949336550060314,0.9467603723347127,0.7332693826881842,20,6632,528296800,528296800,218,258865432000,258865432000,100795,False
491,0.851546820563726,0.7620672842515845,nan,nan,20,6153,528296800,528296800,201,259393728800,259393728800,100996,False
492,0.8041759212731568,0.7762030323005933,nan,nan,20,6068,528296800,528296800,199,259922025600,259922025600,101195,False
493,0.9188484475005015,0.7454545454545455,nan,nan,20,6435,528296800,528296800,210,260450322400,260450322400,101405,False
494,0.9818305526434207,0.7309803921568627,nan,nan,20,6375,528296800,528296800,208,260978619200,260978619200,101613,False
495,0.7605073790682126,0.7793038863742782,nan,nan,20,6407,528296800,528296800,210,261506916000,261506916000,101823,False
496,0.8625890372422781,0.7606416772554002,nan,nan,20,6296,528296800,528296800,207,262035212800,262035212800,102030,False
497,0.7713946160055338,0.7859218598643849,nan,nan,20,6194,528296800,528296800,201,262563509600,262563509600,102231,False
498,0.8657618974007459,0.7520237898562696,nan,nan,20,6053,528296800,528296800,199,263091806400,263091806400,102430,False
499,0.9528687363984031,0.7455836222552419,nan,nan,20,6057,528296800,528296800,196,263620103200,263620103200,102626,False
500,0.7901227134511568,0.7784799870361367,0.9302294787186396,0.7339465071662341,20,6171,528296800,528296800,203,264148400000,264148400000,102829,False
501,0.8628060848295679,0.7627118644067796,nan,nan,20,6077,528296800,528296800,197,264676696800,264676696800,103026,False
502,0.8003964771042908,0.768906931288528,nan,nan,20,6651,528296800,528296800,215,265204993600,265204993600,103241,False
503,0.8320319462146862,0.7623340435994099,nan,nan,20,6101,528296800,528296800,203,265733290400,265733290400,103444,False
504,0.9307063966893981,0.7339317198268953,nan,nan,20,6239,528296800,528296800,206,266261587200,266261587200,103650,False
505,0.864139686859001,0.7605035405192762,nan,nan,20,6355,528296800,528296800,208,266789884000,266789884000,103858,False
506,0.843577551246612,0.7614551083591331,nan,nan,20,6460,528296800,528296800,210,267318180800,267318180800,104068,False
507,0.7749863644778774,0.7737082066869301,nan,nan,20,6580,528296800,528296800,214,267846477600,267846477600,104282,False
508,0.8282626310968284,0.767767929089444,nan,nan,20,6205,528296800,528296800,203,268374774400,268374774400,104485,False
509,0.7642196598080708,0.7791319857312723,nan,nan,20,6728,528296800,528296800,220,268903071200,268903071200,104705,False
510,0.767355898774298,0.7843044370756356,0.9143740041787892,0.7413948764247827,20,6333,528296800,528296800,208,269431368000,269431368000,104913,False
511,0.8464141989453244,0.7595038659793815,nan,nan,20,6208,528296800,528296800,202,269959664800,269959664800,105115,False
512,0.7099124179877776,0.7955326460481099,nan,nan,20,6984,528296800,528296800,227,270487961600,270487961600,105342,False
513,0.8493649180205011,0.7651111807077983,nan,nan,20,6386,528296800,528296800,208,271016258400,271016258400,105550,False
514,0.7062748558777443,0.7985877066281496,nan,nan,20,6231,528296800,528296800,204,271544555200,271544555200,105754,False
515,0.8318343758772712,0.7643970728603245,nan,nan,20,6286,528296800,528296800,206,272072852000,272072852000,105960,False
516,0.877636263015764,0.7511906717030711,nan,nan,20,6089,528296800,528296800,199,272601148800,272601148800,106159,False
517,0.7647173237001516,0.7874637447631324,nan,nan,20,6206,528296800,528296800,201,273129445600,273129445600,106360,False
518,0.9076624629878282,0.7328101006654154,nan,nan,20,5861,528296800,528296800,192,273657742400,273657742400,106552,False
519,0.7427974039574844,0.7808368331000155,nan,nan,20,6429,528296800,528296800,210,274186039200,274186039200,106762,False
520,0.7706725213209584,0.787088764742396,0.9018747608382631,0.7420720009028327,20,6444,528296800,528296800,211,274714336000,274714336000,106973,False
521,0.9288628610853473,0.7363090128755365,nan,nan,20,5825,528296800,528296800,193,275242632800,275242632800,107166,False
522,0.7897630392479841,0.7735731039874902,nan,nan,20,6395,528296800,528296800,207,275770929600,275770929600,107373,False
523,0.7753216407287663,0.7729318640384913,nan,nan,20,6443,528296800,528296800,212,276299226400,276299226400,107585,False
524,0.7786126998205348,0.7897310513447433,nan,nan,20,6135,528296800,528296800,202,276827523200,276827523200,107787,False
525,0.8861834443363256,0.7483131962968774,nan,nan,20,6373,528296800,528296800,208,277355820000,277355820000,107995,False
526,0.7564817467258312,0.789034947098429,nan,nan,20,6238,528296800,528296800,205,277884116800,277884116800,108200,False
527,0.7488679153760718,0.7861459786145979,nan,nan,20,6453,528296800,528296800,211,278412413600,278412413600,108411,False
528,0.8083194882404513,0.7697875688434304,nan,nan,20,6355,528296800,528296800,206,278940710400,278940710400,108617,False
529,0.8301301988035974,0.769193857965451,nan,nan,20,6252,528296800,528296800,203,279469007200,279469007200,108820,False
530,0.798004228494307,0.7758211987809008,0.8817536294386303,0.7478275589662566,20,5906,528296800,528296800,193,279997304000,279997304000,109013,False
531,0.717352683082211,0.7959967974379504,nan,nan,20,6245,528296800,528296800,202,280525600800,280525600800,109215,False
532,0.8359119471335315,0.7685963274198568,nan,nan,20,6426,528296800,528296800,211,281053897600,281053897600,109426,False
533,0.9131358993462336,0.7510541680181642,nan,nan,20,6166,528296800,528296800,204,281582194400,281582194400,109630,False
534,0.8026394510566992,0.7772846811308349,nan,nan,20,6084,528296800,528296800,199,282110491200,282110491200,109829,False
535,0.7911160214632437,0.7787328876154092,nan,nan,20,6282,528296800,528296800,204,282638788000,282638788000,110033,False
536,0.8089338850687168,0.7651339728746278,nan,nan,20,6046,528296800,528296800,198,283167084800,283167084800,110231,False
537,0.8076459399816193,0.7709656925031766,nan,nan,20,6296,528296800,528296800,205,283695381600,283695381600,110436,False
538,0.672383134220704,0.8031096563011456,nan,nan,20,6110,528296800,528296800,200,284223678400,284223678400,110636,False
539,0.7706696550128567,0.7790189412336086,nan,nan,20,6177,528296800,528296800,204,284751975200,284751975200,110840,False
540,0.7275084299173115,0.7938671209540034,0.8705284225524998,0.7531317007109807,20,6457,528296800,528296800,210,285280272000,285280272000,111050,False
541,0.7896448700281246,0.7704046639231824,nan,nan,20,5832,528296800,528296800,192,285808568800,285808568800,111242,False
542,0.8513534474740903,0.767376589070497,nan,nan,20,6057,528296800,528296800,199,286336865600,286336865600,111441,False
543,0.7274361195476321,0.7883199738262718,nan,nan,20,6113,528296800,528296800,200,286865162400,286865162400,111641,False
544,0.7255742100160079,0.7996591261233343,nan,nan,20,6454,528296800,528296800,209,287393459200,287393459200,111850,False
545,0.8814222164686016,0.7575209600526056,nan,nan,20,6083,528296800,528296800,199,287921756000,287921756000,112049,False
546,0.7139192630283228,0.7935241670577193,nan,nan,20,6393,528296800,528296800,209,288450052800,288450052800,112258,False
547,0.7399960372561765,0.7873857120719046,nan,nan,20,6453,528296800,528296800,209,288978349600,288978349600,112467,False
548,0.7759763762115205,0.7777429957739865,nan,nan,20,6389,528296800,528296800,211,289506646400,289506646400,112678,False
549,0.7358635859167795,0.7865327264165751,nan,nan,20,6371,528296800,528296800,210,290034943200,290034943200,112888,False
550,0.7704778320478908,0.7783603431839847,0.8544518888406998,0.7542602415077305,20,6294,528296800,528296800,207,290563240000,290563240000,113095,False
551,0.7751477290423575,0.7815710447289395,nan,nan,20,6327,528296800,528296800,209,291091536800,291091536800,113304,False
552,0.7910131257898962,0.7699984159670521,nan,nan,20,6313,528296800,528296800,206,291619833600,291619833600,113510,False
553,0.7598971594406067,0.7842588271892985,nan,nan,20,6429,528296800,528296800,210,292148130400,292148130400,113720,False
554,0.7462562534709615,0.7929181157129308,nan,nan,20,6326,528296800,528296800,206,292676427200,292676427200,113926,False
555,0.8002176677077789,0.7700400801603207,nan,nan,20,5988,528296800,528296800,197,293204724000,293204724000,114123,False
556,0.7671329830056952,0.7846025104602511,nan,nan,20,5975,528296800,528296800,195,293733020800,293733020800,114318,False
557,0.6461166926507481,0.8096392846317065,nan,nan,20,6598,528296800,528296800,215,294261317600,294261317600,114533,False
558,0.8672612004278614,0.7597955706984668,nan,nan,20,6457,528296800,528296800,211,294789614400,294789614400,114744,False
559,0.7876191993604732,0.7755274261603375,nan,nan,20,5925,528296800,528296800,193,295317911200,295317911200,114937,False
560,0.7622398278231105,0.7844784972812654,0.8523772983058098,0.7561787608622051,20,6069,528296800,528296800,200,295846208000,295846208000,115137,False
561,0.8386490647525708,0.7659751037344399,nan,nan,20,6025,528296800,528296800,197,296374504800,296374504800,115334,False
562,0.7412093138623611,0.7870624294241007,nan,nan,20,6199,528296800,528296800,204,296902801600,296902801600,115538,False
563,0.7702793662318664,0.7849845954272742,nan,nan,20,6167,528296800,528296800,201,297431098400,297431098400,115739,False
564,0.7853890937197772,0.7698982145836809,nan,nan,20,5993,528296800,528296800,197,297959395200,297959395200,115936,False
565,0.8147034328774638,0.7664998436033782,nan,nan,20,6394,528296800,528296800,211,298487692000,298487692000,116147,False
566,0.8378878330978982,0.7648245886370693,nan,nan,20,6442,528296800,528296800,208,299015988800,299015988800,116355,False
567,0.7648367834440073,0.7839526471555409,nan,nan,20,6082,528296800,528296800,201,299544285600,299544285600,116556,False
568,0.6521824085255127,0.8156808803301238,nan,nan,20,6543,528296800,528296800,215,300072582400,300072582400,116771,False
569,0.7719242694903623,0.7861676159479252,nan,nan,20,6145,528296800,528296800,202,300600879200,300600879200,116973,False
570,0.816210877622716,0.7673153034300791,0.8274284899604736,0.7626678704435166,20,6064,528296800,528296800,201,301129176000,301129176000,117174,False
571,0.7533056307184237,0.7948232323232324,nan,nan,20,6336,528296800,528296800,207,301657472800,301657472800,117381,False
572,0.6936511558814654,0.807936507936508,nan,nan,20,6300,528296800,528296800,205,302185769600,302185769600,117586,False
573,0.8040848611072836,0.7723862729449321,nan,nan,20,6265,528296800,528296800,205,302714066400,302714066400,117791,False
574,0.6571616852489074,0.8072066522944257,nan,nan,20,6494,528296800,528296800,211,303242363200,303242363200,118002,False
575,0.6998064099380836,0.8010118043844857,nan,nan,20,6523,528296800,528296800,213,303770660000,303770660000,118215,False
576,0.817984475120635,0.7611111111111111,nan,nan,20,5580,528296800,528296800,183,304298956800,304298956800,118398,False
577,0.6806506990480546,0.8083568960100534,nan,nan,20,6366,528296800,528296800,208,304827253600,304827253600,118606,False
578,0.6589755683649092,0.8083346588197868,nan,nan,20,6287,528296800,528296800,204,305355550400,305355550400,118810,False
579,0.6826636949083037,0.8064462809917355,nan,nan,20,6050,528296800,528296800,199,305883847200,305883847200,119009,False
580,0.7399768025391665,0.7887210796915167,0.8189413861514833,0.7661099198736034,20,6224,528296800,528296800,202,306412144000,306412144000,119211,False
581,0.7189563139562803,0.793945475832079,nan,nan,20,5979,528296800,528296800,197,306940440800,306940440800,119408,False
582,0.741532016766449,0.7905767668562145,nan,nan,20,6155,528296800,528296800,200,307468737600,307468737600,119608,False
583,0.7640880555160501,0.7766312113033815,nan,nan,20,6299,528296800,528296800,208,307997034400,307997034400,119816,False
584,0.6589309820017148,0.8096046942557134,nan,nan,20,6476,528296800,528296800,213,308525331200,308525331200,120029,False
585,0.7265883452493095,0.7846867749419953,nan,nan,20,6465,528296800,528296800,212,309053628000,309053628000,120241,False
586,0.7294941978505208,0.8005943071629653,nan,nan,20,6394,528296800,528296800,207,309581924800,309581924800,120448,False
587,0.7713928127557742,0.7902531427587395,nan,nan,20,5807,528296800,528296800,190,310110221600,310110221600,120638,False
588,0.6395895167764272,0.81181652490887,nan,nan,20,6584,528296800,528296800,212,310638518400,310638518400,120850,False
589,0.740601951797934,0.782469096163108,nan,nan,20,6229,528296800,528296800,204,311166815200,311166815200,121054,False
590,0.6566305392304272,0.8088122015097827,0.8208289448179842,0.7648685249971786,20,6491,528296800,528296800,212,311695112000,311695112000,121266,False
591,0.737920763698908,0.7885470085470085,nan,nan,20,5850,528296800,528296800,193,312223408800,312223408800,121459,False
592,0.6797013380559588,0.8023752969121141,nan,nan,20,6315,528296800,528296800,207,312751705600,312751705600,121666,False
593,0.7817551138236968,0.7848800505050505,nan,nan,20,6336,528296800,528296800,206,313280002400,313280002400,121872,False
594,0.7029415817943598,0.7916011324315823,nan,nan,20,6358,528296800,528296800,209,313808299200,313808299200,122081,False
595,0.7380941880214519,0.7933404612799756,nan,nan,20,6547,528296800,528296800,215,314336596000,314336596000,122296,False
596,0.7742204351427141,0.7747193602952483,nan,nan,20,6503,528296800,528296800,213,314864892800,314864892800,122509,False
597,0.7096496150580752,0.8014549863595029,nan,nan,20,6598,528296800,528296800,217,315393189600,315393189600,122726,False
598,0.6993720988266444,0.7986622073578595,nan,nan,20,5980,528296800,528296800,197,315921486400,315921486400,122923,False
599,0.7079677928177882,0.8048356510745891,nan,nan,20,6328,528296800,528296800,208,316449783200,316449783200,123131,False
600,0.7071830862750699,0.7962875570237533,0.7957497594211511,0.7712447804988151,20,6357,528296800,528296800,209,316978080000,316978080000,123340,False
601,0.7145667785602438,0.7959725257571028,nan,nan,20,6406,528296800,528296800,209,317506376800,317506376800,123549,False
602,0.5760259586991406,0.8308022702868538,nan,nan,20,6519,528296800,528296800,212,318034673600,318034673600,123761,False
603,0.6671112877364188,0.8015399120050283,nan,nan,20,6364,528296800,528296800,208,318562970400,318562970400,123969,False
604,0.6645733127913213,0.8075132445015252,nan,nan,20,6229,528296800,528296800,202,319091267200,319091267200,124171,False
605,0.6448128019014561,0.8147219353887004,nan,nan,20,6779,528296800,528296800,221,319619564000,319619564000,124392,False
606,0.7479197627087122,0.7798442219043077,nan,nan,20,6291,528296800,528296800,206,320147860800,320147860800,124598,False
607,0.6344585059842736,0.8073770491803278,nan,nan,20,6100,528296800,528296800,201,320676157600,320676157600,124799,False
608,0.7406829012125419,0.7885802469135802,nan,nan,20,5832,528296800,528296800,192,321204454400,321204454400,124991,False
609,0.8516937869164452,0.762524719841793,nan,nan,20,6068,528296800,528296800,201,321732751200,321732751200,125192,False
610,0.7328744880412349,0.7867572156196944,0.7815317306463665,0.7757589436858142,20,5890,528296800,528296800,193,322261048000,322261048000,125385,False
611,0.7639622469183287,0.7843137254901961,nan,nan,20,6069,528296800,528296800,199,322789344800,322789344800,125584,False
612,0.800852644031915,0.7669694467382329,nan,nan,20,6055,528296800,528296800,200,323317641600,323317641600,125784,False
613,0.7246690186421577,0.788984625781382,nan,nan,20,5919,528296800,528296800,196,323845938400,323845938400,125980,False
614,0.6518352671145012,0.8186512282897825,nan,nan,20,6391,528296800,528296800,207,324374235200,324374235200,126187,False
615,0.7604702596629396,0.7959947899706936,nan,nan,20,6142,528296800,528296800,202,324902532000,324902532000,126389,False
616,0.6483516107669058,0.8108990047316038,nan,nan,20,6129,528296800,528296800,201,325430828800,325430828800,126590,False
617,0.702824806648649,0.799364575059571,nan,nan,20,6295,528296800,528296800,206,325959125600,325959125600,126796,False
618,0.7998925804443364,0.7771601016518425,nan,nan,20,6296,528296800,528296800,207,326487422400,326487422400,127003,False
619,0.6456816429431519,0.8201740752253652,nan,nan,20,6434,528296800,528296800,212,327015719200,327015719200,127215,False
620,0.640712003988251,0.8116686819830713,0.7791765288700706,0.773896851371177,20,6616,528296800,528296800,215,327544016000,327544016000,127430,False
621,0.6521251148419397,0.8088348468523934,nan,nan,20,6497,528296800,528296800,212,328072312800,328072312800,127642,False
622,0.700784323061938,0.8040270519520443,nan,nan,20,6506,528296800,528296800,211,328600609600,328600609600,127853,False
623,0.7150151972256102,0.7968158890290038,nan,nan,20,6344,528296800,528296800,206,329128906400,329128906400,128059,False
624,0.66547060156302,0.8106575963718821,nan,nan,20,6174,528296800,528296800,202,329657203200,329657203200,128261,False
625,0.74964876557081,0.7885879147299246,nan,nan,20,6239,528296800,528296800,204,330185500000,330185500000,128465,False
626,0.6421604275960545,0.8097365583115083,nan,nan,20,6491,528296800,528296800,211,330713796800,330713796800,128676,False
627,0.6771665465580012,0.8104160050809781,nan,nan,20,6298,528296800,528296800,207,331242093600,331242093600,128883,False
628,0.717469658005116,0.7936821322803553,nan,nan,20,6078,528296800,528296800,201,331770390400,331770390400,129084,False
629,0.7067521498397972,0.7967631497043262,nan,nan,20,6426,528296800,528296800,210,332298687200,332298687200,129294,False
630,0.7527922529363915,0.7852450732693279,0.7569705853679086,0.7847872700598126,20,5937,528296800,528296800,195,332826984000,332826984000,129489,False
631,0.7042899667422615,0.8015349194167306,nan,nan,20,6515,528296800,528296800,213,333355280800,333355280800,129702,False
632,0.6455426142984342,0.8129906110512545,nan,nan,20,6497,528296800,528296800,213,333883577600,333883577600,129915,False
633,0.6755712691637994,0.8094070782901792,nan,nan,20,6527,528296800,528296800,214,334411874400,334411874400,130129,False
634,0.6116621543204798,0.8128819934179595,nan,nan,20,6381,528296800,528296800,211,334940171200,334940171200,130340,False
635,0.6180012821085326,0.8183797232156741,nan,nan,20,6431,528296800,528296800,210,335468468000,335468468000,130550,False
636,0.6370295824499611,0.8154341822644983,nan,nan,20,6518,528296800,528296800,211,335996764800,335996764800,130761,False
637,0.7698335702484629,0.7794019933554818,nan,nan,20,6020,528296800,528296800,199,336525061600,336525061600,130960,False
638,0.7218291521081798,0.7939690558888538,nan,nan,20,6334,528296800,528296800,207,337053358400,337053358400,131167,False
639,0.6914890737089427,0.8005314731772131,nan,nan,20,6021,528296800,528296800,199,337581655200,337581655200,131366,False
640,0.7954601394028098,0.7782594198066022,0.7584334056138751,0.783207312944363,20,5998,528296800,528296800,196,338109952000,338109952000,131562,False
641,0.6500765925195278,0.8112662493981705,nan,nan,20,6231,528296800,528296800,205,338638248800,338638248800,131767,False
642,0.7812150007118703,0.780511811023622,nan,nan,20,6096,528296800,528296800,201,339166545600,339166545600,131968,False
643,0.6933598373620923,0.799396681749623,nan,nan,20,5967,528296800,528296800,199,339694842400,339694842400,132167,False
644,0.6355352224207366,0.8142242066656036,nan,nan,20,6271,528296800,528296800,205,340223139200,340223139200,132372,False
645,0.5381405769338748,0.8425115036366335,nan,nan,20,6737,528296800,528296800,220,340751436000,340751436000,132592,False
646,0.6714566385838688,0.8076062639821029,nan,nan,20,6258,528296800,528296800,205,341279732800,341279732800,132797,False
647,0.6919468945600618,0.8081593006313744,nan,nan,20,6177,528296800,528296800,205,341808029600,341808029600,133002,False
648,0.7470625392909653,0.7878687984176693,nan,nan,20,6067,528296800,528296800,201,342336326400,342336326400,133203,False
649,0.5570035415241794,0.8373419673142153,nan,nan,20,6486,528296800,528296800,211,342864623200,342864623200,133414,False
650,0.6305708449871696,0.8189281288723668,0.7515885877751858,0.7837151563029003,20,6456,528296800,528296800,214,343392920000,343392920000,133628,False
651,0.6131099318947809,0.8198512672636212,nan,nan,20,6589,528296800,528296800,215,343921216800,343921216800,133843,False
652,0.6287556033296642,0.8128103277060575,nan,nan,20,6042,528296800,528296800,198,344449513600,344449513600,134041,False
653,0.807092551169152,0.7735490009514748,nan,nan,20,6306,528296800,528296800,206,344977810400,344977810400,134247,False
654,0.7069280307329605,0.8027340645366396,nan,nan,20,6291,528296800,528296800,206,345506107200,345506107200,134453,False
655,0.7372496615502446,0.7917084587094617,nan,nan,20,5982,528296800,528296800,196,346034404000,346034404000,134649,False
656,0.633572596916651,0.8121270762780197,nan,nan,20,6201,528296800,528296800,202,346562700800,346562700800,134851,False
657,0.6975423902024267,0.8019595245743656,nan,nan,20,6226,528296800,528296800,204,347090997600,347090997600,135055,False
658,0.6725695027113517,0.8153104092111405,nan,nan,20,6427,528296800,528296800,209,347619294400,347619294400,135264,False
659,0.6242375171502109,0.8161029061457837,nan,nan,20,6297,528296800,528296800,205,348147591200,348147591200,135469,False
660,0.6562238906202854,0.8104287733626512,0.7240188938744544,0.7903171199638866,20,6367,528296800,528296800,208,348675888000,348675888000,135677,False
661,0.6843860422998381,0.8030207677784771,nan,nan,20,6356,528296800,528296800,206,349204184800,349204184800,135883,False
662,0.6350275391400929,0.8208751139471285,nan,nan,20,6582,528296800,528296800,216,349732481600,349732481600,136099,False
663,0.6750581920277696,0.8053298667533312,nan,nan,20,6154,528296800,528296800,203,350260778400,350260778400,136302,False
664,0.5933570554710482,0.8321472772277227,nan,nan,20,6464,528296800,528296800,211,350789075200,350789075200,136513,False
665,0.7024448715421562,0.8023746289642243,nan,nan,20,6401,528296800,528296800,209,351317372000,351317372000,136722,False
666,0.7040959635300429,0.8054846938775511,nan,nan,20,6272,528296800,528296800,205,351845668800,351845668800,136927,False
667,0.5964738376857526,0.8250602409638554,nan,nan,20,6225,528296800,528296800,203,352373965600,352373965600,137130,False
668,0.6093925562616787,0.8240433865622175,nan,nan,20,6638,528296800,528296800,214,352902262400,352902262400,137344,False
669,0.6269683548075068,0.8203545425767648,nan,nan,20,6318,528296800,528296800,207,353430559200,353430559200,137551,False
670,0.7596707754495287,0.7820430452939287,0.7225324386345481,0.7912763796411241,20,6226,528296800,528296800,204,353958856000,353958856000,137755,False
671,0.5979542662995093,0.8212419305256686,nan,nan,20,6506,528296800,528296800,212,354487152800,354487152800,137967,False
672,0.6544180929999055,0.8051075268817204,nan,nan,20,6696,528296800,528296800,220,355015449600,355015449600,138187,False
673,0.6396710060907077,0.8142857142857143,nan,nan,20,6440,528296800,528296800,211,355543746400,355543746400,138398,False
674,0.6632102673449541,0.8088458043017267,nan,nan,20,6602,528296800,528296800,217,356072043200,356072043200,138615,False
675,0.6270790897294644,0.819971870604782,nan,nan,20,6399,528296800,528296800,207,356600340000,356600340000,138822,False
676,0.6393031081358465,0.8149096144616861,nan,nan,20,6251,528296800,528296800,206,357128636800,357128636800,139028,False
677,0.638069319943137,0.8154601615713607,nan,nan,20,6313,528296800,528296800,205,357656933600,357656933600,139233,False
678,0.6536062988975458,0.8063455531809962,nan,nan,20,6083,528296800,528296800,198,358185230400,358185230400,139431,False
679,0.6924678621536838,0.7988035264483627,nan,nan,20,6352,528296800,528296800,207,358713527200,358713527200,139638,False
680,0.5525815343052937,0.8340800247180596,0.7298781918747513,0.7894707143663243,20,6473,528296800,528296800,212,359241824000,359241824000,139850,False
681,0.5427089128934224,0.8450229709035222,nan,nan,20,6530,528296800,528296800,212,359770120800,359770120800,140062,False
682,0.6857188670642571,0.7961588121368625,nan,nan,20,6196,528296800,528296800,204,360298417600,360298417600,140266,False
683,0.6356481628822472,0.8139679576917095,nan,nan,20,6429,528296800,528296800,209,360826714400,360826714400,140475,False
684,0.6022690176314789,0.8195039804041642,nan,nan,20,6532,528296800,528296800,214,361355011200,361355011200,140689,False
685,0.6194000710131086,0.8232765483203311,nan,nan,20,6281,528296800,528296800,206,361883308000,361883308000,140895,False
686,0.6592119690769674,0.8106206014075495,nan,nan,20,6252,528296800,528296800,204,362411604800,362411604800,141099,False
687,0.5677370803967063,0.8257897934386391,nan,nan,20,6584,528296800,528296800,214,362939901600,362939901600,141313,False
688,0.652925405344159,0.8166207678600357,nan,nan,20,6173,528296800,528296800,203,363468198400,363468198400,141516,False
689,0.6195913377491196,0.8190946221919673,nan,nan,20,5876,528296800,528296800,194,363996495200,363996495200,141710,False
690,0.6017088310931228,0.826486817903127,0.7091362700211035,0.7977654892224354,20,6524,528296800,528296800,212,364524792000,364524792000,141922,False
691,0.6375917584918824,0.812415856394914,nan,nan,20,6685,528296800,528296800,220,365053088800,365053088800,142142,False
692,0.5981973203986382,0.8282491261518907,nan,nan,20,6294,528296800,528296800,207,365581385600,365581385600,142349,False
693,0.5820871151354599,0.8376121249613362,nan,nan,20,6466,528296800,528296800,214,366109682400,366109682400,142563,False
694,0.5448393280937636,0.8433216448836468,nan,nan,20,6274,528296800,528296800,207,366637979200,366637979200,142770,False
695,0.5578883352005541,0.8374060150375939,nan,nan,20,6384,528296800,528296800,209,367166276000,367166276000,142979,False
696,0.5574119156996591,0.8366072788183341,nan,nan,20,6567,528296800,528296800,213,367694572800,367694572800,143192,False
697,0.576545388699579,0.8256278995360742,nan,nan,20,6251,528296800,528296800,205,368222869600,368222869600,143397,False
698,0.611316569767618,0.8190799174284872,nan,nan,20,6782,528296800,528296800,222,368751166400,368751166400,143619,False
699,0.5114186877706176,0.8500818817924669,nan,nan,20,6717,528296800,528296800,220,369279463200,369279463200,143839,False
700,0.5647736678986074,0.8315331291310656,0.7171079712626547,0.7943234397923485,20,6203,528296800,528296800,204,369807760000,369807760000,144043,False
701,0.6142362544445319,0.8122743682310469,nan,nan,20,5817,528296800,528296800,193,370336056800,370336056800,144236,False
702,0.5870077276160676,0.8258558699390339,nan,nan,20,6397,528296800,528296800,212,370864353600,370864353600,144448,False
703,0.5877884399757858,0.8339095145047347,nan,nan,20,6653,528296800,528296800,219,371392650400,371392650400,144667,False
704,0.6770895459341256,0.8015340364333653,nan,nan,20,6258,528296800,528296800,203,371920947200,371920947200,144870,False
705,0.6225636314799565,0.8183274021352314,nan,nan,20,5620,528296800,528296800,184,372449244000,372449244000,145054,False
706,0.6283035026968374,0.8183603338242513,nan,nan,20,6111,528296800,528296800,199,372977540800,372977540800,145253,False
707,0.5958890767564246,0.8274562989752863,nan,nan,20,6636,528296800,528296800,217,373505837600,373505837600,145470,False
708,0.5869749322016158,0.8316909119349288,nan,nan,20,6393,528296800,528296800,211,374034134400,374034134400,145681,False
709,0.611267288668902,0.8228980322003577,nan,nan,20,6708,528296800,528296800,219,374562431200,374562431200,145900,False
710,0.5236455631645573,0.8440321786241997,0.7025591888205487,0.7932513260354361,20,6091,528296800,528296800,201,375090728000,375090728000,146101,False
711,0.6572999189592613,0.8043375019787874,nan,nan,20,6317,528296800,528296800,207,375619024800,375619024800,146308,False
712,0.6336786885320896,0.819315691892803,nan,nan,20,5933,528296800,528296800,193,376147321600,376147321600,146501,False
713,0.6616183929551949,0.8163723916532906,nan,nan,20,6230,528296800,528296800,202,376675618400,376675618400,146703,False
714,0.5888560901011365,0.8308541634718601,nan,nan,20,6521,528296800,528296800,215,377203915200,377203915200,146918,False
715,0.60053886350524,0.83019164310399,nan,nan,20,6366,528296800,528296800,207,377732212000,377732212000,147125,False
716,0.6575578986505057,0.8121555660525901,nan,nan,20,6351,528296800,528296800,207,378260508800,378260508800,147332,False
717,0.6220444741063774,0.820737039350406,nan,nan,20,6404,528296800,528296800,212,378788805600,378788805600,147544,False
718,0.588059259333709,0.8285540889091185,nan,nan,20,6591,528296800,528296800,217,379317102400,379317102400,147761,False
719,0.5878720172760113,0.8317523714428358,nan,nan,20,6009,528296800,528296800,197,379845399200,379845399200,147958,False
720,0.6531512416211979,0.8125,0.6840403859400881,0.8039160365647218,20,5952,528296800,528296800,197,380373696000,380373696000,148155,False
721,0.6530824235246164,0.8130732032683008,nan,nan,20,5997,528296800,528296800,196,380901992800,380901992800,148351,False
722,0.6620017312727354,0.8050365556458164,nan,nan,20,6155,528296800,528296800,201,381430289600,381430289600,148552,False
723,0.703713970179046,0.8011492251436532,nan,nan,20,5743,528296800,528296800,189,381958586400,381958586400,148741,False
724,0.5907242365649404,0.8321275896086814,nan,nan,20,6082,528296800,528296800,200,382486883200,382486883200,148941,False
725,0.6378785530853057,0.8141457440293938,nan,nan,20,6532,528296800,528296800,214,383015180000,383015180000,149155,False
726,0.6650253012083817,0.8022488755622189,nan,nan,20,6670,528296800,528296800,216,383543476800,383543476800,149371,False
727,0.6977650756656982,0.8083851948902718,nan,nan,20,6106,528296800,528296800,199,384071773600,384071773600,149570,False
728,0.6518101261862268,0.8113752122241087,nan,nan,20,5890,528296800,528296800,192,384600070400,384600070400,149762,False
729,0.6045901392936365,0.8182585217684779,nan,nan,20,5926,528296800,528296800,195,385128367200,385128367200,149957,False
730,0.6525780283763702,0.8103420587762967,0.676044005610956,0.8053831396004966,20,6227,528296800,528296800,205,385656664000,385656664000,150162,False
731,0.6679166958904099,0.808457295671068,nan,nan,20,5983,528296800,528296800,196,386184960800,386184960800,150358,False
732,0.5995776127946424,0.8245336705659184,nan,nan,20,6326,528296800,528296800,208,386713257600,386713257600,150566,False
733,0.6142853064926194,0.8191268191268192,nan,nan,20,6253,528296800,528296800,205,387241554400,387241554400,150771,False
734,0.5857182883334618,0.8323895809739524,nan,nan,20,6181,528296800,528296800,204,387769851200,387769851200,150975,False
735,0.5633981155611987,0.8251086281812539,nan,nan,20,6444,528296800,528296800,211,388298148000,388298148000,151186,False
736,0.6013912396370427,0.832250341997264,nan,nan,20,5848,528296800,528296800,192,388826444800,388826444800,151378,False
737,0.5875474930198357,0.8269917689082156,nan,nan,20,6439,528296800,528296800,210,389354741600,389354741600,151588,False
738,0.5990100715853853,0.8268077044521629,nan,nan,20,6334,528296800,528296800,208,389883038400,389883038400,151796,False
739,0.6421564215948689,0.8137068692624249,nan,nan,20,6318,528296800,528296800,208,390411335200,390411335200,152004,False
740,0.6606984861467401,0.808528152782351,0.7059235107668661,0.7949441372305609,20,6074,528296800,528296800,197,390939632000,390939632000,152201,False
741,0.5705481440404853,0.8242726517040732,nan,nan,20,6015,528296800,528296800,199,391467928800,391467928800,152400,False
742,0.6007108105202151,0.82256539552474,nan,nan,20,6346,528296800,528296800,207,391996225600,391996225600,152607,False
743,0.5978240368417093,0.8253625424251774,nan,nan,20,6482,528296800,528296800,213,392524522400,392524522400,152820,False
744,0.6622180229479308,0.8075435203094777,nan,nan,20,6204,528296800,528296800,204,393052819200,393052819200,153024,False
745,0.6280933835057518,0.8186769181483261,nan,nan,20,6243,528296800,528296800,203,393581116000,393581116000,153227,False
746,0.5877278009216629,0.8259919300605245,nan,nan,20,5948,528296800,528296800,196,394109412800,394109412800,153423,False
747,0.543759484865365,0.8382308391396547,nan,nan,20,6602,528296800,528296800,217,394637709600,394637709600,153640,False
748,0.598720507092307,0.8200032056419297,nan,nan,20,6239,528296800,528296800,203,395166006400,395166006400,153843,False
749,0.5273357758988659,0.8379282868525897,nan,nan,20,6275,528296800,528296800,205,395694303200,395694303200,154048,False
750,0.603209456637571,0.8180798204840519,0.6695678550789956,0.8063988263175714,20,6239,528296800,528296800,206,396222600000,396222600000,154254,False
751,0.567809172304926,0.825808570021343,nan,nan,20,6091,528296800,528296800,200,396750896800,396750896800,154454,False
752,0.5275676393776443,0.8465298142717498,nan,nan,20,6138,528296800,528296800,200,397279193600,397279193600,154654,False
753,0.6497620373355603,0.8147058823529412,nan,nan,20,6120,528296800,528296800,201,397807490400,397807490400,154855,False
754,0.6191843243228576,0.8210353327855382,nan,nan,20,6085,528296800,528296800,201,398335787200,398335787200,155056,False
755,0.6685355072135801,0.8036387477462711,nan,nan,20,6101,528296800,528296800,201,398864084000,398864084000,155257,False
756,0.565690166320458,0.8330047019566207,nan,nan,20,6593,528296800,528296800,214,399392380800,399392380800,155471,False
757,0.517911223469325,0.8472222222222222,nan,nan,20,6480,528296800,528296800,210,399920677600,399920677600,155681,False
758,0.618186293569141,0.8188691132461805,nan,nan,20,6349,528296800,528296800,210,400448974400,400448974400,155891,False
759,0.556496830022057,0.8381335478680612,nan,nan,20,6215,528296800,528296800,203,400977271200,400977271200,156094,False
760,0.5674163188038804,0.8324131211432283,0.6618160420448351,0.8063988263175714,20,6158,528296800,528296800,199,401505568000,401505568000,156293,False
761,0.6152203619078209,0.8288244766505636,nan,nan,20,6210,528296800,528296800,203,402033864800,402033864800,156496,False
762,0.5855789049490383,0.822844968862668,nan,nan,20,6102,528296800,528296800,200,402562161600,402562161600,156696,False
763,0.5777981107066654,0.8310516490354698,nan,nan,20,6428,528296800,528296800,209,403090458400,403090458400,156905,False
764,0.6289803063629341,0.8239889705882353,nan,nan,20,6528,528296800,528296800,214,403618755200,403618755200,157119,False
765,0.6622147028105405,0.8034898891063275,nan,nan,20,6132,528296800,528296800,200,404147052000,404147052000,157319,False
766,0.6514482430764224,0.8024200232057019,nan,nan,20,6033,528296800,528296800,198,404675348800,404675348800,157517,False
767,0.642137576364321,0.812961719274681,nan,nan,20,5956,528296800,528296800,196,405203645600,405203645600,157713,False
768,0.615579155415229,0.8221574344023324,nan,nan,20,6174,528296800,528296800,203,405731942400,405731942400,157916,False
769,0.591488832187698,0.8299626633478532,nan,nan,20,6428,528296800,528296800,209,406260239200,406260239200,158125,False
770,0.5592967997903385,0.8296737766624843,0.659607648910027,0.8083737727118835,20,6376,528296800,528296800,209,406788536000,406788536000,158334,False
771,0.6157785998192198,0.8266897746967071,nan,nan,20,6347,528296800,528296800,208,407316832800,407316832800,158542,False
772,0.5828535906584342,0.8315548780487805,nan,nan,20,6560,528296800,528296800,215,407845129600,407845129600,158757,False
773,0.647669172468995,0.8114576899320568,nan,nan,20,6476,528296800,528296800,212,408373426400,408373426400,158969,False
774,0.578329424195919,0.8313272093759899,nan,nan,20,6314,528296800,528296800,207,408901723200,408901723200,159176,False
775,0.5610547304218564,0.8414234431090994,nan,nan,20,6407,528296800,528296800,211,409430020000,409430020000,159387,False
776,0.5189352132012134,0.849940511600238,nan,nan,20,6724,528296800,528296800,216,409958316800,409958316800,159603,False
777,0.6100514135119438,0.8269974226804123,nan,nan,20,6208,528296800,528296800,204,410486613600,410486613600,159807,False
778,0.6011406715194164,0.8225218080888184,nan,nan,20,6305,528296800,528296800,206,411014910400,411014910400,160013,False
779,0.5176523712085664,0.8516731016731016,nan,nan,20,6216,528296800,528296800,205,411543207200,411543207200,160218,False
780,0.6096831329018911,0.8253467843631778,0.6592188404263203,0.8099537298273333,20,6344,528296800,528296800,207,412071504000,412071504000,160425,False
781,0.6260707577846416,0.8253603189205765,nan,nan,20,6522,528296800,528296800,215,412599800800,412599800800,160640,False
782,0.53464111693145,0.8423319489309337,nan,nan,20,6501,528296800,528296800,213,413128097600,413128097600,160853,False
783,0.5410027181436121,0.8368,nan,nan,20,6250,528296800,528296800,206,413656394400,413656394400,161059,False
784,0.5382726443138007,0.8453172205438066,nan,nan,20,6620,528296800,528296800,215,414184691200,414184691200,161274,False
785,0.5833256649347507,0.8349170558866162,nan,nan,20,6209,528296800,528296800,204,414712988000,414712988000,161478,False
786,0.5622971573973107,0.8309222423146474,nan,nan,20,6636,528296800,528296800,217,415241284800,415241284800,161695,False
787,0.623147710518184,0.8166361060176696,nan,nan,20,5999,528296800,528296800,197,415769581600,415769581600,161892,False
788,0.5333326867145703,0.8432533499532565,nan,nan,20,6418,528296800,528296800,210,416297878400,416297878400,162102,False
789,0.6233185827336151,0.8169740543919976,nan,nan,20,6398,528296800,528296800,210,416826175200,416826175200,162312,False
790,0.5876779395189367,0.8306427048431313,0.6420522518720844,0.8136214874167701,20,6566,528296800,528296800,213,417354472000,417354472000,162525,False
791,0.6402255093684243,0.8146249786434308,nan,nan,20,5853,528296800,528296800,192,417882768800,417882768800,162717,False
792,0.5837535079910605,0.8277768999841997,nan,nan,20,6329,528296800,528296800,209,418411065600,418411065600,162926,False
793,0.6087852238771673,0.8305400372439479,nan,nan,20,6444,528296800,528296800,210,418939362400,418939362400,163136,False
794,0.5854571701768225,0.8277123767101495,nan,nan,20,6286,528296800,528296800,204,419467659200,419467659200,163340,False
795,0.6071215123718416,0.8212372138334145,nan,nan,20,6159,528296800,528296800,202,419995956000,419995956000,163542,False
796,0.5418482303588295,0.8380432986283259,nan,nan,20,6051,528296800,528296800,199,420524252800,420524252800,163741,False
797,0.5142067701103067,0.8450474011114744,nan,nan,20,6118,528296800,528296800,201,421052549600,421052549600,163942,False
798,0.5253779601254724,0.8433619866284623,nan,nan,20,6282,528296800,528296800,205,421580846400,421580846400,164147,False
799,0.5564018484555259,0.8321655532018902,nan,nan,20,6137,528296800,528296800,201,422109143200,422109143200,164348,False
800,0.6122234554923554,0.8189366118473574,0.6349889110555607,0.8158785690102697,20,6263,528296800,528296800,207,422637440000,422637440000,164555,False
801,0.5016873005101221,0.8505138586110246,nan,nan,20,6422,528296800,528296800,210,423165736800,423165736800,164765,False
802,0.5267523299118836,0.8432110379429288,nan,nan,20,6378,528296800,528296800,210,423694033600,423694033600,164975,False
803,0.5465794741974536,0.8320331157459003,nan,nan,20,6281,528296800,528296800,205,424222330400,424222330400,165180,False
804,0.5630531232461059,0.8317053642914332,nan,nan,20,6245,528296800,528296800,204,424750627200,424750627200,165384,False
805,0.521360022694575,0.8463329452852154,nan,nan,20,6872,528296800,528296800,223,425278924000,425278924000,165607,False
806,0.5267697810063166,0.8470131885182312,nan,nan,20,6445,528296800,528296800,210,425807220800,425807220800,165817,False
807,0.6136591420271286,0.8240281554951208,nan,nan,20,6251,528296800,528296800,206,426335517600,426335517600,166023,False
808,0.46306581065601626,0.8631659056316591,nan,nan,20,6570,528296800,528296800,213,426863814400,426863814400,166236,False
809,0.5781216253584058,0.8240208877284595,nan,nan,20,5745,528296800,528296800,188,427392111200,427392111200,166424,False
810,0.5656448304163234,0.8327185244587009,0.6496882865464172,0.8075273671143212,20,6235,528296800,528296800,205,427920408000,427920408000,166629,False
811,0.6547669532431896,0.8066359739641213,nan,nan,20,6299,528296800,528296800,206,428448704800,428448704800,166835,False
812,0.5389450161097944,0.8424020728547478,nan,nan,20,6561,528296800,528296800,216,428977001600,428977001600,167051,False
813,0.596490201260489,0.8179325915174972,nan,nan,20,6201,528296800,528296800,203,429505298400,429505298400,167254,False
814,0.5197364851037417,0.8489958608002453,nan,nan,20,6523,528296800,528296800,213,430033595200,430033595200,167467,False
815,0.5528778620055224,0.8367016976556184,nan,nan,20,6185,528296800,528296800,204,430561892000,430561892000,167671,False
816,0.5996867354728567,0.821969696969697,nan,nan,20,6072,528296800,528296800,199,431090188800,431090188800,167870,False
817,0.6085130077820732,0.8259276225377921,nan,nan,20,6549,528296800,528296800,213,431618485600,431618485600,168083,False
818,0.5540404302046072,0.8336021111274007,nan,nan,20,6821,528296800,528296800,221,432146782400,432146782400,168304,False
819,0.4974008328560859,0.8537675606641124,nan,nan,20,6264,528296800,528296800,205,432675079200,432675079200,168509,False
820,0.5502943681108569,0.8388069705093834,0.6438034822649967,0.8079223563931837,20,5968,528296800,528296800,197,433203376000,433203376000,168706,False
821,0.5707712134956042,0.8277276456111566,nan,nan,20,6095,528296800,528296800,201,433731672800,433731672800,168907,False
822,0.6257579712469101,0.8139417410338441,nan,nan,20,5939,528296800,528296800,195,434259969600,434259969600,169102,False
823,0.5263871270492192,0.8479806138933764,nan,nan,20,6190,528296800,528296800,204,434788266400,434788266400,169306,False
824,0.48576875135304853,0.8547312993650302,nan,nan,20,6457,528296800,528296800,213,435316563200,435316563200,169519,False
825,0.5487394440904272,0.8390087929656275,nan,nan,20,6255,528296800,528296800,204,435844860000,435844860000,169723,False
826,0.5941685054432592,0.8311195445920304,nan,nan,20,5797,528296800,528296800,189,436373156800,436373156800,169912,False
827,0.5132576397874404,0.8466369195174351,nan,nan,20,6051,528296800,528296800,200,436901453600,436901453600,170112,False
828,0.5660085633604406,0.8371977475985426,nan,nan,20,6038,528296800,528296800,198,437429750400,437429750400,170310,False
829,0.566469660522944,0.8303272146847566,nan,nan,20,6265,528296800,528296800,204,437958047200,437958047200,170514,False
830,0.5287794644862499,0.8392573786099651,0.6253548298338415,0.8156528608509198,20,6302,528296800,528296800,208,438486344000,438486344000,170722,False
831,0.6008454230497645,0.8264602176912463,nan,nan,20,6523,528296800,528296800,213,439014640800,439014640800,170935,False
832,0.4820957279946848,0.8519651322832237,nan,nan,20,6539,528296800,528296800,214,439542937600,439542937600,171149,False
833,0.5303395662568245,0.8414069731564332,nan,nan,20,6482,528296800,528296800,213,440071234400,440071234400,171362,False
834,0.5639219869093522,0.8389507396675309,nan,nan,20,6557,528296800,528296800,213,440599531200,440599531200,171575,False
835,0.4670396734069224,0.8612505705157463,nan,nan,20,6573,528296800,528296800,215,441127828000,441127828000,171790,False
836,0.5382523533603446,0.8416453216814826,nan,nan,20,6637,528296800,528296800,217,441656124800,441656124800,172007,False
837,0.5348890284030142,0.8323000619962803,nan,nan,20,6452,528296800,528296800,209,442184421600,442184421600,172216,False
838,0.5236016083779703,0.8505692599620494,nan,nan,20,6324,528296800,528296800,208,442712718400,442712718400,172424,False
839,0.5876713879158886,0.825,nan,nan,20,6320,528296800,528296800,205,443241015200,443241015200,172629,False
840,0.6042857817404355,0.8265612648221344,0.6137993244779876,0.8218598352330436,20,6325,528296800,528296800,207,443769312000,443769312000,172836,False
841,0.5071858039976376,0.8505309874782058,nan,nan,20,6309,528296800,528296800,206,444297608800,444297608800,173042,False
842,0.5772547329767166,0.8285448050939587,nan,nan,20,6439,528296800,528296800,210,444825905600,444825905600,173252,False
843,0.5016035116129749,0.8450813323005422,nan,nan,20,6455,528296800,528296800,212,445354202400,445354202400,173464,False
844,0.5466490737135402,0.8348291607620847,nan,nan,20,6351,528296800,528296800,208,445882499200,445882499200,173672,False
845,0.5843871304091294,0.8231842689502061,nan,nan,20,6306,528296800,528296800,204,446410796000,446410796000,173876,False
846,0.6095869583234176,0.8259222661396575,nan,nan,20,6072,528296800,528296800,199,446939092800,446939092800,174075,False
847,0.5592211748782777,0.8413602342987309,nan,nan,20,6146,528296800,528296800,202,447467389600,447467389600,174277,False
848,0.5050074697559571,0.8540914560770156,nan,nan,20,6648,528296800,528296800,217,447995686400,447995686400,174494,False
849,0.5845356296380555,0.8242868785656071,nan,nan,20,6135,528296800,528296800,200,448523983200,448523983200,174694,False
850,0.5512254282684765,0.8362769339456022,0.6172221367292702,0.8194334725200316,20,5662,528296800,528296800,186,449052280000,449052280000,174880,False
851,0.5241682475282886,0.8374168179068361,nan,nan,20,6612,528296800,528296800,216,449580576800,449580576800,175096,False
852,0.5048116896383851,0.8438626744003762,nan,nan,20,6379,528296800,528296800,208,450108873600,450108873600,175304,False
853,0.5862929734760551,0.8258135513284075,nan,nan,20,6361,528296800,528296800,209,450637170400,450637170400,175513,False
854,0.6109304815919315,0.823595686463866,nan,nan,20,6213,528296800,528296800,202,451165467200,451165467200,175715,False
855,0.507324101912675,0.8481765534512443,nan,nan,20,6389,528296800,528296800,209,451693764000,451693764000,175924,False
856,0.4854333126489718,0.8596293311845286,nan,nan,20,6205,528296800,528296800,200,452222060800,452222060800,176124,False
857,0.5416663555056351,0.8448905109489051,nan,nan,20,6028,528296800,528296800,196,452750357600,452750357600,176320,False
858,0.5077704120372941,0.8442636559853893,nan,nan,20,6023,528296800,528296800,197,453278654400,453278654400,176517,False
859,0.48712932903834233,0.8605341246290801,nan,nan,20,6066,528296800,528296800,198,453806951200,453806951200,176715,False
860,0.5383134659018912,0.8397594077729796,0.6069204563373987,0.8236090734680058,20,6484,528296800,528296800,214,454335248000,454335248000,176929,False
861,0.5748491470114735,0.8341043228585101,nan,nan,20,6269,528296800,528296800,204,454863544800,454863544800,177133,False
862,0.4873592722872699,0.8601051840721262,nan,nan,20,6655,528296800,528296800,217,455391841600,455391841600,177350,False
863,0.5155953064985963,0.8516640253565768,nan,nan,20,6310,528296800,528296800,205,455920138400,455920138400,177555,False
864,0.5040182392397545,0.8481051344743277,nan,nan,20,6544,528296800,528296800,214,456448435200,456448435200,177769,False
865,0.49532002127946084,0.8499772001823985,nan,nan,20,6579,528296800,528296800,214,456976732000,456976732000,177983,False
866,0.567162960931855,0.8363874345549738,nan,nan,20,6112,528296800,528296800,202,457505028800,457505028800,178185,False
867,0.533816388260132,0.8461653909650307,nan,nan,20,6663,528296800,528296800,219,458033325600,458033325600,178404,False
868,0.5242353381187547,0.8444190227161301,nan,nan,20,6119,528296800,528296800,199,458561622400,458561622400,178603,False
869,0.6565950554476784,0.803963314772355,nan,nan,20,6106,528296800,528296800,201,459089919200,459089919200,178804,False
870,0.5610033893234725,0.8366023936170213,0.6049005441613989,0.8235526464281684,20,6016,528296800,528296800,199,459618216000,459618216000,179003,False
871,0.5449138688826233,0.8400852878464818,nan,nan,20,6097,528296800,528296800,201,460146512800,460146512800,179204,False
872,0.5399075915582237,0.8382116436153104,nan,nan,20,6218,528296800,528296800,203,460674809600,460674809600,179407,False
873,0.539933553682469,0.8371908687381103,nan,nan,20,6308,528296800,528296800,208,461203106400,461203106400,179615,False
874,0.5116540886856468,0.8478476821192052,nan,nan,20,6040,528296800,528296800,200,461731403200,461731403200,179815,False
875,0.5902705126622366,0.827936507936508,nan,nan,20,6300,528296800,528296800,206,462259700000,462259700000,180021,False
876,0.5921306229669706,0.8216465684085157,nan,nan,20,6717,528296800,528296800,220,462787996800,462787996800,180241,False
877,0.6628955920232075,0.8063896648044693,nan,nan,20,5728,528296800,528296800,188,463316293600,463316293600,180429,False
878,0.4911882299439843,0.8516640253565768,nan,nan,20,6310,528296800,528296800,206,463844590400,463844590400,180635,False
879,0.5078924097981474,0.8493043614194153,nan,nan,20,6397,528296800,528296800,208,464372887200,464372887200,180843,False
880,0.5604233444321756,0.832208444514205,0.6011181258278121,0.8264868524997179,20,6371,528296800,528296800,209,464901184000,464901184000,181052,False
881,0.5084704867797123,0.8506787330316742,nan,nan,20,6188,528296800,528296800,202,465429480800,465429480800,181254,False
882,0.5413020005509365,0.8388486728714236,nan,nan,20,5802,528296800,528296800,191,465957777600,465957777600,181445,False
883,0.54765215437854,0.8341144961499832,nan,nan,20,5974,528296800,528296800,195,466486074400,466486074400,181640,False
884,0.5504218701808787,0.8372204472843451,nan,nan,20,6260,528296800,528296800,203,467014371200,467014371200,181843,False
885,0.5143357497369959,0.8505711639394875,nan,nan,20,6478,528296800,528296800,212,467542668000,467542668000,182055,False
886,0.4856879077482092,0.8488693671709777,nan,nan,20,6147,528296800,528296800,200,468070964800,468070964800,182255,False
887,0.6341100776268611,0.8172683923705722,nan,nan,20,5872,528296800,528296800,193,468599261600,468599261600,182448,False
888,0.5878438970532864,0.8179587831207066,nan,nan,20,6114,528296800,528296800,202,469127558400,469127558400,182650,False
889,0.5379863564222322,0.8400651465798046,nan,nan,20,6140,528296800,528296800,201,469655855200,469655855200,182851,False
890,0.5147132896810047,0.8482527525131642,0.5912519896047915,0.8278411014558176,20,6267,528296800,528296800,207,470184152000,470184152000,183058,False
891,0.5853689987293909,0.8318697110011177,nan,nan,20,6263,528296800,528296800,206,470712448800,470712448800,183264,False
892,0.488152734365901,0.8538365952159056,nan,nan,20,6438,528296800,528296800,212,471240745600,471240745600,183476,False
893,0.4873576372495046,0.8497175141242937,nan,nan,20,6195,528296800,528296800,203,471769042400,471769042400,183679,False
894,0.4865845385074218,0.8542151839776432,nan,nan,20,6441,528296800,528296800,213,472297339200,472297339200,183892,False
895,0.5388633711950626,0.8412895226286423,nan,nan,20,6452,528296800,528296800,213,472825636000,472825636000,184105,False
896,0.47489765889318786,0.8624052004333694,nan,nan,20,6461,528296800,528296800,211,473353932800,473353932800,184316,False
897,0.509824152364819,0.8485881207400194,nan,nan,20,6162,528296800,528296800,200,473882229600,473882229600,184516,False
898,0.472415358707311,0.8626332382525146,nan,nan,20,6661,528296800,528296800,218,474410526400,474410526400,184734,False
899,0.5127549245407714,0.8471906709071634,nan,nan,20,6603,528296800,528296800,215,474938823200,474938823200,184949,False
900,0.5950668602754463,0.8253664754620778,0.588271211755826,0.8284053718541925,20,6276,528296800,528296800,205,475467120000,475467120000,185154,False
901,0.520739186619051,0.8459402058487175,nan,nan,20,6121,528296800,528296800,201,475995416800,475995416800,185355,False
902,0.47701061528097066,0.8541363121256274,nan,nan,20,6177,528296800,528296800,201,476523713600,476523713600,185556,False
903,0.5164276541566674,0.8461906279885241,nan,nan,20,6274,528296800,528296800,209,477052010400,477052010400,185765,False
904,0.5244603533041605,0.8432477216238609,nan,nan,20,6035,528296800,528296800,197,477580307200,477580307200,185962,False
905,0.5784674014513419,0.8316780821917809,nan,nan,20,5840,528296800,528296800,194,478108604000,478108604000,186156,False
906,0.5775811003127108,0.8340112640801002,nan,nan,20,6392,528296800,528296800,210,478636900800,478636900800,186366,False
907,0.518319597558928,0.8459214501510574,nan,nan,20,6289,528296800,528296800,206,479165197600,479165197600,186572,False
908,0.5829558947891259,0.8314233516027238,nan,nan,20,6021,528296800,528296800,197,479693494400,479693494400,186769,False
909,0.5095049701945947,0.8493929614261565,nan,nan,20,6507,528296800,528296800,213,480221791200,480221791200,186982,False
910,0.5383708633278173,0.8389377478875668,0.591978351037452,0.8257533009818305,20,5799,528296800,528296800,192,480750088000,480750088000,187174,False
911,0.5108278000554132,0.8530315278900565,nan,nan,20,6185,528296800,528296800,205,481278384800,481278384800,187379,False
912,0.6202608474884391,0.8134556574923547,nan,nan,20,5886,528296800,528296800,196,481806681600,481806681600,187575,False
913,0.4889400173738075,0.8541861188920012,nan,nan,20,6426,528296800,528296800,209,482334978400,482334978400,187784,False
914,0.5062201959212486,0.8510223953261928,nan,nan,20,6162,528296800,528296800,202,482863275200,482863275200,187986,False
915,0.47337393478983,0.8546865489957395,nan,nan,20,6572,528296800,528296800,213,483391572000,483391572000,188199,False
916,0.5625043905173539,0.8368794326241135,nan,nan,20,6345,528296800,528296800,208,483919868800,483919868800,188407,False
917,0.48976297078022896,0.8613269575612672,nan,nan,20,6692,528296800,528296800,217,484448165600,484448165600,188624,False
918,0.48142060344705473,0.8484616562069494,nan,nan,20,6533,528296800,528296800,215,484976462400,484976462400,188839,False
919,0.5017352714816383,0.8489841625339946,nan,nan,20,6251,528296800,528296800,206,485504759200,485504759200,189045,False
920,0.49671881473609625,0.8522542977619202,0.587945087703218,0.8273332580972802,20,6166,528296800,528296800,201,486033056000,486033056000,189246,False
921,0.5588519336134766,0.8363665389527458,nan,nan,20,6264,528296800,528296800,206,486561352800,486561352800,189452,False
922,0.6566574308607314,0.8060763888888889,nan,nan,20,5760,528296800,528296800,189,487089649600,487089649600,189641,False
923,0.4638319351662304,0.8641956782713085,nan,nan,20,6664,528296800,528296800,216,487617946400,487617946400,189857,False
924,0.570589595033737,0.8268463073852296,nan,nan,20,6012,528296800,528296800,199,488146243200,488146243200,190056,False
925,0.47956801839993285,0.8563676986913501,nan,nan,20,6266,528296800,528296800,205,488674540000,488674540000,190261,False
926,0.5395007751816099,0.8337159724499836,nan,nan,20,6098,528296800,528296800,200,489202836800,489202836800,190461,False
927,0.5609275540422409,0.8386304062909568,nan,nan,20,6104,528296800,528296800,200,489731133600,489731133600,190661,False
928,0.45825163239759437,0.8629769788710187,nan,nan,20,6342,528296800,528296800,207,490259430400,490259430400,190868,False
929,0.521283128538302,0.8448484848484848,nan,nan,20,5775,528296800,528296800,190,490787727200,490787727200,191058,False
930,0.5466771206205645,0.8393823623049984,0.5822461318410072,0.8294210585712674,20,6282,528296800,528296800,207,491316024000,491316024000,191265,False
931,0.5742621625059615,0.8287738958470666,nan,nan,20,6068,528296800,528296800,200,491844320800,491844320800,191465,False
932,0.5906020353616638,0.8254020892057702,nan,nan,20,6031,528296800,528296800,197,492372617600,492372617600,191662,False
933,0.6218984339755531,0.8283433133732535,nan,nan,20,6012,528296800,528296800,197,492900914400,492900914400,191859,False
934,0.5157520151644863,0.8489676475369858,nan,nan,20,6151,528296800,528296800,200,493429211200,493429211200,192059,False
935,0.5446765766932183,0.8355263157894737,nan,nan,20,6232,528296800,528296800,205,493957508000,493957508000,192264,False
936,0.556606407600654,0.8349663196570729,nan,nan,20,6532,528296800,528296800,215,494485804800,494485804800,192479,False
937,0.5011836006701236,0.8461659333752357,nan,nan,20,6364,528296800,528296800,207,495014101600,495014101600,192686,False
938,0.4344900478825185,0.866824644549763,nan,nan,20,6330,528296800,528296800,206,495542398400,495542398400,192892,False
939,0.45999707654745786,0.8620848002449104,nan,nan,20,6533,528296800,528296800,213,496070695200,496070695200,193105,False
940,0.6479308757564697,0.8125307528292602,0.5735474919078178,0.8324116916826543,20,6097,528296800,528296800,202,496598992000,496598992000,193307,False
941,0.4442930839750212,0.8653269346130774,nan,nan,20,6668,528296800,528296800,217,497127288800,497127288800,193524,False
942,0.5264626264348039,0.8505710149589835,nan,nan,20,6217,528296800,528296800,205,497655585600,497655585600,193729,False
943,0.45708226959243475,0.8620164483703929,nan,nan,20,6566,528296800,528296800,213,498183882400,498183882400,193942,False
944,0.531156179150515,0.845350052246604,nan,nan,20,6699,528296800,528296800,221,498712179200,498712179200,194163,False
945,0.5722083329960448,0.8313669970111688,nan,nan,20,6357,528296800,528296800,208,499240476000,499240476000,194371,False
946,0.5317986966281869,0.8411599934091284,nan,nan,20,6069,528296800,528296800,197,499768772800,499768772800,194568,False
947,0.4725936790489402,0.8578688019710502,nan,nan,20,6494,528296800,528296800,211,500297069600,500297069600,194779,False
948,0.5204814881100779,0.8448999354422208,nan,nan,20,6196,528296800,528296800,202,500825366400,500825366400,194981,False
949,0.4787608617640191,0.8635852993099021,nan,nan,20,6231,528296800,528296800,206,501353663200,501353663200,195187,False
950,0.5501770045475194,0.836073348087259,0.5705443599156556,0.8337659406387541,20,6326,528296800,528296800,208,501881960000,501881960000,195395,False
951,0.5806333236396313,0.8241390306122449,nan,nan,20,6272,528296800,528296800,204,502410256800,502410256800,195599,False
952,0.5434288396188353,0.8387358184764991,nan,nan,20,6170,528296800,528296800,204,502938553600,502938553600,195803,False
953,0.5003038850686792,0.84903695991671,nan,nan,20,5763,528296800,528296800,192,503466850400,503466850400,195995,False
954,0.49450260821160147,0.8566274509803922,nan,nan,20,6375,528296800,528296800,205,503995147200,503995147200,196200,False
955,0.48601562023428546,0.8563821203808294,nan,nan,20,6197,528296800,528296800,202,504523444000,504523444000,196402,False
956,0.48576196299061725,0.8574818095539386,nan,nan,20,6322,528296800,528296800,208,505051740800,505051740800,196610,False
957,0.4965142857758987,0.8533247464176461,nan,nan,20,6211,528296800,528296800,204,505580037600,505580037600,196814,False
958,0.4865716915047723,0.8541130131798212,nan,nan,20,6601,528296800,528296800,217,506108334400,506108334400,197031,False
959,0.4930095370142552,0.85370611183355,nan,nan,20,6152,528296800,528296800,204,506636631200,506636631200,197235,False
960,0.5596099469429308,0.8334990059642147,0.5682154968406153,0.8330323891208667,20,6036,528296800,528296800,199,507164928000,507164928000,197434,False
961,0.5461361455739582,0.8376139188069595,nan,nan,20,6035,528296800,528296800,197,507693224800,507693224800,197631,False
962,0.5015190740635216,0.8420116429495472,nan,nan,20,6184,528296800,528296800,202,508221521600,508221521600,197833,False
963,0.43188841270260436,0.870330348873109,nan,nan,20,6478,528296800,528296800,212,508749818400,508749818400,198045,False
964,0.5256559148637918,0.8451842275371687,nan,nan,20,6188,528296800,528296800,205,509278115200,509278115200,198250,False
965,0.4467102554864962,0.8615055733699801,nan,nan,20,6549,528296800,528296800,215,509806412000,509806412000,198465,False
966,0.5187042080425518,0.8454114182888925,nan,nan,20,6113,528296800,528296800,200,510334708800,510334708800,198665,False
967,0.4987018193040389,0.8530725396580934,nan,nan,20,6493,528296800,528296800,213,510863005600,510863005600,198878,False
968,0.4644493655980638,0.8622817579771223,nan,nan,20,6644,528296800,528296800,217,511391302400,511391302400,199095,False
969,0.47130178494750313,0.8577540106951872,nan,nan,20,6545,528296800,528296800,216,511919599200,511919599200,199311,False
970,0.5181138063016194,0.8426579163248564,0.566839151633484,0.8336530865590791,20,6095,528296800,528296800,201,512447896000,512447896000,199512,False
971,0.47955137324741987,0.8577391885122725,nan,nan,20,5989,528296800,528296800,197,512976192800,512976192800,199709,False
972,0.4670821279333372,0.8571207908557306,nan,nan,20,6474,528296800,528296800,210,513504489600,513504489600,199919,False
973,0.42675390763157606,0.8667375778757028,nan,nan,20,6581,528296800,528296800,215,514032786400,514032786400,200134,False
974,0.4191260766441801,0.8719832109129066,nan,nan,20,6671,528296800,528296800,217,514561083200,514561083200,200351,False
975,0.5496898331903957,0.8377504848093084,nan,nan,20,6188,528296800,528296800,204,515089380000,515089380000,200555,False
976,0.5644415437635336,0.8309694643751043,nan,nan,20,5993,528296800,528296800,197,515617676800,515617676800,200752,False
977,0.49244029504327275,0.8550208881324463,nan,nan,20,6463,528296800,528296800,211,516145973600,516145973600,200963,False
978,0.4440611833997675,0.8614505634026345,nan,nan,20,6301,528296800,528296800,205,516674270400,516674270400,201168,False
979,0.49295609358424847,0.8545173745173745,nan,nan,20,6475,528296800,528296800,210,517202567200,517202567200,201378,False
980,0.5079189141109378,0.8498982626389107,0.5644106351082138,0.8357408870330663,20,6389,528296800,528296800,207,517730864000,517730864000,201585,False
981,0.4607860390259042,0.866751269035533,nan,nan,20,6304,528296800,528296800,207,518259160800,518259160800,201792,False
982,0.5931042775799265,0.8330536912751678,nan,nan,20,5960,528296800,528296800,197,518787457600,518787457600,201989,False
983,0.4743949203352843,0.8555194805194806,nan,nan,20,6160,528296800,528296800,201,519315754400,519315754400,202190,False
984,0.5286587408052943,0.8430651095824668,nan,nan,20,6251,528296800,528296800,205,519844051200,519844051200,202395,False
985,0.46778538770035055,0.856,nan,nan,20,6375,528296800,528296800,208,520372348000,520372348000,202603,False
986,0.47566475749295833,0.859097342349426,nan,nan,20,6359,528296800,528296800,209,520900644800,520900644800,202812,False
987,0.4838027739608324,0.8542097724017189,nan,nan,20,6283,528296800,528296800,205,521428941600,521428941600,203017,False
988,0.4507684184320362,0.8620743517650734,nan,nan,20,6402,528296800,528296800,209,521957238400,521957238400,203226,False
989,0.5238150871266353,0.8367850098619329,nan,nan,20,6084,528296800,528296800,200,522485535200,522485535200,203426,False
990,0.46684950723399793,0.8578866768759571,0.5600617704199367,0.8361358763119286,20,6530,528296800,528296800,214,523013832000,523013832000,203640,False
991,0.4786648327273733,0.8593179049939099,nan,nan,20,6568,528296800,528296800,213,523542128800,523542128800,203853,False
992,0.45453027632485526,0.8674894446248782,nan,nan,20,6158,528296800,528296800,203,524070425600,524070425600,204056,False
993,0.5062989726832137,0.8466042154566745,nan,nan,20,5978,528296800,528296800,195,524598722400,524598722400,204251,False
994,0.4930437940468292,0.8408337280909521,nan,nan,20,6333,528296800,528296800,208,525127019200,525127019200,204459,False
995,0.6129905017363497,0.8261019283746557,nan,nan,20,5808,528296800,528296800,193,525655316000,525655316000,204652,False
996,0.4593108428243343,0.8649712879409351,nan,nan,20,6095,528296800,528296800,201,526183612800,526183612800,204853,False
997,0.48846879459055687,0.855590293285693,nan,nan,20,6717,528296800,528296800,220,526711909600,526711909600,205073,False
998,0.5204528536440268,0.8429252782193959,nan,nan,20,6290,528296800,528296800,204,527240206400,527240206400,205277,False
999,0.49788639853984923,0.8501843884449908,nan,nan,20,6508,528296800,528296800,216,527768503200,527768503200,205493,False
1000,0.4827483345301218,0.8541835248422075,0.5544639699562128,0.8362487303916036,20,6179,528296800,528296800,203,528296800000,528296800000,205696,True
