AttributeError: 'MessageFactory' object has no attribute 'GetPrototype'
AttributeError: 'MessageFactory' object has no attribute 'GetPrototype'
AttributeError: 'MessageFactory' object has no attribute 'GetPrototype'
AttributeError: 'MessageFactory' object has no attribute 'GetPrototype'
AttributeError: 'MessageFactory' object has no attribute 'GetPrototype'
/lustre/hdd/LAS/jannesar-lab/aadishah/flower_bench/.venv/lib/python3.10/site-packages/hydra/_internal/defaults_list.py:251: UserWarning: In 'base': Defaults list is missing `_self_`. See https://hydra.cc/docs/1.2/upgrades/1.0_to_1.1/default_composition_order for more information
  warnings.warn(msg, UserWarning)
[93mWARNING [0m:   DEPRECATED FEATURE: flwr.simulation.start_simulation() is deprecated.
	Instead, use the `flwr run` CLI command to start a local simulation in your Flower app, as shown for example below:

		$ flwr new  # Create a new Flower app from a template

		$ flwr run  # Run the Flower app in Simulation Mode

	Using `start_simulation()` is deprecated.

            This is a deprecated feature. It will be removed
            entirely in future versions of Flower.
        
[92mINFO [0m:      Starting Flower simulation, config: num_rounds=50, no round_timeout
2026-05-18 10:45:38,641	INFO worker.py:2012 -- Started a local Ray instance.
/lustre/hdd/LAS/jannesar-lab/aadishah/flower_bench/.venv/lib/python3.10/site-packages/ray/_private/worker.py:2051: FutureWarning: Tip: In future versions of Ray, Ray will no longer override accelerator visible devices env var if num_gpus=0 or num_gpus=None (default). To enable this behavior and turn off this error message, set RAY_ACCEL_ENV_VAR_OVERRIDE_ON_ZERO=0
  warnings.warn(
[92mINFO [0m:      Flower VCE: Ray initialized with resources: {'node:172.16.4.146': 1.0, 'memory': 269068226560.0, 'CPU': 32.0, 'object_store_memory': 115314954240.0, 'node:__internal_head__': 1.0}
[92mINFO [0m:      Optimize your simulation with Flower VCE: https://flower.ai/docs/framework/how-to-run-simulations.html
[92mINFO [0m:      Flower VCE: Resources for each Virtual Client: {'num_cpus': 8, 'num_gpus': 0}
[92mINFO [0m:      Flower VCE: Creating VirtualClientEngineActorPool with 4 actors
[92mINFO [0m:      [INIT]
[92mINFO [0m:      Requesting initial parameters from one random client
[36m(pid=2915459)[0m AttributeError: 'MessageFactory' object has no attribute 'GetPrototype'
[36m(ClientAppActor pid=2915473)[0m [93mWARNING [0m:   DEPRECATED FEATURE: `client_fn` now expects a signature `def client_fn(context: Context)`.The provided `client_fn` has signature: {'cid': <Parameter "cid: str">}. You can import the `Context` like this: `from flwr.common import Context`
[36m(ClientAppActor pid=2915473)[0m 
[36m(ClientAppActor pid=2915473)[0m             This is a deprecated feature. It will be removed
[36m(ClientAppActor pid=2915473)[0m             entirely in future versions of Flower.
[36m(ClientAppActor pid=2915473)[0m         
[36m(pid=2915473)[0m AttributeError: 'MessageFactory' object has no attribute 'GetPrototype'[32m [repeated 19x across cluster] (Ray deduplicates logs by default. Set RAY_DEDUP_LOGS=0 to disable log deduplication, or see https://docs.ray.io/en/master/ray-observability/user-guides/configure-logging.html#log-deduplication for more options.)[0m
[36m(ClientAppActor pid=2915473)[0m [93mWARNING [0m:   Deprecation Warning: The `client_fn` function must return an instance of `Client`, but an instance of `NumpyClient` was returned. Please use `NumPyClient.to_client()` method to convert it to `Client`.
[92mINFO [0m:      Received initial parameters from one random client
[92mINFO [0m:      Starting evaluation of initial global parameters
[92mINFO [0m:      Evaluation returned no results (`None`)
[92mINFO [0m:      
[92mINFO [0m:      [ROUND 1]
[92mINFO [0m:      configure_fit: strategy sampled 10 clients (out of 100)
[36m(ClientAppActor pid=2915473)[0m [93mWARNING [0m:   DEPRECATED FEATURE: `client_fn` now expects a signature `def client_fn(context: Context)`.The provided `client_fn` has signature: {'cid': <Parameter "cid: str">}. You can import the `Context` like this: `from flwr.common import Context`
[36m(ClientAppActor pid=2915473)[0m 
[36m(ClientAppActor pid=2915473)[0m             This is a deprecated feature. It will be removed
[36m(ClientAppActor pid=2915473)[0m             entirely in future versions of Flower.
[36m(ClientAppActor pid=2915473)[0m         
[36m(ClientAppActor pid=2915473)[0m [93mWARNING [0m:   Deprecation Warning: The `client_fn` function must return an instance of `Client`, but an instance of `NumpyClient` was returned. Please use `NumPyClient.to_client()` method to convert it to `Client`.
[36m(ClientAppActor pid=2915460)[0m 
[36m(ClientAppActor pid=2915460)[0m         
[36m(ClientAppActor pid=2915463)[0m 
[36m(ClientAppActor pid=2915463)[0m         
[36m(ClientAppActor pid=2915459)[0m 
[36m(ClientAppActor pid=2915459)[0m         
[36m(pid=gcs_server)[0m [2026-05-18 10:46:05,656 E 2915167 2915167] (gcs_server) gcs_server.cc:302: Failed to establish connection to the event+metrics exporter agent. Events and metrics will not be exported. Exporter agent status: RpcError: Running out of retries to initialize the metrics agent. rpc_code: 14
[36m(ClientAppActor pid=2915459)[0m [93mWARNING [0m:   DEPRECATED FEATURE: `client_fn` now expects a signature `def client_fn(context: Context)`.The provided `client_fn` has signature: {'cid': <Parameter "cid: str">}. You can import the `Context` like this: `from flwr.common import Context`[32m [repeated 3x across cluster][0m
[36m(ClientAppActor pid=2915459)[0m             This is a deprecated feature. It will be removed[32m [repeated 3x across cluster][0m
[36m(ClientAppActor pid=2915459)[0m             entirely in future versions of Flower.[32m [repeated 3x across cluster][0m
[36m(ClientAppActor pid=2915459)[0m [93mWARNING [0m:   Deprecation Warning: The `client_fn` function must return an instance of `Client`, but an instance of `NumpyClient` was returned. Please use `NumPyClient.to_client()` method to convert it to `Client`.[32m [repeated 3x across cluster][0m
[33m(raylet)[0m [2026-05-18 10:46:08,591 E 2915332 2915332] (raylet) main.cc:975: Failed to establish connection to the metrics exporter agent. Metrics will not be exported. Exporter agent status: RpcError: Running out of retries to initialize the metrics agent. rpc_code: 14
[36m(ClientAppActor pid=2915459)[0m [2026-05-18 10:46:18,838 E 2915459 2915986] core_worker_process.cc:825: Failed to establish connection to the metrics exporter agent. Metrics will not be exported. Exporter agent status: RpcError: Running out of retries to initialize the metrics agent. rpc_code: 14
[2026-05-18 10:46:19,515 E 2915145 2915456] core_worker_process.cc:825: Failed to establish connection to the metrics exporter agent. Metrics will not be exported. Exporter agent status: RpcError: Running out of retries to initialize the metrics agent. rpc_code: 14
[36m(ClientAppActor pid=2915473)[0m [93mWARNING [0m:   DEPRECATED FEATURE: `client_fn` now expects a signature `def client_fn(context: Context)`.The provided `client_fn` has signature: {'cid': <Parameter "cid: str">}. You can import the `Context` like this: `from flwr.common import Context`
[36m(ClientAppActor pid=2915473)[0m 
[36m(ClientAppActor pid=2915473)[0m             This is a deprecated feature. It will be removed
[36m(ClientAppActor pid=2915473)[0m             entirely in future versions of Flower.
[36m(ClientAppActor pid=2915473)[0m         
[36m(ClientAppActor pid=2915460)[0m [2026-05-18 10:46:19,209 E 2915460 2916089] core_worker_process.cc:825: Failed to establish connection to the metrics exporter agent. Metrics will not be exported. Exporter agent status: RpcError: Running out of retries to initialize the metrics agent. rpc_code: 14[32m [repeated 3x across cluster][0m
[36m(ClientAppActor pid=2915460)[0m 
[36m(ClientAppActor pid=2915460)[0m         
[36m(ClientAppActor pid=2915473)[0m [93mWARNING [0m:   Deprecation Warning: The `client_fn` function must return an instance of `Client`, but an instance of `NumpyClient` was returned. Please use `NumPyClient.to_client()` method to convert it to `Client`.
[36m(ClientAppActor pid=2915463)[0m 
[36m(ClientAppActor pid=2915463)[0m         
[36m(ClientAppActor pid=2915459)[0m 
[36m(ClientAppActor pid=2915459)[0m         
[36m(ClientAppActor pid=2915473)[0m 
[36m(ClientAppActor pid=2915473)[0m         
[36m(ClientAppActor pid=2915473)[0m [93mWARNING [0m:   DEPRECATED FEATURE: `client_fn` now expects a signature `def client_fn(context: Context)`.The provided `client_fn` has signature: {'cid': <Parameter "cid: str">}. You can import the `Context` like this: `from flwr.common import Context`[32m [repeated 4x across cluster][0m
[36m(ClientAppActor pid=2915473)[0m             This is a deprecated feature. It will be removed[32m [repeated 4x across cluster][0m
[36m(ClientAppActor pid=2915473)[0m             entirely in future versions of Flower.[32m [repeated 4x across cluster][0m
[36m(ClientAppActor pid=2915459)[0m [93mWARNING [0m:   Deprecation Warning: The `client_fn` function must return an instance of `Client`, but an instance of `NumpyClient` was returned. Please use `NumPyClient.to_client()` method to convert it to `Client`.[32m [repeated 3x across cluster][0m
[36m(ClientAppActor pid=2915460)[0m 
[36m(ClientAppActor pid=2915460)[0m         
[92mINFO [0m:      aggregate_fit: received 10 results and 0 failures
[93mWARNING [0m:   No fit_metrics_aggregation_fn provided
[92mINFO [0m:      fit progress: (1, 2.5573065280914307, {'accuracy': 0.10000000149011612}, 299.9162446912378)
[92mINFO [0m:      configure_evaluate: no clients selected, skipping evaluation
[92mINFO [0m:      
[92mINFO [0m:      [ROUND 2]
[92mINFO [0m:      configure_fit: strategy sampled 10 clients (out of 100)
[36m(ClientAppActor pid=2915460)[0m 
[36m(ClientAppActor pid=2915460)[0m         
[36m(ClientAppActor pid=2915460)[0m [93mWARNING [0m:   DEPRECATED FEATURE: `client_fn` now expects a signature `def client_fn(context: Context)`.The provided `client_fn` has signature: {'cid': <Parameter "cid: str">}. You can import the `Context` like this: `from flwr.common import Context`[32m [repeated 2x across cluster][0m
[36m(ClientAppActor pid=2915460)[0m             This is a deprecated feature. It will be removed[32m [repeated 2x across cluster][0m
[36m(ClientAppActor pid=2915460)[0m             entirely in future versions of Flower.[32m [repeated 2x across cluster][0m
[36m(ClientAppActor pid=2915460)[0m [93mWARNING [0m:   Deprecation Warning: The `client_fn` function must return an instance of `Client`, but an instance of `NumpyClient` was returned. Please use `NumPyClient.to_client()` method to convert it to `Client`.[32m [repeated 2x across cluster][0m
[36m(ClientAppActor pid=2915473)[0m 
[36m(ClientAppActor pid=2915473)[0m         
[36m(ClientAppActor pid=2915463)[0m 
[36m(ClientAppActor pid=2915463)[0m         
[36m(ClientAppActor pid=2915459)[0m 
[36m(ClientAppActor pid=2915459)[0m         
[36m(ClientAppActor pid=2915460)[0m 
[36m(ClientAppActor pid=2915460)[0m         
[36m(ClientAppActor pid=2915460)[0m [93mWARNING [0m:   DEPRECATED FEATURE: `client_fn` now expects a signature `def client_fn(context: Context)`.The provided `client_fn` has signature: {'cid': <Parameter "cid: str">}. You can import the `Context` like this: `from flwr.common import Context`[32m [repeated 4x across cluster][0m
[36m(ClientAppActor pid=2915460)[0m             This is a deprecated feature. It will be removed[32m [repeated 4x across cluster][0m
[36m(ClientAppActor pid=2915460)[0m             entirely in future versions of Flower.[32m [repeated 4x across cluster][0m
[36m(ClientAppActor pid=2915463)[0m [93mWARNING [0m:   Deprecation Warning: The `client_fn` function must return an instance of `Client`, but an instance of `NumpyClient` was returned. Please use `NumPyClient.to_client()` method to convert it to `Client`.[32m [repeated 4x across cluster][0m
[36m(ClientAppActor pid=2915473)[0m 
[36m(ClientAppActor pid=2915473)[0m         
[36m(ClientAppActor pid=2915459)[0m 
[36m(ClientAppActor pid=2915459)[0m         
[36m(ClientAppActor pid=2915463)[0m 
[36m(ClientAppActor pid=2915463)[0m         
[36m(ClientAppActor pid=2915460)[0m 
[36m(ClientAppActor pid=2915460)[0m         
[36m(ClientAppActor pid=2915460)[0m [93mWARNING [0m:   DEPRECATED FEATURE: `client_fn` now expects a signature `def client_fn(context: Context)`.The provided `client_fn` has signature: {'cid': <Parameter "cid: str">}. You can import the `Context` like this: `from flwr.common import Context`[32m [repeated 4x across cluster][0m
[36m(ClientAppActor pid=2915460)[0m             This is a deprecated feature. It will be removed[32m [repeated 4x across cluster][0m
[36m(ClientAppActor pid=2915460)[0m             entirely in future versions of Flower.[32m [repeated 4x across cluster][0m
[36m(ClientAppActor pid=2915463)[0m [93mWARNING [0m:   Deprecation Warning: The `client_fn` function must return an instance of `Client`, but an instance of `NumpyClient` was returned. Please use `NumPyClient.to_client()` method to convert it to `Client`.[32m [repeated 4x across cluster][0m
[36m(ClientAppActor pid=2915459)[0m 
[36m(ClientAppActor pid=2915459)[0m         
[92mINFO [0m:      aggregate_fit: received 10 results and 0 failures
[92mINFO [0m:      fit progress: (2, 2.559623956680298, {'accuracy': 0.11150000244379044}, 595.3220327477902)
[92mINFO [0m:      configure_evaluate: no clients selected, skipping evaluation
[92mINFO [0m:      
[92mINFO [0m:      [ROUND 3]
[92mINFO [0m:      configure_fit: strategy sampled 10 clients (out of 100)
[36m(ClientAppActor pid=2915459)[0m 
[36m(ClientAppActor pid=2915459)[0m         
[36m(ClientAppActor pid=2915459)[0m [93mWARNING [0m:   DEPRECATED FEATURE: `client_fn` now expects a signature `def client_fn(context: Context)`.The provided `client_fn` has signature: {'cid': <Parameter "cid: str">}. You can import the `Context` like this: `from flwr.common import Context`[32m [repeated 2x across cluster][0m
[36m(ClientAppActor pid=2915459)[0m             This is a deprecated feature. It will be removed[32m [repeated 2x across cluster][0m
[36m(ClientAppActor pid=2915459)[0m             entirely in future versions of Flower.[32m [repeated 2x across cluster][0m
[36m(ClientAppActor pid=2915460)[0m [93mWARNING [0m:   Deprecation Warning: The `client_fn` function must return an instance of `Client`, but an instance of `NumpyClient` was returned. Please use `NumPyClient.to_client()` method to convert it to `Client`.[32m [repeated 2x across cluster][0m
[36m(ClientAppActor pid=2915460)[0m 
[36m(ClientAppActor pid=2915460)[0m         
[36m(ClientAppActor pid=2915463)[0m 
[36m(ClientAppActor pid=2915463)[0m         
[36m(ClientAppActor pid=2915473)[0m 
[36m(ClientAppActor pid=2915473)[0m         
[36m(ClientAppActor pid=2915459)[0m 
[36m(ClientAppActor pid=2915459)[0m         
[36m(ClientAppActor pid=2915459)[0m [93mWARNING [0m:   DEPRECATED FEATURE: `client_fn` now expects a signature `def client_fn(context: Context)`.The provided `client_fn` has signature: {'cid': <Parameter "cid: str">}. You can import the `Context` like this: `from flwr.common import Context`[32m [repeated 4x across cluster][0m
[36m(ClientAppActor pid=2915459)[0m             This is a deprecated feature. It will be removed[32m [repeated 4x across cluster][0m
[36m(ClientAppActor pid=2915459)[0m             entirely in future versions of Flower.[32m [repeated 4x across cluster][0m
[36m(ClientAppActor pid=2915463)[0m [93mWARNING [0m:   Deprecation Warning: The `client_fn` function must return an instance of `Client`, but an instance of `NumpyClient` was returned. Please use `NumPyClient.to_client()` method to convert it to `Client`.[32m [repeated 4x across cluster][0m
[36m(ClientAppActor pid=2915460)[0m 
[36m(ClientAppActor pid=2915460)[0m         
[36m(ClientAppActor pid=2915473)[0m 
[36m(ClientAppActor pid=2915473)[0m         
[36m(ClientAppActor pid=2915463)[0m 
[36m(ClientAppActor pid=2915463)[0m         
[36m(ClientAppActor pid=2915463)[0m [93mWARNING [0m:   DEPRECATED FEATURE: `client_fn` now expects a signature `def client_fn(context: Context)`.The provided `client_fn` has signature: {'cid': <Parameter "cid: str">}. You can import the `Context` like this: `from flwr.common import Context`[32m [repeated 3x across cluster][0m
[36m(ClientAppActor pid=2915463)[0m             This is a deprecated feature. It will be removed[32m [repeated 3x across cluster][0m
[36m(ClientAppActor pid=2915463)[0m             entirely in future versions of Flower.[32m [repeated 3x across cluster][0m
[36m(ClientAppActor pid=2915463)[0m [93mWARNING [0m:   Deprecation Warning: The `client_fn` function must return an instance of `Client`, but an instance of `NumpyClient` was returned. Please use `NumPyClient.to_client()` method to convert it to `Client`.[32m [repeated 4x across cluster][0m
[36m(ClientAppActor pid=2915460)[0m 
[36m(ClientAppActor pid=2915460)[0m         
[36m(ClientAppActor pid=2915460)[0m [93mWARNING [0m:   DEPRECATED FEATURE: `client_fn` now expects a signature `def client_fn(context: Context)`.The provided `client_fn` has signature: {'cid': <Parameter "cid: str">}. You can import the `Context` like this: `from flwr.common import Context`
[36m(ClientAppActor pid=2915460)[0m             This is a deprecated feature. It will be removed
[36m(ClientAppActor pid=2915460)[0m             entirely in future versions of Flower.
[36m(ClientAppActor pid=2915459)[0m [93mWARNING [0m:   DEPRECATED FEATURE: `client_fn` now expects a signature `def client_fn(context: Context)`.The provided `client_fn` has signature: {'cid': <Parameter "cid: str">}. You can import the `Context` like this: `from flwr.common import Context`
[36m(ClientAppActor pid=2915459)[0m 
[36m(ClientAppActor pid=2915459)[0m             This is a deprecated feature. It will be removed
[36m(ClientAppActor pid=2915459)[0m             entirely in future versions of Flower.
[36m(ClientAppActor pid=2915459)[0m         
[36m(ClientAppActor pid=2915460)[0m [93mWARNING [0m:   Deprecation Warning: The `client_fn` function must return an instance of `Client`, but an instance of `NumpyClient` was returned. Please use `NumPyClient.to_client()` method to convert it to `Client`.
[92mINFO [0m:      aggregate_fit: received 10 results and 0 failures
[92mINFO [0m:      fit progress: (3, 2.5856266021728516, {'accuracy': 0.10239999741315842}, 892.1451060641557)
[92mINFO [0m:      configure_evaluate: no clients selected, skipping evaluation
[92mINFO [0m:      
[92mINFO [0m:      [ROUND 4]
[92mINFO [0m:      configure_fit: strategy sampled 10 clients (out of 100)
[36m(ClientAppActor pid=2915459)[0m [93mWARNING [0m:   DEPRECATED FEATURE: `client_fn` now expects a signature `def client_fn(context: Context)`.The provided `client_fn` has signature: {'cid': <Parameter "cid: str">}. You can import the `Context` like this: `from flwr.common import Context`
[36m(ClientAppActor pid=2915459)[0m 
[36m(ClientAppActor pid=2915459)[0m             This is a deprecated feature. It will be removed
[36m(ClientAppActor pid=2915459)[0m             entirely in future versions of Flower.
[36m(ClientAppActor pid=2915459)[0m         
[36m(ClientAppActor pid=2915459)[0m [93mWARNING [0m:   Deprecation Warning: The `client_fn` function must return an instance of `Client`, but an instance of `NumpyClient` was returned. Please use `NumPyClient.to_client()` method to convert it to `Client`.
[36m(ClientAppActor pid=2915460)[0m [93mWARNING [0m:   DEPRECATED FEATURE: `client_fn` now expects a signature `def client_fn(context: Context)`.The provided `client_fn` has signature: {'cid': <Parameter "cid: str">}. You can import the `Context` like this: `from flwr.common import Context`
[36m(ClientAppActor pid=2915460)[0m 
[36m(ClientAppActor pid=2915460)[0m             This is a deprecated feature. It will be removed
[36m(ClientAppActor pid=2915460)[0m             entirely in future versions of Flower.
[36m(ClientAppActor pid=2915460)[0m         
[36m(ClientAppActor pid=2915459)[0m [93mWARNING [0m:   Deprecation Warning: The `client_fn` function must return an instance of `Client`, but an instance of `NumpyClient` was returned. Please use `NumPyClient.to_client()` method to convert it to `Client`.
[36m(ClientAppActor pid=2915463)[0m 
[36m(ClientAppActor pid=2915463)[0m         
[36m(ClientAppActor pid=2915473)[0m 
[36m(ClientAppActor pid=2915473)[0m         
[36m(ClientAppActor pid=2915463)[0m 
[36m(ClientAppActor pid=2915463)[0m         
[36m(ClientAppActor pid=2915463)[0m [93mWARNING [0m:   DEPRECATED FEATURE: `client_fn` now expects a signature `def client_fn(context: Context)`.The provided `client_fn` has signature: {'cid': <Parameter "cid: str">}. You can import the `Context` like this: `from flwr.common import Context`[32m [repeated 3x across cluster][0m
[36m(ClientAppActor pid=2915463)[0m             This is a deprecated feature. It will be removed[32m [repeated 3x across cluster][0m
[36m(ClientAppActor pid=2915463)[0m             entirely in future versions of Flower.[32m [repeated 3x across cluster][0m
[36m(ClientAppActor pid=2915473)[0m [93mWARNING [0m:   Deprecation Warning: The `client_fn` function must return an instance of `Client`, but an instance of `NumpyClient` was returned. Please use `NumPyClient.to_client()` method to convert it to `Client`.[32m [repeated 3x across cluster][0m
[36m(ClientAppActor pid=2915460)[0m 
[36m(ClientAppActor pid=2915460)[0m         
[36m(ClientAppActor pid=2915473)[0m 
[36m(ClientAppActor pid=2915473)[0m         
[36m(ClientAppActor pid=2915459)[0m 
[36m(ClientAppActor pid=2915459)[0m         
[36m(ClientAppActor pid=2915463)[0m 
[36m(ClientAppActor pid=2915463)[0m         
[36m(ClientAppActor pid=2915463)[0m [93mWARNING [0m:   DEPRECATED FEATURE: `client_fn` now expects a signature `def client_fn(context: Context)`.The provided `client_fn` has signature: {'cid': <Parameter "cid: str">}. You can import the `Context` like this: `from flwr.common import Context`[32m [repeated 4x across cluster][0m
[36m(ClientAppActor pid=2915463)[0m             This is a deprecated feature. It will be removed[32m [repeated 4x across cluster][0m
[36m(ClientAppActor pid=2915463)[0m             entirely in future versions of Flower.[32m [repeated 4x across cluster][0m
[36m(ClientAppActor pid=2915459)[0m [93mWARNING [0m:   Deprecation Warning: The `client_fn` function must return an instance of `Client`, but an instance of `NumpyClient` was returned. Please use `NumPyClient.to_client()` method to convert it to `Client`.[32m [repeated 4x across cluster][0m
[36m(ClientAppActor pid=2915473)[0m 
[36m(ClientAppActor pid=2915473)[0m         
[36m(ClientAppActor pid=2915473)[0m [93mWARNING [0m:   DEPRECATED FEATURE: `client_fn` now expects a signature `def client_fn(context: Context)`.The provided `client_fn` has signature: {'cid': <Parameter "cid: str">}. You can import the `Context` like this: `from flwr.common import Context`
[36m(ClientAppActor pid=2915473)[0m             This is a deprecated feature. It will be removed
[36m(ClientAppActor pid=2915473)[0m             entirely in future versions of Flower.
[36m(ClientAppActor pid=2915473)[0m [93mWARNING [0m:   Deprecation Warning: The `client_fn` function must return an instance of `Client`, but an instance of `NumpyClient` was returned. Please use `NumPyClient.to_client()` method to convert it to `Client`.[32m [repeated 2x across cluster][0m
[92mINFO [0m:      aggregate_fit: received 10 results and 0 failures
[92mINFO [0m:      fit progress: (4, 2.78021240234375, {'accuracy': 0.10000000149011612}, 1189.385531200096)
[92mINFO [0m:      configure_evaluate: no clients selected, skipping evaluation
[92mINFO [0m:      
[92mINFO [0m:      [ROUND 5]
[92mINFO [0m:      configure_fit: strategy sampled 10 clients (out of 100)
[36m(ClientAppActor pid=2915473)[0m [93mWARNING [0m:   DEPRECATED FEATURE: `client_fn` now expects a signature `def client_fn(context: Context)`.The provided `client_fn` has signature: {'cid': <Parameter "cid: str">}. You can import the `Context` like this: `from flwr.common import Context`
[36m(ClientAppActor pid=2915473)[0m 
[36m(ClientAppActor pid=2915473)[0m             This is a deprecated feature. It will be removed
[36m(ClientAppActor pid=2915473)[0m             entirely in future versions of Flower.
[36m(ClientAppActor pid=2915473)[0m         
[36m(ClientAppActor pid=2915463)[0m 
[36m(ClientAppActor pid=2915463)[0m         
[36m(ClientAppActor pid=2915460)[0m 
[36m(ClientAppActor pid=2915460)[0m         
[36m(ClientAppActor pid=2915473)[0m [93mWARNING [0m:   Deprecation Warning: The `client_fn` function must return an instance of `Client`, but an instance of `NumpyClient` was returned. Please use `NumPyClient.to_client()` method to convert it to `Client`.
[36m(ClientAppActor pid=2915459)[0m 
[36m(ClientAppActor pid=2915459)[0m         
[36m(ClientAppActor pid=2915463)[0m 
[36m(ClientAppActor pid=2915463)[0m         
[36m(ClientAppActor pid=2915463)[0m [93mWARNING [0m:   DEPRECATED FEATURE: `client_fn` now expects a signature `def client_fn(context: Context)`.The provided `client_fn` has signature: {'cid': <Parameter "cid: str">}. You can import the `Context` like this: `from flwr.common import Context`[32m [repeated 4x across cluster][0m
[36m(ClientAppActor pid=2915463)[0m             This is a deprecated feature. It will be removed[32m [repeated 4x across cluster][0m
[36m(ClientAppActor pid=2915463)[0m             entirely in future versions of Flower.[32m [repeated 4x across cluster][0m
[36m(ClientAppActor pid=2915460)[0m [93mWARNING [0m:   Deprecation Warning: The `client_fn` function must return an instance of `Client`, but an instance of `NumpyClient` was returned. Please use `NumPyClient.to_client()` method to convert it to `Client`.[32m [repeated 3x across cluster][0m
[36m(ClientAppActor pid=2915473)[0m 
[36m(ClientAppActor pid=2915473)[0m         
[36m(ClientAppActor pid=2915460)[0m 
[36m(ClientAppActor pid=2915460)[0m         
[36m(ClientAppActor pid=2915459)[0m 
[36m(ClientAppActor pid=2915459)[0m         
[36m(ClientAppActor pid=2915463)[0m 
[36m(ClientAppActor pid=2915463)[0m         
[36m(ClientAppActor pid=2915463)[0m [93mWARNING [0m:   DEPRECATED FEATURE: `client_fn` now expects a signature `def client_fn(context: Context)`.The provided `client_fn` has signature: {'cid': <Parameter "cid: str">}. You can import the `Context` like this: `from flwr.common import Context`[32m [repeated 4x across cluster][0m
[36m(ClientAppActor pid=2915463)[0m             This is a deprecated feature. It will be removed[32m [repeated 4x across cluster][0m
[36m(ClientAppActor pid=2915463)[0m             entirely in future versions of Flower.[32m [repeated 4x across cluster][0m
[36m(ClientAppActor pid=2915459)[0m [93mWARNING [0m:   Deprecation Warning: The `client_fn` function must return an instance of `Client`, but an instance of `NumpyClient` was returned. Please use `NumPyClient.to_client()` method to convert it to `Client`.[32m [repeated 4x across cluster][0m
[36m(ClientAppActor pid=2915473)[0m 
[36m(ClientAppActor pid=2915473)[0m         
[92mINFO [0m:      aggregate_fit: received 10 results and 0 failures
[92mINFO [0m:      fit progress: (5, 2.776155471801758, {'accuracy': 0.10000000149011612}, 1486.631589828059)
[92mINFO [0m:      configure_evaluate: no clients selected, skipping evaluation
[92mINFO [0m:      
[92mINFO [0m:      [ROUND 6]
[92mINFO [0m:      configure_fit: strategy sampled 10 clients (out of 100)
[36m(ClientAppActor pid=2915473)[0m 
[36m(ClientAppActor pid=2915473)[0m         
[36m(ClientAppActor pid=2915473)[0m [93mWARNING [0m:   DEPRECATED FEATURE: `client_fn` now expects a signature `def client_fn(context: Context)`.The provided `client_fn` has signature: {'cid': <Parameter "cid: str">}. You can import the `Context` like this: `from flwr.common import Context`[32m [repeated 2x across cluster][0m
[36m(ClientAppActor pid=2915473)[0m             This is a deprecated feature. It will be removed[32m [repeated 2x across cluster][0m
[36m(ClientAppActor pid=2915473)[0m             entirely in future versions of Flower.[32m [repeated 2x across cluster][0m
[36m(ClientAppActor pid=2915473)[0m [93mWARNING [0m:   Deprecation Warning: The `client_fn` function must return an instance of `Client`, but an instance of `NumpyClient` was returned. Please use `NumPyClient.to_client()` method to convert it to `Client`.[32m [repeated 2x across cluster][0m
[36m(ClientAppActor pid=2915463)[0m 
[36m(ClientAppActor pid=2915463)[0m         
[36m(ClientAppActor pid=2915459)[0m 
[36m(ClientAppActor pid=2915459)[0m         
[36m(ClientAppActor pid=2915460)[0m 
[36m(ClientAppActor pid=2915460)[0m         
[36m(ClientAppActor pid=2915473)[0m 
[36m(ClientAppActor pid=2915473)[0m         
[36m(ClientAppActor pid=2915473)[0m [93mWARNING [0m:   DEPRECATED FEATURE: `client_fn` now expects a signature `def client_fn(context: Context)`.The provided `client_fn` has signature: {'cid': <Parameter "cid: str">}. You can import the `Context` like this: `from flwr.common import Context`[32m [repeated 4x across cluster][0m
[36m(ClientAppActor pid=2915473)[0m             This is a deprecated feature. It will be removed[32m [repeated 4x across cluster][0m
[36m(ClientAppActor pid=2915473)[0m             entirely in future versions of Flower.[32m [repeated 4x across cluster][0m
[36m(ClientAppActor pid=2915460)[0m [93mWARNING [0m:   Deprecation Warning: The `client_fn` function must return an instance of `Client`, but an instance of `NumpyClient` was returned. Please use `NumPyClient.to_client()` method to convert it to `Client`.[32m [repeated 4x across cluster][0m
[36m(ClientAppActor pid=2915460)[0m 
[36m(ClientAppActor pid=2915460)[0m         
[36m(ClientAppActor pid=2915463)[0m 
[36m(ClientAppActor pid=2915463)[0m         
[36m(ClientAppActor pid=2915459)[0m 
[36m(ClientAppActor pid=2915459)[0m         
[36m(ClientAppActor pid=2915459)[0m [93mWARNING [0m:   DEPRECATED FEATURE: `client_fn` now expects a signature `def client_fn(context: Context)`.The provided `client_fn` has signature: {'cid': <Parameter "cid: str">}. You can import the `Context` like this: `from flwr.common import Context`[32m [repeated 3x across cluster][0m
[36m(ClientAppActor pid=2915459)[0m             This is a deprecated feature. It will be removed[32m [repeated 3x across cluster][0m
[36m(ClientAppActor pid=2915459)[0m             entirely in future versions of Flower.[32m [repeated 3x across cluster][0m
[36m(ClientAppActor pid=2915459)[0m [93mWARNING [0m:   Deprecation Warning: The `client_fn` function must return an instance of `Client`, but an instance of `NumpyClient` was returned. Please use `NumPyClient.to_client()` method to convert it to `Client`.[32m [repeated 4x across cluster][0m
[36m(ClientAppActor pid=2915473)[0m 
[36m(ClientAppActor pid=2915473)[0m         
[36m(ClientAppActor pid=2915473)[0m [93mWARNING [0m:   DEPRECATED FEATURE: `client_fn` now expects a signature `def client_fn(context: Context)`.The provided `client_fn` has signature: {'cid': <Parameter "cid: str">}. You can import the `Context` like this: `from flwr.common import Context`
[36m(ClientAppActor pid=2915473)[0m             This is a deprecated feature. It will be removed
[36m(ClientAppActor pid=2915473)[0m             entirely in future versions of Flower.
[36m(ClientAppActor pid=2915460)[0m [93mWARNING [0m:   DEPRECATED FEATURE: `client_fn` now expects a signature `def client_fn(context: Context)`.The provided `client_fn` has signature: {'cid': <Parameter "cid: str">}. You can import the `Context` like this: `from flwr.common import Context`
[36m(ClientAppActor pid=2915460)[0m 
[36m(ClientAppActor pid=2915460)[0m             This is a deprecated feature. It will be removed
[36m(ClientAppActor pid=2915460)[0m             entirely in future versions of Flower.
[36m(ClientAppActor pid=2915460)[0m         
[36m(ClientAppActor pid=2915473)[0m [93mWARNING [0m:   Deprecation Warning: The `client_fn` function must return an instance of `Client`, but an instance of `NumpyClient` was returned. Please use `NumPyClient.to_client()` method to convert it to `Client`.
[92mINFO [0m:      aggregate_fit: received 10 results and 0 failures
[92mINFO [0m:      fit progress: (6, 2.669098138809204, {'accuracy': 0.1039000004529953}, 1781.54504705593)
[92mINFO [0m:      configure_evaluate: no clients selected, skipping evaluation
[92mINFO [0m:      
[92mINFO [0m:      [ROUND 7]
[92mINFO [0m:      configure_fit: strategy sampled 10 clients (out of 100)
[36m(ClientAppActor pid=2915460)[0m [93mWARNING [0m:   DEPRECATED FEATURE: `client_fn` now expects a signature `def client_fn(context: Context)`.The provided `client_fn` has signature: {'cid': <Parameter "cid: str">}. You can import the `Context` like this: `from flwr.common import Context`
[36m(ClientAppActor pid=2915460)[0m 
[36m(ClientAppActor pid=2915460)[0m             This is a deprecated feature. It will be removed
[36m(ClientAppActor pid=2915460)[0m             entirely in future versions of Flower.
[36m(ClientAppActor pid=2915460)[0m         
[36m(ClientAppActor pid=2915460)[0m [93mWARNING [0m:   Deprecation Warning: The `client_fn` function must return an instance of `Client`, but an instance of `NumpyClient` was returned. Please use `NumPyClient.to_client()` method to convert it to `Client`.
[36m(ClientAppActor pid=2915473)[0m [93mWARNING [0m:   DEPRECATED FEATURE: `client_fn` now expects a signature `def client_fn(context: Context)`.The provided `client_fn` has signature: {'cid': <Parameter "cid: str">}. You can import the `Context` like this: `from flwr.common import Context`
[36m(ClientAppActor pid=2915473)[0m 
[36m(ClientAppActor pid=2915473)[0m             This is a deprecated feature. It will be removed
[36m(ClientAppActor pid=2915473)[0m             entirely in future versions of Flower.
[36m(ClientAppActor pid=2915473)[0m         
[36m(ClientAppActor pid=2915459)[0m 
[36m(ClientAppActor pid=2915459)[0m         
[36m(ClientAppActor pid=2915460)[0m [93mWARNING [0m:   Deprecation Warning: The `client_fn` function must return an instance of `Client`, but an instance of `NumpyClient` was returned. Please use `NumPyClient.to_client()` method to convert it to `Client`.
[36m(ClientAppActor pid=2915463)[0m 
[36m(ClientAppActor pid=2915463)[0m         
[36m(ClientAppActor pid=2915460)[0m 
[36m(ClientAppActor pid=2915460)[0m         
[36m(ClientAppActor pid=2915460)[0m [93mWARNING [0m:   DEPRECATED FEATURE: `client_fn` now expects a signature `def client_fn(context: Context)`.The provided `client_fn` has signature: {'cid': <Parameter "cid: str">}. You can import the `Context` like this: `from flwr.common import Context`[32m [repeated 3x across cluster][0m
[36m(ClientAppActor pid=2915460)[0m             This is a deprecated feature. It will be removed[32m [repeated 3x across cluster][0m
[36m(ClientAppActor pid=2915460)[0m             entirely in future versions of Flower.[32m [repeated 3x across cluster][0m
[36m(ClientAppActor pid=2915463)[0m [93mWARNING [0m:   Deprecation Warning: The `client_fn` function must return an instance of `Client`, but an instance of `NumpyClient` was returned. Please use `NumPyClient.to_client()` method to convert it to `Client`.[32m [repeated 3x across cluster][0m
[36m(ClientAppActor pid=2915473)[0m 
[36m(ClientAppActor pid=2915473)[0m         
[36m(ClientAppActor pid=2915463)[0m 
[36m(ClientAppActor pid=2915463)[0m         
[36m(ClientAppActor pid=2915459)[0m 
[36m(ClientAppActor pid=2915459)[0m         
[36m(ClientAppActor pid=2915463)[0m 
[36m(ClientAppActor pid=2915463)[0m         
[36m(ClientAppActor pid=2915463)[0m [93mWARNING [0m:   DEPRECATED FEATURE: `client_fn` now expects a signature `def client_fn(context: Context)`.The provided `client_fn` has signature: {'cid': <Parameter "cid: str">}. You can import the `Context` like this: `from flwr.common import Context`[32m [repeated 4x across cluster][0m
[36m(ClientAppActor pid=2915463)[0m             This is a deprecated feature. It will be removed[32m [repeated 4x across cluster][0m
[36m(ClientAppActor pid=2915463)[0m             entirely in future versions of Flower.[32m [repeated 4x across cluster][0m
[36m(ClientAppActor pid=2915459)[0m [93mWARNING [0m:   Deprecation Warning: The `client_fn` function must return an instance of `Client`, but an instance of `NumpyClient` was returned. Please use `NumPyClient.to_client()` method to convert it to `Client`.[32m [repeated 4x across cluster][0m
[36m(ClientAppActor pid=2915473)[0m 
[36m(ClientAppActor pid=2915473)[0m         
[92mINFO [0m:      aggregate_fit: received 10 results and 0 failures
[92mINFO [0m:      fit progress: (7, 2.8406131267547607, {'accuracy': 0.10329999774694443}, 2078.0212841872126)
[92mINFO [0m:      configure_evaluate: no clients selected, skipping evaluation
[92mINFO [0m:      
[92mINFO [0m:      [ROUND 8]
[92mINFO [0m:      configure_fit: strategy sampled 10 clients (out of 100)
[36m(ClientAppActor pid=2915463)[0m 
[36m(ClientAppActor pid=2915463)[0m         
[36m(ClientAppActor pid=2915463)[0m [93mWARNING [0m:   DEPRECATED FEATURE: `client_fn` now expects a signature `def client_fn(context: Context)`.The provided `client_fn` has signature: {'cid': <Parameter "cid: str">}. You can import the `Context` like this: `from flwr.common import Context`[32m [repeated 2x across cluster][0m
[36m(ClientAppActor pid=2915463)[0m             This is a deprecated feature. It will be removed[32m [repeated 2x across cluster][0m
[36m(ClientAppActor pid=2915463)[0m             entirely in future versions of Flower.[32m [repeated 2x across cluster][0m
[36m(ClientAppActor pid=2915473)[0m [93mWARNING [0m:   Deprecation Warning: The `client_fn` function must return an instance of `Client`, but an instance of `NumpyClient` was returned. Please use `NumPyClient.to_client()` method to convert it to `Client`.[32m [repeated 2x across cluster][0m
[36m(ClientAppActor pid=2915473)[0m 
[36m(ClientAppActor pid=2915473)[0m         
[36m(ClientAppActor pid=2915459)[0m 
[36m(ClientAppActor pid=2915459)[0m         
[36m(ClientAppActor pid=2915460)[0m 
[36m(ClientAppActor pid=2915460)[0m         
[36m(ClientAppActor pid=2915473)[0m 
[36m(ClientAppActor pid=2915473)[0m         
[36m(ClientAppActor pid=2915473)[0m [93mWARNING [0m:   DEPRECATED FEATURE: `client_fn` now expects a signature `def client_fn(context: Context)`.The provided `client_fn` has signature: {'cid': <Parameter "cid: str">}. You can import the `Context` like this: `from flwr.common import Context`[32m [repeated 4x across cluster][0m
[36m(ClientAppActor pid=2915473)[0m             This is a deprecated feature. It will be removed[32m [repeated 4x across cluster][0m
[36m(ClientAppActor pid=2915473)[0m             entirely in future versions of Flower.[32m [repeated 4x across cluster][0m
[36m(ClientAppActor pid=2915460)[0m [93mWARNING [0m:   Deprecation Warning: The `client_fn` function must return an instance of `Client`, but an instance of `NumpyClient` was returned. Please use `NumPyClient.to_client()` method to convert it to `Client`.[32m [repeated 4x across cluster][0m
[36m(ClientAppActor pid=2915460)[0m 
[36m(ClientAppActor pid=2915460)[0m         
[36m(ClientAppActor pid=2915459)[0m 
[36m(ClientAppActor pid=2915459)[0m         
[36m(ClientAppActor pid=2915463)[0m 
[36m(ClientAppActor pid=2915463)[0m         
[36m(ClientAppActor pid=2915473)[0m 
[36m(ClientAppActor pid=2915473)[0m         
[36m(ClientAppActor pid=2915473)[0m [93mWARNING [0m:   DEPRECATED FEATURE: `client_fn` now expects a signature `def client_fn(context: Context)`.The provided `client_fn` has signature: {'cid': <Parameter "cid: str">}. You can import the `Context` like this: `from flwr.common import Context`[32m [repeated 4x across cluster][0m
[36m(ClientAppActor pid=2915473)[0m             This is a deprecated feature. It will be removed[32m [repeated 4x across cluster][0m
[36m(ClientAppActor pid=2915473)[0m             entirely in future versions of Flower.[32m [repeated 4x across cluster][0m
[36m(ClientAppActor pid=2915463)[0m [93mWARNING [0m:   Deprecation Warning: The `client_fn` function must return an instance of `Client`, but an instance of `NumpyClient` was returned. Please use `NumPyClient.to_client()` method to convert it to `Client`.[32m [repeated 4x across cluster][0m
[36m(ClientAppActor pid=2915460)[0m 
[36m(ClientAppActor pid=2915460)[0m         
[92mINFO [0m:      aggregate_fit: received 10 results and 0 failures
[92mINFO [0m:      fit progress: (8, 2.8651998043060303, {'accuracy': 0.14339999854564667}, 2373.465973034501)
[92mINFO [0m:      configure_evaluate: no clients selected, skipping evaluation
[92mINFO [0m:      
[92mINFO [0m:      [ROUND 9]
[92mINFO [0m:      configure_fit: strategy sampled 10 clients (out of 100)
[36m(ClientAppActor pid=2915460)[0m 
[36m(ClientAppActor pid=2915460)[0m         
[36m(ClientAppActor pid=2915460)[0m [93mWARNING [0m:   DEPRECATED FEATURE: `client_fn` now expects a signature `def client_fn(context: Context)`.The provided `client_fn` has signature: {'cid': <Parameter "cid: str">}. You can import the `Context` like this: `from flwr.common import Context`[32m [repeated 2x across cluster][0m
[36m(ClientAppActor pid=2915460)[0m             This is a deprecated feature. It will be removed[32m [repeated 2x across cluster][0m
[36m(ClientAppActor pid=2915460)[0m             entirely in future versions of Flower.[32m [repeated 2x across cluster][0m
[36m(ClientAppActor pid=2915460)[0m [93mWARNING [0m:   Deprecation Warning: The `client_fn` function must return an instance of `Client`, but an instance of `NumpyClient` was returned. Please use `NumPyClient.to_client()` method to convert it to `Client`.[32m [repeated 2x across cluster][0m
[36m(ClientAppActor pid=2915473)[0m 
[36m(ClientAppActor pid=2915473)[0m         
[36m(ClientAppActor pid=2915459)[0m 
[36m(ClientAppActor pid=2915459)[0m         
[36m(ClientAppActor pid=2915463)[0m 
[36m(ClientAppActor pid=2915463)[0m         
[36m(ClientAppActor pid=2915460)[0m 
[36m(ClientAppActor pid=2915460)[0m         
[36m(ClientAppActor pid=2915460)[0m [93mWARNING [0m:   DEPRECATED FEATURE: `client_fn` now expects a signature `def client_fn(context: Context)`.The provided `client_fn` has signature: {'cid': <Parameter "cid: str">}. You can import the `Context` like this: `from flwr.common import Context`[32m [repeated 4x across cluster][0m
[36m(ClientAppActor pid=2915460)[0m             This is a deprecated feature. It will be removed[32m [repeated 4x across cluster][0m
[36m(ClientAppActor pid=2915460)[0m             entirely in future versions of Flower.[32m [repeated 4x across cluster][0m
[36m(ClientAppActor pid=2915463)[0m [93mWARNING [0m:   Deprecation Warning: The `client_fn` function must return an instance of `Client`, but an instance of `NumpyClient` was returned. Please use `NumPyClient.to_client()` method to convert it to `Client`.[32m [repeated 4x across cluster][0m
[36m(ClientAppActor pid=2915459)[0m 
[36m(ClientAppActor pid=2915459)[0m         
[36m(ClientAppActor pid=2915473)[0m 
[36m(ClientAppActor pid=2915473)[0m         
[36m(ClientAppActor pid=2915463)[0m 
[36m(ClientAppActor pid=2915463)[0m         
[36m(ClientAppActor pid=2915459)[0m 
[36m(ClientAppActor pid=2915459)[0m         
[36m(ClientAppActor pid=2915459)[0m [93mWARNING [0m:   DEPRECATED FEATURE: `client_fn` now expects a signature `def client_fn(context: Context)`.The provided `client_fn` has signature: {'cid': <Parameter "cid: str">}. You can import the `Context` like this: `from flwr.common import Context`[32m [repeated 4x across cluster][0m
[36m(ClientAppActor pid=2915459)[0m             This is a deprecated feature. It will be removed[32m [repeated 4x across cluster][0m
[36m(ClientAppActor pid=2915459)[0m             entirely in future versions of Flower.[32m [repeated 4x across cluster][0m
[36m(ClientAppActor pid=2915463)[0m [93mWARNING [0m:   Deprecation Warning: The `client_fn` function must return an instance of `Client`, but an instance of `NumpyClient` was returned. Please use `NumPyClient.to_client()` method to convert it to `Client`.[32m [repeated 4x across cluster][0m
[36m(ClientAppActor pid=2915460)[0m 
[36m(ClientAppActor pid=2915460)[0m         
[92mINFO [0m:      aggregate_fit: received 10 results and 0 failures
[92mINFO [0m:      fit progress: (9, 2.5925023555755615, {'accuracy': 0.1264999955892563}, 2668.0460979994386)
[92mINFO [0m:      configure_evaluate: no clients selected, skipping evaluation
[92mINFO [0m:      
[92mINFO [0m:      [ROUND 10]
[92mINFO [0m:      configure_fit: strategy sampled 10 clients (out of 100)
[36m(ClientAppActor pid=2915460)[0m 
[36m(ClientAppActor pid=2915460)[0m         
[36m(ClientAppActor pid=2915460)[0m [93mWARNING [0m:   DEPRECATED FEATURE: `client_fn` now expects a signature `def client_fn(context: Context)`.The provided `client_fn` has signature: {'cid': <Parameter "cid: str">}. You can import the `Context` like this: `from flwr.common import Context`[32m [repeated 2x across cluster][0m
[36m(ClientAppActor pid=2915460)[0m             This is a deprecated feature. It will be removed[32m [repeated 2x across cluster][0m
[36m(ClientAppActor pid=2915460)[0m             entirely in future versions of Flower.[32m [repeated 2x across cluster][0m
[36m(ClientAppActor pid=2915460)[0m [93mWARNING [0m:   Deprecation Warning: The `client_fn` function must return an instance of `Client`, but an instance of `NumpyClient` was returned. Please use `NumPyClient.to_client()` method to convert it to `Client`.[32m [repeated 2x across cluster][0m
[36m(ClientAppActor pid=2915459)[0m 
[36m(ClientAppActor pid=2915459)[0m         
[36m(ClientAppActor pid=2915463)[0m 
[36m(ClientAppActor pid=2915463)[0m         
[36m(ClientAppActor pid=2915473)[0m 
[36m(ClientAppActor pid=2915473)[0m         
[36m(ClientAppActor pid=2915463)[0m 
[36m(ClientAppActor pid=2915463)[0m         
[36m(ClientAppActor pid=2915463)[0m [93mWARNING [0m:   DEPRECATED FEATURE: `client_fn` now expects a signature `def client_fn(context: Context)`.The provided `client_fn` has signature: {'cid': <Parameter "cid: str">}. You can import the `Context` like this: `from flwr.common import Context`[32m [repeated 4x across cluster][0m
[36m(ClientAppActor pid=2915463)[0m             This is a deprecated feature. It will be removed[32m [repeated 4x across cluster][0m
[36m(ClientAppActor pid=2915463)[0m             entirely in future versions of Flower.[32m [repeated 4x across cluster][0m
[36m(ClientAppActor pid=2915473)[0m [93mWARNING [0m:   Deprecation Warning: The `client_fn` function must return an instance of `Client`, but an instance of `NumpyClient` was returned. Please use `NumPyClient.to_client()` method to convert it to `Client`.[32m [repeated 4x across cluster][0m
[36m(ClientAppActor pid=2915459)[0m 
[36m(ClientAppActor pid=2915459)[0m         
[36m(ClientAppActor pid=2915460)[0m 
[36m(ClientAppActor pid=2915460)[0m         
[36m(ClientAppActor pid=2915473)[0m 
[36m(ClientAppActor pid=2915473)[0m         
[36m(ClientAppActor pid=2915473)[0m [93mWARNING [0m:   DEPRECATED FEATURE: `client_fn` now expects a signature `def client_fn(context: Context)`.The provided `client_fn` has signature: {'cid': <Parameter "cid: str">}. You can import the `Context` like this: `from flwr.common import Context`[32m [repeated 3x across cluster][0m
[36m(ClientAppActor pid=2915473)[0m             This is a deprecated feature. It will be removed[32m [repeated 3x across cluster][0m
[36m(ClientAppActor pid=2915473)[0m             entirely in future versions of Flower.[32m [repeated 3x across cluster][0m
[36m(ClientAppActor pid=2915459)[0m [93mWARNING [0m:   Deprecation Warning: The `client_fn` function must return an instance of `Client`, but an instance of `NumpyClient` was returned. Please use `NumPyClient.to_client()` method to convert it to `Client`.[32m [repeated 2x across cluster][0m
[36m(ClientAppActor pid=2915463)[0m 
[36m(ClientAppActor pid=2915463)[0m         
[36m(ClientAppActor pid=2915463)[0m [93mWARNING [0m:   DEPRECATED FEATURE: `client_fn` now expects a signature `def client_fn(context: Context)`.The provided `client_fn` has signature: {'cid': <Parameter "cid: str">}. You can import the `Context` like this: `from flwr.common import Context`
[36m(ClientAppActor pid=2915463)[0m             This is a deprecated feature. It will be removed
[36m(ClientAppActor pid=2915463)[0m             entirely in future versions of Flower.
[36m(ClientAppActor pid=2915473)[0m [93mWARNING [0m:   Deprecation Warning: The `client_fn` function must return an instance of `Client`, but an instance of `NumpyClient` was returned. Please use `NumPyClient.to_client()` method to convert it to `Client`.[32m [repeated 2x across cluster][0m
[36m(ClientAppActor pid=2915459)[0m [93mWARNING [0m:   DEPRECATED FEATURE: `client_fn` now expects a signature `def client_fn(context: Context)`.The provided `client_fn` has signature: {'cid': <Parameter "cid: str">}. You can import the `Context` like this: `from flwr.common import Context`
[36m(ClientAppActor pid=2915459)[0m 
[36m(ClientAppActor pid=2915459)[0m             This is a deprecated feature. It will be removed
[36m(ClientAppActor pid=2915459)[0m             entirely in future versions of Flower.
[36m(ClientAppActor pid=2915459)[0m         
[92mINFO [0m:      aggregate_fit: received 10 results and 0 failures
[92mINFO [0m:      fit progress: (10, 2.4195172786712646, {'accuracy': 0.16089999675750732}, 2966.33131814003)
[92mINFO [0m:      configure_evaluate: no clients selected, skipping evaluation
[92mINFO [0m:      
[92mINFO [0m:      [ROUND 11]
[92mINFO [0m:      configure_fit: strategy sampled 10 clients (out of 100)
[36m(ClientAppActor pid=2915459)[0m [93mWARNING [0m:   DEPRECATED FEATURE: `client_fn` now expects a signature `def client_fn(context: Context)`.The provided `client_fn` has signature: {'cid': <Parameter "cid: str">}. You can import the `Context` like this: `from flwr.common import Context`
[36m(ClientAppActor pid=2915459)[0m 
[36m(ClientAppActor pid=2915459)[0m             This is a deprecated feature. It will be removed
[36m(ClientAppActor pid=2915459)[0m             entirely in future versions of Flower.
[36m(ClientAppActor pid=2915459)[0m         
[36m(ClientAppActor pid=2915459)[0m [93mWARNING [0m:   Deprecation Warning: The `client_fn` function must return an instance of `Client`, but an instance of `NumpyClient` was returned. Please use `NumPyClient.to_client()` method to convert it to `Client`.[32m [repeated 2x across cluster][0m
[36m(ClientAppActor pid=2915463)[0m [93mWARNING [0m:   DEPRECATED FEATURE: `client_fn` now expects a signature `def client_fn(context: Context)`.The provided `client_fn` has signature: {'cid': <Parameter "cid: str">}. You can import the `Context` like this: `from flwr.common import Context`
[36m(ClientAppActor pid=2915463)[0m 
[36m(ClientAppActor pid=2915463)[0m             This is a deprecated feature. It will be removed
[36m(ClientAppActor pid=2915463)[0m             entirely in future versions of Flower.
[36m(ClientAppActor pid=2915463)[0m         
[36m(ClientAppActor pid=2915460)[0m 
[36m(ClientAppActor pid=2915460)[0m         
[36m(ClientAppActor pid=2915473)[0m 
[36m(ClientAppActor pid=2915473)[0m         
[36m(ClientAppActor pid=2915463)[0m 
[36m(ClientAppActor pid=2915463)[0m         
[36m(ClientAppActor pid=2915473)[0m [93mWARNING [0m:   Deprecation Warning: The `client_fn` function must return an instance of `Client`, but an instance of `NumpyClient` was returned. Please use `NumPyClient.to_client()` method to convert it to `Client`.[32m [repeated 4x across cluster][0m
[36m(ClientAppActor pid=2915463)[0m [93mWARNING [0m:   DEPRECATED FEATURE: `client_fn` now expects a signature `def client_fn(context: Context)`.The provided `client_fn` has signature: {'cid': <Parameter "cid: str">}. You can import the `Context` like this: `from flwr.common import Context`[32m [repeated 3x across cluster][0m
[36m(ClientAppActor pid=2915463)[0m             This is a deprecated feature. It will be removed[32m [repeated 3x across cluster][0m
[36m(ClientAppActor pid=2915463)[0m             entirely in future versions of Flower.[32m [repeated 3x across cluster][0m
[36m(ClientAppActor pid=2915459)[0m 
[36m(ClientAppActor pid=2915459)[0m         
[36m(ClientAppActor pid=2915473)[0m 
[36m(ClientAppActor pid=2915473)[0m         
[36m(ClientAppActor pid=2915460)[0m 
[36m(ClientAppActor pid=2915460)[0m         
[36m(ClientAppActor pid=2915459)[0m [93mWARNING [0m:   Deprecation Warning: The `client_fn` function must return an instance of `Client`, but an instance of `NumpyClient` was returned. Please use `NumPyClient.to_client()` method to convert it to `Client`.[32m [repeated 3x across cluster][0m
[36m(ClientAppActor pid=2915460)[0m [93mWARNING [0m:   DEPRECATED FEATURE: `client_fn` now expects a signature `def client_fn(context: Context)`.The provided `client_fn` has signature: {'cid': <Parameter "cid: str">}. You can import the `Context` like this: `from flwr.common import Context`[32m [repeated 3x across cluster][0m
[36m(ClientAppActor pid=2915460)[0m             This is a deprecated feature. It will be removed[32m [repeated 3x across cluster][0m
[36m(ClientAppActor pid=2915460)[0m             entirely in future versions of Flower.[32m [repeated 3x across cluster][0m
[36m(ClientAppActor pid=2915463)[0m 
[36m(ClientAppActor pid=2915463)[0m         
[36m(ClientAppActor pid=2915460)[0m [93mWARNING [0m:   Deprecation Warning: The `client_fn` function must return an instance of `Client`, but an instance of `NumpyClient` was returned. Please use `NumPyClient.to_client()` method to convert it to `Client`.
[36m(ClientAppActor pid=2915463)[0m [93mWARNING [0m:   DEPRECATED FEATURE: `client_fn` now expects a signature `def client_fn(context: Context)`.The provided `client_fn` has signature: {'cid': <Parameter "cid: str">}. You can import the `Context` like this: `from flwr.common import Context`
[36m(ClientAppActor pid=2915463)[0m             This is a deprecated feature. It will be removed
[36m(ClientAppActor pid=2915463)[0m             entirely in future versions of Flower.
[36m(ClientAppActor pid=2915473)[0m [93mWARNING [0m:   DEPRECATED FEATURE: `client_fn` now expects a signature `def client_fn(context: Context)`.The provided `client_fn` has signature: {'cid': <Parameter "cid: str">}. You can import the `Context` like this: `from flwr.common import Context`
[36m(ClientAppActor pid=2915473)[0m 
[36m(ClientAppActor pid=2915473)[0m             This is a deprecated feature. It will be removed
[36m(ClientAppActor pid=2915473)[0m             entirely in future versions of Flower.
[36m(ClientAppActor pid=2915473)[0m         
[36m(ClientAppActor pid=2915463)[0m [93mWARNING [0m:   Deprecation Warning: The `client_fn` function must return an instance of `Client`, but an instance of `NumpyClient` was returned. Please use `NumPyClient.to_client()` method to convert it to `Client`.
[92mINFO [0m:      aggregate_fit: received 10 results and 0 failures
[92mINFO [0m:      fit progress: (11, 2.440551519393921, {'accuracy': 0.2273000031709671}, 3264.855449486524)
[92mINFO [0m:      configure_evaluate: no clients selected, skipping evaluation
[92mINFO [0m:      
[92mINFO [0m:      [ROUND 12]
[92mINFO [0m:      configure_fit: strategy sampled 10 clients (out of 100)
[36m(ClientAppActor pid=2915473)[0m [93mWARNING [0m:   DEPRECATED FEATURE: `client_fn` now expects a signature `def client_fn(context: Context)`.The provided `client_fn` has signature: {'cid': <Parameter "cid: str">}. You can import the `Context` like this: `from flwr.common import Context`
[36m(ClientAppActor pid=2915473)[0m 
[36m(ClientAppActor pid=2915473)[0m             This is a deprecated feature. It will be removed
[36m(ClientAppActor pid=2915473)[0m             entirely in future versions of Flower.
[36m(ClientAppActor pid=2915473)[0m         
[36m(ClientAppActor pid=2915473)[0m [93mWARNING [0m:   Deprecation Warning: The `client_fn` function must return an instance of `Client`, but an instance of `NumpyClient` was returned. Please use `NumPyClient.to_client()` method to convert it to `Client`.
[36m(ClientAppActor pid=2915463)[0m [93mWARNING [0m:   DEPRECATED FEATURE: `client_fn` now expects a signature `def client_fn(context: Context)`.The provided `client_fn` has signature: {'cid': <Parameter "cid: str">}. You can import the `Context` like this: `from flwr.common import Context`
[36m(ClientAppActor pid=2915463)[0m 
[36m(ClientAppActor pid=2915463)[0m             This is a deprecated feature. It will be removed
[36m(ClientAppActor pid=2915463)[0m             entirely in future versions of Flower.
[36m(ClientAppActor pid=2915463)[0m         
[36m(ClientAppActor pid=2915460)[0m 
[36m(ClientAppActor pid=2915460)[0m         
[36m(ClientAppActor pid=2915473)[0m [93mWARNING [0m:   Deprecation Warning: The `client_fn` function must return an instance of `Client`, but an instance of `NumpyClient` was returned. Please use `NumPyClient.to_client()` method to convert it to `Client`.
[36m(ClientAppActor pid=2915459)[0m 
[36m(ClientAppActor pid=2915459)[0m         
[36m(ClientAppActor pid=2915473)[0m 
[36m(ClientAppActor pid=2915473)[0m         
[36m(ClientAppActor pid=2915473)[0m [93mWARNING [0m:   DEPRECATED FEATURE: `client_fn` now expects a signature `def client_fn(context: Context)`.The provided `client_fn` has signature: {'cid': <Parameter "cid: str">}. You can import the `Context` like this: `from flwr.common import Context`[32m [repeated 3x across cluster][0m
[36m(ClientAppActor pid=2915473)[0m             This is a deprecated feature. It will be removed[32m [repeated 3x across cluster][0m
[36m(ClientAppActor pid=2915473)[0m             entirely in future versions of Flower.[32m [repeated 3x across cluster][0m
[36m(ClientAppActor pid=2915459)[0m [93mWARNING [0m:   Deprecation Warning: The `client_fn` function must return an instance of `Client`, but an instance of `NumpyClient` was returned. Please use `NumPyClient.to_client()` method to convert it to `Client`.[32m [repeated 3x across cluster][0m
[36m(ClientAppActor pid=2915463)[0m 
[36m(ClientAppActor pid=2915463)[0m         
[36m(ClientAppActor pid=2915460)[0m 
[36m(ClientAppActor pid=2915460)[0m         
[36m(ClientAppActor pid=2915459)[0m 
[36m(ClientAppActor pid=2915459)[0m         
[36m(ClientAppActor pid=2915463)[0m 
[36m(ClientAppActor pid=2915463)[0m         
[36m(ClientAppActor pid=2915463)[0m [93mWARNING [0m:   DEPRECATED FEATURE: `client_fn` now expects a signature `def client_fn(context: Context)`.The provided `client_fn` has signature: {'cid': <Parameter "cid: str">}. You can import the `Context` like this: `from flwr.common import Context`[32m [repeated 4x across cluster][0m
[36m(ClientAppActor pid=2915463)[0m             This is a deprecated feature. It will be removed[32m [repeated 4x across cluster][0m
[36m(ClientAppActor pid=2915463)[0m             entirely in future versions of Flower.[32m [repeated 4x across cluster][0m
[36m(ClientAppActor pid=2915459)[0m [93mWARNING [0m:   Deprecation Warning: The `client_fn` function must return an instance of `Client`, but an instance of `NumpyClient` was returned. Please use `NumPyClient.to_client()` method to convert it to `Client`.[32m [repeated 4x across cluster][0m
[36m(ClientAppActor pid=2915459)[0m 
[36m(ClientAppActor pid=2915459)[0m         
[92mINFO [0m:      aggregate_fit: received 10 results and 0 failures
[92mINFO [0m:      fit progress: (12, 2.126206874847412, {'accuracy': 0.2953999936580658}, 3560.40845862031)
[92mINFO [0m:      configure_evaluate: no clients selected, skipping evaluation
[92mINFO [0m:      
[92mINFO [0m:      [ROUND 13]
[92mINFO [0m:      configure_fit: strategy sampled 10 clients (out of 100)
[36m(ClientAppActor pid=2915459)[0m 
[36m(ClientAppActor pid=2915459)[0m         
[36m(ClientAppActor pid=2915459)[0m [93mWARNING [0m:   DEPRECATED FEATURE: `client_fn` now expects a signature `def client_fn(context: Context)`.The provided `client_fn` has signature: {'cid': <Parameter "cid: str">}. You can import the `Context` like this: `from flwr.common import Context`[32m [repeated 2x across cluster][0m
[36m(ClientAppActor pid=2915459)[0m             This is a deprecated feature. It will be removed[32m [repeated 2x across cluster][0m
[36m(ClientAppActor pid=2915459)[0m             entirely in future versions of Flower.[32m [repeated 2x across cluster][0m
[36m(ClientAppActor pid=2915459)[0m [93mWARNING [0m:   Deprecation Warning: The `client_fn` function must return an instance of `Client`, but an instance of `NumpyClient` was returned. Please use `NumPyClient.to_client()` method to convert it to `Client`.[32m [repeated 2x across cluster][0m
[36m(ClientAppActor pid=2915463)[0m 
[36m(ClientAppActor pid=2915463)[0m         
[36m(ClientAppActor pid=2915460)[0m 
[36m(ClientAppActor pid=2915460)[0m         
[36m(ClientAppActor pid=2915473)[0m 
[36m(ClientAppActor pid=2915473)[0m         
[36m(ClientAppActor pid=2915459)[0m 
[36m(ClientAppActor pid=2915459)[0m         
[36m(ClientAppActor pid=2915459)[0m [93mWARNING [0m:   DEPRECATED FEATURE: `client_fn` now expects a signature `def client_fn(context: Context)`.The provided `client_fn` has signature: {'cid': <Parameter "cid: str">}. You can import the `Context` like this: `from flwr.common import Context`[32m [repeated 4x across cluster][0m
[36m(ClientAppActor pid=2915459)[0m             This is a deprecated feature. It will be removed[32m [repeated 4x across cluster][0m
[36m(ClientAppActor pid=2915459)[0m             entirely in future versions of Flower.[32m [repeated 4x across cluster][0m
[36m(ClientAppActor pid=2915473)[0m [93mWARNING [0m:   Deprecation Warning: The `client_fn` function must return an instance of `Client`, but an instance of `NumpyClient` was returned. Please use `NumPyClient.to_client()` method to convert it to `Client`.[32m [repeated 4x across cluster][0m
[36m(ClientAppActor pid=2915460)[0m 
[36m(ClientAppActor pid=2915460)[0m         
[36m(ClientAppActor pid=2915473)[0m 
[36m(ClientAppActor pid=2915473)[0m         
[36m(ClientAppActor pid=2915463)[0m 
[36m(ClientAppActor pid=2915463)[0m         
[36m(ClientAppActor pid=2915459)[0m 
[36m(ClientAppActor pid=2915459)[0m         
[36m(ClientAppActor pid=2915459)[0m [93mWARNING [0m:   DEPRECATED FEATURE: `client_fn` now expects a signature `def client_fn(context: Context)`.The provided `client_fn` has signature: {'cid': <Parameter "cid: str">}. You can import the `Context` like this: `from flwr.common import Context`[32m [repeated 4x across cluster][0m
[36m(ClientAppActor pid=2915459)[0m             This is a deprecated feature. It will be removed[32m [repeated 4x across cluster][0m
[36m(ClientAppActor pid=2915459)[0m             entirely in future versions of Flower.[32m [repeated 4x across cluster][0m
[36m(ClientAppActor pid=2915463)[0m [93mWARNING [0m:   Deprecation Warning: The `client_fn` function must return an instance of `Client`, but an instance of `NumpyClient` was returned. Please use `NumPyClient.to_client()` method to convert it to `Client`.[32m [repeated 4x across cluster][0m
[36m(ClientAppActor pid=2915460)[0m 
[36m(ClientAppActor pid=2915460)[0m         
[92mINFO [0m:      aggregate_fit: received 10 results and 0 failures
[92mINFO [0m:      fit progress: (13, 2.040071725845337, {'accuracy': 0.3109999895095825}, 3859.038658404723)
[92mINFO [0m:      configure_evaluate: no clients selected, skipping evaluation
[92mINFO [0m:      
[92mINFO [0m:      [ROUND 14]
[92mINFO [0m:      configure_fit: strategy sampled 10 clients (out of 100)
[36m(ClientAppActor pid=2915460)[0m 
[36m(ClientAppActor pid=2915460)[0m         
[36m(ClientAppActor pid=2915460)[0m [93mWARNING [0m:   DEPRECATED FEATURE: `client_fn` now expects a signature `def client_fn(context: Context)`.The provided `client_fn` has signature: {'cid': <Parameter "cid: str">}. You can import the `Context` like this: `from flwr.common import Context`[32m [repeated 2x across cluster][0m
[36m(ClientAppActor pid=2915460)[0m             This is a deprecated feature. It will be removed[32m [repeated 2x across cluster][0m
[36m(ClientAppActor pid=2915460)[0m             entirely in future versions of Flower.[32m [repeated 2x across cluster][0m
[36m(ClientAppActor pid=2915460)[0m [93mWARNING [0m:   Deprecation Warning: The `client_fn` function must return an instance of `Client`, but an instance of `NumpyClient` was returned. Please use `NumPyClient.to_client()` method to convert it to `Client`.[32m [repeated 2x across cluster][0m
[36m(ClientAppActor pid=2915459)[0m 
[36m(ClientAppActor pid=2915459)[0m         
[36m(ClientAppActor pid=2915463)[0m 
[36m(ClientAppActor pid=2915463)[0m         
[36m(ClientAppActor pid=2915473)[0m 
[36m(ClientAppActor pid=2915473)[0m         
[36m(ClientAppActor pid=2915463)[0m 
[36m(ClientAppActor pid=2915463)[0m         
[36m(ClientAppActor pid=2915463)[0m [93mWARNING [0m:   DEPRECATED FEATURE: `client_fn` now expects a signature `def client_fn(context: Context)`.The provided `client_fn` has signature: {'cid': <Parameter "cid: str">}. You can import the `Context` like this: `from flwr.common import Context`[32m [repeated 4x across cluster][0m
[36m(ClientAppActor pid=2915463)[0m             This is a deprecated feature. It will be removed[32m [repeated 4x across cluster][0m
[36m(ClientAppActor pid=2915463)[0m             entirely in future versions of Flower.[32m [repeated 4x across cluster][0m
[36m(ClientAppActor pid=2915473)[0m [93mWARNING [0m:   Deprecation Warning: The `client_fn` function must return an instance of `Client`, but an instance of `NumpyClient` was returned. Please use `NumPyClient.to_client()` method to convert it to `Client`.[32m [repeated 4x across cluster][0m
[36m(ClientAppActor pid=2915459)[0m 
[36m(ClientAppActor pid=2915459)[0m         
[36m(ClientAppActor pid=2915460)[0m 
[36m(ClientAppActor pid=2915460)[0m         
[36m(ClientAppActor pid=2915473)[0m 
[36m(ClientAppActor pid=2915473)[0m         
[36m(ClientAppActor pid=2915473)[0m [93mWARNING [0m:   DEPRECATED FEATURE: `client_fn` now expects a signature `def client_fn(context: Context)`.The provided `client_fn` has signature: {'cid': <Parameter "cid: str">}. You can import the `Context` like this: `from flwr.common import Context`[32m [repeated 3x across cluster][0m
[36m(ClientAppActor pid=2915473)[0m             This is a deprecated feature. It will be removed[32m [repeated 3x across cluster][0m
[36m(ClientAppActor pid=2915473)[0m             entirely in future versions of Flower.[32m [repeated 3x across cluster][0m
[36m(ClientAppActor pid=2915459)[0m [93mWARNING [0m:   Deprecation Warning: The `client_fn` function must return an instance of `Client`, but an instance of `NumpyClient` was returned. Please use `NumPyClient.to_client()` method to convert it to `Client`.[32m [repeated 2x across cluster][0m
[36m(ClientAppActor pid=2915473)[0m 
[36m(ClientAppActor pid=2915473)[0m         
[36m(ClientAppActor pid=2915473)[0m [93mWARNING [0m:   DEPRECATED FEATURE: `client_fn` now expects a signature `def client_fn(context: Context)`.The provided `client_fn` has signature: {'cid': <Parameter "cid: str">}. You can import the `Context` like this: `from flwr.common import Context`
[36m(ClientAppActor pid=2915473)[0m             This is a deprecated feature. It will be removed
[36m(ClientAppActor pid=2915473)[0m             entirely in future versions of Flower.
[36m(ClientAppActor pid=2915473)[0m [93mWARNING [0m:   Deprecation Warning: The `client_fn` function must return an instance of `Client`, but an instance of `NumpyClient` was returned. Please use `NumPyClient.to_client()` method to convert it to `Client`.[32m [repeated 2x across cluster][0m
[36m(ClientAppActor pid=2915459)[0m [93mWARNING [0m:   DEPRECATED FEATURE: `client_fn` now expects a signature `def client_fn(context: Context)`.The provided `client_fn` has signature: {'cid': <Parameter "cid: str">}. You can import the `Context` like this: `from flwr.common import Context`
[36m(ClientAppActor pid=2915459)[0m 
[36m(ClientAppActor pid=2915459)[0m             This is a deprecated feature. It will be removed
[36m(ClientAppActor pid=2915459)[0m             entirely in future versions of Flower.
[36m(ClientAppActor pid=2915459)[0m         
[92mINFO [0m:      aggregate_fit: received 10 results and 0 failures
[92mINFO [0m:      fit progress: (14, 2.0998637676239014, {'accuracy': 0.2847000062465668}, 4159.466724378988)
[92mINFO [0m:      configure_evaluate: no clients selected, skipping evaluation
[92mINFO [0m:      
[92mINFO [0m:      [ROUND 15]
[92mINFO [0m:      configure_fit: strategy sampled 10 clients (out of 100)
[36m(ClientAppActor pid=2915459)[0m [93mWARNING [0m:   DEPRECATED FEATURE: `client_fn` now expects a signature `def client_fn(context: Context)`.The provided `client_fn` has signature: {'cid': <Parameter "cid: str">}. You can import the `Context` like this: `from flwr.common import Context`
[36m(ClientAppActor pid=2915459)[0m 
[36m(ClientAppActor pid=2915459)[0m             This is a deprecated feature. It will be removed
[36m(ClientAppActor pid=2915459)[0m             entirely in future versions of Flower.
[36m(ClientAppActor pid=2915459)[0m         
[36m(ClientAppActor pid=2915473)[0m [93mWARNING [0m:   Deprecation Warning: The `client_fn` function must return an instance of `Client`, but an instance of `NumpyClient` was returned. Please use `NumPyClient.to_client()` method to convert it to `Client`.[32m [repeated 2x across cluster][0m
[36m(ClientAppActor pid=2915473)[0m [93mWARNING [0m:   DEPRECATED FEATURE: `client_fn` now expects a signature `def client_fn(context: Context)`.The provided `client_fn` has signature: {'cid': <Parameter "cid: str">}. You can import the `Context` like this: `from flwr.common import Context`
[36m(ClientAppActor pid=2915473)[0m 
[36m(ClientAppActor pid=2915473)[0m             This is a deprecated feature. It will be removed
[36m(ClientAppActor pid=2915473)[0m             entirely in future versions of Flower.
[36m(ClientAppActor pid=2915473)[0m         
[36m(ClientAppActor pid=2915460)[0m 
[36m(ClientAppActor pid=2915460)[0m         
[36m(ClientAppActor pid=2915463)[0m 
[36m(ClientAppActor pid=2915463)[0m         
[36m(ClientAppActor pid=2915473)[0m 
[36m(ClientAppActor pid=2915473)[0m         
[36m(ClientAppActor pid=2915463)[0m [93mWARNING [0m:   Deprecation Warning: The `client_fn` function must return an instance of `Client`, but an instance of `NumpyClient` was returned. Please use `NumPyClient.to_client()` method to convert it to `Client`.[32m [repeated 4x across cluster][0m
[36m(ClientAppActor pid=2915473)[0m [93mWARNING [0m:   DEPRECATED FEATURE: `client_fn` now expects a signature `def client_fn(context: Context)`.The provided `client_fn` has signature: {'cid': <Parameter "cid: str">}. You can import the `Context` like this: `from flwr.common import Context`[32m [repeated 3x across cluster][0m
[36m(ClientAppActor pid=2915473)[0m             This is a deprecated feature. It will be removed[32m [repeated 3x across cluster][0m
[36m(ClientAppActor pid=2915473)[0m             entirely in future versions of Flower.[32m [repeated 3x across cluster][0m
[36m(ClientAppActor pid=2915459)[0m 
[36m(ClientAppActor pid=2915459)[0m         
[36m(ClientAppActor pid=2915463)[0m 
[36m(ClientAppActor pid=2915463)[0m         
[36m(ClientAppActor pid=2915460)[0m 
[36m(ClientAppActor pid=2915460)[0m         
[36m(ClientAppActor pid=2915460)[0m [93mWARNING [0m:   Deprecation Warning: The `client_fn` function must return an instance of `Client`, but an instance of `NumpyClient` was returned. Please use `NumPyClient.to_client()` method to convert it to `Client`.[32m [repeated 4x across cluster][0m
[36m(ClientAppActor pid=2915460)[0m [93mWARNING [0m:   DEPRECATED FEATURE: `client_fn` now expects a signature `def client_fn(context: Context)`.The provided `client_fn` has signature: {'cid': <Parameter "cid: str">}. You can import the `Context` like this: `from flwr.common import Context`[32m [repeated 3x across cluster][0m
[36m(ClientAppActor pid=2915460)[0m             This is a deprecated feature. It will be removed[32m [repeated 3x across cluster][0m
[36m(ClientAppActor pid=2915460)[0m             entirely in future versions of Flower.[32m [repeated 3x across cluster][0m
[36m(ClientAppActor pid=2915459)[0m 
[36m(ClientAppActor pid=2915459)[0m         
[36m(ClientAppActor pid=2915459)[0m [93mWARNING [0m:   DEPRECATED FEATURE: `client_fn` now expects a signature `def client_fn(context: Context)`.The provided `client_fn` has signature: {'cid': <Parameter "cid: str">}. You can import the `Context` like this: `from flwr.common import Context`
[36m(ClientAppActor pid=2915459)[0m             This is a deprecated feature. It will be removed
[36m(ClientAppActor pid=2915459)[0m             entirely in future versions of Flower.
[36m(ClientAppActor pid=2915463)[0m [93mWARNING [0m:   DEPRECATED FEATURE: `client_fn` now expects a signature `def client_fn(context: Context)`.The provided `client_fn` has signature: {'cid': <Parameter "cid: str">}. You can import the `Context` like this: `from flwr.common import Context`
[36m(ClientAppActor pid=2915463)[0m 
[36m(ClientAppActor pid=2915463)[0m             This is a deprecated feature. It will be removed
[36m(ClientAppActor pid=2915463)[0m             entirely in future versions of Flower.
[36m(ClientAppActor pid=2915463)[0m         
[36m(ClientAppActor pid=2915459)[0m [93mWARNING [0m:   Deprecation Warning: The `client_fn` function must return an instance of `Client`, but an instance of `NumpyClient` was returned. Please use `NumPyClient.to_client()` method to convert it to `Client`.
[92mINFO [0m:      aggregate_fit: received 10 results and 0 failures
[92mINFO [0m:      fit progress: (15, 2.1647510528564453, {'accuracy': 0.29010000824928284}, 4458.739686239511)
[92mINFO [0m:      configure_evaluate: no clients selected, skipping evaluation
[92mINFO [0m:      
[92mINFO [0m:      [ROUND 16]
[92mINFO [0m:      configure_fit: strategy sampled 10 clients (out of 100)
[36m(ClientAppActor pid=2915463)[0m [93mWARNING [0m:   DEPRECATED FEATURE: `client_fn` now expects a signature `def client_fn(context: Context)`.The provided `client_fn` has signature: {'cid': <Parameter "cid: str">}. You can import the `Context` like this: `from flwr.common import Context`
[36m(ClientAppActor pid=2915463)[0m 
[36m(ClientAppActor pid=2915463)[0m             This is a deprecated feature. It will be removed
[36m(ClientAppActor pid=2915463)[0m             entirely in future versions of Flower.
[36m(ClientAppActor pid=2915463)[0m         
[36m(ClientAppActor pid=2915463)[0m [93mWARNING [0m:   Deprecation Warning: The `client_fn` function must return an instance of `Client`, but an instance of `NumpyClient` was returned. Please use `NumPyClient.to_client()` method to convert it to `Client`.
[36m(ClientAppActor pid=2915459)[0m [93mWARNING [0m:   DEPRECATED FEATURE: `client_fn` now expects a signature `def client_fn(context: Context)`.The provided `client_fn` has signature: {'cid': <Parameter "cid: str">}. You can import the `Context` like this: `from flwr.common import Context`
[36m(ClientAppActor pid=2915459)[0m 
[36m(ClientAppActor pid=2915459)[0m             This is a deprecated feature. It will be removed
[36m(ClientAppActor pid=2915459)[0m             entirely in future versions of Flower.
[36m(ClientAppActor pid=2915459)[0m         
[36m(ClientAppActor pid=2915460)[0m 
[36m(ClientAppActor pid=2915460)[0m         
[36m(ClientAppActor pid=2915463)[0m [93mWARNING [0m:   Deprecation Warning: The `client_fn` function must return an instance of `Client`, but an instance of `NumpyClient` was returned. Please use `NumPyClient.to_client()` method to convert it to `Client`.
[36m(ClientAppActor pid=2915473)[0m 
[36m(ClientAppActor pid=2915473)[0m         
[36m(ClientAppActor pid=2915463)[0m 
[36m(ClientAppActor pid=2915463)[0m         
[36m(ClientAppActor pid=2915463)[0m [93mWARNING [0m:   DEPRECATED FEATURE: `client_fn` now expects a signature `def client_fn(context: Context)`.The provided `client_fn` has signature: {'cid': <Parameter "cid: str">}. You can import the `Context` like this: `from flwr.common import Context`[32m [repeated 3x across cluster][0m
[36m(ClientAppActor pid=2915463)[0m             This is a deprecated feature. It will be removed[32m [repeated 3x across cluster][0m
[36m(ClientAppActor pid=2915463)[0m             entirely in future versions of Flower.[32m [repeated 3x across cluster][0m
[36m(ClientAppActor pid=2915473)[0m [93mWARNING [0m:   Deprecation Warning: The `client_fn` function must return an instance of `Client`, but an instance of `NumpyClient` was returned. Please use `NumPyClient.to_client()` method to convert it to `Client`.[32m [repeated 3x across cluster][0m
[36m(ClientAppActor pid=2915460)[0m 
[36m(ClientAppActor pid=2915460)[0m         
[36m(ClientAppActor pid=2915473)[0m 
[36m(ClientAppActor pid=2915473)[0m         
[36m(ClientAppActor pid=2915459)[0m 
[36m(ClientAppActor pid=2915459)[0m         
[36m(ClientAppActor pid=2915460)[0m 
[36m(ClientAppActor pid=2915460)[0m         
[36m(ClientAppActor pid=2915460)[0m [93mWARNING [0m:   DEPRECATED FEATURE: `client_fn` now expects a signature `def client_fn(context: Context)`.The provided `client_fn` has signature: {'cid': <Parameter "cid: str">}. You can import the `Context` like this: `from flwr.common import Context`[32m [repeated 4x across cluster][0m
[36m(ClientAppActor pid=2915460)[0m             This is a deprecated feature. It will be removed[32m [repeated 4x across cluster][0m
[36m(ClientAppActor pid=2915460)[0m             entirely in future versions of Flower.[32m [repeated 4x across cluster][0m
[36m(ClientAppActor pid=2915459)[0m [93mWARNING [0m:   Deprecation Warning: The `client_fn` function must return an instance of `Client`, but an instance of `NumpyClient` was returned. Please use `NumPyClient.to_client()` method to convert it to `Client`.[32m [repeated 4x across cluster][0m
[36m(ClientAppActor pid=2915463)[0m 
[36m(ClientAppActor pid=2915463)[0m         
[92mINFO [0m:      aggregate_fit: received 10 results and 0 failures
[92mINFO [0m:      fit progress: (16, 1.969683051109314, {'accuracy': 0.33709999918937683}, 4785.0771575160325)
[92mINFO [0m:      configure_evaluate: no clients selected, skipping evaluation
[92mINFO [0m:      
[92mINFO [0m:      [ROUND 17]
[92mINFO [0m:      configure_fit: strategy sampled 10 clients (out of 100)
[36m(ClientAppActor pid=2915460)[0m 
[36m(ClientAppActor pid=2915460)[0m         
[36m(ClientAppActor pid=2915460)[0m [93mWARNING [0m:   DEPRECATED FEATURE: `client_fn` now expects a signature `def client_fn(context: Context)`.The provided `client_fn` has signature: {'cid': <Parameter "cid: str">}. You can import the `Context` like this: `from flwr.common import Context`[32m [repeated 2x across cluster][0m
[36m(ClientAppActor pid=2915460)[0m             This is a deprecated feature. It will be removed[32m [repeated 2x across cluster][0m
[36m(ClientAppActor pid=2915460)[0m             entirely in future versions of Flower.[32m [repeated 2x across cluster][0m
[36m(ClientAppActor pid=2915460)[0m [93mWARNING [0m:   Deprecation Warning: The `client_fn` function must return an instance of `Client`, but an instance of `NumpyClient` was returned. Please use `NumPyClient.to_client()` method to convert it to `Client`.[32m [repeated 2x across cluster][0m
[36m(ClientAppActor pid=2915463)[0m 
[36m(ClientAppActor pid=2915463)[0m         
[36m(ClientAppActor pid=2915473)[0m 
[36m(ClientAppActor pid=2915473)[0m         
[36m(ClientAppActor pid=2915459)[0m 
[36m(ClientAppActor pid=2915459)[0m         
[36m(ClientAppActor pid=2915460)[0m 
[36m(ClientAppActor pid=2915460)[0m         
[36m(ClientAppActor pid=2915460)[0m [93mWARNING [0m:   DEPRECATED FEATURE: `client_fn` now expects a signature `def client_fn(context: Context)`.The provided `client_fn` has signature: {'cid': <Parameter "cid: str">}. You can import the `Context` like this: `from flwr.common import Context`[32m [repeated 4x across cluster][0m
[36m(ClientAppActor pid=2915460)[0m             This is a deprecated feature. It will be removed[32m [repeated 4x across cluster][0m
[36m(ClientAppActor pid=2915460)[0m             entirely in future versions of Flower.[32m [repeated 4x across cluster][0m
[36m(ClientAppActor pid=2915459)[0m [93mWARNING [0m:   Deprecation Warning: The `client_fn` function must return an instance of `Client`, but an instance of `NumpyClient` was returned. Please use `NumPyClient.to_client()` method to convert it to `Client`.[32m [repeated 4x across cluster][0m
[36m(ClientAppActor pid=2915463)[0m 
[36m(ClientAppActor pid=2915463)[0m         
[36m(ClientAppActor pid=2915473)[0m 
[36m(ClientAppActor pid=2915473)[0m         
[36m(ClientAppActor pid=2915459)[0m 
[36m(ClientAppActor pid=2915459)[0m         
[36m(ClientAppActor pid=2915460)[0m 
[36m(ClientAppActor pid=2915460)[0m         
[36m(ClientAppActor pid=2915460)[0m [93mWARNING [0m:   DEPRECATED FEATURE: `client_fn` now expects a signature `def client_fn(context: Context)`.The provided `client_fn` has signature: {'cid': <Parameter "cid: str">}. You can import the `Context` like this: `from flwr.common import Context`[32m [repeated 4x across cluster][0m
[36m(ClientAppActor pid=2915460)[0m             This is a deprecated feature. It will be removed[32m [repeated 4x across cluster][0m
[36m(ClientAppActor pid=2915460)[0m             entirely in future versions of Flower.[32m [repeated 4x across cluster][0m
[36m(ClientAppActor pid=2915459)[0m [93mWARNING [0m:   Deprecation Warning: The `client_fn` function must return an instance of `Client`, but an instance of `NumpyClient` was returned. Please use `NumPyClient.to_client()` method to convert it to `Client`.[32m [repeated 4x across cluster][0m
[36m(ClientAppActor pid=2915459)[0m 
[36m(ClientAppActor pid=2915459)[0m         
[92mINFO [0m:      aggregate_fit: received 10 results and 0 failures
[92mINFO [0m:      fit progress: (17, 2.0629985332489014, {'accuracy': 0.32839998602867126}, 5101.916032971814)
[92mINFO [0m:      configure_evaluate: no clients selected, skipping evaluation
[92mINFO [0m:      
[92mINFO [0m:      [ROUND 18]
[92mINFO [0m:      configure_fit: strategy sampled 10 clients (out of 100)
[36m(ClientAppActor pid=2915459)[0m 
[36m(ClientAppActor pid=2915459)[0m         
[36m(ClientAppActor pid=2915459)[0m [93mWARNING [0m:   DEPRECATED FEATURE: `client_fn` now expects a signature `def client_fn(context: Context)`.The provided `client_fn` has signature: {'cid': <Parameter "cid: str">}. You can import the `Context` like this: `from flwr.common import Context`[32m [repeated 2x across cluster][0m
[36m(ClientAppActor pid=2915459)[0m             This is a deprecated feature. It will be removed[32m [repeated 2x across cluster][0m
[36m(ClientAppActor pid=2915459)[0m             entirely in future versions of Flower.[32m [repeated 2x across cluster][0m
[36m(ClientAppActor pid=2915459)[0m [93mWARNING [0m:   Deprecation Warning: The `client_fn` function must return an instance of `Client`, but an instance of `NumpyClient` was returned. Please use `NumPyClient.to_client()` method to convert it to `Client`.[32m [repeated 2x across cluster][0m
[36m(ClientAppActor pid=2915460)[0m 
[36m(ClientAppActor pid=2915460)[0m         
[36m(ClientAppActor pid=2915463)[0m 
[36m(ClientAppActor pid=2915463)[0m         
[36m(ClientAppActor pid=2915473)[0m 
[36m(ClientAppActor pid=2915473)[0m         
[36m(ClientAppActor pid=2915460)[0m 
[36m(ClientAppActor pid=2915460)[0m         
[36m(ClientAppActor pid=2915460)[0m [93mWARNING [0m:   DEPRECATED FEATURE: `client_fn` now expects a signature `def client_fn(context: Context)`.The provided `client_fn` has signature: {'cid': <Parameter "cid: str">}. You can import the `Context` like this: `from flwr.common import Context`[32m [repeated 4x across cluster][0m
[36m(ClientAppActor pid=2915460)[0m             This is a deprecated feature. It will be removed[32m [repeated 4x across cluster][0m
[36m(ClientAppActor pid=2915460)[0m             entirely in future versions of Flower.[32m [repeated 4x across cluster][0m
[36m(ClientAppActor pid=2915473)[0m [93mWARNING [0m:   Deprecation Warning: The `client_fn` function must return an instance of `Client`, but an instance of `NumpyClient` was returned. Please use `NumPyClient.to_client()` method to convert it to `Client`.[32m [repeated 4x across cluster][0m
[36m(ClientAppActor pid=2915473)[0m 
[36m(ClientAppActor pid=2915473)[0m         
[36m(ClientAppActor pid=2915459)[0m 
[36m(ClientAppActor pid=2915459)[0m         
[36m(ClientAppActor pid=2915463)[0m 
[36m(ClientAppActor pid=2915463)[0m         
[36m(ClientAppActor pid=2915473)[0m 
[36m(ClientAppActor pid=2915473)[0m         
[36m(ClientAppActor pid=2915473)[0m [93mWARNING [0m:   DEPRECATED FEATURE: `client_fn` now expects a signature `def client_fn(context: Context)`.The provided `client_fn` has signature: {'cid': <Parameter "cid: str">}. You can import the `Context` like this: `from flwr.common import Context`[32m [repeated 4x across cluster][0m
[36m(ClientAppActor pid=2915473)[0m             This is a deprecated feature. It will be removed[32m [repeated 4x across cluster][0m
[36m(ClientAppActor pid=2915473)[0m             entirely in future versions of Flower.[32m [repeated 4x across cluster][0m
[36m(ClientAppActor pid=2915463)[0m [93mWARNING [0m:   Deprecation Warning: The `client_fn` function must return an instance of `Client`, but an instance of `NumpyClient` was returned. Please use `NumPyClient.to_client()` method to convert it to `Client`.[32m [repeated 4x across cluster][0m
[36m(ClientAppActor pid=2915460)[0m 
[36m(ClientAppActor pid=2915460)[0m         
[92mINFO [0m:      aggregate_fit: received 10 results and 0 failures
[92mINFO [0m:      fit progress: (18, 1.9172669649124146, {'accuracy': 0.4142000079154968}, 5402.6214860491455)
[92mINFO [0m:      configure_evaluate: no clients selected, skipping evaluation
[92mINFO [0m:      
[92mINFO [0m:      [ROUND 19]
[92mINFO [0m:      configure_fit: strategy sampled 10 clients (out of 100)
[36m(ClientAppActor pid=2915473)[0m 
[36m(ClientAppActor pid=2915473)[0m         
[36m(ClientAppActor pid=2915473)[0m [93mWARNING [0m:   DEPRECATED FEATURE: `client_fn` now expects a signature `def client_fn(context: Context)`.The provided `client_fn` has signature: {'cid': <Parameter "cid: str">}. You can import the `Context` like this: `from flwr.common import Context`[32m [repeated 2x across cluster][0m
[36m(ClientAppActor pid=2915473)[0m             This is a deprecated feature. It will be removed[32m [repeated 2x across cluster][0m
[36m(ClientAppActor pid=2915473)[0m             entirely in future versions of Flower.[32m [repeated 2x across cluster][0m
[36m(ClientAppActor pid=2915473)[0m [93mWARNING [0m:   Deprecation Warning: The `client_fn` function must return an instance of `Client`, but an instance of `NumpyClient` was returned. Please use `NumPyClient.to_client()` method to convert it to `Client`.[32m [repeated 2x across cluster][0m
[36m(ClientAppActor pid=2915460)[0m 
[36m(ClientAppActor pid=2915460)[0m         
[36m(ClientAppActor pid=2915459)[0m 
[36m(ClientAppActor pid=2915459)[0m         
[36m(ClientAppActor pid=2915463)[0m 
[36m(ClientAppActor pid=2915463)[0m         
[36m(ClientAppActor pid=2915460)[0m 
[36m(ClientAppActor pid=2915460)[0m         
[36m(ClientAppActor pid=2915460)[0m [93mWARNING [0m:   DEPRECATED FEATURE: `client_fn` now expects a signature `def client_fn(context: Context)`.The provided `client_fn` has signature: {'cid': <Parameter "cid: str">}. You can import the `Context` like this: `from flwr.common import Context`[32m [repeated 4x across cluster][0m
[36m(ClientAppActor pid=2915460)[0m             This is a deprecated feature. It will be removed[32m [repeated 4x across cluster][0m
[36m(ClientAppActor pid=2915460)[0m             entirely in future versions of Flower.[32m [repeated 4x across cluster][0m
[36m(ClientAppActor pid=2915463)[0m [93mWARNING [0m:   Deprecation Warning: The `client_fn` function must return an instance of `Client`, but an instance of `NumpyClient` was returned. Please use `NumPyClient.to_client()` method to convert it to `Client`.[32m [repeated 4x across cluster][0m
[36m(ClientAppActor pid=2915459)[0m 
[36m(ClientAppActor pid=2915459)[0m         
[36m(ClientAppActor pid=2915473)[0m 
[36m(ClientAppActor pid=2915473)[0m         
[36m(ClientAppActor pid=2915463)[0m 
[36m(ClientAppActor pid=2915463)[0m         
[36m(ClientAppActor pid=2915459)[0m 
[36m(ClientAppActor pid=2915459)[0m         
[36m(ClientAppActor pid=2915459)[0m [93mWARNING [0m:   DEPRECATED FEATURE: `client_fn` now expects a signature `def client_fn(context: Context)`.The provided `client_fn` has signature: {'cid': <Parameter "cid: str">}. You can import the `Context` like this: `from flwr.common import Context`[32m [repeated 4x across cluster][0m
[36m(ClientAppActor pid=2915459)[0m             This is a deprecated feature. It will be removed[32m [repeated 4x across cluster][0m
[36m(ClientAppActor pid=2915459)[0m             entirely in future versions of Flower.[32m [repeated 4x across cluster][0m
[36m(ClientAppActor pid=2915463)[0m [93mWARNING [0m:   Deprecation Warning: The `client_fn` function must return an instance of `Client`, but an instance of `NumpyClient` was returned. Please use `NumPyClient.to_client()` method to convert it to `Client`.[32m [repeated 4x across cluster][0m
[36m(ClientAppActor pid=2915460)[0m 
[36m(ClientAppActor pid=2915460)[0m         
[92mINFO [0m:      aggregate_fit: received 10 results and 0 failures
[92mINFO [0m:      fit progress: (19, 1.9989312887191772, {'accuracy': 0.34360000491142273}, 5702.042318567634)
[92mINFO [0m:      configure_evaluate: no clients selected, skipping evaluation
[92mINFO [0m:      
[92mINFO [0m:      [ROUND 20]
[92mINFO [0m:      configure_fit: strategy sampled 10 clients (out of 100)
[36m(ClientAppActor pid=2915460)[0m 
[36m(ClientAppActor pid=2915460)[0m         
[36m(ClientAppActor pid=2915460)[0m [93mWARNING [0m:   DEPRECATED FEATURE: `client_fn` now expects a signature `def client_fn(context: Context)`.The provided `client_fn` has signature: {'cid': <Parameter "cid: str">}. You can import the `Context` like this: `from flwr.common import Context`[32m [repeated 2x across cluster][0m
[36m(ClientAppActor pid=2915460)[0m             This is a deprecated feature. It will be removed[32m [repeated 2x across cluster][0m
[36m(ClientAppActor pid=2915460)[0m             entirely in future versions of Flower.[32m [repeated 2x across cluster][0m
[36m(ClientAppActor pid=2915460)[0m [93mWARNING [0m:   Deprecation Warning: The `client_fn` function must return an instance of `Client`, but an instance of `NumpyClient` was returned. Please use `NumPyClient.to_client()` method to convert it to `Client`.[32m [repeated 2x across cluster][0m
[36m(ClientAppActor pid=2915459)[0m 
[36m(ClientAppActor pid=2915459)[0m         
[36m(ClientAppActor pid=2915463)[0m 
[36m(ClientAppActor pid=2915463)[0m         
[36m(ClientAppActor pid=2915473)[0m 
[36m(ClientAppActor pid=2915473)[0m         
[36m(ClientAppActor pid=2915459)[0m 
[36m(ClientAppActor pid=2915459)[0m         
[36m(ClientAppActor pid=2915459)[0m [93mWARNING [0m:   DEPRECATED FEATURE: `client_fn` now expects a signature `def client_fn(context: Context)`.The provided `client_fn` has signature: {'cid': <Parameter "cid: str">}. You can import the `Context` like this: `from flwr.common import Context`[32m [repeated 4x across cluster][0m
[36m(ClientAppActor pid=2915459)[0m             This is a deprecated feature. It will be removed[32m [repeated 4x across cluster][0m
[36m(ClientAppActor pid=2915459)[0m             entirely in future versions of Flower.[32m [repeated 4x across cluster][0m
[36m(ClientAppActor pid=2915473)[0m [93mWARNING [0m:   Deprecation Warning: The `client_fn` function must return an instance of `Client`, but an instance of `NumpyClient` was returned. Please use `NumPyClient.to_client()` method to convert it to `Client`.[32m [repeated 4x across cluster][0m
[36m(ClientAppActor pid=2915460)[0m 
[36m(ClientAppActor pid=2915460)[0m         
[36m(ClientAppActor pid=2915463)[0m 
[36m(ClientAppActor pid=2915463)[0m         
[36m(ClientAppActor pid=2915473)[0m 
[36m(ClientAppActor pid=2915473)[0m         
[36m(ClientAppActor pid=2915459)[0m 
[36m(ClientAppActor pid=2915459)[0m         
[36m(ClientAppActor pid=2915459)[0m [93mWARNING [0m:   DEPRECATED FEATURE: `client_fn` now expects a signature `def client_fn(context: Context)`.The provided `client_fn` has signature: {'cid': <Parameter "cid: str">}. You can import the `Context` like this: `from flwr.common import Context`[32m [repeated 4x across cluster][0m
[36m(ClientAppActor pid=2915459)[0m             This is a deprecated feature. It will be removed[32m [repeated 4x across cluster][0m
[36m(ClientAppActor pid=2915459)[0m             entirely in future versions of Flower.[32m [repeated 4x across cluster][0m
[36m(ClientAppActor pid=2915473)[0m [93mWARNING [0m:   Deprecation Warning: The `client_fn` function must return an instance of `Client`, but an instance of `NumpyClient` was returned. Please use `NumPyClient.to_client()` method to convert it to `Client`.[32m [repeated 4x across cluster][0m
[36m(ClientAppActor pid=2915460)[0m 
[36m(ClientAppActor pid=2915460)[0m         
[36m(ClientAppActor pid=2915460)[0m [93mWARNING [0m:   DEPRECATED FEATURE: `client_fn` now expects a signature `def client_fn(context: Context)`.The provided `client_fn` has signature: {'cid': <Parameter "cid: str">}. You can import the `Context` like this: `from flwr.common import Context`
[36m(ClientAppActor pid=2915460)[0m             This is a deprecated feature. It will be removed
[36m(ClientAppActor pid=2915460)[0m             entirely in future versions of Flower.
[36m(ClientAppActor pid=2915460)[0m [93mWARNING [0m:   Deprecation Warning: The `client_fn` function must return an instance of `Client`, but an instance of `NumpyClient` was returned. Please use `NumPyClient.to_client()` method to convert it to `Client`.[32m [repeated 2x across cluster][0m
[92mINFO [0m:      aggregate_fit: received 10 results and 0 failures
[92mINFO [0m:      fit progress: (20, 2.110991954803467, {'accuracy': 0.26190000772476196}, 5999.213159475476)
[92mINFO [0m:      configure_evaluate: no clients selected, skipping evaluation
[92mINFO [0m:      
[92mINFO [0m:      [ROUND 21]
[92mINFO [0m:      configure_fit: strategy sampled 10 clients (out of 100)
[36m(ClientAppActor pid=2915460)[0m [93mWARNING [0m:   DEPRECATED FEATURE: `client_fn` now expects a signature `def client_fn(context: Context)`.The provided `client_fn` has signature: {'cid': <Parameter "cid: str">}. You can import the `Context` like this: `from flwr.common import Context`
[36m(ClientAppActor pid=2915460)[0m 
[36m(ClientAppActor pid=2915460)[0m             This is a deprecated feature. It will be removed
[36m(ClientAppActor pid=2915460)[0m             entirely in future versions of Flower.
[36m(ClientAppActor pid=2915460)[0m         
[36m(ClientAppActor pid=2915459)[0m 
[36m(ClientAppActor pid=2915459)[0m         
[36m(ClientAppActor pid=2915473)[0m 
[36m(ClientAppActor pid=2915473)[0m         
[36m(ClientAppActor pid=2915460)[0m [93mWARNING [0m:   Deprecation Warning: The `client_fn` function must return an instance of `Client`, but an instance of `NumpyClient` was returned. Please use `NumPyClient.to_client()` method to convert it to `Client`.
[36m(ClientAppActor pid=2915463)[0m 
[36m(ClientAppActor pid=2915463)[0m         
[36m(ClientAppActor pid=2915459)[0m 
[36m(ClientAppActor pid=2915459)[0m         
[36m(ClientAppActor pid=2915459)[0m [93mWARNING [0m:   DEPRECATED FEATURE: `client_fn` now expects a signature `def client_fn(context: Context)`.The provided `client_fn` has signature: {'cid': <Parameter "cid: str">}. You can import the `Context` like this: `from flwr.common import Context`[32m [repeated 4x across cluster][0m
[36m(ClientAppActor pid=2915459)[0m             This is a deprecated feature. It will be removed[32m [repeated 4x across cluster][0m
[36m(ClientAppActor pid=2915459)[0m             entirely in future versions of Flower.[32m [repeated 4x across cluster][0m
[36m(ClientAppActor pid=2915463)[0m [93mWARNING [0m:   Deprecation Warning: The `client_fn` function must return an instance of `Client`, but an instance of `NumpyClient` was returned. Please use `NumPyClient.to_client()` method to convert it to `Client`.[32m [repeated 3x across cluster][0m
[36m(ClientAppActor pid=2915460)[0m 
[36m(ClientAppActor pid=2915460)[0m         
[36m(ClientAppActor pid=2915463)[0m 
[36m(ClientAppActor pid=2915463)[0m         
[36m(ClientAppActor pid=2915473)[0m 
[36m(ClientAppActor pid=2915473)[0m         
[36m(ClientAppActor pid=2915459)[0m 
[36m(ClientAppActor pid=2915459)[0m         
[36m(ClientAppActor pid=2915459)[0m [93mWARNING [0m:   DEPRECATED FEATURE: `client_fn` now expects a signature `def client_fn(context: Context)`.The provided `client_fn` has signature: {'cid': <Parameter "cid: str">}. You can import the `Context` like this: `from flwr.common import Context`[32m [repeated 4x across cluster][0m
[36m(ClientAppActor pid=2915459)[0m             This is a deprecated feature. It will be removed[32m [repeated 4x across cluster][0m
[36m(ClientAppActor pid=2915459)[0m             entirely in future versions of Flower.[32m [repeated 4x across cluster][0m
[36m(ClientAppActor pid=2915473)[0m [93mWARNING [0m:   Deprecation Warning: The `client_fn` function must return an instance of `Client`, but an instance of `NumpyClient` was returned. Please use `NumPyClient.to_client()` method to convert it to `Client`.[32m [repeated 4x across cluster][0m
[36m(ClientAppActor pid=2915460)[0m 
[36m(ClientAppActor pid=2915460)[0m         
[92mINFO [0m:      aggregate_fit: received 10 results and 0 failures
[92mINFO [0m:      fit progress: (21, 2.2028815746307373, {'accuracy': 0.29510000348091125}, 6303.910370111465)
[92mINFO [0m:      configure_evaluate: no clients selected, skipping evaluation
[92mINFO [0m:      
[92mINFO [0m:      [ROUND 22]
[92mINFO [0m:      configure_fit: strategy sampled 10 clients (out of 100)
[36m(ClientAppActor pid=2915459)[0m 
[36m(ClientAppActor pid=2915459)[0m         
[36m(ClientAppActor pid=2915459)[0m [93mWARNING [0m:   DEPRECATED FEATURE: `client_fn` now expects a signature `def client_fn(context: Context)`.The provided `client_fn` has signature: {'cid': <Parameter "cid: str">}. You can import the `Context` like this: `from flwr.common import Context`[32m [repeated 2x across cluster][0m
[36m(ClientAppActor pid=2915459)[0m             This is a deprecated feature. It will be removed[32m [repeated 2x across cluster][0m
[36m(ClientAppActor pid=2915459)[0m             entirely in future versions of Flower.[32m [repeated 2x across cluster][0m
[36m(ClientAppActor pid=2915460)[0m [93mWARNING [0m:   Deprecation Warning: The `client_fn` function must return an instance of `Client`, but an instance of `NumpyClient` was returned. Please use `NumPyClient.to_client()` method to convert it to `Client`.[32m [repeated 2x across cluster][0m
[36m(ClientAppActor pid=2915460)[0m 
[36m(ClientAppActor pid=2915460)[0m         
[36m(ClientAppActor pid=2915473)[0m 
[36m(ClientAppActor pid=2915473)[0m         
[36m(ClientAppActor pid=2915463)[0m 
[36m(ClientAppActor pid=2915463)[0m         
[36m(ClientAppActor pid=2915459)[0m 
[36m(ClientAppActor pid=2915459)[0m         
[36m(ClientAppActor pid=2915459)[0m [93mWARNING [0m:   DEPRECATED FEATURE: `client_fn` now expects a signature `def client_fn(context: Context)`.The provided `client_fn` has signature: {'cid': <Parameter "cid: str">}. You can import the `Context` like this: `from flwr.common import Context`[32m [repeated 4x across cluster][0m
[36m(ClientAppActor pid=2915459)[0m             This is a deprecated feature. It will be removed[32m [repeated 4x across cluster][0m
[36m(ClientAppActor pid=2915459)[0m             entirely in future versions of Flower.[32m [repeated 4x across cluster][0m
[36m(ClientAppActor pid=2915463)[0m [93mWARNING [0m:   Deprecation Warning: The `client_fn` function must return an instance of `Client`, but an instance of `NumpyClient` was returned. Please use `NumPyClient.to_client()` method to convert it to `Client`.[32m [repeated 4x across cluster][0m
[36m(ClientAppActor pid=2915473)[0m 
[36m(ClientAppActor pid=2915473)[0m         
[36m(ClientAppActor pid=2915463)[0m 
[36m(ClientAppActor pid=2915463)[0m         
[36m(ClientAppActor pid=2915460)[0m 
[36m(ClientAppActor pid=2915460)[0m         
[36m(ClientAppActor pid=2915459)[0m 
[36m(ClientAppActor pid=2915459)[0m         
[36m(ClientAppActor pid=2915459)[0m [93mWARNING [0m:   DEPRECATED FEATURE: `client_fn` now expects a signature `def client_fn(context: Context)`.The provided `client_fn` has signature: {'cid': <Parameter "cid: str">}. You can import the `Context` like this: `from flwr.common import Context`[32m [repeated 4x across cluster][0m
[36m(ClientAppActor pid=2915459)[0m             This is a deprecated feature. It will be removed[32m [repeated 4x across cluster][0m
[36m(ClientAppActor pid=2915459)[0m             entirely in future versions of Flower.[32m [repeated 4x across cluster][0m
[36m(ClientAppActor pid=2915460)[0m [93mWARNING [0m:   Deprecation Warning: The `client_fn` function must return an instance of `Client`, but an instance of `NumpyClient` was returned. Please use `NumPyClient.to_client()` method to convert it to `Client`.[32m [repeated 4x across cluster][0m
[36m(ClientAppActor pid=2915473)[0m 
[36m(ClientAppActor pid=2915473)[0m         
[92mINFO [0m:      aggregate_fit: received 10 results and 0 failures
[92mINFO [0m:      fit progress: (22, 1.9112753868103027, {'accuracy': 0.382999986410141}, 6615.64447529614)
[92mINFO [0m:      configure_evaluate: no clients selected, skipping evaluation
[92mINFO [0m:      
[92mINFO [0m:      [ROUND 23]
[92mINFO [0m:      configure_fit: strategy sampled 10 clients (out of 100)
[36m(ClientAppActor pid=2915473)[0m 
[36m(ClientAppActor pid=2915473)[0m         
[36m(ClientAppActor pid=2915473)[0m [93mWARNING [0m:   DEPRECATED FEATURE: `client_fn` now expects a signature `def client_fn(context: Context)`.The provided `client_fn` has signature: {'cid': <Parameter "cid: str">}. You can import the `Context` like this: `from flwr.common import Context`[32m [repeated 2x across cluster][0m
[36m(ClientAppActor pid=2915473)[0m             This is a deprecated feature. It will be removed[32m [repeated 2x across cluster][0m
[36m(ClientAppActor pid=2915473)[0m             entirely in future versions of Flower.[32m [repeated 2x across cluster][0m
[36m(ClientAppActor pid=2915473)[0m [93mWARNING [0m:   Deprecation Warning: The `client_fn` function must return an instance of `Client`, but an instance of `NumpyClient` was returned. Please use `NumPyClient.to_client()` method to convert it to `Client`.[32m [repeated 2x across cluster][0m
[36m(ClientAppActor pid=2915459)[0m 
[36m(ClientAppActor pid=2915459)[0m         
[36m(ClientAppActor pid=2915460)[0m 
[36m(ClientAppActor pid=2915460)[0m         
[36m(ClientAppActor pid=2915463)[0m 
[36m(ClientAppActor pid=2915463)[0m         
[36m(ClientAppActor pid=2915473)[0m 
[36m(ClientAppActor pid=2915473)[0m         
[36m(ClientAppActor pid=2915473)[0m [93mWARNING [0m:   DEPRECATED FEATURE: `client_fn` now expects a signature `def client_fn(context: Context)`.The provided `client_fn` has signature: {'cid': <Parameter "cid: str">}. You can import the `Context` like this: `from flwr.common import Context`[32m [repeated 4x across cluster][0m
[36m(ClientAppActor pid=2915473)[0m             This is a deprecated feature. It will be removed[32m [repeated 4x across cluster][0m
[36m(ClientAppActor pid=2915473)[0m             entirely in future versions of Flower.[32m [repeated 4x across cluster][0m
[36m(ClientAppActor pid=2915463)[0m [93mWARNING [0m:   Deprecation Warning: The `client_fn` function must return an instance of `Client`, but an instance of `NumpyClient` was returned. Please use `NumPyClient.to_client()` method to convert it to `Client`.[32m [repeated 4x across cluster][0m
[36m(ClientAppActor pid=2915463)[0m 
[36m(ClientAppActor pid=2915463)[0m         
[36m(ClientAppActor pid=2915460)[0m 
[36m(ClientAppActor pid=2915460)[0m         
[36m(ClientAppActor pid=2915460)[0m [93mWARNING [0m:   DEPRECATED FEATURE: `client_fn` now expects a signature `def client_fn(context: Context)`.The provided `client_fn` has signature: {'cid': <Parameter "cid: str">}. You can import the `Context` like this: `from flwr.common import Context`[32m [repeated 2x across cluster][0m
[36m(ClientAppActor pid=2915460)[0m             This is a deprecated feature. It will be removed[32m [repeated 2x across cluster][0m
[36m(ClientAppActor pid=2915460)[0m             entirely in future versions of Flower.[32m [repeated 2x across cluster][0m
[36m(ClientAppActor pid=2915460)[0m [93mWARNING [0m:   Deprecation Warning: The `client_fn` function must return an instance of `Client`, but an instance of `NumpyClient` was returned. Please use `NumPyClient.to_client()` method to convert it to `Client`.[32m [repeated 3x across cluster][0m
[36m(ClientAppActor pid=2915459)[0m 
[36m(ClientAppActor pid=2915459)[0m         
[36m(ClientAppActor pid=2915473)[0m 
[36m(ClientAppActor pid=2915473)[0m         
[36m(ClientAppActor pid=2915473)[0m [93mWARNING [0m:   DEPRECATED FEATURE: `client_fn` now expects a signature `def client_fn(context: Context)`.The provided `client_fn` has signature: {'cid': <Parameter "cid: str">}. You can import the `Context` like this: `from flwr.common import Context`[32m [repeated 2x across cluster][0m
[36m(ClientAppActor pid=2915473)[0m             This is a deprecated feature. It will be removed[32m [repeated 2x across cluster][0m
[36m(ClientAppActor pid=2915473)[0m             entirely in future versions of Flower.[32m [repeated 2x across cluster][0m
[36m(ClientAppActor pid=2915459)[0m [93mWARNING [0m:   Deprecation Warning: The `client_fn` function must return an instance of `Client`, but an instance of `NumpyClient` was returned. Please use `NumPyClient.to_client()` method to convert it to `Client`.
[36m(ClientAppActor pid=2915473)[0m [93mWARNING [0m:   Deprecation Warning: The `client_fn` function must return an instance of `Client`, but an instance of `NumpyClient` was returned. Please use `NumPyClient.to_client()` method to convert it to `Client`.
[36m(ClientAppActor pid=2915463)[0m 
[36m(ClientAppActor pid=2915463)[0m         
[36m(ClientAppActor pid=2915463)[0m [93mWARNING [0m:   DEPRECATED FEATURE: `client_fn` now expects a signature `def client_fn(context: Context)`.The provided `client_fn` has signature: {'cid': <Parameter "cid: str">}. You can import the `Context` like this: `from flwr.common import Context`
[36m(ClientAppActor pid=2915463)[0m             This is a deprecated feature. It will be removed
[36m(ClientAppActor pid=2915463)[0m             entirely in future versions of Flower.
[92mINFO [0m:      aggregate_fit: received 10 results and 0 failures
[92mINFO [0m:      fit progress: (23, 1.915278673171997, {'accuracy': 0.38199999928474426}, 6929.2948358189315)
[92mINFO [0m:      configure_evaluate: no clients selected, skipping evaluation
[92mINFO [0m:      
[92mINFO [0m:      [ROUND 24]
[92mINFO [0m:      configure_fit: strategy sampled 10 clients (out of 100)
[36m(ClientAppActor pid=2915463)[0m [93mWARNING [0m:   DEPRECATED FEATURE: `client_fn` now expects a signature `def client_fn(context: Context)`.The provided `client_fn` has signature: {'cid': <Parameter "cid: str">}. You can import the `Context` like this: `from flwr.common import Context`
[36m(ClientAppActor pid=2915463)[0m 
[36m(ClientAppActor pid=2915463)[0m             This is a deprecated feature. It will be removed
[36m(ClientAppActor pid=2915463)[0m             entirely in future versions of Flower.
[36m(ClientAppActor pid=2915463)[0m         
[36m(ClientAppActor pid=2915463)[0m [93mWARNING [0m:   Deprecation Warning: The `client_fn` function must return an instance of `Client`, but an instance of `NumpyClient` was returned. Please use `NumPyClient.to_client()` method to convert it to `Client`.
[36m(ClientAppActor pid=2915473)[0m 
[36m(ClientAppActor pid=2915473)[0m         
[36m(ClientAppActor pid=2915459)[0m 
[36m(ClientAppActor pid=2915459)[0m         
[36m(ClientAppActor pid=2915463)[0m [93mWARNING [0m:   Deprecation Warning: The `client_fn` function must return an instance of `Client`, but an instance of `NumpyClient` was returned. Please use `NumPyClient.to_client()` method to convert it to `Client`.
[36m(ClientAppActor pid=2915460)[0m 
[36m(ClientAppActor pid=2915460)[0m         
[36m(ClientAppActor pid=2915463)[0m 
[36m(ClientAppActor pid=2915463)[0m         
[36m(ClientAppActor pid=2915463)[0m [93mWARNING [0m:   DEPRECATED FEATURE: `client_fn` now expects a signature `def client_fn(context: Context)`.The provided `client_fn` has signature: {'cid': <Parameter "cid: str">}. You can import the `Context` like this: `from flwr.common import Context`[32m [repeated 4x across cluster][0m
[36m(ClientAppActor pid=2915463)[0m             This is a deprecated feature. It will be removed[32m [repeated 4x across cluster][0m
[36m(ClientAppActor pid=2915463)[0m             entirely in future versions of Flower.[32m [repeated 4x across cluster][0m
[36m(ClientAppActor pid=2915460)[0m [93mWARNING [0m:   Deprecation Warning: The `client_fn` function must return an instance of `Client`, but an instance of `NumpyClient` was returned. Please use `NumPyClient.to_client()` method to convert it to `Client`.[32m [repeated 3x across cluster][0m
[36m(ClientAppActor pid=2915460)[0m 
[36m(ClientAppActor pid=2915460)[0m         
[36m(ClientAppActor pid=2915459)[0m 
[36m(ClientAppActor pid=2915459)[0m         
[36m(ClientAppActor pid=2915459)[0m [93mWARNING [0m:   DEPRECATED FEATURE: `client_fn` now expects a signature `def client_fn(context: Context)`.The provided `client_fn` has signature: {'cid': <Parameter "cid: str">}. You can import the `Context` like this: `from flwr.common import Context`[32m [repeated 2x across cluster][0m
[36m(ClientAppActor pid=2915459)[0m             This is a deprecated feature. It will be removed[32m [repeated 2x across cluster][0m
[36m(ClientAppActor pid=2915459)[0m             entirely in future versions of Flower.[32m [repeated 2x across cluster][0m
[36m(ClientAppActor pid=2915460)[0m [93mWARNING [0m:   Deprecation Warning: The `client_fn` function must return an instance of `Client`, but an instance of `NumpyClient` was returned. Please use `NumPyClient.to_client()` method to convert it to `Client`.
[36m(ClientAppActor pid=2915459)[0m [93mWARNING [0m:   Deprecation Warning: The `client_fn` function must return an instance of `Client`, but an instance of `NumpyClient` was returned. Please use `NumPyClient.to_client()` method to convert it to `Client`.
[36m(ClientAppActor pid=2915473)[0m 
[36m(ClientAppActor pid=2915473)[0m         
[36m(ClientAppActor pid=2915459)[0m 
[36m(ClientAppActor pid=2915459)[0m         
[36m(ClientAppActor pid=2915459)[0m [93mWARNING [0m:   DEPRECATED FEATURE: `client_fn` now expects a signature `def client_fn(context: Context)`.The provided `client_fn` has signature: {'cid': <Parameter "cid: str">}. You can import the `Context` like this: `from flwr.common import Context`[32m [repeated 2x across cluster][0m
[36m(ClientAppActor pid=2915459)[0m             This is a deprecated feature. It will be removed[32m [repeated 2x across cluster][0m
[36m(ClientAppActor pid=2915459)[0m             entirely in future versions of Flower.[32m [repeated 2x across cluster][0m
[36m(ClientAppActor pid=2915473)[0m [93mWARNING [0m:   Deprecation Warning: The `client_fn` function must return an instance of `Client`, but an instance of `NumpyClient` was returned. Please use `NumPyClient.to_client()` method to convert it to `Client`.[32m [repeated 2x across cluster][0m
[36m(ClientAppActor pid=2915460)[0m 
[36m(ClientAppActor pid=2915460)[0m         
[92mINFO [0m:      aggregate_fit: received 10 results and 0 failures
[92mINFO [0m:      fit progress: (24, 1.8886247873306274, {'accuracy': 0.38089999556541443}, 7242.084633495659)
[92mINFO [0m:      configure_evaluate: no clients selected, skipping evaluation
[92mINFO [0m:      
[92mINFO [0m:      [ROUND 25]
[92mINFO [0m:      configure_fit: strategy sampled 10 clients (out of 100)
[36m(ClientAppActor pid=2915460)[0m 
[36m(ClientAppActor pid=2915460)[0m         
[36m(ClientAppActor pid=2915460)[0m [93mWARNING [0m:   DEPRECATED FEATURE: `client_fn` now expects a signature `def client_fn(context: Context)`.The provided `client_fn` has signature: {'cid': <Parameter "cid: str">}. You can import the `Context` like this: `from flwr.common import Context`[32m [repeated 2x across cluster][0m
[36m(ClientAppActor pid=2915460)[0m             This is a deprecated feature. It will be removed[32m [repeated 2x across cluster][0m
[36m(ClientAppActor pid=2915460)[0m             entirely in future versions of Flower.[32m [repeated 2x across cluster][0m
[36m(ClientAppActor pid=2915460)[0m [93mWARNING [0m:   Deprecation Warning: The `client_fn` function must return an instance of `Client`, but an instance of `NumpyClient` was returned. Please use `NumPyClient.to_client()` method to convert it to `Client`.[32m [repeated 2x across cluster][0m
[36m(ClientAppActor pid=2915459)[0m 
[36m(ClientAppActor pid=2915459)[0m         
[36m(ClientAppActor pid=2915463)[0m 
[36m(ClientAppActor pid=2915463)[0m         
[36m(ClientAppActor pid=2915473)[0m 
[36m(ClientAppActor pid=2915473)[0m         
[36m(ClientAppActor pid=2915460)[0m 
[36m(ClientAppActor pid=2915460)[0m         
[36m(ClientAppActor pid=2915460)[0m [93mWARNING [0m:   DEPRECATED FEATURE: `client_fn` now expects a signature `def client_fn(context: Context)`.The provided `client_fn` has signature: {'cid': <Parameter "cid: str">}. You can import the `Context` like this: `from flwr.common import Context`[32m [repeated 4x across cluster][0m
[36m(ClientAppActor pid=2915460)[0m             This is a deprecated feature. It will be removed[32m [repeated 4x across cluster][0m
[36m(ClientAppActor pid=2915460)[0m             entirely in future versions of Flower.[32m [repeated 4x across cluster][0m
[36m(ClientAppActor pid=2915473)[0m [93mWARNING [0m:   Deprecation Warning: The `client_fn` function must return an instance of `Client`, but an instance of `NumpyClient` was returned. Please use `NumPyClient.to_client()` method to convert it to `Client`.[32m [repeated 4x across cluster][0m
[36m(ClientAppActor pid=2915463)[0m 
[36m(ClientAppActor pid=2915463)[0m         
[36m(ClientAppActor pid=2915473)[0m 
[36m(ClientAppActor pid=2915473)[0m         
[36m(ClientAppActor pid=2915459)[0m 
[36m(ClientAppActor pid=2915459)[0m         
[36m(ClientAppActor pid=2915460)[0m 
[36m(ClientAppActor pid=2915460)[0m         
[36m(ClientAppActor pid=2915460)[0m [93mWARNING [0m:   DEPRECATED FEATURE: `client_fn` now expects a signature `def client_fn(context: Context)`.The provided `client_fn` has signature: {'cid': <Parameter "cid: str">}. You can import the `Context` like this: `from flwr.common import Context`[32m [repeated 4x across cluster][0m
[36m(ClientAppActor pid=2915460)[0m             This is a deprecated feature. It will be removed[32m [repeated 4x across cluster][0m
[36m(ClientAppActor pid=2915460)[0m             entirely in future versions of Flower.[32m [repeated 4x across cluster][0m
[36m(ClientAppActor pid=2915459)[0m [93mWARNING [0m:   Deprecation Warning: The `client_fn` function must return an instance of `Client`, but an instance of `NumpyClient` was returned. Please use `NumPyClient.to_client()` method to convert it to `Client`.[32m [repeated 4x across cluster][0m
[36m(ClientAppActor pid=2915463)[0m 
[36m(ClientAppActor pid=2915463)[0m         
[36m(ClientAppActor pid=2915463)[0m [93mWARNING [0m:   DEPRECATED FEATURE: `client_fn` now expects a signature `def client_fn(context: Context)`.The provided `client_fn` has signature: {'cid': <Parameter "cid: str">}. You can import the `Context` like this: `from flwr.common import Context`
[36m(ClientAppActor pid=2915463)[0m             This is a deprecated feature. It will be removed
[36m(ClientAppActor pid=2915463)[0m             entirely in future versions of Flower.
[36m(ClientAppActor pid=2915460)[0m [93mWARNING [0m:   Deprecation Warning: The `client_fn` function must return an instance of `Client`, but an instance of `NumpyClient` was returned. Please use `NumPyClient.to_client()` method to convert it to `Client`.
[36m(ClientAppActor pid=2915463)[0m [93mWARNING [0m:   Deprecation Warning: The `client_fn` function must return an instance of `Client`, but an instance of `NumpyClient` was returned. Please use `NumPyClient.to_client()` method to convert it to `Client`.
[92mINFO [0m:      aggregate_fit: received 10 results and 0 failures
[92mINFO [0m:      fit progress: (25, 1.92019784450531, {'accuracy': 0.36970001459121704}, 7552.0436892118305)
[92mINFO [0m:      configure_evaluate: no clients selected, skipping evaluation
[92mINFO [0m:      
[92mINFO [0m:      [ROUND 26]
[92mINFO [0m:      configure_fit: strategy sampled 10 clients (out of 100)
[36m(ClientAppActor pid=2915463)[0m [93mWARNING [0m:   DEPRECATED FEATURE: `client_fn` now expects a signature `def client_fn(context: Context)`.The provided `client_fn` has signature: {'cid': <Parameter "cid: str">}. You can import the `Context` like this: `from flwr.common import Context`
[36m(ClientAppActor pid=2915463)[0m 
[36m(ClientAppActor pid=2915463)[0m             This is a deprecated feature. It will be removed
[36m(ClientAppActor pid=2915463)[0m             entirely in future versions of Flower.
[36m(ClientAppActor pid=2915463)[0m         
[36m(ClientAppActor pid=2915460)[0m 
[36m(ClientAppActor pid=2915460)[0m         
[36m(ClientAppActor pid=2915459)[0m 
[36m(ClientAppActor pid=2915459)[0m         
[36m(ClientAppActor pid=2915463)[0m [93mWARNING [0m:   Deprecation Warning: The `client_fn` function must return an instance of `Client`, but an instance of `NumpyClient` was returned. Please use `NumPyClient.to_client()` method to convert it to `Client`.
[36m(ClientAppActor pid=2915473)[0m 
[36m(ClientAppActor pid=2915473)[0m         
[36m(ClientAppActor pid=2915460)[0m 
[36m(ClientAppActor pid=2915460)[0m         
[36m(ClientAppActor pid=2915460)[0m [93mWARNING [0m:   DEPRECATED FEATURE: `client_fn` now expects a signature `def client_fn(context: Context)`.The provided `client_fn` has signature: {'cid': <Parameter "cid: str">}. You can import the `Context` like this: `from flwr.common import Context`[32m [repeated 4x across cluster][0m
[36m(ClientAppActor pid=2915460)[0m             This is a deprecated feature. It will be removed[32m [repeated 4x across cluster][0m
[36m(ClientAppActor pid=2915460)[0m             entirely in future versions of Flower.[32m [repeated 4x across cluster][0m
[36m(ClientAppActor pid=2915473)[0m [93mWARNING [0m:   Deprecation Warning: The `client_fn` function must return an instance of `Client`, but an instance of `NumpyClient` was returned. Please use `NumPyClient.to_client()` method to convert it to `Client`.[32m [repeated 3x across cluster][0m
[36m(ClientAppActor pid=2915463)[0m 
[36m(ClientAppActor pid=2915463)[0m         
[36m(ClientAppActor pid=2915459)[0m 
[36m(ClientAppActor pid=2915459)[0m         
[36m(ClientAppActor pid=2915473)[0m 
[36m(ClientAppActor pid=2915473)[0m         
[36m(ClientAppActor pid=2915460)[0m 
[36m(ClientAppActor pid=2915460)[0m         
[36m(ClientAppActor pid=2915460)[0m [93mWARNING [0m:   DEPRECATED FEATURE: `client_fn` now expects a signature `def client_fn(context: Context)`.The provided `client_fn` has signature: {'cid': <Parameter "cid: str">}. You can import the `Context` like this: `from flwr.common import Context`[32m [repeated 4x across cluster][0m
[36m(ClientAppActor pid=2915460)[0m             This is a deprecated feature. It will be removed[32m [repeated 4x across cluster][0m
[36m(ClientAppActor pid=2915460)[0m             entirely in future versions of Flower.[32m [repeated 4x across cluster][0m
[36m(ClientAppActor pid=2915473)[0m [93mWARNING [0m:   Deprecation Warning: The `client_fn` function must return an instance of `Client`, but an instance of `NumpyClient` was returned. Please use `NumPyClient.to_client()` method to convert it to `Client`.[32m [repeated 4x across cluster][0m
[36m(ClientAppActor pid=2915463)[0m 
[36m(ClientAppActor pid=2915463)[0m         
[92mINFO [0m:      aggregate_fit: received 10 results and 0 failures
[92mINFO [0m:      fit progress: (26, 1.8625755310058594, {'accuracy': 0.414000004529953}, 7862.448579322547)
[92mINFO [0m:      configure_evaluate: no clients selected, skipping evaluation
[92mINFO [0m:      
[92mINFO [0m:      [ROUND 27]
[92mINFO [0m:      configure_fit: strategy sampled 10 clients (out of 100)
[36m(ClientAppActor pid=2915463)[0m 
[36m(ClientAppActor pid=2915463)[0m         
[36m(ClientAppActor pid=2915463)[0m [93mWARNING [0m:   DEPRECATED FEATURE: `client_fn` now expects a signature `def client_fn(context: Context)`.The provided `client_fn` has signature: {'cid': <Parameter "cid: str">}. You can import the `Context` like this: `from flwr.common import Context`[32m [repeated 2x across cluster][0m
[36m(ClientAppActor pid=2915463)[0m             This is a deprecated feature. It will be removed[32m [repeated 2x across cluster][0m
[36m(ClientAppActor pid=2915463)[0m             entirely in future versions of Flower.[32m [repeated 2x across cluster][0m
[36m(ClientAppActor pid=2915463)[0m [93mWARNING [0m:   Deprecation Warning: The `client_fn` function must return an instance of `Client`, but an instance of `NumpyClient` was returned. Please use `NumPyClient.to_client()` method to convert it to `Client`.[32m [repeated 2x across cluster][0m
[36m(ClientAppActor pid=2915460)[0m 
[36m(ClientAppActor pid=2915460)[0m         
[36m(ClientAppActor pid=2915473)[0m 
[36m(ClientAppActor pid=2915473)[0m         
[36m(ClientAppActor pid=2915459)[0m 
[36m(ClientAppActor pid=2915459)[0m         
[36m(ClientAppActor pid=2915459)[0m 
[36m(ClientAppActor pid=2915459)[0m         
[36m(ClientAppActor pid=2915459)[0m [93mWARNING [0m:   DEPRECATED FEATURE: `client_fn` now expects a signature `def client_fn(context: Context)`.The provided `client_fn` has signature: {'cid': <Parameter "cid: str">}. You can import the `Context` like this: `from flwr.common import Context`[32m [repeated 4x across cluster][0m
[36m(ClientAppActor pid=2915459)[0m             This is a deprecated feature. It will be removed[32m [repeated 4x across cluster][0m
[36m(ClientAppActor pid=2915459)[0m             entirely in future versions of Flower.[32m [repeated 4x across cluster][0m
[36m(ClientAppActor pid=2915473)[0m [93mWARNING [0m:   Deprecation Warning: The `client_fn` function must return an instance of `Client`, but an instance of `NumpyClient` was returned. Please use `NumPyClient.to_client()` method to convert it to `Client`.[32m [repeated 4x across cluster][0m
[36m(ClientAppActor pid=2915460)[0m 
[36m(ClientAppActor pid=2915460)[0m         
[36m(ClientAppActor pid=2915473)[0m 
[36m(ClientAppActor pid=2915473)[0m         
[36m(ClientAppActor pid=2915463)[0m 
[36m(ClientAppActor pid=2915463)[0m         
[36m(ClientAppActor pid=2915460)[0m 
[36m(ClientAppActor pid=2915460)[0m         
[36m(ClientAppActor pid=2915460)[0m [93mWARNING [0m:   DEPRECATED FEATURE: `client_fn` now expects a signature `def client_fn(context: Context)`.The provided `client_fn` has signature: {'cid': <Parameter "cid: str">}. You can import the `Context` like this: `from flwr.common import Context`[32m [repeated 4x across cluster][0m
[36m(ClientAppActor pid=2915460)[0m             This is a deprecated feature. It will be removed[32m [repeated 4x across cluster][0m
[36m(ClientAppActor pid=2915460)[0m             entirely in future versions of Flower.[32m [repeated 4x across cluster][0m
[36m(ClientAppActor pid=2915473)[0m [93mWARNING [0m:   Deprecation Warning: The `client_fn` function must return an instance of `Client`, but an instance of `NumpyClient` was returned. Please use `NumPyClient.to_client()` method to convert it to `Client`.[32m [repeated 4x across cluster][0m
[36m(ClientAppActor pid=2915459)[0m 
[36m(ClientAppActor pid=2915459)[0m         
[92mINFO [0m:      aggregate_fit: received 10 results and 0 failures
[92mINFO [0m:      fit progress: (27, 1.9572175741195679, {'accuracy': 0.3653999865055084}, 8174.541443258524)
[92mINFO [0m:      configure_evaluate: no clients selected, skipping evaluation
[92mINFO [0m:      
[92mINFO [0m:      [ROUND 28]
[92mINFO [0m:      configure_fit: strategy sampled 10 clients (out of 100)
[36m(ClientAppActor pid=2915459)[0m 
[36m(ClientAppActor pid=2915459)[0m         
[36m(ClientAppActor pid=2915459)[0m [93mWARNING [0m:   DEPRECATED FEATURE: `client_fn` now expects a signature `def client_fn(context: Context)`.The provided `client_fn` has signature: {'cid': <Parameter "cid: str">}. You can import the `Context` like this: `from flwr.common import Context`[32m [repeated 2x across cluster][0m
[36m(ClientAppActor pid=2915459)[0m             This is a deprecated feature. It will be removed[32m [repeated 2x across cluster][0m
[36m(ClientAppActor pid=2915459)[0m             entirely in future versions of Flower.[32m [repeated 2x across cluster][0m
[36m(ClientAppActor pid=2915459)[0m [93mWARNING [0m:   Deprecation Warning: The `client_fn` function must return an instance of `Client`, but an instance of `NumpyClient` was returned. Please use `NumPyClient.to_client()` method to convert it to `Client`.[32m [repeated 2x across cluster][0m
[36m(ClientAppActor pid=2915460)[0m 
[36m(ClientAppActor pid=2915460)[0m         
[36m(ClientAppActor pid=2915463)[0m 
[36m(ClientAppActor pid=2915463)[0m         
[36m(ClientAppActor pid=2915473)[0m 
[36m(ClientAppActor pid=2915473)[0m         
[36m(ClientAppActor pid=2915459)[0m 
[36m(ClientAppActor pid=2915459)[0m         
[36m(ClientAppActor pid=2915459)[0m [93mWARNING [0m:   DEPRECATED FEATURE: `client_fn` now expects a signature `def client_fn(context: Context)`.The provided `client_fn` has signature: {'cid': <Parameter "cid: str">}. You can import the `Context` like this: `from flwr.common import Context`[32m [repeated 4x across cluster][0m
[36m(ClientAppActor pid=2915459)[0m             This is a deprecated feature. It will be removed[32m [repeated 4x across cluster][0m
[36m(ClientAppActor pid=2915459)[0m             entirely in future versions of Flower.[32m [repeated 4x across cluster][0m
[36m(ClientAppActor pid=2915473)[0m [93mWARNING [0m:   Deprecation Warning: The `client_fn` function must return an instance of `Client`, but an instance of `NumpyClient` was returned. Please use `NumPyClient.to_client()` method to convert it to `Client`.[32m [repeated 4x across cluster][0m
[36m(ClientAppActor pid=2915460)[0m 
[36m(ClientAppActor pid=2915460)[0m         
[36m(ClientAppActor pid=2915463)[0m 
[36m(ClientAppActor pid=2915463)[0m         
[36m(ClientAppActor pid=2915473)[0m 
[36m(ClientAppActor pid=2915473)[0m         
[36m(ClientAppActor pid=2915459)[0m 
[36m(ClientAppActor pid=2915459)[0m         
[36m(ClientAppActor pid=2915459)[0m [93mWARNING [0m:   DEPRECATED FEATURE: `client_fn` now expects a signature `def client_fn(context: Context)`.The provided `client_fn` has signature: {'cid': <Parameter "cid: str">}. You can import the `Context` like this: `from flwr.common import Context`[32m [repeated 4x across cluster][0m
[36m(ClientAppActor pid=2915459)[0m             This is a deprecated feature. It will be removed[32m [repeated 4x across cluster][0m
[36m(ClientAppActor pid=2915459)[0m             entirely in future versions of Flower.[32m [repeated 4x across cluster][0m
[36m(ClientAppActor pid=2915473)[0m [93mWARNING [0m:   Deprecation Warning: The `client_fn` function must return an instance of `Client`, but an instance of `NumpyClient` was returned. Please use `NumPyClient.to_client()` method to convert it to `Client`.[32m [repeated 4x across cluster][0m
[36m(ClientAppActor pid=2915460)[0m 
[36m(ClientAppActor pid=2915460)[0m         
[92mINFO [0m:      aggregate_fit: received 10 results and 0 failures
[92mINFO [0m:      fit progress: (28, 1.8338418006896973, {'accuracy': 0.4027999937534332}, 8486.128152307123)
[92mINFO [0m:      configure_evaluate: no clients selected, skipping evaluation
[92mINFO [0m:      
[92mINFO [0m:      [ROUND 29]
[92mINFO [0m:      configure_fit: strategy sampled 10 clients (out of 100)
[36m(ClientAppActor pid=2915460)[0m 
[36m(ClientAppActor pid=2915460)[0m         
[36m(ClientAppActor pid=2915460)[0m [93mWARNING [0m:   DEPRECATED FEATURE: `client_fn` now expects a signature `def client_fn(context: Context)`.The provided `client_fn` has signature: {'cid': <Parameter "cid: str">}. You can import the `Context` like this: `from flwr.common import Context`[32m [repeated 2x across cluster][0m
[36m(ClientAppActor pid=2915460)[0m             This is a deprecated feature. It will be removed[32m [repeated 2x across cluster][0m
[36m(ClientAppActor pid=2915460)[0m             entirely in future versions of Flower.[32m [repeated 2x across cluster][0m
[36m(ClientAppActor pid=2915460)[0m [93mWARNING [0m:   Deprecation Warning: The `client_fn` function must return an instance of `Client`, but an instance of `NumpyClient` was returned. Please use `NumPyClient.to_client()` method to convert it to `Client`.[32m [repeated 2x across cluster][0m
[36m(ClientAppActor pid=2915459)[0m 
[36m(ClientAppActor pid=2915459)[0m         
[36m(ClientAppActor pid=2915473)[0m 
[36m(ClientAppActor pid=2915473)[0m         
[36m(ClientAppActor pid=2915463)[0m 
[36m(ClientAppActor pid=2915463)[0m         
[36m(ClientAppActor pid=2915473)[0m 
[36m(ClientAppActor pid=2915473)[0m         
[36m(ClientAppActor pid=2915473)[0m [93mWARNING [0m:   DEPRECATED FEATURE: `client_fn` now expects a signature `def client_fn(context: Context)`.The provided `client_fn` has signature: {'cid': <Parameter "cid: str">}. You can import the `Context` like this: `from flwr.common import Context`[32m [repeated 4x across cluster][0m
[36m(ClientAppActor pid=2915473)[0m             This is a deprecated feature. It will be removed[32m [repeated 4x across cluster][0m
[36m(ClientAppActor pid=2915473)[0m             entirely in future versions of Flower.[32m [repeated 4x across cluster][0m
[36m(ClientAppActor pid=2915463)[0m [93mWARNING [0m:   Deprecation Warning: The `client_fn` function must return an instance of `Client`, but an instance of `NumpyClient` was returned. Please use `NumPyClient.to_client()` method to convert it to `Client`.[32m [repeated 4x across cluster][0m
[36m(ClientAppActor pid=2915459)[0m 
[36m(ClientAppActor pid=2915459)[0m         
[36m(ClientAppActor pid=2915460)[0m 
[36m(ClientAppActor pid=2915460)[0m         
[36m(ClientAppActor pid=2915463)[0m 
[36m(ClientAppActor pid=2915463)[0m         
[36m(ClientAppActor pid=2915460)[0m 
[36m(ClientAppActor pid=2915460)[0m         
[36m(ClientAppActor pid=2915460)[0m [93mWARNING [0m:   DEPRECATED FEATURE: `client_fn` now expects a signature `def client_fn(context: Context)`.The provided `client_fn` has signature: {'cid': <Parameter "cid: str">}. You can import the `Context` like this: `from flwr.common import Context`[32m [repeated 4x across cluster][0m
[36m(ClientAppActor pid=2915460)[0m             This is a deprecated feature. It will be removed[32m [repeated 4x across cluster][0m
[36m(ClientAppActor pid=2915460)[0m             entirely in future versions of Flower.[32m [repeated 4x across cluster][0m
[36m(ClientAppActor pid=2915463)[0m [93mWARNING [0m:   Deprecation Warning: The `client_fn` function must return an instance of `Client`, but an instance of `NumpyClient` was returned. Please use `NumPyClient.to_client()` method to convert it to `Client`.[32m [repeated 4x across cluster][0m
[36m(ClientAppActor pid=2915473)[0m 
[36m(ClientAppActor pid=2915473)[0m         
[92mINFO [0m:      aggregate_fit: received 10 results and 0 failures
[92mINFO [0m:      fit progress: (29, 1.8548808097839355, {'accuracy': 0.3910999894142151}, 8799.527899155393)
[92mINFO [0m:      configure_evaluate: no clients selected, skipping evaluation
[92mINFO [0m:      
[92mINFO [0m:      [ROUND 30]
[92mINFO [0m:      configure_fit: strategy sampled 10 clients (out of 100)
[36m(ClientAppActor pid=2915473)[0m 
[36m(ClientAppActor pid=2915473)[0m         
[36m(ClientAppActor pid=2915473)[0m [93mWARNING [0m:   DEPRECATED FEATURE: `client_fn` now expects a signature `def client_fn(context: Context)`.The provided `client_fn` has signature: {'cid': <Parameter "cid: str">}. You can import the `Context` like this: `from flwr.common import Context`[32m [repeated 2x across cluster][0m
[36m(ClientAppActor pid=2915473)[0m             This is a deprecated feature. It will be removed[32m [repeated 2x across cluster][0m
[36m(ClientAppActor pid=2915473)[0m             entirely in future versions of Flower.[32m [repeated 2x across cluster][0m
[36m(ClientAppActor pid=2915473)[0m [93mWARNING [0m:   Deprecation Warning: The `client_fn` function must return an instance of `Client`, but an instance of `NumpyClient` was returned. Please use `NumPyClient.to_client()` method to convert it to `Client`.[32m [repeated 2x across cluster][0m
[36m(ClientAppActor pid=2915460)[0m 
[36m(ClientAppActor pid=2915460)[0m         
[36m(ClientAppActor pid=2915459)[0m 
[36m(ClientAppActor pid=2915459)[0m         
[36m(ClientAppActor pid=2915463)[0m 
[36m(ClientAppActor pid=2915463)[0m         
[36m(ClientAppActor pid=2915473)[0m 
[36m(ClientAppActor pid=2915473)[0m         
[36m(ClientAppActor pid=2915473)[0m [93mWARNING [0m:   DEPRECATED FEATURE: `client_fn` now expects a signature `def client_fn(context: Context)`.The provided `client_fn` has signature: {'cid': <Parameter "cid: str">}. You can import the `Context` like this: `from flwr.common import Context`[32m [repeated 4x across cluster][0m
[36m(ClientAppActor pid=2915473)[0m             This is a deprecated feature. It will be removed[32m [repeated 4x across cluster][0m
[36m(ClientAppActor pid=2915473)[0m             entirely in future versions of Flower.[32m [repeated 4x across cluster][0m
[36m(ClientAppActor pid=2915463)[0m [93mWARNING [0m:   Deprecation Warning: The `client_fn` function must return an instance of `Client`, but an instance of `NumpyClient` was returned. Please use `NumPyClient.to_client()` method to convert it to `Client`.[32m [repeated 4x across cluster][0m
[36m(ClientAppActor pid=2915459)[0m 
[36m(ClientAppActor pid=2915459)[0m         
[36m(ClientAppActor pid=2915463)[0m 
[36m(ClientAppActor pid=2915463)[0m         
[36m(ClientAppActor pid=2915460)[0m 
[36m(ClientAppActor pid=2915460)[0m         
[36m(ClientAppActor pid=2915460)[0m [93mWARNING [0m:   DEPRECATED FEATURE: `client_fn` now expects a signature `def client_fn(context: Context)`.The provided `client_fn` has signature: {'cid': <Parameter "cid: str">}. You can import the `Context` like this: `from flwr.common import Context`[32m [repeated 3x across cluster][0m
[36m(ClientAppActor pid=2915460)[0m             This is a deprecated feature. It will be removed[32m [repeated 3x across cluster][0m
[36m(ClientAppActor pid=2915460)[0m             entirely in future versions of Flower.[32m [repeated 3x across cluster][0m
[36m(ClientAppActor pid=2915463)[0m [93mWARNING [0m:   Deprecation Warning: The `client_fn` function must return an instance of `Client`, but an instance of `NumpyClient` was returned. Please use `NumPyClient.to_client()` method to convert it to `Client`.[32m [repeated 4x across cluster][0m
[36m(ClientAppActor pid=2915459)[0m 
[36m(ClientAppActor pid=2915459)[0m         
[36m(ClientAppActor pid=2915459)[0m [93mWARNING [0m:   DEPRECATED FEATURE: `client_fn` now expects a signature `def client_fn(context: Context)`.The provided `client_fn` has signature: {'cid': <Parameter "cid: str">}. You can import the `Context` like this: `from flwr.common import Context`
[36m(ClientAppActor pid=2915459)[0m             This is a deprecated feature. It will be removed
[36m(ClientAppActor pid=2915459)[0m             entirely in future versions of Flower.
[36m(ClientAppActor pid=2915459)[0m [93mWARNING [0m:   Deprecation Warning: The `client_fn` function must return an instance of `Client`, but an instance of `NumpyClient` was returned. Please use `NumPyClient.to_client()` method to convert it to `Client`.
[36m(ClientAppActor pid=2915460)[0m [93mWARNING [0m:   DEPRECATED FEATURE: `client_fn` now expects a signature `def client_fn(context: Context)`.The provided `client_fn` has signature: {'cid': <Parameter "cid: str">}. You can import the `Context` like this: `from flwr.common import Context`
[36m(ClientAppActor pid=2915460)[0m 
[36m(ClientAppActor pid=2915460)[0m             This is a deprecated feature. It will be removed
[36m(ClientAppActor pid=2915460)[0m             entirely in future versions of Flower.
[36m(ClientAppActor pid=2915460)[0m         
[92mINFO [0m:      aggregate_fit: received 10 results and 0 failures
[92mINFO [0m:      fit progress: (30, 1.8459372520446777, {'accuracy': 0.4074000120162964}, 9114.409545430914)
[92mINFO [0m:      configure_evaluate: no clients selected, skipping evaluation
[92mINFO [0m:      
[92mINFO [0m:      [ROUND 31]
[92mINFO [0m:      configure_fit: strategy sampled 10 clients (out of 100)
[36m(ClientAppActor pid=2915460)[0m [93mWARNING [0m:   DEPRECATED FEATURE: `client_fn` now expects a signature `def client_fn(context: Context)`.The provided `client_fn` has signature: {'cid': <Parameter "cid: str">}. You can import the `Context` like this: `from flwr.common import Context`
[36m(ClientAppActor pid=2915460)[0m 
[36m(ClientAppActor pid=2915460)[0m             This is a deprecated feature. It will be removed
[36m(ClientAppActor pid=2915460)[0m             entirely in future versions of Flower.
[36m(ClientAppActor pid=2915460)[0m         
[36m(ClientAppActor pid=2915460)[0m [93mWARNING [0m:   Deprecation Warning: The `client_fn` function must return an instance of `Client`, but an instance of `NumpyClient` was returned. Please use `NumPyClient.to_client()` method to convert it to `Client`.
[36m(ClientAppActor pid=2915459)[0m [93mWARNING [0m:   DEPRECATED FEATURE: `client_fn` now expects a signature `def client_fn(context: Context)`.The provided `client_fn` has signature: {'cid': <Parameter "cid: str">}. You can import the `Context` like this: `from flwr.common import Context`
[36m(ClientAppActor pid=2915459)[0m 
[36m(ClientAppActor pid=2915459)[0m             This is a deprecated feature. It will be removed
[36m(ClientAppActor pid=2915459)[0m             entirely in future versions of Flower.
[36m(ClientAppActor pid=2915459)[0m         
[36m(ClientAppActor pid=2915463)[0m 
[36m(ClientAppActor pid=2915463)[0m         
[36m(ClientAppActor pid=2915460)[0m [93mWARNING [0m:   Deprecation Warning: The `client_fn` function must return an instance of `Client`, but an instance of `NumpyClient` was returned. Please use `NumPyClient.to_client()` method to convert it to `Client`.
[36m(ClientAppActor pid=2915473)[0m 
[36m(ClientAppActor pid=2915473)[0m         
[36m(ClientAppActor pid=2915460)[0m 
[36m(ClientAppActor pid=2915460)[0m         
[36m(ClientAppActor pid=2915460)[0m [93mWARNING [0m:   DEPRECATED FEATURE: `client_fn` now expects a signature `def client_fn(context: Context)`.The provided `client_fn` has signature: {'cid': <Parameter "cid: str">}. You can import the `Context` like this: `from flwr.common import Context`[32m [repeated 3x across cluster][0m
[36m(ClientAppActor pid=2915460)[0m             This is a deprecated feature. It will be removed[32m [repeated 3x across cluster][0m
[36m(ClientAppActor pid=2915460)[0m             entirely in future versions of Flower.[32m [repeated 3x across cluster][0m
[36m(ClientAppActor pid=2915473)[0m [93mWARNING [0m:   Deprecation Warning: The `client_fn` function must return an instance of `Client`, but an instance of `NumpyClient` was returned. Please use `NumPyClient.to_client()` method to convert it to `Client`.[32m [repeated 3x across cluster][0m
[36m(ClientAppActor pid=2915459)[0m 
[36m(ClientAppActor pid=2915459)[0m         
[36m(ClientAppActor pid=2915459)[0m [93mWARNING [0m:   DEPRECATED FEATURE: `client_fn` now expects a signature `def client_fn(context: Context)`.The provided `client_fn` has signature: {'cid': <Parameter "cid: str">}. You can import the `Context` like this: `from flwr.common import Context`
[36m(ClientAppActor pid=2915459)[0m             This is a deprecated feature. It will be removed
[36m(ClientAppActor pid=2915459)[0m             entirely in future versions of Flower.
[36m(ClientAppActor pid=2915460)[0m [93mWARNING [0m:   Deprecation Warning: The `client_fn` function must return an instance of `Client`, but an instance of `NumpyClient` was returned. Please use `NumPyClient.to_client()` method to convert it to `Client`.
[36m(ClientAppActor pid=2915463)[0m [93mWARNING [0m:   DEPRECATED FEATURE: `client_fn` now expects a signature `def client_fn(context: Context)`.The provided `client_fn` has signature: {'cid': <Parameter "cid: str">}. You can import the `Context` like this: `from flwr.common import Context`
[36m(ClientAppActor pid=2915463)[0m 
[36m(ClientAppActor pid=2915463)[0m             This is a deprecated feature. It will be removed
[36m(ClientAppActor pid=2915463)[0m             entirely in future versions of Flower.
[36m(ClientAppActor pid=2915463)[0m         
[36m(ClientAppActor pid=2915473)[0m 
[36m(ClientAppActor pid=2915473)[0m         
[36m(ClientAppActor pid=2915459)[0m [93mWARNING [0m:   Deprecation Warning: The `client_fn` function must return an instance of `Client`, but an instance of `NumpyClient` was returned. Please use `NumPyClient.to_client()` method to convert it to `Client`.
[36m(ClientAppActor pid=2915460)[0m 
[36m(ClientAppActor pid=2915460)[0m         
[36m(ClientAppActor pid=2915460)[0m [93mWARNING [0m:   DEPRECATED FEATURE: `client_fn` now expects a signature `def client_fn(context: Context)`.The provided `client_fn` has signature: {'cid': <Parameter "cid: str">}. You can import the `Context` like this: `from flwr.common import Context`[32m [repeated 2x across cluster][0m
[36m(ClientAppActor pid=2915460)[0m             This is a deprecated feature. It will be removed[32m [repeated 2x across cluster][0m
[36m(ClientAppActor pid=2915460)[0m             entirely in future versions of Flower.[32m [repeated 2x across cluster][0m
[36m(ClientAppActor pid=2915473)[0m [93mWARNING [0m:   Deprecation Warning: The `client_fn` function must return an instance of `Client`, but an instance of `NumpyClient` was returned. Please use `NumPyClient.to_client()` method to convert it to `Client`.[32m [repeated 2x across cluster][0m
[36m(ClientAppActor pid=2915473)[0m 
[36m(ClientAppActor pid=2915473)[0m         
[36m(ClientAppActor pid=2915473)[0m [93mWARNING [0m:   DEPRECATED FEATURE: `client_fn` now expects a signature `def client_fn(context: Context)`.The provided `client_fn` has signature: {'cid': <Parameter "cid: str">}. You can import the `Context` like this: `from flwr.common import Context`
[36m(ClientAppActor pid=2915473)[0m             This is a deprecated feature. It will be removed
[36m(ClientAppActor pid=2915473)[0m             entirely in future versions of Flower.
[36m(ClientAppActor pid=2915460)[0m [93mWARNING [0m:   Deprecation Warning: The `client_fn` function must return an instance of `Client`, but an instance of `NumpyClient` was returned. Please use `NumPyClient.to_client()` method to convert it to `Client`.
[36m(ClientAppActor pid=2915473)[0m [93mWARNING [0m:   Deprecation Warning: The `client_fn` function must return an instance of `Client`, but an instance of `NumpyClient` was returned. Please use `NumPyClient.to_client()` method to convert it to `Client`.
[92mINFO [0m:      aggregate_fit: received 10 results and 0 failures
[92mINFO [0m:      fit progress: (31, 1.807977557182312, {'accuracy': 0.4260999858379364}, 9427.430322015658)
[92mINFO [0m:      configure_evaluate: no clients selected, skipping evaluation
[92mINFO [0m:      
[92mINFO [0m:      [ROUND 32]
[92mINFO [0m:      configure_fit: strategy sampled 10 clients (out of 100)
[36m(ClientAppActor pid=2915473)[0m [93mWARNING [0m:   DEPRECATED FEATURE: `client_fn` now expects a signature `def client_fn(context: Context)`.The provided `client_fn` has signature: {'cid': <Parameter "cid: str">}. You can import the `Context` like this: `from flwr.common import Context`
[36m(ClientAppActor pid=2915473)[0m 
[36m(ClientAppActor pid=2915473)[0m             This is a deprecated feature. It will be removed
[36m(ClientAppActor pid=2915473)[0m             entirely in future versions of Flower.
[36m(ClientAppActor pid=2915473)[0m         
[36m(ClientAppActor pid=2915460)[0m 
[36m(ClientAppActor pid=2915460)[0m         
[36m(ClientAppActor pid=2915463)[0m 
[36m(ClientAppActor pid=2915463)[0m         
[36m(ClientAppActor pid=2915473)[0m [93mWARNING [0m:   Deprecation Warning: The `client_fn` function must return an instance of `Client`, but an instance of `NumpyClient` was returned. Please use `NumPyClient.to_client()` method to convert it to `Client`.
[36m(ClientAppActor pid=2915459)[0m 
[36m(ClientAppActor pid=2915459)[0m         
[36m(ClientAppActor pid=2915460)[0m 
[36m(ClientAppActor pid=2915460)[0m         
[36m(ClientAppActor pid=2915460)[0m [93mWARNING [0m:   DEPRECATED FEATURE: `client_fn` now expects a signature `def client_fn(context: Context)`.The provided `client_fn` has signature: {'cid': <Parameter "cid: str">}. You can import the `Context` like this: `from flwr.common import Context`[32m [repeated 4x across cluster][0m
[36m(ClientAppActor pid=2915460)[0m             This is a deprecated feature. It will be removed[32m [repeated 4x across cluster][0m
[36m(ClientAppActor pid=2915460)[0m             entirely in future versions of Flower.[32m [repeated 4x across cluster][0m
[36m(ClientAppActor pid=2915459)[0m [93mWARNING [0m:   Deprecation Warning: The `client_fn` function must return an instance of `Client`, but an instance of `NumpyClient` was returned. Please use `NumPyClient.to_client()` method to convert it to `Client`.[32m [repeated 3x across cluster][0m
[36m(ClientAppActor pid=2915473)[0m 
[36m(ClientAppActor pid=2915473)[0m         
[36m(ClientAppActor pid=2915463)[0m 
[36m(ClientAppActor pid=2915463)[0m         
[36m(ClientAppActor pid=2915459)[0m 
[36m(ClientAppActor pid=2915459)[0m         
[36m(ClientAppActor pid=2915460)[0m 
[36m(ClientAppActor pid=2915460)[0m         
[36m(ClientAppActor pid=2915460)[0m [93mWARNING [0m:   DEPRECATED FEATURE: `client_fn` now expects a signature `def client_fn(context: Context)`.The provided `client_fn` has signature: {'cid': <Parameter "cid: str">}. You can import the `Context` like this: `from flwr.common import Context`[32m [repeated 4x across cluster][0m
[36m(ClientAppActor pid=2915460)[0m             This is a deprecated feature. It will be removed[32m [repeated 4x across cluster][0m
[36m(ClientAppActor pid=2915460)[0m             entirely in future versions of Flower.[32m [repeated 4x across cluster][0m
[36m(ClientAppActor pid=2915459)[0m [93mWARNING [0m:   Deprecation Warning: The `client_fn` function must return an instance of `Client`, but an instance of `NumpyClient` was returned. Please use `NumPyClient.to_client()` method to convert it to `Client`.[32m [repeated 4x across cluster][0m
[36m(ClientAppActor pid=2915473)[0m 
[36m(ClientAppActor pid=2915473)[0m         
[92mINFO [0m:      aggregate_fit: received 10 results and 0 failures
[92mINFO [0m:      fit progress: (32, 1.798530101776123, {'accuracy': 0.42149999737739563}, 9739.076822923496)
[92mINFO [0m:      configure_evaluate: no clients selected, skipping evaluation
[92mINFO [0m:      
[92mINFO [0m:      [ROUND 33]
[92mINFO [0m:      configure_fit: strategy sampled 10 clients (out of 100)
[36m(ClientAppActor pid=2915460)[0m 
[36m(ClientAppActor pid=2915460)[0m         
[36m(ClientAppActor pid=2915460)[0m [93mWARNING [0m:   DEPRECATED FEATURE: `client_fn` now expects a signature `def client_fn(context: Context)`.The provided `client_fn` has signature: {'cid': <Parameter "cid: str">}. You can import the `Context` like this: `from flwr.common import Context`[32m [repeated 2x across cluster][0m
[36m(ClientAppActor pid=2915460)[0m             This is a deprecated feature. It will be removed[32m [repeated 2x across cluster][0m
[36m(ClientAppActor pid=2915460)[0m             entirely in future versions of Flower.[32m [repeated 2x across cluster][0m
[36m(ClientAppActor pid=2915473)[0m [93mWARNING [0m:   Deprecation Warning: The `client_fn` function must return an instance of `Client`, but an instance of `NumpyClient` was returned. Please use `NumPyClient.to_client()` method to convert it to `Client`.[32m [repeated 2x across cluster][0m
[36m(ClientAppActor pid=2915473)[0m 
[36m(ClientAppActor pid=2915473)[0m         
[36m(ClientAppActor pid=2915459)[0m 
[36m(ClientAppActor pid=2915459)[0m         
[36m(ClientAppActor pid=2915463)[0m 
[36m(ClientAppActor pid=2915463)[0m         
[36m(ClientAppActor pid=2915460)[0m 
[36m(ClientAppActor pid=2915460)[0m         
[36m(ClientAppActor pid=2915460)[0m [93mWARNING [0m:   DEPRECATED FEATURE: `client_fn` now expects a signature `def client_fn(context: Context)`.The provided `client_fn` has signature: {'cid': <Parameter "cid: str">}. You can import the `Context` like this: `from flwr.common import Context`[32m [repeated 4x across cluster][0m
[36m(ClientAppActor pid=2915460)[0m             This is a deprecated feature. It will be removed[32m [repeated 4x across cluster][0m
[36m(ClientAppActor pid=2915460)[0m             entirely in future versions of Flower.[32m [repeated 4x across cluster][0m
[36m(ClientAppActor pid=2915463)[0m [93mWARNING [0m:   Deprecation Warning: The `client_fn` function must return an instance of `Client`, but an instance of `NumpyClient` was returned. Please use `NumPyClient.to_client()` method to convert it to `Client`.[32m [repeated 4x across cluster][0m
[36m(ClientAppActor pid=2915463)[0m 
[36m(ClientAppActor pid=2915463)[0m         
[36m(ClientAppActor pid=2915459)[0m 
[36m(ClientAppActor pid=2915459)[0m         
[36m(ClientAppActor pid=2915459)[0m [93mWARNING [0m:   DEPRECATED FEATURE: `client_fn` now expects a signature `def client_fn(context: Context)`.The provided `client_fn` has signature: {'cid': <Parameter "cid: str">}. You can import the `Context` like this: `from flwr.common import Context`[32m [repeated 2x across cluster][0m
[36m(ClientAppActor pid=2915459)[0m             This is a deprecated feature. It will be removed[32m [repeated 2x across cluster][0m
[36m(ClientAppActor pid=2915459)[0m             entirely in future versions of Flower.[32m [repeated 2x across cluster][0m
[36m(ClientAppActor pid=2915463)[0m [93mWARNING [0m:   Deprecation Warning: The `client_fn` function must return an instance of `Client`, but an instance of `NumpyClient` was returned. Please use `NumPyClient.to_client()` method to convert it to `Client`.[32m [repeated 2x across cluster][0m
[36m(ClientAppActor pid=2915473)[0m 
[36m(ClientAppActor pid=2915473)[0m         
[36m(ClientAppActor pid=2915460)[0m 
[36m(ClientAppActor pid=2915460)[0m         
[36m(ClientAppActor pid=2915460)[0m [93mWARNING [0m:   DEPRECATED FEATURE: `client_fn` now expects a signature `def client_fn(context: Context)`.The provided `client_fn` has signature: {'cid': <Parameter "cid: str">}. You can import the `Context` like this: `from flwr.common import Context`[32m [repeated 2x across cluster][0m
[36m(ClientAppActor pid=2915460)[0m             This is a deprecated feature. It will be removed[32m [repeated 2x across cluster][0m
[36m(ClientAppActor pid=2915460)[0m             entirely in future versions of Flower.[32m [repeated 2x across cluster][0m
[36m(ClientAppActor pid=2915473)[0m [93mWARNING [0m:   Deprecation Warning: The `client_fn` function must return an instance of `Client`, but an instance of `NumpyClient` was returned. Please use `NumPyClient.to_client()` method to convert it to `Client`.[32m [repeated 2x across cluster][0m
[36m(ClientAppActor pid=2915463)[0m 
[36m(ClientAppActor pid=2915463)[0m         
[36m(ClientAppActor pid=2915463)[0m [93mWARNING [0m:   DEPRECATED FEATURE: `client_fn` now expects a signature `def client_fn(context: Context)`.The provided `client_fn` has signature: {'cid': <Parameter "cid: str">}. You can import the `Context` like this: `from flwr.common import Context`
[36m(ClientAppActor pid=2915463)[0m             This is a deprecated feature. It will be removed
[36m(ClientAppActor pid=2915463)[0m             entirely in future versions of Flower.
[36m(ClientAppActor pid=2915460)[0m [93mWARNING [0m:   Deprecation Warning: The `client_fn` function must return an instance of `Client`, but an instance of `NumpyClient` was returned. Please use `NumPyClient.to_client()` method to convert it to `Client`.
[36m(ClientAppActor pid=2915463)[0m [93mWARNING [0m:   Deprecation Warning: The `client_fn` function must return an instance of `Client`, but an instance of `NumpyClient` was returned. Please use `NumPyClient.to_client()` method to convert it to `Client`.
[92mINFO [0m:      aggregate_fit: received 10 results and 0 failures
[92mINFO [0m:      fit progress: (33, 1.8262845277786255, {'accuracy': 0.4487999975681305}, 10051.889726415277)
[92mINFO [0m:      configure_evaluate: no clients selected, skipping evaluation
[92mINFO [0m:      
[92mINFO [0m:      [ROUND 34]
[92mINFO [0m:      configure_fit: strategy sampled 10 clients (out of 100)
[36m(ClientAppActor pid=2915463)[0m [93mWARNING [0m:   DEPRECATED FEATURE: `client_fn` now expects a signature `def client_fn(context: Context)`.The provided `client_fn` has signature: {'cid': <Parameter "cid: str">}. You can import the `Context` like this: `from flwr.common import Context`
[36m(ClientAppActor pid=2915463)[0m 
[36m(ClientAppActor pid=2915463)[0m             This is a deprecated feature. It will be removed
[36m(ClientAppActor pid=2915463)[0m             entirely in future versions of Flower.
[36m(ClientAppActor pid=2915463)[0m         
[36m(ClientAppActor pid=2915460)[0m 
[36m(ClientAppActor pid=2915460)[0m         
[36m(ClientAppActor pid=2915473)[0m 
[36m(ClientAppActor pid=2915473)[0m         
[36m(ClientAppActor pid=2915463)[0m [93mWARNING [0m:   Deprecation Warning: The `client_fn` function must return an instance of `Client`, but an instance of `NumpyClient` was returned. Please use `NumPyClient.to_client()` method to convert it to `Client`.
[36m(ClientAppActor pid=2915459)[0m 
[36m(ClientAppActor pid=2915459)[0m         
[36m(ClientAppActor pid=2915460)[0m 
[36m(ClientAppActor pid=2915460)[0m         
[36m(ClientAppActor pid=2915460)[0m [93mWARNING [0m:   DEPRECATED FEATURE: `client_fn` now expects a signature `def client_fn(context: Context)`.The provided `client_fn` has signature: {'cid': <Parameter "cid: str">}. You can import the `Context` like this: `from flwr.common import Context`[32m [repeated 4x across cluster][0m
[36m(ClientAppActor pid=2915460)[0m             This is a deprecated feature. It will be removed[32m [repeated 4x across cluster][0m
[36m(ClientAppActor pid=2915460)[0m             entirely in future versions of Flower.[32m [repeated 4x across cluster][0m
[36m(ClientAppActor pid=2915459)[0m [93mWARNING [0m:   Deprecation Warning: The `client_fn` function must return an instance of `Client`, but an instance of `NumpyClient` was returned. Please use `NumPyClient.to_client()` method to convert it to `Client`.[32m [repeated 3x across cluster][0m
[36m(ClientAppActor pid=2915463)[0m 
[36m(ClientAppActor pid=2915463)[0m         
[36m(ClientAppActor pid=2915473)[0m 
[36m(ClientAppActor pid=2915473)[0m         
[36m(ClientAppActor pid=2915459)[0m 
[36m(ClientAppActor pid=2915459)[0m         
[36m(ClientAppActor pid=2915459)[0m [93mWARNING [0m:   DEPRECATED FEATURE: `client_fn` now expects a signature `def client_fn(context: Context)`.The provided `client_fn` has signature: {'cid': <Parameter "cid: str">}. You can import the `Context` like this: `from flwr.common import Context`[32m [repeated 3x across cluster][0m
[36m(ClientAppActor pid=2915459)[0m             This is a deprecated feature. It will be removed[32m [repeated 3x across cluster][0m
[36m(ClientAppActor pid=2915459)[0m             entirely in future versions of Flower.[32m [repeated 3x across cluster][0m
[36m(ClientAppActor pid=2915459)[0m [93mWARNING [0m:   Deprecation Warning: The `client_fn` function must return an instance of `Client`, but an instance of `NumpyClient` was returned. Please use `NumPyClient.to_client()` method to convert it to `Client`.[32m [repeated 3x across cluster][0m
[36m(ClientAppActor pid=2915463)[0m 
[36m(ClientAppActor pid=2915463)[0m         
[36m(ClientAppActor pid=2915463)[0m [93mWARNING [0m:   DEPRECATED FEATURE: `client_fn` now expects a signature `def client_fn(context: Context)`.The provided `client_fn` has signature: {'cid': <Parameter "cid: str">}. You can import the `Context` like this: `from flwr.common import Context`
[36m(ClientAppActor pid=2915463)[0m             This is a deprecated feature. It will be removed
[36m(ClientAppActor pid=2915463)[0m             entirely in future versions of Flower.
[36m(ClientAppActor pid=2915460)[0m [93mWARNING [0m:   Deprecation Warning: The `client_fn` function must return an instance of `Client`, but an instance of `NumpyClient` was returned. Please use `NumPyClient.to_client()` method to convert it to `Client`.
[36m(ClientAppActor pid=2915463)[0m [93mWARNING [0m:   Deprecation Warning: The `client_fn` function must return an instance of `Client`, but an instance of `NumpyClient` was returned. Please use `NumPyClient.to_client()` method to convert it to `Client`.
[36m(ClientAppActor pid=2915473)[0m [93mWARNING [0m:   DEPRECATED FEATURE: `client_fn` now expects a signature `def client_fn(context: Context)`.The provided `client_fn` has signature: {'cid': <Parameter "cid: str">}. You can import the `Context` like this: `from flwr.common import Context`
[36m(ClientAppActor pid=2915473)[0m 
[36m(ClientAppActor pid=2915473)[0m             This is a deprecated feature. It will be removed
[36m(ClientAppActor pid=2915473)[0m             entirely in future versions of Flower.
[36m(ClientAppActor pid=2915473)[0m         
[36m(ClientAppActor pid=2915473)[0m [93mWARNING [0m:   Deprecation Warning: The `client_fn` function must return an instance of `Client`, but an instance of `NumpyClient` was returned. Please use `NumPyClient.to_client()` method to convert it to `Client`.
[92mINFO [0m:      aggregate_fit: received 10 results and 0 failures
[92mINFO [0m:      fit progress: (34, 1.799512505531311, {'accuracy': 0.4244000017642975}, 10365.867439676076)
[92mINFO [0m:      configure_evaluate: no clients selected, skipping evaluation
[92mINFO [0m:      
[92mINFO [0m:      [ROUND 35]
[92mINFO [0m:      configure_fit: strategy sampled 10 clients (out of 100)
[36m(ClientAppActor pid=2915473)[0m [93mWARNING [0m:   DEPRECATED FEATURE: `client_fn` now expects a signature `def client_fn(context: Context)`.The provided `client_fn` has signature: {'cid': <Parameter "cid: str">}. You can import the `Context` like this: `from flwr.common import Context`
[36m(ClientAppActor pid=2915473)[0m 
[36m(ClientAppActor pid=2915473)[0m             This is a deprecated feature. It will be removed
[36m(ClientAppActor pid=2915473)[0m             entirely in future versions of Flower.
[36m(ClientAppActor pid=2915473)[0m         
[36m(ClientAppActor pid=2915463)[0m [93mWARNING [0m:   DEPRECATED FEATURE: `client_fn` now expects a signature `def client_fn(context: Context)`.The provided `client_fn` has signature: {'cid': <Parameter "cid: str">}. You can import the `Context` like this: `from flwr.common import Context`
[36m(ClientAppActor pid=2915463)[0m 
[36m(ClientAppActor pid=2915463)[0m             This is a deprecated feature. It will be removed
[36m(ClientAppActor pid=2915463)[0m             entirely in future versions of Flower.
[36m(ClientAppActor pid=2915463)[0m         
[36m(ClientAppActor pid=2915460)[0m 
[36m(ClientAppActor pid=2915460)[0m         
[36m(ClientAppActor pid=2915473)[0m [93mWARNING [0m:   Deprecation Warning: The `client_fn` function must return an instance of `Client`, but an instance of `NumpyClient` was returned. Please use `NumPyClient.to_client()` method to convert it to `Client`.
[36m(ClientAppActor pid=2915459)[0m 
[36m(ClientAppActor pid=2915459)[0m         
[36m(ClientAppActor pid=2915473)[0m 
[36m(ClientAppActor pid=2915473)[0m         
[36m(ClientAppActor pid=2915473)[0m [93mWARNING [0m:   DEPRECATED FEATURE: `client_fn` now expects a signature `def client_fn(context: Context)`.The provided `client_fn` has signature: {'cid': <Parameter "cid: str">}. You can import the `Context` like this: `from flwr.common import Context`[32m [repeated 3x across cluster][0m
[36m(ClientAppActor pid=2915473)[0m             This is a deprecated feature. It will be removed[32m [repeated 3x across cluster][0m
[36m(ClientAppActor pid=2915473)[0m             entirely in future versions of Flower.[32m [repeated 3x across cluster][0m
[36m(ClientAppActor pid=2915459)[0m [93mWARNING [0m:   Deprecation Warning: The `client_fn` function must return an instance of `Client`, but an instance of `NumpyClient` was returned. Please use `NumPyClient.to_client()` method to convert it to `Client`.[32m [repeated 3x across cluster][0m
[36m(ClientAppActor pid=2915460)[0m 
[36m(ClientAppActor pid=2915460)[0m         
[36m(ClientAppActor pid=2915463)[0m 
[36m(ClientAppActor pid=2915463)[0m         
[36m(ClientAppActor pid=2915459)[0m 
[36m(ClientAppActor pid=2915459)[0m         
[36m(ClientAppActor pid=2915473)[0m 
[36m(ClientAppActor pid=2915473)[0m         
[36m(ClientAppActor pid=2915473)[0m [93mWARNING [0m:   DEPRECATED FEATURE: `client_fn` now expects a signature `def client_fn(context: Context)`.The provided `client_fn` has signature: {'cid': <Parameter "cid: str">}. You can import the `Context` like this: `from flwr.common import Context`[32m [repeated 4x across cluster][0m
[36m(ClientAppActor pid=2915473)[0m             This is a deprecated feature. It will be removed[32m [repeated 4x across cluster][0m
[36m(ClientAppActor pid=2915473)[0m             entirely in future versions of Flower.[32m [repeated 4x across cluster][0m
[36m(ClientAppActor pid=2915459)[0m [93mWARNING [0m:   Deprecation Warning: The `client_fn` function must return an instance of `Client`, but an instance of `NumpyClient` was returned. Please use `NumPyClient.to_client()` method to convert it to `Client`.[32m [repeated 4x across cluster][0m
[36m(ClientAppActor pid=2915463)[0m 
[36m(ClientAppActor pid=2915463)[0m         
[92mINFO [0m:      aggregate_fit: received 10 results and 0 failures
[92mINFO [0m:      fit progress: (35, 2.3458662033081055, {'accuracy': 0.24300000071525574}, 10677.899175407365)
[92mINFO [0m:      configure_evaluate: no clients selected, skipping evaluation
[92mINFO [0m:      
[92mINFO [0m:      [ROUND 36]
[92mINFO [0m:      configure_fit: strategy sampled 10 clients (out of 100)
[36m(ClientAppActor pid=2915473)[0m 
[36m(ClientAppActor pid=2915473)[0m         
[36m(ClientAppActor pid=2915473)[0m [93mWARNING [0m:   DEPRECATED FEATURE: `client_fn` now expects a signature `def client_fn(context: Context)`.The provided `client_fn` has signature: {'cid': <Parameter "cid: str">}. You can import the `Context` like this: `from flwr.common import Context`[32m [repeated 2x across cluster][0m
[36m(ClientAppActor pid=2915473)[0m             This is a deprecated feature. It will be removed[32m [repeated 2x across cluster][0m
[36m(ClientAppActor pid=2915473)[0m             entirely in future versions of Flower.[32m [repeated 2x across cluster][0m
[36m(ClientAppActor pid=2915473)[0m [93mWARNING [0m:   Deprecation Warning: The `client_fn` function must return an instance of `Client`, but an instance of `NumpyClient` was returned. Please use `NumPyClient.to_client()` method to convert it to `Client`.[32m [repeated 2x across cluster][0m
[36m(ClientAppActor pid=2915463)[0m 
[36m(ClientAppActor pid=2915463)[0m         
[36m(ClientAppActor pid=2915460)[0m 
[36m(ClientAppActor pid=2915460)[0m         
[36m(ClientAppActor pid=2915459)[0m 
[36m(ClientAppActor pid=2915459)[0m         
[36m(ClientAppActor pid=2915463)[0m 
[36m(ClientAppActor pid=2915463)[0m         
[36m(ClientAppActor pid=2915463)[0m [93mWARNING [0m:   DEPRECATED FEATURE: `client_fn` now expects a signature `def client_fn(context: Context)`.The provided `client_fn` has signature: {'cid': <Parameter "cid: str">}. You can import the `Context` like this: `from flwr.common import Context`[32m [repeated 4x across cluster][0m
[36m(ClientAppActor pid=2915463)[0m             This is a deprecated feature. It will be removed[32m [repeated 4x across cluster][0m
[36m(ClientAppActor pid=2915463)[0m             entirely in future versions of Flower.[32m [repeated 4x across cluster][0m
[36m(ClientAppActor pid=2915459)[0m [93mWARNING [0m:   Deprecation Warning: The `client_fn` function must return an instance of `Client`, but an instance of `NumpyClient` was returned. Please use `NumPyClient.to_client()` method to convert it to `Client`.[32m [repeated 4x across cluster][0m
[36m(ClientAppActor pid=2915473)[0m 
[36m(ClientAppActor pid=2915473)[0m         
[36m(ClientAppActor pid=2915460)[0m 
[36m(ClientAppActor pid=2915460)[0m         
[36m(ClientAppActor pid=2915459)[0m 
[36m(ClientAppActor pid=2915459)[0m         
[36m(ClientAppActor pid=2915463)[0m 
[36m(ClientAppActor pid=2915463)[0m         
[36m(ClientAppActor pid=2915463)[0m [93mWARNING [0m:   DEPRECATED FEATURE: `client_fn` now expects a signature `def client_fn(context: Context)`.The provided `client_fn` has signature: {'cid': <Parameter "cid: str">}. You can import the `Context` like this: `from flwr.common import Context`[32m [repeated 4x across cluster][0m
[36m(ClientAppActor pid=2915463)[0m             This is a deprecated feature. It will be removed[32m [repeated 4x across cluster][0m
[36m(ClientAppActor pid=2915463)[0m             entirely in future versions of Flower.[32m [repeated 4x across cluster][0m
[36m(ClientAppActor pid=2915459)[0m [93mWARNING [0m:   Deprecation Warning: The `client_fn` function must return an instance of `Client`, but an instance of `NumpyClient` was returned. Please use `NumPyClient.to_client()` method to convert it to `Client`.[32m [repeated 4x across cluster][0m
[36m(ClientAppActor pid=2915460)[0m 
[36m(ClientAppActor pid=2915460)[0m         
[92mINFO [0m:      aggregate_fit: received 10 results and 0 failures
[92mINFO [0m:      fit progress: (36, 1.7778884172439575, {'accuracy': 0.4318999946117401}, 10993.592936338857)
[92mINFO [0m:      configure_evaluate: no clients selected, skipping evaluation
[92mINFO [0m:      
[92mINFO [0m:      [ROUND 37]
[92mINFO [0m:      configure_fit: strategy sampled 10 clients (out of 100)
[36m(ClientAppActor pid=2915463)[0m 
[36m(ClientAppActor pid=2915463)[0m         
[36m(ClientAppActor pid=2915463)[0m [93mWARNING [0m:   DEPRECATED FEATURE: `client_fn` now expects a signature `def client_fn(context: Context)`.The provided `client_fn` has signature: {'cid': <Parameter "cid: str">}. You can import the `Context` like this: `from flwr.common import Context`[32m [repeated 2x across cluster][0m
[36m(ClientAppActor pid=2915463)[0m             This is a deprecated feature. It will be removed[32m [repeated 2x across cluster][0m
[36m(ClientAppActor pid=2915463)[0m             entirely in future versions of Flower.[32m [repeated 2x across cluster][0m
[36m(ClientAppActor pid=2915463)[0m [93mWARNING [0m:   Deprecation Warning: The `client_fn` function must return an instance of `Client`, but an instance of `NumpyClient` was returned. Please use `NumPyClient.to_client()` method to convert it to `Client`.[32m [repeated 2x across cluster][0m
[36m(ClientAppActor pid=2915460)[0m 
[36m(ClientAppActor pid=2915460)[0m         
[36m(ClientAppActor pid=2915473)[0m 
[36m(ClientAppActor pid=2915473)[0m         
[36m(ClientAppActor pid=2915459)[0m 
[36m(ClientAppActor pid=2915459)[0m         
[36m(ClientAppActor pid=2915460)[0m 
[36m(ClientAppActor pid=2915460)[0m         
[36m(ClientAppActor pid=2915460)[0m [93mWARNING [0m:   DEPRECATED FEATURE: `client_fn` now expects a signature `def client_fn(context: Context)`.The provided `client_fn` has signature: {'cid': <Parameter "cid: str">}. You can import the `Context` like this: `from flwr.common import Context`[32m [repeated 4x across cluster][0m
[36m(ClientAppActor pid=2915460)[0m             This is a deprecated feature. It will be removed[32m [repeated 4x across cluster][0m
[36m(ClientAppActor pid=2915460)[0m             entirely in future versions of Flower.[32m [repeated 4x across cluster][0m
[36m(ClientAppActor pid=2915473)[0m [93mWARNING [0m:   Deprecation Warning: The `client_fn` function must return an instance of `Client`, but an instance of `NumpyClient` was returned. Please use `NumPyClient.to_client()` method to convert it to `Client`.[32m [repeated 4x across cluster][0m
[36m(ClientAppActor pid=2915463)[0m 
[36m(ClientAppActor pid=2915463)[0m         
[36m(ClientAppActor pid=2915473)[0m 
[36m(ClientAppActor pid=2915473)[0m         
[36m(ClientAppActor pid=2915459)[0m 
[36m(ClientAppActor pid=2915459)[0m         
[36m(ClientAppActor pid=2915463)[0m 
[36m(ClientAppActor pid=2915463)[0m         
[36m(ClientAppActor pid=2915463)[0m [93mWARNING [0m:   DEPRECATED FEATURE: `client_fn` now expects a signature `def client_fn(context: Context)`.The provided `client_fn` has signature: {'cid': <Parameter "cid: str">}. You can import the `Context` like this: `from flwr.common import Context`[32m [repeated 4x across cluster][0m
[36m(ClientAppActor pid=2915463)[0m             This is a deprecated feature. It will be removed[32m [repeated 4x across cluster][0m
[36m(ClientAppActor pid=2915463)[0m             entirely in future versions of Flower.[32m [repeated 4x across cluster][0m
[36m(ClientAppActor pid=2915459)[0m [93mWARNING [0m:   Deprecation Warning: The `client_fn` function must return an instance of `Client`, but an instance of `NumpyClient` was returned. Please use `NumPyClient.to_client()` method to convert it to `Client`.[32m [repeated 4x across cluster][0m
[36m(ClientAppActor pid=2915460)[0m 
[36m(ClientAppActor pid=2915460)[0m         
[92mINFO [0m:      aggregate_fit: received 10 results and 0 failures
[92mINFO [0m:      fit progress: (37, 1.902986764907837, {'accuracy': 0.36579999327659607}, 11305.153932403773)
[92mINFO [0m:      configure_evaluate: no clients selected, skipping evaluation
[92mINFO [0m:      
[92mINFO [0m:      [ROUND 38]
[92mINFO [0m:      configure_fit: strategy sampled 10 clients (out of 100)
[36m(ClientAppActor pid=2915460)[0m 
[36m(ClientAppActor pid=2915460)[0m         
[36m(ClientAppActor pid=2915460)[0m [93mWARNING [0m:   DEPRECATED FEATURE: `client_fn` now expects a signature `def client_fn(context: Context)`.The provided `client_fn` has signature: {'cid': <Parameter "cid: str">}. You can import the `Context` like this: `from flwr.common import Context`[32m [repeated 2x across cluster][0m
[36m(ClientAppActor pid=2915460)[0m             This is a deprecated feature. It will be removed[32m [repeated 2x across cluster][0m
[36m(ClientAppActor pid=2915460)[0m             entirely in future versions of Flower.[32m [repeated 2x across cluster][0m
[36m(ClientAppActor pid=2915460)[0m [93mWARNING [0m:   Deprecation Warning: The `client_fn` function must return an instance of `Client`, but an instance of `NumpyClient` was returned. Please use `NumPyClient.to_client()` method to convert it to `Client`.[32m [repeated 2x across cluster][0m
[36m(ClientAppActor pid=2915463)[0m 
[36m(ClientAppActor pid=2915463)[0m         
[36m(ClientAppActor pid=2915459)[0m 
[36m(ClientAppActor pid=2915459)[0m         
[36m(ClientAppActor pid=2915473)[0m 
[36m(ClientAppActor pid=2915473)[0m         
[36m(ClientAppActor pid=2915463)[0m 
[36m(ClientAppActor pid=2915463)[0m         
[36m(ClientAppActor pid=2915463)[0m [93mWARNING [0m:   DEPRECATED FEATURE: `client_fn` now expects a signature `def client_fn(context: Context)`.The provided `client_fn` has signature: {'cid': <Parameter "cid: str">}. You can import the `Context` like this: `from flwr.common import Context`[32m [repeated 4x across cluster][0m
[36m(ClientAppActor pid=2915463)[0m             This is a deprecated feature. It will be removed[32m [repeated 4x across cluster][0m
[36m(ClientAppActor pid=2915463)[0m             entirely in future versions of Flower.[32m [repeated 4x across cluster][0m
[36m(ClientAppActor pid=2915473)[0m [93mWARNING [0m:   Deprecation Warning: The `client_fn` function must return an instance of `Client`, but an instance of `NumpyClient` was returned. Please use `NumPyClient.to_client()` method to convert it to `Client`.[32m [repeated 4x across cluster][0m
[36m(ClientAppActor pid=2915460)[0m 
[36m(ClientAppActor pid=2915460)[0m         
[36m(ClientAppActor pid=2915459)[0m 
[36m(ClientAppActor pid=2915459)[0m         
[36m(ClientAppActor pid=2915473)[0m 
[36m(ClientAppActor pid=2915473)[0m         
[36m(ClientAppActor pid=2915463)[0m 
[36m(ClientAppActor pid=2915463)[0m         
[36m(ClientAppActor pid=2915463)[0m [93mWARNING [0m:   DEPRECATED FEATURE: `client_fn` now expects a signature `def client_fn(context: Context)`.The provided `client_fn` has signature: {'cid': <Parameter "cid: str">}. You can import the `Context` like this: `from flwr.common import Context`[32m [repeated 4x across cluster][0m
[36m(ClientAppActor pid=2915463)[0m             This is a deprecated feature. It will be removed[32m [repeated 4x across cluster][0m
[36m(ClientAppActor pid=2915463)[0m             entirely in future versions of Flower.[32m [repeated 4x across cluster][0m
[36m(ClientAppActor pid=2915473)[0m [93mWARNING [0m:   Deprecation Warning: The `client_fn` function must return an instance of `Client`, but an instance of `NumpyClient` was returned. Please use `NumPyClient.to_client()` method to convert it to `Client`.[32m [repeated 4x across cluster][0m
[36m(ClientAppActor pid=2915459)[0m 
[36m(ClientAppActor pid=2915459)[0m         
[92mINFO [0m:      aggregate_fit: received 10 results and 0 failures
[92mINFO [0m:      fit progress: (38, 2.1161160469055176, {'accuracy': 0.3529999852180481}, 11619.172032739967)
[92mINFO [0m:      configure_evaluate: no clients selected, skipping evaluation
[92mINFO [0m:      
[92mINFO [0m:      [ROUND 39]
[92mINFO [0m:      configure_fit: strategy sampled 10 clients (out of 100)
[36m(ClientAppActor pid=2915459)[0m 
[36m(ClientAppActor pid=2915459)[0m         
[36m(ClientAppActor pid=2915459)[0m [93mWARNING [0m:   DEPRECATED FEATURE: `client_fn` now expects a signature `def client_fn(context: Context)`.The provided `client_fn` has signature: {'cid': <Parameter "cid: str">}. You can import the `Context` like this: `from flwr.common import Context`[32m [repeated 2x across cluster][0m
[36m(ClientAppActor pid=2915459)[0m             This is a deprecated feature. It will be removed[32m [repeated 2x across cluster][0m
[36m(ClientAppActor pid=2915459)[0m             entirely in future versions of Flower.[32m [repeated 2x across cluster][0m
[36m(ClientAppActor pid=2915459)[0m [93mWARNING [0m:   Deprecation Warning: The `client_fn` function must return an instance of `Client`, but an instance of `NumpyClient` was returned. Please use `NumPyClient.to_client()` method to convert it to `Client`.[32m [repeated 2x across cluster][0m
[36m(ClientAppActor pid=2915463)[0m 
[36m(ClientAppActor pid=2915463)[0m         
[36m(ClientAppActor pid=2915473)[0m 
[36m(ClientAppActor pid=2915473)[0m         
[36m(ClientAppActor pid=2915460)[0m 
[36m(ClientAppActor pid=2915460)[0m         
[36m(ClientAppActor pid=2915459)[0m 
[36m(ClientAppActor pid=2915459)[0m         
[36m(ClientAppActor pid=2915459)[0m [93mWARNING [0m:   DEPRECATED FEATURE: `client_fn` now expects a signature `def client_fn(context: Context)`.The provided `client_fn` has signature: {'cid': <Parameter "cid: str">}. You can import the `Context` like this: `from flwr.common import Context`[32m [repeated 4x across cluster][0m
[36m(ClientAppActor pid=2915459)[0m             This is a deprecated feature. It will be removed[32m [repeated 4x across cluster][0m
[36m(ClientAppActor pid=2915459)[0m             entirely in future versions of Flower.[32m [repeated 4x across cluster][0m
[36m(ClientAppActor pid=2915473)[0m [93mWARNING [0m:   Deprecation Warning: The `client_fn` function must return an instance of `Client`, but an instance of `NumpyClient` was returned. Please use `NumPyClient.to_client()` method to convert it to `Client`.[32m [repeated 4x across cluster][0m
[36m(ClientAppActor pid=2915460)[0m 
[36m(ClientAppActor pid=2915460)[0m         
[36m(ClientAppActor pid=2915463)[0m 
[36m(ClientAppActor pid=2915463)[0m         
[36m(ClientAppActor pid=2915473)[0m 
[36m(ClientAppActor pid=2915473)[0m         
[36m(ClientAppActor pid=2915459)[0m 
[36m(ClientAppActor pid=2915459)[0m         
[36m(ClientAppActor pid=2915459)[0m [93mWARNING [0m:   DEPRECATED FEATURE: `client_fn` now expects a signature `def client_fn(context: Context)`.The provided `client_fn` has signature: {'cid': <Parameter "cid: str">}. You can import the `Context` like this: `from flwr.common import Context`[32m [repeated 4x across cluster][0m
[36m(ClientAppActor pid=2915459)[0m             This is a deprecated feature. It will be removed[32m [repeated 4x across cluster][0m
[36m(ClientAppActor pid=2915459)[0m             entirely in future versions of Flower.[32m [repeated 4x across cluster][0m
[36m(ClientAppActor pid=2915473)[0m [93mWARNING [0m:   Deprecation Warning: The `client_fn` function must return an instance of `Client`, but an instance of `NumpyClient` was returned. Please use `NumPyClient.to_client()` method to convert it to `Client`.[32m [repeated 4x across cluster][0m
[36m(ClientAppActor pid=2915460)[0m 
[36m(ClientAppActor pid=2915460)[0m         
[36m(ClientAppActor pid=2915460)[0m [93mWARNING [0m:   DEPRECATED FEATURE: `client_fn` now expects a signature `def client_fn(context: Context)`.The provided `client_fn` has signature: {'cid': <Parameter "cid: str">}. You can import the `Context` like this: `from flwr.common import Context`
[36m(ClientAppActor pid=2915460)[0m             This is a deprecated feature. It will be removed
[36m(ClientAppActor pid=2915460)[0m             entirely in future versions of Flower.
[36m(ClientAppActor pid=2915459)[0m [93mWARNING [0m:   Deprecation Warning: The `client_fn` function must return an instance of `Client`, but an instance of `NumpyClient` was returned. Please use `NumPyClient.to_client()` method to convert it to `Client`.
[36m(ClientAppActor pid=2915460)[0m [93mWARNING [0m:   Deprecation Warning: The `client_fn` function must return an instance of `Client`, but an instance of `NumpyClient` was returned. Please use `NumPyClient.to_client()` method to convert it to `Client`.
[92mINFO [0m:      aggregate_fit: received 10 results and 0 failures
[92mINFO [0m:      fit progress: (39, 1.9382470846176147, {'accuracy': 0.3702000081539154}, 11930.618822349235)
[92mINFO [0m:      configure_evaluate: no clients selected, skipping evaluation
[92mINFO [0m:      
[92mINFO [0m:      [ROUND 40]
[92mINFO [0m:      configure_fit: strategy sampled 10 clients (out of 100)
[36m(ClientAppActor pid=2915460)[0m [93mWARNING [0m:   DEPRECATED FEATURE: `client_fn` now expects a signature `def client_fn(context: Context)`.The provided `client_fn` has signature: {'cid': <Parameter "cid: str">}. You can import the `Context` like this: `from flwr.common import Context`
[36m(ClientAppActor pid=2915460)[0m 
[36m(ClientAppActor pid=2915460)[0m             This is a deprecated feature. It will be removed
[36m(ClientAppActor pid=2915460)[0m             entirely in future versions of Flower.
[36m(ClientAppActor pid=2915460)[0m         
[36m(ClientAppActor pid=2915459)[0m 
[36m(ClientAppActor pid=2915459)[0m         
[36m(ClientAppActor pid=2915463)[0m 
[36m(ClientAppActor pid=2915463)[0m         
[36m(ClientAppActor pid=2915460)[0m [93mWARNING [0m:   Deprecation Warning: The `client_fn` function must return an instance of `Client`, but an instance of `NumpyClient` was returned. Please use `NumPyClient.to_client()` method to convert it to `Client`.
[36m(ClientAppActor pid=2915473)[0m 
[36m(ClientAppActor pid=2915473)[0m         
[36m(ClientAppActor pid=2915460)[0m 
[36m(ClientAppActor pid=2915460)[0m         
[36m(ClientAppActor pid=2915460)[0m [93mWARNING [0m:   DEPRECATED FEATURE: `client_fn` now expects a signature `def client_fn(context: Context)`.The provided `client_fn` has signature: {'cid': <Parameter "cid: str">}. You can import the `Context` like this: `from flwr.common import Context`[32m [repeated 4x across cluster][0m
[36m(ClientAppActor pid=2915460)[0m             This is a deprecated feature. It will be removed[32m [repeated 4x across cluster][0m
[36m(ClientAppActor pid=2915460)[0m             entirely in future versions of Flower.[32m [repeated 4x across cluster][0m
[36m(ClientAppActor pid=2915473)[0m [93mWARNING [0m:   Deprecation Warning: The `client_fn` function must return an instance of `Client`, but an instance of `NumpyClient` was returned. Please use `NumPyClient.to_client()` method to convert it to `Client`.[32m [repeated 3x across cluster][0m
[36m(ClientAppActor pid=2915463)[0m 
[36m(ClientAppActor pid=2915463)[0m         
[36m(ClientAppActor pid=2915459)[0m 
[36m(ClientAppActor pid=2915459)[0m         
[36m(ClientAppActor pid=2915473)[0m 
[36m(ClientAppActor pid=2915473)[0m         
[36m(ClientAppActor pid=2915460)[0m 
[36m(ClientAppActor pid=2915460)[0m         
[36m(ClientAppActor pid=2915460)[0m [93mWARNING [0m:   DEPRECATED FEATURE: `client_fn` now expects a signature `def client_fn(context: Context)`.The provided `client_fn` has signature: {'cid': <Parameter "cid: str">}. You can import the `Context` like this: `from flwr.common import Context`[32m [repeated 4x across cluster][0m
[36m(ClientAppActor pid=2915460)[0m             This is a deprecated feature. It will be removed[32m [repeated 4x across cluster][0m
[36m(ClientAppActor pid=2915460)[0m             entirely in future versions of Flower.[32m [repeated 4x across cluster][0m
[36m(ClientAppActor pid=2915473)[0m [93mWARNING [0m:   Deprecation Warning: The `client_fn` function must return an instance of `Client`, but an instance of `NumpyClient` was returned. Please use `NumPyClient.to_client()` method to convert it to `Client`.[32m [repeated 4x across cluster][0m
[36m(ClientAppActor pid=2915463)[0m 
[36m(ClientAppActor pid=2915463)[0m         
[92mINFO [0m:      aggregate_fit: received 10 results and 0 failures
[92mINFO [0m:      fit progress: (40, 1.8411654233932495, {'accuracy': 0.4156999886035919}, 12242.363866642118)
[92mINFO [0m:      configure_evaluate: no clients selected, skipping evaluation
[92mINFO [0m:      
[92mINFO [0m:      [ROUND 41]
[92mINFO [0m:      configure_fit: strategy sampled 10 clients (out of 100)
[36m(ClientAppActor pid=2915463)[0m 
[36m(ClientAppActor pid=2915463)[0m         
[36m(ClientAppActor pid=2915463)[0m [93mWARNING [0m:   DEPRECATED FEATURE: `client_fn` now expects a signature `def client_fn(context: Context)`.The provided `client_fn` has signature: {'cid': <Parameter "cid: str">}. You can import the `Context` like this: `from flwr.common import Context`[32m [repeated 2x across cluster][0m
[36m(ClientAppActor pid=2915463)[0m             This is a deprecated feature. It will be removed[32m [repeated 2x across cluster][0m
[36m(ClientAppActor pid=2915463)[0m             entirely in future versions of Flower.[32m [repeated 2x across cluster][0m
[36m(ClientAppActor pid=2915463)[0m [93mWARNING [0m:   Deprecation Warning: The `client_fn` function must return an instance of `Client`, but an instance of `NumpyClient` was returned. Please use `NumPyClient.to_client()` method to convert it to `Client`.[32m [repeated 2x across cluster][0m
[36m(ClientAppActor pid=2915460)[0m 
[36m(ClientAppActor pid=2915460)[0m         
[36m(ClientAppActor pid=2915459)[0m 
[36m(ClientAppActor pid=2915459)[0m         
[36m(ClientAppActor pid=2915473)[0m 
[36m(ClientAppActor pid=2915473)[0m         
[36m(ClientAppActor pid=2915460)[0m 
[36m(ClientAppActor pid=2915460)[0m         
[36m(ClientAppActor pid=2915460)[0m [93mWARNING [0m:   DEPRECATED FEATURE: `client_fn` now expects a signature `def client_fn(context: Context)`.The provided `client_fn` has signature: {'cid': <Parameter "cid: str">}. You can import the `Context` like this: `from flwr.common import Context`[32m [repeated 4x across cluster][0m
[36m(ClientAppActor pid=2915460)[0m             This is a deprecated feature. It will be removed[32m [repeated 4x across cluster][0m
[36m(ClientAppActor pid=2915460)[0m             entirely in future versions of Flower.[32m [repeated 4x across cluster][0m
[36m(ClientAppActor pid=2915473)[0m [93mWARNING [0m:   Deprecation Warning: The `client_fn` function must return an instance of `Client`, but an instance of `NumpyClient` was returned. Please use `NumPyClient.to_client()` method to convert it to `Client`.[32m [repeated 4x across cluster][0m
[36m(ClientAppActor pid=2915459)[0m 
[36m(ClientAppActor pid=2915459)[0m         
[36m(ClientAppActor pid=2915473)[0m 
[36m(ClientAppActor pid=2915473)[0m         
[36m(ClientAppActor pid=2915463)[0m 
[36m(ClientAppActor pid=2915463)[0m         
[36m(ClientAppActor pid=2915460)[0m 
[36m(ClientAppActor pid=2915460)[0m         
[36m(ClientAppActor pid=2915460)[0m [93mWARNING [0m:   DEPRECATED FEATURE: `client_fn` now expects a signature `def client_fn(context: Context)`.The provided `client_fn` has signature: {'cid': <Parameter "cid: str">}. You can import the `Context` like this: `from flwr.common import Context`[32m [repeated 4x across cluster][0m
[36m(ClientAppActor pid=2915460)[0m             This is a deprecated feature. It will be removed[32m [repeated 4x across cluster][0m
[36m(ClientAppActor pid=2915460)[0m             entirely in future versions of Flower.[32m [repeated 4x across cluster][0m
[36m(ClientAppActor pid=2915463)[0m [93mWARNING [0m:   Deprecation Warning: The `client_fn` function must return an instance of `Client`, but an instance of `NumpyClient` was returned. Please use `NumPyClient.to_client()` method to convert it to `Client`.[32m [repeated 4x across cluster][0m
[36m(ClientAppActor pid=2915459)[0m 
[36m(ClientAppActor pid=2915459)[0m         
[92mINFO [0m:      aggregate_fit: received 10 results and 0 failures
[92mINFO [0m:      fit progress: (41, 1.7489184141159058, {'accuracy': 0.4571000039577484}, 12552.567185847089)
[92mINFO [0m:      configure_evaluate: no clients selected, skipping evaluation
[92mINFO [0m:      
[92mINFO [0m:      [ROUND 42]
[92mINFO [0m:      configure_fit: strategy sampled 10 clients (out of 100)
[36m(ClientAppActor pid=2915459)[0m 
[36m(ClientAppActor pid=2915459)[0m         
[36m(ClientAppActor pid=2915459)[0m [93mWARNING [0m:   DEPRECATED FEATURE: `client_fn` now expects a signature `def client_fn(context: Context)`.The provided `client_fn` has signature: {'cid': <Parameter "cid: str">}. You can import the `Context` like this: `from flwr.common import Context`[32m [repeated 2x across cluster][0m
[36m(ClientAppActor pid=2915459)[0m             This is a deprecated feature. It will be removed[32m [repeated 2x across cluster][0m
[36m(ClientAppActor pid=2915459)[0m             entirely in future versions of Flower.[32m [repeated 2x across cluster][0m
[36m(ClientAppActor pid=2915459)[0m [93mWARNING [0m:   Deprecation Warning: The `client_fn` function must return an instance of `Client`, but an instance of `NumpyClient` was returned. Please use `NumPyClient.to_client()` method to convert it to `Client`.[32m [repeated 2x across cluster][0m
[36m(ClientAppActor pid=2915460)[0m 
[36m(ClientAppActor pid=2915460)[0m         
[36m(ClientAppActor pid=2915473)[0m 
[36m(ClientAppActor pid=2915473)[0m         
[36m(ClientAppActor pid=2915463)[0m 
[36m(ClientAppActor pid=2915463)[0m         
[36m(ClientAppActor pid=2915460)[0m 
[36m(ClientAppActor pid=2915460)[0m         
[36m(ClientAppActor pid=2915460)[0m [93mWARNING [0m:   DEPRECATED FEATURE: `client_fn` now expects a signature `def client_fn(context: Context)`.The provided `client_fn` has signature: {'cid': <Parameter "cid: str">}. You can import the `Context` like this: `from flwr.common import Context`[32m [repeated 4x across cluster][0m
[36m(ClientAppActor pid=2915460)[0m             This is a deprecated feature. It will be removed[32m [repeated 4x across cluster][0m
[36m(ClientAppActor pid=2915460)[0m             entirely in future versions of Flower.[32m [repeated 4x across cluster][0m
[36m(ClientAppActor pid=2915463)[0m [93mWARNING [0m:   Deprecation Warning: The `client_fn` function must return an instance of `Client`, but an instance of `NumpyClient` was returned. Please use `NumPyClient.to_client()` method to convert it to `Client`.[32m [repeated 4x across cluster][0m
[36m(ClientAppActor pid=2915459)[0m 
[36m(ClientAppActor pid=2915459)[0m         
[36m(ClientAppActor pid=2915463)[0m 
[36m(ClientAppActor pid=2915463)[0m         
[36m(ClientAppActor pid=2915473)[0m 
[36m(ClientAppActor pid=2915473)[0m         
[36m(ClientAppActor pid=2915473)[0m [93mWARNING [0m:   DEPRECATED FEATURE: `client_fn` now expects a signature `def client_fn(context: Context)`.The provided `client_fn` has signature: {'cid': <Parameter "cid: str">}. You can import the `Context` like this: `from flwr.common import Context`[32m [repeated 3x across cluster][0m
[36m(ClientAppActor pid=2915473)[0m             This is a deprecated feature. It will be removed[32m [repeated 3x across cluster][0m
[36m(ClientAppActor pid=2915473)[0m             entirely in future versions of Flower.[32m [repeated 3x across cluster][0m
[36m(ClientAppActor pid=2915459)[0m [93mWARNING [0m:   Deprecation Warning: The `client_fn` function must return an instance of `Client`, but an instance of `NumpyClient` was returned. Please use `NumPyClient.to_client()` method to convert it to `Client`.[32m [repeated 2x across cluster][0m
[36m(ClientAppActor pid=2915460)[0m 
[36m(ClientAppActor pid=2915460)[0m         
[36m(ClientAppActor pid=2915460)[0m [93mWARNING [0m:   DEPRECATED FEATURE: `client_fn` now expects a signature `def client_fn(context: Context)`.The provided `client_fn` has signature: {'cid': <Parameter "cid: str">}. You can import the `Context` like this: `from flwr.common import Context`
[36m(ClientAppActor pid=2915460)[0m             This is a deprecated feature. It will be removed
[36m(ClientAppActor pid=2915460)[0m             entirely in future versions of Flower.
[36m(ClientAppActor pid=2915473)[0m [93mWARNING [0m:   Deprecation Warning: The `client_fn` function must return an instance of `Client`, but an instance of `NumpyClient` was returned. Please use `NumPyClient.to_client()` method to convert it to `Client`.[32m [repeated 2x across cluster][0m
[36m(ClientAppActor pid=2915459)[0m [93mWARNING [0m:   DEPRECATED FEATURE: `client_fn` now expects a signature `def client_fn(context: Context)`.The provided `client_fn` has signature: {'cid': <Parameter "cid: str">}. You can import the `Context` like this: `from flwr.common import Context`
[36m(ClientAppActor pid=2915459)[0m 
[36m(ClientAppActor pid=2915459)[0m             This is a deprecated feature. It will be removed
[36m(ClientAppActor pid=2915459)[0m             entirely in future versions of Flower.
[36m(ClientAppActor pid=2915459)[0m         
[36m(ClientAppActor pid=2915460)[0m [93mWARNING [0m:   Deprecation Warning: The `client_fn` function must return an instance of `Client`, but an instance of `NumpyClient` was returned. Please use `NumPyClient.to_client()` method to convert it to `Client`.
[36m(ClientAppActor pid=2915459)[0m [93mWARNING [0m:   Deprecation Warning: The `client_fn` function must return an instance of `Client`, but an instance of `NumpyClient` was returned. Please use `NumPyClient.to_client()` method to convert it to `Client`.
[92mINFO [0m:      aggregate_fit: received 10 results and 0 failures
[92mINFO [0m:      fit progress: (42, 2.0126020908355713, {'accuracy': 0.3594000041484833}, 12863.791753316298)
[92mINFO [0m:      configure_evaluate: no clients selected, skipping evaluation
[92mINFO [0m:      
[92mINFO [0m:      [ROUND 43]
[92mINFO [0m:      configure_fit: strategy sampled 10 clients (out of 100)
[36m(ClientAppActor pid=2915459)[0m [93mWARNING [0m:   DEPRECATED FEATURE: `client_fn` now expects a signature `def client_fn(context: Context)`.The provided `client_fn` has signature: {'cid': <Parameter "cid: str">}. You can import the `Context` like this: `from flwr.common import Context`
[36m(ClientAppActor pid=2915459)[0m 
[36m(ClientAppActor pid=2915459)[0m             This is a deprecated feature. It will be removed
[36m(ClientAppActor pid=2915459)[0m             entirely in future versions of Flower.
[36m(ClientAppActor pid=2915459)[0m         
[36m(ClientAppActor pid=2915460)[0m [93mWARNING [0m:   DEPRECATED FEATURE: `client_fn` now expects a signature `def client_fn(context: Context)`.The provided `client_fn` has signature: {'cid': <Parameter "cid: str">}. You can import the `Context` like this: `from flwr.common import Context`
[36m(ClientAppActor pid=2915460)[0m 
[36m(ClientAppActor pid=2915460)[0m             This is a deprecated feature. It will be removed
[36m(ClientAppActor pid=2915460)[0m             entirely in future versions of Flower.
[36m(ClientAppActor pid=2915460)[0m         
[36m(ClientAppActor pid=2915463)[0m 
[36m(ClientAppActor pid=2915463)[0m         
[36m(ClientAppActor pid=2915459)[0m [93mWARNING [0m:   Deprecation Warning: The `client_fn` function must return an instance of `Client`, but an instance of `NumpyClient` was returned. Please use `NumPyClient.to_client()` method to convert it to `Client`.
[36m(ClientAppActor pid=2915473)[0m 
[36m(ClientAppActor pid=2915473)[0m         
[36m(ClientAppActor pid=2915460)[0m 
[36m(ClientAppActor pid=2915460)[0m         
[36m(ClientAppActor pid=2915460)[0m [93mWARNING [0m:   DEPRECATED FEATURE: `client_fn` now expects a signature `def client_fn(context: Context)`.The provided `client_fn` has signature: {'cid': <Parameter "cid: str">}. You can import the `Context` like this: `from flwr.common import Context`[32m [repeated 3x across cluster][0m
[36m(ClientAppActor pid=2915460)[0m             This is a deprecated feature. It will be removed[32m [repeated 3x across cluster][0m
[36m(ClientAppActor pid=2915460)[0m             entirely in future versions of Flower.[32m [repeated 3x across cluster][0m
[36m(ClientAppActor pid=2915473)[0m [93mWARNING [0m:   Deprecation Warning: The `client_fn` function must return an instance of `Client`, but an instance of `NumpyClient` was returned. Please use `NumPyClient.to_client()` method to convert it to `Client`.[32m [repeated 3x across cluster][0m
[36m(ClientAppActor pid=2915463)[0m 
[36m(ClientAppActor pid=2915463)[0m         
[36m(ClientAppActor pid=2915473)[0m 
[36m(ClientAppActor pid=2915473)[0m         
[36m(ClientAppActor pid=2915459)[0m 
[36m(ClientAppActor pid=2915459)[0m         
[36m(ClientAppActor pid=2915473)[0m 
[36m(ClientAppActor pid=2915473)[0m         
[36m(ClientAppActor pid=2915473)[0m [93mWARNING [0m:   DEPRECATED FEATURE: `client_fn` now expects a signature `def client_fn(context: Context)`.The provided `client_fn` has signature: {'cid': <Parameter "cid: str">}. You can import the `Context` like this: `from flwr.common import Context`[32m [repeated 4x across cluster][0m
[36m(ClientAppActor pid=2915473)[0m             This is a deprecated feature. It will be removed[32m [repeated 4x across cluster][0m
[36m(ClientAppActor pid=2915473)[0m             entirely in future versions of Flower.[32m [repeated 4x across cluster][0m
[36m(ClientAppActor pid=2915459)[0m [93mWARNING [0m:   Deprecation Warning: The `client_fn` function must return an instance of `Client`, but an instance of `NumpyClient` was returned. Please use `NumPyClient.to_client()` method to convert it to `Client`.[32m [repeated 4x across cluster][0m
[36m(ClientAppActor pid=2915459)[0m 
[36m(ClientAppActor pid=2915459)[0m         
[92mINFO [0m:      aggregate_fit: received 10 results and 0 failures
[92mINFO [0m:      fit progress: (43, 1.8602980375289917, {'accuracy': 0.4244999885559082}, 13177.575922735035)
[92mINFO [0m:      configure_evaluate: no clients selected, skipping evaluation
[92mINFO [0m:      
[92mINFO [0m:      [ROUND 44]
[92mINFO [0m:      configure_fit: strategy sampled 10 clients (out of 100)
[36m(ClientAppActor pid=2915459)[0m 
[36m(ClientAppActor pid=2915459)[0m         
[36m(ClientAppActor pid=2915459)[0m [93mWARNING [0m:   DEPRECATED FEATURE: `client_fn` now expects a signature `def client_fn(context: Context)`.The provided `client_fn` has signature: {'cid': <Parameter "cid: str">}. You can import the `Context` like this: `from flwr.common import Context`[32m [repeated 2x across cluster][0m
[36m(ClientAppActor pid=2915459)[0m             This is a deprecated feature. It will be removed[32m [repeated 2x across cluster][0m
[36m(ClientAppActor pid=2915459)[0m             entirely in future versions of Flower.[32m [repeated 2x across cluster][0m
[36m(ClientAppActor pid=2915459)[0m [93mWARNING [0m:   Deprecation Warning: The `client_fn` function must return an instance of `Client`, but an instance of `NumpyClient` was returned. Please use `NumPyClient.to_client()` method to convert it to `Client`.[32m [repeated 2x across cluster][0m
[36m(ClientAppActor pid=2915473)[0m 
[36m(ClientAppActor pid=2915473)[0m         
[36m(ClientAppActor pid=2915463)[0m 
[36m(ClientAppActor pid=2915463)[0m         
[36m(ClientAppActor pid=2915460)[0m 
[36m(ClientAppActor pid=2915460)[0m         
[36m(ClientAppActor pid=2915473)[0m 
[36m(ClientAppActor pid=2915473)[0m         
[36m(ClientAppActor pid=2915473)[0m [93mWARNING [0m:   DEPRECATED FEATURE: `client_fn` now expects a signature `def client_fn(context: Context)`.The provided `client_fn` has signature: {'cid': <Parameter "cid: str">}. You can import the `Context` like this: `from flwr.common import Context`[32m [repeated 4x across cluster][0m
[36m(ClientAppActor pid=2915473)[0m             This is a deprecated feature. It will be removed[32m [repeated 4x across cluster][0m
[36m(ClientAppActor pid=2915473)[0m             entirely in future versions of Flower.[32m [repeated 4x across cluster][0m
[36m(ClientAppActor pid=2915460)[0m [93mWARNING [0m:   Deprecation Warning: The `client_fn` function must return an instance of `Client`, but an instance of `NumpyClient` was returned. Please use `NumPyClient.to_client()` method to convert it to `Client`.[32m [repeated 4x across cluster][0m
[36m(ClientAppActor pid=2915460)[0m 
[36m(ClientAppActor pid=2915460)[0m         
[36m(ClientAppActor pid=2915459)[0m 
[36m(ClientAppActor pid=2915459)[0m         
[36m(ClientAppActor pid=2915463)[0m 
[36m(ClientAppActor pid=2915463)[0m         
[36m(ClientAppActor pid=2915473)[0m 
[36m(ClientAppActor pid=2915473)[0m         
[36m(ClientAppActor pid=2915473)[0m [93mWARNING [0m:   DEPRECATED FEATURE: `client_fn` now expects a signature `def client_fn(context: Context)`.The provided `client_fn` has signature: {'cid': <Parameter "cid: str">}. You can import the `Context` like this: `from flwr.common import Context`[32m [repeated 4x across cluster][0m
[36m(ClientAppActor pid=2915473)[0m             This is a deprecated feature. It will be removed[32m [repeated 4x across cluster][0m
[36m(ClientAppActor pid=2915473)[0m             entirely in future versions of Flower.[32m [repeated 4x across cluster][0m
[36m(ClientAppActor pid=2915463)[0m [93mWARNING [0m:   Deprecation Warning: The `client_fn` function must return an instance of `Client`, but an instance of `NumpyClient` was returned. Please use `NumPyClient.to_client()` method to convert it to `Client`.[32m [repeated 4x across cluster][0m
[36m(ClientAppActor pid=2915460)[0m 
[36m(ClientAppActor pid=2915460)[0m         
[92mINFO [0m:      aggregate_fit: received 10 results and 0 failures
[92mINFO [0m:      fit progress: (44, 1.9568511247634888, {'accuracy': 0.3402000069618225}, 13485.322924656793)
[92mINFO [0m:      configure_evaluate: no clients selected, skipping evaluation
[92mINFO [0m:      
[92mINFO [0m:      [ROUND 45]
[92mINFO [0m:      configure_fit: strategy sampled 10 clients (out of 100)
[36m(ClientAppActor pid=2915460)[0m 
[36m(ClientAppActor pid=2915460)[0m         
[36m(ClientAppActor pid=2915460)[0m [93mWARNING [0m:   DEPRECATED FEATURE: `client_fn` now expects a signature `def client_fn(context: Context)`.The provided `client_fn` has signature: {'cid': <Parameter "cid: str">}. You can import the `Context` like this: `from flwr.common import Context`[32m [repeated 2x across cluster][0m
[36m(ClientAppActor pid=2915460)[0m             This is a deprecated feature. It will be removed[32m [repeated 2x across cluster][0m
[36m(ClientAppActor pid=2915460)[0m             entirely in future versions of Flower.[32m [repeated 2x across cluster][0m
[36m(ClientAppActor pid=2915460)[0m [93mWARNING [0m:   Deprecation Warning: The `client_fn` function must return an instance of `Client`, but an instance of `NumpyClient` was returned. Please use `NumPyClient.to_client()` method to convert it to `Client`.[32m [repeated 2x across cluster][0m
[36m(ClientAppActor pid=2915473)[0m 
[36m(ClientAppActor pid=2915473)[0m         
[36m(ClientAppActor pid=2915459)[0m 
[36m(ClientAppActor pid=2915459)[0m         
[36m(ClientAppActor pid=2915463)[0m 
[36m(ClientAppActor pid=2915463)[0m         
[36m(ClientAppActor pid=2915460)[0m 
[36m(ClientAppActor pid=2915460)[0m         
[36m(ClientAppActor pid=2915460)[0m [93mWARNING [0m:   DEPRECATED FEATURE: `client_fn` now expects a signature `def client_fn(context: Context)`.The provided `client_fn` has signature: {'cid': <Parameter "cid: str">}. You can import the `Context` like this: `from flwr.common import Context`[32m [repeated 4x across cluster][0m
[36m(ClientAppActor pid=2915460)[0m             This is a deprecated feature. It will be removed[32m [repeated 4x across cluster][0m
[36m(ClientAppActor pid=2915460)[0m             entirely in future versions of Flower.[32m [repeated 4x across cluster][0m
[36m(ClientAppActor pid=2915463)[0m [93mWARNING [0m:   Deprecation Warning: The `client_fn` function must return an instance of `Client`, but an instance of `NumpyClient` was returned. Please use `NumPyClient.to_client()` method to convert it to `Client`.[32m [repeated 4x across cluster][0m
[36m(ClientAppActor pid=2915459)[0m 
[36m(ClientAppActor pid=2915459)[0m         
[36m(ClientAppActor pid=2915463)[0m 
[36m(ClientAppActor pid=2915463)[0m         
[36m(ClientAppActor pid=2915473)[0m 
[36m(ClientAppActor pid=2915473)[0m         
[36m(ClientAppActor pid=2915473)[0m [93mWARNING [0m:   DEPRECATED FEATURE: `client_fn` now expects a signature `def client_fn(context: Context)`.The provided `client_fn` has signature: {'cid': <Parameter "cid: str">}. You can import the `Context` like this: `from flwr.common import Context`[32m [repeated 3x across cluster][0m
[36m(ClientAppActor pid=2915473)[0m             This is a deprecated feature. It will be removed[32m [repeated 3x across cluster][0m
[36m(ClientAppActor pid=2915473)[0m             entirely in future versions of Flower.[32m [repeated 3x across cluster][0m
[36m(ClientAppActor pid=2915463)[0m [93mWARNING [0m:   Deprecation Warning: The `client_fn` function must return an instance of `Client`, but an instance of `NumpyClient` was returned. Please use `NumPyClient.to_client()` method to convert it to `Client`.[32m [repeated 3x across cluster][0m
[36m(ClientAppActor pid=2915460)[0m 
[36m(ClientAppActor pid=2915460)[0m         
[36m(ClientAppActor pid=2915460)[0m [93mWARNING [0m:   DEPRECATED FEATURE: `client_fn` now expects a signature `def client_fn(context: Context)`.The provided `client_fn` has signature: {'cid': <Parameter "cid: str">}. You can import the `Context` like this: `from flwr.common import Context`
[36m(ClientAppActor pid=2915460)[0m             This is a deprecated feature. It will be removed
[36m(ClientAppActor pid=2915460)[0m             entirely in future versions of Flower.
[36m(ClientAppActor pid=2915473)[0m [93mWARNING [0m:   Deprecation Warning: The `client_fn` function must return an instance of `Client`, but an instance of `NumpyClient` was returned. Please use `NumPyClient.to_client()` method to convert it to `Client`.
[36m(ClientAppActor pid=2915460)[0m [93mWARNING [0m:   Deprecation Warning: The `client_fn` function must return an instance of `Client`, but an instance of `NumpyClient` was returned. Please use `NumPyClient.to_client()` method to convert it to `Client`.
[36m(ClientAppActor pid=2915463)[0m [93mWARNING [0m:   DEPRECATED FEATURE: `client_fn` now expects a signature `def client_fn(context: Context)`.The provided `client_fn` has signature: {'cid': <Parameter "cid: str">}. You can import the `Context` like this: `from flwr.common import Context`
[36m(ClientAppActor pid=2915463)[0m 
[36m(ClientAppActor pid=2915463)[0m             This is a deprecated feature. It will be removed
[36m(ClientAppActor pid=2915463)[0m             entirely in future versions of Flower.
[36m(ClientAppActor pid=2915463)[0m         
[92mINFO [0m:      aggregate_fit: received 10 results and 0 failures
[92mINFO [0m:      fit progress: (45, 1.9338685274124146, {'accuracy': 0.3849000036716461}, 13792.13735592924)
[92mINFO [0m:      configure_evaluate: no clients selected, skipping evaluation
[92mINFO [0m:      
[92mINFO [0m:      [ROUND 46]
[92mINFO [0m:      configure_fit: strategy sampled 10 clients (out of 100)
[36m(ClientAppActor pid=2915463)[0m [93mWARNING [0m:   DEPRECATED FEATURE: `client_fn` now expects a signature `def client_fn(context: Context)`.The provided `client_fn` has signature: {'cid': <Parameter "cid: str">}. You can import the `Context` like this: `from flwr.common import Context`
[36m(ClientAppActor pid=2915463)[0m 
[36m(ClientAppActor pid=2915463)[0m             This is a deprecated feature. It will be removed
[36m(ClientAppActor pid=2915463)[0m             entirely in future versions of Flower.
[36m(ClientAppActor pid=2915463)[0m         
[36m(ClientAppActor pid=2915463)[0m [93mWARNING [0m:   Deprecation Warning: The `client_fn` function must return an instance of `Client`, but an instance of `NumpyClient` was returned. Please use `NumPyClient.to_client()` method to convert it to `Client`.
[36m(ClientAppActor pid=2915460)[0m [93mWARNING [0m:   DEPRECATED FEATURE: `client_fn` now expects a signature `def client_fn(context: Context)`.The provided `client_fn` has signature: {'cid': <Parameter "cid: str">}. You can import the `Context` like this: `from flwr.common import Context`
[36m(ClientAppActor pid=2915460)[0m 
[36m(ClientAppActor pid=2915460)[0m             This is a deprecated feature. It will be removed
[36m(ClientAppActor pid=2915460)[0m             entirely in future versions of Flower.
[36m(ClientAppActor pid=2915460)[0m         
[36m(ClientAppActor pid=2915463)[0m [93mWARNING [0m:   Deprecation Warning: The `client_fn` function must return an instance of `Client`, but an instance of `NumpyClient` was returned. Please use `NumPyClient.to_client()` method to convert it to `Client`.
[36m(ClientAppActor pid=2915473)[0m 
[36m(ClientAppActor pid=2915473)[0m         
[36m(ClientAppActor pid=2915459)[0m 
[36m(ClientAppActor pid=2915459)[0m         
[36m(ClientAppActor pid=2915460)[0m 
[36m(ClientAppActor pid=2915460)[0m         
[36m(ClientAppActor pid=2915460)[0m [93mWARNING [0m:   DEPRECATED FEATURE: `client_fn` now expects a signature `def client_fn(context: Context)`.The provided `client_fn` has signature: {'cid': <Parameter "cid: str">}. You can import the `Context` like this: `from flwr.common import Context`[32m [repeated 3x across cluster][0m
[36m(ClientAppActor pid=2915460)[0m             This is a deprecated feature. It will be removed[32m [repeated 3x across cluster][0m
[36m(ClientAppActor pid=2915460)[0m             entirely in future versions of Flower.[32m [repeated 3x across cluster][0m
[36m(ClientAppActor pid=2915473)[0m [93mWARNING [0m:   Deprecation Warning: The `client_fn` function must return an instance of `Client`, but an instance of `NumpyClient` was returned. Please use `NumPyClient.to_client()` method to convert it to `Client`.[32m [repeated 3x across cluster][0m
[36m(ClientAppActor pid=2915463)[0m 
[36m(ClientAppActor pid=2915463)[0m         
[36m(ClientAppActor pid=2915473)[0m 
[36m(ClientAppActor pid=2915473)[0m         
[36m(ClientAppActor pid=2915459)[0m 
[36m(ClientAppActor pid=2915459)[0m         
[36m(ClientAppActor pid=2915460)[0m 
[36m(ClientAppActor pid=2915460)[0m         
[36m(ClientAppActor pid=2915460)[0m [93mWARNING [0m:   DEPRECATED FEATURE: `client_fn` now expects a signature `def client_fn(context: Context)`.The provided `client_fn` has signature: {'cid': <Parameter "cid: str">}. You can import the `Context` like this: `from flwr.common import Context`[32m [repeated 4x across cluster][0m
[36m(ClientAppActor pid=2915460)[0m             This is a deprecated feature. It will be removed[32m [repeated 4x across cluster][0m
[36m(ClientAppActor pid=2915460)[0m             entirely in future versions of Flower.[32m [repeated 4x across cluster][0m
[36m(ClientAppActor pid=2915459)[0m [93mWARNING [0m:   Deprecation Warning: The `client_fn` function must return an instance of `Client`, but an instance of `NumpyClient` was returned. Please use `NumPyClient.to_client()` method to convert it to `Client`.[32m [repeated 4x across cluster][0m
[36m(ClientAppActor pid=2915463)[0m 
[36m(ClientAppActor pid=2915463)[0m         
[92mINFO [0m:      aggregate_fit: received 10 results and 0 failures
[92mINFO [0m:      fit progress: (46, 1.8919665813446045, {'accuracy': 0.3700000047683716}, 14098.817296877503)
[92mINFO [0m:      configure_evaluate: no clients selected, skipping evaluation
[92mINFO [0m:      
[92mINFO [0m:      [ROUND 47]
[92mINFO [0m:      configure_fit: strategy sampled 10 clients (out of 100)
[36m(ClientAppActor pid=2915463)[0m 
[36m(ClientAppActor pid=2915463)[0m         
[36m(ClientAppActor pid=2915463)[0m [93mWARNING [0m:   DEPRECATED FEATURE: `client_fn` now expects a signature `def client_fn(context: Context)`.The provided `client_fn` has signature: {'cid': <Parameter "cid: str">}. You can import the `Context` like this: `from flwr.common import Context`[32m [repeated 2x across cluster][0m
[36m(ClientAppActor pid=2915463)[0m             This is a deprecated feature. It will be removed[32m [repeated 2x across cluster][0m
[36m(ClientAppActor pid=2915463)[0m             entirely in future versions of Flower.[32m [repeated 2x across cluster][0m
[36m(ClientAppActor pid=2915463)[0m [93mWARNING [0m:   Deprecation Warning: The `client_fn` function must return an instance of `Client`, but an instance of `NumpyClient` was returned. Please use `NumPyClient.to_client()` method to convert it to `Client`.[32m [repeated 2x across cluster][0m
[36m(ClientAppActor pid=2915460)[0m 
[36m(ClientAppActor pid=2915460)[0m         
[36m(ClientAppActor pid=2915473)[0m 
[36m(ClientAppActor pid=2915473)[0m         
[36m(ClientAppActor pid=2915459)[0m 
[36m(ClientAppActor pid=2915459)[0m         
[36m(ClientAppActor pid=2915460)[0m 
[36m(ClientAppActor pid=2915460)[0m         
[36m(ClientAppActor pid=2915460)[0m [93mWARNING [0m:   DEPRECATED FEATURE: `client_fn` now expects a signature `def client_fn(context: Context)`.The provided `client_fn` has signature: {'cid': <Parameter "cid: str">}. You can import the `Context` like this: `from flwr.common import Context`[32m [repeated 4x across cluster][0m
[36m(ClientAppActor pid=2915460)[0m             This is a deprecated feature. It will be removed[32m [repeated 4x across cluster][0m
[36m(ClientAppActor pid=2915460)[0m             entirely in future versions of Flower.[32m [repeated 4x across cluster][0m
[36m(ClientAppActor pid=2915459)[0m [93mWARNING [0m:   Deprecation Warning: The `client_fn` function must return an instance of `Client`, but an instance of `NumpyClient` was returned. Please use `NumPyClient.to_client()` method to convert it to `Client`.[32m [repeated 4x across cluster][0m
[36m(ClientAppActor pid=2915459)[0m 
[36m(ClientAppActor pid=2915459)[0m         
[36m(ClientAppActor pid=2915463)[0m 
[36m(ClientAppActor pid=2915463)[0m         
[36m(ClientAppActor pid=2915473)[0m 
[36m(ClientAppActor pid=2915473)[0m         
[36m(ClientAppActor pid=2915473)[0m 
[36m(ClientAppActor pid=2915473)[0m         
[36m(ClientAppActor pid=2915473)[0m [93mWARNING [0m:   DEPRECATED FEATURE: `client_fn` now expects a signature `def client_fn(context: Context)`.The provided `client_fn` has signature: {'cid': <Parameter "cid: str">}. You can import the `Context` like this: `from flwr.common import Context`[32m [repeated 4x across cluster][0m
[36m(ClientAppActor pid=2915473)[0m             This is a deprecated feature. It will be removed[32m [repeated 4x across cluster][0m
[36m(ClientAppActor pid=2915473)[0m             entirely in future versions of Flower.[32m [repeated 4x across cluster][0m
[36m(ClientAppActor pid=2915473)[0m [93mWARNING [0m:   Deprecation Warning: The `client_fn` function must return an instance of `Client`, but an instance of `NumpyClient` was returned. Please use `NumPyClient.to_client()` method to convert it to `Client`.[32m [repeated 4x across cluster][0m
[36m(ClientAppActor pid=2915463)[0m 
[36m(ClientAppActor pid=2915463)[0m         
[92mINFO [0m:      aggregate_fit: received 10 results and 0 failures
[92mINFO [0m:      fit progress: (47, 1.8378535509109497, {'accuracy': 0.3939000070095062}, 14404.574693927541)
[92mINFO [0m:      configure_evaluate: no clients selected, skipping evaluation
[92mINFO [0m:      
[92mINFO [0m:      [ROUND 48]
[92mINFO [0m:      configure_fit: strategy sampled 10 clients (out of 100)
[36m(ClientAppActor pid=2915463)[0m 
[36m(ClientAppActor pid=2915463)[0m         
[36m(ClientAppActor pid=2915463)[0m [93mWARNING [0m:   DEPRECATED FEATURE: `client_fn` now expects a signature `def client_fn(context: Context)`.The provided `client_fn` has signature: {'cid': <Parameter "cid: str">}. You can import the `Context` like this: `from flwr.common import Context`[32m [repeated 2x across cluster][0m
[36m(ClientAppActor pid=2915463)[0m             This is a deprecated feature. It will be removed[32m [repeated 2x across cluster][0m
[36m(ClientAppActor pid=2915463)[0m             entirely in future versions of Flower.[32m [repeated 2x across cluster][0m
[36m(ClientAppActor pid=2915463)[0m [93mWARNING [0m:   Deprecation Warning: The `client_fn` function must return an instance of `Client`, but an instance of `NumpyClient` was returned. Please use `NumPyClient.to_client()` method to convert it to `Client`.[32m [repeated 2x across cluster][0m
[36m(ClientAppActor pid=2915473)[0m 
[36m(ClientAppActor pid=2915473)[0m         
[36m(ClientAppActor pid=2915460)[0m 
[36m(ClientAppActor pid=2915460)[0m         
[36m(ClientAppActor pid=2915459)[0m 
[36m(ClientAppActor pid=2915459)[0m         
[36m(ClientAppActor pid=2915473)[0m 
[36m(ClientAppActor pid=2915473)[0m         
[36m(ClientAppActor pid=2915473)[0m [93mWARNING [0m:   DEPRECATED FEATURE: `client_fn` now expects a signature `def client_fn(context: Context)`.The provided `client_fn` has signature: {'cid': <Parameter "cid: str">}. You can import the `Context` like this: `from flwr.common import Context`[32m [repeated 4x across cluster][0m
[36m(ClientAppActor pid=2915473)[0m             This is a deprecated feature. It will be removed[32m [repeated 4x across cluster][0m
[36m(ClientAppActor pid=2915473)[0m             entirely in future versions of Flower.[32m [repeated 4x across cluster][0m
[36m(ClientAppActor pid=2915460)[0m [93mWARNING [0m:   Deprecation Warning: The `client_fn` function must return an instance of `Client`, but an instance of `NumpyClient` was returned. Please use `NumPyClient.to_client()` method to convert it to `Client`.[32m [repeated 4x across cluster][0m
[36m(ClientAppActor pid=2915459)[0m 
[36m(ClientAppActor pid=2915459)[0m         
[36m(ClientAppActor pid=2915463)[0m 
[36m(ClientAppActor pid=2915463)[0m         
[36m(ClientAppActor pid=2915460)[0m 
[36m(ClientAppActor pid=2915460)[0m         
[36m(ClientAppActor pid=2915460)[0m 
[36m(ClientAppActor pid=2915460)[0m         
[36m(ClientAppActor pid=2915460)[0m [93mWARNING [0m:   DEPRECATED FEATURE: `client_fn` now expects a signature `def client_fn(context: Context)`.The provided `client_fn` has signature: {'cid': <Parameter "cid: str">}. You can import the `Context` like this: `from flwr.common import Context`[32m [repeated 4x across cluster][0m
[36m(ClientAppActor pid=2915460)[0m             This is a deprecated feature. It will be removed[32m [repeated 4x across cluster][0m
[36m(ClientAppActor pid=2915460)[0m             entirely in future versions of Flower.[32m [repeated 4x across cluster][0m
[36m(ClientAppActor pid=2915460)[0m [93mWARNING [0m:   Deprecation Warning: The `client_fn` function must return an instance of `Client`, but an instance of `NumpyClient` was returned. Please use `NumPyClient.to_client()` method to convert it to `Client`.[32m [repeated 4x across cluster][0m
[36m(ClientAppActor pid=2915473)[0m 
[36m(ClientAppActor pid=2915473)[0m         
[92mINFO [0m:      aggregate_fit: received 10 results and 0 failures
[92mINFO [0m:      fit progress: (48, 1.8440150022506714, {'accuracy': 0.41909998655319214}, 14710.074244154617)
[92mINFO [0m:      configure_evaluate: no clients selected, skipping evaluation
[92mINFO [0m:      
[92mINFO [0m:      [ROUND 49]
[92mINFO [0m:      configure_fit: strategy sampled 10 clients (out of 100)
[36m(ClientAppActor pid=2915473)[0m 
[36m(ClientAppActor pid=2915473)[0m         
[36m(ClientAppActor pid=2915473)[0m [93mWARNING [0m:   DEPRECATED FEATURE: `client_fn` now expects a signature `def client_fn(context: Context)`.The provided `client_fn` has signature: {'cid': <Parameter "cid: str">}. You can import the `Context` like this: `from flwr.common import Context`[32m [repeated 2x across cluster][0m
[36m(ClientAppActor pid=2915473)[0m             This is a deprecated feature. It will be removed[32m [repeated 2x across cluster][0m
[36m(ClientAppActor pid=2915473)[0m             entirely in future versions of Flower.[32m [repeated 2x across cluster][0m
[36m(ClientAppActor pid=2915473)[0m [93mWARNING [0m:   Deprecation Warning: The `client_fn` function must return an instance of `Client`, but an instance of `NumpyClient` was returned. Please use `NumPyClient.to_client()` method to convert it to `Client`.[32m [repeated 2x across cluster][0m
[36m(ClientAppActor pid=2915460)[0m 
[36m(ClientAppActor pid=2915460)[0m         
[36m(ClientAppActor pid=2915463)[0m 
[36m(ClientAppActor pid=2915463)[0m         
[36m(ClientAppActor pid=2915459)[0m 
[36m(ClientAppActor pid=2915459)[0m         
[36m(ClientAppActor pid=2915460)[0m 
[36m(ClientAppActor pid=2915460)[0m         
[36m(ClientAppActor pid=2915460)[0m [93mWARNING [0m:   DEPRECATED FEATURE: `client_fn` now expects a signature `def client_fn(context: Context)`.The provided `client_fn` has signature: {'cid': <Parameter "cid: str">}. You can import the `Context` like this: `from flwr.common import Context`[32m [repeated 4x across cluster][0m
[36m(ClientAppActor pid=2915460)[0m             This is a deprecated feature. It will be removed[32m [repeated 4x across cluster][0m
[36m(ClientAppActor pid=2915460)[0m             entirely in future versions of Flower.[32m [repeated 4x across cluster][0m
[36m(ClientAppActor pid=2915459)[0m [93mWARNING [0m:   Deprecation Warning: The `client_fn` function must return an instance of `Client`, but an instance of `NumpyClient` was returned. Please use `NumPyClient.to_client()` method to convert it to `Client`.[32m [repeated 4x across cluster][0m
[36m(ClientAppActor pid=2915459)[0m 
[36m(ClientAppActor pid=2915459)[0m         
[36m(ClientAppActor pid=2915473)[0m 
[36m(ClientAppActor pid=2915473)[0m         
[36m(ClientAppActor pid=2915463)[0m 
[36m(ClientAppActor pid=2915463)[0m         
[36m(ClientAppActor pid=2915460)[0m 
[36m(ClientAppActor pid=2915460)[0m         
[36m(ClientAppActor pid=2915460)[0m [93mWARNING [0m:   DEPRECATED FEATURE: `client_fn` now expects a signature `def client_fn(context: Context)`.The provided `client_fn` has signature: {'cid': <Parameter "cid: str">}. You can import the `Context` like this: `from flwr.common import Context`[32m [repeated 4x across cluster][0m
[36m(ClientAppActor pid=2915460)[0m             This is a deprecated feature. It will be removed[32m [repeated 4x across cluster][0m
[36m(ClientAppActor pid=2915460)[0m             entirely in future versions of Flower.[32m [repeated 4x across cluster][0m
[36m(ClientAppActor pid=2915463)[0m [93mWARNING [0m:   Deprecation Warning: The `client_fn` function must return an instance of `Client`, but an instance of `NumpyClient` was returned. Please use `NumPyClient.to_client()` method to convert it to `Client`.[32m [repeated 4x across cluster][0m
[36m(ClientAppActor pid=2915459)[0m 
[36m(ClientAppActor pid=2915459)[0m         
[92mINFO [0m:      aggregate_fit: received 10 results and 0 failures
[92mINFO [0m:      fit progress: (49, 1.9078123569488525, {'accuracy': 0.3953000009059906}, 15007.702280499041)
[92mINFO [0m:      configure_evaluate: no clients selected, skipping evaluation
[92mINFO [0m:      
[92mINFO [0m:      [ROUND 50]
[92mINFO [0m:      configure_fit: strategy sampled 10 clients (out of 100)
[36m(ClientAppActor pid=2915459)[0m 
[36m(ClientAppActor pid=2915459)[0m         
[36m(ClientAppActor pid=2915459)[0m [93mWARNING [0m:   DEPRECATED FEATURE: `client_fn` now expects a signature `def client_fn(context: Context)`.The provided `client_fn` has signature: {'cid': <Parameter "cid: str">}. You can import the `Context` like this: `from flwr.common import Context`[32m [repeated 2x across cluster][0m
[36m(ClientAppActor pid=2915459)[0m             This is a deprecated feature. It will be removed[32m [repeated 2x across cluster][0m
[36m(ClientAppActor pid=2915459)[0m             entirely in future versions of Flower.[32m [repeated 2x across cluster][0m
[36m(ClientAppActor pid=2915459)[0m [93mWARNING [0m:   Deprecation Warning: The `client_fn` function must return an instance of `Client`, but an instance of `NumpyClient` was returned. Please use `NumPyClient.to_client()` method to convert it to `Client`.[32m [repeated 2x across cluster][0m
[36m(ClientAppActor pid=2915460)[0m 
[36m(ClientAppActor pid=2915460)[0m         
[36m(ClientAppActor pid=2915473)[0m 
[36m(ClientAppActor pid=2915473)[0m         
[36m(ClientAppActor pid=2915463)[0m 
[36m(ClientAppActor pid=2915463)[0m         
[36m(ClientAppActor pid=2915459)[0m 
[36m(ClientAppActor pid=2915459)[0m         
[36m(ClientAppActor pid=2915459)[0m [93mWARNING [0m:   DEPRECATED FEATURE: `client_fn` now expects a signature `def client_fn(context: Context)`.The provided `client_fn` has signature: {'cid': <Parameter "cid: str">}. You can import the `Context` like this: `from flwr.common import Context`[32m [repeated 4x across cluster][0m
[36m(ClientAppActor pid=2915459)[0m             This is a deprecated feature. It will be removed[32m [repeated 4x across cluster][0m
[36m(ClientAppActor pid=2915459)[0m             entirely in future versions of Flower.[32m [repeated 4x across cluster][0m
[36m(ClientAppActor pid=2915463)[0m [93mWARNING [0m:   Deprecation Warning: The `client_fn` function must return an instance of `Client`, but an instance of `NumpyClient` was returned. Please use `NumPyClient.to_client()` method to convert it to `Client`.[32m [repeated 4x across cluster][0m
[36m(ClientAppActor pid=2915473)[0m 
[36m(ClientAppActor pid=2915473)[0m         
[36m(ClientAppActor pid=2915460)[0m 
[36m(ClientAppActor pid=2915460)[0m         
[36m(ClientAppActor pid=2915463)[0m 
[36m(ClientAppActor pid=2915463)[0m         
[36m(ClientAppActor pid=2915459)[0m 
[36m(ClientAppActor pid=2915459)[0m         
[36m(ClientAppActor pid=2915459)[0m [93mWARNING [0m:   DEPRECATED FEATURE: `client_fn` now expects a signature `def client_fn(context: Context)`.The provided `client_fn` has signature: {'cid': <Parameter "cid: str">}. You can import the `Context` like this: `from flwr.common import Context`[32m [repeated 4x across cluster][0m
[36m(ClientAppActor pid=2915459)[0m             This is a deprecated feature. It will be removed[32m [repeated 4x across cluster][0m
[36m(ClientAppActor pid=2915459)[0m             entirely in future versions of Flower.[32m [repeated 4x across cluster][0m
[36m(ClientAppActor pid=2915463)[0m [93mWARNING [0m:   Deprecation Warning: The `client_fn` function must return an instance of `Client`, but an instance of `NumpyClient` was returned. Please use `NumPyClient.to_client()` method to convert it to `Client`.[32m [repeated 4x across cluster][0m
[36m(ClientAppActor pid=2915473)[0m 
[36m(ClientAppActor pid=2915473)[0m         
[92mINFO [0m:      aggregate_fit: received 10 results and 0 failures
[92mINFO [0m:      fit progress: (50, 1.733215570449829, {'accuracy': 0.4702000021934509}, 15304.104493934661)
[92mINFO [0m:      configure_evaluate: no clients selected, skipping evaluation
[92mINFO [0m:      
[92mINFO [0m:      [SUMMARY]
[92mINFO [0m:      Run finished 50 round(s) in 15304.10s
[92mINFO [0m:      	History (loss, centralized):
[92mINFO [0m:      		round 1: 2.5573065280914307
[92mINFO [0m:      		round 2: 2.559623956680298
[92mINFO [0m:      		round 3: 2.5856266021728516
[92mINFO [0m:      		round 4: 2.78021240234375
[92mINFO [0m:      		round 5: 2.776155471801758
[92mINFO [0m:      		round 6: 2.669098138809204
[92mINFO [0m:      		round 7: 2.8406131267547607
[92mINFO [0m:      		round 8: 2.8651998043060303
[92mINFO [0m:      		round 9: 2.5925023555755615
[92mINFO [0m:      		round 10: 2.4195172786712646
[92mINFO [0m:      		round 11: 2.440551519393921
[92mINFO [0m:      		round 12: 2.126206874847412
[92mINFO [0m:      		round 13: 2.040071725845337
[92mINFO [0m:      		round 14: 2.0998637676239014
[92mINFO [0m:      		round 15: 2.1647510528564453
[92mINFO [0m:      		round 16: 1.969683051109314
[92mINFO [0m:      		round 17: 2.0629985332489014
[92mINFO [0m:      		round 18: 1.9172669649124146
[92mINFO [0m:      		round 19: 1.9989312887191772
[92mINFO [0m:      		round 20: 2.110991954803467
[92mINFO [0m:      		round 21: 2.2028815746307373
[92mINFO [0m:      		round 22: 1.9112753868103027
[92mINFO [0m:      		round 23: 1.915278673171997
[92mINFO [0m:      		round 24: 1.8886247873306274
[92mINFO [0m:      		round 25: 1.92019784450531
[92mINFO [0m:      		round 26: 1.8625755310058594
[92mINFO [0m:      		round 27: 1.9572175741195679
[92mINFO [0m:      		round 28: 1.8338418006896973
[92mINFO [0m:      		round 29: 1.8548808097839355
[92mINFO [0m:      		round 30: 1.8459372520446777
[92mINFO [0m:      		round 31: 1.807977557182312
[92mINFO [0m:      		round 32: 1.798530101776123
[92mINFO [0m:      		round 33: 1.8262845277786255
[92mINFO [0m:      		round 34: 1.799512505531311
[92mINFO [0m:      		round 35: 2.3458662033081055
[92mINFO [0m:      		round 36: 1.7778884172439575
[92mINFO [0m:      		round 37: 1.902986764907837
[92mINFO [0m:      		round 38: 2.1161160469055176
[92mINFO [0m:      		round 39: 1.9382470846176147
[92mINFO [0m:      		round 40: 1.8411654233932495
[92mINFO [0m:      		round 41: 1.7489184141159058
[92mINFO [0m:      		round 42: 2.0126020908355713
[92mINFO [0m:      		round 43: 1.8602980375289917
[92mINFO [0m:      		round 44: 1.9568511247634888
[92mINFO [0m:      		round 45: 1.9338685274124146
[92mINFO [0m:      		round 46: 1.8919665813446045
[92mINFO [0m:      		round 47: 1.8378535509109497
[92mINFO [0m:      		round 48: 1.8440150022506714
[92mINFO [0m:      		round 49: 1.9078123569488525
[92mINFO [0m:      		round 50: 1.733215570449829
[92mINFO [0m:      	History (metrics, centralized):
[92mINFO [0m:      	{'accuracy': [(1, 0.10000000149011612),
[92mINFO [0m:      	              (2, 0.11150000244379044),
[92mINFO [0m:      	              (3, 0.10239999741315842),
[92mINFO [0m:      	              (4, 0.10000000149011612),
[92mINFO [0m:      	              (5, 0.10000000149011612),
[92mINFO [0m:      	              (6, 0.1039000004529953),
[92mINFO [0m:      	              (7, 0.10329999774694443),
[92mINFO [0m:      	              (8, 0.14339999854564667),
[92mINFO [0m:      	              (9, 0.1264999955892563),
[92mINFO [0m:      	              (10, 0.16089999675750732),
[92mINFO [0m:      	              (11, 0.2273000031709671),
[92mINFO [0m:      	              (12, 0.2953999936580658),
[92mINFO [0m:      	              (13, 0.3109999895095825),
[92mINFO [0m:      	              (14, 0.2847000062465668),
[92mINFO [0m:      	              (15, 0.29010000824928284),
[92mINFO [0m:      	              (16, 0.33709999918937683),
[92mINFO [0m:      	              (17, 0.32839998602867126),
[92mINFO [0m:      	              (18, 0.4142000079154968),
[92mINFO [0m:      	              (19, 0.34360000491142273),
[92mINFO [0m:      	              (20, 0.26190000772476196),
[92mINFO [0m:      	              (21, 0.29510000348091125),
[92mINFO [0m:      	              (22, 0.382999986410141),
[92mINFO [0m:      	              (23, 0.38199999928474426),
[92mINFO [0m:      	              (24, 0.38089999556541443),
[92mINFO [0m:      	              (25, 0.36970001459121704),
[92mINFO [0m:      	              (26, 0.414000004529953),
[92mINFO [0m:      	              (27, 0.3653999865055084),
[92mINFO [0m:      	              (28, 0.4027999937534332),
[92mINFO [0m:      	              (29, 0.3910999894142151),
[92mINFO [0m:      	              (30, 0.4074000120162964),
[92mINFO [0m:      	              (31, 0.4260999858379364),
[92mINFO [0m:      	              (32, 0.42149999737739563),
[92mINFO [0m:      	              (33, 0.4487999975681305),
[92mINFO [0m:      	              (34, 0.4244000017642975),
[92mINFO [0m:      	              (35, 0.24300000071525574),
[92mINFO [0m:      	              (36, 0.4318999946117401),
[92mINFO [0m:      	              (37, 0.36579999327659607),
[92mINFO [0m:      	              (38, 0.3529999852180481),
[92mINFO [0m:      	              (39, 0.3702000081539154),
[92mINFO [0m:      	              (40, 0.4156999886035919),
[92mINFO [0m:      	              (41, 0.4571000039577484),
[92mINFO [0m:      	              (42, 0.3594000041484833),
[92mINFO [0m:      	              (43, 0.4244999885559082),
[92mINFO [0m:      	              (44, 0.3402000069618225),
[92mINFO [0m:      	              (45, 0.3849000036716461),
[92mINFO [0m:      	              (46, 0.3700000047683716),
[92mINFO [0m:      	              (47, 0.3939000070095062),
[92mINFO [0m:      	              (48, 0.41909998655319214),
[92mINFO [0m:      	              (49, 0.3953000009059906),
[92mINFO [0m:      	              (50, 0.4702000021934509)]}
[92mINFO [0m:      
[36m(ClientAppActor pid=2915473)[0m [93mWARNING [0m:   DEPRECATED FEATURE: `client_fn` now expects a signature `def client_fn(context: Context)`.The provided `client_fn` has signature: {'cid': <Parameter "cid: str">}. You can import the `Context` like this: `from flwr.common import Context`
[36m(ClientAppActor pid=2915473)[0m             This is a deprecated feature. It will be removed
[36m(ClientAppActor pid=2915473)[0m             entirely in future versions of Flower.
[36m(ClientAppActor pid=2915473)[0m [93mWARNING [0m:   Deprecation Warning: The `client_fn` function must return an instance of `Client`, but an instance of `NumpyClient` was returned. Please use `NumPyClient.to_client()` method to convert it to `Client`.[32m [repeated 2x across cluster][0m
