round,train_loss,train_accuracy,test_loss,test_accuracy,test_perplexity,num_fit_clients,num_fit_examples,round_upload_bytes,round_download_bytes,round_local_steps,cumulative_upload_bytes,cumulative_download_bytes,cumulative_local_steps,run_completed
1,3.8543240100861027,0.17734601074824308,nan,nan,nan,10,79827,32796800,32796800,4993,32796800,32796800,4993,False
2,4.230004969941669,0.16062054112262755,nan,nan,nan,10,29716,32796800,32796800,1862,65593600,65593600,6855,False
3,3.7111236980444615,0.18499923053247153,nan,nan,nan,10,51984,32796800,32796800,3254,98390400,98390400,10109,False
4,3.466400032882196,0.1874040229776101,nan,nan,nan,10,52747,32796800,32796800,3300,131187200,131187200,13409,False
5,3.2640045998896796,0.18970611102472398,nan,nan,nan,10,57879,32796800,32796800,3623,163984000,163984000,17032,False
6,3.161680120923137,0.1880737780304677,nan,nan,nan,10,59801,32796800,32796800,3743,196780800,196780800,20775,False
7,3.181720420826726,0.1851779809375608,nan,nan,nan,10,46269,32796800,32796800,2896,229577600,229577600,23671,False
8,3.154153728238622,0.187593984962406,nan,nan,nan,10,42560,32796800,32796800,2664,262374400,262374400,26335,False
9,3.1726867692530543,0.18248051916720948,nan,nan,nan,10,41451,32796800,32796800,2595,295171200,295171200,28930,False
10,3.126178627375029,0.1865128988930573,3.191860706931591,0.19211748838603326,24.33366316055051,10,43182,32796800,32796800,2702,327968000,327968000,31632,False
11,3.1343484702097038,0.18609628299426828,nan,nan,nan,10,40651,32796800,32796800,2546,360764800,360764800,34178,False
12,3.159752187672096,0.18427416209469824,nan,nan,nan,10,38459,32796800,32796800,2409,393561600,393561600,36587,False
13,3.1269948447661675,0.18621551795983,nan,nan,nan,10,59995,32796800,32796800,3753,426358400,426358400,40340,False
14,3.12216093665218,0.18841738635959768,nan,nan,nan,10,56274,32796800,32796800,3522,459155200,459155200,43862,False
15,3.136625983766672,0.18703044681692368,nan,nan,nan,10,40464,32796800,32796800,2533,491952000,491952000,46395,False
16,3.1589668413623015,0.1843686489352302,nan,nan,nan,10,45268,32796800,32796800,2834,524748800,524748800,49229,False
17,3.1294513621121545,0.18472883118520153,nan,nan,nan,10,63466,32796800,32796800,3971,557545600,557545600,53200,False
18,3.1328239504516304,0.18745845335696876,nan,nan,nan,10,58669,32796800,32796800,3672,590342400,590342400,56872,False
19,3.143965115871739,0.18309076950719524,nan,nan,nan,10,61221,32796800,32796800,3831,623139200,623139200,60703,False
20,3.132117008695382,0.18643976905064083,3.1513817337129884,0.19211748838603326,23.36833109483413,10,55943,32796800,32796800,3501,655936000,655936000,64204,False
21,3.1289706503637573,0.18411654802166355,nan,nan,nan,10,42283,32796800,32796800,2648,688732800,688732800,66852,False
22,3.1356894117519527,0.1858339182813954,nan,nan,nan,10,61259,32796800,32796800,3834,721529600,721529600,70686,False
23,3.1298589644622186,0.18696186961869618,nan,nan,nan,10,66666,32796800,32796800,4170,754326400,754326400,74856,False
24,3.1459581081010004,0.18762482232497885,nan,nan,nan,10,55579,32796800,32796800,3478,787123200,787123200,78334,False
25,3.125090076326922,0.18604427024769493,nan,nan,nan,10,31127,32796800,32796800,1950,819920000,819920000,80284,False
26,3.127744447304289,0.18775323686214776,nan,nan,nan,10,32825,32796800,32796800,2056,852716800,852716800,82340,False
27,3.1130883401751848,0.18910307242030594,nan,nan,nan,10,69359,32796800,32796800,4340,885513600,885513600,86680,False
28,3.1140062868772196,0.18638174329889948,nan,nan,nan,10,59244,32796800,32796800,3709,918310400,918310400,90389,False
29,3.123049518911626,0.18391780589284198,nan,nan,nan,10,23554,32796800,32796800,1476,951107200,951107200,91865,False
30,3.1129218729680606,0.1889884317648082,3.1506975738966143,0.19211748838603326,23.352348889538042,10,57485,32796800,32796800,3598,983904000,983904000,95463,False
31,3.1209434407286922,0.187562892654138,nan,nan,nan,10,73538,32796800,32796800,4601,1016700800,1016700800,100064,False
32,3.1353715621529847,0.18564295248924706,nan,nan,nan,10,40454,32796800,32796800,2534,1049497600,1049497600,102598,False
33,3.1253754988071543,0.18766664968325947,nan,nan,nan,10,58881,32796800,32796800,3686,1082294400,1082294400,106284,False
34,3.1100734220573742,0.18554713468953596,nan,nan,nan,10,45126,32796800,32796800,2825,1115091200,1115091200,109109,False
35,3.115938677181198,0.18676933087517622,nan,nan,nan,10,46105,32796800,32796800,2887,1147888000,1147888000,111996,False
36,3.0935668295982013,0.18919555573004593,nan,nan,nan,10,50942,32796800,32796800,3188,1180684800,1180684800,115184,False
37,3.0840919701462415,0.19091173302788367,nan,nan,nan,10,58493,32796800,32796800,3660,1213481600,1213481600,118844,False
38,3.0810410376052806,0.18879826572134265,nan,nan,nan,10,56277,32796800,32796800,3522,1246278400,1246278400,122366,False
39,3.1063334475180597,0.18737911942053168,nan,nan,nan,10,52738,32796800,32796800,3300,1279075200,1279075200,125666,False
40,3.0752619455291956,0.19048058297205056,3.104143101183278,0.19211748838603326,22.290110420152303,10,54205,32796800,32796800,3393,1311872000,1311872000,129059,False
41,3.097847433397929,0.18675428257745774,nan,nan,nan,10,61937,32796800,32796800,3877,1344668800,1344668800,132936,False
42,3.0893575402836237,0.18925441853557107,nan,nan,nan,10,80796,32796800,32796800,5054,1377465600,1377465600,137990,False
43,3.1089131754686434,0.1881875,nan,nan,nan,10,48000,32796800,32796800,3005,1410262400,1410262400,140995,False
44,3.086404614182038,0.18535576651940971,nan,nan,nan,10,42556,32796800,32796800,2664,1443059200,1443059200,143659,False
45,3.0797443835808047,0.18767379124299646,nan,nan,nan,10,48190,32796800,32796800,3016,1475856000,1475856000,146675,False
46,3.066458127912059,0.18920234778610262,nan,nan,nan,10,73942,32796800,32796800,4627,1508652800,1508652800,151302,False
47,3.0536897755718333,0.19035452606685108,nan,nan,nan,10,47359,32796800,32796800,2966,1541449600,1541449600,154268,False
48,3.028348553412526,0.1936120161891264,nan,nan,nan,10,68441,32796800,32796800,4282,1574246400,1574246400,158550,False
49,3.0581725471680534,0.19018022406234777,nan,nan,nan,10,51325,32796800,32796800,3212,1607043200,1607043200,161762,False
50,3.0421430153669426,0.1902587124062589,3.056446574607139,0.19524576652180428,21.25190576923284,10,38537,32796800,32796800,2414,1639840000,1639840000,164176,False
51,3.037308839436304,0.1927584763499372,nan,nan,nan,10,81226,32796800,32796800,5080,1672636800,1672636800,169256,False
52,3.0110854962006735,0.19681973316785603,nan,nan,nan,10,64460,32796800,32796800,4035,1705433600,1705433600,173291,False
53,3.0123160793574417,0.19363276287272999,nan,nan,nan,10,40143,32796800,32796800,2515,1738230400,1738230400,175806,False
54,3.0292633669624207,0.19380138195390126,nan,nan,nan,10,39654,32796800,32796800,2484,1771027200,1771027200,178290,False
55,3.008281389980767,0.19662041589278562,nan,nan,nan,10,54918,32796800,32796800,3438,1803824000,1803824000,181728,False
56,2.969752651040294,0.20062295343822378,nan,nan,nan,10,50084,32796800,32796800,3135,1836620800,1836620800,184863,False
57,2.958949649455977,0.2015253740099736,nan,nan,nan,10,64771,32796800,32796800,4052,1869417600,1869417600,188915,False
58,2.966426073169824,0.19817407181984176,nan,nan,nan,10,32860,32796800,32796800,2058,1902214400,1902214400,190973,False
59,2.99078969690358,0.1943214220712249,nan,nan,nan,10,49449,32796800,32796800,3096,1935011200,1935011200,194069,False
60,2.9859053784110596,0.19748749702310073,2.9947675279854264,0.20375018732204406,19.98071439297648,10,50388,32796800,32796800,3153,1967808000,1967808000,197222,False
61,2.9684916687540825,0.19931453674423888,nan,nan,nan,10,52811,32796800,32796800,3307,2000604800,2000604800,200529,False
62,2.986353772816835,0.19457777777777777,nan,nan,nan,10,33750,32796800,32796800,2115,2033401600,2033401600,202644,False
63,2.958186671947726,0.20134680904580066,nan,nan,nan,10,87466,32796800,32796800,5473,2066198400,2066198400,208117,False
64,2.948524578782184,0.20374087591240875,nan,nan,nan,10,98640,32796800,32796800,6171,2098995200,2098995200,214288,False
65,2.9434582154642337,0.19984841512600493,nan,nan,nan,10,36943,32796800,32796800,2313,2131792000,2131792000,216601,False
66,2.916951918581501,0.2075479805213406,nan,nan,nan,10,69820,32796800,32796800,4369,2164588800,2164588800,220970,False
67,2.938179579949592,0.2049611684247131,nan,nan,nan,10,43135,32796800,32796800,2700,2197385600,2197385600,223670,False
68,2.9191696945698937,0.21031755899833388,nan,nan,nan,10,80426,32796800,32796800,5031,2230182400,2230182400,228701,False
69,2.9025433780551615,0.21150757803874334,nan,nan,nan,10,39852,32796800,32796800,2495,2262979200,2262979200,231196,False
70,2.9164405645491733,0.21652104136947217,2.924307071481994,0.21056870972576053,18.62131833583611,10,67296,32796800,32796800,4211,2295776000,2295776000,235407,False
71,2.88421159947652,0.21760538771879664,nan,nan,nan,10,62958,32796800,32796800,3940,2328572800,2328572800,239347,False
72,2.887432275697405,0.22084770274780288,nan,nan,nan,10,44945,32796800,32796800,2815,2361369600,2361369600,242162,False
73,2.892087948134265,0.22122455504636043,nan,nan,nan,10,37532,32796800,32796800,2350,2394166400,2394166400,244512,False
74,2.8676747647135135,0.225895775644896,nan,nan,nan,10,48031,32796800,32796800,3006,2426963200,2426963200,247518,False
75,2.850207622783108,0.22736499492527912,nan,nan,nan,10,57146,32796800,32796800,3575,2459760000,2459760000,251093,False
76,2.868662735704115,0.22762353217014125,nan,nan,nan,10,51181,32796800,32796800,3204,2492556800,2492556800,254297,False
77,2.850350230258965,0.2279141886985024,nan,nan,nan,10,50949,32796800,32796800,3188,2525353600,2525353600,257485,False
78,2.868238350630254,0.2256937200083455,nan,nan,nan,10,38344,32796800,32796800,2401,2558150400,2558150400,259886,False
79,2.808358102878414,0.2406090432901004,nan,nan,nan,10,75791,32796800,32796800,4741,2590947200,2590947200,264627,False
80,2.8424796705665836,0.2373122389120967,2.859171587006363,0.23544507717668214,17.44706757076716,10,33753,32796800,32796800,2115,2623744000,2623744000,266742,False
81,2.8244071014726715,0.2399251606605385,nan,nan,nan,10,61465,32796800,32796800,3847,2656540800,2656540800,270589,False
82,2.8154235102195564,0.24216459977452084,nan,nan,nan,10,57655,32796800,32796800,3607,2689337600,2689337600,274196,False
83,2.7847649432798396,0.24771163533603638,nan,nan,nan,10,65112,32796800,32796800,4074,2722134400,2722134400,278270,False
84,2.83746638318408,0.23633822133136406,nan,nan,nan,10,37916,32796800,32796800,2374,2754931200,2754931200,280644,False
85,2.8057585031837786,0.2445082376435347,nan,nan,nan,10,56084,32796800,32796800,3510,2787728000,2787728000,284154,False
86,2.82851637290966,0.2445688628492423,nan,nan,nan,10,73051,32796800,32796800,4571,2820524800,2820524800,288725,False
87,2.7866052012813043,0.24859896172347554,nan,nan,nan,10,62989,32796800,32796800,3940,2853321600,2853321600,292665,False
88,2.8260610021221866,0.24596914799993358,nan,nan,nan,10,60223,32796800,32796800,3768,2886118400,2886118400,296433,False
89,2.7687419170782808,0.2486893474623536,nan,nan,nan,10,35860,32796800,32796800,2245,2918915200,2918915200,298678,False
90,2.792653947439362,0.253556309326602,2.80771168704228,0.25443953244417805,16.571952982437804,10,38031,32796800,32796800,2380,2951712000,2951712000,301058,False
91,2.7687151761105535,0.25300173537826554,nan,nan,nan,10,85284,32796800,32796800,5334,2984508800,2984508800,306392,False
92,2.779751752602462,0.2520903753780466,nan,nan,nan,10,67452,32796800,32796800,4220,3017305600,3017305600,310612,False
93,2.766392246721923,0.2540511180180452,nan,nan,nan,10,33139,32796800,32796800,2075,3050102400,3050102400,312687,False
94,2.755693125368695,0.25783207411579623,nan,nan,nan,10,51487,32796800,32796800,3223,3082899200,3082899200,315910,False
95,2.760528818414097,0.25893835687255734,nan,nan,nan,10,48359,32796800,32796800,3028,3115696000,3115696000,318938,False
96,2.7570466568150405,0.25914757900840824,nan,nan,nan,10,51735,32796800,32796800,3238,3148492800,3148492800,322176,False
97,2.7273029362839334,0.2626068201053867,nan,nan,nan,10,73254,32796800,32796800,4582,3181289600,3181289600,326758,False
98,2.730386554064616,0.2603906265878097,nan,nan,nan,10,49203,32796800,32796800,3079,3214086400,3214086400,329837,False
99,2.7364441826555224,0.26597157223395224,nan,nan,nan,10,45941,32796800,32796800,2876,3246883200,3246883200,332713,False
100,2.7330016339031458,0.26114071671300587,2.754999064155806,0.26453619061891204,15.721026190365631,10,51792,32796800,32796800,3242,3279680000,3279680000,335955,False
101,2.747720867706532,0.26110158185629884,nan,nan,nan,10,47223,32796800,32796800,2955,3312476800,3312476800,338910,False
102,2.7165446916031035,0.26658586094601106,nan,nan,nan,10,68477,32796800,32796800,4286,3345273600,3345273600,343196,False
103,2.7231548739640647,0.26606407262613807,nan,nan,nan,10,76226,32796800,32796800,4769,3378070400,3378070400,347965,False
104,2.679165150603727,0.2740521129113078,nan,nan,nan,10,47896,32796800,32796800,2998,3410867200,3410867200,350963,False
105,2.7029660650438525,0.2700310188499165,nan,nan,nan,10,41910,32796800,32796800,2625,3443664000,3443664000,353588,False
106,2.7012713294294346,0.2696696457069901,nan,nan,nan,10,50128,32796800,32796800,3139,3476460800,3476460800,356727,False
107,2.695233533186968,0.2730205130789779,nan,nan,nan,10,39682,32796800,32796800,2485,3509257600,3509257600,359212,False
108,2.7166444278764144,0.2738424472759972,nan,nan,nan,10,58939,32796800,32796800,3689,3542054400,3542054400,362901,False
109,2.684655732252465,0.2740394141226319,nan,nan,nan,10,65611,32796800,32796800,4106,3574851200,3574851200,367007,False
110,2.676063186235847,0.2758332985691043,2.706844059330903,0.27824816424396825,14.981918779879841,10,47942,32796800,32796800,3001,3607648000,3607648000,370008,False
111,2.6794609165284005,0.2784361356399567,nan,nan,nan,10,60926,32796800,32796800,3813,3640444800,3640444800,373821,False
112,2.669522010687831,0.2787485577646606,nan,nan,nan,10,59803,32796800,32796800,3743,3673241600,3673241600,377564,False
113,2.639151806729182,0.28357717457778614,nan,nan,nan,10,85028,32796800,32796800,5319,3706038400,3706038400,382883,False
114,2.647806873401748,0.2834138486312399,nan,nan,nan,10,63963,32796800,32796800,4002,3738835200,3738835200,386885,False
115,2.6396011047518684,0.28312508907786593,nan,nan,nan,10,42098,32796800,32796800,2636,3771632000,3771632000,389521,False
116,2.6469959754240406,0.2801959121510531,nan,nan,nan,10,57781,32796800,32796800,3615,3804428800,3804428800,393136,False
117,2.661803245557752,0.2760103901907661,nan,nan,nan,10,35803,32796800,32796800,2243,3837225600,3837225600,395379,False
118,2.671404868579528,0.2811062477348128,nan,nan,nan,10,35869,32796800,32796800,2246,3870022400,3870022400,397625,False
119,2.6624169625909517,0.28444046941485757,nan,nan,nan,10,36897,32796800,32796800,2312,3902819200,3902819200,399937,False
120,2.638977602644036,0.28761488107869865,2.6570133865638845,0.2858347070283231,14.25365530658766,10,61259,32796800,32796800,3833,3935616000,3935616000,403770,False
121,2.643741496982832,0.28483131940124673,nan,nan,nan,10,75557,32796800,32796800,4726,3968412800,3968412800,408496,False
122,2.606847095432264,0.288808864265928,nan,nan,nan,10,54150,32796800,32796800,3389,4001209600,4001209600,411885,False
123,2.616372562760592,0.288824531516184,nan,nan,nan,10,58700,32796800,32796800,3673,4034006400,4034006400,415558,False
124,2.605449280253059,0.28933245457113266,nan,nan,nan,10,21242,32796800,32796800,1333,4066803200,4066803200,416891,False
125,2.6172514791111574,0.2890346585486657,nan,nan,nan,10,82779,32796800,32796800,5179,4099600000,4099600000,422070,False
126,2.606623013184341,0.2899225510459016,nan,nan,nan,10,44029,32796800,32796800,2757,4132396800,4132396800,424827,False
127,2.5994820713059714,0.291437049597287,nan,nan,nan,10,51898,32796800,32796800,3249,4165193600,4165193600,428076,False
128,2.6057735105649256,0.2946276293348494,nan,nan,nan,10,56288,32796800,32796800,3522,4197990400,4197990400,431598,False
129,2.6067247676510696,0.2938659373138937,nan,nan,nan,10,45337,32796800,32796800,2840,4230787200,4230787200,434438,False
130,2.577532175779718,0.29776091978160435,2.608196040777615,0.29909710774763976,13.574540832815353,10,76192,32796800,32796800,4766,4263584000,4263584000,439204,False
131,2.563380367441982,0.2979993090235246,nan,nan,nan,10,31839,32796800,32796800,1994,4296380800,4296380800,441198,False
132,2.5734738277331863,0.3002001794712501,nan,nan,nan,10,43461,32796800,32796800,2722,4329177600,4329177600,443920,False
133,2.583350988324183,0.30175983436853004,nan,nan,nan,10,52164,32796800,32796800,3264,4361974400,4361974400,447184,False
134,2.5648314586827587,0.29951406038397194,nan,nan,nan,10,62765,32796800,32796800,3928,4394771200,4394771200,451112,False
135,2.584928140153102,0.29997540753232155,nan,nan,nan,10,56928,32796800,32796800,3560,4427568000,4427568000,454672,False
136,2.553937037284851,0.299728,nan,nan,nan,10,62500,32796800,32796800,3911,4460364800,4460364800,458583,False
137,2.5440817188314426,0.3042419860207279,nan,nan,nan,10,41490,32796800,32796800,2598,4493161600,4493161600,461181,False
138,2.565103128042723,0.3027261419390505,nan,nan,nan,10,57884,32796800,32796800,3621,4525958400,4525958400,464802,False
139,2.5815827675531278,0.3030688792907479,nan,nan,nan,10,43990,32796800,32796800,2754,4558755200,4558755200,467556,False
140,2.5370559255647116,0.3064851268591426,2.561298241737488,0.3108796643188971,12.952622039427334,10,54864,32796800,32796800,3434,4591552000,4591552000,470990,False
141,2.5414417164578773,0.3080268880980625,nan,nan,nan,10,70812,32796800,32796800,4432,4624348800,4624348800,475422,False
142,2.4996903589781834,0.31085432169433314,nan,nan,nan,10,83856,32796800,32796800,5247,4657145600,4657145600,480669,False
143,2.523915948177063,0.3103511810443306,nan,nan,nan,10,54274,32796800,32796800,3397,4689942400,4689942400,484066,False
144,2.521364974870146,0.3099371863875491,nan,nan,nan,10,82307,32796800,32796800,5151,4722739200,4722739200,489217,False
145,2.527213256662488,0.31074716125627844,nan,nan,nan,10,51167,32796800,32796800,3201,4755536000,4755536000,492418,False
146,2.4922594957437125,0.3144872283644682,nan,nan,nan,10,26230,32796800,32796800,1644,4788332800,4788332800,494062,False
147,2.5300788104312244,0.31036972848064703,nan,nan,nan,10,62316,32796800,32796800,3900,4821129600,4821129600,497962,False
148,2.4873476205353495,0.3201035375323555,nan,nan,nan,10,45201,32796800,32796800,2831,4853926400,4853926400,500793,False
149,2.511201328208769,0.31607509533587563,nan,nan,nan,10,34090,32796800,32796800,2136,4886723200,4886723200,502929,False
150,2.4965839157891128,0.315775274836447,2.516204179896419,0.3186909935561217,12.381509370486619,10,29654,32796800,32796800,1857,4919520000,4919520000,504786,False
151,2.4991923894947394,0.31799257342185216,nan,nan,nan,10,35548,32796800,32796800,2226,4952316800,4952316800,507012,False
152,2.4928227943366124,0.31591819221967965,nan,nan,nan,10,69920,32796800,32796800,4374,4985113600,4985113600,511386,False
153,2.4764757195277434,0.3223409394447444,nan,nan,nan,10,70382,32796800,32796800,4404,5017910400,5017910400,515790,False
154,2.4839249910489363,0.31825282206961597,nan,nan,nan,10,67858,32796800,32796800,4247,5050707200,5050707200,520037,False
155,2.4792637996908096,0.3217020750988142,nan,nan,nan,10,48576,32796800,32796800,3041,5083504000,5083504000,523078,False
156,2.4616727329079575,0.3311577075698766,nan,nan,nan,10,46117,32796800,32796800,2888,5116300800,5116300800,525966,False
157,2.48806197174532,0.32188574291291655,nan,nan,nan,10,57887,32796800,32796800,3622,5149097600,5149097600,529588,False
158,2.45639544160259,0.32480495219955313,nan,nan,nan,10,54602,32796800,32796800,3419,5181894400,5181894400,533007,False
159,2.4802802717896073,0.32467008228535943,nan,nan,nan,10,96615,32796800,32796800,6044,5214691200,5214691200,539051,False
160,2.468732616732851,0.3198233599041952,2.476638574677394,0.3291810280233778,11.901192136972835,10,26721,32796800,32796800,1675,5247488000,5247488000,540726,False
161,2.4679821569289264,0.3250097248189929,nan,nan,nan,10,79693,32796800,32796800,4987,5280284800,5280284800,545713,False
162,2.4486126212188433,0.33099559304364307,nan,nan,nan,10,42206,32796800,32796800,2641,5313081600,5313081600,548354,False
163,2.430284362501907,0.3298404580577019,nan,nan,nan,10,71956,32796800,32796800,4503,5345878400,5345878400,552857,False
164,2.453403014911417,0.3285839040308866,nan,nan,nan,10,43514,32796800,32796800,2724,5378675200,5378675200,555581,False
165,2.407341348086815,0.3382060669456067,nan,nan,nan,10,76480,32796800,32796800,4785,5411472000,5411472000,560366,False
166,2.4177515012215447,0.3321109917316766,nan,nan,nan,10,42814,32796800,32796800,2680,5444268800,5444268800,563046,False
167,2.3759552002147943,0.34345481287792123,nan,nan,nan,10,61190,32796800,32796800,3827,5477065600,5477065600,566873,False
168,2.4410825611963904,0.3381154882626914,nan,nan,nan,10,64197,32796800,32796800,4018,5509862400,5509862400,570891,False
169,2.420830719956917,0.33524609559867485,nan,nan,nan,10,50712,32796800,32796800,3174,5542659200,5542659200,574065,False
170,2.379284030398809,0.34440536667969257,2.434058014785227,0.34156301513562115,11.405070244168746,10,53739,32796800,32796800,3364,5575456000,5575456000,577429,False
171,2.4239739437744463,0.33790998112317133,nan,nan,nan,10,67808,32796800,32796800,4242,5608252800,5608252800,581671,False
172,2.413739553817195,0.3405482063562179,nan,nan,nan,10,43013,32796800,32796800,2693,5641049600,5641049600,584364,False
173,2.393010904335734,0.3416149068322981,nan,nan,nan,10,40894,32796800,32796800,2561,5673846400,5673846400,586925,False
174,2.398885124653342,0.3371073172077116,nan,nan,nan,10,72514,32796800,32796800,4538,5706643200,5706643200,591463,False
175,2.3631391621676414,0.3485045855866525,nan,nan,nan,10,75999,32796800,32796800,4756,5739440000,5739440000,596219,False
176,2.4183782577545068,0.3421791273284001,nan,nan,nan,10,39190,32796800,32796800,2455,5772236800,5772236800,598674,False
177,2.3792173269768613,0.34557335581787524,nan,nan,nan,10,23720,32796800,32796800,1488,5805033600,5805033600,600162,False
178,2.390277860215927,0.3433293158744101,nan,nan,nan,10,48953,32796800,32796800,3065,5837830400,5837830400,603227,False
179,2.394319055145689,0.34554148930289125,nan,nan,nan,10,36178,32796800,32796800,2265,5870627200,5870627200,605492,False
180,2.3784952589594135,0.3450534247785006,2.3910780247765895,0.3518844597632249,10.925265303680948,10,67946,32796800,32796800,4252,5903424000,5903424000,609744,False
181,2.344502431521478,0.3513884820138798,nan,nan,nan,10,98993,32796800,32796800,6192,5936220800,5936220800,615936,False
182,2.385879834525856,0.3423298390668832,nan,nan,nan,10,33865,32796800,32796800,2121,5969017600,5969017600,618057,False
183,2.3539429349489343,0.35114118947429657,nan,nan,nan,10,103138,32796800,32796800,6452,6001814400,6001814400,624509,False
184,2.3646682453636774,0.3502965969403684,nan,nan,nan,10,41639,32796800,32796800,2608,6034611200,6034611200,627117,False
185,2.374179482653504,0.3484044865663855,nan,nan,nan,10,34503,32796800,32796800,2161,6067408000,6067408000,629278,False
186,2.3483303461941554,0.3479677150819791,nan,nan,nan,10,27629,32796800,32796800,1732,6100204800,6100204800,631010,False
187,2.3513478954014744,0.3521093151476332,nan,nan,nan,10,79623,32796800,32796800,4980,6133001600,6133001600,635990,False
188,2.341667382792186,0.35285583687745936,nan,nan,nan,10,50318,32796800,32796800,3151,6165798400,6165798400,639141,False
189,2.3478214327701368,0.35443641274128207,nan,nan,nan,10,37767,32796800,32796800,2365,6198595200,6198595200,641506,False
190,2.3245873304760343,0.35785003387004327,2.3496763380717502,0.3601078974973775,10.482176494171066,10,38382,32796800,32796800,2403,6231392000,6231392000,643909,False
191,2.343955723847009,0.35724580982580406,nan,nan,nan,10,48566,32796800,32796800,3041,6264188800,6264188800,646950,False
192,2.2946340474754834,0.36392538615198494,nan,nan,nan,10,71086,32796800,32796800,4448,6296985600,6296985600,651398,False
193,2.290664726290091,0.3672750284045965,nan,nan,nan,10,69531,32796800,32796800,4348,6329782400,6329782400,655746,False
194,2.322000490443098,0.3560265409080939,nan,nan,nan,10,36472,32796800,32796800,2283,6362579200,6362579200,658029,False
195,2.304122002338699,0.3578999260537343,nan,nan,nan,10,40570,32796800,32796800,2540,6395376000,6395376000,660569,False
196,2.3109047998461083,0.35774286852451637,nan,nan,nan,10,57737,32796800,32796800,3613,6428172800,6428172800,664182,False
197,2.3145166814104003,0.3583818099715781,nan,nan,nan,10,75294,32796800,32796800,4711,6460969600,6460969600,668893,False
198,2.3238501476343654,0.3595608417200366,nan,nan,nan,10,67766,32796800,32796800,4240,6493766400,6493766400,673133,False
199,2.295248833873119,0.36584547050924493,nan,nan,nan,10,38724,32796800,32796800,2426,6526563200,6526563200,675559,False
200,2.326010575813515,0.3640120473488828,2.318728994147702,0.3671137419451521,10.162749180174565,10,28554,32796800,32796800,1788,6559360000,6559360000,677347,False
201,2.3083389896045934,0.3600852813523186,nan,nan,nan,10,52532,32796800,32796800,3287,6592156800,6592156800,680634,False
202,2.2848777534243254,0.36819429426931716,nan,nan,nan,10,60115,32796800,32796800,3763,6624953600,6624953600,684397,False
203,2.2785616728465135,0.37135531989278636,nan,nan,nan,10,42905,32796800,32796800,2686,6657750400,6657750400,687083,False
204,2.335112878334107,0.36166001160369954,nan,nan,nan,10,29301,32796800,32796800,1837,6690547200,6690547200,688920,False
205,2.287101875960017,0.3658827341959677,nan,nan,nan,10,86402,32796800,32796800,5405,6723344000,6723344000,694325,False
206,2.303240959341399,0.364092839400657,nan,nan,nan,10,37441,32796800,32796800,2345,6756140800,6756140800,696670,False
207,2.264428573540395,0.3690657593017235,nan,nan,nan,10,67595,32796800,32796800,4228,6788937600,6788937600,700898,False
208,2.2875851761395167,0.3692453575661794,nan,nan,nan,10,63275,32796800,32796800,3960,6821734400,6821734400,704858,False
209,2.264740621604975,0.37352971085725906,nan,nan,nan,10,59002,32796800,32796800,3691,6854531200,6854531200,708549,False
210,2.2630567287751835,0.37061020181153664,2.2903829909292774,0.3729207253109546,9.87872041706278,10,50344,32796800,32796800,3151,6887328000,6887328000,711700,False
211,2.2863396737391923,0.3692702282043975,nan,nan,nan,10,91234,32796800,32796800,5706,6920124800,6920124800,717406,False
212,2.264538996231824,0.3686001176989848,nan,nan,nan,10,54376,32796800,32796800,3403,6952921600,6952921600,720809,False
213,2.265497485422352,0.37396777912810447,nan,nan,nan,10,64182,32796800,32796800,4017,6985718400,6985718400,724826,False
214,2.273781538493037,0.37397282345990657,nan,nan,nan,10,37238,32796800,32796800,2331,7018515200,7018515200,727157,False
215,2.2348488282872876,0.3724747994239868,nan,nan,nan,10,24305,32796800,32796800,1524,7051312000,7051312000,728681,False
216,2.2494519093434433,0.37242011524358304,nan,nan,nan,10,76360,32796800,32796800,4777,7084108800,7084108800,733458,False
217,2.2510288196331727,0.37534406097819184,nan,nan,nan,10,37784,32796800,32796800,2366,7116905600,7116905600,735824,False
218,2.2834486698860426,0.3706442948081098,nan,nan,nan,10,54354,32796800,32796800,3402,7149702400,7149702400,739226,False
219,2.2478604665606015,0.3759534583063995,nan,nan,nan,10,46410,32796800,32796800,2906,7182499200,7182499200,742132,False
220,2.2061424567222017,0.3869996901878052,2.2572253996261535,0.38327963434737,9.556536777149002,10,67783,32796800,32796800,4241,7215296000,7215296000,746373,False
221,2.2565151418256293,0.37853748215368366,nan,nan,nan,10,51131,32796800,32796800,3202,7248092800,7248092800,749575,False
222,2.2402424395533065,0.3793029091194229,nan,nan,nan,10,51012,32796800,32796800,3193,7280889600,7280889600,752768,False
223,2.2504891986092086,0.38002808002808003,nan,nan,nan,10,56980,32796800,32796800,3565,7313686400,7313686400,756333,False
224,2.1975898909724845,0.3896238591315571,nan,nan,nan,10,43388,32796800,32796800,2716,7346483200,7346483200,759049,False
225,2.2518759724838993,0.37871470067547824,nan,nan,nan,10,58181,32796800,32796800,3642,7379280000,7379280000,762691,False
226,2.2467061264503307,0.38360490508987066,nan,nan,nan,10,29765,32796800,32796800,1865,7412076800,7412076800,764556,False
227,2.216391965929023,0.385393279987719,nan,nan,nan,10,52113,32796800,32796800,3263,7444873600,7444873600,767819,False
228,2.2243880587120577,0.3830957011807587,nan,nan,nan,10,65297,32796800,32796800,4086,7477670400,7477670400,771905,False
229,2.203064611611633,0.390966384042286,nan,nan,nan,10,83621,32796800,32796800,5232,7510467200,7510467200,777137,False
230,2.23367087935177,0.3820476858345021,2.229280985403897,0.38925520755282483,9.293181743386215,10,46345,32796800,32796800,2901,7543264000,7543264000,780038,False
231,2.2012277040214325,0.3910535783831902,nan,nan,nan,10,53921,32796800,32796800,3375,7576060800,7576060800,783413,False
232,2.1729616677246946,0.3948071300044984,nan,nan,nan,10,71136,32796800,32796800,4451,7608857600,7608857600,787864,False
233,2.2086045073511906,0.38882698043328634,nan,nan,nan,10,61022,32796800,32796800,3819,7641654400,7641654400,791683,False
234,2.2151001147456455,0.38856906415284426,nan,nan,nan,10,55586,32796800,32796800,3479,7674451200,7674451200,795162,False
235,2.194765395626196,0.3876590462397848,nan,nan,nan,10,77336,32796800,32796800,4839,7707248000,7707248000,800001,False
236,2.2062271950241135,0.3901662964519421,nan,nan,nan,10,49971,32796800,32796800,3128,7740044800,7740044800,803129,False
237,2.203259956266051,0.39347711730668067,nan,nan,nan,10,49426,32796800,32796800,3094,7772841600,7772841600,806223,False
238,2.1772986699602317,0.3941125258461204,nan,nan,nan,10,36756,32796800,32796800,2301,7805638400,7805638400,808524,False
239,2.1633626637839614,0.39339749114239203,nan,nan,nan,10,41772,32796800,32796800,2615,7838435200,7838435200,811139,False
240,2.2072341493165455,0.39101551068188467,2.1987410193348547,0.39614865877416455,9.013658331404017,10,68340,32796800,32796800,4277,7871232000,7871232000,815416,False
241,2.192855993657308,0.3880059559985414,nan,nan,nan,10,65816,32796800,32796800,4118,7904028800,7904028800,819534,False
242,2.1493246615733352,0.4015495903986164,nan,nan,nan,10,85571,32796800,32796800,5353,7936825600,7936825600,824887,False
243,2.193421847831634,0.3908492658515572,nan,nan,nan,10,54553,32796800,32796800,3415,7969622400,7969622400,828302,False
244,2.2150185007483896,0.3900934780272913,nan,nan,nan,10,46535,32796800,32796800,2913,8002419200,8002419200,831215,False
245,2.1921184685025112,0.3923546258249284,nan,nan,nan,10,40155,32796800,32796800,2514,8035216000,8035216000,833729,False
246,2.1640461545061114,0.39711270168627927,nan,nan,nan,10,41215,32796800,32796800,2580,8068012800,8068012800,836309,False
247,2.1775968574876687,0.3984192500219549,nan,nan,nan,10,56935,32796800,32796800,3563,8100809600,8100809600,839872,False
248,2.1351249755574337,0.3980414622019499,nan,nan,nan,10,46259,32796800,32796800,2896,8133606400,8133606400,842768,False
249,2.2330839270638623,0.39070551252552094,nan,nan,nan,10,30857,32796800,32796800,1933,8166403200,8166403200,844701,False
250,2.176820106097321,0.39550018196219466,2.1753513246002036,0.4002697437434437,8.805278089642542,10,46713,32796800,32796800,2924,8199200000,8199200000,847625,False
251,2.1239344477470747,0.41009382473784267,nan,nan,nan,10,81535,32796800,32796800,5099,8231996800,8231996800,852724,False
252,2.164080468033424,0.4001078748651564,nan,nan,nan,10,55620,32796800,32796800,3481,8264793600,8264793600,856205,False
253,2.1499863456438586,0.4019673123486683,nan,nan,nan,10,33040,32796800,32796800,2070,8297590400,8297590400,858275,False
254,2.156003911755237,0.4006269352804006,nan,nan,nan,10,26159,32796800,32796800,1639,8330387200,8330387200,859914,False
255,2.145183548482209,0.4047095412640231,nan,nan,nan,10,90030,32796800,32796800,5633,8363184000,8363184000,865547,False
256,2.145739402981494,0.40302420471539613,nan,nan,nan,10,54163,32796800,32796800,3389,8395980800,8395980800,868936,False
257,2.127931898727225,0.4010981235672035,nan,nan,nan,10,35333,32796800,32796800,2214,8428777600,8428777600,871150,False
258,2.113138674535884,0.41092528505839043,nan,nan,nan,10,72529,32796800,32796800,4537,8461574400,8461574400,875687,False
259,2.1655581780459427,0.40051772264412805,nan,nan,nan,10,64127,32796800,32796800,4012,8494371200,8494371200,879699,False
260,2.1595403534013,0.3997250780377445,2.1497452490586633,0.40794994754982766,8.582671674966567,10,69838,32796800,32796800,4370,8527168000,8527168000,884069,False
261,2.1522597083194017,0.4030124594640724,nan,nan,nan,10,93744,32796800,32796800,5864,8559964800,8559964800,889933,False
262,2.134010883945215,0.4090763356553674,nan,nan,nan,10,68618,32796800,32796800,4293,8592761600,8592761600,894226,False
263,2.1402930112193594,0.4058670391770906,nan,nan,nan,10,31498,32796800,32796800,1976,8625558400,8625558400,896202,False
264,2.1337527026008463,0.4044961888527964,nan,nan,nan,10,62186,32796800,32796800,3891,8658355200,8658355200,900093,False
265,2.1091251490947194,0.4066826198706018,nan,nan,nan,10,56415,32796800,32796800,3531,8691152000,8691152000,903624,False
266,2.150489174779318,0.4021742771952159,nan,nan,nan,10,59698,32796800,32796800,3735,8723948800,8723948800,907359,False
267,2.1192315330126026,0.4075730093783833,nan,nan,nan,10,71121,32796800,32796800,4450,8756745600,8756745600,911809,False
268,2.132290227070841,0.4134211287495959,nan,nan,nan,10,58773,32796800,32796800,3679,8789542400,8789542400,915488,False
269,2.1156105258139988,0.41011576135351735,nan,nan,nan,10,56150,32796800,32796800,3512,8822339200,8822339200,919000,False
270,2.0986742870847435,0.41370573159366264,2.1242800921170444,0.411246815525251,8.366871942401554,10,68672,32796800,32796800,4296,8855136000,8855136000,923296,False
271,2.1066189640380055,0.40874551466966863,nan,nan,nan,10,56852,32796800,32796800,3558,8887932800,8887932800,926854,False
272,2.108569760760396,0.411827478879502,nan,nan,nan,10,44980,32796800,32796800,2815,8920729600,8920729600,929669,False
273,2.1262235880402374,0.4081679140904653,nan,nan,nan,10,30730,32796800,32796800,1924,8953526400,8953526400,931593,False
274,2.1427858203457286,0.4055005552536446,nan,nan,nan,10,42323,32796800,32796800,2651,8986323200,8986323200,934244,False
275,2.1501260068953982,0.40472380952380954,nan,nan,nan,10,39375,32796800,32796800,2467,9019120000,9019120000,936711,False
276,2.1200479280517297,0.40399156255070584,nan,nan,nan,10,30815,32796800,32796800,1930,9051916800,9051916800,938641,False
277,2.0956323840555413,0.4152100735569131,nan,nan,nan,10,40105,32796800,32796800,2511,9084713600,9084713600,941152,False
278,2.1001932824573646,0.4138811037437054,nan,nan,nan,10,43887,32796800,32796800,2748,9117510400,9117510400,943900,False
279,2.08036988198345,0.42077179202595405,nan,nan,nan,10,46852,32796800,32796800,2933,9150307200,9150307200,946833,False
280,2.0808254606895504,0.4143151852184052,2.106279727456167,0.41673535141615464,8.217612587916449,10,55745,32796800,32796800,3489,9183104000,9183104000,950322,False
281,2.115372898240777,0.41199933174623066,nan,nan,nan,10,47886,32796800,32796800,2998,9215900800,9215900800,953320,False
282,2.0709580520064774,0.4165218830148093,nan,nan,nan,10,24174,32796800,32796800,1516,9248697600,9248697600,954836,False
283,2.0737358157827357,0.4198620567297243,nan,nan,nan,10,45091,32796800,32796800,2824,9281494400,9281494400,957660,False
284,2.0919222496573924,0.41926351730993644,nan,nan,nan,10,46274,32796800,32796800,2897,9314291200,9314291200,960557,False
285,2.05249322090276,0.4261726910172818,nan,nan,nan,10,63188,32796800,32796800,3954,9347088000,9347088000,964511,False
286,2.111129795492426,0.41143607705779334,nan,nan,nan,10,57100,32796800,32796800,3574,9379884800,9379884800,968085,False
287,2.0755337165305603,0.41776391776391775,nan,nan,nan,10,51948,32796800,32796800,3252,9412681600,9412681600,971337,False
288,2.0949121077605986,0.41292994543062916,nan,nan,nan,10,76783,32796800,32796800,4804,9445478400,9445478400,976141,False
289,2.0700733200665917,0.42014171944566375,nan,nan,nan,10,31894,32796800,32796800,1998,9478275200,9478275200,978139,False
290,2.0601485856786512,0.42428319569453465,2.08536963332062,0.4212498126779559,8.047565580389227,10,43108,32796800,32796800,2698,9511072000,9511072000,980837,False
291,2.0769993457240252,0.4186581002376662,nan,nan,nan,10,38289,32796800,32796800,2397,9543868800,9543868800,983234,False
292,2.0701462120678498,0.41805565071007017,nan,nan,nan,10,102173,32796800,32796800,6392,9576665600,9576665600,989626,False
293,2.1029712202514452,0.4110021445266379,nan,nan,nan,10,41501,32796800,32796800,2598,9609462400,9609462400,992224,False
294,2.0636961621174845,0.4229372705570824,nan,nan,nan,10,49849,32796800,32796800,3120,9642259200,9642259200,995344,False
295,2.0564328249491775,0.42265924685288236,nan,nan,nan,10,55527,32796800,32796800,3475,9675056000,9675056000,998819,False
296,2.0668239236582964,0.4193554185465461,nan,nan,nan,10,55633,32796800,32796800,3482,9707852800,9707852800,1002301,False
297,2.0536006424899935,0.42317371900271805,nan,nan,nan,10,59602,32796800,32796800,3729,9740649600,9740649600,1006030,False
298,2.106996102619956,0.41400886637112094,nan,nan,nan,10,39475,32796800,32796800,2473,9773446400,9773446400,1008503,False
299,2.063240448621261,0.42241288417945067,nan,nan,nan,10,75876,32796800,32796800,4747,9806243200,9806243200,1013250,False
300,2.0416287441436554,0.4240088511893786,2.0644012818750226,0.4257455417353514,7.880578239896036,10,54230,32796800,32796800,3395,9839040000,9839040000,1016645,False
301,2.0711556525883217,0.4205350858932802,nan,nan,nan,10,100881,32796800,32796800,6311,9871836800,9871836800,1022956,False
302,2.0659021194918465,0.42393100754229396,nan,nan,nan,10,33279,32796800,32796800,2084,9904633600,9904633600,1025040,False
303,2.0441472887783267,0.42339435308718587,nan,nan,nan,10,48345,32796800,32796800,3025,9937430400,9937430400,1028065,False
304,2.065030992140064,0.4205648099615193,nan,nan,nan,10,78221,32796800,32796800,4895,9970227200,9970227200,1032960,False
305,2.0588004927970034,0.42402094622029934,nan,nan,nan,10,71421,32796800,32796800,4469,10003024000,10003024000,1037429,False
306,2.07550665508487,0.41877536615493205,nan,nan,nan,10,56670,32796800,32796800,3546,10035820800,10035820800,1040975,False
307,2.0420840026031497,0.42379165347922415,nan,nan,nan,10,44234,32796800,32796800,2769,10068617600,10068617600,1043744,False
308,2.027956635058466,0.42651513937198454,nan,nan,nan,10,62387,32796800,32796800,3903,10101414400,10101414400,1047647,False
309,2.041980974224873,0.4232243903134309,nan,nan,nan,10,70159,32796800,32796800,4389,10134211200,10134211200,1052036,False
310,2.0341977754924923,0.4259977031294861,2.049133553670011,0.42825565712573055,7.761173551854808,10,55728,32796800,32796800,3487,10167008000,10167008000,1055523,False
311,2.0462577147775014,0.42478640165482506,nan,nan,nan,10,55595,32796800,32796800,3479,10199804800,10199804800,1059002,False
312,2.024334530301627,0.43076151362197074,nan,nan,nan,10,31897,32796800,32796800,1998,10232601600,10232601600,1061000,False
313,2.0258525324942838,0.4296202907149214,nan,nan,nan,10,53936,32796800,32796800,3377,10265398400,10265398400,1064377,False
314,2.03796112700305,0.4286371802295369,nan,nan,nan,10,67353,32796800,32796800,4213,10298195200,10298195200,1068590,False
315,2.0510940714970713,0.4229480631925012,nan,nan,nan,10,79693,32796800,32796800,4987,10330992000,10330992000,1073577,False
316,2.041860399036301,0.4230534882708796,nan,nan,nan,10,45954,32796800,32796800,2878,10363788800,10363788800,1076455,False
317,2.0247388556156074,0.42883681655055944,nan,nan,nan,10,47370,32796800,32796800,2965,10396585600,10396585600,1079420,False
318,2.0345424112432773,0.4261470890570975,nan,nan,nan,10,53505,32796800,32796800,3349,10429382400,10429382400,1082769,False
319,2.0193681891351534,0.4327278572576756,nan,nan,nan,10,43547,32796800,32796800,2726,10462179200,10462179200,1085495,False
320,1.9958088464571866,0.4365020595177489,2.028766359719097,0.43406264049153304,7.604699106582241,10,43214,32796800,32796800,2706,10494976000,10494976000,1088201,False
321,2.0227987123950246,0.42943588091018137,nan,nan,nan,10,55857,32796800,32796800,3496,10527772800,10527772800,1091697,False
322,2.023782762081019,0.43013100436681223,nan,nan,nan,10,36182,32796800,32796800,2265,10560569600,10560569600,1093962,False
323,2.0497878411422383,0.4271624334468011,nan,nan,nan,10,68742,32796800,32796800,4300,10593366400,10593366400,1098262,False
324,2.0171582996397017,0.43622210479248813,nan,nan,nan,10,49202,32796800,32796800,3079,10626163200,10626163200,1101341,False
325,1.9780521465744838,0.4385733553124532,nan,nan,nan,10,33365,32796800,32796800,2090,10658960000,10658960000,1103431,False
326,2.0118585187993747,0.4310940499040307,nan,nan,nan,10,39075,32796800,32796800,2447,10691756800,10691756800,1105878,False
327,1.9731786303384826,0.441664641381578,nan,nan,nan,10,69949,32796800,32796800,4376,10724553600,10724553600,1110254,False
328,2.015118411015214,0.4295425052011453,nan,nan,nan,10,48547,32796800,32796800,3038,10757350400,10757350400,1113292,False
329,2.0071457061862397,0.43250654107796965,nan,nan,nan,10,47775,32796800,32796800,2991,10790147200,10790147200,1116283,False
330,2.0224116765276348,0.4281575567289853,2.0077833000659298,0.43617937958939007,7.446791735176026,10,70070,32796800,32796800,4385,10822944000,10822944000,1120668,False
331,1.9794897629666777,0.43942809215526957,nan,nan,nan,10,76306,32796800,32796800,4774,10855740800,10855740800,1125442,False
332,2.015596258403804,0.42854647535870244,nan,nan,nan,10,40075,32796800,32796800,2510,10888537600,10888537600,1127952,False
333,2.008708935115523,0.4317964222726127,nan,nan,nan,10,79380,32796800,32796800,4967,10921334400,10921334400,1132919,False
334,1.9847284292009493,0.4386846280163656,nan,nan,nan,10,71858,32796800,32796800,4494,10954131200,10954131200,1137413,False
335,2.017944085028646,0.4324314913471918,nan,nan,nan,10,57438,32796800,32796800,3596,10986928000,10986928000,1141009,False
336,2.0159220046580653,0.4321727549467275,nan,nan,nan,10,52560,32796800,32796800,3290,11019724800,11019724800,1144299,False
337,1.997475407167708,0.43809920800333474,nan,nan,nan,10,57576,32796800,32796800,3603,11052521600,11052521600,1147902,False
338,1.95980448727417,0.44545066666666666,nan,nan,nan,10,93750,32796800,32796800,5863,11085318400,11085318400,1153765,False
339,1.9579418924943215,0.4437276894920905,nan,nan,nan,10,55187,32796800,32796800,3455,11118115200,11118115200,1157220,False
340,1.9923995688115488,0.435324160933917,1.9871463095714856,0.4408436984864379,7.29468725252236,10,57564,32796800,32796800,3602,11150912000,11150912000,1160822,False
341,1.9769530151631334,0.4390232212609936,nan,nan,nan,10,41729,32796800,32796800,2612,11183708800,11183708800,1163434,False
342,1.9652211341553836,0.43928765633496464,nan,nan,nan,10,110340,32796800,32796800,6901,11216505600,11216505600,1170335,False
343,1.9701885017452476,0.44084061850385853,nan,nan,nan,10,70234,32796800,32796800,4394,11249302400,11249302400,1174729,False
344,1.950214616207654,0.4422786754821541,nan,nan,nan,10,72902,32796800,32796800,4561,11282099200,11282099200,1179290,False
345,2.0090365036198126,0.43034452658283096,nan,nan,nan,10,73318,32796800,32796800,4588,11314896000,11314896000,1183878,False
346,1.977075139790486,0.44027326726009186,nan,nan,nan,10,59429,32796800,32796800,3719,11347692800,11347692800,1187597,False
347,1.9800001592777319,0.4362364516872934,nan,nan,nan,10,52036,32796800,32796800,3258,11380489600,11380489600,1190855,False
348,1.9652722136964929,0.4404395513601719,nan,nan,nan,10,48413,32796800,32796800,3030,11413286400,11413286400,1193885,False
349,1.9824348208135432,0.4372400574988021,nan,nan,nan,10,52175,32796800,32796800,3265,11446083200,11446083200,1197150,False
350,1.9756310278289275,0.4402962918979901,1.967550810391303,0.4438783156001798,7.1531356312148136,10,67366,32796800,32796800,4215,11478880000,11478880000,1201365,False
351,1.988350254821182,0.4343468148123358,nan,nan,nan,10,59761,32796800,32796800,3740,11511676800,11511676800,1205105,False
352,1.9456228712236174,0.4450436362381998,nan,nan,nan,10,86969,32796800,32796800,5440,11544473600,11544473600,1210545,False
353,1.964830797317419,0.44289748874131746,nan,nan,nan,10,65505,32796800,32796800,4099,11577270400,11577270400,1214644,False
354,1.9699263924738337,0.43985511023088547,nan,nan,nan,10,76748,32796800,32796800,4801,11610067200,11610067200,1219445,False
355,1.9827606503915072,0.44020701437041504,nan,nan,nan,10,39804,32796800,32796800,2492,11642864000,11642864000,1221937,False
356,1.9580498017810244,0.44445655332752104,nan,nan,nan,10,27528,32796800,32796800,1725,11675660800,11675660800,1223662,False
357,1.9679567132024425,0.43907684826722027,nan,nan,nan,10,53469,32796800,32796800,3347,11708457600,11708457600,1227009,False
358,1.9644924467931402,0.44277818418271964,nan,nan,nan,10,49212,32796800,32796800,3082,11741254400,11741254400,1230091,False
359,1.9771868379751216,0.4411907197071648,nan,nan,nan,10,37154,32796800,32796800,2326,11774051200,11774051200,1232417,False
360,1.9839884156372412,0.4374441527019782,1.9497247714430392,0.4483927768619811,7.026753351238946,10,72743,32796800,32796800,4552,11806848000,11806848000,1236969,False
361,1.9340047407103385,0.4475075889192234,nan,nan,nan,10,52379,32796800,32796800,3278,11839644800,11839644800,1240247,False
362,1.927879060982452,0.45061688028598834,nan,nan,nan,10,91752,32796800,32796800,5739,11872441600,11872441600,1245986,False
363,1.9485936779545674,0.44474799157270856,nan,nan,nan,10,43193,32796800,32796800,2704,11905238400,11905238400,1248690,False
364,1.9495730092212342,0.44529228023203926,nan,nan,nan,10,67230,32796800,32796800,4206,11938035200,11938035200,1252896,False
365,1.9393530877643772,0.4459207853757617,nan,nan,nan,10,70896,32796800,32796800,4436,11970832000,11970832000,1257332,False
366,1.9229361031865098,0.44848343511784167,nan,nan,nan,10,68609,32796800,32796800,4294,12003628800,12003628800,1261626,False
367,1.9208250752935898,0.45032470550737724,nan,nan,nan,10,75299,32796800,32796800,4711,12036425600,12036425600,1266337,False
368,1.911730515970046,0.4541755079498881,nan,nan,nan,10,68806,32796800,32796800,4305,12069222400,12069222400,1270642,False
369,1.935408020778274,0.44653502877425133,nan,nan,nan,10,58038,32796800,32796800,3633,12102019200,12102019200,1274275,False
370,1.9324081872976968,0.44563635142095714,1.9318136927357288,0.4496665667615765,6.902017034570569,10,44653,32796800,32796800,2795,12134816000,12134816000,1277070,False
371,1.8890917736813873,0.45871312952058296,nan,nan,nan,10,74382,32796800,32796800,4653,12167612800,12167612800,1281723,False
372,1.9393308701355587,0.44991128086373344,nan,nan,nan,10,33251,32796800,32796800,2083,12200409600,12200409600,1283806,False
373,1.872423331627973,0.46248970467113776,nan,nan,nan,10,84990,32796800,32796800,5316,12233206400,12233206400,1289122,False
374,1.9365097233415542,0.4445846718678293,nan,nan,nan,10,52296,32796800,32796800,3271,12266003200,12266003200,1292393,False
375,1.9344907392319264,0.4470210435966496,nan,nan,nan,10,67574,32796800,32796800,4229,12298800000,12298800000,1296622,False
376,1.8862282092400422,0.46013114425868457,nan,nan,nan,10,79912,32796800,32796800,4999,12331596800,12331596800,1301621,False
377,1.9457017830073133,0.4447961440929446,nan,nan,nan,10,55603,32796800,32796800,3480,12364393600,12364393600,1305101,False
378,1.9027449456857892,0.45612571773949834,nan,nan,nan,10,82725,32796800,32796800,5174,12397190400,12397190400,1310275,False
379,1.9298013578492688,0.44695062682252074,nan,nan,nan,10,40123,32796800,32796800,2512,12429987200,12429987200,1312787,False
380,1.9067661783926948,0.451085303470206,1.916767328017372,0.4532818822118987,6.798944149660656,10,72330,32796800,32796800,4525,12462784000,12462784000,1317312,False
381,1.9401465781415081,0.44568562407577633,nan,nan,nan,10,50042,32796800,32796800,3132,12495580800,12495580800,1320444,False
382,1.9300727859466338,0.4487670338045036,nan,nan,nan,10,55111,32796800,32796800,3449,12528377600,12528377600,1323893,False
383,1.8720732210107767,0.4585688084338607,nan,nan,nan,10,67063,32796800,32796800,4196,12561174400,12561174400,1328089,False
384,1.9287844209385656,0.44688728287054647,nan,nan,nan,10,39435,32796800,32796800,2467,12593971200,12593971200,1330556,False
385,1.8676972362044466,0.462954078793345,nan,nan,nan,10,52111,32796800,32796800,3261,12626768000,12626768000,1333817,False
386,1.9013876164213772,0.45634277161032805,nan,nan,nan,10,32068,32796800,32796800,2009,12659564800,12659564800,1335826,False
387,1.917539647741792,0.4516346344362988,nan,nan,nan,10,25235,32796800,32796800,1581,12692361600,12692361600,1337407,False
388,1.8887137079602512,0.45820354389010876,nan,nan,nan,10,58749,32796800,32796800,3677,12725158400,12725158400,1341084,False
389,1.9025590625782338,0.45127691992813773,nan,nan,nan,10,43973,32796800,32796800,2754,12757955200,12757955200,1343838,False
390,1.8976850471653701,0.45558234421364985,1.8999107167332423,0.4568784654578151,6.685297530429782,10,32352,32796800,32796800,2027,12790752000,12790752000,1345865,False
391,1.8891957022933847,0.4590112325593109,nan,nan,nan,10,79412,32796800,32796800,4968,12823548800,12823548800,1350833,False
392,1.915868661813319,0.4487245199700351,nan,nan,nan,10,25363,32796800,32796800,1590,12856345600,12856345600,1352423,False
393,1.9247069010550641,0.4490442754047201,nan,nan,nan,10,41016,32796800,32796800,2567,12889142400,12889142400,1354990,False
394,1.8925863063099344,0.45439994044073856,nan,nan,nan,10,53728,32796800,32796800,3363,12921939200,12921939200,1358353,False
395,1.860218245339527,0.4621210913207788,nan,nan,nan,10,62713,32796800,32796800,3924,12954736000,12954736000,1362277,False
396,1.8772784556757172,0.45961831870138314,nan,nan,nan,10,39981,32796800,32796800,2503,12987532800,12987532800,1364780,False
397,1.891444325513584,0.4555744888023369,nan,nan,nan,10,49296,32796800,32796800,3086,13020329600,13020329600,1367866,False
398,1.9132296035033864,0.45639644746787605,nan,nan,nan,10,21168,32796800,32796800,1329,13053126400,13053126400,1369195,False
399,1.9325135907569138,0.44937470210399694,nan,nan,nan,10,44059,32796800,32796800,2759,13085923200,13085923200,1371954,False
400,1.9077203851587268,0.4511313979145935,1.88757212505372,0.4586580248763675,6.603317175071518,10,46226,32796800,32796800,2894,13118720000,13118720000,1374848,False
401,1.903348919228418,0.4537174670954839,nan,nan,nan,10,37001,32796800,32796800,2317,13151516800,13151516800,1377165,False
402,1.8800940438849916,0.45651972730357526,nan,nan,nan,10,32417,32796800,32796800,2030,13184313600,13184313600,1379195,False
403,1.891261510560703,0.4556769224074155,nan,nan,nan,10,45958,32796800,32796800,2877,13217110400,13217110400,1382072,False
404,1.8914563424801825,0.4568869648105489,nan,nan,nan,10,50356,32796800,32796800,3151,13249907200,13249907200,1385223,False
405,1.8671192025521552,0.4609378199440311,nan,nan,nan,10,73255,32796800,32796800,4583,13282704000,13282704000,1389806,False
406,1.8765299343874482,0.46232863707135535,nan,nan,nan,10,52666,32796800,32796800,3297,13315500800,13315500800,1393103,False
407,1.886467665619551,0.45458664436079743,nan,nan,nan,10,57384,32796800,32796800,3591,13348297600,13348297600,1396694,False
408,1.879386369169618,0.4562893702947696,nan,nan,nan,10,45561,32796800,32796800,2852,13381094400,13381094400,1399546,False
409,1.8748931848883867,0.460100831700973,nan,nan,nan,10,62282,32796800,32796800,3898,13413891200,13413891200,1403444,False
410,1.8792900385372422,0.45514352651631684,1.8726552127273333,0.4633972725910385,6.505547098467812,10,42257,32796800,32796800,2645,13446688000,13446688000,1406089,False
411,1.8806281019869093,0.4589458225952748,nan,nan,nan,10,69457,32796800,32796800,4346,13479484800,13479484800,1410435,False
412,1.8543624137643377,0.4628047733516483,nan,nan,nan,10,46592,32796800,32796800,2917,13512281600,13512281600,1413352,False
413,1.8514220593314763,0.4639104954714971,nan,nan,nan,10,46925,32796800,32796800,2938,13545078400,13545078400,1416290,False
414,1.901116067169981,0.455160793237035,nan,nan,nan,10,69437,32796800,32796800,4346,13577875200,13577875200,1420636,False
415,1.853269744054445,0.4686303582888884,nan,nan,nan,10,45187,32796800,32796800,2830,13610672000,13610672000,1423466,False
416,1.879643026113329,0.4581473044798785,nan,nan,nan,10,65850,32796800,32796800,4121,13643468800,13643468800,1427587,False
417,1.8770573858686541,0.4589846203542523,nan,nan,nan,10,55723,32796800,32796800,3486,13676265600,13676265600,1431073,False
418,1.8828331143048762,0.45586818269416074,nan,nan,nan,10,41512,32796800,32796800,2599,13709062400,13709062400,1433672,False
419,1.8761889174816104,0.4608008429926238,nan,nan,nan,10,56940,32796800,32796800,3563,13741859200,13741859200,1437235,False
420,1.8805397000782569,0.45481083950107626,1.8622518405374087,0.4635096658174734,6.438218301221202,10,33913,32796800,32796800,2124,13774656000,13774656000,1439359,False
421,1.8709596860930369,0.4601089394424864,nan,nan,nan,10,28089,32796800,32796800,1761,13807452800,13807452800,1441120,False
422,1.8252779684362261,0.4743413975659657,nan,nan,nan,10,47411,32796800,32796800,2967,13840249600,13840249600,1444087,False
423,1.8558994154514268,0.4644670904382336,nan,nan,nan,10,59466,32796800,32796800,3721,13873046400,13873046400,1447808,False
424,1.8500800554997658,0.4631128620233295,nan,nan,nan,10,32491,32796800,32796800,2036,13905843200,13905843200,1449844,False
425,1.8278014746616327,0.4717822195206255,nan,nan,nan,10,83901,32796800,32796800,5248,13938640000,13938640000,1455092,False
426,1.8548808911964025,0.46417337746817516,nan,nan,nan,10,60723,32796800,32796800,3800,13971436800,13971436800,1458892,False
427,1.8648463433859308,0.46146658693377185,nan,nan,nan,10,26756,32796800,32796800,1678,14004233600,14004233600,1460570,False
428,1.8606489505354062,0.4629757533897997,nan,nan,nan,10,55018,32796800,32796800,3444,14037030400,14037030400,1464014,False
429,1.8524285335108215,0.4642226268445797,nan,nan,nan,10,36797,32796800,32796800,2304,14069827200,14069827200,1466318,False
430,1.8704535805554348,0.4587516072999617,1.852452049115314,0.46695639142814327,6.375433247422667,10,44329,32796800,32796800,2775,14102624000,14102624000,1469093,False
431,1.8534668830696164,0.4606813913976572,nan,nan,nan,10,55915,32796800,32796800,3500,14135420800,14135420800,1472593,False
432,1.83862243546444,0.47270268054758585,nan,nan,nan,10,48796,32796800,32796800,3054,14168217600,14168217600,1475647,False
433,1.808103519440416,0.47555108961879045,nan,nan,nan,10,79615,32796800,32796800,4981,14201014400,14201014400,1480628,False
434,1.8605313573288602,0.4616486799585391,nan,nan,nan,10,65604,32796800,32796800,4104,14233811200,14233811200,1484732,False
435,1.8332219883491092,0.46592759737074463,nan,nan,nan,10,50965,32796800,32796800,3189,14266608000,14266608000,1487921,False
436,1.8361261929469004,0.4693029824707153,nan,nan,nan,10,60185,32796800,32796800,3767,14299404800,14299404800,1491688,False
437,1.836237610965821,0.4680677715026386,nan,nan,nan,10,54005,32796800,32796800,3379,14332201600,14332201600,1495067,False
438,1.8322616304024608,0.46638240751707527,nan,nan,nan,10,50658,32796800,32796800,3170,14364998400,14364998400,1498237,False
439,1.8324019033240169,0.4698663830352988,nan,nan,nan,10,75215,32796800,32796800,4704,14397795200,14397795200,1502941,False
440,1.809021496871909,0.4760181946466906,1.8400562728842962,0.4677618762175933,6.2968925953653,10,66613,32796800,32796800,4168,14430592000,14430592000,1507109,False
441,1.823539528574566,0.4750257113472746,nan,nan,nan,10,58340,32796800,32796800,3651,14463388800,14463388800,1510760,False
442,1.8207922585623055,0.4712450916230366,nan,nan,nan,10,48896,32796800,32796800,3059,14496185600,14496185600,1513819,False
443,1.8275206616870239,0.46425889917794505,nan,nan,nan,10,51943,32796800,32796800,3251,14528982400,14528982400,1517070,False
444,1.8503675944966815,0.4616323123354524,nan,nan,nan,10,62292,32796800,32796800,3899,14561779200,14561779200,1520969,False
445,1.8168897347697286,0.4718708141092424,nan,nan,nan,10,80628,32796800,32796800,5044,14594576000,14594576000,1526013,False
446,1.8183290803652734,0.47133868841859194,nan,nan,nan,10,40211,32796800,32796800,2518,14627372800,14627372800,1528531,False
447,1.8517066535503892,0.4668653399333266,nan,nan,nan,10,39596,32796800,32796800,2477,14660169600,14660169600,1531008,False
448,1.8051795311376253,0.4759091890558006,nan,nan,nan,10,64838,32796800,32796800,4057,14692966400,14692966400,1535065,False
449,1.7915167185674445,0.4811593397432335,nan,nan,nan,10,35986,32796800,32796800,2255,14725763200,14725763200,1537320,False
450,1.8372210534122935,0.4698102944176243,1.8297849532529973,0.47171437134722016,6.232546225610652,10,29414,32796800,32796800,1842,14758560000,14758560000,1539162,False
451,1.8501448725325988,0.46782314170633466,nan,nan,nan,10,43696,32796800,32796800,2734,14791356800,14791356800,1541896,False
452,1.8306342202343115,0.4690587871139789,nan,nan,nan,10,41999,32796800,32796800,2629,14824153600,14824153600,1544525,False
453,1.8599079351864745,0.46216518993787553,nan,nan,nan,10,58914,32796800,32796800,3687,14856950400,14856950400,1548212,False
454,1.7921484844924152,0.4788290741123233,nan,nan,nan,10,53257,32796800,32796800,3332,14889747200,14889747200,1551544,False
455,1.8160625727508075,0.4733252729814486,nan,nan,nan,10,52934,32796800,32796800,3314,14922544000,14922544000,1554858,False
456,1.8518177797330688,0.46451647071284824,nan,nan,nan,10,37764,32796800,32796800,2365,14955340800,14955340800,1557223,False
457,1.7917273385153043,0.47836940968733827,nan,nan,nan,10,32847,32796800,32796800,2058,14988137600,14988137600,1559281,False
458,1.8319295088415406,0.4693946113014849,nan,nan,nan,10,44649,32796800,32796800,2796,15020934400,15020934400,1562077,False
459,1.7955468650177302,0.4814152237588521,nan,nan,nan,10,107884,32796800,32796800,6749,15053731200,15053731200,1568826,False
460,1.8176667553567163,0.47506428474759776,1.8166915840175795,0.4746740596433388,6.151473114924881,10,29556,32796800,32796800,1852,15086528000,15086528000,1570678,False
461,1.7966721007581674,0.47678139389682356,nan,nan,nan,10,51252,32796800,32796800,3208,15119324800,15119324800,1573886,False
462,1.7880440760187588,0.4777214370482253,nan,nan,nan,10,64883,32796800,32796800,4060,15152121600,15152121600,1577946,False
463,1.7932805069377356,0.47617473160105805,nan,nan,nan,10,51416,32796800,32796800,3218,15184918400,15184918400,1581164,False
464,1.8269280873759368,0.4732665832290363,nan,nan,nan,10,39950,32796800,32796800,2501,15217715200,15217715200,1583665,False
465,1.8144048945562836,0.47139532841587634,nan,nan,nan,10,45552,32796800,32796800,2852,15250512000,15250512000,1586517,False
466,1.8074049062568245,0.4746843589473561,nan,nan,nan,10,85461,32796800,32796800,5347,15283308800,15283308800,1591864,False
467,1.8177972410458878,0.4718746841839313,nan,nan,nan,10,49475,32796800,32796800,3097,15316105600,15316105600,1594961,False
468,1.8006809002828406,0.4759430091752244,nan,nan,nan,10,40217,32796800,32796800,2519,15348902400,15348902400,1597480,False
469,1.852773453418584,0.46529983043009093,nan,nan,nan,10,32435,32796800,32796800,2032,15381699200,15381699200,1599512,False
470,1.8149104511976475,0.4766845703125,1.806736416425838,0.4777274089614866,6.090537982108452,10,40960,32796800,32796800,2565,15414496000,15414496000,1602077,False
471,1.745685697122325,0.49118223383409537,nan,nan,nan,10,58178,32796800,32796800,3640,15447292800,15447292800,1605717,False
472,1.782977619596843,0.4812069751265261,nan,nan,nan,10,83382,32796800,32796800,5215,15480089600,15480089600,1610932,False
473,1.8001489524657612,0.4756253635834788,nan,nan,nan,10,77355,32796800,32796800,4838,15512886400,15512886400,1615770,False
474,1.8240080099043943,0.47080785807356923,nan,nan,nan,10,79816,32796800,32796800,4993,15545683200,15545683200,1620763,False
475,1.806696763037451,0.4762756253951052,nan,nan,nan,10,55365,32796800,32796800,3466,15578480000,15578480000,1624229,False
476,1.8024362237750715,0.47578770661157027,nan,nan,nan,10,61952,32796800,32796800,3875,15611276800,15611276800,1628104,False
477,1.7781541513690469,0.48148744365743723,nan,nan,nan,10,37272,32796800,32796800,2335,15644073600,15644073600,1630439,False
478,1.786192114030525,0.4767413615109006,nan,nan,nan,10,65868,32796800,32796800,4122,15676870400,15676870400,1634561,False
479,1.8008808062066248,0.4741084051127337,nan,nan,nan,10,68613,32796800,32796800,4293,15709667200,15709667200,1638854,False
480,1.7858382155165824,0.4808934963507043,1.7954393875182666,0.480312453169489,6.022120185015729,10,43022,32796800,32796800,2693,15742464000,15742464000,1641547,False
481,1.7854077835170117,0.4806502045274452,nan,nan,nan,10,93386,32796800,32796800,5841,15775260800,15775260800,1647388,False
482,1.7948204690024328,0.4767569651981105,nan,nan,nan,10,51865,32796800,32796800,3247,15808057600,15808057600,1650635,False
483,1.789394631714678,0.4801013670271621,nan,nan,nan,10,84051,32796800,32796800,5258,15840854400,15840854400,1655893,False
484,1.815195400080819,0.47427657494890857,nan,nan,nan,10,33763,32796800,32796800,2115,15873651200,15873651200,1658008,False
485,1.7874655803977846,0.48254826599928496,nan,nan,nan,10,44752,32796800,32796800,2802,15906448000,15906448000,1660810,False
486,1.8034191144983658,0.47534179991774367,nan,nan,nan,10,80237,32796800,32796800,5020,15939244800,15939244800,1665830,False
487,1.7635885525397208,0.48333791922712405,nan,nan,nan,10,65418,32796800,32796800,4094,15972041600,15972041600,1669924,False
488,1.7817107110286057,0.4805900441608287,nan,nan,nan,10,43251,32796800,32796800,2708,16004838400,16004838400,1672632,False
489,1.7985785774033674,0.4783208822483102,nan,nan,nan,10,70275,32796800,32796800,4398,16037635200,16037635200,1677030,False
490,1.785405270371407,0.48029962782078867,1.7880692172582835,0.4820545481792297,5.977899291852798,10,63679,32796800,32796800,3983,16070432000,16070432000,1681013,False
491,1.7940201807859542,0.47651652201790745,nan,nan,nan,10,87338,32796800,32796800,5464,16103228800,16103228800,1686477,False
492,1.7464183707349548,0.4915472471923508,nan,nan,nan,10,83878,32796800,32796800,5247,16136025600,16136025600,1691724,False
493,1.7957470999493383,0.4797783438351879,nan,nan,nan,10,67131,32796800,32796800,4200,16168822400,16168822400,1695924,False
494,1.7412283166820615,0.49210175096113623,nan,nan,nan,10,50201,32796800,32796800,3142,16201619200,16201619200,1699066,False
495,1.7933466480434102,0.4824186991869919,nan,nan,nan,10,29520,32796800,32796800,1849,16234416000,16234416000,1700915,False
496,1.7475222044411578,0.49422081511633753,nan,nan,nan,10,39798,32796800,32796800,2492,16267212800,16267212800,1703407,False
497,1.790727480200218,0.4809900158796795,nan,nan,nan,10,54787,32796800,32796800,3430,16300009600,16300009600,1706837,False
498,1.7829571946077079,0.4793589803664308,nan,nan,nan,10,85364,32796800,32796800,5341,16332806400,16332806400,1712178,False
499,1.7538449039940207,0.4883098190825258,nan,nan,nan,10,59751,32796800,32796800,3739,16365603200,16365603200,1715917,False
500,1.8080919454911022,0.4749133273498407,1.7786458333214237,0.48450846695639144,5.921831839155656,10,56823,32796800,32796800,3557,16398400000,16398400000,1719474,False
501,1.7603729728830637,0.48674943297123074,nan,nan,nan,10,50262,32796800,32796800,3145,16431196800,16431196800,1722619,False
502,1.7568636405474174,0.48767791249341064,nan,nan,nan,10,30352,32796800,32796800,1902,16463993600,16463993600,1724521,False
503,1.8016565109664238,0.4740691043274069,nan,nan,nan,10,44715,32796800,32796800,2800,16496790400,16496790400,1727321,False
504,1.7794539663932898,0.4853368513005188,nan,nan,nan,10,56093,32796800,32796800,3509,16529587200,16529587200,1730830,False
505,1.774366878525197,0.48240060774879717,nan,nan,nan,10,43439,32796800,32796800,2718,16562384000,16562384000,1733548,False
506,1.7487346158209347,0.4893422877582305,nan,nan,nan,10,54796,32796800,32796800,3429,16595180800,16595180800,1736977,False
507,1.7637675347084263,0.4865619461506713,nan,nan,nan,10,41189,32796800,32796800,2579,16627977600,16627977600,1739556,False
508,1.7699822494669548,0.48491177925575774,nan,nan,nan,10,36386,32796800,32796800,2280,16660774400,16660774400,1741836,False
509,1.766634882040932,0.4882208917145032,nan,nan,nan,10,48603,32796800,32796800,3042,16693571200,16693571200,1744878,False
510,1.7483293714652202,0.4897215005241807,1.7705363723518215,0.48671886707627754,5.8740031694667145,10,43878,32796800,32796800,2748,16726368000,16726368000,1747626,False
511,1.7334114637985523,0.4948507556411437,nan,nan,nan,10,95548,32796800,32796800,5976,16759164800,16759164800,1753602,False
512,1.7305893309016696,0.49358739465005497,nan,nan,nan,10,32748,32796800,32796800,2051,16791961600,16791961600,1755653,False
513,1.7836116087182308,0.4794731263410977,nan,nan,nan,10,77362,32796800,32796800,4840,16824758400,16824758400,1760493,False
514,1.753522771569394,0.494585969111529,nan,nan,nan,10,35094,32796800,32796800,2197,16857555200,16857555200,1762690,False
515,1.804835435878261,0.4789694492254733,nan,nan,nan,10,37184,32796800,32796800,2329,16890352000,16890352000,1765019,False
516,1.7730697431362423,0.4830089966751418,nan,nan,nan,10,40904,32796800,32796800,2561,16923148800,16923148800,1767580,False
517,1.7498937264509216,0.4918512658227848,nan,nan,nan,10,88480,32796800,32796800,5535,16955945600,16955945600,1773115,False
518,1.7377407623301158,0.4902515508896312,nan,nan,nan,10,29338,32796800,32796800,1838,16988742400,16988742400,1774953,False
519,1.7350426090327347,0.4920998787511367,nan,nan,nan,10,52784,32796800,32796800,3303,17021539200,17021539200,1778256,False
520,1.762789232240481,0.4845216837862207,1.7596770375096136,0.4894350367151206,5.8105604982463195,10,56563,32796800,32796800,3539,17054336000,17054336000,1781795,False
521,1.7173262068743305,0.4985944581492743,nan,nan,nan,10,69724,32796800,32796800,4362,17087132800,17087132800,1786157,False
522,1.7489256952155032,0.49079345682783904,nan,nan,nan,10,72014,32796800,32796800,4505,17119929600,17119929600,1790662,False
523,1.7247308274372741,0.4944506303652886,nan,nan,nan,10,55682,32796800,32796800,3485,17152726400,17152726400,1794147,False
524,1.763247257505365,0.4867852184835063,nan,nan,nan,10,75635,32796800,32796800,4732,17185523200,17185523200,1798879,False
525,1.7703670498292186,0.4874377301277886,nan,nan,nan,10,27702,32796800,32796800,1736,17218320000,17218320000,1800615,False
526,1.7737340064744596,0.4853733378793045,nan,nan,nan,10,73325,32796800,32796800,4589,17251116800,17251116800,1805204,False
527,1.758397013110525,0.4870079589738382,nan,nan,nan,10,78779,32796800,32796800,4928,17283913600,17283913600,1810132,False
528,1.7627168722077013,0.48318818211884024,nan,nan,nan,10,45355,32796800,32796800,2839,17316710400,17316710400,1812971,False
529,1.7420501260987287,0.4930119926199262,nan,nan,nan,10,43360,32796800,32796800,2713,17349507200,17349507200,1815684,False
530,1.7746112953861923,0.48603327006810315,1.750529527556998,0.4900719316649183,5.757650703638341,10,44785,32796800,32796800,2802,17382304000,17382304000,1818486,False
531,1.7526683862820314,0.49006376403395535,nan,nan,nan,10,51126,32796800,32796800,3199,17415100800,17415100800,1821685,False
532,1.7529008160396267,0.48801163004975534,nan,nan,nan,10,48839,32796800,32796800,3058,17447897600,17447897600,1824743,False
533,1.751262071285178,0.4878367860632255,nan,nan,nan,10,60387,32796800,32796800,3780,17480694400,17480694400,1828523,False
534,1.7262528298068716,0.4950677592184053,nan,nan,nan,10,63460,32796800,32796800,3971,17513491200,17513491200,1832494,False
535,1.7583969628861247,0.487928271550982,nan,nan,nan,10,75507,32796800,32796800,4725,17546288000,17546288000,1837219,False
536,1.7505154315726235,0.4893543161305253,nan,nan,nan,10,34568,32796800,32796800,2165,17579084800,17579084800,1839384,False
537,1.7679259615232001,0.4843921224834841,nan,nan,nan,10,31939,32796800,32796800,2000,17611881600,17611881600,1841384,False
538,1.7375316051363479,0.4937827264520012,nan,nan,nan,10,83075,32796800,32796800,5197,17644678400,17644678400,1846581,False
539,1.7693579721171513,0.48589124584454646,nan,nan,nan,10,50536,32796800,32796800,3163,17677475200,17677475200,1849744,False
540,1.7615007894828691,0.48774058089350286,1.7431477897977894,0.49402442679454517,5.7153057181058005,10,42865,32796800,32796800,2683,17710272000,17710272000,1852427,False
541,1.704999107444073,0.5015732138086616,nan,nan,nan,10,67378,32796800,32796800,4216,17743068800,17743068800,1856643,False
542,1.73628189228321,0.4909378055200421,nan,nan,nan,10,53188,32796800,32796800,3329,17775865600,17775865600,1859972,False
543,1.7813108312602774,0.48344387952615686,nan,nan,nan,10,38747,32796800,32796800,2426,17808662400,17808662400,1862398,False
544,1.7139048075005958,0.5008736729209597,nan,nan,nan,10,82983,32796800,32796800,5190,17841459200,17841459200,1867588,False
545,1.7455609946305668,0.4905493361103879,nan,nan,nan,10,57615,32796800,32796800,3607,17874256000,17874256000,1871195,False
546,1.6828774915911195,0.5070603667789809,nan,nan,nan,10,77758,32796800,32796800,4863,17907052800,17907052800,1876058,False
547,1.7090936854668513,0.4999369999369999,nan,nan,nan,10,31746,32796800,32796800,1990,17939849600,17939849600,1878048,False
548,1.713550600035716,0.5000535236396075,nan,nan,nan,10,56050,32796800,32796800,3506,17972646400,17972646400,1881554,False
549,1.7431086085763663,0.4941152071343392,nan,nan,nan,10,57861,32796800,32796800,3621,18005443200,18005443200,1885175,False
550,1.7141040773009708,0.5005722460658083,1.7384176149944235,0.4929566911434138,5.6883351610171,10,34950,32796800,32796800,2188,18038240000,18038240000,1887363,False
551,1.7247403261658836,0.4983294025157233,nan,nan,nan,10,40704,32796800,32796800,2549,18071036800,18071036800,1889912,False
552,1.7650431076329072,0.4843752982724062,nan,nan,nan,10,52385,32796800,32796800,3278,18103833600,18103833600,1893190,False
553,1.7638658353119314,0.4867329540011878,nan,nan,nan,10,52197,32796800,32796800,3268,18136630400,18136630400,1896458,False
554,1.796261454473187,0.4786255801216454,nan,nan,nan,10,34691,32796800,32796800,2174,18169427200,18169427200,1898632,False
555,1.7126839895782624,0.4975941273361607,nan,nan,nan,10,77103,32796800,32796800,4823,18202224000,18202224000,1903455,False
556,1.739701515360859,0.49395008822788,nan,nan,nan,10,63472,32796800,32796800,3972,18235020800,18235020800,1907427,False
557,1.7285498765127147,0.4968994387708161,nan,nan,nan,10,54345,32796800,32796800,3400,18267817600,18267817600,1910827,False
558,1.739317023893703,0.49229903174960593,nan,nan,nan,10,44410,32796800,32796800,2780,18300614400,18300614400,1913607,False
559,1.7358649950751652,0.49557066165838415,nan,nan,nan,10,60167,32796800,32796800,3765,18333411200,18333411200,1917372,False
560,1.7292894423563754,0.49786290322580645,1.7302138061693506,0.496871721864229,5.64186004396813,10,24800,32796800,32796800,1556,18366208000,18366208000,1918928,False
561,1.705354639634858,0.5010272393118196,nan,nan,nan,10,71551,32796800,32796800,4476,18399004800,18399004800,1923404,False
562,1.7289357809635824,0.49478093551518043,nan,nan,nan,10,58727,32796800,32796800,3675,18431801600,18431801600,1927079,False
563,1.7360123241927388,0.4922737306843267,nan,nan,nan,10,60702,32796800,32796800,3799,18464598400,18464598400,1930878,False
564,1.7055521957877835,0.5020013112038922,nan,nan,nan,10,57962,32796800,32796800,3628,18497395200,18497395200,1934506,False
565,1.731358870542055,0.4950544413529118,nan,nan,nan,10,62177,32796800,32796800,3890,18530192000,18530192000,1938396,False
566,1.7428135603273114,0.4932014001077006,nan,nan,nan,10,29712,32796800,32796800,1860,18562988800,18562988800,1940256,False
567,1.7005597631060627,0.5018854766639977,nan,nan,nan,10,77434,32796800,32796800,4845,18595785600,18595785600,1945101,False
568,1.7141004289948303,0.5022568868237637,nan,nan,nan,10,30130,32796800,32796800,1888,18628582400,18628582400,1946989,False
569,1.7001011976132168,0.5055068854597471,nan,nan,nan,10,67461,32796800,32796800,4220,18661379200,18661379200,1951209,False
570,1.6712950914771267,0.5087180434631995,1.7214225905241325,0.4986138168739697,5.592478615114937,10,43301,32796800,32796800,2709,18694176000,18694176000,1953918,False
571,1.6919664815021638,0.5033065236818588,nan,nan,nan,10,55950,32796800,32796800,3501,18726972800,18726972800,1957419,False
572,1.7111954372176503,0.49733225952584686,nan,nan,nan,10,79468,32796800,32796800,4972,18759769600,18759769600,1962391,False
573,1.7195979223409683,0.4954529443786224,nan,nan,nan,10,62458,32796800,32796800,3907,18792566400,18792566400,1966298,False
574,1.691287212679719,0.503898872412439,nan,nan,nan,10,53477,32796800,32796800,3346,18825363200,18825363200,1969644,False
575,1.7369998259304325,0.4962470717598126,nan,nan,nan,10,41834,32796800,32796800,2619,18858160000,18858160000,1972263,False
576,1.693507899869044,0.5030287595728812,nan,nan,nan,10,54973,32796800,32796800,3440,18890956800,18890956800,1975703,False
577,1.6911978180844,0.505921779867703,nan,nan,nan,10,56993,32796800,32796800,3567,18923753600,18923753600,1979270,False
578,1.6741027943820426,0.5085597455701953,nan,nan,nan,10,110050,32796800,32796800,6883,18956550400,18956550400,1986153,False
579,1.6905433479362253,0.5062164834177177,nan,nan,nan,10,66758,32796800,32796800,4177,18989347200,18989347200,1990330,False
580,1.7303219635345688,0.496454838880364,1.7155553366708092,0.4995878915030721,5.559762195035933,10,37798,32796800,32796800,2367,19022144000,19022144000,1992697,False
581,1.7211546263135862,0.49933795803229614,nan,nan,nan,10,69482,32796800,32796800,4347,19054940800,19054940800,1997044,False
582,1.688648754590275,0.5045854458693707,nan,nan,nan,10,53648,32796800,32796800,3357,19087737600,19087737600,2000401,False
583,1.7256731281116156,0.4941711851278079,nan,nan,nan,10,51640,32796800,32796800,3233,19120534400,19120534400,2003634,False
584,1.7193657610443733,0.4963500672892623,nan,nan,nan,10,49042,32796800,32796800,3071,19153331200,19153331200,2006705,False
585,1.7182755057413635,0.49835706462212487,nan,nan,nan,10,62997,32796800,32796800,3942,19186128000,19186128000,2010647,False
586,1.7018586353975498,0.503220087557437,nan,nan,nan,10,55278,32796800,32796800,3459,19218924800,19218924800,2014106,False
587,1.7478801493152862,0.49155434226241257,nan,nan,nan,10,23444,32796800,32796800,1471,19251721600,19251721600,2015577,False
588,1.7156121730076084,0.49657523233752454,nan,nan,nan,10,62194,32796800,32796800,3892,19284518400,19284518400,2019469,False
589,1.690925500385672,0.5050129033731473,nan,nan,nan,10,43787,32796800,32796800,2741,19317315200,19317315200,2022210,False
590,1.6977347723399625,0.5045369494799107,1.7080973388372325,0.5016297017833059,5.51845173875662,10,49703,32796800,32796800,3109,19350112000,19350112000,2025319,False
591,1.6704849294559017,0.5074295691395522,nan,nan,nan,10,54983,32796800,32796800,3442,19382908800,19382908800,2028761,False
592,1.7280765405076883,0.49465791336808906,nan,nan,nan,10,31074,32796800,32796800,1948,19415705600,19415705600,2030709,False
593,1.6921858201884776,0.5020905879856716,nan,nan,nan,10,80121,32796800,32796800,5013,19448502400,19448502400,2035722,False
594,1.6808363856048802,0.5057315294880104,nan,nan,nan,10,49376,32796800,32796800,3089,19481299200,19481299200,2038811,False
595,1.675382446222742,0.5097782871879365,nan,nan,nan,10,55838,32796800,32796800,3496,19514096000,19514096000,2042307,False
596,1.709606057254412,0.4983111337709515,nan,nan,nan,10,47073,32796800,32796800,2946,19546892800,19546892800,2045253,False
597,1.684433318158364,0.5064711261166209,nan,nan,nan,10,56868,32796800,32796800,3558,19579689600,19579689600,2048811,False
598,1.6912635703679042,0.5033964135195438,nan,nan,nan,10,60505,32796800,32796800,3787,19612486400,19612486400,2052598,False
599,1.6801829611534183,0.5093136004082675,nan,nan,nan,10,31352,32796800,32796800,1964,19645283200,19645283200,2054562,False
600,1.6991762659175171,0.5017979952353127,1.7034307933185977,0.5030908137269594,5.492759625856472,10,44494,32796800,32796800,2786,19678080000,19678080000,2057348,False
601,1.6503513148497442,0.5148952759927944,nan,nan,nan,10,74386,32796800,32796800,4655,19710876800,19710876800,2062003,False
602,1.704027384306392,0.5015664160401002,nan,nan,nan,10,76608,32796800,32796800,4793,19743673600,19743673600,2066796,False
603,1.6740274356941656,0.5103823099205552,nan,nan,nan,10,69734,32796800,32796800,4364,19776470400,19776470400,2071160,False
604,1.6909590898911302,0.505118593353393,nan,nan,nan,10,59489,32796800,32796800,3724,19809267200,19809267200,2074884,False
605,1.665312365577739,0.5113131657211734,nan,nan,nan,10,76327,32796800,32796800,4776,19842064000,19842064000,2079660,False
606,1.6574131306383506,0.5145086628752811,nan,nan,nan,10,75610,32796800,32796800,4730,19874860800,19874860800,2084390,False
607,1.679628450051637,0.5108536960196711,nan,nan,nan,10,52056,32796800,32796800,3259,19907657600,19907657600,2087649,False
608,1.6756480838117045,0.5086962111333542,nan,nan,nan,10,54449,32796800,32796800,3407,19940454400,19940454400,2091056,False
609,1.6557161622055432,0.5143924698285401,nan,nan,nan,10,76811,32796800,32796800,4806,19973251200,19973251200,2095862,False
610,1.7286666636135697,0.4968656003148455,1.7006873758982883,0.5037651730855687,5.477711344709851,10,35573,32796800,32796800,2229,20006048000,20006048000,2098091,False
611,1.7110134288647318,0.5025435007027276,nan,nan,nan,10,80401,32796800,32796800,5029,20038844800,20038844800,2103120,False
612,1.7061918040663422,0.5024467773641725,nan,nan,nan,10,47818,32796800,32796800,2995,20071641600,20071641600,2106115,False
613,1.6994672695929411,0.5008978984323179,nan,nan,nan,10,61811,32796800,32796800,3868,20104438400,20104438400,2109983,False
614,1.69944318203465,0.5059943745100751,nan,nan,nan,10,43374,32796800,32796800,2714,20137235200,20137235200,2112697,False
615,1.6997318556413714,0.5032698820506831,nan,nan,nan,10,34252,32796800,32796800,2144,20170032000,20170032000,2114841,False
616,1.6707151964134066,0.5080865249006355,nan,nan,nan,10,54597,32796800,32796800,3417,20202828800,20202828800,2118258,False
617,1.6973688046275426,0.5048679291788194,nan,nan,nan,10,48686,32796800,32796800,3048,20235625600,20235625600,2121306,False
618,1.6875274435603425,0.5048158397151253,nan,nan,nan,10,46617,32796800,32796800,2919,20268422400,20268422400,2124225,False
619,1.676851009822846,0.5083287281913634,nan,nan,nan,10,38001,32796800,32796800,2380,20301219200,20301219200,2126605,False
620,1.7021427223939611,0.506626763574177,1.692574638772293,0.507268095309456,5.433451887937165,10,28068,32796800,32796800,1757,20334016000,20334016000,2128362,False
621,1.697114476999369,0.5033303105162763,nan,nan,nan,10,31979,32796800,32796800,2003,20366812800,20366812800,2130365,False
622,1.637279456238234,0.5187410706782083,nan,nan,nan,10,71394,32796800,32796800,4466,20399609600,20399609600,2134831,False
623,1.7285472477003823,0.4951449288465364,nan,nan,nan,10,55303,32796800,32796800,3461,20432406400,20432406400,2138292,False
624,1.6900256491694132,0.5048500014057975,nan,nan,nan,10,35567,32796800,32796800,2228,20465203200,20465203200,2140520,False
625,1.6825551708281938,0.5063832253764001,nan,nan,nan,10,69009,32796800,32796800,4319,20498000000,20498000000,2144839,False
626,1.6876757134671592,0.5062061387078245,nan,nan,nan,10,80082,32796800,32796800,5011,20530796800,20530796800,2149850,False
627,1.6698212114546909,0.5118405073539334,nan,nan,nan,10,59288,32796800,32796800,3710,20563593600,20563593600,2153560,False
628,1.6535754046809719,0.5154843601158654,nan,nan,nan,10,51439,32796800,32796800,3219,20596390400,20596390400,2156779,False
629,1.6798720526214599,0.507694675284703,nan,nan,nan,10,32490,32796800,32796800,2035,20629187200,20629187200,2158814,False
630,1.69400549593811,0.5050591875828871,1.6844567475103822,0.5060130376142664,5.389522265530164,10,40718,32796800,32796800,2549,20661984000,20661984000,2161363,False
631,1.6605436359515726,0.5117095196874342,nan,nan,nan,10,42743,32796800,32796800,2676,20694780800,20694780800,2164039,False
632,1.7016567806213305,0.5035726502223404,nan,nan,nan,10,52622,32796800,32796800,3294,20727577600,20727577600,2167333,False
633,1.6931260681111655,0.505259623992838,nan,nan,nan,10,53616,32796800,32796800,3355,20760374400,20760374400,2170688,False
634,1.6625727349617125,0.512220734859675,nan,nan,nan,10,86656,32796800,32796800,5421,20793171200,20793171200,2176109,False
635,1.701414796788193,0.501472794975824,nan,nan,nan,10,71972,32796800,32796800,4502,20825968000,20825968000,2180611,False
636,1.7150460952560522,0.49948487650244355,nan,nan,nan,10,37855,32796800,32796800,2371,20858764800,20858764800,2182982,False
637,1.7108459340950133,0.4990030301603002,nan,nan,nan,10,63693,32796800,32796800,3988,20891561600,20891561600,2186970,False
638,1.65519562273141,0.5133351871982202,nan,nan,nan,10,39557,32796800,32796800,2476,20924358400,20924358400,2189446,False
639,1.6647033103985858,0.5124789541447955,nan,nan,nan,10,40388,32796800,32796800,2530,20957155200,20957155200,2191976,False
640,1.7075774663871994,0.500754113345521,1.6810817794608297,0.5087292072531095,5.371363460012217,10,43760,32796800,32796800,2740,20989952000,20989952000,2194716,False
641,1.6546980304928482,0.5140791971087595,nan,nan,nan,10,76922,32796800,32796800,4813,21022748800,21022748800,2199529,False
642,1.671237597838437,0.5103031634446398,nan,nan,nan,10,45520,32796800,32796800,2850,21055545600,21055545600,2202379,False
643,1.674424018349382,0.5093556526894916,nan,nan,nan,10,72523,32796800,32796800,4540,21088342400,21088342400,2206919,False
644,1.6591518241479701,0.5115316230632462,nan,nan,nan,10,39370,32796800,32796800,2466,21121139200,21121139200,2209385,False
645,1.6500113428490317,0.5134612589039105,nan,nan,nan,10,68790,32796800,32796800,4305,21153936000,21153936000,2213690,False
646,1.6782006136713103,0.5075107559926244,nan,nan,nan,10,40675,32796800,32796800,2547,21186732800,21186732800,2216237,False
647,1.6661439511507292,0.5115537848605578,nan,nan,nan,10,52710,32796800,32796800,3299,21219529600,21219529600,2219536,False
648,1.6388274896879111,0.5207678603599095,nan,nan,nan,10,49957,32796800,32796800,3127,21252326400,21252326400,2222663,False
649,1.6233147752667434,0.5207965505230666,nan,nan,nan,10,83259,32796800,32796800,5207,21285123200,21285123200,2227870,False
650,1.6538774279555315,0.5150029913939896,1.6758765116385321,0.5093286377940957,5.343476716581555,10,43458,32796800,32796800,2721,21317920000,21317920000,2230591,False
651,1.6532584036597249,0.5153149748329353,nan,nan,nan,10,58211,32796800,32796800,3642,21350716800,21350716800,2234233,False
652,1.659857951876686,0.5114792314213055,nan,nan,nan,10,56624,32796800,32796800,3543,21383513600,21383513600,2237776,False
653,1.6447819563791104,0.5181172068084393,nan,nan,nan,10,71617,32796800,32796800,4481,21416310400,21416310400,2242257,False
654,1.680161904031186,0.5043694335092275,nan,nan,nan,10,71634,32796800,32796800,4482,21449107200,21449107200,2246739,False
655,1.6931820350762754,0.5077014891440264,nan,nan,nan,10,35188,32796800,32796800,2204,21481904000,21481904000,2248943,False
656,1.645622090902738,0.5170133296782373,nan,nan,nan,10,58366,32796800,32796800,3653,21514700800,21514700800,2252596,False
657,1.6361915976950323,0.5207877461706784,nan,nan,nan,10,36560,32796800,32796800,2289,21547497600,21547497600,2254885,False
658,1.670015538790912,0.5092544338908969,nan,nan,nan,10,59485,32796800,32796800,3724,21580294400,21580294400,2258609,False
659,1.6631184159929506,0.5096711664935965,nan,nan,nan,10,72225,32796800,32796800,4520,21613091200,21613091200,2263129,False
660,1.6473446815043387,0.5156898090621117,1.6696462369690444,0.5100217293571108,5.310288880965434,10,57139,32796800,32796800,3575,21645888000,21645888000,2266704,False
661,1.6670440305867877,0.5126362679918519,nan,nan,nan,10,44673,32796800,32796800,2796,21678684800,21678684800,2269500,False
662,1.6413989365781088,0.516510990940375,nan,nan,nan,10,71195,32796800,32796800,4454,21711481600,21711481600,2273954,False
663,1.6290791428656768,0.5187507068879158,nan,nan,nan,10,61891,32796800,32796800,3873,21744278400,21744278400,2277827,False
664,1.6934662382675743,0.5033416482326917,nan,nan,nan,10,42494,32796800,32796800,2661,21777075200,21777075200,2280488,False
665,1.6658154671511245,0.5124097285631277,nan,nan,nan,10,48188,32796800,32796800,3016,21809872000,21809872000,2283504,False
666,1.6890511925149891,0.510193751581789,nan,nan,nan,10,35561,32796800,32796800,2228,21842668800,21842668800,2285732,False
667,1.6739238568753516,0.50876277703708,nan,nan,nan,10,51753,32796800,32796800,3239,21875465600,21875465600,2288971,False
668,1.6394397210656808,0.5199760111477607,nan,nan,nan,10,56693,32796800,32796800,3547,21908262400,21908262400,2292518,False
669,1.6547604952663746,0.5161268433909346,nan,nan,nan,10,44212,32796800,32796800,2768,21941059200,21941059200,2295286,False
670,1.6652060042798822,0.5102021784541928,1.6632011391922539,0.5117450921624457,5.2761736061391735,10,53616,32796800,32796800,3356,21973856000,21973856000,2298642,False
671,1.6663737444312767,0.5112590860570325,nan,nan,nan,10,59019,32796800,32796800,3693,22006652800,22006652800,2302335,False
672,1.6178222053267297,0.5241589043426481,nan,nan,nan,10,47022,32796800,32796800,2944,22039449600,22039449600,2305279,False
673,1.6310649611754784,0.520549936657598,nan,nan,nan,10,48151,32796800,32796800,3014,22072246400,22072246400,2308293,False
674,1.6289927764967298,0.5215557242892095,nan,nan,nan,10,35559,32796800,32796800,2227,22105043200,22105043200,2310520,False
675,1.6291013293923868,0.5186353332113037,nan,nan,nan,10,71021,32796800,32796800,4443,22137840000,22137840000,2314963,False
676,1.6227560939623094,0.5198795030746632,nan,nan,nan,10,40167,32796800,32796800,2515,22170636800,22170636800,2317478,False
677,1.672662982750094,0.5081910073196235,nan,nan,nan,10,43035,32796800,32796800,2695,22203433600,22203433600,2320173,False
678,1.6430643855521976,0.5162617162617162,nan,nan,nan,10,54945,32796800,32796800,3438,22236230400,22236230400,2323611,False
679,1.6882695854633292,0.5065078881060521,nan,nan,nan,10,62309,32796800,32796800,3901,22269027200,22269027200,2327512,False
680,1.6411377623122831,0.5171615842207926,1.6612237999147335,0.5112580548478945,5.265751128615705,10,82539,32796800,32796800,5164,22301824000,22301824000,2332676,False
681,1.6560837299729563,0.5137046610049137,nan,nan,nan,10,35207,32796800,32796800,2207,22334620800,22334620800,2334883,False
682,1.6289449132190468,0.5219139718026665,nan,nan,nan,10,41777,32796800,32796800,2616,22367417600,22367417600,2337499,False
683,1.6393653468081284,0.5179023944560327,nan,nan,nan,10,58009,32796800,32796800,3630,22400214400,22400214400,2341129,False
684,1.658192266359407,0.5148776298840704,nan,nan,nan,10,46580,32796800,32796800,2915,22433011200,22433011200,2344044,False
685,1.6179453359592932,0.5258036313875549,nan,nan,nan,10,78923,32796800,32796800,4938,22465808000,22465808000,2348982,False
686,1.6307720564676298,0.5205897013151336,nan,nan,nan,10,52162,32796800,32796800,3265,22498604800,22498604800,2352247,False
687,1.6089277637462926,0.5277507049757644,nan,nan,nan,10,76953,32796800,32796800,4814,22531401600,22531401600,2357061,False
688,1.6232988834883617,0.5220116564642059,nan,nan,nan,10,54562,32796800,32796800,3414,22564198400,22564198400,2360475,False
689,1.7078873330761697,0.5030771399041624,nan,nan,nan,10,42572,32796800,32796800,2666,22596995200,22596995200,2363141,False
690,1.595414352119157,0.5302351170730918,1.6572160205257969,0.5141053499175783,5.244689393361037,10,61799,32796800,32796800,3866,22629792000,22629792000,2367007,False
691,1.629886539124175,0.5226464571577633,nan,nan,nan,10,72837,32796800,32796800,4556,22662588800,22662588800,2371563,False
692,1.6110549676226544,0.525598824089601,nan,nan,nan,10,48303,32796800,32796800,3023,22695385600,22695385600,2374586,False
693,1.6213824458666006,0.519849251137451,nan,nan,nan,10,51211,32796800,32796800,3205,22728182400,22728182400,2377791,False
694,1.6420304569727167,0.5163378918068499,nan,nan,nan,10,33052,32796800,32796800,2070,22760979200,22760979200,2379861,False
695,1.6207506309094935,0.5227991141564612,nan,nan,nan,10,52831,32796800,32796800,3307,22793776000,22793776000,2383168,False
696,1.650423756293943,0.5151371514539497,nan,nan,nan,10,48523,32796800,32796800,3036,22826572800,22826572800,2386204,False
697,1.6678841861732612,0.5085043988269795,nan,nan,nan,10,52855,32796800,32796800,3309,22859369600,22859369600,2389513,False
698,1.6404095298411059,0.5196010044642857,nan,nan,nan,10,57344,32796800,32796800,3588,22892166400,22892166400,2393101,False
699,1.6622223227095272,0.5122407111921586,nan,nan,nan,10,21935,32796800,32796800,1376,22924963200,22924963200,2394477,False
700,1.6147665745355266,0.5270149909050994,1.652009079896866,0.5161284279934063,5.217451581447164,10,79715,32796800,32796800,4987,22957760000,22957760000,2399464,False
701,1.6290206828887528,0.5218558282208589,nan,nan,nan,10,57376,32796800,32796800,3591,22990556800,22990556800,2403055,False
702,1.6529343961285006,0.514877508513241,nan,nan,nan,10,60494,32796800,32796800,3787,23023353600,23023353600,2406842,False
703,1.631696368349537,0.5190583485894006,nan,nan,nan,10,42606,32796800,32796800,2668,23056150400,23056150400,2409510,False
704,1.646021984276039,0.514297385620915,nan,nan,nan,10,61200,32796800,32796800,3829,23088947200,23088947200,2413339,False
705,1.6699157413409809,0.5074359749949586,nan,nan,nan,10,39672,32796800,32796800,2484,23121744000,23121744000,2415823,False
706,1.5810190302878242,0.5324569812976293,nan,nan,nan,10,61543,32796800,32796800,3850,23154540800,23154540800,2419673,False
707,1.628106705038045,0.5221766512024025,nan,nan,nan,10,44619,32796800,32796800,2794,23187337600,23187337600,2422467,False
708,1.6075288478143108,0.5266161489120865,nan,nan,nan,10,63608,32796800,32796800,3979,23220134400,23220134400,2426446,False
709,1.6176745286070862,0.5245905867182463,nan,nan,nan,10,77550,32796800,32796800,4852,23252931200,23252931200,2431298,False
710,1.683455743110681,0.5092209799762735,1.6461740325241454,0.5165780008991459,5.187096153113574,10,27817,32796800,32796800,1743,23285728000,23285728000,2433041,False
711,1.5990288588427246,0.5296910020398399,nan,nan,nan,10,79418,32796800,32796800,4968,23318524800,23318524800,2438009,False
712,1.6132986083791891,0.5227756693576627,nan,nan,nan,10,105661,32796800,32796800,6610,23351321600,23351321600,2444619,False
713,1.621734115796431,0.5210711937354295,nan,nan,nan,10,66916,32796800,32796800,4188,23384118400,23384118400,2448807,False
714,1.65520980860562,0.5110306822108652,nan,nan,nan,10,54983,32796800,32796800,3441,23416915200,23416915200,2452248,False
715,1.644984567097655,0.5160439247005134,nan,nan,nan,10,42072,32796800,32796800,2634,23449712000,23449712000,2454882,False
716,1.6774799993934855,0.5103175110202517,nan,nan,nan,10,31306,32796800,32796800,1961,23482508800,23482508800,2456843,False
717,1.6137861690186301,0.5276831456583362,nan,nan,nan,10,38453,32796800,32796800,2407,23515305600,23515305600,2459250,False
718,1.6279152522721143,0.5202305270037431,nan,nan,nan,10,67324,32796800,32796800,4212,23548102400,23548102400,2463462,False
719,1.6370765627932538,0.5208285760887295,nan,nan,nan,10,30655,32796800,32796800,1921,23580899200,23580899200,2465383,False
720,1.6204497421566022,0.5208877078093611,1.642184339915904,0.5161284279934063,5.1664424622686145,10,63219,32796800,32796800,3956,23613696000,23613696000,2469339,False
721,1.6184819639321446,0.5240101764986485,nan,nan,nan,10,50312,32796800,32796800,3150,23646492800,23646492800,2472489,False
722,1.6445367912451798,0.5187040810603653,nan,nan,nan,10,53491,32796800,32796800,3348,23679289600,23679289600,2475837,False
723,1.6316406891141573,0.5187835705519517,nan,nan,nan,10,62741,32796800,32796800,3926,23712086400,23712086400,2479763,False
724,1.6274271508097888,0.5183747647173362,nan,nan,nan,10,77035,32796800,32796800,4821,23744883200,23744883200,2484584,False
725,1.6204622235994348,0.5269069215316248,nan,nan,nan,10,32854,32796800,32796800,2057,23777680000,23777680000,2486641,False
726,1.6229230219117934,0.5212328614919668,nan,nan,nan,10,90002,32796800,32796800,5632,23810476800,23810476800,2492273,False
727,1.6183193836074161,0.5226895406751522,nan,nan,nan,10,83122,32796800,32796800,5199,23843273600,23843273600,2497472,False
728,1.6107282937187255,0.5230783978527265,nan,nan,nan,10,62591,32796800,32796800,3916,23876070400,23876070400,2501388,False
729,1.5821916052654397,0.5329543386028537,nan,nan,nan,10,71417,32796800,32796800,4467,23908867200,23908867200,2505855,False
730,1.6257064215608215,0.5216007832578632,1.6392008013834611,0.516971377191668,5.151051153804866,10,49026,32796800,32796800,3069,23941664000,23941664000,2508924,False
731,1.600693773834592,0.5303204641711754,nan,nan,nan,10,40847,32796800,32796800,2557,23974460800,23974460800,2511481,False
732,1.6189829734163599,0.5223870252287219,nan,nan,nan,10,43284,32796800,32796800,2710,24007257600,24007257600,2514191,False
733,1.6284493852251085,0.5210055357549102,nan,nan,nan,10,52748,32796800,32796800,3300,24040054400,24040054400,2517491,False
734,1.618984085445535,0.5220733354108237,nan,nan,nan,10,57762,32796800,32796800,3615,24072851200,24072851200,2521106,False
735,1.6041374098834371,0.5301561802766622,nan,nan,nan,10,56025,32796800,32796800,3507,24105648000,24105648000,2524613,False
736,1.6176503583883655,0.5236536341277246,nan,nan,nan,10,58955,32796800,32796800,3688,24138444800,24138444800,2528301,False
737,1.602503488316477,0.5262352064884549,nan,nan,nan,10,48332,32796800,32796800,3027,24171241600,24171241600,2531328,False
738,1.6487269854817708,0.5154683798068161,nan,nan,nan,10,43896,32796800,32796800,2748,24204038400,24204038400,2534076,False
739,1.6393202649832253,0.5161625778103259,nan,nan,nan,10,68275,32796800,32796800,4273,24236835200,24236835200,2538349,False
740,1.6143161587635741,0.5215782759249135,1.6340655933590498,0.5179454518207702,5.124667236018288,10,54870,32796800,32796800,3434,24269632000,24269632000,2541783,False
741,1.5952571376046747,0.5286485843091161,nan,nan,nan,10,67211,32796800,32796800,4204,24302428800,24302428800,2545987,False
742,1.58182602938512,0.5334526233520496,nan,nan,nan,10,48621,32796800,32796800,3044,24335225600,24335225600,2549031,False
743,1.6002488421849879,0.5255716810367911,nan,nan,nan,10,56019,32796800,32796800,3508,24368022400,24368022400,2552539,False
744,1.6611199011381637,0.5091349972824951,nan,nan,nan,10,47838,32796800,32796800,2995,24400819200,24400819200,2555534,False
745,1.556176198849517,0.5388944414546014,nan,nan,nan,10,65035,32796800,32796800,4069,24433616000,24433616000,2559603,False
746,1.664577458609295,0.5136237149261808,nan,nan,nan,10,51748,32796800,32796800,3240,24466412800,24466412800,2562843,False
747,1.6298399528289595,0.5226095743337122,nan,nan,nan,10,31668,32796800,32796800,1986,24499209600,24499209600,2564829,False
748,1.597601966219151,0.5301569730793475,nan,nan,nan,10,65043,32796800,32796800,4070,24532006400,24532006400,2568899,False
749,1.670412760096178,0.5120749729664784,nan,nan,nan,10,24969,32796800,32796800,1564,24564803200,24564803200,2570463,False
750,1.5972738754377336,0.5265448624614469,1.63215127967384,0.5197062790349168,5.114866399327144,10,63873,32796800,32796800,3997,24597600000,24597600000,2574460,False
751,1.595532696577933,0.5284065946770874,nan,nan,nan,10,43247,32796800,32796800,2708,24630396800,24630396800,2577168,False
752,1.5794439965453937,0.5364119413712555,nan,nan,nan,10,38957,32796800,32796800,2439,24663193600,24663193600,2579607,False
753,1.6231829317993753,0.5206551526352686,nan,nan,nan,10,78455,32796800,32796800,4908,24695990400,24695990400,2584515,False
754,1.634903613739147,0.5200361554685146,nan,nan,nan,10,46466,32796800,32796800,2909,24728787200,24728787200,2587424,False
755,1.6177271464036795,0.5271694895546685,nan,nan,nan,10,51602,32796800,32796800,3231,24761584000,24761584000,2590655,False
756,1.6329772610832307,0.51656803256174,nan,nan,nan,10,40047,32796800,32796800,2507,24794380800,24794380800,2593162,False
757,1.6049107425158602,0.5276769271244409,nan,nan,nan,10,38010,32796800,32796800,2380,24827177600,24827177600,2595542,False
758,1.5909764465618534,0.5299953205428171,nan,nan,nan,10,53425,32796800,32796800,3345,24859974400,24859974400,2598887,False
759,1.6124913469999846,0.5239214701026488,nan,nan,nan,10,55724,32796800,32796800,3488,24892771200,24892771200,2602375,False
760,1.5533856113851487,0.5390880429705744,1.6242924969396044,0.520998801138918,5.074827310897796,10,68512,32796800,32796800,4286,24925568000,24925568000,2606661,False
761,1.6173213222492973,0.5227795674183157,nan,nan,nan,10,60844,32796800,32796800,3807,24958364800,24958364800,2610468,False
762,1.5836060568367982,0.5311943337009076,nan,nan,nan,10,47156,32796800,32796800,2952,24991161600,24991161600,2613420,False
763,1.5709044408103694,0.5365404218615227,nan,nan,nan,10,76518,32796800,32796800,4787,25023958400,25023958400,2618207,False
764,1.6200843660190616,0.5243697478991597,nan,nan,nan,10,41055,32796800,32796800,2570,25056755200,25056755200,2620777,False
765,1.567912042342496,0.5347865865786229,nan,nan,nan,10,50278,32796800,32796800,3147,25089552000,25089552000,2623924,False
766,1.5526384699312652,0.5400806442555007,nan,nan,nan,10,89033,32796800,32796800,5569,25122348800,25122348800,2629493,False
767,1.6029078506025425,0.5264615999771514,nan,nan,nan,10,35013,32796800,32796800,2193,25155145600,25155145600,2631686,False
768,1.6289537775321214,0.51890444166406,nan,nan,nan,10,51152,32796800,32796800,3202,25187942400,25187942400,2634888,False
769,1.5888194617888827,0.531434869079439,nan,nan,nan,10,78941,32796800,32796800,4938,25220739200,25220739200,2639826,False
770,1.6787230083997657,0.5097189942953729,1.6227609447930575,0.5210362655477296,5.067060897088416,10,28398,32796800,32796800,1779,25253536000,25253536000,2641605,False
771,1.5894888774058658,0.5329947277959097,nan,nan,nan,10,51781,32796800,32796800,3241,25286332800,25286332800,2644846,False
772,1.5602572818107827,0.5387492179056936,nan,nan,nan,10,70324,32796800,32796800,4399,25319129600,25319129600,2649245,False
773,1.5851541982067312,0.5310646926049198,nan,nan,nan,10,52278,32796800,32796800,3272,25351926400,25351926400,2652517,False
774,1.567470498375499,0.5350146135370547,nan,nan,nan,10,69114,32796800,32796800,4324,25384723200,25384723200,2656841,False
775,1.61685271065109,0.5207613975536958,nan,nan,nan,10,68348,32796800,32796800,4278,25417520000,25417520000,2661119,False
776,1.6158298190333114,0.5244349359164834,nan,nan,nan,10,50481,32796800,32796800,3160,25450316800,25450316800,2664279,False
777,1.6114162090227508,0.5241419333443873,nan,nan,nan,10,60310,32796800,32796800,3774,25483113600,25483113600,2668053,False
778,1.5868592660265508,0.5295556552962298,nan,nan,nan,10,44560,32796800,32796800,2789,25515910400,25515910400,2670842,False
779,1.5992233525246682,0.5258116883116883,nan,nan,nan,10,55440,32796800,32796800,3469,25548707200,25548707200,2674311,False
780,1.5613660987694713,0.5389743025232696,1.617488662681711,0.5222725910385134,5.040416223401859,10,81759,32796800,32796800,5115,25581504000,25581504000,2679426,False
781,1.5937994302678353,0.5229168473077257,nan,nan,nan,10,57665,32796800,32796800,3609,25614300800,25614300800,2683035,False
782,1.6006263039843331,0.5237928233904312,nan,nan,nan,10,54176,32796800,32796800,3390,25647097600,25647097600,2686425,False
783,1.597684065876984,0.526960370994941,nan,nan,nan,10,47440,32796800,32796800,2969,25679894400,25679894400,2689394,False
784,1.654932773372184,0.5161050864962561,nan,nan,nan,10,30984,32796800,32796800,1941,25712691200,25712691200,2691335,False
785,1.584984812250543,0.5333441130951005,nan,nan,nan,10,43291,32796800,32796800,2709,25745488000,25745488000,2694044,False
786,1.5576047660760286,0.5406786237820126,nan,nan,nan,10,46388,32796800,32796800,2902,25778284800,25778284800,2696946,False
787,1.6113805619586683,0.5242182128547381,nan,nan,nan,10,42179,32796800,32796800,2641,25811081600,25811081600,2699587,False
788,1.573767882928465,0.5344733219445044,nan,nan,nan,10,60293,32796800,32796800,3773,25843878400,25843878400,2703360,False
789,1.5776136764993904,0.5321921571320651,nan,nan,nan,10,58244,32796800,32796800,3644,25876675200,25876675200,2707004,False
790,1.5675906830410136,0.5362631637703271,1.6145322661733548,0.5227783605574704,5.025536760112543,10,53746,32796800,32796800,3364,25909472000,25909472000,2710368,False
791,1.5888949753209838,0.5318068572784435,nan,nan,nan,10,42145,32796800,32796800,2640,25942268800,25942268800,2713008,False
792,1.5973279545141834,0.5298196596393193,nan,nan,nan,10,39370,32796800,32796800,2465,25975065600,25975065600,2715473,False
793,1.594126172045314,0.5280698778833107,nan,nan,nan,10,47168,32796800,32796800,2953,26007862400,26007862400,2718426,False
794,1.5636937914306808,0.5353642011157453,nan,nan,nan,10,56823,32796800,32796800,3556,26040659200,26040659200,2721982,False
795,1.6107143183396635,0.5229817291603499,nan,nan,nan,10,89049,32796800,32796800,5571,26073456000,26073456000,2727553,False
796,1.5669566729145439,0.5362643232312956,nan,nan,nan,10,78631,32796800,32796800,4918,26106252800,26106252800,2732471,False
797,1.5686423758880534,0.5341671966645467,nan,nan,nan,10,70755,32796800,32796800,4428,26139049600,26139049600,2736899,False
798,1.5361894633859559,0.5428972474551513,nan,nan,nan,10,87628,32796800,32796800,5482,26171846400,26171846400,2742381,False
799,1.5787822119755472,0.531937302521529,nan,nan,nan,10,64564,32796800,32796800,4040,26204643200,26204643200,2746421,False
800,1.5754148097741276,0.533745227351614,1.6136520400176642,0.5234527199160798,5.021115097526929,10,72025,32796800,32796800,4506,26237440000,26237440000,2750927,False
801,1.5877115530588513,0.5310351341140914,nan,nan,nan,10,52940,32796800,32796800,3313,26270236800,26270236800,2754240,False
802,1.62734407661648,0.521644745243264,nan,nan,nan,10,31324,32796800,32796800,1961,26303033600,26303033600,2756201,False
803,1.573782453849376,0.5338115444197481,nan,nan,nan,10,89082,32796800,32796800,5572,26335830400,26335830400,2761773,False
804,1.5855683824059108,0.5318851748386475,nan,nan,nan,10,41524,32796800,32796800,2599,26368627200,26368627200,2764372,False
805,1.581082117220495,0.5319208208874375,nan,nan,nan,10,64613,32796800,32796800,4042,26401424000,26401424000,2768414,False
806,1.5526605666889606,0.5392538291424359,nan,nan,nan,10,97672,32796800,32796800,6110,26434220800,26434220800,2774524,False
807,1.5882434523050242,0.5288578065037366,nan,nan,nan,10,39608,32796800,32796800,2479,26467017600,26467017600,2777003,False
808,1.5639579978211886,0.5380641693665179,nan,nan,nan,10,66979,32796800,32796800,4193,26499814400,26499814400,2781196,False
809,1.6186385139070267,0.5219552008705903,nan,nan,nan,10,55135,32796800,32796800,3451,26532611200,26532611200,2784647,False
810,1.6076220159052284,0.5244108280254777,1.6090847994815674,0.5246703132024577,4.99823474692254,10,62800,32796800,32796800,3929,26565408000,26565408000,2788576,False
811,1.5425941662233225,0.5401864368773425,nan,nan,nan,10,93651,32796800,32796800,5857,26598204800,26598204800,2794433,False
812,1.6038157725607702,0.5249367302176481,nan,nan,nan,10,59270,32796800,32796800,3710,26631001600,26631001600,2798143,False
813,1.56657890192964,0.5363249927543232,nan,nan,nan,10,62106,32796800,32796800,3887,26663798400,26663798400,2802030,False
814,1.6007691411198453,0.5286363986741694,nan,nan,nan,10,38919,32796800,32796800,2436,26696595200,26696595200,2804466,False
815,1.5880246939258904,0.5319748751174638,nan,nan,nan,10,40438,32796800,32796800,2530,26729392000,26729392000,2806996,False
816,1.5825540640290885,0.5306676187076044,nan,nan,nan,10,42015,32796800,32796800,2630,26762188800,26762188800,2809626,False
817,1.59321832005313,0.5302122512237993,nan,nan,nan,10,52909,32796800,32796800,3313,26794985600,26794985600,2812939,False
818,1.5718551591560488,0.5305891455097713,nan,nan,nan,10,69796,32796800,32796800,4366,26827782400,26827782400,2817305,False
819,1.5402126994951653,0.545769802388947,nan,nan,nan,10,36334,32796800,32796800,2275,26860579200,26860579200,2819580,False
820,1.5532125871532292,0.5418089339958085,1.6070358681389367,0.5256256556271542,4.988004191523641,10,42467,32796800,32796800,2658,26893376000,26893376000,2822238,False
821,1.530671918156947,0.5454738897511641,nan,nan,nan,10,79892,32796800,32796800,4998,26926172800,26926172800,2827236,False
822,1.587052336976426,0.533545029128068,nan,nan,nan,10,41884,32796800,32796800,2621,26958969600,26958969600,2829857,False
823,1.5658601365283846,0.5363571331902636,nan,nan,nan,10,51723,32796800,32796800,3237,26991766400,26991766400,2833094,False
824,1.6197675063738926,0.5269777054658986,nan,nan,nan,10,45482,32796800,32796800,2847,27024563200,27024563200,2835941,False
825,1.6055492331643446,0.5310683012259194,nan,nan,nan,10,42825,32796800,32796800,2681,27057360000,27057360000,2838622,False
826,1.6279250178913975,0.5180098264420623,nan,nan,nan,10,62688,32796800,32796800,3924,27090156800,27090156800,2842546,False
827,1.5878177417986974,0.5303578774167009,nan,nan,nan,10,48620,32796800,32796800,3043,27122953600,27122953600,2845589,False
828,1.5574834606609915,0.5385074330035301,nan,nan,nan,10,60339,32796800,32796800,3775,27155750400,27155750400,2849364,False
829,1.5756327957932643,0.5366505691617799,nan,nan,nan,10,57980,32796800,32796800,3629,27188547200,27188547200,2852993,False
830,1.5560376913236764,0.5406575479984942,1.6013235336262552,0.5274988760677356,4.959592269490922,10,47814,32796800,32796800,2994,27221344000,27221344000,2855987,False
831,1.5107900601820825,0.5499251973752426,nan,nan,nan,10,67511,32796800,32796800,4225,27254140800,27254140800,2860212,False
832,1.5876187685703995,0.5311719833564493,nan,nan,nan,10,57680,32796800,32796800,3610,27286937600,27286937600,2863822,False
833,1.5846747837458948,0.5329626687847498,nan,nan,nan,10,47842,32796800,32796800,2995,27319734400,27319734400,2866817,False
834,1.5729710349646344,0.5340723650891902,nan,nan,nan,10,71084,32796800,32796800,4448,27352531200,27352531200,2871265,False
835,1.554437587651278,0.537982654492372,nan,nan,nan,10,69874,32796800,32796800,4373,27385328000,27385328000,2875638,False
836,1.5649717907662635,0.5364825869887171,nan,nan,nan,10,65497,32796800,32796800,4098,27418124800,27418124800,2879736,False
837,1.5811774836002712,0.535752609501512,nan,nan,nan,10,30753,32796800,32796800,1927,27450921600,27450921600,2881663,False
838,1.5767117629201184,0.533150064683053,nan,nan,nan,10,61840,32796800,32796800,3871,27483718400,27483718400,2885534,False
839,1.6054836609224101,0.5260159684219969,nan,nan,nan,10,44588,32796800,32796800,2791,27516515200,27516515200,2888325,False
840,1.5651107320697528,0.5378276920201249,1.599873496981266,0.5263000149857635,4.952405890471593,10,64199,32796800,32796800,4017,27549312000,27549312000,2892342,False
841,1.5800087300334695,0.5323511261956186,nan,nan,nan,10,64820,32796800,32796800,4057,27582108800,27582108800,2896399,False
842,1.5704820228974612,0.5362281805315301,nan,nan,nan,10,50872,32796800,32796800,3183,27614905600,27614905600,2899582,False
843,1.5732320375918207,0.535943090998693,nan,nan,nan,10,46671,32796800,32796800,2921,27647702400,27647702400,2902503,False
844,1.558613438723888,0.5370157002651416,nan,nan,nan,10,72037,32796800,32796800,4507,27680499200,27680499200,2907010,False
845,1.5327067630527436,0.5427836102334115,nan,nan,nan,10,39244,32796800,32796800,2459,27713296000,27713296000,2909469,False
846,1.5612056798377556,0.5363752425183711,nan,nan,nan,10,99477,32796800,32796800,6222,27746092800,27746092800,2915691,False
847,1.5637979358791139,0.5357168233817294,nan,nan,nan,10,84442,32796800,32796800,5283,27778889600,27778889600,2920974,False
848,1.557653706115828,0.5378396288933068,nan,nan,nan,10,37725,32796800,32796800,2362,27811686400,27811686400,2923336,False
849,1.5268353472580636,0.5454648354965288,nan,nan,nan,10,79512,32796800,32796800,4973,27844483200,27844483200,2928309,False
850,1.6026471743403758,0.5276789811840293,1.5980094688041946,0.5274426794545182,4.943183064821372,10,34864,32796800,32796800,2185,27877280000,27877280000,2930494,False
851,1.6418665538754784,0.5192733405952423,nan,nan,nan,10,28459,32796800,32796800,1783,27910076800,27910076800,2932277,False
852,1.5797084785778295,0.5319914004680276,nan,nan,nan,10,52561,32796800,32796800,3290,27942873600,27942873600,2935567,False
853,1.5748443997452928,0.5343920908708456,nan,nan,nan,10,47540,32796800,32796800,2976,27975670400,27975670400,2938543,False
854,1.5641912358077859,0.5370032121937394,nan,nan,nan,10,47631,32796800,32796800,2981,28008467200,28008467200,2941524,False
855,1.5295360665775204,0.5442955897886403,nan,nan,nan,10,95619,32796800,32796800,5981,28041264000,28041264000,2947505,False
856,1.5446850316455554,0.5390063578188746,nan,nan,nan,10,48287,32796800,32796800,3022,28074060800,28074060800,2950527,False
857,1.5381332013548958,0.5432276074116029,nan,nan,nan,10,49436,32796800,32796800,3094,28106857600,28106857600,2953621,False
858,1.5560702588397752,0.5419085535892804,nan,nan,nan,10,57017,32796800,32796800,3569,28139654400,28139654400,2957190,False
859,1.562365906090662,0.5371984593553618,nan,nan,nan,10,59196,32796800,32796800,3705,28172451200,28172451200,2960895,False
860,1.57404119805169,0.5300430639856227,1.5943069760452482,0.5301775812977672,4.924914805236266,10,58982,32796800,32796800,3691,28205248000,28205248000,2964586,False
861,1.5898677179620502,0.5315899868660929,nan,nan,nan,10,51013,32796800,32796800,3195,28238044800,28238044800,2967781,False
862,1.5754822193845568,0.5355992500360559,nan,nan,nan,10,41602,32796800,32796800,2606,28270841600,28270841600,2970387,False
863,1.5360099562856282,0.5429707983003345,nan,nan,nan,10,55305,32796800,32796800,3461,28303638400,28303638400,2973848,False
864,1.509749671040872,0.5498501112078136,nan,nan,nan,10,113751,32796800,32796800,7115,28336435200,28336435200,2980963,False
865,1.5204836334536467,0.5476251703654178,nan,nan,nan,10,77774,32796800,32796800,4866,28369232000,28369232000,2985829,False
866,1.5597196333028494,0.5378304886854193,nan,nan,nan,10,65093,32796800,32796800,4073,28402028800,28402028800,2989902,False
867,1.576709994916302,0.5369422092172641,nan,nan,nan,10,43744,32796800,32796800,2740,28434825600,28434825600,2992642,False
868,1.5246027548960128,0.5482934624855275,nan,nan,nan,10,61323,32796800,32796800,3838,28467622400,28467622400,2996480,False
869,1.5607989958623814,0.5364196685385564,nan,nan,nan,10,73010,32796800,32796800,4570,28500419200,28500419200,3001050,False
870,1.5770323216802382,0.5323244686769778,1.5920018757120273,0.5305334931814776,4.913575456666672,10,44935,32796800,32796800,2815,28533216000,28533216000,3003865,False
871,1.6008024153387208,0.5251633446365065,nan,nan,nan,10,48364,32796800,32796800,3028,28566012800,28566012800,3006893,False
872,1.557098028902279,0.5415116816181654,nan,nan,nan,10,41133,32796800,32796800,2576,28598809600,28598809600,3009469,False
873,1.5090486673385646,0.5526854782741168,nan,nan,nan,10,59077,32796800,32796800,3697,28631606400,28631606400,3013166,False
874,1.5594708008712401,0.5382542472173404,nan,nan,nan,10,68280,32796800,32796800,4275,28664403200,28664403200,3017441,False
875,1.555052172476998,0.5399139981262162,nan,nan,nan,10,41627,32796800,32796800,2605,28697200000,28697200000,3020046,False
876,1.5370019817269638,0.5426385545502338,nan,nan,nan,10,72282,32796800,32796800,4524,28729996800,28729996800,3024570,False
877,1.5564735531160094,0.5376059618071728,nan,nan,nan,10,53675,32796800,32796800,3361,28762793600,28762793600,3027931,False
878,1.5136276954305252,0.5500186420848279,nan,nan,nan,10,77781,32796800,32796800,4866,28795590400,28795590400,3032797,False
879,1.5944260568129054,0.5291818356006898,nan,nan,nan,10,26095,32796800,32796800,1635,28828387200,28828387200,3034432,False
880,1.5075423397905574,0.5529348338836849,1.5894440813398998,0.5312827813577101,4.901023600393433,10,59356,32796800,32796800,3714,28861184000,28861184000,3038146,False
881,1.5408785754509262,0.5403354632587859,nan,nan,nan,10,60096,32796800,32796800,3760,28893980800,28893980800,3041906,False
882,1.5521452884439397,0.5423087497872452,nan,nan,nan,10,76379,32796800,32796800,4778,28926777600,28926777600,3046684,False
883,1.5122366989368423,0.5518060299007079,nan,nan,nan,10,88426,32796800,32796800,5533,28959574400,28959574400,3052217,False
884,1.5397006660689516,0.5427125926952665,nan,nan,nan,10,72145,32796800,32796800,4516,28992371200,28992371200,3056733,False
885,1.5525270908321605,0.5423554913294798,nan,nan,nan,10,69200,32796800,32796800,4330,29025168000,29025168000,3061063,False
886,1.5510879663289567,0.5393944806644637,nan,nan,nan,10,55985,32796800,32796800,3503,29057964800,29057964800,3064566,False
887,1.5115198979794373,0.5499410668795863,nan,nan,nan,10,78903,32796800,32796800,4937,29090761600,29090761600,3069503,False
888,1.5381268730601785,0.5460154174011418,nan,nan,nan,10,76018,32796800,32796800,4754,29123558400,29123558400,3074257,False
889,1.5522830274216424,0.543014734046628,nan,nan,nan,10,39161,32796800,32796800,2454,29156355200,29156355200,3076711,False
890,1.537977829257001,0.5442385948043474,1.5869175220882805,0.5305147609770717,4.888656503553704,10,58241,32796800,32796800,3645,29189152000,29189152000,3080356,False
891,1.5423688140270848,0.5431587958339278,nan,nan,nan,10,56072,32796800,32796800,3510,29221948800,29221948800,3083866,False
892,1.5483850056710673,0.5412534199726402,nan,nan,nan,10,46784,32796800,32796800,2929,29254745600,29254745600,3086795,False
893,1.6128967660661564,0.5276115575312019,nan,nan,nan,10,23396,32796800,32796800,1467,29287542400,29287542400,3088262,False
894,1.5405797019741472,0.544844020797227,nan,nan,nan,10,41544,32796800,32796800,2602,29320339200,29320339200,3090864,False
895,1.5265851529899124,0.5462509696921061,nan,nan,nan,10,74766,32796800,32796800,4677,29353136000,29353136000,3095541,False
896,1.5089668705455797,0.5508215755067013,nan,nan,nan,10,39619,32796800,32796800,2481,29385932800,29385932800,3098022,False
897,1.4813040151004815,0.5589242474173628,nan,nan,nan,10,69793,32796800,32796800,4366,29418729600,29418729600,3102388,False
898,1.5691938740111406,0.536122687114519,nan,nan,nan,10,29995,32796800,32796800,1879,29451526400,29451526400,3104267,False
899,1.5428860928802821,0.5421168940028956,nan,nan,nan,10,65615,32796800,32796800,4107,29484323200,29484323200,3108374,False
900,1.5280275500667788,0.5428602296579824,1.5842941790957616,0.5313951745841451,4.87584868776438,10,64792,32796800,32796800,4054,29517120000,29517120000,3112428,False
901,1.5385664225138374,0.5453975151478059,nan,nan,nan,10,65356,32796800,32796800,4090,29549916800,29549916800,3116518,False
902,1.5578098510977278,0.538054668757202,nan,nan,nan,10,52937,32796800,32796800,3314,29582713600,29582713600,3119832,False
903,1.5239519300265254,0.5477989487516426,nan,nan,nan,10,66968,32796800,32796800,4190,29615510400,29615510400,3124022,False
904,1.5642813680020544,0.5346165368484123,nan,nan,nan,10,66760,32796800,32796800,4178,29648307200,29648307200,3128200,False
905,1.5415436709140906,0.5405011111299598,nan,nan,nan,10,58949,32796800,32796800,3688,29681104000,29681104000,3131888,False
906,1.4948745364844638,0.5551221914116153,nan,nan,nan,10,77174,32796800,32796800,4828,29713900800,29713900800,3136716,False
907,1.480544561553985,0.5555286452972306,nan,nan,nan,10,82579,32796800,32796800,5166,29746697600,29746697600,3141882,False
908,1.5629920412269673,0.5379300143690305,nan,nan,nan,10,47324,32796800,32796800,2963,29779494400,29779494400,3144845,False
909,1.5720809761673677,0.5337042780260878,nan,nan,nan,10,54815,32796800,32796800,3432,29812291200,29812291200,3148277,False
910,1.454319874814644,0.5666509941910728,1.5833258551134979,0.5314888356061741,4.871129571731483,10,65933,32796800,32796800,4126,29845088000,29845088000,3152403,False
911,1.5417821286829696,0.5415659610634511,nan,nan,nan,10,75302,32796800,32796800,4712,29877884800,29877884800,3157115,False
912,1.47964608953565,0.5594750306786747,nan,nan,nan,10,96158,32796800,32796800,6015,29910681600,29910681600,3163130,False
913,1.5550232351807232,0.5427711428294009,nan,nan,nan,10,41196,32796800,32796800,2579,29943478400,29943478400,3165709,False
914,1.5302735441428388,0.5419173624754421,nan,nan,nan,10,65152,32796800,32796800,4077,29976275200,29976275200,3169786,False
915,1.4811734266774736,0.5609278242311864,nan,nan,nan,10,85749,32796800,32796800,5365,30009072000,30009072000,3175151,False
916,1.5972613652893346,0.5310780717841237,nan,nan,nan,10,30536,32796800,32796800,1913,30041868800,30041868800,3177064,False
917,1.5241054242340955,0.5486689226572653,nan,nan,nan,10,77719,32796800,32796800,4862,30074665600,30074665600,3181926,False
918,1.4872598742222072,0.5554009832903868,nan,nan,nan,10,63257,32796800,32796800,3958,30107462400,30107462400,3185884,False
919,1.5346140269667423,0.543348637529068,nan,nan,nan,10,67084,32796800,32796800,4198,30140259200,30140259200,3190082,False
920,1.517683829341936,0.5501534637618393,1.5826135969547859,0.5311703881312753,4.867661305249048,10,53107,32796800,32796800,3324,30173056000,30173056000,3193406,False
921,1.5362217731444365,0.5423234578598327,nan,nan,nan,10,60014,32796800,32796800,3755,30205852800,30205852800,3197161,False
922,1.4911391228856516,0.5569850018548943,nan,nan,nan,10,75476,32796800,32796800,4723,30238649600,30238649600,3201884,False
923,1.5367568178736009,0.5415103627382751,nan,nan,nan,10,58913,32796800,32796800,3686,30271446400,30271446400,3205570,False
924,1.5526709336990356,0.5409841523505127,nan,nan,nan,10,60072,32796800,32796800,3759,30304243200,30304243200,3209329,False
925,1.528545124695852,0.5442915062519165,nan,nan,nan,10,58702,32796800,32796800,3673,30337040000,30337040000,3213002,False
926,1.5137496261329588,0.5521628901917287,nan,nan,nan,10,63110,32796800,32796800,3950,30369836800,30369836800,3216952,False
927,1.5289661174003109,0.5472038989958405,nan,nan,nan,10,47602,32796800,32796800,2979,30402633600,30402633600,3219931,False
928,1.5223876291622278,0.5500604462028794,nan,nan,nan,10,63693,32796800,32796800,3986,30435430400,30435430400,3223917,False
929,1.5303839255759908,0.5466634741126849,nan,nan,nan,10,54293,32796800,32796800,3398,30468227200,30468227200,3227315,False
930,1.5724366886664933,0.5326718976287746,1.5773501817422275,0.5336805035216544,4.842108090268496,10,46263,32796800,32796800,2896,30501024000,30501024000,3230211,False
931,1.5193630604182757,0.5490052260016504,nan,nan,nan,10,65442,32796800,32796800,4095,30533820800,30533820800,3234306,False
932,1.5219068961574447,0.5475588921773864,nan,nan,nan,10,41559,32796800,32796800,2602,30566617600,30566617600,3236908,False
933,1.5704981280317145,0.5406463928383359,nan,nan,nan,10,30384,32796800,32796800,1902,30599414400,30599414400,3238810,False
934,1.4641469793633703,0.5628949055279143,nan,nan,nan,10,98283,32796800,32796800,6148,30632211200,30632211200,3244958,False
935,1.5051417742536184,0.5489283407864114,nan,nan,nan,10,82069,32796800,32796800,5134,30665008000,30665008000,3250092,False
936,1.5329984061424744,0.5480213903743315,nan,nan,nan,10,46750,32796800,32796800,2925,30697804800,30697804800,3253017,False
937,1.5881443681803935,0.5332009875034995,nan,nan,nan,10,39291,32796800,32796800,2460,30730601600,30730601600,3255477,False
938,1.45734205554106,0.5656308561519313,nan,nan,nan,10,71506,32796800,32796800,4474,30763398400,30763398400,3259951,False
939,1.522907421908054,0.5476040147177288,nan,nan,nan,10,45931,32796800,32796800,2875,30796195200,30796195200,3262826,False
940,1.5259083036813015,0.5451406233032903,1.5748000563879196,0.5363404765472801,4.829775838736053,10,46045,32796800,32796800,2883,30828992000,30828992000,3265709,False
941,1.508526778296137,0.5511368511368512,nan,nan,nan,10,69930,32796800,32796800,4377,30861788800,30861788800,3270086,False
942,1.5563872301637804,0.542258446309447,nan,nan,nan,10,37176,32796800,32796800,2329,30894585600,30894585600,3272415,False
943,1.5192310353533027,0.5491578176492128,nan,nan,nan,10,65544,32796800,32796800,4101,30927382400,30927382400,3276516,False
944,1.4962185383997821,0.55435847208619,nan,nan,nan,10,65344,32796800,32796800,4088,30960179200,30960179200,3280604,False
945,1.56425883069829,0.5385768726182295,nan,nan,nan,10,32014,32796800,32796800,2005,30992976000,30992976000,3282609,False
946,1.4981373749471074,0.5550645491210127,nan,nan,nan,10,51821,32796800,32796800,3243,31025772800,31025772800,3285852,False
947,1.5239180115797044,0.5471831571939753,nan,nan,nan,10,48068,32796800,32796800,3009,31058569600,31058569600,3288861,False
948,1.5368610092175579,0.5440505633415773,nan,nan,nan,10,54585,32796800,32796800,3416,31091366400,31091366400,3292277,False
949,1.5034358516422732,0.5516976156466322,nan,nan,nan,10,63707,32796800,32796800,3986,31124163200,31124163200,3296263,False
950,1.5408084555659518,0.5427238080423116,1.5721213935144334,0.5363404765472801,4.816855809436326,10,64285,32796800,32796800,4024,31156960000,31156960000,3300287,False
951,1.5218965968236748,0.5449928005189956,nan,nan,nan,10,63199,32796800,32796800,3956,31189756800,31189756800,3304243,False
952,1.5197968501979706,0.548783531795557,nan,nan,nan,10,68107,32796800,32796800,4262,31222553600,31222553600,3308505,False
953,1.4915716681288462,0.5544251520378741,nan,nan,nan,10,79421,32796800,32796800,4969,31255350400,31255350400,3313474,False
954,1.5653345665769176,0.540404513319912,nan,nan,nan,10,42718,32796800,32796800,2674,31288147200,31288147200,3316148,False
955,1.5080058774119216,0.5508712184255335,nan,nan,nan,10,78109,32796800,32796800,4887,31320944000,31320944000,3321035,False
956,1.4928131623554088,0.5599596332639083,nan,nan,nan,10,46573,32796800,32796800,2914,31353740800,31353740800,3323949,False
957,1.5042289101060389,0.5539317652497022,nan,nan,nan,10,56247,32796800,32796800,3521,31386537600,31386537600,3327470,False
958,1.5639865585460675,0.538732880086708,nan,nan,nan,10,50745,32796800,32796800,3174,31419334400,31419334400,3330644,False
959,1.4955131896161864,0.5534182708519654,nan,nan,nan,10,68207,32796800,32796800,4268,31452131200,31452131200,3334912,False
960,1.5266750315183262,0.5444985353311838,1.5714797412689954,0.5354787951446126,4.813766054470365,10,47451,32796800,32796800,2970,31484928000,31484928000,3337882,False
961,1.5515466167508032,0.5408952236444933,nan,nan,nan,10,61951,32796800,32796800,3878,31517724800,31517724800,3341760,False
962,1.5116187534617178,0.5538809633379352,nan,nan,nan,10,52152,32796800,32796800,3263,31550521600,31550521600,3345023,False
963,1.5461204564214446,0.538583257800378,nan,nan,nan,10,65093,32796800,32796800,4074,31583318400,31583318400,3349097,False
964,1.52195481862658,0.5470950584787387,nan,nan,nan,10,36851,32796800,32796800,2309,31616115200,31616115200,3351406,False
965,1.5849053587243573,0.531969232618232,nan,nan,nan,10,33282,32796800,32796800,2085,31648912000,31648912000,3353491,False
966,1.5640550541263063,0.5379243101063468,nan,nan,nan,10,44101,32796800,32796800,2762,31681708800,31681708800,3356253,False
967,1.5023717493571096,0.5544114177872139,nan,nan,nan,10,84780,32796800,32796800,5304,31714505600,31714505600,3361557,False
968,1.512765074350931,0.5509789332237609,nan,nan,nan,10,90047,32796800,32796800,5635,31747302400,31747302400,3367192,False
969,1.5224569033286897,0.5444506963004642,nan,nan,nan,10,56872,32796800,32796800,3558,31780099200,31780099200,3370750,False
970,1.539474800955863,0.5431703148622888,1.5680216048300828,0.5366401918177731,4.797148144729332,10,60852,32796800,32796800,3809,31812896000,31812896000,3374559,False
971,1.5131991285411093,0.5498342385554067,nan,nan,nan,10,56708,32796800,32796800,3548,31845692800,31845692800,3378107,False
972,1.453710944985472,0.5645773843517989,nan,nan,nan,10,70040,32796800,32796800,4382,31878489600,31878489600,3382489,False
973,1.4835793193222024,0.5588759812663544,nan,nan,nan,10,59999,32796800,32796800,3755,31911286400,31911286400,3386244,False
974,1.5338467109472518,0.5431016118724703,nan,nan,nan,10,56332,32796800,32796800,3525,31944083200,31944083200,3389769,False
975,1.474122632209949,0.5596876897228458,nan,nan,nan,10,70827,32796800,32796800,4430,31976880000,31976880000,3394199,False
976,1.539323249041691,0.542786308381318,nan,nan,nan,10,50016,32796800,32796800,3130,32009676800,32009676800,3397329,False
977,1.5367922617919636,0.5470880560111631,nan,nan,nan,10,40849,32796800,32796800,2559,32042473600,32042473600,3399888,False
978,1.5014497817788963,0.5533294618660473,nan,nan,nan,10,72324,32796800,32796800,4525,32075270400,32075270400,3404413,False
979,1.5465360722346466,0.5402092359716791,nan,nan,nan,10,56778,32796800,32796800,3555,32108067200,32108067200,3407968,False
980,1.5052793557046789,0.5511389387809914,1.5649647386145882,0.5373145511763824,4.782506295124326,10,59573,32796800,32796800,3728,32140864000,32140864000,3411696,False
981,1.533614636797753,0.5432135432135432,nan,nan,nan,10,47138,32796800,32796800,2952,32173660800,32173660800,3414648,False
982,1.4970229860314788,0.553740764442376,nan,nan,nan,10,68756,32796800,32796800,4303,32206457600,32206457600,3418951,False
983,1.4909205432385184,0.5573690665127687,nan,nan,nan,10,55448,32796800,32796800,3470,32239254400,32239254400,3422421,False
984,1.538935576844967,0.5444415405450356,nan,nan,nan,10,42089,32796800,32796800,2635,32272051200,32272051200,3425056,False
985,1.5305772519099334,0.5474853015836623,nan,nan,nan,10,61061,32796800,32796800,3822,32304848000,32304848000,3428878,False
986,1.4984716751959715,0.5541336063475812,nan,nan,nan,10,58605,32796800,32796800,3668,32337644800,32337644800,3432546,False
987,1.5223473039482522,0.5501936564430022,nan,nan,nan,10,47765,32796800,32796800,2989,32370441600,32370441600,3435535,False
988,1.4998870340962331,0.5511423162460712,nan,nan,nan,10,54407,32796800,32796800,3405,32403238400,32403238400,3438940,False
989,1.4878623553768007,0.5569563723806252,nan,nan,nan,10,58220,32796800,32796800,3645,32436035200,32436035200,3442585,False
990,1.536015084964443,0.5462060911521559,1.5639772340845137,0.5381387681702383,4.7777858795922405,10,32539,32796800,32796800,2037,32468832000,32468832000,3444622,False
991,1.5063922318868916,0.5537206675868992,nan,nan,nan,10,39845,32796800,32796800,2495,32501628800,32501628800,3447117,False
992,1.5030286965873563,0.5522303048056112,nan,nan,nan,10,61449,32796800,32796800,3844,32534425600,32534425600,3450961,False
993,1.5304674853781357,0.5489145052833814,nan,nan,nan,10,52050,32796800,32796800,3259,32567222400,32567222400,3454220,False
994,1.4745937531647535,0.5606938726567808,nan,nan,nan,10,75057,32796800,32796800,4696,32600019200,32600019200,3458916,False
995,1.454216891483868,0.5665206861086228,nan,nan,nan,10,60282,32796800,32796800,3771,32632816000,32632816000,3462687,False
996,1.53631864944067,0.5476045247865143,nan,nan,nan,10,36068,32796800,32796800,2257,32665612800,32665612800,3464944,False
997,1.503446036992603,0.5543927337030785,nan,nan,nan,10,62205,32796800,32796800,3895,32698409600,32698409600,3468839,False
998,1.4974204668464528,0.5550672706375499,nan,nan,nan,10,59164,32796800,32796800,3703,32731206400,32731206400,3472542,False
999,1.4907423382622143,0.5552707569514292,nan,nan,nan,10,61642,32796800,32796800,3857,32764003200,32764003200,3476399,False
1000,1.496661470727882,0.5546558704453441,1.5624300929607882,0.5372770867675708,4.770399685792983,10,37791,32796800,32796800,2366,32796800000,32796800000,3478765,True
