round,train_loss,train_accuracy,test_loss,test_accuracy,test_perplexity,num_fit_clients,num_fit_examples,round_upload_bytes,round_download_bytes,round_local_steps,cumulative_upload_bytes,cumulative_download_bytes,cumulative_local_steps,run_completed
1,4.21153874913268,0.15786741806317664,nan,nan,nan,10,40458,32796800,32796800,2532,32796800,32796800,2532,False
2,4.183967962567935,0.164574172645221,nan,nan,nan,10,34568,32796800,32796800,2166,65593600,65593600,4698,False
3,3.596212522632767,0.18427054416363092,nan,nan,nan,10,96901,32796800,32796800,6062,98390400,98390400,10760,False
4,3.666129562098124,0.1893767996709173,nan,nan,nan,10,38896,32796800,32796800,2437,131187200,131187200,13197,False
5,3.392145068935968,0.18774507488071054,nan,nan,nan,10,42334,32796800,32796800,2652,163984000,163984000,15849,False
6,3.1682582656959988,0.18977664850710663,nan,nan,nan,10,90127,32796800,32796800,5638,196780800,196780800,21487,False
7,3.176358423816318,0.18778011715411394,nan,nan,nan,10,47971,32796800,32796800,3003,229577600,229577600,24490,False
8,3.13774525871259,0.19026954342644092,nan,nan,nan,10,49083,32796800,32796800,3072,262374400,262374400,27562,False
9,3.1555069726927387,0.1852413899534453,nan,nan,nan,10,38879,32796800,32796800,2435,295171200,295171200,29997,False
10,3.1449682683045697,0.18679078759351098,3.2365965964678756,0.19211748838603326,25.446967901481294,10,47588,32796800,32796800,2978,327968000,327968000,32975,False
11,3.1388529698225973,0.18490933185714525,nan,nan,nan,10,59613,32796800,32796800,3731,360764800,360764800,36706,False
12,3.1350745549028702,0.18546581711727225,nan,nan,nan,10,87105,32796800,32796800,5449,393561600,393561600,42155,False
13,3.1375588563302714,0.1874001528096131,nan,nan,nan,10,43191,32796800,32796800,2703,426358400,426358400,44858,False
14,3.1423426957009974,0.18482589895311788,nan,nan,nan,10,35152,32796800,32796800,2200,459155200,459155200,47058,False
15,3.1323337126498974,0.18685035763362814,nan,nan,nan,10,56762,32796800,32796800,3553,491952000,491952000,50611,False
16,3.139634392968832,0.18271173483317862,nan,nan,nan,10,36626,32796800,32796800,2295,524748800,524748800,52906,False
17,3.1251346586602526,0.18603400195348443,nan,nan,nan,10,70643,32796800,32796800,4420,557545600,557545600,57326,False
18,3.134453648095587,0.18716067256753643,nan,nan,nan,10,30391,32796800,32796800,1904,590342400,590342400,59230,False
19,3.112664723429806,0.18735244519392918,nan,nan,nan,10,35580,32796800,32796800,2228,623139200,623139200,61458,False
20,3.128484633722151,0.1877475051481071,3.147411110482258,0.19211748838603326,23.27572822374471,10,50504,32796800,32796800,3162,655936000,655936000,64620,False
21,3.1190460006309078,0.18858689992710612,nan,nan,nan,10,57618,32796800,32796800,3606,688732800,688732800,68226,False
22,3.1360837400903923,0.18874645071321763,nan,nan,nan,10,59519,32796800,32796800,3725,721529600,721529600,71951,False
23,3.1130619242985804,0.18819125724174254,nan,nan,nan,10,53164,32796800,32796800,3327,754326400,754326400,75278,False
24,3.1196468331109446,0.18576456785295267,nan,nan,nan,10,48583,32796800,32796800,3041,787123200,787123200,78319,False
25,3.1359520973325457,0.18711467324290998,nan,nan,nan,10,68124,32796800,32796800,4263,819920000,819920000,82582,False
26,3.118310153207344,0.18905409074213073,nan,nan,nan,10,62617,32796800,32796800,3918,852716800,852716800,86500,False
27,3.1062737553449424,0.18952700034970163,nan,nan,nan,10,88647,32796800,32796800,5546,885513600,885513600,92046,False
28,3.1190855429222424,0.18639280670706637,nan,nan,nan,10,55941,32796800,32796800,3500,918310400,918310400,95546,False
29,3.0841659331729008,0.1907935880978243,nan,nan,nan,10,60762,32796800,32796800,3802,951107200,951107200,99348,False
30,3.1239255282455827,0.1866481766375593,3.157312419520635,0.1924359358609321,23.50733310560627,10,46151,32796800,32796800,2889,983904000,983904000,102237,False
31,3.096027857651609,0.18974115974649056,nan,nan,nan,10,84415,32796800,32796800,5281,1016700800,1016700800,107518,False
32,3.1060231308197,0.18952618453865336,nan,nan,nan,10,38897,32796800,32796800,2436,1049497600,1049497600,109954,False
33,3.0885310904267005,0.19114323722212428,nan,nan,nan,10,62393,32796800,32796800,3904,1082294400,1082294400,113858,False
34,3.1046502205586353,0.18697299278993035,nan,nan,nan,10,40915,32796800,32796800,2562,1115091200,1115091200,116420,False
35,3.1136814306603795,0.18651904340124004,nan,nan,nan,10,56450,32796800,32796800,3533,1147888000,1147888000,119953,False
36,3.091109882626972,0.18908390144843448,nan,nan,nan,10,48259,32796800,32796800,3021,1180684800,1180684800,122974,False
37,3.0899181447446216,0.1895137727446753,nan,nan,nan,10,49627,32796800,32796800,3107,1213481600,1213481600,126081,False
38,3.074971628995758,0.19013496591067205,nan,nan,nan,10,43122,32796800,32796800,2700,1246278400,1246278400,128781,False
39,3.0760087189624876,0.18997016389422489,nan,nan,nan,10,48934,32796800,32796800,3062,1279075200,1279075200,131843,False
40,3.0708732705546833,0.19558703746800093,3.0974336691958855,0.19773714970777762,22.141057031238986,10,68752,32796800,32796800,4301,1311872000,1311872000,136144,False
41,3.078016845192214,0.19637793064719922,nan,nan,nan,10,35615,32796800,32796800,2230,1344668800,1344668800,138374,False
42,3.054876275313802,0.19445809445809445,nan,nan,nan,10,36630,32796800,32796800,2294,1377465600,1377465600,140668,False
43,3.0369359636236353,0.20238073536649834,nan,nan,nan,10,54857,32796800,32796800,3432,1410262400,1410262400,144100,False
44,3.040139332707399,0.20600380682001485,nan,nan,nan,10,61994,32796800,32796800,3879,1443059200,1443059200,147979,False
45,3.028151564874527,0.20932993136947237,nan,nan,nan,10,73291,32796800,32796800,4585,1475856000,1475856000,152564,False
46,3.0399440974361447,0.20638316451274885,nan,nan,nan,10,45808,32796800,32796800,2868,1508652800,1508652800,155432,False
47,3.0109411688347207,0.2147941862102414,nan,nan,nan,10,63917,32796800,32796800,4000,1541449600,1541449600,159432,False
48,2.9987297346861337,0.21826580867814646,nan,nan,nan,10,55634,32796800,32796800,3481,1574246400,1574246400,162913,False
49,3.002262686772703,0.219260573242461,nan,nan,nan,10,64266,32796800,32796800,4022,1607043200,1607043200,166935,False
50,2.9940384220495497,0.21999896145258166,3.0194494964371517,0.22044058144762477,20.48001425952946,10,57773,32796800,32796800,3616,1639840000,1639840000,170551,False
51,2.9801826452699856,0.222421131252297,nan,nan,nan,10,84349,32796800,32796800,5278,1672636800,1672636800,175829,False
52,2.976140975671373,0.22562668236877523,nan,nan,nan,10,47552,32796800,32796800,2977,1705433600,1705433600,178806,False
53,2.9798636782721193,0.22708065980155873,nan,nan,nan,10,31949,32796800,32796800,2002,1738230400,1738230400,180808,False
54,2.9610334002557646,0.22764524505030834,nan,nan,nan,10,49296,32796800,32796800,3085,1771027200,1771027200,183893,False
55,2.933402700357942,0.22778820878708222,nan,nan,nan,10,53260,32796800,32796800,3333,1803824000,1803824000,187226,False
56,2.9436339381248975,0.22765275383797542,nan,nan,nan,10,62077,32796800,32796800,3885,1836620800,1836620800,191111,False
57,2.933348541440342,0.23106520858647225,nan,nan,nan,10,29628,32796800,32796800,1856,1869417600,1869417600,192967,False
58,2.9477303797461305,0.22633106596060532,nan,nan,nan,10,45133,32796800,32796800,2825,1902214400,1902214400,195792,False
59,2.9288546899869905,0.2331539635370653,nan,nan,nan,10,49804,32796800,32796800,3119,1935011200,1935011200,198911,False
60,2.9184594998878275,0.234287099063544,2.941288624855955,0.24162670463060093,18.940237454125043,10,57771,32796800,32796800,3616,1967808000,1967808000,202527,False
61,2.9388693163574198,0.23176464082287232,nan,nan,nan,10,54249,32796800,32796800,3394,2000604800,2000604800,205921,False
62,2.898942597418795,0.23817138063907312,nan,nan,nan,10,76298,32796800,32796800,4773,2033401600,2033401600,210694,False
63,2.907892976460385,0.23962079950673107,nan,nan,nan,10,38924,32796800,32796800,2437,2066198400,2066198400,213131,False
64,2.889187673148249,0.23982944330421777,nan,nan,nan,10,62853,32796800,32796800,3932,2098995200,2098995200,217063,False
65,2.890541314761286,0.23848270556558274,nan,nan,nan,10,33797,32796800,32796800,2116,2131792000,2131792000,219179,False
66,2.886934065786844,0.2443697764923548,nan,nan,nan,10,47023,32796800,32796800,2943,2164588800,2164588800,222122,False
67,2.8777953986500573,0.2442521859180856,nan,nan,nan,10,54325,32796800,32796800,3401,2197385600,2197385600,225523,False
68,2.853616234408379,0.24536019742402218,nan,nan,nan,10,29581,32796800,32796800,1853,2230182400,2230182400,227376,False
69,2.8444679479017645,0.2499064617601818,nan,nan,nan,10,72163,32796800,32796800,4514,2262979200,2262979200,231890,False
70,2.850478726214392,0.24611702876448782,2.864368472770292,0.25886033268395026,17.537973998410717,10,63933,32796800,32796800,3999,2295776000,2295776000,235889,False
71,2.837987810711201,0.24462428649620768,nan,nan,nan,10,51156,32796800,32796800,3203,2328572800,2328572800,239092,False
72,2.833801764950885,0.25029560895444614,nan,nan,nan,10,49897,32796800,32796800,3124,2361369600,2361369600,242216,False
73,2.844931607671727,0.24763140586949178,nan,nan,nan,10,56257,32796800,32796800,3522,2394166400,2394166400,245738,False
74,2.806538828387705,0.25117799454036477,nan,nan,nan,10,57513,32796800,32796800,3598,2426963200,2426963200,249336,False
75,2.7721082347613604,0.25870853157369356,nan,nan,nan,10,77137,32796800,32796800,4826,2459760000,2459760000,254162,False
76,2.778106592634568,0.25887372013651877,nan,nan,nan,10,17580,32796800,32796800,1103,2492556800,2492556800,255265,False
77,2.7885640788500075,0.25970176900991016,nan,nan,nan,10,43188,32796800,32796800,2704,2525353600,2525353600,257969,False
78,2.8305215420310024,0.2515823448044599,nan,nan,nan,10,47714,32796800,32796800,2987,2558150400,2558150400,260956,False
79,2.7553185003957164,0.2612198771542478,nan,nan,nan,10,95567,32796800,32796800,5979,2590947200,2590947200,266935,False
80,2.8016721056046756,0.2553150273620999,2.8000252490884696,0.2613142514611119,16.445061988680134,10,41298,32796800,32796800,2584,2623744000,2623744000,269519,False
81,2.7595741240878184,0.25967303009841836,nan,nan,nan,10,48873,32796800,32796800,3060,2656540800,2656540800,272579,False
82,2.7636289316420184,0.25676594390522617,nan,nan,nan,10,69133,32796800,32796800,4326,2689337600,2689337600,276905,False
83,2.780396535138089,0.25462899599178807,nan,nan,nan,10,51145,32796800,32796800,3203,2722134400,2722134400,280108,False
84,2.7704019159987654,0.25617076694544494,nan,nan,nan,10,49143,32796800,32796800,3077,2754931200,2754931200,283185,False
85,2.74411733087194,0.2619789825497317,nan,nan,nan,10,31117,32796800,32796800,1950,2787728000,2787728000,285135,False
86,2.7249502661567435,0.2635155096011817,nan,nan,nan,10,50775,32796800,32796800,3177,2820524800,2820524800,288312,False
87,2.7162086208340295,0.267755873615987,nan,nan,nan,10,96278,32796800,32796800,6023,2853321600,2853321600,294335,False
88,2.731783932896267,0.26540592237039173,nan,nan,nan,10,55417,32796800,32796800,3467,2886118400,2886118400,297802,False
89,2.724416581454097,0.26466837880066807,nan,nan,nan,10,55681,32796800,32796800,3485,2918915200,2918915200,301287,False
90,2.6988066996318945,0.2697952458199747,2.7508696629406897,0.2693129027423947,15.65624161851572,10,78289,32796800,32796800,4897,2951712000,2951712000,306184,False
91,2.738904140607207,0.26357597173144875,nan,nan,nan,10,35375,32796800,32796800,2215,2984508800,2984508800,308399,False
92,2.7218384692059767,0.26483422035635185,nan,nan,nan,10,60502,32796800,32796800,3784,3017305600,3017305600,312183,False
93,2.7048443358090823,0.26894612196566015,nan,nan,nan,10,40536,32796800,32796800,2539,3050102400,3050102400,314722,False
94,2.6966322038041546,0.2682617741630414,nan,nan,nan,10,52870,32796800,32796800,3309,3082899200,3082899200,318031,False
95,2.689910542680356,0.2738085124458415,nan,nan,nan,10,23542,32796800,32796800,1476,3115696000,3115696000,319507,False
96,2.697070567531273,0.27068269655870736,nan,nan,nan,10,70119,32796800,32796800,4388,3148492800,3148492800,323895,False
97,2.7096172552420144,0.2671212570412096,nan,nan,nan,10,77579,32796800,32796800,4853,3181289600,3181289600,328748,False
98,2.6818362038735692,0.2732186110408156,nan,nan,nan,10,55322,32796800,32796800,3462,3214086400,3214086400,332210,False
99,2.6876974938751506,0.2710185238286402,nan,nan,nan,10,69748,32796800,32796800,4365,3246883200,3246883200,336575,False
100,2.668074233818619,0.27244441645147066,2.69908770060014,0.27483890304211,14.866163144794971,10,79385,32796800,32796800,4967,3279680000,3279680000,341542,False
101,2.6637467203720977,0.2761146218585282,nan,nan,nan,10,68678,32796800,32796800,4298,3312476800,3312476800,345840,False
102,2.6654687135223027,0.27682645337914,nan,nan,nan,10,55887,32796800,32796800,3498,3345273600,3345273600,349338,False
103,2.679893593985263,0.2754203888596952,nan,nan,nan,10,45672,32796800,32796800,2859,3378070400,3378070400,352197,False
104,2.6597840398994768,0.28012690312725563,nan,nan,nan,10,59573,32796800,32796800,3728,3410867200,3410867200,355925,False
105,2.672645155956845,0.2763341614231055,nan,nan,nan,10,55147,32796800,32796800,3450,3443664000,3443664000,359375,False
106,2.636427978561996,0.28337351818364476,nan,nan,nan,10,99540,32796800,32796800,6225,3476460800,3476460800,365600,False
107,2.670124883474706,0.2799423294771892,nan,nan,nan,10,58262,32796800,32796800,3646,3509257600,3509257600,369246,False
108,2.6385880273352575,0.28407813591761094,nan,nan,nan,10,32917,32796800,32796800,2062,3542054400,3542054400,371308,False
109,2.6652912965919597,0.285140562248996,nan,nan,nan,10,39840,32796800,32796800,2496,3574851200,3574851200,373804,False
110,2.645189229838486,0.2860857194250486,2.6506318327513445,0.29276562265847444,14.162984456386331,10,61153,32796800,32796800,3827,3607648000,3607648000,377631,False
111,2.6083019848145033,0.29234489659773183,nan,nan,nan,10,59960,32796800,32796800,3751,3640444800,3640444800,381382,False
112,2.6301539895559207,0.28763464791240095,nan,nan,nan,10,33699,32796800,32796800,2111,3673241600,3673241600,383493,False
113,2.613432603786079,0.2938349461781016,nan,nan,nan,10,45985,32796800,32796800,2879,3706038400,3706038400,386372,False
114,2.6358105233565006,0.2900353701670935,nan,nan,nan,10,73791,32796800,32796800,4617,3738835200,3738835200,390989,False
115,2.6076378257589834,0.29764823390538453,nan,nan,nan,10,44052,32796800,32796800,2758,3771632000,3771632000,393747,False
116,2.556348585956302,0.30455204407074515,nan,nan,nan,10,68980,32796800,32796800,4315,3804428800,3804428800,398062,False
117,2.611181532705067,0.28699578567128237,nan,nan,nan,10,33220,32796800,32796800,2081,3837225600,3837225600,400143,False
118,2.5963409456879387,0.2926726705680345,nan,nan,nan,10,85611,32796800,32796800,5356,3870022400,3870022400,405499,False
119,2.594033097612219,0.29545150799661424,nan,nan,nan,10,44894,32796800,32796800,2812,3902819200,3902819200,408311,False
120,2.5847913104082743,0.2993457919566294,2.6088406497993053,0.3024501723362805,13.583293925159545,10,38367,32796800,32796800,2402,3935616000,3935616000,410713,False
121,2.631521020215295,0.29634107636737345,nan,nan,nan,10,66167,32796800,32796800,4140,3968412800,3968412800,414853,False
122,2.5763644355480886,0.30845236266830495,nan,nan,nan,10,39066,32796800,32796800,2446,4001209600,4001209600,417299,False
123,2.5808317719228007,0.3018309395899572,nan,nan,nan,10,27363,32796800,32796800,1714,4034006400,4034006400,419013,False
124,2.5470278792973233,0.3092362414008755,nan,nan,nan,10,51168,32796800,32796800,3203,4066803200,4066803200,422216,False
125,2.559964418776821,0.30376385533912387,nan,nan,nan,10,58371,32796800,32796800,3653,4099600000,4099600000,425869,False
126,2.5750769364949684,0.30038214583616224,nan,nan,nan,10,51551,32796800,32796800,3228,4132396800,4132396800,429097,False
127,2.5522360596668516,0.30752018252018254,nan,nan,nan,10,45584,32796800,32796800,2854,4165193600,4165193600,431951,False
128,2.5403018760960707,0.30969295424973453,nan,nan,nan,10,66863,32796800,32796800,4185,4197990400,4197990400,436136,False
129,2.5385492825372915,0.3074341645304125,nan,nan,nan,10,64365,32796800,32796800,4027,4230787200,4230787200,440163,False
130,2.5377802970500887,0.313104512892255,2.569506282197577,0.3141203356811029,13.059375202987532,10,41459,32796800,32796800,2596,4263584000,4263584000,442759,False
131,2.5383416800734233,0.31054899235580263,nan,nan,nan,10,35975,32796800,32796800,2254,4296380800,4296380800,445013,False
132,2.5382780756956023,0.3123150418533863,nan,nan,nan,10,47308,32796800,32796800,2962,4329177600,4329177600,447975,False
133,2.532996404408744,0.3126516954544383,nan,nan,nan,10,42437,32796800,32796800,2657,4361974400,4361974400,450632,False
134,2.5283607706476694,0.31442819710928915,nan,nan,nan,10,35493,32796800,32796800,2224,4394771200,4394771200,452856,False
135,2.5242018563561532,0.3141433595712611,nan,nan,nan,10,47768,32796800,32796800,2989,4427568000,4427568000,455845,False
136,2.5315700086941906,0.3115917895142772,nan,nan,nan,10,57049,32796800,32796800,3571,4460364800,4460364800,459416,False
137,2.5146039000583067,0.31571322985957134,nan,nan,nan,10,67650,32796800,32796800,4233,4493161600,4493161600,463649,False
138,2.5147304142426896,0.31395647841599433,nan,nan,nan,10,62222,32796800,32796800,3893,4525958400,4525958400,467542,False
139,2.521660352075017,0.3136893285271188,nan,nan,nan,10,47716,32796800,32796800,2986,4558755200,4558755200,470528,False
140,2.502407913771988,0.31963194304520115,2.524699384226857,0.32436685149108346,12.487140867813462,10,29778,32796800,32796800,1866,4591552000,4591552000,472394,False
141,2.513174718891367,0.3180881322395812,nan,nan,nan,10,48518,32796800,32796800,3037,4624348800,4624348800,475431,False
142,2.492458076876445,0.3222805897376364,nan,nan,nan,10,68912,32796800,32796800,4312,4657145600,4657145600,479743,False
143,2.4802711756792313,0.3228168670287423,nan,nan,nan,10,65548,32796800,32796800,4101,4689942400,4689942400,483844,False
144,2.4952046734193583,0.32042121584081656,nan,nan,nan,10,77395,32796800,32796800,4843,4722739200,4722739200,488687,False
145,2.487601469117164,0.3226819059884095,nan,nan,nan,10,37272,32796800,32796800,2335,4755536000,4755536000,491022,False
146,2.4961981758478817,0.3206476459954413,nan,nan,nan,10,63615,32796800,32796800,3982,4788332800,4788332800,495004,False
147,2.4695893242173907,0.3323038768395686,nan,nan,nan,10,42741,32796800,32796800,2676,4821129600,4821129600,497680,False
148,2.4726297945307785,0.3250188964474679,nan,nan,nan,10,64827,32796800,32796800,4057,4853926400,4853926400,501737,False
149,2.483337596693443,0.32732537332856165,nan,nan,nan,10,61474,32796800,32796800,3847,4886723200,4886723200,505584,False
150,2.4947716633282715,0.3238049387173778,2.4814003627910868,0.33802262850292225,11.95799823419066,10,49851,32796800,32796800,3120,4919520000,4919520000,508704,False
151,2.463057881454383,0.33105930804659134,nan,nan,nan,10,63617,32796800,32796800,3982,4952316800,4952316800,512686,False
152,2.441030499330922,0.3347870421209507,nan,nan,nan,10,63745,32796800,32796800,3989,4985113600,4985113600,516675,False
153,2.466190943251022,0.3289919414227702,nan,nan,nan,10,47527,32796800,32796800,2976,5017910400,5017910400,519651,False
154,2.4385038941813253,0.3340788938592924,nan,nan,nan,10,54098,32796800,32796800,3386,5050707200,5050707200,523037,False
155,2.447182507154087,0.3352204898165901,nan,nan,nan,10,55286,32796800,32796800,3460,5083504000,5083504000,526497,False
156,2.4191408779303614,0.3386355045987149,nan,nan,nan,10,31748,32796800,32796800,1989,5116300800,5116300800,528486,False
157,2.417208419009981,0.33545946283963357,nan,nan,nan,10,31983,32796800,32796800,2004,5149097600,5149097600,530490,False
158,2.4562124843716364,0.33224806897790554,nan,nan,nan,10,44536,32796800,32796800,2789,5181894400,5181894400,533279,False
159,2.4450345619227867,0.33414430696510494,nan,nan,nan,10,43158,32796800,32796800,2701,5214691200,5214691200,535980,False
160,2.41349494617242,0.33972047370105624,2.436213475411288,0.34688296118687245,11.429679937101506,10,46865,32796800,32796800,2933,5247488000,5247488000,538913,False
161,2.3622928252201727,0.3532928679817906,nan,nan,nan,10,65900,32796800,32796800,4123,5280284800,5280284800,543036,False
162,2.3789423510933108,0.34689000558347294,nan,nan,nan,10,44775,32796800,32796800,2803,5313081600,5313081600,545839,False
163,2.3650272199958473,0.35157052092787955,nan,nan,nan,10,67207,32796800,32796800,4207,5345878400,5345878400,550046,False
164,2.3704077945752893,0.3489470958833175,nan,nan,nan,10,46348,32796800,32796800,2901,5378675200,5378675200,552947,False
165,2.4034763281884888,0.3415216076349217,nan,nan,nan,10,59516,32796800,32796800,3724,5411472000,5411472000,556671,False
166,2.399287180642532,0.34173749494083755,nan,nan,nan,10,42003,32796800,32796800,2629,5444268800,5444268800,559300,False
167,2.3913751529451215,0.34558813199780847,nan,nan,nan,10,71183,32796800,32796800,4453,5477065600,5477065600,563753,False
168,2.3793993738891253,0.34428548407312576,nan,nan,nan,10,55849,32796800,32796800,3495,5509862400,5509862400,567248,False
169,2.3580565183685622,0.3523967319888019,nan,nan,nan,10,35006,32796800,32796800,2193,5542659200,5542659200,569441,False
170,2.3755451227568884,0.3504220657024571,2.394531023336211,0.3543571107447924,10.963055436126227,10,37198,32796800,32796800,2330,5575456000,5575456000,571771,False
171,2.387737721895865,0.3437727477555548,nan,nan,nan,10,57698,32796800,32796800,3611,5608252800,5608252800,575382,False
172,2.3672076971884395,0.35097620500305066,nan,nan,nan,10,32780,32796800,32796800,2053,5641049600,5641049600,577435,False
173,2.3612524733398037,0.3503710797222887,nan,nan,nan,10,75186,32796800,32796800,4705,5673846400,5673846400,582140,False
174,2.3449619318034034,0.3549272210138866,nan,nan,nan,10,59770,32796800,32796800,3741,5706643200,5706643200,585881,False
175,2.345845531974757,0.35812747372730996,nan,nan,nan,10,43962,32796800,32796800,2753,5739440000,5739440000,588634,False
176,2.376765123350884,0.3540318125805583,nan,nan,nan,10,70601,32796800,32796800,4417,5772236800,5772236800,593051,False
177,2.3538541763973204,0.3528877737979301,nan,nan,nan,10,60583,32796800,32796800,3791,5805033600,5805033600,596842,False
178,2.3433633962123337,0.35871369681595194,nan,nan,nan,10,53611,32796800,32796800,3356,5837830400,5837830400,600198,False
179,2.3453887119906875,0.35739615691233473,nan,nan,nan,10,36377,32796800,32796800,2278,5870627200,5870627200,602476,False
180,2.3572044204556564,0.3554653851385048,2.355169325133555,0.36252435186572757,10.539913382850278,10,44114,32796800,32796800,2762,5903424000,5903424000,605238,False
181,2.3375787203795912,0.359937297055201,nan,nan,nan,10,44655,32796800,32796800,2796,5936220800,5936220800,608034,False
182,2.3569328630576467,0.3586084782835121,nan,nan,nan,10,38404,32796800,32796800,2405,5969017600,5969017600,610439,False
183,2.327350741544326,0.36030055778361686,nan,nan,nan,10,43386,32796800,32796800,2715,6001814400,6001814400,613154,False
184,2.305361013660417,0.36580430424751315,nan,nan,nan,10,52878,32796800,32796800,3310,6034611200,6034611200,616464,False
185,2.3146127029214525,0.36835781442431886,nan,nan,nan,10,33291,32796800,32796800,2084,6067408000,6067408000,618548,False
186,2.34390186373211,0.3626067982051755,nan,nan,nan,10,65076,32796800,32796800,4072,6100204800,6100204800,622620,False
187,2.3129305373793922,0.36302027316147983,nan,nan,nan,10,86469,32796800,32796800,5409,6133001600,6133001600,628029,False
188,2.316646922125209,0.36246980676328505,nan,nan,nan,10,46368,32796800,32796800,2903,6165798400,6165798400,630932,False
189,2.34843218106719,0.3597154145014016,nan,nan,nan,10,61001,32796800,32796800,3817,6198595200,6198595200,634749,False
190,2.2633203544186498,0.37842119326640455,2.317701464451076,0.37151580998051853,10.152312016758563,10,52394,32796800,32796800,3281,6231392000,6231392000,638030,False
191,2.2817756428135927,0.3688783016885028,nan,nan,nan,10,57092,32796800,32796800,3572,6264188800,6264188800,641602,False
192,2.2991701961904623,0.36777883698760727,nan,nan,nan,10,52450,32796800,32796800,3283,6296985600,6296985600,644885,False
193,2.3003008399212335,0.36578478409869775,nan,nan,nan,10,72950,32796800,32796800,4564,6329782400,6329782400,649449,False
194,2.2778529865708954,0.3746135185273272,nan,nan,nan,10,42046,32796800,32796800,2632,6362579200,6362579200,652081,False
195,2.288892189750587,0.3694529918876993,nan,nan,nan,10,39323,32796800,32796800,2462,6395376000,6395376000,654543,False
196,2.287797568660291,0.3739516526887025,nan,nan,nan,10,42567,32796800,32796800,2665,6428172800,6428172800,657208,False
197,2.263086805066034,0.3762674408527602,nan,nan,nan,10,46156,32796800,32796800,2890,6460969600,6460969600,660098,False
198,2.2993746648379076,0.3745825142660839,nan,nan,nan,10,52397,32796800,32796800,3281,6493766400,6493766400,663379,False
199,2.2917062494064377,0.372712841507227,nan,nan,nan,10,59845,32796800,32796800,3746,6526563200,6526563200,667125,False
200,2.2656695143175383,0.37329486254708666,2.2784785865647637,0.38123782406713624,9.761817345901141,10,62385,32796800,32796800,3904,6559360000,6559360000,671029,False
201,2.254096526628224,0.37983205620975835,nan,nan,nan,10,40847,32796800,32796800,2555,6592156800,6592156800,673584,False
202,2.2799528750624978,0.37590658397139337,nan,nan,nan,10,49499,32796800,32796800,3098,6624953600,6624953600,676682,False
203,2.2720910851140075,0.37484782723760124,nan,nan,nan,10,37786,32796800,32796800,2366,6657750400,6657750400,679048,False
204,2.250509152356683,0.37840133990339103,nan,nan,nan,10,41197,32796800,32796800,2579,6690547200,6690547200,681627,False
205,2.258655369943726,0.38013478554598035,nan,nan,nan,10,60689,32796800,32796800,3798,6723344000,6723344000,685425,False
206,2.2548111768330124,0.38145727040816324,nan,nan,nan,10,75264,32796800,32796800,4708,6756140800,6756140800,690133,False
207,2.2560035420861753,0.37958442991765007,nan,nan,nan,10,94232,32796800,32796800,5895,6788937600,6788937600,696028,False
208,2.252637321845704,0.3820161915580318,nan,nan,nan,10,55461,32796800,32796800,3472,6821734400,6821734400,699500,False
209,2.227871796728061,0.38554776389727397,nan,nan,nan,10,43066,32796800,32796800,2696,6854531200,6854531200,702196,False
210,2.2266364867545825,0.3870915983072264,2.2450546165750995,0.38771916679154805,9.44093117370606,10,49859,32796800,32796800,3120,6887328000,6887328000,705316,False
211,2.1950567596513157,0.3946278962066885,nan,nan,nan,10,71257,32796800,32796800,4458,6920124800,6920124800,709774,False
212,2.197739505028149,0.3960768103415881,nan,nan,nan,10,79833,32796800,32796800,4994,6952921600,6952921600,714768,False
213,2.1832998915207416,0.3974653731845455,nan,nan,nan,10,71332,32796800,32796800,4463,6985718400,6985718400,719231,False
214,2.185658146611757,0.3938557542301692,nan,nan,nan,10,41665,32796800,32796800,2608,7018515200,7018515200,721839,False
215,2.2248223192938337,0.38960020350192903,nan,nan,nan,10,47174,32796800,32796800,2953,7051312000,7051312000,724792,False
216,2.2106377939541932,0.390151171236608,nan,nan,nan,10,88112,32796800,32796800,5513,7084108800,7084108800,730305,False
217,2.2228955388469185,0.38833750426572633,nan,nan,nan,10,70328,32796800,32796800,4400,7116905600,7116905600,734705,False
218,2.181782090878588,0.39834745762711865,nan,nan,nan,10,70800,32796800,32796800,4429,7149702400,7149702400,739134,False
219,2.1666011100419635,0.4043115393291013,nan,nan,nan,10,62066,32796800,32796800,3884,7182499200,7182499200,743018,False
220,2.2116176558660188,0.39340647710435334,2.203797809084048,0.3981904690543983,9.059353945639845,10,56692,32796800,32796800,3548,7215296000,7215296000,746566,False
221,2.1829293799950515,0.40021586061571673,nan,nan,nan,10,19457,32796800,32796800,1221,7248092800,7248092800,747787,False
222,2.1884192317832283,0.3913671189276984,nan,nan,nan,10,60953,32796800,32796800,3815,7280889600,7280889600,751602,False
223,2.2018712075749582,0.39327107545464635,nan,nan,nan,10,63071,32796800,32796800,3948,7313686400,7313686400,755550,False
224,2.1454304844924543,0.4063837486430167,nan,nan,nan,10,80141,32796800,32796800,5014,7346483200,7346483200,760564,False
225,2.1600600676352983,0.400826139284706,nan,nan,nan,10,67301,32796800,32796800,4210,7379280000,7379280000,764774,False
226,2.160641988165842,0.3977195785824554,nan,nan,nan,10,36923,32796800,32796800,2312,7412076800,7412076800,767086,False
227,2.132215824031769,0.4098578601230465,nan,nan,nan,10,70705,32796800,32796800,4424,7444873600,7444873600,771510,False
228,2.1773934508705803,0.398688503511789,nan,nan,nan,10,62219,32796800,32796800,3893,7477670400,7477670400,775403,False
229,2.1833697715876497,0.39507871307560777,nan,nan,nan,10,50881,32796800,32796800,3185,7510467200,7510467200,778588,False
230,2.149260423690083,0.4037131585054537,2.1694602640104246,0.40210549977521354,8.753558155117126,10,64635,32796800,32796800,4044,7543264000,7543264000,782632,False
231,2.1393765280974835,0.4034503631961259,nan,nan,nan,10,66080,32796800,32796800,4134,7576060800,7576060800,786766,False
232,2.129316603813163,0.40307942503409927,nan,nan,nan,10,76248,32796800,32796800,4770,7608857600,7608857600,791536,False
233,2.1390701975850086,0.4059599311184846,nan,nan,nan,10,47618,32796800,32796800,2980,7641654400,7641654400,794516,False
234,2.1561868295717104,0.4001844867648261,nan,nan,nan,10,85643,32796800,32796800,5358,7674451200,7674451200,799874,False
235,2.119755810729274,0.4069782376025687,nan,nan,nan,10,70075,32796800,32796800,4383,7707248000,7707248000,804257,False
236,2.1429406985275,0.4063104542288942,nan,nan,nan,10,51692,32796800,32796800,3235,7740044800,7740044800,807492,False
237,2.1016962239838928,0.4158160272204623,nan,nan,nan,10,68184,32796800,32796800,4266,7772841600,7772841600,811758,False
238,2.1102285279585304,0.41138542094900143,nan,nan,nan,10,46217,32796800,32796800,2893,7805638400,7805638400,814651,False
239,2.091585196872549,0.41539204636934474,nan,nan,nan,10,49688,32796800,32796800,3110,7838435200,7838435200,817761,False
240,2.1513757451896436,0.4006488651196979,2.1374479960094734,0.40781882211898696,8.477774683858117,10,78907,32796800,32796800,4937,7871232000,7871232000,822698,False
241,2.1261922799639428,0.4100624523362945,nan,nan,nan,10,48517,32796800,32796800,3038,7904028800,7904028800,825736,False
242,2.0749843044516445,0.419372516783121,nan,nan,nan,10,65691,32796800,32796800,4110,7936825600,7936825600,829846,False
243,2.1289974549511683,0.4065551903196608,nan,nan,nan,10,41982,32796800,32796800,2629,7969622400,7969622400,832475,False
244,2.1263114891483035,0.4064213964380354,nan,nan,nan,10,81135,32796800,32796800,5076,8002419200,8002419200,837551,False
245,2.104765668160944,0.40814193370925594,nan,nan,nan,10,72710,32796800,32796800,4550,8035216000,8035216000,842101,False
246,2.1125026957873896,0.40932229144506915,nan,nan,nan,10,52648,32796800,32796800,3295,8068012800,8068012800,845396,False
247,2.1025371301686717,0.40633594325303196,nan,nan,nan,10,66541,32796800,32796800,4163,8100809600,8100809600,849559,False
248,2.101148719513031,0.4121220911493586,nan,nan,nan,10,62052,32796800,32796800,3884,8133606400,8133606400,853443,False
249,2.115348770850285,0.4135880182331235,nan,nan,nan,10,46070,32796800,32796800,2884,8166403200,8166403200,856327,False
250,2.048628472446983,0.4248954272912107,2.102646085931214,0.4158736700134872,8.187806913942891,10,77219,32796800,32796800,4831,8199200000,8199200000,861158,False
251,2.109042457037772,0.4091617060317054,nan,nan,nan,10,46869,32796800,32796800,2935,8231996800,8231996800,864093,False
252,2.047771253064446,0.4217530977512621,nan,nan,nan,10,34864,32796800,32796800,2184,8264793600,8264793600,866277,False
253,2.066194103620765,0.4212867328579996,nan,nan,nan,10,60028,32796800,32796800,3757,8297590400,8297590400,870034,False
254,2.10462604199178,0.41058429516454925,nan,nan,nan,10,36129,32796800,32796800,2262,8330387200,8330387200,872296,False
255,2.0684533673737966,0.4195353475659304,nan,nan,nan,10,54148,32796800,32796800,3391,8363184000,8363184000,875687,False
256,2.0723200861426676,0.41426165443040047,nan,nan,nan,10,61157,32796800,32796800,3828,8395980800,8395980800,879515,False
257,2.0973754283213175,0.41476960634726884,nan,nan,nan,10,49155,32796800,32796800,3077,8428777600,8428777600,882592,False
258,2.092945258893551,0.41347292098253924,nan,nan,nan,10,54064,32796800,32796800,3382,8461574400,8461574400,885974,False
259,2.0684415916347816,0.41858676141983225,nan,nan,nan,10,27299,32796800,32796800,1712,8494371200,8494371200,887686,False
260,2.0708872804597647,0.4190098361996687,2.0759652376567943,0.4199198261651431,7.972237850609549,10,97802,32796800,32796800,6117,8527168000,8527168000,893803,False
261,2.0341610152023653,0.42770883928274395,nan,nan,nan,10,60118,32796800,32796800,3763,8559964800,8559964800,897566,False
262,2.068556523759095,0.41884102185327315,nan,nan,nan,10,62279,32796800,32796800,3898,8592761600,8592761600,901464,False
263,2.0674056089098642,0.41864946517514495,nan,nan,nan,10,61235,32796800,32796800,3833,8625558400,8625558400,905297,False
264,2.059561734748682,0.4186674883268944,nan,nan,nan,10,42191,32796800,32796800,2640,8658355200,8658355200,907937,False
265,2.0938972051091898,0.41059488000692473,nan,nan,nan,10,46211,32796800,32796800,2894,8691152000,8691152000,910831,False
266,2.035998608983009,0.4264714261295653,nan,nan,nan,10,35102,32796800,32796800,2198,8723948800,8723948800,913029,False
267,2.037262490069628,0.42648227959328844,nan,nan,nan,10,47798,32796800,32796800,2992,8756745600,8756745600,916021,False
268,2.026803825574418,0.42620931262150874,nan,nan,nan,10,51951,32796800,32796800,3251,8789542400,8789542400,919272,False
269,2.0453113296340693,0.42308348984121563,nan,nan,nan,10,64427,32796800,32796800,4033,8822339200,8822339200,923305,False
270,2.035489582850389,0.42608514528391406,2.046313857524877,0.42460287726659673,7.739320225058666,10,86417,32796800,32796800,5407,8855136000,8855136000,928712,False
271,2.0613469089861742,0.4197635135135135,nan,nan,nan,10,56832,32796800,32796800,3557,8887932800,8887932800,932269,False
272,2.0225559487797122,0.4280820577066124,nan,nan,nan,10,51086,32796800,32796800,3199,8920729600,8920729600,935468,False
273,2.052909171926065,0.4194784257942153,nan,nan,nan,10,52725,32796800,32796800,3300,8953526400,8953526400,938768,False
274,2.0135092288969645,0.42911361739926246,nan,nan,nan,10,37151,32796800,32796800,2327,8986323200,8986323200,941095,False
275,2.0446346071496952,0.42340933277435583,nan,nan,nan,10,62018,32796800,32796800,3880,9019120000,9019120000,944975,False
276,2.025667279038967,0.4285431968643984,nan,nan,nan,10,60722,32796800,32796800,3800,9051916800,9051916800,948775,False
277,2.054603474154172,0.4188963349052701,nan,nan,nan,10,60435,32796800,32796800,3783,9084713600,9084713600,952558,False
278,2.0268565546792128,0.4277622345548778,nan,nan,nan,10,43606,32796800,32796800,2728,9117510400,9117510400,955286,False
279,2.03088187660055,0.4228831002910072,nan,nan,nan,10,56356,32796800,32796800,3527,9150307200,9150307200,958813,False
280,2.0146150960093814,0.42896576690725613,2.023526828435163,0.4317398471452121,7.564958250354198,10,44197,32796800,32796800,2769,9183104000,9183104000,961582,False
281,2.0007619438993087,0.4326220957799905,nan,nan,nan,10,73815,32796800,32796800,4619,9215900800,9215900800,966201,False
282,2.0331612731801667,0.42724864035699345,nan,nan,nan,10,71710,32796800,32796800,4487,9248697600,9248697600,970688,False
283,1.9732182119092254,0.43569814918443905,nan,nan,nan,10,96498,32796800,32796800,6036,9281494400,9281494400,976724,False
284,2.019468402203776,0.42876691785700893,nan,nan,nan,10,53346,32796800,32796800,3341,9314291200,9314291200,980065,False
285,2.027422654896671,0.42931156848828955,nan,nan,nan,10,42270,32796800,32796800,2647,9347088000,9347088000,982712,False
286,1.9721932978021546,0.43926670381829014,nan,nan,nan,10,52039,32796800,32796800,3258,9379884800,9379884800,985970,False
287,1.9983328642042855,0.4334278522955364,nan,nan,nan,10,31387,32796800,32796800,1966,9412681600,9412681600,987936,False
288,1.976055227484032,0.4345972664543524,nan,nan,nan,10,60288,32796800,32796800,3773,9445478400,9445478400,991709,False
289,1.9782863299425688,0.44024438486220385,nan,nan,nan,10,45502,32796800,32796800,2847,9478275200,9478275200,994556,False
290,1.9911336032427476,0.4327756445419638,2.0003566757306763,0.4353176981867226,7.391692065978536,10,36460,32796800,32796800,2282,9511072000,9511072000,996838,False
291,2.0238360615049396,0.4234276915788227,nan,nan,nan,10,33772,32796800,32796800,2115,9543868800,9543868800,998953,False
292,1.9936868252739581,0.43075360815832686,nan,nan,nan,10,46284,32796800,32796800,2898,9576665600,9576665600,1001851,False
293,2.0027093213781506,0.42797403771635234,nan,nan,nan,10,61936,32796800,32796800,3876,9609462400,9609462400,1005727,False
294,1.9886376979084759,0.4341194805194805,nan,nan,nan,10,48125,32796800,32796800,3013,9642259200,9642259200,1008740,False
295,1.9970216164185581,0.43223418686048265,nan,nan,nan,10,59713,32796800,32796800,3737,9675056000,9675056000,1012477,False
296,1.9563885460256556,0.4411292448534522,nan,nan,nan,10,83454,32796800,32796800,5222,9707852800,9707852800,1017699,False
297,1.9765206682193126,0.4380147169656193,nan,nan,nan,10,72977,32796800,32796800,4565,9740649600,9740649600,1022264,False
298,1.9951794911265313,0.43116674744706096,nan,nan,nan,10,59833,32796800,32796800,3745,9773446400,9773446400,1026009,False
299,1.9988178257955258,0.431928615602085,nan,nan,nan,10,56595,32796800,32796800,3541,9806243200,9806243200,1029550,False
300,1.973886038911276,0.4403073668760388,1.9788052621996066,0.4388393526150157,7.234094973420048,10,46329,32796800,32796800,2900,9839040000,9839040000,1032450,False
301,1.9721348284172808,0.4373339177601841,nan,nan,nan,10,36503,32796800,32796800,2286,9871836800,9871836800,1034736,False
302,1.978782112208897,0.4371718585929297,nan,nan,nan,10,74282,32796800,32796800,4649,9904633600,9904633600,1039385,False
303,1.9498641254465856,0.4445238636732837,nan,nan,nan,10,61558,32796800,32796800,3851,9937430400,9937430400,1043236,False
304,1.942709774545298,0.4430480894958594,nan,nan,nan,10,68830,32796800,32796800,4306,9970227200,9970227200,1047542,False
305,1.9548735637091494,0.43687079931923734,nan,nan,nan,10,34667,32796800,32796800,2170,10003024000,10003024000,1049712,False
306,1.9636076382305185,0.4387333518129859,nan,nan,nan,10,75759,32796800,32796800,4740,10035820800,10035820800,1054452,False
307,1.9673922307730727,0.4380105627113492,nan,nan,nan,10,26319,32796800,32796800,1650,10068617600,10068617600,1056102,False
308,1.9159741563774244,0.4521646252652897,nan,nan,nan,10,72091,32796800,32796800,4510,10101414400,10101414400,1060612,False
309,1.9613517368521798,0.44149012208022415,nan,nan,nan,10,34977,32796800,32796800,2191,10134211200,10134211200,1062803,False
310,1.9588492888199147,0.44058605953962726,1.956224295969008,0.4440843698486438,7.072572647504786,10,55694,32796800,32796800,3485,10167008000,10167008000,1066288,False
311,1.9548579886555928,0.44413990450087054,nan,nan,nan,10,58011,32796800,32796800,3629,10199804800,10199804800,1069917,False
312,1.9207334902878235,0.45087520521654684,nan,nan,nan,10,43247,32796800,32796800,2706,10232601600,10232601600,1072623,False
313,1.939073387039756,0.4453342098186273,nan,nan,nan,10,66934,32796800,32796800,4190,10265398400,10265398400,1076813,False
314,1.9591471379169374,0.44141418243846964,nan,nan,nan,10,49244,32796800,32796800,3083,10298195200,10298195200,1079896,False
315,1.9319736167775945,0.4422867652693693,nan,nan,nan,10,65245,32796800,32796800,4084,10330992000,10330992000,1083980,False
316,1.9331698162847157,0.44622197194634994,nan,nan,nan,10,39068,32796800,32796800,2445,10363788800,10363788800,1086425,False
317,1.907369728635279,0.451846425647434,nan,nan,nan,10,92828,32796800,32796800,5807,10396585600,10396585600,1092232,False
318,1.965016315920742,0.44185024446519805,nan,nan,nan,10,36406,32796800,32796800,2281,10429382400,10429382400,1094513,False
319,1.9381477789665116,0.4488018402304755,nan,nan,nan,10,44777,32796800,32796800,2805,10462179200,10462179200,1097318,False
320,1.9001207181477644,0.45800642782871726,1.9340728688022106,0.4499100854188521,6.917627533058301,10,42316,32796800,32796800,2649,10494976000,10494976000,1099967,False
321,1.9416673542800291,0.4464659849936429,nan,nan,nan,10,55843,32796800,32796800,3494,10527772800,10527772800,1103461,False
322,1.9335300982688741,0.4477156028634609,nan,nan,nan,10,53362,32796800,32796800,3339,10560569600,10560569600,1106800,False
323,1.8970072411261665,0.4564782041728763,nan,nan,nan,10,42944,32796800,32796800,2688,10593366400,10593366400,1109488,False
324,1.9191878977106236,0.4484947896565033,nan,nan,nan,10,51820,32796800,32796800,3243,10626163200,10626163200,1112731,False
325,1.8916413711016045,0.45551796028572406,nan,nan,nan,10,58518,32796800,32796800,3661,10658960000,10658960000,1116392,False
326,1.9563123565097813,0.446209252931942,nan,nan,nan,10,32487,32796800,32796800,2036,10691756800,10691756800,1118428,False
327,1.8966863082799519,0.4574529583489898,nan,nan,nan,10,69194,32796800,32796800,4329,10724553600,10724553600,1122757,False
328,1.9120625359889265,0.4543336759164097,nan,nan,nan,10,43785,32796800,32796800,2742,10757350400,10757350400,1125499,False
329,1.8756205567852138,0.46196669161676646,nan,nan,nan,10,64128,32796800,32796800,4013,10790147200,10790147200,1129512,False
330,1.8959698261823392,0.4550812403687583,1.922961430018691,0.45384384834407315,6.841188200139381,10,36989,32796800,32796800,2317,10822944000,10822944000,1131829,False
331,1.8991281329290135,0.4556995547610772,nan,nan,nan,10,60417,32796800,32796800,3780,10855740800,10855740800,1135609,False
332,1.8993213041488033,0.4538069111560304,nan,nan,nan,10,51945,32796800,32796800,3251,10888537600,10888537600,1138860,False
333,1.9132880473952623,0.45154559818498563,nan,nan,nan,10,49366,32796800,32796800,3091,10921334400,10921334400,1141951,False
334,1.8867718809302718,0.4543619546170397,nan,nan,nan,10,45083,32796800,32796800,2822,10954131200,10954131200,1144773,False
335,1.9290541597811175,0.45082058725019536,nan,nan,nan,10,44785,32796800,32796800,2804,10986928000,10986928000,1147577,False
336,1.914410130259847,0.45024987565429525,nan,nan,nan,10,84442,32796800,32796800,5283,11019724800,11019724800,1152860,False
337,1.883726486715993,0.45978568064060293,nan,nan,nan,10,33968,32796800,32796800,2128,11052521600,11052521600,1154988,False
338,1.9148782259419639,0.45021968365553605,nan,nan,nan,10,45520,32796800,32796800,2850,11085318400,11085318400,1157838,False
339,1.908405862487694,0.4501427058464521,nan,nan,nan,10,55709,32796800,32796800,3486,11118115200,11118115200,1161324,False
340,1.866225904526842,0.46755392791746686,1.9029860778778867,0.45766521804285926,6.705888881386427,10,44782,32796800,32796800,2803,11150912000,11150912000,1164127,False
341,1.8708475178626711,0.4639563033952902,nan,nan,nan,10,49981,32796800,32796800,3129,11183708800,11183708800,1167256,False
342,1.913981263074641,0.45091525658327275,nan,nan,nan,10,28899,32796800,32796800,1811,11216505600,11216505600,1169067,False
343,1.851466274600519,0.4667799663006217,nan,nan,nan,10,68844,32796800,32796800,4308,11249302400,11249302400,1173375,False
344,1.8694021404981493,0.4611782455840699,nan,nan,nan,10,70257,32796800,32796800,4395,11282099200,11282099200,1177770,False
345,1.9037625363016628,0.4545380598350388,nan,nan,nan,10,61469,32796800,32796800,3848,11314896000,11314896000,1181618,False
346,1.8925635047046332,0.45705740472744816,nan,nan,nan,10,51825,32796800,32796800,3243,11347692800,11347692800,1184861,False
347,1.8942188956926618,0.4591194968553459,nan,nan,nan,10,52311,32796800,32796800,3275,11380489600,11380489600,1188136,False
348,1.878352744076459,0.4610404297427198,nan,nan,nan,10,35370,32796800,32796800,2215,11413286400,11413286400,1190351,False
349,1.8846561986655739,0.458938050494802,nan,nan,nan,10,68007,32796800,32796800,4256,11446083200,11446083200,1194607,False
350,1.8829177795492964,0.4608101654797251,1.8863884591277387,0.46096208601828265,6.595505677546698,10,48163,32796800,32796800,3016,11478880000,11478880000,1197623,False
351,1.8813794407291917,0.4617268085993123,nan,nan,nan,10,57586,32796800,32796800,3606,11511676800,11511676800,1201229,False
352,1.8726150267187467,0.4635804752593845,nan,nan,nan,10,56769,32796800,32796800,3554,11544473600,11544473600,1204783,False
353,1.908355009583009,0.45562713849758024,nan,nan,nan,10,64882,32796800,32796800,4061,11577270400,11577270400,1208844,False
354,1.8909080051313305,0.4579654157468727,nan,nan,nan,10,43488,32796800,32796800,2723,11610067200,11610067200,1211567,False
355,1.8800498688532505,0.4587539255271422,nan,nan,nan,10,35664,32796800,32796800,2233,11642864000,11642864000,1213800,False
356,1.8772541336757174,0.4583746533322128,nan,nan,nan,10,59495,32796800,32796800,3723,11675660800,11675660800,1217523,False
357,1.8865906866946212,0.4593726416007121,nan,nan,nan,10,51677,32796800,32796800,3235,11708457600,11708457600,1220758,False
358,1.8559640479900403,0.4664418212478921,nan,nan,nan,10,56335,32796800,32796800,3526,11741254400,11741254400,1224284,False
359,1.8833990704621983,0.46191311573796223,nan,nan,nan,10,43322,32796800,32796800,2713,11774051200,11774051200,1226997,False
360,1.881800542385454,0.4617949550719931,1.867113464725048,0.46768694739997,6.46959470738785,10,46185,32796800,32796800,2891,11806848000,11806848000,1229888,False
361,1.8560045548905209,0.4677130732655044,nan,nan,nan,10,78236,32796800,32796800,4894,11839644800,11839644800,1234782,False
362,1.8473388723832602,0.4685620045353174,nan,nan,nan,10,53359,32796800,32796800,3340,11872441600,11872441600,1238122,False
363,1.835948635643768,0.47404091122708947,nan,nan,nan,10,40429,32796800,32796800,2531,11905238400,11905238400,1240653,False
364,1.8381031062676996,0.4680525772377095,nan,nan,nan,10,50364,32796800,32796800,3153,11938035200,11938035200,1243806,False
365,1.815395616743282,0.47526748556369974,nan,nan,nan,10,69443,32796800,32796800,4344,11970832000,11970832000,1248150,False
366,1.8561263826101952,0.46806316995335895,nan,nan,nan,10,61105,32796800,32796800,3824,12003628800,12003628800,1251974,False
367,1.8832939334376382,0.4656801007556675,nan,nan,nan,10,19056,32796800,32796800,1197,12036425600,12036425600,1253171,False
368,1.8648682455672563,0.4610953562566466,nan,nan,nan,10,67704,32796800,32796800,4236,12069222400,12069222400,1257407,False
369,1.8729018283425438,0.4620537271775788,nan,nan,nan,10,42995,32796800,32796800,2692,12102019200,12102019200,1260099,False
370,1.863602135118671,0.46515921438995655,1.8536074721757823,0.4703843848344073,6.382803827266197,10,56873,32796800,32796800,3560,12134816000,12134816000,1263659,False
371,1.845699384270412,0.4654661499886027,nan,nan,nan,10,61418,32796800,32796800,3843,12167612800,12167612800,1267502,False
372,1.8591921060650114,0.46684248301647446,nan,nan,nan,10,59911,32796800,32796800,3750,12200409600,12200409600,1271252,False
373,1.8501110864774366,0.4671834557075696,nan,nan,nan,10,75724,32796800,32796800,4737,12233206400,12233206400,1275989,False
374,1.860255742533103,0.4665488715765802,nan,nan,nan,10,49804,32796800,32796800,3118,12266003200,12266003200,1279107,False
375,1.8100842482680284,0.4759573542210618,nan,nan,nan,10,73536,32796800,32796800,4602,12298800000,12298800000,1283709,False
376,1.8406503706226134,0.46820281175455514,nan,nan,nan,10,59109,32796800,32796800,3700,12331596800,12331596800,1287409,False
377,1.8185333952763378,0.47420884268250885,nan,nan,nan,10,105036,32796800,32796800,6570,12364393600,12364393600,1293979,False
378,1.846441844427239,0.471194782451161,nan,nan,nan,10,66238,32796800,32796800,4145,12397190400,12397190400,1298124,False
379,1.8267885618478066,0.47363951242256713,nan,nan,nan,10,60052,32796800,32796800,3758,12429987200,12429987200,1301882,False
380,1.787310600434342,0.48224712195352576,1.837002982947488,0.4736250561966132,6.277695678361193,10,84606,32796800,32796800,5292,12462784000,12462784000,1307174,False
381,1.8405120219075306,0.47326283684812487,nan,nan,nan,10,49837,32796800,32796800,3120,12495580800,12495580800,1310294,False
382,1.8234265929179598,0.47688175481230416,nan,nan,nan,10,78185,32796800,32796800,4891,12528377600,12528377600,1315185,False
383,1.8290298485983176,0.47127994069378054,nan,nan,nan,10,78238,32796800,32796800,4896,12561174400,12561174400,1320081,False
384,1.7784405847032378,0.48609339470911206,nan,nan,nan,10,72124,32796800,32796800,4510,12593971200,12593971200,1324591,False
385,1.7840830504992207,0.4867287485682984,nan,nan,nan,10,40162,32796800,32796800,2516,12626768000,12626768000,1327107,False
386,1.8203466134588933,0.47475385924395286,nan,nan,nan,10,41135,32796800,32796800,2576,12659564800,12659564800,1329683,False
387,1.8118897169367898,0.4769404717037272,nan,nan,nan,10,50413,32796800,32796800,3156,12692361600,12692361600,1332839,False
388,1.769762827040221,0.48577104869608884,nan,nan,nan,10,91609,32796800,32796800,5729,12725158400,12725158400,1338568,False
389,1.8296120603513057,0.4738079563622684,nan,nan,nan,10,42532,32796800,32796800,2664,12757955200,12757955200,1341232,False
390,1.7601633400311711,0.4920193673534847,1.8262446394356833,0.4779709276187622,6.210520068850624,10,65471,32796800,32796800,4096,12790752000,12790752000,1345328,False
391,1.8274395797866085,0.476133736439623,nan,nan,nan,10,56230,32796800,32796800,3519,12823548800,12823548800,1348847,False
392,1.8277770221635237,0.4728234316982607,nan,nan,nan,10,81872,32796800,32796800,5122,12856345600,12856345600,1353969,False
393,1.7911644485832365,0.47942955510984064,nan,nan,nan,10,63319,32796800,32796800,3962,12889142400,12889142400,1357931,False
394,1.8015442837148508,0.47930127404749495,nan,nan,nan,10,82493,32796800,32796800,5160,12921939200,12921939200,1363091,False
395,1.7907880655401511,0.4851742917856992,nan,nan,nan,10,71059,32796800,32796800,4445,12954736000,12954736000,1367536,False
396,1.8386375613972665,0.47116684628196337,nan,nan,nan,10,51035,32796800,32796800,3195,12987532800,12987532800,1370731,False
397,1.8258988986183355,0.47521679913107945,nan,nan,nan,10,58003,32796800,32796800,3630,13020329600,13020329600,1374361,False
398,1.8266065114964236,0.4736113224775529,nan,nan,nan,10,65710,32796800,32796800,4112,13053126400,13053126400,1378473,False
399,1.779450170719899,0.48470152241298453,nan,nan,nan,10,87427,32796800,32796800,5469,13085923200,13085923200,1383942,False
400,1.7698509884730929,0.48825503355704697,1.8071589478841878,0.48023752435186573,6.093111969761251,10,72116,32796800,32796800,4511,13118720000,13118720000,1388453,False
401,1.775179703498384,0.4854695905274226,nan,nan,nan,10,65621,32796800,32796800,4106,13151516800,13151516800,1392559,False
402,1.7801925621936676,0.4827056110684089,nan,nan,nan,10,57244,32796800,32796800,3582,13184313600,13184313600,1396141,False
403,1.7764838082472774,0.48442342773143476,nan,nan,nan,10,56463,32796800,32796800,3535,13217110400,13217110400,1399676,False
404,1.7994297425053616,0.4790277724865709,nan,nan,nan,10,78747,32796800,32796800,4927,13249907200,13249907200,1404603,False
405,1.752129878588649,0.49125546533416614,nan,nan,nan,10,64040,32796800,32796800,4007,13282704000,13282704000,1408610,False
406,1.7519066569927555,0.49048228379893327,nan,nan,nan,10,88309,32796800,32796800,5524,13315500800,13315500800,1414134,False
407,1.7957350716348837,0.48099470176038284,nan,nan,nan,10,58510,32796800,32796800,3662,13348297600,13348297600,1417796,False
408,1.7729000327064073,0.48492085861357936,nan,nan,nan,10,67411,32796800,32796800,4217,13381094400,13381094400,1422013,False
409,1.775753939848618,0.48589307449829905,nan,nan,nan,10,64082,32796800,32796800,4009,13413891200,13413891200,1426022,False
410,1.7813318141811982,0.48755396654074473,1.792306688223824,0.4840588940506519,6.003284212484389,10,59296,32796800,32796800,3711,13446688000,13446688000,1429733,False
411,1.813130618827053,0.47970574822041123,nan,nan,nan,10,50433,32796800,32796800,3158,13479484800,13479484800,1432891,False
412,1.802404765304183,0.47985317974011504,nan,nan,nan,10,61027,32796800,32796800,3819,13512281600,13512281600,1436710,False
413,1.7868106903280412,0.4845847111456915,nan,nan,nan,10,41128,32796800,32796800,2575,13545078400,13545078400,1439285,False
414,1.7803889865820528,0.4835493124938174,nan,nan,nan,10,50545,32796800,32796800,3163,13577875200,13577875200,1442448,False
415,1.77630347769097,0.48528237464548285,nan,nan,nan,10,72634,32796800,32796800,4543,13610672000,13610672000,1446991,False
416,1.761717096385335,0.48959795788130184,nan,nan,nan,10,39175,32796800,32796800,2453,13643468800,13643468800,1449444,False
417,1.7695903154900856,0.4867858690179272,nan,nan,nan,10,85401,32796800,32796800,5343,13676265600,13676265600,1454787,False
418,1.7206101345881506,0.49959262156172596,nan,nan,nan,10,61368,32796800,32796800,3840,13709062400,13709062400,1458627,False
419,1.7668373518047285,0.48541586203422277,nan,nan,nan,10,59551,32796800,32796800,3728,13741859200,13741859200,1462355,False
420,1.7512056415287391,0.489563829158208,1.7750618968359377,0.48673759928068333,5.900646356355363,10,50737,32796800,32796800,3177,13774656000,13774656000,1465532,False
421,1.7616148019149886,0.4896531971262859,nan,nan,nan,10,41897,32796800,32796800,2624,13807452800,13807452800,1468156,False
422,1.7916765842668063,0.4861376175439814,nan,nan,nan,10,28819,32796800,32796800,1806,13840249600,13840249600,1469962,False
423,1.6866818899109146,0.5075273997350356,nan,nan,nan,10,58121,32796800,32796800,3637,13873046400,13873046400,1473599,False
424,1.7826231056963684,0.48424322118436564,nan,nan,nan,10,44108,32796800,32796800,2760,13905843200,13905843200,1476359,False
425,1.7643609092485808,0.4902036629050975,nan,nan,nan,10,59461,32796800,32796800,3722,13938640000,13938640000,1480081,False
426,1.770799772213946,0.48590915186696554,nan,nan,nan,10,52197,32796800,32796800,3267,13971436800,13971436800,1483348,False
427,1.7360275496114417,0.4949438471492244,nan,nan,nan,10,62597,32796800,32796800,3918,14004233600,14004233600,1487266,False
428,1.7326542903246933,0.4940274277960845,nan,nan,nan,10,82544,32796800,32796800,5164,14037030400,14037030400,1492430,False
429,1.7675398838801772,0.4907395114179501,nan,nan,nan,10,30128,32796800,32796800,1888,14069827200,14069827200,1494318,False
430,1.7603810950320784,0.48978525275560625,1.7682126002138063,0.4895661621459613,5.860369171849995,10,42096,32796800,32796800,2637,14102624000,14102624000,1496955,False
431,1.7361852465099252,0.4953898576869112,nan,nan,nan,10,39912,32796800,32796800,2500,14135420800,14135420800,1499455,False
432,1.7788729177608178,0.4855511661886466,nan,nan,nan,10,36958,32796800,32796800,2314,14168217600,14168217600,1501769,False
433,1.7401235087540696,0.49181936732855625,nan,nan,nan,10,74383,32796800,32796800,4654,14201014400,14201014400,1506423,False
434,1.7497923001603441,0.4925864909390445,nan,nan,nan,10,56451,32796800,32796800,3533,14233811200,14233811200,1509956,False
435,1.7374734569232182,0.4955106969256014,nan,nan,nan,10,64598,32796800,32796800,4042,14266608000,14266608000,1513998,False
436,1.7580580944634727,0.4876854897237535,nan,nan,nan,10,64761,32796800,32796800,4053,14299404800,14299404800,1518051,False
437,1.7601875280938089,0.4871727919576996,nan,nan,nan,10,45957,32796800,32796800,2877,14332201600,14332201600,1520928,False
438,1.7738410144659387,0.48620581333037677,nan,nan,nan,10,54117,32796800,32796800,3388,14364998400,14364998400,1524316,False
439,1.7251068306268833,0.4988204611463458,nan,nan,nan,10,84355,32796800,32796800,5277,14397795200,14397795200,1529593,False
440,1.7398453424255682,0.4948932414256893,1.7555870308469443,0.4920013487187172,5.786843800881142,10,47584,32796800,32796800,2978,14430592000,14430592000,1532571,False
441,1.7706857149227497,0.48555394447129585,nan,nan,nan,10,37242,32796800,32796800,2332,14463388800,14463388800,1534903,False
442,1.7878105634658918,0.4809796552345819,nan,nan,nan,10,72107,32796800,32796800,4512,14496185600,14496185600,1539415,False
443,1.758519535473054,0.48894330210487896,nan,nan,nan,10,65752,32796800,32796800,4114,14528982400,14528982400,1543529,False
444,1.6991420527705319,0.5039138559648733,nan,nan,nan,10,76523,32796800,32796800,4788,14561779200,14561779200,1548317,False
445,1.7617539808210723,0.4880946974857333,nan,nan,nan,10,66063,32796800,32796800,4134,14594576000,14594576000,1552451,False
446,1.735605022068898,0.49767226225201383,nan,nan,nan,10,51767,32796800,32796800,3238,14627372800,14627372800,1555689,False
447,1.7507231092789683,0.49445829579500933,nan,nan,nan,10,47729,32796800,32796800,2986,14660169600,14660169600,1558675,False
448,1.7052222275209763,0.5008680239404645,nan,nan,nan,10,82371,32796800,32796800,5154,14692966400,14692966400,1563829,False
449,1.7524659014091342,0.49131032376298106,nan,nan,nan,10,65480,32796800,32796800,4099,14725763200,14725763200,1567928,False
450,1.7271623066670887,0.4980400091044738,1.745428457085775,0.4946987861531545,5.728355304123508,10,39541,32796800,32796800,2475,14758560000,14758560000,1570403,False
451,1.7332471162416287,0.4967231467854133,nan,nan,nan,10,79497,32796800,32796800,4974,14791356800,14791356800,1575377,False
452,1.7601538770781193,0.4862264616396678,nan,nan,nan,10,48644,32796800,32796800,3046,14824153600,14824153600,1578423,False
453,1.7652765309097023,0.48897391776852017,nan,nan,nan,10,44168,32796800,32796800,2765,14856950400,14856950400,1581188,False
454,1.723906909664399,0.4964688358714913,nan,nan,nan,10,38939,32796800,32796800,2439,14889747200,14889747200,1583627,False
455,1.6794893289050128,0.5077184631077865,nan,nan,nan,10,58820,32796800,32796800,3680,14922544000,14922544000,1587307,False
456,1.7264183216692808,0.4972667250396384,nan,nan,nan,10,42257,32796800,32796800,2645,14955340800,14955340800,1589952,False
457,1.7134770598682614,0.5003498836433465,nan,nan,nan,10,61449,32796800,32796800,3844,14988137600,14988137600,1593796,False
458,1.7191025001149975,0.49599145809580686,nan,nan,nan,10,55257,32796800,32796800,3459,15020934400,15020934400,1597255,False
459,1.7316924404996599,0.49599861490515945,nan,nan,nan,10,51982,32796800,32796800,3254,15053731200,15053731200,1600509,False
460,1.741337449286941,0.4959919098241373,1.7361298036882586,0.49722763374793943,5.67533619877866,10,40543,32796800,32796800,2538,15086528000,15086528000,1603047,False
461,1.6659295705973305,0.5128528430814284,nan,nan,nan,10,73758,32796800,32796800,4614,15119324800,15119324800,1607661,False
462,1.7174768760442856,0.49963313167111983,nan,nan,nan,10,72233,32796800,32796800,4518,15152121600,15152121600,1612179,False
463,1.6735894577180845,0.5100223363211789,nan,nan,nan,10,34473,32796800,32796800,2157,15184918400,15184918400,1614336,False
464,1.730301819793748,0.49627469346049047,nan,nan,nan,10,46976,32796800,32796800,2940,15217715200,15217715200,1617276,False
465,1.731094880578589,0.49688165123991485,nan,nan,nan,10,40406,32796800,32796800,2529,15250512000,15250512000,1619805,False
466,1.6785234855383984,0.5089726918075422,nan,nan,nan,10,96125,32796800,32796800,6012,15283308800,15283308800,1625817,False
467,1.6870705398584367,0.5072688779110798,nan,nan,nan,10,56680,32796800,32796800,3548,15316105600,15316105600,1629365,False
468,1.725331025586803,0.4981339473049,nan,nan,nan,10,53857,32796800,32796800,3371,15348902400,15348902400,1632736,False
469,1.7012046490879038,0.501001843391841,nan,nan,nan,10,37431,32796800,32796800,2343,15381699200,15381699200,1635079,False
470,1.7108414487574606,0.5011912687011667,1.724506658216511,0.500206054248464,5.609752821451039,10,57082,32796800,32796800,3572,15414496000,15414496000,1638651,False
471,1.7047762819556551,0.5022768420475119,nan,nan,nan,10,54681,32796800,32796800,3423,15447292800,15447292800,1642074,False
472,1.7250390451121924,0.49840833106713806,nan,nan,nan,10,62513,32796800,32796800,3912,15480089600,15480089600,1645986,False
473,1.6671305597133648,0.5138561912101601,nan,nan,nan,10,94723,32796800,32796800,5925,15512886400,15512886400,1651911,False
474,1.7050771904546125,0.4997491929156645,nan,nan,nan,10,77749,32796800,32796800,4862,15545683200,15545683200,1656773,False
475,1.714891898298952,0.4995533395658045,nan,nan,nan,10,48135,32796800,32796800,3013,15578480000,15578480000,1659786,False
476,1.6953064525965549,0.507189976139742,nan,nan,nan,10,78373,32796800,32796800,4903,15611276800,15611276800,1664689,False
477,1.6841344749000735,0.5101792768155576,nan,nan,nan,10,46074,32796800,32796800,2884,15644073600,15644073600,1667573,False
478,1.686914521271152,0.5062230808208766,nan,nan,nan,10,63152,32796800,32796800,3951,15676870400,15676870400,1671524,False
479,1.6957887797964684,0.5032037590773174,nan,nan,nan,10,58525,32796800,32796800,3663,15709667200,15709667200,1675187,False
480,1.662394071597823,0.5119548372813815,1.7170949404911,0.500206054248464,5.56832861890864,10,72272,32796800,32796800,4521,15742464000,15742464000,1679708,False
481,1.650295745192315,0.5164347692149716,nan,nan,nan,10,97385,32796800,32796800,6091,15775260800,15775260800,1685799,False
482,1.6846459458065155,0.5083994292990504,nan,nan,nan,10,65183,32796800,32796800,4078,15808057600,15808057600,1689877,False
483,1.6895371077357757,0.5037071133834191,nan,nan,nan,10,60829,32796800,32796800,3806,15840854400,15840854400,1693683,False
484,1.7110259667250847,0.49985736990097396,nan,nan,nan,10,73617,32796800,32796800,4606,15873651200,15873651200,1698289,False
485,1.706206880649408,0.5034882245993827,nan,nan,nan,10,47302,32796800,32796800,2961,15906448000,15906448000,1701250,False
486,1.7094962546339307,0.4979820309489525,nan,nan,nan,10,49307,32796800,32796800,3087,15939244800,15939244800,1704337,False
487,1.705251284613814,0.5011359299176678,nan,nan,nan,10,55021,32796800,32796800,3443,15972041600,15972041600,1707780,False
488,1.6997511624917028,0.505532967263277,nan,nan,nan,10,47714,32796800,32796800,2988,16004838400,16004838400,1710768,False
489,1.694454429451167,0.5020420070011669,nan,nan,nan,10,61704,32796800,32796800,3862,16037635200,16037635200,1714630,False
490,1.693363005875604,0.5054409142191651,1.7064717370102864,0.504139817173685,5.50948822105746,10,54954,32796800,32796800,3440,16070432000,16070432000,1718070,False
491,1.7146564574247112,0.49962164700970674,nan,nan,nan,10,76648,32796800,32796800,4796,16103228800,16103228800,1722866,False
492,1.7483154207736942,0.4929773288312573,nan,nan,nan,10,35243,32796800,32796800,2209,16136025600,16136025600,1725075,False
493,1.6821039088601624,0.5066682869034238,nan,nan,nan,10,65834,32796800,32796800,4120,16168822400,16168822400,1729195,False
494,1.7038520448349228,0.5040260235738239,nan,nan,nan,10,49801,32796800,32796800,3117,16201619200,16201619200,1732312,False
495,1.7078045072255523,0.5011749026759723,nan,nan,nan,10,28513,32796800,32796800,1786,16234416000,16234416000,1734098,False
496,1.6637424687344544,0.5126269685956575,nan,nan,nan,10,85848,32796800,32796800,5370,16267212800,16267212800,1739468,False
497,1.6941006359786406,0.5022160716623343,nan,nan,nan,10,53473,32796800,32796800,3347,16300009600,16300009600,1742815,False
498,1.6620526555316444,0.5121129363170696,nan,nan,nan,10,73599,32796800,32796800,4604,16332806400,16332806400,1747419,False
499,1.6672069558770313,0.5142054324071184,nan,nan,nan,10,35233,32796800,32796800,2206,16365603200,16365603200,1749625,False
500,1.675837502753933,0.5054717686650879,1.698059875551021,0.5041585493780908,5.463337548096626,10,40115,32796800,32796800,2513,16398400000,16398400000,1752138,False
501,1.6631203052424202,0.5125434789300336,nan,nan,nan,10,64974,32796800,32796800,4066,16431196800,16431196800,1756204,False
502,1.7249931582563767,0.4974642406176903,nan,nan,nan,10,48309,32796800,32796800,3023,16463993600,16463993600,1759227,False
503,1.6544551351103944,0.5142670007973573,nan,nan,nan,10,70232,32796800,32796800,4393,16496790400,16496790400,1763620,False
504,1.6825997835285278,0.506057372418555,nan,nan,nan,10,47793,32796800,32796800,2991,16529587200,16529587200,1766611,False
505,1.6662616961178178,0.5118642954496937,nan,nan,nan,10,60897,32796800,32796800,3810,16562384000,16562384000,1770421,False
506,1.6684337138363634,0.5086526862763292,nan,nan,nan,10,43108,32796800,32796800,2700,16595180800,16595180800,1773121,False
507,1.7229436758569943,0.49764813373489897,nan,nan,nan,10,29551,32796800,32796800,1854,16627977600,16627977600,1774975,False
508,1.7035077076883096,0.5031245488481448,nan,nan,nan,10,48487,32796800,32796800,3035,16660774400,16660774400,1778010,False
509,1.6856414406414573,0.5117834607924016,nan,nan,nan,10,44851,32796800,32796800,2808,16693571200,16693571200,1780818,False
510,1.6507569873363714,0.5130737519847339,1.6894811405407406,0.5077551326240072,5.416669485680046,10,68649,32796800,32796800,4295,16726368000,16726368000,1785113,False
511,1.6612148077755382,0.5109110550954267,nan,nan,nan,10,41655,32796800,32796800,2609,16759164800,16759164800,1787722,False
512,1.6520255040835126,0.5134978687575646,nan,nan,nan,10,57009,32796800,32796800,3567,16791961600,16791961600,1791289,False
513,1.68413762257355,0.5075998255777736,nan,nan,nan,10,64212,32796800,32796800,4019,16824758400,16824758400,1795308,False
514,1.69639540034061,0.5026317836492338,nan,nan,nan,10,38567,32796800,32796800,2415,16857555200,16857555200,1797723,False
515,1.6842445815741252,0.5100851248016159,nan,nan,nan,10,34655,32796800,32796800,2171,16890352000,16890352000,1799894,False
516,1.6686221790451912,0.5107699537871074,nan,nan,nan,10,63835,32796800,32796800,3993,16923148800,16923148800,1803887,False
517,1.7158300250800227,0.4976428319245706,nan,nan,nan,10,48151,32796800,32796800,3014,16955945600,16955945600,1806901,False
518,1.6420943112215398,0.518036294636549,nan,nan,nan,10,49539,32796800,32796800,3101,16988742400,16988742400,1810002,False
519,1.6979917278062393,0.5054993016759777,nan,nan,nan,10,34368,32796800,32796800,2151,17021539200,17021539200,1812153,False
520,1.6384448748532896,0.5197303954024206,1.681280631328047,0.5082234377341526,5.372431671870185,10,75518,32796800,32796800,4723,17054336000,17054336000,1816876,False
521,1.6700111699316413,0.5103000692748022,nan,nan,nan,10,54854,32796800,32796800,3434,17087132800,17087132800,1820310,False
522,1.6207180013813773,0.522044867606335,nan,nan,nan,10,64278,32796800,32796800,4022,17119929600,17119929600,1824332,False
523,1.6226438879322087,0.5206999875888726,nan,nan,nan,10,56401,32796800,32796800,3530,17152726400,17152726400,1827862,False
524,1.6455282610734845,0.5162980617573867,nan,nan,nan,10,57062,32796800,32796800,3571,17185523200,17185523200,1831433,False
525,1.6591515132472134,0.5160948327520244,nan,nan,nan,10,65083,32796800,32796800,4072,17218320000,17218320000,1835505,False
526,1.6001773218444182,0.5276585892884704,nan,nan,nan,10,64790,32796800,32796800,4053,17251116800,17251116800,1839558,False
527,1.6885307223773662,0.5052786374311363,nan,nan,nan,10,45561,32796800,32796800,2852,17283913600,17283913600,1842410,False
528,1.6474753616862265,0.5187574582338902,nan,nan,nan,10,53632,32796800,32796800,3357,17316710400,17316710400,1845767,False
529,1.6907053411895858,0.5059731076230781,nan,nan,nan,10,56001,32796800,32796800,3505,17349507200,17349507200,1849272,False
530,1.6308757586975664,0.5226976650967031,1.6764707862571604,0.5109208751685899,5.346653152913713,10,49895,32796800,32796800,3123,17382304000,17382304000,1852395,False
531,1.672903518090637,0.5085247007919338,nan,nan,nan,10,50383,32796800,32796800,3153,17415100800,17415100800,1855548,False
532,1.6456035184609223,0.5158483623861512,nan,nan,nan,10,66316,32796800,32796800,4150,17447897600,17447897600,1859698,False
533,1.6518275375581344,0.5145898850337681,nan,nan,nan,10,38794,32796800,32796800,2429,17480694400,17480694400,1862127,False
534,1.6209977392851904,0.5227947127056919,nan,nan,nan,10,74140,32796800,32796800,4638,17513491200,17513491200,1866765,False
535,1.6540065009852927,0.5132447008654208,nan,nan,nan,10,79730,32796800,32796800,4988,17546288000,17546288000,1871753,False
536,1.6630704005402843,0.5121158242316485,nan,nan,nan,10,39370,32796800,32796800,2466,17579084800,17579084800,1874219,False
537,1.6475571067712331,0.5164638944373827,nan,nan,nan,10,66084,32796800,32796800,4135,17611881600,17611881600,1878354,False
538,1.6112240239338147,0.5257758780895744,nan,nan,nan,10,107620,32796800,32796800,6730,17644678400,17644678400,1885084,False
539,1.6400475124325364,0.5196055308234323,nan,nan,nan,10,67838,32796800,32796800,4245,17677475200,17677475200,1889329,False
540,1.6344484098338026,0.5187087221190684,1.6662171179791287,0.511820020980069,5.292110454328895,10,85094,32796800,32796800,5324,17710272000,17710272000,1894653,False
541,1.6687131447820687,0.5128046899105214,nan,nan,nan,10,42133,32796800,32796800,2638,17743068800,17743068800,1897291,False
542,1.6381723227361171,0.519172525689562,nan,nan,nan,10,73960,32796800,32796800,4627,17775865600,17775865600,1901918,False
543,1.6430186530769166,0.517030072140715,nan,nan,nan,10,61685,32796800,32796800,3859,17808662400,17808662400,1905777,False
544,1.6706419515072277,0.508061017929439,nan,nan,nan,10,55328,32796800,32796800,3464,17841459200,17841459200,1909241,False
545,1.6523086087307894,0.5176254886359706,nan,nan,nan,10,28907,32796800,32796800,1811,17874256000,17874256000,1911052,False
546,1.6463677014415854,0.5155147156745239,nan,nan,nan,10,75090,32796800,32796800,4698,17907052800,17907052800,1915750,False
547,1.693215423268281,0.5066603500167205,nan,nan,nan,10,35884,32796800,32796800,2248,17939849600,17939849600,1917998,False
548,1.6208002476153742,0.5242016035418298,nan,nan,nan,10,37043,32796800,32796800,2320,17972646400,17972646400,1920318,False
549,1.670803662739851,0.5092728087203225,nan,nan,nan,10,33485,32796800,32796800,2097,18005443200,18005443200,1922415,False
550,1.6175161607229491,0.5217898346499327,1.6601938709368793,0.5139180278735201,5.26033057081211,10,72029,32796800,32796800,4508,18038240000,18038240000,1926923,False
551,1.6442530366082522,0.5163783305972977,nan,nan,nan,10,39595,32796800,32796800,2479,18071036800,18071036800,1929402,False
552,1.6298983414534114,0.5228033104419793,nan,nan,nan,10,79506,32796800,32796800,4975,18103833600,18103833600,1934377,False
553,1.64025945221341,0.5193912498191114,nan,nan,nan,10,41462,32796800,32796800,2597,18136630400,18136630400,1936974,False
554,1.6493124978739384,0.5145450487314932,nan,nan,nan,10,80646,32796800,32796800,5046,18169427200,18169427200,1942020,False
555,1.603455543226743,0.5304631164924999,nan,nan,nan,10,51866,32796800,32796800,3247,18202224000,18202224000,1945267,False
556,1.6378885896890405,0.5211560818666018,nan,nan,nan,10,73974,32796800,32796800,4628,18235020800,18235020800,1949895,False
557,1.649426114773048,0.5184895017235976,nan,nan,nan,10,31910,32796800,32796800,1999,18267817600,18267817600,1951894,False
558,1.6327255949716128,0.5214640129341584,nan,nan,nan,10,71748,32796800,32796800,4490,18300614400,18300614400,1956384,False
559,1.6167978359784658,0.521422995750094,nan,nan,nan,10,69178,32796800,32796800,4328,18333411200,18333411200,1960712,False
560,1.6485527948231797,0.5160076356694846,1.6539614287055844,0.5142552075528248,5.22764781689209,10,36670,32796800,32796800,2298,18366208000,18366208000,1963010,False
561,1.6334348551808566,0.5175851682151796,nan,nan,nan,10,47142,32796800,32796800,2950,18399004800,18399004800,1965960,False
562,1.589998986588815,0.5315800420605025,nan,nan,nan,10,43271,32796800,32796800,2709,18431801600,18431801600,1968669,False
563,1.603637723341083,0.5254950260540029,nan,nan,nan,10,52775,32796800,32796800,3303,18464598400,18464598400,1971972,False
564,1.6407033754824007,0.5162659123055162,nan,nan,nan,10,44541,32796800,32796800,2788,18497395200,18497395200,1974760,False
565,1.5730845897698889,0.5356740187442746,nan,nan,nan,10,56764,32796800,32796800,3553,18530192000,18530192000,1978313,False
566,1.6292515588578316,0.5216453639670467,nan,nan,nan,10,69553,32796800,32796800,4351,18562988800,18562988800,1982664,False
567,1.6164208299694032,0.5263486467628805,nan,nan,nan,10,54462,32796800,32796800,3409,18595785600,18595785600,1986073,False
568,1.6255531793598368,0.5187831482037426,nan,nan,nan,10,49965,32796800,32796800,3130,18628582400,18628582400,1989203,False
569,1.6207218976674478,0.5223178055510469,nan,nan,nan,10,43127,32796800,32796800,2700,18661379200,18661379200,1991903,False
570,1.6333804836883343,0.5220144752714113,1.645824545597755,0.5174209500974075,5.185283647564076,10,43108,32796800,32796800,2698,18694176000,18694176000,1994601,False
571,1.6097922061186318,0.5267429459718381,nan,nan,nan,10,55323,32796800,32796800,3463,18726972800,18726972800,1998064,False
572,1.61713912095206,0.5241896019304433,nan,nan,nan,10,59261,32796800,32796800,3709,18759769600,18759769600,2001773,False
573,1.5970865385126916,0.5312442957103742,nan,nan,nan,10,65740,32796800,32796800,4112,18792566400,18792566400,2005885,False
574,1.633103586265063,0.5232815400656105,nan,nan,nan,10,39323,32796800,32796800,2462,18825363200,18825363200,2008347,False
575,1.6248958968531544,0.5221237190751673,nan,nan,nan,10,50647,32796800,32796800,3170,18858160000,18858160000,2011517,False
576,1.6478009629658785,0.5153183761935446,nan,nan,nan,10,34142,32796800,32796800,2138,18890956800,18890956800,2013655,False
577,1.6390353985983654,0.5204101280446712,nan,nan,nan,10,20774,32796800,32796800,1304,18923753600,18923753600,2014959,False
578,1.6041235972773566,0.5297414122867417,nan,nan,nan,10,52284,32796800,32796800,3273,18956550400,18956550400,2018232,False
579,1.6159277109753445,0.5286119650035469,nan,nan,nan,10,50748,32796800,32796800,3176,18989347200,18989347200,2021408,False
580,1.6160165647819953,0.5250360426939339,1.6403662462597501,0.5197062790349168,5.157057919576869,10,82541,32796800,32796800,5166,19022144000,19022144000,2026574,False
581,1.6369999577636716,0.5214568349255624,nan,nan,nan,10,45743,32796800,32796800,2864,19054940800,19054940800,2029438,False
582,1.5857782395640891,0.5314168188015622,nan,nan,nan,10,86546,32796800,32796800,5416,19087737600,19087737600,2034854,False
583,1.646829750251526,0.514918855239372,nan,nan,nan,10,49233,32796800,32796800,3081,19120534400,19120534400,2037935,False
584,1.6027930349316335,0.5268463935718845,nan,nan,nan,10,53266,32796800,32796800,3333,19153331200,19153331200,2041268,False
585,1.6215167894424627,0.5211679555819948,nan,nan,nan,10,40344,32796800,32796800,2526,19186128000,19186128000,2043794,False
586,1.591274464176421,0.5320139190952589,nan,nan,nan,10,45980,32796800,32796800,2879,19218924800,19218924800,2046673,False
587,1.5844315733210257,0.5333925557430932,nan,nan,nan,10,56285,32796800,32796800,3521,19251721600,19251721600,2050194,False
588,1.627335223675757,0.5212422127500117,nan,nan,nan,10,42698,32796800,32796800,2673,19284518400,19284518400,2052867,False
589,1.6270562334505398,0.5171062877165661,nan,nan,nan,10,41096,32796800,32796800,2574,19317315200,19317315200,2055441,False
590,1.5940105815158767,0.5293271752186638,1.635796949850214,0.5201371197362505,5.133547547176311,10,59109,32796800,32796800,3700,19350112000,19350112000,2059141,False
591,1.606309315397073,0.5264229021097618,nan,nan,nan,10,58964,32796800,32796800,3690,19382908800,19382908800,2062831,False
592,1.63666124590335,0.518649808407124,nan,nan,nan,10,69679,32796800,32796800,4360,19415705600,19415705600,2067191,False
593,1.609822146211599,0.5275651001141197,nan,nan,nan,10,48195,32796800,32796800,3017,19448502400,19448502400,2070208,False
594,1.5852266125611234,0.5311497444871356,nan,nan,nan,10,78861,32796800,32796800,4934,19481299200,19481299200,2075142,False
595,1.5690051320918001,0.5351918226470198,nan,nan,nan,10,75330,32796800,32796800,4712,19514096000,19514096000,2079854,False
596,1.5923737534233398,0.5311653578181694,nan,nan,nan,10,58703,32796800,32796800,3675,19546892800,19546892800,2083529,False
597,1.545868692672543,0.5409146661994042,nan,nan,nan,10,62777,32796800,32796800,3928,19579689600,19579689600,2087457,False
598,1.5688665875278482,0.5373568131304497,nan,nan,nan,10,64339,32796800,32796800,4026,19612486400,19612486400,2091483,False
599,1.6414677082715452,0.517238507661559,nan,nan,nan,10,48032,32796800,32796800,3006,19645283200,19645283200,2094489,False
600,1.5822155161351579,0.5320664622073839,1.6306123817126004,0.5209800689345122,5.107001195278646,10,51518,32796800,32796800,3224,19678080000,19678080000,2097713,False
601,1.5466465728747785,0.542803074642007,nan,nan,nan,10,51258,32796800,32796800,3206,19710876800,19710876800,2100919,False
602,1.627374128759908,0.5200880572372042,nan,nan,nan,10,58144,32796800,32796800,3638,19743673600,19743673600,2104557,False
603,1.600970930284844,0.5280966767371601,nan,nan,nan,10,49650,32796800,32796800,3107,19776470400,19776470400,2107664,False
604,1.5689145432944624,0.5365625349279088,nan,nan,nan,10,71576,32796800,32796800,4478,19809267200,19809267200,2112142,False
605,1.5707984679624791,0.5364217673621411,nan,nan,nan,10,60678,32796800,32796800,3797,19842064000,19842064000,2115939,False
606,1.6021975989601538,0.5305302624531334,nan,nan,nan,10,33606,32796800,32796800,2106,19874860800,19874860800,2118045,False
607,1.5772960372087041,0.5350271336951159,nan,nan,nan,10,44594,32796800,32796800,2793,19907657600,19907657600,2120838,False
608,1.5833399105028372,0.5341367603405678,nan,nan,nan,10,56259,32796800,32796800,3520,19940454400,19940454400,2124358,False
609,1.5845458906678411,0.5303532434168272,nan,nan,nan,10,77850,32796800,32796800,4870,19973251200,19973251200,2129228,False
610,1.66394914130495,0.51152278875458,1.6250190627676748,0.5227970927618762,5.078515846825069,10,29203,32796800,32796800,1830,20006048000,20006048000,2131058,False
611,1.6298462411916073,0.5207266520360888,nan,nan,nan,10,49212,32796800,32796800,3080,20038844800,20038844800,2134138,False
612,1.6137165761483316,0.5273166314518564,nan,nan,nan,10,39756,32796800,32796800,2487,20071641600,20071641600,2136625,False
613,1.6305601927773548,0.5190531928729354,nan,nan,nan,10,53823,32796800,32796800,3369,20104438400,20104438400,2139994,False
614,1.5983575768158407,0.5277255794019714,nan,nan,nan,10,60666,32796800,32796800,3796,20137235200,20137235200,2143790,False
615,1.5965589300498648,0.5287274386245046,nan,nan,nan,10,70142,32796800,32796800,4388,20170032000,20170032000,2148178,False
616,1.5919928781370156,0.5330923521207002,nan,nan,nan,10,50903,32796800,32796800,3187,20202828800,20202828800,2151365,False
617,1.5591826589686089,0.5383266060583198,nan,nan,nan,10,53018,32796800,32796800,3318,20235625600,20235625600,2154683,False
618,1.561507179687057,0.5379471342071347,nan,nan,nan,10,82246,32796800,32796800,5145,20268422400,20268422400,2159828,False
619,1.5531555696249988,0.5395574373131553,nan,nan,nan,10,69911,32796800,32796800,4374,20301219200,20301219200,2164202,False
620,1.621355188279774,0.5215609539983755,1.6178269075450558,0.5240521504570658,5.042121406667026,10,54172,32796800,32796800,3390,20334016000,20334016000,2167592,False
621,1.5633229892605913,0.5379956649241362,nan,nan,nan,10,62744,32796800,32796800,3927,20366812800,20366812800,2171519,False
622,1.595634905013912,0.5301703397170628,nan,nan,nan,10,41564,32796800,32796800,2602,20399609600,20399609600,2174121,False
623,1.600534988334065,0.5297728371193814,nan,nan,nan,10,41380,32796800,32796800,2593,20432406400,20432406400,2176714,False
624,1.5726568711016875,0.5382648683894437,nan,nan,nan,10,58278,32796800,32796800,3647,20465203200,20465203200,2180361,False
625,1.5567609761557042,0.5395323185528348,nan,nan,nan,10,90660,32796800,32796800,5671,20498000000,20498000000,2186032,False
626,1.5664882653588779,0.5377464445677325,nan,nan,nan,10,73901,32796800,32796800,4623,20530796800,20530796800,2190655,False
627,1.5750956536913565,0.5349852355886506,nan,nan,nan,10,54523,32796800,32796800,3412,20563593600,20563593600,2194067,False
628,1.5786974062247658,0.5323121595462117,nan,nan,nan,10,88852,32796800,32796800,5558,20596390400,20596390400,2199625,False
629,1.5394601086855213,0.5445314860373776,nan,nan,nan,10,92676,32796800,32796800,5797,20629187200,20629187200,2205422,False
630,1.5607395378478965,0.5377443271175016,1.6132613094818034,0.5251011539037914,5.019153577772041,10,44510,32796800,32796800,2787,20661984000,20661984000,2208209,False
631,1.5982383012071633,0.5261551366591327,nan,nan,nan,10,42917,32796800,32796800,2686,20694780800,20694780800,2210895,False
632,1.5359372721417122,0.5442980126724554,nan,nan,nan,10,80963,32796800,32796800,5065,20727577600,20727577600,2215960,False
633,1.578504251082023,0.5320090640446311,nan,nan,nan,10,75463,32796800,32796800,4722,20760374400,20760374400,2220682,False
634,1.5846689065652875,0.5291419397379662,nan,nan,nan,10,69762,32796800,32796800,4364,20793171200,20793171200,2225046,False
635,1.5523752711455279,0.5417129518961711,nan,nan,nan,10,71117,32796800,32796800,4450,20825968000,20825968000,2229496,False
636,1.5686569351863322,0.537265872050596,nan,nan,nan,10,41110,32796800,32796800,2574,20858764800,20858764800,2232070,False
637,1.6140695732528372,0.5270801815431165,nan,nan,nan,10,29745,32796800,32796800,1863,20891561600,20891561600,2233933,False
638,1.5426721947484143,0.5443706198234277,nan,nan,nan,10,54935,32796800,32796800,3437,20924358400,20924358400,2237370,False
639,1.5578239574622514,0.5413518318623405,nan,nan,nan,10,62996,32796800,32796800,3943,20957155200,20957155200,2241313,False
640,1.5220700825953577,0.5480409243480506,1.608490144154237,0.5270118387531845,4.995263403553176,10,61968,32796800,32796800,3878,20989952000,20989952000,2245191,False
641,1.5279535951643048,0.5448057097541633,nan,nan,nan,10,54223,32796800,32796800,3393,21022748800,21022748800,2248584,False
642,1.551308535640567,0.537657842445997,nan,nan,nan,10,62404,32796800,32796800,3905,21055545600,21055545600,2252489,False
643,1.526885576714907,0.5455354453602037,nan,nan,nan,10,73042,32796800,32796800,4569,21088342400,21088342400,2257058,False
644,1.5726283367242837,0.5368265554396942,nan,nan,nan,10,57540,32796800,32796800,3602,21121139200,21121139200,2260660,False
645,1.5493192084249843,0.542007722007722,nan,nan,nan,10,64750,32796800,32796800,4051,21153936000,21153936000,2264711,False
646,1.5648163852575732,0.5383750401599258,nan,nan,nan,10,56026,32796800,32796800,3506,21186732800,21186732800,2268217,False
647,1.5779172294489061,0.5331060606060606,nan,nan,nan,10,39600,32796800,32796800,2479,21219529600,21219529600,2270696,False
648,1.5733900093824138,0.5383775918515824,nan,nan,nan,10,54980,32796800,32796800,3440,21252326400,21252326400,2274136,False
649,1.5668600508678234,0.5368595210479634,nan,nan,nan,10,58628,32796800,32796800,3669,21285123200,21285123200,2277805,False
650,1.5665066304258983,0.5350457984866587,1.6037637864598338,0.5284167540836205,4.971709707372895,10,55242,32796800,32796800,3457,21317920000,21317920000,2281262,False
651,1.6034126673230433,0.5259794811741045,nan,nan,nan,10,39281,32796800,32796800,2460,21350716800,21350716800,2283722,False
652,1.5479876564814543,0.5442924764958663,nan,nan,nan,10,45843,32796800,32796800,2869,21383513600,21383513600,2286591,False
653,1.5593015339618843,0.5408346019521806,nan,nan,nan,10,44668,32796800,32796800,2797,21416310400,21416310400,2289388,False
654,1.5272203291364688,0.5459751098365779,nan,nan,nan,10,108798,32796800,32796800,6805,21449107200,21449107200,2296193,False
655,1.5250211106609566,0.54780248755579,nan,nan,nan,10,77747,32796800,32796800,4865,21481904000,21481904000,2301058,False
656,1.5378092249130635,0.5414643689199523,nan,nan,nan,10,56229,32796800,32796800,3518,21514700800,21514700800,2304576,False
657,1.6277744010904065,0.5211321007203872,nan,nan,nan,10,44837,32796800,32796800,2807,21547497600,21547497600,2307383,False
658,1.5199980217473446,0.5487421798695985,nan,nan,nan,10,37883,32796800,32796800,2372,21580294400,21580294400,2309755,False
659,1.5731241258332744,0.5343101970865467,nan,nan,nan,10,58350,32796800,32796800,3652,21613091200,21613091200,2313407,False
660,1.6328438715586249,0.5255959849435383,1.5995818851198835,0.5295219541435636,4.950961920721137,10,31880,32796800,32796800,1998,21645888000,21645888000,2315405,False
661,1.505132525072462,0.5537650548157399,nan,nan,nan,10,83279,32796800,32796800,5209,21678684800,21678684800,2320614,False
662,1.5575873093205692,0.5397748750472511,nan,nan,nan,10,47618,32796800,32796800,2980,21711481600,21711481600,2323594,False
663,1.6003751020290706,0.5287626541284843,nan,nan,nan,10,41686,32796800,32796800,2610,21744278400,21744278400,2326204,False
664,1.5852756321110761,0.5298549810844893,nan,nan,nan,10,63440,32796800,32796800,3969,21777075200,21777075200,2330173,False
665,1.5474615371134246,0.5389997911258317,nan,nan,nan,10,67026,32796800,32796800,4194,21809872000,21809872000,2334367,False
666,1.5729785975620945,0.5361920662763912,nan,nan,nan,10,47317,32796800,32796800,2962,21842668800,21842668800,2337329,False
667,1.5381840266518045,0.540792483459183,nan,nan,nan,10,81314,32796800,32796800,5087,21875465600,21875465600,2342416,False
668,1.5936225751533788,0.5287648732021955,nan,nan,nan,10,49922,32796800,32796800,3125,21908262400,21908262400,2345541,False
669,1.6253409575029483,0.5238527941844616,nan,nan,nan,10,44020,32796800,32796800,2757,21941059200,21941059200,2348298,False
670,1.6000219189690075,0.5300009160585056,1.5991503785400756,0.5286228083320845,4.948826008939103,10,32749,32796800,32796800,2051,21973856000,21973856000,2350349,False
671,1.5503189858748125,0.5410661534329961,nan,nan,nan,10,44684,32796800,32796800,2799,22006652800,22006652800,2353148,False
672,1.5612351819536194,0.5362144932970845,nan,nan,nan,10,53335,32796800,32796800,3336,22039449600,22039449600,2356484,False
673,1.498188363286889,0.5523726319661578,nan,nan,nan,10,65244,32796800,32796800,4083,22072246400,22072246400,2360567,False
674,1.5210483985728491,0.5473677517802645,nan,nan,nan,10,62912,32796800,32796800,3937,22105043200,22105043200,2364504,False
675,1.5582228485081546,0.5360602798708288,nan,nan,nan,10,53882,32796800,32796800,3372,22137840000,22137840000,2367876,False
676,1.5616391246262569,0.5400949735686766,nan,nan,nan,10,44644,32796800,32796800,2795,22170636800,22170636800,2370671,False
677,1.5362210807643388,0.5451578680320118,nan,nan,nan,10,86718,32796800,32796800,5424,22203433600,22203433600,2376095,False
678,1.5535898431069504,0.5415067122682116,nan,nan,nan,10,85962,32796800,32796800,5379,22236230400,22236230400,2381474,False
679,1.5341005235886849,0.5452010001923446,nan,nan,nan,10,93582,32796800,32796800,5854,22269027200,22269027200,2387328,False
680,1.521557345259697,0.5472102658348246,1.5923126134739525,0.5316948898546381,4.915102527354104,10,62031,32796800,32796800,3882,22301824000,22301824000,2391210,False
681,1.4765718949203943,0.561144356746655,nan,nan,nan,10,50299,32796800,32796800,3149,22334620800,22334620800,2394359,False
682,1.5594396496132181,0.5373004638907964,nan,nan,nan,10,71353,32796800,32796800,4466,22367417600,22367417600,2398825,False
683,1.5771086986746221,0.538112718635284,nan,nan,nan,10,50941,32796800,32796800,3188,22400214400,22400214400,2402013,False
684,1.5171538183023294,0.5490381269572998,nan,nan,nan,10,80468,32796800,32796800,5033,22433011200,22433011200,2407046,False
685,1.5050298390524368,0.5521891870435058,nan,nan,nan,10,100768,32796800,32796800,6303,22465808000,22465808000,2413349,False
686,1.5297824619412952,0.5450583479083637,nan,nan,nan,10,34877,32796800,32796800,2184,22498604800,22498604800,2415533,False
687,1.5668017997681976,0.5373670866916411,nan,nan,nan,10,52854,32796800,32796800,3308,22531401600,22531401600,2418841,False
688,1.5155312202876412,0.5498118048409152,nan,nan,nan,10,70937,32796800,32796800,4438,22564198400,22564198400,2423279,False
689,1.563508524484175,0.5382758995542993,nan,nan,nan,10,45995,32796800,32796800,2880,22596995200,22596995200,2426159,False
690,1.5465132641685098,0.5428482393268931,1.589477249194385,0.5305147609770717,4.901186159526893,10,67389,32796800,32796800,4217,22629792000,22629792000,2430376,False
691,1.5644355298860804,0.5353664475286097,nan,nan,nan,10,32856,32796800,32796800,2059,22662588800,22662588800,2432435,False
692,1.5571660602129618,0.5404276456908036,nan,nan,nan,10,44289,32796800,32796800,2772,22695385600,22695385600,2435207,False
693,1.5537299161561697,0.5396073530597436,nan,nan,nan,10,49612,32796800,32796800,3106,22728182400,22728182400,2438313,False
694,1.5182302136720065,0.5491649465190467,nan,nan,nan,10,74606,32796800,32796800,4668,22760979200,22760979200,2442981,False
695,1.485454164416642,0.5584612259220271,nan,nan,nan,10,54147,32796800,32796800,3389,22793776000,22793776000,2446370,False
696,1.5263036458398163,0.5464935449630964,nan,nan,nan,10,81022,32796800,32796800,5070,22826572800,22826572800,2451440,False
697,1.5777647821186331,0.5358309736440863,nan,nan,nan,10,59683,32796800,32796800,3736,22859369600,22859369600,2455176,False
698,1.5176931308767356,0.5482488547362199,nan,nan,nan,10,47369,32796800,32796800,2966,22892166400,22892166400,2458142,False
699,1.4948748965333194,0.5570215934475056,nan,nan,nan,10,100725,32796800,32796800,6301,22924963200,22924963200,2464443,False
700,1.5294355129294521,0.5488120372297719,1.585343749434198,0.5324629102352765,4.880968920473913,10,33629,32796800,32796800,2105,22957760000,22957760000,2466548,False
701,1.5502119540529575,0.5378239974789254,nan,nan,nan,10,63465,32796800,32796800,3971,22990556800,22990556800,2470519,False
702,1.601260052447084,0.5306506453636154,nan,nan,nan,10,30293,32796800,32796800,1898,23023353600,23023353600,2472417,False
703,1.540733754934992,0.5436669055011544,nan,nan,nan,10,50244,32796800,32796800,3145,23056150400,23056150400,2475562,False
704,1.5038701679496524,0.5524258395299587,nan,nan,nan,10,62803,32796800,32796800,3931,23088947200,23088947200,2479493,False
705,1.5978308485748522,0.5302465947092249,nan,nan,nan,10,36781,32796800,32796800,2304,23121744000,23121744000,2481797,False
706,1.5618360803813005,0.5408752666909508,nan,nan,nan,10,38434,32796800,32796800,2407,23154540800,23154540800,2484204,False
707,1.5210595086416447,0.5458303102257986,nan,nan,nan,10,45483,32796800,32796800,2848,23187337600,23187337600,2487052,False
708,1.5408231474999374,0.5459585449096812,nan,nan,nan,10,60065,32796800,32796800,3758,23220134400,23220134400,2490810,False
709,1.5389977876782308,0.5426815099600752,nan,nan,nan,10,47339,32796800,32796800,2963,23252931200,23252931200,2493773,False
710,1.5621254452651907,0.5355879271836025,1.5805967827349183,0.5325378390528998,4.857854029761743,10,50593,32796800,32796800,3167,23285728000,23285728000,2496940,False
711,1.54043767238164,0.5446577897851538,nan,nan,nan,10,62184,32796800,32796800,3891,23318524800,23318524800,2500831,False
712,1.5426072459025812,0.5418513795267302,nan,nan,nan,10,49401,32796800,32796800,3094,23351321600,23351321600,2503925,False
713,1.518825978977605,0.549996536196744,nan,nan,nan,10,72175,32796800,32796800,4514,23384118400,23384118400,2508439,False
714,1.511548523338494,0.5544608197907757,nan,nan,nan,10,60796,32796800,32796800,3805,23416915200,23416915200,2512244,False
715,1.486372352123779,0.5589837721554506,nan,nan,nan,10,85532,32796800,32796800,5350,23449712000,23449712000,2517594,False
716,1.5526938953771259,0.538772524256892,nan,nan,nan,10,25972,32796800,32796800,1627,23482508800,23482508800,2519221,False
717,1.4670669980894941,0.5633884241311297,nan,nan,nan,10,58812,32796800,32796800,3680,23515305600,23515305600,2522901,False
718,1.4914082193119425,0.5565190881067714,nan,nan,nan,10,88563,32796800,32796800,5541,23548102400,23548102400,2528442,False
719,1.5734090082889,0.539858931913056,nan,nan,nan,10,34735,32796800,32796800,2175,23580899200,23580899200,2530617,False
720,1.4685247021704433,0.5630085568796263,1.5789353199918357,0.5348231679904091,4.849789587520254,10,76196,32796800,32796800,4767,23613696000,23613696000,2535384,False
721,1.5848683379401582,0.5324486015366394,nan,nan,nan,10,32929,32796800,32796800,2062,23646492800,23646492800,2537446,False
722,1.5498711319875562,0.5408739637487705,nan,nan,nan,10,35585,32796800,32796800,2230,23679289600,23679289600,2539676,False
723,1.527664703251519,0.5459756803705849,nan,nan,nan,10,51810,32796800,32796800,3244,23712086400,23712086400,2542920,False
724,1.5329981962766934,0.5477717815565285,nan,nan,nan,10,29463,32796800,32796800,1846,23744883200,23744883200,2544766,False
725,1.5241803582609,0.5483529847195051,nan,nan,nan,10,75652,32796800,32796800,4734,23777680000,23777680000,2549500,False
726,1.4853080008332695,0.5592687505587175,nan,nan,nan,10,67118,32796800,32796800,4198,23810476800,23810476800,2553698,False
727,1.5429543880518914,0.5462453981542186,nan,nan,nan,10,39658,32796800,32796800,2484,23843273600,23843273600,2556182,False
728,1.5588382518828354,0.5389385635996539,nan,nan,nan,10,48538,32796800,32796800,3037,23876070400,23876070400,2559219,False
729,1.4423675841053802,0.5719182685844871,nan,nan,nan,10,74390,32796800,32796800,4654,23908867200,23908867200,2563873,False
730,1.4838288719147668,0.558040648409677,1.576619056717095,0.5350854188520905,4.838569197713399,10,65144,32796800,32796800,4077,23941664000,23941664000,2567950,False
731,1.4911500812725718,0.5542964885097168,nan,nan,nan,10,53567,32796800,32796800,3353,23974460800,23974460800,2571303,False
732,1.521847758304368,0.5479518835845998,nan,nan,nan,10,82051,32796800,32796800,5133,24007257600,24007257600,2576436,False
733,1.5599557716056058,0.5422991566799823,nan,nan,nan,10,33795,32796800,32796800,2117,24040054400,24040054400,2578553,False
734,1.5425711515918588,0.5442111302352266,nan,nan,nan,10,43575,32796800,32796800,2729,24072851200,24072851200,2581282,False
735,1.5493763682065897,0.5453841341714082,nan,nan,nan,10,33569,32796800,32796800,2104,24105648000,24105648000,2583386,False
736,1.51437550179276,0.5505386039007261,nan,nan,nan,10,42146,32796800,32796800,2637,24138444800,24138444800,2586023,False
737,1.5235546208011599,0.5487799224219196,nan,nan,nan,10,64709,32796800,32796800,4049,24171241600,24171241600,2590072,False
738,1.5491369714910026,0.5435589519650655,nan,nan,nan,10,45800,32796800,32796800,2868,24204038400,24204038400,2592940,False
739,1.5273550701150065,0.5469320672023374,nan,nan,nan,10,32856,32796800,32796800,2059,24236835200,24236835200,2594999,False
740,1.5340456043668909,0.5468651623778865,1.5707467801742747,0.5364154053649034,4.8102390439719915,10,49237,32796800,32796800,3082,24269632000,24269632000,2598081,False
741,1.5172927760990031,0.5490394965637162,nan,nan,nan,10,48308,32796800,32796800,3024,24302428800,24302428800,2601105,False
742,1.5221318848931904,0.5515743019604515,nan,nan,nan,10,58915,32796800,32796800,3687,24335225600,24335225600,2604792,False
743,1.4723257686254476,0.562575047449355,nan,nan,nan,10,77451,32796800,32796800,4845,24368022400,24368022400,2609637,False
744,1.517443723054422,0.5459781937872865,nan,nan,nan,10,58332,32796800,32796800,3651,24400819200,24400819200,2613288,False
745,1.5225183517511558,0.5498749700270613,nan,nan,nan,10,58386,32796800,32796800,3653,24433616000,24433616000,2616941,False
746,1.429452624656989,0.574983395375419,nan,nan,nan,10,64741,32796800,32796800,4051,24466412800,24466412800,2620992,False
747,1.5046684088500843,0.5534762919552477,nan,nan,nan,10,75080,32796800,32796800,4699,24499209600,24499209600,2625691,False
748,1.4539848852307664,0.565851030650146,nan,nan,nan,10,70538,32796800,32796800,4413,24532006400,24532006400,2630104,False
749,1.5282793178453749,0.5430369504630046,nan,nan,nan,10,55615,32796800,32796800,3482,24564803200,24564803200,2633586,False
750,1.5353211467387953,0.5448421744398579,1.5715660668912899,0.5363217443428743,4.814181623757478,10,48693,32796800,32796800,3048,24597600000,24597600000,2636634,False
751,1.563567392725047,0.5425593060925906,nan,nan,nan,10,38276,32796800,32796800,2398,24630396800,24630396800,2639032,False
752,1.4428269755919283,0.569566520175789,nan,nan,nan,10,60072,32796800,32796800,3759,24663193600,24663193600,2642791,False
753,1.5329183238643882,0.5429939182272535,nan,nan,nan,10,33214,32796800,32796800,2081,24695990400,24695990400,2644872,False
754,1.5937591928154575,0.5327445425762373,nan,nan,nan,10,18003,32796800,32796800,1130,24728787200,24728787200,2646002,False
755,1.5766581355294935,0.5375653341898561,nan,nan,nan,10,34247,32796800,32796800,2145,24761584000,24761584000,2648147,False
756,1.5035496923441698,0.5502556468836969,nan,nan,nan,10,46353,32796800,32796800,2902,24794380800,24794380800,2651049,False
757,1.4467796105550084,0.5661655611799616,nan,nan,nan,10,91664,32796800,32796800,5733,24827177600,24827177600,2656782,False
758,1.5073030423431897,0.5517813733434405,nan,nan,nan,10,76514,32796800,32796800,4786,24859974400,24859974400,2661568,False
759,1.54533526163093,0.5373738017134304,nan,nan,nan,10,31399,32796800,32796800,1966,24892771200,24892771200,2663534,False
760,1.5144489938616923,0.5513958550203464,1.5676093535249636,0.5379327139217743,4.7951709217302,10,52835,32796800,32796800,3307,24925568000,24925568000,2666841,False
761,1.5419872076148704,0.5410405251451201,nan,nan,nan,10,36866,32796800,32796800,2309,24958364800,24958364800,2669150,False
762,1.5095501228968162,0.5512736200622561,nan,nan,nan,10,68427,32796800,32796800,4281,24991161600,24991161600,2673431,False
763,1.5556552188910069,0.5411200942335492,nan,nan,nan,10,37354,32796800,32796800,2340,25023958400,25023958400,2675771,False
764,1.5121406071659131,0.5520430557007002,nan,nan,nan,10,57414,32796800,32796800,3593,25056755200,25056755200,2679364,False
765,1.5358887654015054,0.5430474467560233,nan,nan,nan,10,36483,32796800,32796800,2284,25089552000,25089552000,2681648,False
766,1.5518015761704649,0.5414247273757258,nan,nan,nan,10,42366,32796800,32796800,2652,25122348800,25122348800,2684300,False
767,1.4898100822016906,0.5548010696053804,nan,nan,nan,10,61705,32796800,32796800,3861,25155145600,25155145600,2688161,False
768,1.5258308939333918,0.5502771936532211,nan,nan,nan,10,31386,32796800,32796800,1967,25187942400,25187942400,2690128,False
769,1.5155165666554646,0.5491640958629144,nan,nan,nan,10,74231,32796800,32796800,4645,25220739200,25220739200,2694773,False
770,1.5003008147527457,0.5507917317842715,1.5623990144040762,0.5375955342424696,4.770251430959594,10,67826,32796800,32796800,4244,25253536000,25253536000,2699017,False
771,1.5087237846865813,0.5522546294114875,nan,nan,nan,10,42446,32796800,32796800,2659,25286332800,25286332800,2701676,False
772,1.5200039518938173,0.5471509998306966,nan,nan,nan,10,53159,32796800,32796800,3329,25319129600,25319129600,2705005,False
773,1.5115035800133394,0.5507758019525802,nan,nan,nan,10,45888,32796800,32796800,2872,25351926400,25351926400,2707877,False
774,1.5446694914405426,0.5429514165434065,nan,nan,nan,10,35156,32796800,32796800,2201,25384723200,25384723200,2710078,False
775,1.4433259257969258,0.5703003694383466,nan,nan,nan,10,74708,32796800,32796800,4674,25417520000,25417520000,2714752,False
776,1.4981633162004055,0.5519443417470508,nan,nan,nan,10,29753,32796800,32796800,1865,25450316800,25450316800,2716617,False
777,1.4822850557516833,0.5574613527327459,nan,nan,nan,10,95673,32796800,32796800,5985,25483113600,25483113600,2722602,False
778,1.5313905818122564,0.547483961879334,nan,nan,nan,10,53934,32796800,32796800,3377,25515910400,25515910400,2725979,False
779,1.5170400884070478,0.5458299406769803,nan,nan,nan,10,34388,32796800,32796800,2154,25548707200,25548707200,2728133,False
780,1.4819842466698219,0.5590158520475561,1.561774808356881,0.5396935411359208,4.767274740300554,10,60560,32796800,32796800,3789,25581504000,25581504000,2731922,False
781,1.4672747453847086,0.5646907513341267,nan,nan,nan,10,52094,32796800,32796800,3260,25614300800,25614300800,2735182,False
782,1.4697659742011246,0.5620002155404678,nan,nan,nan,10,46395,32796800,32796800,2904,25647097600,25647097600,2738086,False
783,1.4951252952970733,0.5542880384257824,nan,nan,nan,10,51632,32796800,32796800,3233,25679894400,25679894400,2741319,False
784,1.5076694942735838,0.5549734185992757,nan,nan,nan,10,51916,32796800,32796800,3249,25712691200,25712691200,2744568,False
785,1.4319328181599362,0.5729357543450497,nan,nan,nan,10,54027,32796800,32796800,3382,25745488000,25745488000,2747950,False
786,1.512976899335955,0.5517802430005283,nan,nan,nan,10,47325,32796800,32796800,2962,25778284800,25778284800,2750912,False
787,1.4193982619844001,0.5745922151536166,nan,nan,nan,10,66334,32796800,32796800,4151,25811081600,25811081600,2755063,False
788,1.4224804983797694,0.5755280002473794,nan,nan,nan,10,64678,32796800,32796800,4046,25843878400,25843878400,2759109,False
789,1.4641066942107028,0.5642581809234807,nan,nan,nan,10,60965,32796800,32796800,3814,25876675200,25876675200,2762923,False
790,1.5138602093061106,0.5501232474526243,1.5605150240213996,0.5392252360257755,4.7612727836390665,10,63693,32796800,32796800,3985,25909472000,25909472000,2766908,False
791,1.5022182618768798,0.5557501560657557,nan,nan,nan,10,57668,32796800,32796800,3609,25942268800,25942268800,2770517,False
792,1.530314844180285,0.5486552363492427,nan,nan,nan,10,48001,32796800,32796800,3004,25975065600,25975065600,2773521,False
793,1.4214561269745287,0.5766521580223942,nan,nan,nan,10,60194,32796800,32796800,3767,26007862400,26007862400,2777288,False
794,1.45576890125741,0.5675964795695091,nan,nan,nan,10,61697,32796800,32796800,3862,26040659200,26040659200,2781150,False
795,1.4303984171038744,0.5753886447028926,nan,nan,nan,10,77127,32796800,32796800,4826,26073456000,26073456000,2785976,False
796,1.4701594125548607,0.5644605588325486,nan,nan,nan,10,55437,32796800,32796800,3470,26106252800,26106252800,2789446,False
797,1.500825052889678,0.5519127026063876,nan,nan,nan,10,81377,32796800,32796800,5092,26139049600,26139049600,2794538,False
798,1.492037799850252,0.553405232674256,nan,nan,nan,10,50070,32796800,32796800,3135,26171846400,26171846400,2797673,False
799,1.4959960031288446,0.5537400907373622,nan,nan,nan,10,61937,32796800,32796800,3877,26204643200,26204643200,2801550,False
800,1.4875146255999236,0.5586131339820841,1.5598050278915596,0.5392439682301813,4.757893498171328,10,46551,32796800,32796800,2914,26237440000,26237440000,2804464,False
801,1.5054780925753624,0.5522061938418319,nan,nan,nan,10,44851,32796800,32796800,2808,26270236800,26270236800,2807272,False
802,1.554626803141327,0.5424354243542435,nan,nan,nan,10,34959,32796800,32796800,2190,26303033600,26303033600,2809462,False
803,1.515637758330801,0.5539247109794646,nan,nan,nan,10,45239,32796800,32796800,2833,26335830400,26335830400,2812295,False
804,1.5502203053603805,0.5413741000799929,nan,nan,nan,10,45004,32796800,32796800,2818,26368627200,26368627200,2815113,False
805,1.4767868037956884,0.5615040330513477,nan,nan,nan,10,40664,32796800,32796800,2547,26401424000,26401424000,2817660,False
806,1.520252859041886,0.5509918180598816,nan,nan,nan,10,67099,32796800,32796800,4199,26434220800,26434220800,2821859,False
807,1.5243780432494791,0.5454047300703593,nan,nan,nan,10,45623,32796800,32796800,2857,26467017600,26467017600,2824716,False
808,1.4800176373144562,0.5577781406488134,nan,nan,nan,10,36744,32796800,32796800,2301,26499814400,26499814400,2827017,False
809,1.5203179115459806,0.5465926021895446,nan,nan,nan,10,61748,32796800,32796800,3866,26532611200,26532611200,2830883,False
810,1.5191246234437783,0.5488437605862321,1.5544740762128906,0.5397122733403267,4.732596885259628,10,56087,32796800,32796800,3509,26565408000,26565408000,2834392,False
811,1.4725141313228458,0.5620315161839864,nan,nan,nan,10,93920,32796800,32796800,5876,26598204800,26598204800,2840268,False
812,1.541511483239693,0.542715342577791,nan,nan,nan,10,53798,32796800,32796800,3368,26631001600,26631001600,2843636,False
813,1.4754446470218578,0.5610044642857143,nan,nan,nan,10,44800,32796800,32796800,2803,26663798400,26663798400,2846439,False
814,1.4121851275890496,0.579704612154327,nan,nan,nan,10,83822,32796800,32796800,5243,26696595200,26696595200,2851682,False
815,1.496602762113335,0.5514131826874156,nan,nan,nan,10,56999,32796800,32796800,3568,26729392000,26729392000,2855250,False
816,1.493514870507792,0.5531985051659706,nan,nan,nan,10,36392,32796800,32796800,2278,26762188800,26762188800,2857528,False
817,1.4906298479981108,0.5590638930163447,nan,nan,nan,10,51148,32796800,32796800,3203,26794985600,26794985600,2860731,False
818,1.4040790632390368,0.5787486958254692,nan,nan,nan,10,85303,32796800,32796800,5336,26827782400,26827782400,2866067,False
819,1.5224095260151655,0.5522717545558985,nan,nan,nan,10,44393,32796800,32796800,2779,26860579200,26860579200,2868846,False
820,1.5204603193773016,0.5493078740311212,1.552992898664356,0.5399183275887907,4.725592257835968,10,51219,32796800,32796800,3206,26893376000,26893376000,2872052,False
821,1.493754703013362,0.5551359986721717,nan,nan,nan,10,48199,32796800,32796800,3017,26926172800,26926172800,2875069,False
822,1.481268855982834,0.5599840066881122,nan,nan,nan,10,55023,32796800,32796800,3443,26958969600,26958969600,2878512,False
823,1.499680075872153,0.5560578661844484,nan,nan,nan,10,33180,32796800,32796800,2078,26991766400,26991766400,2880590,False
824,1.5540101067901142,0.5407747767940528,nan,nan,nan,10,26769,32796800,32796800,1678,27024563200,27024563200,2882268,False
825,1.4738007949524916,0.5607622905542258,nan,nan,nan,10,43448,32796800,32796800,2719,27057360000,27057360000,2884987,False
826,1.3862679183152817,0.5867237265071884,nan,nan,nan,10,50707,32796800,32796800,3172,27090156800,27090156800,2888159,False
827,1.3904278923689901,0.5838125290320514,nan,nan,nan,10,62431,32796800,32796800,3906,27122953600,27122953600,2892065,False
828,1.4024864328717463,0.5827128221377271,nan,nan,nan,10,75744,32796800,32796800,4738,27155750400,27155750400,2896803,False
829,1.5055431770830006,0.5519686227183588,nan,nan,nan,10,39774,32796800,32796800,2490,27188547200,27188547200,2899293,False
830,1.479864313971801,0.5581813958889792,1.5540311605912822,0.5395436835006744,4.730501208306662,10,51666,32796800,32796800,3233,27221344000,27221344000,2902526,False
831,1.5069787307208158,0.5508753582771709,nan,nan,nan,10,51636,32796800,32796800,3230,27254140800,27254140800,2905756,False
832,1.5145089736467305,0.5475927967658949,nan,nan,nan,10,40815,32796800,32796800,2556,27286937600,27286937600,2908312,False
833,1.5121762277341255,0.5491867320122168,nan,nan,nan,10,42237,32796800,32796800,2645,27319734400,27319734400,2910957,False
834,1.4740243179116994,0.5634882429179782,nan,nan,nan,10,54010,32796800,32796800,3380,27352531200,27352531200,2914337,False
835,1.4805482501820983,0.5612676160042411,nan,nan,nan,10,67907,32796800,32796800,4249,27385328000,27385328000,2918586,False
836,1.4462008045781103,0.5669290188805981,nan,nan,nan,10,68483,32796800,32796800,4284,27418124800,27418124800,2922870,False
837,1.4671730140786488,0.5586692351494446,nan,nan,nan,10,82539,32796800,32796800,5163,27450921600,27450921600,2928033,False
838,1.4072122957688575,0.582922613347037,nan,nan,nan,10,85622,32796800,32796800,5356,27483718400,27483718400,2933389,False
839,1.3904690737189176,0.5834496248851994,nan,nan,nan,10,83841,32796800,32796800,5245,27516515200,27516515200,2938634,False
840,1.4804031029009823,0.5576203247958973,1.5487570243315523,0.5410797242619512,4.705617577867315,10,67858,32796800,32796800,4246,27549312000,27549312000,2942880,False
841,1.5131893503889806,0.5497505374599441,nan,nan,nan,10,49306,32796800,32796800,3086,27582108800,27582108800,2945966,False
842,1.4749455845572108,0.5595646904353095,nan,nan,nan,10,39604,32796800,32796800,2481,27614905600,27614905600,2948447,False
843,1.4668920245871668,0.5639349182190401,nan,nan,nan,10,46649,32796800,32796800,2922,27647702400,27647702400,2951369,False
844,1.4836264539614348,0.5589727139678021,nan,nan,nan,10,49879,32796800,32796800,3123,27680499200,27680499200,2954492,False
845,1.4794792393471015,0.557826992239258,nan,nan,nan,10,52830,32796800,32796800,3306,27713296000,27713296000,2957798,False
846,1.511379188354465,0.553058132059877,nan,nan,nan,10,43556,32796800,32796800,2727,27746092800,27746092800,2960525,False
847,1.4960866769812258,0.5548668118612833,nan,nan,nan,10,47752,32796800,32796800,2990,27778889600,27778889600,2963515,False
848,1.535413748970685,0.544785443311147,nan,nan,nan,10,44021,32796800,32796800,2757,27811686400,27811686400,2966272,False
849,1.489717921736033,0.5590558829243023,nan,nan,nan,10,30886,32796800,32796800,1934,27844483200,27844483200,2968206,False
850,1.4916944291904448,0.5577875987679122,1.5481370723034942,0.5409673310355163,4.702701224799556,10,44802,32796800,32796800,2804,27877280000,27877280000,2971010,False
851,1.4710693047329089,0.5599647961328289,nan,nan,nan,10,76128,32796800,32796800,4763,27910076800,27910076800,2975773,False
852,1.469998351195604,0.5605343723907598,nan,nan,nan,10,39523,32796800,32796800,2475,27942873600,27942873600,2978248,False
853,1.4815848427677727,0.5552103483986948,nan,nan,nan,10,51177,32796800,32796800,3203,27975670400,27975670400,2981451,False
854,1.4876356550214989,0.5570877737910351,nan,nan,nan,10,37346,32796800,32796800,2338,28008467200,28008467200,2983789,False
855,1.4660968934507104,0.563283856863422,nan,nan,nan,10,52146,32796800,32796800,3265,28041264000,28041264000,2987054,False
856,1.5261304098346864,0.5482025752716481,nan,nan,nan,10,41782,32796800,32796800,2617,28074060800,28074060800,2989671,False
857,1.4624254820181146,0.5631904281036751,nan,nan,nan,10,65358,32796800,32796800,4090,28106857600,28106857600,2993761,False
858,1.3927379672984717,0.5824113704271986,nan,nan,nan,10,111447,32796800,32796800,6971,28139654400,28139654400,3000732,False
859,1.45654803860798,0.5646790599789547,nan,nan,nan,10,57020,32796800,32796800,3568,28172451200,28172451200,3004300,False
860,1.4962061436727323,0.5554815322817674,1.5411085738389725,0.5435711074479245,4.669764181032862,10,51035,32796800,32796800,3195,28205248000,28205248000,3007495,False
861,1.4900803092122512,0.5543309756806512,nan,nan,nan,10,41284,32796800,32796800,2586,28238044800,28238044800,3010081,False
862,1.454368636089792,0.5667402739627655,nan,nan,nan,10,55701,32796800,32796800,3486,28270841600,28270841600,3013567,False
863,1.4475416226342008,0.5671712652703468,nan,nan,nan,10,54763,32796800,32796800,3427,28303638400,28303638400,3016994,False
864,1.461829162554008,0.5637853748629255,nan,nan,nan,10,51979,32796800,32796800,3254,28336435200,28336435200,3020248,False
865,1.4087638645374039,0.5794860371872729,nan,nan,nan,10,85298,32796800,32796800,5337,28369232000,28369232000,3025585,False
866,1.4850504546662486,0.55768362674921,nan,nan,nan,10,46521,32796800,32796800,2913,28402028800,28402028800,3028498,False
867,1.463398473948403,0.5645165566425409,nan,nan,nan,10,37719,32796800,32796800,2364,28434825600,28434825600,3030862,False
868,1.4962628492438173,0.5562640444043252,nan,nan,nan,10,52067,32796800,32796800,3258,28467622400,28467622400,3034120,False
869,1.4648585934634144,0.5615919477886651,nan,nan,nan,10,56233,32796800,32796800,3519,28500419200,28500419200,3037639,False
870,1.4543345783254793,0.5629382203364328,1.5414639293709813,0.5419976022778361,4.671423902445897,10,66462,32796800,32796800,4157,28533216000,28533216000,3041796,False
871,1.512982393009033,0.5477080024161615,nan,nan,nan,10,44699,32796800,32796800,2798,28566012800,28566012800,3044594,False
872,1.4639203122794453,0.5631260688981188,nan,nan,nan,10,65488,32796800,32796800,4097,28598809600,28598809600,3048691,False
873,1.4553820687098413,0.5614796268349568,nan,nan,nan,10,58312,32796800,32796800,3650,28631606400,28631606400,3052341,False
874,1.4713491720164948,0.5620170726322761,nan,nan,nan,10,54356,32796800,32796800,3401,28664403200,28664403200,3055742,False
875,1.4884655633286248,0.5601857181228656,nan,nan,nan,10,52122,32796800,32796800,3263,28697200000,28697200000,3059005,False
876,1.4388617394138914,0.5678558293490253,nan,nan,nan,10,70694,32796800,32796800,4423,28729996800,28729996800,3063428,False
877,1.5313926605020816,0.5493653893092507,nan,nan,nan,10,32776,32796800,32796800,2052,28762793600,28762793600,3065480,False
878,1.4523600175005187,0.5677918621752224,nan,nan,nan,10,57116,32796800,32796800,3576,28795590400,28795590400,3069056,False
879,1.4735343003669168,0.5601011543010972,nan,nan,nan,10,49034,32796800,32796800,3070,28828387200,28828387200,3072126,False
880,1.468265700646843,0.5609985079381046,1.536391336968255,0.5446013786902443,4.647787672211739,10,59649,32796800,32796800,3732,28861184000,28861184000,3075858,False
881,1.5058123423181728,0.5517812195287874,nan,nan,nan,10,44099,32796800,32796800,2760,28893980800,28893980800,3078618,False
882,1.3774714005990494,0.5879126277181033,nan,nan,nan,10,61072,32796800,32796800,3823,28926777600,28926777600,3082441,False
883,1.500443953887987,0.5551239781401021,nan,nan,nan,10,44282,32796800,32796800,2773,28959574400,28959574400,3085214,False
884,1.4609842950834069,0.5641627646244147,nan,nan,nan,10,75815,32796800,32796800,4745,28992371200,28992371200,3089959,False
885,1.4494649238194874,0.5697527711856769,nan,nan,nan,10,66578,32796800,32796800,4165,29025168000,29025168000,3094124,False
886,1.4536533420902384,0.5662436894528585,nan,nan,nan,10,51303,32796800,32796800,3211,29057964800,29057964800,3097335,False
887,1.4556504615156276,0.5641735707419783,nan,nan,nan,10,43694,32796800,32796800,2736,29090761600,29090761600,3100071,False
888,1.4465066839548402,0.565251572327044,nan,nan,nan,10,58512,32796800,32796800,3662,29123558400,29123558400,3103733,False
889,1.5132852387214388,0.5512046493257349,nan,nan,nan,10,35446,32796800,32796800,2220,29156355200,29156355200,3105953,False
890,1.4211998447550878,0.574443187078854,1.5377328558588392,0.5436460362655477,4.65402695129309,10,77764,32796800,32796800,4865,29189152000,29189152000,3110818,False
891,1.4626681942587685,0.5629871050021256,nan,nan,nan,10,63513,32796800,32796800,3975,29221948800,29221948800,3114793,False
892,1.4697402840976839,0.5600422715390178,nan,nan,nan,10,53937,32796800,32796800,3374,29254745600,29254745600,3118167,False
893,1.4028195441274351,0.5806319559933478,nan,nan,nan,10,78170,32796800,32796800,4890,29287542400,29287542400,3123057,False
894,1.427329626098389,0.5727571115973742,nan,nan,nan,10,74948,32796800,32796800,4688,29320339200,29320339200,3127745,False
895,1.45746224545862,0.5636114285714285,nan,nan,nan,10,43750,32796800,32796800,2739,29353136000,29353136000,3130484,False
896,1.49154227527338,0.5545509930547093,nan,nan,nan,10,41035,32796800,32796800,2570,29385932800,29385932800,3133054,False
897,1.4531991027666262,0.5656516597685616,nan,nan,nan,10,47356,32796800,32796800,2966,29418729600,29418729600,3136020,False
898,1.5081261646766795,0.5539990715709565,nan,nan,nan,10,36621,32796800,32796800,2293,29451526400,29451526400,3138313,False
899,1.4497208066709688,0.5652541641494778,nan,nan,nan,10,57935,32796800,32796800,3625,29484323200,29484323200,3141938,False
900,1.469114672330153,0.5595045998449255,1.5351151324240286,0.5445077176682152,4.641859927775599,10,47719,32796800,32796800,2987,29517120000,29517120000,3144925,False
901,1.425531541353873,0.5756604726493791,nan,nan,nan,10,57421,32796800,32796800,3593,29549916800,29549916800,3148518,False
902,1.4388406557141178,0.5708683473389355,nan,nan,nan,10,66045,32796800,32796800,4132,29582713600,29582713600,3152650,False
903,1.5196165928673628,0.5482400937459312,nan,nan,nan,10,23041,32796800,32796800,1446,29615510400,29615510400,3154096,False
904,1.45121579824952,0.5665846227990154,nan,nan,nan,10,58099,32796800,32796800,3637,29648307200,29648307200,3157733,False
905,1.487794191358099,0.5585613012656026,nan,nan,nan,10,45986,32796800,32796800,2879,29681104000,29681104000,3160612,False
906,1.5165147986370384,0.5490239821528166,nan,nan,nan,10,26895,32796800,32796800,1686,29713900800,29713900800,3162298,False
907,1.4424558349863048,0.5669871182699858,nan,nan,nan,10,47121,32796800,32796800,2948,29746697600,29746697600,3165246,False
908,1.428332791781675,0.5701361801135975,nan,nan,nan,10,73065,32796800,32796800,4571,29779494400,29779494400,3169817,False
909,1.4401018968636288,0.5705620407190896,nan,nan,nan,10,54569,32796800,32796800,3416,29812291200,29812291200,3173233,False
910,1.4489288633228545,0.5656243819903756,1.5322893298263585,0.5455567211149408,4.628761463486986,10,45509,32796800,32796800,2849,29845088000,29845088000,3176082,False
911,1.4621873185100671,0.562738316928261,nan,nan,nan,10,45108,32796800,32796800,2824,29877884800,29877884800,3178906,False
912,1.4702347625849508,0.560963731897988,nan,nan,nan,10,39015,32796800,32796800,2444,29910681600,29910681600,3181350,False
913,1.4897816223968445,0.5578328021573915,nan,nan,nan,10,40790,32796800,32796800,2554,29943478400,29943478400,3183904,False
914,1.4881045959363621,0.5602020311736273,nan,nan,nan,10,36826,32796800,32796800,2307,29976275200,29976275200,3186211,False
915,1.4431842787858813,0.5692221333923013,nan,nan,nan,10,58789,32796800,32796800,3679,30009072000,30009072000,3189890,False
916,1.4821446133585947,0.558174187299774,nan,nan,nan,10,40267,32796800,32796800,2520,30041868800,30041868800,3192410,False
917,1.5001320747459752,0.5522643724618435,nan,nan,nan,10,51957,32796800,32796800,3253,30074665600,30074665600,3195663,False
918,1.4135706506491785,0.5780778722237455,nan,nan,nan,10,58352,32796800,32796800,3650,30107462400,30107462400,3199313,False
919,1.358243225013472,0.5926413218083072,nan,nan,nan,10,65365,32796800,32796800,4090,30140259200,30140259200,3203403,False
920,1.4599401420134979,0.5629418850269714,1.5294545685424987,0.5459313652030571,4.615658610203072,10,57283,32796800,32796800,3584,30173056000,30173056000,3206987,False
921,1.4412334805613614,0.5697514832879373,nan,nan,nan,10,47361,32796800,32796800,2963,30205852800,30205852800,3209950,False
922,1.5022301133288498,0.5565666362391603,nan,nan,nan,10,35056,32796800,32796800,2196,30238649600,30238649600,3212146,False
923,1.3502160124669425,0.5925081376525266,nan,nan,nan,10,57449,32796800,32796800,3595,30271446400,30271446400,3215741,False
924,1.4401637195443155,0.5682779311555464,nan,nan,nan,10,62663,32796800,32796800,3921,30304243200,30304243200,3219662,False
925,1.4217615108597976,0.5737761597754683,nan,nan,nan,10,98338,32796800,32796800,6152,30337040000,30337040000,3225814,False
926,1.4670951233390634,0.5612042898475059,nan,nan,nan,10,45969,32796800,32796800,2879,30369836800,30369836800,3228693,False
927,1.4265151743363835,0.5686427283453174,nan,nan,nan,10,44921,32796800,32796800,2813,30402633600,30402633600,3231506,False
928,1.429003825776996,0.5725169458293653,nan,nan,nan,10,53553,32796800,32796800,3352,30435430400,30435430400,3234858,False
929,1.4501815427715645,0.5679594782422752,nan,nan,nan,10,74824,32796800,32796800,4681,30468227200,30468227200,3239539,False
930,1.4154901568261005,0.5777484653239308,1.5340635483364606,0.544526449872621,4.636981187391296,10,59133,32796800,32796800,3700,30501024000,30501024000,3243239,False
931,1.3814461733936194,0.5868161637444503,nan,nan,nan,10,66445,32796800,32796800,4159,30533820800,30533820800,3247398,False
932,1.4434575075069824,0.5678500696838553,nan,nan,nan,10,54532,32796800,32796800,3413,30566617600,30566617600,3250811,False
933,1.4419483464377048,0.5668477142088011,nan,nan,nan,10,63151,32796800,32796800,3951,30599414400,30599414400,3254762,False
934,1.4483160699660884,0.565308854465481,nan,nan,nan,10,78435,32796800,32796800,4908,30632211200,30632211200,3259670,False
935,1.4431131478621677,0.571097341595043,nan,nan,nan,10,50030,32796800,32796800,3131,30665008000,30665008000,3262801,False
936,1.3622796170424714,0.5919919030338937,nan,nan,nan,10,81018,32796800,32796800,5068,30697804800,30697804800,3267869,False
937,1.4601977135797244,0.56273580688422,nan,nan,nan,10,55925,32796800,32796800,3500,30730601600,30730601600,3271369,False
938,1.450665144563224,0.564488233350823,nan,nan,nan,10,51459,32796800,32796800,3221,30763398400,30763398400,3274590,False
939,1.3753452465454883,0.5870118930627144,nan,nan,nan,10,99722,32796800,32796800,6237,30796195200,30796195200,3280827,False
940,1.4452922342168308,0.5666866556139546,1.5338859886453549,0.544732504121085,4.636157919535755,10,56698,32796800,32796800,3549,30828992000,30828992000,3284376,False
941,1.3531388315903043,0.5940272535660016,nan,nan,nan,10,81604,32796800,32796800,5104,30861788800,30861788800,3289480,False
942,1.4646750739694148,0.5616037164209251,nan,nan,nan,10,49510,32796800,32796800,3098,30894585600,30894585600,3292578,False
943,1.4635543011738283,0.5608926443505579,nan,nan,nan,10,46155,32796800,32796800,2890,30927382400,30927382400,3295468,False
944,1.37485692841583,0.5867567738496426,nan,nan,nan,10,110683,32796800,32796800,6923,30960179200,30960179200,3302391,False
945,1.4689975879889439,0.560400466562986,nan,nan,nan,10,51440,32796800,32796800,3219,30992976000,30992976000,3305610,False
946,1.4661123888485201,0.5596303430786862,nan,nan,nan,10,41011,32796800,32796800,2568,31025772800,31025772800,3308178,False
947,1.4220553269989027,0.5729330193615908,nan,nan,nan,10,76440,32796800,32796800,4783,31058569600,31058569600,3312961,False
948,1.3565292055352574,0.5951122134172161,nan,nan,nan,10,82655,32796800,32796800,5171,31091366400,31091366400,3318132,False
949,1.4519133956452708,0.567996360220735,nan,nan,nan,10,68136,32796800,32796800,4263,31124163200,31124163200,3322395,False
950,1.439441748683065,0.5691891037045823,1.5321149323880896,0.5456878465457815,4.627954289731959,10,50586,32796800,32796800,3166,31156960000,31156960000,3325561,False
951,1.4229832747871187,0.5738199168927864,nan,nan,nan,10,76287,32796800,32796800,4772,31189756800,31189756800,3330333,False
952,1.3506703163309985,0.5953566955052579,nan,nan,nan,10,68658,32796800,32796800,4296,31222553600,31222553600,3334629,False
953,1.4152746945276446,0.5735343012301896,nan,nan,nan,10,81207,32796800,32796800,5080,31255350400,31255350400,3339709,False
954,1.4674965104916664,0.5600746177069782,nan,nan,nan,10,40741,32796800,32796800,2551,31288147200,31288147200,3342260,False
955,1.3530642582132262,0.5962665541711238,nan,nan,nan,10,66373,32796800,32796800,4152,31320944000,31320944000,3346412,False
956,1.462050622465243,0.5627417607922017,nan,nan,nan,10,38778,32796800,32796800,2428,31353740800,31353740800,3348840,False
957,1.3259382376963176,0.6027097966186196,nan,nan,nan,10,68197,32796800,32796800,4267,31386537600,31386537600,3353107,False
958,1.4471260765417535,0.5669474617601419,nan,nan,nan,10,45110,32796800,32796800,2824,31419334400,31419334400,3355931,False
959,1.4290422869525536,0.5714781723068376,nan,nan,nan,10,43202,32796800,32796800,2704,31452131200,31452131200,3358635,False
960,1.4764480793290244,0.5592855733175449,1.5367268381957688,0.5462685448823618,4.649347272290231,10,50670,32796800,32796800,3171,31484928000,31484928000,3361806,False
961,1.439391901492497,0.5692904759252038,nan,nan,nan,10,53853,32796800,32796800,3372,31517724800,31517724800,3365178,False
962,1.4027067855792519,0.57796645812523,nan,nan,nan,10,76084,32796800,32796800,4760,31550521600,31550521600,3369938,False
963,1.4640728522747266,0.5665112080637882,nan,nan,nan,10,33235,32796800,32796800,2083,31583318400,31583318400,3372021,False
964,1.4468236340001193,0.5689574220970173,nan,nan,nan,10,40467,32796800,32796800,2534,31616115200,31616115200,3374555,False
965,1.337487125242534,0.5980597838946289,nan,nan,nan,10,63395,32796800,32796800,3965,31648912000,31648912000,3378520,False
966,1.3385532729873404,0.598762079021099,nan,nan,nan,10,69956,32796800,32796800,4376,31681708800,31681708800,3382896,False
967,1.499990746891204,0.5552622786501837,nan,nan,nan,10,29930,32796800,32796800,1875,31714505600,31714505600,3384771,False
968,1.4688489207014803,0.5617548011286065,nan,nan,nan,10,43948,32796800,32796800,2749,31747302400,31747302400,3387520,False
969,1.35191459309258,0.5933351052385111,nan,nan,nan,10,79011,32796800,32796800,4942,31780099200,31780099200,3392462,False
970,1.4162981845488618,0.5771229146452158,1.537481474319034,0.5452757380488535,4.6528571618696715,10,63898,32796800,32796800,3998,31812896000,31812896000,3396460,False
971,1.415307082739412,0.5728631480616534,nan,nan,nan,10,59948,32796800,32796800,3751,31845692800,31845692800,3400211,False
972,1.3212816678988093,0.6074938378309165,nan,nan,nan,10,62478,32796800,32796800,3909,31878489600,31878489600,3404120,False
973,1.432433626918786,0.5707359481057946,nan,nan,nan,10,59814,32796800,32796800,3744,31911286400,31911286400,3407864,False
974,1.4671262763352624,0.5602858082453885,nan,nan,nan,10,33449,32796800,32796800,2096,31944083200,31944083200,3409960,False
975,1.48533500505056,0.557717702753208,nan,nan,nan,10,40135,32796800,32796800,2514,31976880000,31976880000,3412474,False
976,1.4394583197213187,0.5718724763877673,nan,nan,nan,10,56962,32796800,32796800,3563,32009676800,32009676800,3416037,False
977,1.4143021981832793,0.5772762812945559,nan,nan,nan,10,65227,32796800,32796800,4081,32042473600,32042473600,3420118,False
978,1.4872839335177728,0.5592995074661872,nan,nan,nan,10,51164,32796800,32796800,3203,32075270400,32075270400,3423321,False
979,1.3989651024758993,0.5800883179446006,nan,nan,nan,10,67257,32796800,32796800,4208,32108067200,32108067200,3427529,False
980,1.3967129721885316,0.5812658893661786,1.5339732018793324,0.5464745991308257,4.636562271493313,10,68442,32796800,32796800,4282,32140864000,32140864000,3431811,False
981,1.4230656595580164,0.5750538258702858,nan,nan,nan,10,41337,32796800,32796800,2589,32173660800,32173660800,3434400,False
982,1.318873629043929,0.6070330709725366,nan,nan,nan,10,59206,32796800,32796800,3705,32206457600,32206457600,3438105,False
983,1.392460510200378,0.583888477670861,nan,nan,nan,10,89166,32796800,32796800,5578,32239254400,32239254400,3443683,False
984,1.4475215381272581,0.568232863174917,nan,nan,nan,10,55655,32796800,32796800,3483,32272051200,32272051200,3447166,False
985,1.421897215654012,0.5727638446468363,nan,nan,nan,10,66867,32796800,32796800,4183,32304848000,32304848000,3451349,False
986,1.4138806935015933,0.5742064491749591,nan,nan,nan,10,63512,32796800,32796800,3975,32337644800,32337644800,3455324,False
987,1.451552921331456,0.5681751824817518,nan,nan,nan,10,41100,32796800,32796800,2574,32370441600,32370441600,3457898,False
988,1.4395705682840318,0.5695736563817683,nan,nan,nan,10,29882,32796800,32796800,1873,32403238400,32403238400,3459771,False
989,1.3916204267544816,0.5822181962915689,nan,nan,nan,10,72861,32796800,32796800,4558,32436035200,32436035200,3464329,False
990,1.4798695009524467,0.5574189339784187,1.5330684867806295,0.5451071482092013,4.632369400563028,10,36791,32796800,32796800,2303,32468832000,32468832000,3466632,False
991,1.509691187769388,0.553168421352963,nan,nan,nan,10,35049,32796800,32796800,2195,32501628800,32501628800,3468827,False
992,1.490561556157404,0.5552300402506751,nan,nan,nan,10,39254,32796800,32796800,2458,32534425600,32534425600,3471285,False
993,1.4144829898626234,0.5782416224841715,nan,nan,nan,10,38854,32796800,32796800,2433,32567222400,32567222400,3473718,False
994,1.4549424500635446,0.5632095405221502,nan,nan,nan,10,55846,32796800,32796800,3496,32600019200,32600019200,3477214,False
995,1.4481088295455908,0.5683892949101407,nan,nan,nan,10,38449,32796800,32796800,2409,32632816000,32632816000,3479623,False
996,1.3859464849412793,0.5811160886802444,nan,nan,nan,10,69869,32796800,32796800,4372,32665612800,32665612800,3483995,False
997,1.4306708021153243,0.5720971917944633,nan,nan,nan,10,40168,32796800,32796800,2516,32698409600,32698409600,3486511,False
998,1.429957607504136,0.5715563053563897,nan,nan,nan,10,59275,32796800,32796800,3709,32731206400,32731206400,3490220,False
999,1.3934313269002632,0.5810887843807895,nan,nan,nan,10,56136,32796800,32796800,3513,32764003200,32764003200,3493733,False
1000,1.425151843719917,0.5740597333556583,1.53054571473293,0.5457815075678106,4.620697717213171,10,47779,32796800,32796800,2991,32796800000,32796800000,3496724,True
