round,train_loss,train_accuracy,test_loss,test_accuracy,test_perplexity,num_fit_clients,num_fit_examples,round_upload_bytes,round_download_bytes,round_local_steps,cumulative_upload_bytes,cumulative_download_bytes,cumulative_local_steps,run_completed
1,3.886427159764607,0.18848385017546374,nan,nan,nan,10,69815,32796800,32796800,4369,32796800,32796800,4369,False
2,3.271019199385732,0.18719905386759778,nan,nan,nan,10,35513,32796800,32796800,2225,65593600,65593600,6594,False
3,3.185526705587939,0.19117923837805056,nan,nan,nan,10,47819,32796800,32796800,2992,98390400,98390400,9586,False
4,3.2940610011790334,0.1862268006488445,nan,nan,nan,10,47469,32796800,32796800,2973,131187200,131187200,12559,False
5,3.19583882827885,0.18705950848807992,nan,nan,nan,10,65268,32796800,32796800,4082,163984000,163984000,16641,False
6,3.183785712178616,0.18415525721121892,nan,nan,nan,10,37615,32796800,32796800,2356,196780800,196780800,18997,False
7,3.188226734897058,0.18531316555830835,nan,nan,nan,10,46014,32796800,32796800,2881,229577600,229577600,21878,False
8,3.1112715726215603,0.19140650186338606,nan,nan,nan,10,77547,32796800,32796800,4850,262374400,262374400,26728,False
9,3.1293709378066144,0.1871567191504943,nan,nan,nan,10,65544,32796800,32796800,4100,295171200,295171200,30828,False
10,3.1461127689680417,0.18677332172461955,3.1892082026993407,0.19211748838603326,24.269203543528103,10,55131,32796800,32796800,3450,327968000,327968000,34278,False
11,3.095708942273317,0.19182474983579956,nan,nan,nan,10,51766,32796800,32796800,3239,360764800,360764800,37517,False
12,3.1016378697607787,0.1866326167500471,nan,nan,nan,10,47773,32796800,32796800,2990,393561600,393561600,40507,False
13,3.1004212841393324,0.18679924465950667,nan,nan,nan,10,33892,32796800,32796800,2123,426358400,426358400,42630,False
14,3.0943073204585483,0.18712631980664038,nan,nan,nan,10,47166,32796800,32796800,2952,459155200,459155200,45582,False
15,3.0567112925266495,0.18402717978425265,nan,nan,nan,10,63871,32796800,32796800,3997,491952000,491952000,49579,False
16,3.048847005484946,0.1916930854254134,nan,nan,nan,10,46684,32796800,32796800,2923,524748800,524748800,52502,False
17,3.013050723296358,0.20298894918065297,nan,nan,nan,10,55471,32796800,32796800,3472,557545600,557545600,55974,False
18,3.010502062751869,0.20530864469025575,nan,nan,nan,10,45473,32796800,32796800,2847,590342400,590342400,58821,False
19,2.9924024836991934,0.203847322385148,nan,nan,nan,10,62537,32796800,32796800,3914,623139200,623139200,62735,False
20,2.9444835863310854,0.21674798892259,2.956960264610669,0.22650981567510864,19.239400094091376,10,37915,32796800,32796800,2375,655936000,655936000,65110,False
21,2.922176442146417,0.22271498632309858,nan,nan,nan,10,61783,32796800,32796800,3866,688732800,688732800,68976,False
22,2.893439603336532,0.22665507120339168,nan,nan,nan,10,45995,32796800,32796800,2880,721529600,721529600,71856,False
23,2.875954830498395,0.2319614983439164,nan,nan,nan,10,54647,32796800,32796800,3418,754326400,754326400,75274,False
24,2.838869582076696,0.2381133386911097,nan,nan,nan,10,92078,32796800,32796800,5760,787123200,787123200,81034,False
25,2.843180474999816,0.23755470946162333,nan,nan,nan,10,28103,32796800,32796800,1760,819920000,819920000,82794,False
26,2.8559798815822055,0.23643013129160417,nan,nan,nan,10,38007,32796800,32796800,2380,852716800,852716800,85174,False
27,2.824590751775147,0.23402025847013622,nan,nan,nan,10,40082,32796800,32796800,2510,885513600,885513600,87684,False
28,2.8035016562093307,0.23866290060716588,nan,nan,nan,10,44963,32796800,32796800,2815,918310400,918310400,90499,False
29,2.795355183663917,0.24746517187371198,nan,nan,nan,10,48524,32796800,32796800,3037,951107200,951107200,93536,False
30,2.761854810452515,0.25291689383908406,2.767144632718203,0.26157650232279334,15.913131242852069,10,64195,32796800,32796800,4018,983904000,983904000,97554,False
31,2.697538777431801,0.26894857826620905,nan,nan,nan,10,63514,32796800,32796800,3975,1016700800,1016700800,101529,False
32,2.71483882356595,0.27317065520810463,nan,nan,nan,10,63766,32796800,32796800,3991,1049497600,1049497600,105520,False
33,2.694987602376281,0.2718207918579263,nan,nan,nan,10,58167,32796800,32796800,3641,1082294400,1082294400,109161,False
34,2.633369272137154,0.28001706689422523,nan,nan,nan,10,74999,32796800,32796800,4692,1115091200,1115091200,113853,False
35,2.6364227260980275,0.2826083447663627,nan,nan,nan,10,61955,32796800,32796800,3877,1147888000,1147888000,117730,False
36,2.5984043802852663,0.29289639154817876,nan,nan,nan,10,70612,32796800,32796800,4419,1180684800,1180684800,122149,False
37,2.5592617317057793,0.29820963474908224,nan,nan,nan,10,48761,32796800,32796800,3052,1213481600,1213481600,125201,False
38,2.5265697607304376,0.3044980399973424,nan,nan,nan,10,45153,32796800,32796800,2826,1246278400,1246278400,128027,False
39,2.4985546026314704,0.31074582495409636,nan,nan,nan,10,45748,32796800,32796800,2863,1279075200,1279075200,130890,False
40,2.491593230605302,0.3140702840985593,2.5089633064292887,0.3164056646186123,12.292180228604899,10,74270,32796800,32796800,4648,1311872000,1311872000,135538,False
41,2.4527801891049967,0.320252395734917,nan,nan,nan,10,59272,32796800,32796800,3710,1344668800,1344668800,139248,False
42,2.4258734883571957,0.32381480985282013,nan,nan,nan,10,52249,32796800,32796800,3270,1377465600,1377465600,142518,False
43,2.4199685835471105,0.3203572292557052,nan,nan,nan,10,49604,32796800,32796800,3106,1410262400,1410262400,145624,False
44,2.3869617469574536,0.3258964143426295,nan,nan,nan,10,32630,32796800,32796800,2045,1443059200,1443059200,147669,False
45,2.4040560963763555,0.3267088884035816,nan,nan,nan,10,45790,32796800,32796800,2866,1475856000,1475856000,150535,False
46,2.4057140842549503,0.33135507433357814,nan,nan,nan,10,50381,32796800,32796800,3153,1508652800,1508652800,153688,False
47,2.361462421899064,0.3388985796162472,nan,nan,nan,10,16052,32796800,32796800,1007,1541449600,1541449600,154695,False
48,2.3720112644083087,0.33667726939075115,nan,nan,nan,10,24522,32796800,32796800,1537,1574246400,1574246400,156232,False
49,2.3368185631351994,0.34532289889970236,nan,nan,nan,10,59802,32796800,32796800,3741,1607043200,1607043200,159973,False
50,2.3123699278538807,0.349478225598289,2.3355003976757587,0.35385134122583545,10.334630060562965,10,54238,32796800,32796800,3395,1639840000,1639840000,163368,False
51,2.285966778349186,0.3543954395439544,nan,nan,nan,10,33330,32796800,32796800,2087,1672636800,1672636800,165455,False
52,2.2940943410655517,0.3574705799943962,nan,nan,nan,10,57104,32796800,32796800,3574,1705433600,1705433600,169029,False
53,2.2686472676990173,0.3583143583143583,nan,nan,nan,10,60606,32796800,32796800,3794,1738230400,1738230400,172823,False
54,2.2642778262011425,0.36320044093330883,nan,nan,nan,10,54430,32796800,32796800,3408,1771027200,1771027200,176231,False
55,2.247661772797409,0.3705368705368705,nan,nan,nan,10,54054,32796800,32796800,3383,1803824000,1803824000,179614,False
56,2.2339223379970634,0.37419959812458137,nan,nan,nan,10,74650,32796800,32796800,4670,1836620800,1836620800,184284,False
57,2.229440084260035,0.37762262609035513,nan,nan,nan,10,56289,32796800,32796800,3523,1869417600,1869417600,187807,False
58,2.2162455444351763,0.37988696463756094,nan,nan,nan,10,38572,32796800,32796800,2417,1902214400,1902214400,190224,False
59,2.214529580549059,0.38169524885640865,nan,nan,nan,10,54871,32796800,32796800,3435,1935011200,1935011200,193659,False
60,2.1829757254677644,0.38711920990402005,2.2073047753129247,0.38505919376592235,9.091180568809833,10,21567,32796800,32796800,1352,1967808000,1967808000,195011,False
61,2.1649502720897735,0.3931012745503615,nan,nan,nan,10,50763,32796800,32796800,3178,2000604800,2000604800,198189,False
62,2.1675335634523374,0.39215929686918094,nan,nan,nan,10,40277,32796800,32796800,2522,2033401600,2033401600,200711,False
63,2.1790018460058587,0.39357820066844007,nan,nan,nan,10,58644,32796800,32796800,3672,2066198400,2066198400,204383,False
64,2.149591656536736,0.3997556037426172,nan,nan,nan,10,83471,32796800,32796800,5222,2098995200,2098995200,209605,False
65,2.1120018328092187,0.4055792983609637,nan,nan,nan,10,42586,32796800,32796800,2667,2131792000,2131792000,212272,False
66,2.073653884435718,0.4178436605050768,nan,nan,nan,10,61456,32796800,32796800,3845,2164588800,2164588800,216117,False
67,2.1215388146501306,0.4057731686372944,nan,nan,nan,10,45417,32796800,32796800,2843,2197385600,2197385600,218960,False
68,2.1234173627591044,0.4056570227897204,nan,nan,nan,10,30935,32796800,32796800,1938,2230182400,2230182400,220898,False
69,2.078943758537011,0.4140941819084664,nan,nan,nan,10,48332,32796800,32796800,3024,2262979200,2262979200,223922,False
70,2.0656224958083125,0.4146932146120046,2.075840666325182,0.41467480893151504,7.97124480017866,10,68957,32796800,32796800,4315,2295776000,2295776000,228237,False
71,2.046153874756492,0.4213603103924173,nan,nan,nan,10,76806,32796800,32796800,4804,2328572800,2328572800,233041,False
72,2.0630744662248746,0.4171378338960702,nan,nan,nan,10,50053,32796800,32796800,3133,2361369600,2361369600,236174,False
73,2.0451667110979073,0.41962960672767746,nan,nan,nan,10,64688,32796800,32796800,4048,2394166400,2394166400,240222,False
74,2.0199366575646067,0.422935379241517,nan,nan,nan,10,64128,32796800,32796800,4012,2426963200,2426963200,244234,False
75,2.004957541138573,0.4294209047989004,nan,nan,nan,10,66932,32796800,32796800,4188,2459760000,2459760000,248422,False
76,2.0029117568754633,0.42977563898272675,nan,nan,nan,10,62756,32796800,32796800,3928,2492556800,2492556800,252350,False
77,1.9921577071218035,0.4321000016689197,nan,nan,nan,10,59919,32796800,32796800,3752,2525353600,2525353600,256102,False
78,1.990845734806866,0.4354793950326072,nan,nan,nan,10,57656,32796800,32796800,3608,2558150400,2558150400,259710,False
79,1.9880140395581594,0.4345572354211663,nan,nan,nan,10,55560,32796800,32796800,3478,2590947200,2590947200,263188,False
80,1.9724439992889737,0.43702002545236457,1.9581745361506484,0.44342874269444027,7.086379321658809,10,68363,32796800,32796800,4278,2623744000,2623744000,267466,False
81,1.957503059635836,0.44204605115127876,nan,nan,nan,10,66665,32796800,32796800,4171,2656540800,2656540800,271637,False
82,1.9176250643589805,0.44845837615621786,nan,nan,nan,10,19460,32796800,32796800,1222,2689337600,2689337600,272859,False
83,1.9449482929100272,0.44506430599632535,nan,nan,nan,10,59870,32796800,32796800,3748,2722134400,2722134400,276607,False
84,1.9370637561236423,0.4452188139059305,nan,nan,nan,10,61125,32796800,32796800,3824,2754931200,2754931200,280431,False
85,1.8785197738013035,0.46187173193896064,nan,nan,nan,10,46855,32796800,32796800,2932,2787728000,2787728000,283363,False
86,1.9401869351286136,0.4462711226709853,nan,nan,nan,10,61131,32796800,32796800,3825,2820524800,2820524800,287188,False
87,1.9337766250420052,0.4457057547674713,nan,nan,nan,10,35501,32796800,32796800,2223,2853321600,2853321600,289411,False
88,1.8958217146316512,0.4552760091487915,nan,nan,nan,10,48531,32796800,32796800,3038,2886118400,2886118400,292449,False
89,1.8988969942581724,0.4523276170397003,nan,nan,nan,10,53123,32796800,32796800,3326,2918915200,2918915200,295775,False
90,1.8800247973453477,0.45511062934387553,1.8857439735492059,0.4544432788850592,6.591256338720268,10,62732,32796800,32796800,3927,2951712000,2951712000,299702,False
91,1.8600750017624246,0.46775633395681004,nan,nan,nan,10,47048,32796800,32796800,2945,2984508800,2984508800,302647,False
92,1.8800793746156799,0.4583160965838577,nan,nan,nan,10,45929,32796800,32796800,2877,3017305600,3017305600,305524,False
93,1.8636126817576584,0.46283438173388763,nan,nan,nan,10,45943,32796800,32796800,2876,3050102400,3050102400,308400,False
94,1.873617999964613,0.46214815132170856,nan,nan,nan,10,46682,32796800,32796800,2922,3082899200,3082899200,311322,False
95,1.8537944359596854,0.4656311180912631,nan,nan,nan,10,46481,32796800,32796800,2910,3115696000,3115696000,314232,False
96,1.8325195065641233,0.46942524441123357,nan,nan,nan,10,32118,32796800,32796800,2012,3148492800,3148492800,316244,False
97,1.8300332055226678,0.4707853313562222,nan,nan,nan,10,70136,32796800,32796800,4389,3181289600,3181289600,320633,False
98,1.8347085007673194,0.4672621442557871,nan,nan,nan,10,74562,32796800,32796800,4665,3214086400,3214086400,325298,False
99,1.825235916000405,0.4676205677801847,nan,nan,nan,10,52626,32796800,32796800,3294,3246883200,3246883200,328592,False
100,1.8126280957979501,0.4726060713259192,1.8213545809473821,0.4690731305260003,6.180224396646535,10,90458,32796800,32796800,5659,3279680000,3279680000,334251,False
101,1.8188254685661076,0.4716106093063316,nan,nan,nan,10,45281,32796800,32796800,2835,3312476800,3312476800,337086,False
102,1.7623097987688296,0.4861614730878187,nan,nan,nan,10,70600,32796800,32796800,4417,3345273600,3345273600,341503,False
103,1.8113580474782243,0.4745364530776993,nan,nan,nan,10,63424,32796800,32796800,3968,3378070400,3378070400,345471,False
104,1.7783622289671521,0.4810465486162655,nan,nan,nan,10,37724,32796800,32796800,2364,3410867200,3410867200,347835,False
105,1.789475968084235,0.4798441734417344,nan,nan,nan,10,35424,32796800,32796800,2220,3443664000,3443664000,350055,False
106,1.7728780222232305,0.4823271456361898,nan,nan,nan,10,60658,32796800,32796800,3796,3476460800,3476460800,353851,False
107,1.7880480761186808,0.4812124861233936,nan,nan,nan,10,53147,32796800,32796800,3326,3509257600,3509257600,357177,False
108,1.773992282924929,0.4854474764725119,nan,nan,nan,10,55042,32796800,32796800,3445,3542054400,3542054400,360622,False
109,1.7508968536075762,0.48792978614441873,nan,nan,nan,10,56627,32796800,32796800,3544,3574851200,3574851200,364166,False
110,1.742052840258362,0.4895948653988985,1.7614014893301277,0.4865315450322194,5.8205891743749145,10,71359,32796800,32796800,4465,3607648000,3607648000,368631,False
111,1.7507875427901147,0.48927875243664715,nan,nan,nan,10,36423,32796800,32796800,2280,3640444800,3640444800,370911,False
112,1.7287083481524905,0.4937351538559176,nan,nan,nan,10,55149,32796800,32796800,3451,3673241600,3673241600,374362,False
113,1.75709753256773,0.48809684186216584,nan,nan,nan,10,51961,32796800,32796800,3253,3706038400,3706038400,377615,False
114,1.7250677330250934,0.49404020267464077,nan,nan,nan,10,48156,32796800,32796800,3014,3738835200,3738835200,380629,False
115,1.7357230311652485,0.49134510199266423,nan,nan,nan,10,46621,32796800,32796800,2919,3771632000,3771632000,383548,False
116,1.7567148728270763,0.48636480576279906,nan,nan,nan,10,54418,32796800,32796800,3407,3804428800,3804428800,386955,False
117,1.731408488918203,0.4916167779938016,nan,nan,nan,10,51949,32796800,32796800,3252,3837225600,3837225600,390207,False
118,1.718481488919702,0.497292558403383,nan,nan,nan,10,38782,32796800,32796800,2427,3870022400,3870022400,392634,False
119,1.7317216087636484,0.49228033303694124,nan,nan,nan,10,49484,32796800,32796800,3098,3902819200,3902819200,395732,False
120,1.7283481767893212,0.49202938063315904,1.721991473849917,0.496665667615765,5.59566098806251,10,62354,32796800,32796800,3903,3935616000,3935616000,399635,False
121,1.7170805162356868,0.4973340687626402,nan,nan,nan,10,54390,32796800,32796800,3405,3968412800,3968412800,403040,False
122,1.6692615887765725,0.5104685749604049,nan,nan,nan,10,51774,32796800,32796800,3238,4001209600,4001209600,406278,False
123,1.7026385745596577,0.497734221873775,nan,nan,nan,10,63775,32796800,32796800,3992,4034006400,4034006400,410270,False
124,1.6918598134459841,0.5026966490819604,nan,nan,nan,10,33931,32796800,32796800,2125,4066803200,4066803200,412395,False
125,1.6860712404371196,0.5021268656716418,nan,nan,nan,10,53600,32796800,32796800,3355,4099600000,4099600000,415750,False
126,1.6731607082292799,0.5069083018292166,nan,nan,nan,10,58987,32796800,32796800,3690,4132396800,4132396800,419440,False
127,1.6841289422158496,0.5029645261782736,nan,nan,nan,10,59706,32796800,32796800,3736,4165193600,4165193600,423176,False
128,1.6726877668785123,0.5061167523534187,nan,nan,nan,10,70217,32796800,32796800,4393,4197990400,4197990400,427569,False
129,1.6919348781892205,0.50354460588194,nan,nan,nan,10,56988,32796800,32796800,3567,4230787200,4230787200,431136,False
130,1.678483479365654,0.5078298564074777,1.7017145737811363,0.4991195863929267,5.483340929059555,10,36910,32796800,32796800,2312,4263584000,4263584000,433448,False
131,1.6613835439563267,0.5087840335099174,nan,nan,nan,10,40585,32796800,32796800,2542,4296380800,4296380800,435990,False
132,1.6476371722056193,0.5096474536042396,nan,nan,nan,10,48873,32796800,32796800,3060,4329177600,4329177600,439050,False
133,1.647549499250154,0.5124698987925838,nan,nan,nan,10,59383,32796800,32796800,3715,4361974400,4361974400,442765,False
134,1.6631033986891137,0.5083883292810003,nan,nan,nan,10,57580,32796800,32796800,3603,4394771200,4394771200,446368,False
135,1.639255158109534,0.5139162831470524,nan,nan,nan,10,54756,32796800,32796800,3427,4427568000,4427568000,449795,False
136,1.6807304714312254,0.5078106224465273,nan,nan,nan,10,49932,32796800,32796800,3125,4460364800,4460364800,452920,False
137,1.6317915451121994,0.5183464143031196,nan,nan,nan,10,35293,32796800,32796800,2211,4493161600,4493161600,455131,False
138,1.6272686220785535,0.5190147516578698,nan,nan,nan,10,81279,32796800,32796800,5084,4525958400,4525958400,460215,False
139,1.6317540168595037,0.5158748888122424,nan,nan,nan,10,55087,32796800,32796800,3448,4558755200,4558755200,463663,False
140,1.6339388260822016,0.5185763621565738,1.675663091710138,0.5053761426644687,5.342336433847184,10,45461,32796800,32796800,2847,4591552000,4591552000,466510,False
141,1.671589422916843,0.5128973958761193,nan,nan,nan,10,48692,32796800,32796800,3048,4624348800,4624348800,469558,False
142,1.588576522745367,0.5270417870481291,nan,nan,nan,10,56764,32796800,32796800,3553,4657145600,4657145600,473111,False
143,1.6507542539625695,0.51240688544393,nan,nan,nan,10,39736,32796800,32796800,2487,4689942400,4689942400,475598,False
144,1.5924494936530105,0.5278306851786878,nan,nan,nan,10,79804,32796800,32796800,4992,4722739200,4722739200,480590,False
145,1.6032599796874596,0.5252875307767547,nan,nan,nan,10,118596,32796800,32796800,7418,4755536000,4755536000,488008,False
146,1.61643906839671,0.5195066976965788,nan,nan,nan,10,54571,32796800,32796800,3414,4788332800,4788332800,491422,False
147,1.6320268588724252,0.513129409878127,nan,nan,nan,10,49888,32796800,32796800,3122,4821129600,4821129600,494544,False
148,1.6010461507486158,0.5237461494751323,nan,nan,nan,10,66874,32796800,32796800,4183,4853926400,4853926400,498727,False
149,1.642485608895322,0.5165364747385662,nan,nan,nan,10,31748,32796800,32796800,1990,4886723200,4886723200,500717,False
150,1.5833100140705805,0.5307331198174878,1.6355968798259093,0.5158287127229132,5.132520580929785,10,68379,32796800,32796800,4277,4919520000,4919520000,504994,False
151,1.6009011759746872,0.5249315185755864,nan,nan,nan,10,46728,32796800,32796800,2924,4952316800,4952316800,507918,False
152,1.5900815847265148,0.5277220774012432,nan,nan,nan,10,59844,32796800,32796800,3746,4985113600,4985113600,511664,False
153,1.5786853357321624,0.5288036557045471,nan,nan,nan,10,40047,32796800,32796800,2508,5017910400,5017910400,514172,False
154,1.5861939449514202,0.5281239734894595,nan,nan,nan,10,51753,32796800,32796800,3238,5050707200,5050707200,517410,False
155,1.570345072939386,0.5325895627287348,nan,nan,nan,10,78967,32796800,32796800,4941,5083504000,5083504000,522351,False
156,1.5897018225426842,0.5279936558287074,nan,nan,nan,10,75660,32796800,32796800,4735,5116300800,5116300800,527086,False
157,1.590454798738826,0.5269042627533194,nan,nan,nan,10,52947,32796800,32796800,3314,5149097600,5149097600,530400,False
158,1.6114112210209646,0.523632116317941,nan,nan,nan,10,49657,32796800,32796800,3108,5181894400,5181894400,533508,False
159,1.5704620576655752,0.53390712191431,nan,nan,nan,10,42292,32796800,32796800,2648,5214691200,5214691200,536156,False
160,1.5557523179271593,0.5396918914200926,1.617099260401372,0.5173460212797842,5.038453855930589,10,45828,32796800,32796800,2869,5247488000,5247488000,539025,False
161,1.5957428787701515,0.5286724648762305,nan,nan,nan,10,41852,32796800,32796800,2621,5280284800,5280284800,541646,False
162,1.5775514104420703,0.5285496441884107,nan,nan,nan,10,35412,32796800,32796800,2218,5313081600,5313081600,543864,False
163,1.548039539184058,0.5380729684368329,nan,nan,nan,10,61369,32796800,32796800,3841,5345878400,5345878400,547705,False
164,1.5581038717528075,0.5374841008979058,nan,nan,nan,10,79407,32796800,32796800,4968,5378675200,5378675200,552673,False
165,1.5378549535756547,0.5421207080241491,nan,nan,nan,10,53501,32796800,32796800,3348,5411472000,5411472000,556021,False
166,1.5693761208142667,0.5342737586816789,nan,nan,nan,10,46362,32796800,32796800,2901,5444268800,5444268800,558922,False
167,1.5312704822790333,0.5426294016749067,nan,nan,nan,10,39644,32796800,32796800,2483,5477065600,5477065600,561405,False
168,1.5034093295106659,0.5494550520363845,nan,nan,nan,10,73218,32796800,32796800,4581,5509862400,5509862400,565986,False
169,1.5758862594543601,0.5341919100308362,nan,nan,nan,10,27565,32796800,32796800,1726,5542659200,5542659200,567712,False
170,1.5578906737501306,0.534925674700534,1.60197375613175,0.5236962385733553,4.962818156661186,10,55432,32796800,32796800,3469,5575456000,5575456000,571181,False
171,1.521621354635749,0.547209902011346,nan,nan,nan,10,48475,32796800,32796800,3033,5608252800,5608252800,574214,False
172,1.5222014502820191,0.5441119003287129,nan,nan,nan,10,87006,32796800,32796800,5443,5641049600,5641049600,579657,False
173,1.5620049650240373,0.534883034026465,nan,nan,nan,10,33856,32796800,32796800,2120,5673846400,5673846400,581777,False
174,1.5703572159444168,0.5346550382055315,nan,nan,nan,10,62949,32796800,32796800,3938,5706643200,5706643200,585715,False
175,1.5480664849670653,0.536905154930906,nan,nan,nan,10,42406,32796800,32796800,2655,5739440000,5739440000,588370,False
176,1.5541172443501399,0.5356789998991834,nan,nan,nan,10,49595,32796800,32796800,3104,5772236800,5772236800,591474,False
177,1.5314645616369746,0.5446752596671255,nan,nan,nan,10,47946,32796800,32796800,3001,5805033600,5805033600,594475,False
178,1.5372480309791998,0.5424766758456291,nan,nan,nan,10,24331,32796800,32796800,1525,5837830400,5837830400,596000,False
179,1.533146994724714,0.542070832393413,nan,nan,nan,10,66495,32796800,32796800,4160,5870627200,5870627200,600160,False
180,1.567593044800021,0.5335579045185271,1.5808640486579884,0.5290911134422299,4.859152542119469,10,43045,32796800,32796800,2695,5903424000,5903424000,602855,False
181,1.498972971808706,0.5499953169113023,nan,nan,nan,10,74737,32796800,32796800,4676,5936220800,5936220800,607531,False
182,1.510435449705125,0.5497183533599047,nan,nan,nan,10,67993,32796800,32796800,4255,5969017600,5969017600,611786,False
183,1.4579050107048779,0.5616130081300813,nan,nan,nan,10,76875,32796800,32796800,4810,6001814400,6001814400,616596,False
184,1.5643731594018606,0.533424448285565,nan,nan,nan,10,24877,32796800,32796800,1559,6034611200,6034611200,618155,False
185,1.5219204648467282,0.5445322151922429,nan,nan,nan,10,80133,32796800,32796800,5013,6067408000,6067408000,623168,False
186,1.5233051690461246,0.5431169120928158,nan,nan,nan,10,71712,32796800,32796800,4487,6100204800,6100204800,627655,False
187,1.5221316285961115,0.544641649509325,nan,nan,nan,10,66541,32796800,32796800,4162,6133001600,6133001600,631817,False
188,1.51527582463007,0.5440322659337442,nan,nan,nan,10,61489,32796800,32796800,3849,6165798400,6165798400,635666,False
189,1.5127793188370995,0.5473108923813149,nan,nan,nan,10,36778,32796800,32796800,2304,6198595200,6198595200,637970,False
190,1.5452624664859218,0.5429409428370657,1.5835067588100722,0.5286228083320845,4.872010856788961,10,32731,32796800,32796800,2051,6231392000,6231392000,640021,False
191,1.4865281228492364,0.5525178044241721,nan,nan,nan,10,71471,32796800,32796800,4472,6264188800,6264188800,644493,False
192,1.4878738988770548,0.5524201952830643,nan,nan,nan,10,62371,32796800,32796800,3903,6296985600,6296985600,648396,False
193,1.497350613685669,0.5542263745975633,nan,nan,nan,10,31682,32796800,32796800,1985,6329782400,6329782400,650381,False
194,1.5188859382445303,0.5467506992625958,nan,nan,nan,10,55058,32796800,32796800,3446,6362579200,6362579200,653827,False
195,1.5208204924763948,0.5461618402943572,nan,nan,nan,10,35603,32796800,32796800,2230,6395376000,6395376000,656057,False
196,1.4739427629805884,0.5562581063553826,nan,nan,nan,10,43176,32796800,32796800,2704,6428172800,6428172800,658761,False
197,1.4981267209155065,0.5538376907264252,nan,nan,nan,10,34539,32796800,32796800,2163,6460969600,6460969600,660924,False
198,1.508169154766333,0.5525615983809098,nan,nan,nan,10,42493,32796800,32796800,2660,6493766400,6493766400,663584,False
199,1.502862117567694,0.5495013783788785,nan,nan,nan,10,54049,32796800,32796800,3381,6526563200,6526563200,666965,False
200,1.489006805807814,0.5556655437229575,1.5508806364621677,0.5379889105349918,4.71562110248139,10,62633,32796800,32796800,3918,6559360000,6559360000,670883,False
201,1.5220042660947466,0.5477008182551573,nan,nan,nan,10,43385,32796800,32796800,2717,6592156800,6592156800,673600,False
202,1.463419627570189,0.5587225274725275,nan,nan,nan,10,58240,32796800,32796800,3645,6624953600,6624953600,677245,False
203,1.4833480063842686,0.5543194374686088,nan,nan,nan,10,39820,32796800,32796800,2493,6657750400,6657750400,679738,False
204,1.4435347237598726,0.5630691993326497,nan,nan,nan,10,65333,32796800,32796800,4089,6690547200,6690547200,683827,False
205,1.4808232832618948,0.5519265322419644,nan,nan,nan,10,25045,32796800,32796800,1571,6723344000,6723344000,685398,False
206,1.4915274335680175,0.5495931609846534,nan,nan,nan,10,48545,32796800,32796800,3038,6756140800,6756140800,688436,False
207,1.4834558915382074,0.5558221140074477,nan,nan,nan,10,27928,32796800,32796800,1750,6788937600,6788937600,690186,False
208,1.4587773713147167,0.5604862722549644,nan,nan,nan,10,48697,32796800,32796800,3048,6821734400,6821734400,693234,False
209,1.465358248475748,0.5587948392321426,nan,nan,nan,10,54333,32796800,32796800,3401,6854531200,6854531200,696635,False
210,1.4594319908891897,0.5607707219644011,1.5494420340478143,0.5388880563464709,4.708842075909324,10,85115,32796800,32796800,5326,6887328000,6887328000,701961,False
211,1.4874316587308407,0.5556797254969859,nan,nan,nan,10,63533,32796800,32796800,3975,6920124800,6920124800,705936,False
212,1.4866598452634556,0.5527755916320443,nan,nan,nan,10,54637,32796800,32796800,3419,6952921600,6952921600,709355,False
213,1.4279884625071109,0.5678235557545902,nan,nan,nan,10,89320,32796800,32796800,5587,6985718400,6985718400,714942,False
214,1.420383678767565,0.5742017965885005,nan,nan,nan,10,59446,32796800,32796800,3721,7018515200,7018515200,718663,False
215,1.5877841259681227,0.5291646947468055,nan,nan,nan,10,33808,32796800,32796800,2118,7051312000,7051312000,720781,False
216,1.469136724680573,0.5559456428876548,nan,nan,nan,10,74912,32796800,32796800,4686,7084108800,7084108800,725467,False
217,1.4826588109400858,0.5528707515462482,nan,nan,nan,10,50283,32796800,32796800,3148,7116905600,7116905600,728615,False
218,1.4364938202810937,0.5652398676592225,nan,nan,nan,10,48360,32796800,32796800,3027,7149702400,7149702400,731642,False
219,1.416170323049487,0.5734123624047417,nan,nan,nan,10,59050,32796800,32796800,3696,7182499200,7182499200,735338,False
220,1.4764303505844516,0.5566536061529531,1.547181630177457,0.538775663120036,4.698210211736393,10,68910,32796800,32796800,4310,7215296000,7215296000,739648,False
221,1.4616247299977623,0.5594264410668196,nan,nan,nan,10,87175,32796800,32796800,5453,7248092800,7248092800,745101,False
222,1.431422449427975,0.5660398394529508,nan,nan,nan,10,53816,32796800,32796800,3368,7280889600,7280889600,748469,False
223,1.480210720447574,0.556778453968665,nan,nan,nan,10,84953,32796800,32796800,5315,7313686400,7313686400,753784,False
224,1.525899059448557,0.5475486698603608,nan,nan,nan,10,19622,32796800,32796800,1231,7346483200,7346483200,755015,False
225,1.4999090565616342,0.5474105680370468,nan,nan,nan,10,49451,32796800,32796800,3096,7379280000,7379280000,758111,False
226,1.503264069394359,0.5511143062544932,nan,nan,nan,10,34775,32796800,32796800,2179,7412076800,7412076800,760290,False
227,1.469916750614148,0.559171322160149,nan,nan,nan,10,42960,32796800,32796800,2690,7444873600,7444873600,762980,False
228,1.4359993483706261,0.5641497187364777,nan,nan,nan,10,83196,32796800,32796800,5206,7477670400,7477670400,768186,False
229,1.5230735597112757,0.5447744822744822,nan,nan,nan,10,45584,32796800,32796800,2853,7510467200,7510467200,771039,False
230,1.441172424010085,0.5669096389247709,1.5239222391280889,0.5430278735201558,4.590193771195367,10,65028,32796800,32796800,4068,7543264000,7543264000,775107,False
231,1.4559941886426742,0.5598937638546154,nan,nan,nan,10,47818,32796800,32796800,2993,7576060800,7576060800,778100,False
232,1.412877063865374,0.5725201698945273,nan,nan,nan,10,49207,32796800,32796800,3079,7608857600,7608857600,781179,False
233,1.4335240914915577,0.566990291262136,nan,nan,nan,10,52530,32796800,32796800,3286,7641654400,7641654400,784465,False
234,1.447845175994372,0.564918327154773,nan,nan,nan,10,69056,32796800,32796800,4320,7674451200,7674451200,788785,False
235,1.382652699319914,0.5794656284119234,nan,nan,nan,10,48543,32796800,32796800,3038,7707248000,7707248000,791823,False
236,1.459843917615589,0.5631682046682873,nan,nan,nan,10,42371,32796800,32796800,2653,7740044800,7740044800,794476,False
237,1.4829562274613455,0.5557393602165553,nan,nan,nan,10,46547,32796800,32796800,2913,7772841600,7772841600,797389,False
238,1.4484565435450887,0.5646470563621909,nan,nan,nan,10,47798,32796800,32796800,2992,7805638400,7805638400,800381,False
239,1.4311026624370518,0.5682070342838123,nan,nan,nan,10,72104,32796800,32796800,4511,7838435200,7838435200,804892,False
240,1.4206740317397861,0.5689108323047357,1.5138676797327173,0.5454443278885059,4.544272640517116,10,64003,32796800,32796800,4004,7871232000,7871232000,808896,False
241,1.4621237595868368,0.5618872549019608,nan,nan,nan,10,31008,32796800,32796800,1943,7904028800,7904028800,810839,False
242,1.449135017047,0.5646498836471335,nan,nan,nan,10,47270,32796800,32796800,2959,7936825600,7936825600,813798,False
243,1.4027938478191444,0.573094497238808,nan,nan,nan,10,71346,32796800,32796800,4464,7969622400,7969622400,818262,False
244,1.3956994713069422,0.5764441831881579,nan,nan,nan,10,56139,32796800,32796800,3513,8002419200,8002419200,821775,False
245,1.394911346772477,0.5760249385981485,nan,nan,nan,10,52930,32796800,32796800,3313,8035216000,8035216000,825088,False
246,1.4070485871001446,0.5727073129538929,nan,nan,nan,10,59210,32796800,32796800,3706,8068012800,8068012800,828794,False
247,1.4115066576315523,0.5728477381576943,nan,nan,nan,10,59089,32796800,32796800,3698,8100809600,8100809600,832492,False
248,1.463693644796581,0.5622969238711245,nan,nan,nan,10,65862,32796800,32796800,4122,8133606400,8133606400,836614,False
249,1.4427399176541944,0.5596194682748662,nan,nan,nan,10,58865,32796800,32796800,3685,8166403200,8166403200,840299,False
250,1.4117726564394744,0.5735434070001058,1.5285844479510402,0.5430278735201558,4.611644177376805,10,47285,32796800,32796800,2960,8199200000,8199200000,843259,False
251,1.3920061887694204,0.5794114471490097,nan,nan,nan,10,83357,32796800,32796800,5216,8231996800,8231996800,848475,False
252,1.3811152336251347,0.5807495017479661,nan,nan,nan,10,61214,32796800,32796800,3831,8264793600,8264793600,852306,False
253,1.3939299648180181,0.5793987518326781,nan,nan,nan,10,77073,32796800,32796800,4822,8297590400,8297590400,857128,False
254,1.4742584282981008,0.5555767215925326,nan,nan,nan,10,41996,32796800,32796800,2629,8330387200,8330387200,859757,False
255,1.436483680973534,0.5641806529341878,nan,nan,nan,10,59761,32796800,32796800,3740,8363184000,8363184000,863497,False
256,1.429279780628515,0.566376680601062,nan,nan,nan,10,53106,32796800,32796800,3324,8395980800,8395980800,866821,False
257,1.4557235888048525,0.5631317724709612,nan,nan,nan,10,38483,32796800,32796800,2409,8428777600,8428777600,869230,False
258,1.4782310217415513,0.5574416664269068,nan,nan,nan,10,34757,32796800,32796800,2176,8461574400,8461574400,871406,False
259,1.422547994931321,0.5712827095306164,nan,nan,nan,10,68558,32796800,32796800,4291,8494371200,8494371200,875697,False
260,1.4830680745293539,0.5536353837059703,1.518211929297565,0.5451071482092013,4.564057038023276,10,28759,32796800,32796800,1802,8527168000,8527168000,877499,False
261,1.4253327229491748,0.5659596832985776,nan,nan,nan,10,58983,32796800,32796800,3692,8559964800,8559964800,881191,False
262,1.4368057612533005,0.5629671828335664,nan,nan,nan,10,57927,32796800,32796800,3626,8592761600,8592761600,884817,False
263,1.367314997684086,0.5839414505457099,nan,nan,nan,10,47003,32796800,32796800,2943,8625558400,8625558400,887760,False
264,1.419834319504056,0.5739201100206288,nan,nan,nan,10,47991,32796800,32796800,3003,8658355200,8658355200,890763,False
265,1.4303845969006572,0.5686364926220204,nan,nan,nan,10,56384,32796800,32796800,3529,8691152000,8691152000,894292,False
266,1.4479763545734647,0.5629086986809285,nan,nan,nan,10,44501,32796800,32796800,2786,8723948800,8723948800,897078,False
267,1.45060989217094,0.5663208052069126,nan,nan,nan,10,57923,32796800,32796800,3627,8756745600,8756745600,900705,False
268,1.4253616939088385,0.569294419761138,nan,nan,nan,10,49066,32796800,32796800,3071,8789542400,8789542400,903776,False
269,1.4521266196582683,0.5670341977716415,nan,nan,nan,10,51787,32796800,32796800,3241,8822339200,8822339200,907017,False
270,1.4282225703462448,0.5683913678273566,1.5092902672481951,0.5492469653828863,4.523519165044977,10,49999,32796800,32796800,3131,8855136000,8855136000,910148,False
271,1.37706029179563,0.582772369929133,nan,nan,nan,10,61947,32796800,32796800,3876,8887932800,8887932800,914024,False
272,1.390345978840105,0.5817032544631418,nan,nan,nan,10,46828,32796800,32796800,2931,8920729600,8920729600,916955,False
273,1.5170737403031709,0.54741948447098,nan,nan,nan,10,34838,32796800,32796800,2182,8953526400,8953526400,919137,False
274,1.4657375696802741,0.5576114157925564,nan,nan,nan,10,37562,32796800,32796800,2353,8986323200,8986323200,921490,False
275,1.4175316714122361,0.5740079950634508,nan,nan,nan,10,37273,32796800,32796800,2335,9019120000,9019120000,923825,False
276,1.366951383066451,0.5809960873221925,nan,nan,nan,10,54694,32796800,32796800,3423,9051916800,9051916800,927248,False
277,1.3518512771949585,0.5900522265830217,nan,nan,nan,10,64718,32796800,32796800,4048,9084713600,9084713600,931296,False
278,1.4060757569109674,0.5736322869955157,nan,nan,nan,10,50175,32796800,32796800,3142,9117510400,9117510400,934438,False
279,1.4306181061878793,0.5695609205139065,nan,nan,nan,10,35415,32796800,32796800,2218,9150307200,9150307200,936656,False
280,1.3543279483705761,0.5908271064158722,1.4966627830296428,0.5484976772066537,4.466757630102181,10,69858,32796800,32796800,4372,9183104000,9183104000,941028,False
281,1.3880731155598747,0.580112552904516,nan,nan,nan,10,64503,32796800,32796800,4037,9215900800,9215900800,945065,False
282,1.3964754819063185,0.5769476044516674,nan,nan,nan,10,48611,32796800,32796800,3044,9248697600,9248697600,948109,False
283,1.3218604163787488,0.5960255855773827,nan,nan,nan,10,87862,32796800,32796800,5495,9281494400,9281494400,953604,False
284,1.4131137777970482,0.5696189169217777,nan,nan,nan,10,47365,32796800,32796800,2966,9314291200,9314291200,956570,False
285,1.4458033178298606,0.5654301499605368,nan,nan,nan,10,44345,32796800,32796800,2776,9347088000,9347088000,959346,False
286,1.3932556035893788,0.5774441859907437,nan,nan,nan,10,41701,32796800,32796800,2611,9379884800,9379884800,961957,False
287,1.3671510387769723,0.58046231385371,nan,nan,nan,10,70039,32796800,32796800,4382,9412681600,9412681600,966339,False
288,1.354142237253675,0.584344807341323,nan,nan,nan,10,78351,32796800,32796800,4901,9445478400,9445478400,971240,False
289,1.330917258526233,0.5919211313370011,nan,nan,nan,10,81249,32796800,32796800,5082,9478275200,9478275200,976322,False
290,1.3748868426763807,0.5803192174024971,1.5110916786602586,0.54967780608422,4.531675228098516,10,46614,32796800,32796800,2919,9511072000,9511072000,979241,False
291,1.4077638982601597,0.5714806554001888,nan,nan,nan,10,46628,32796800,32796800,2918,9543868800,9543868800,982159,False
292,1.3575671647466634,0.5848354839235902,nan,nan,nan,10,61301,32796800,32796800,3836,9576665600,9576665600,985995,False
293,1.3343025407375928,0.5916851138672408,nan,nan,nan,10,65954,32796800,32796800,4127,9609462400,9609462400,990122,False
294,1.3777929688093074,0.5838024623552566,nan,nan,nan,10,43698,32796800,32796800,2735,9642259200,9642259200,992857,False
295,1.4449244747045675,0.5649477186311787,nan,nan,nan,10,42080,32796800,32796800,2635,9675056000,9675056000,995492,False
296,1.3299097226502077,0.5942757547822078,nan,nan,nan,10,69424,32796800,32796800,4344,9707852800,9707852800,999836,False
297,1.4494382046441798,0.563681740498603,nan,nan,nan,10,36863,32796800,32796800,2309,9740649600,9740649600,1002145,False
298,1.4134314493420534,0.573830649578267,nan,nan,nan,10,36516,32796800,32796800,2286,9773446400,9773446400,1004431,False
299,1.410870154051563,0.5742353981826467,nan,nan,nan,10,37307,32796800,32796800,2337,9806243200,9806243200,1006768,False
300,1.4170968778128044,0.5710940113750418,1.5069523202092077,0.5497901993106549,4.512955769948024,10,50813,32796800,32796800,3180,9839040000,9839040000,1009948,False
301,1.3973148896454741,0.5764546684709067,nan,nan,nan,10,33994,32796800,32796800,2129,9871836800,9871836800,1012077,False
302,1.3026293822732558,0.6021832031648511,nan,nan,nan,10,88219,32796800,32796800,5517,9904633600,9904633600,1017594,False
303,1.398575132890365,0.5764672078155305,nan,nan,nan,10,41763,32796800,32796800,2614,9937430400,9937430400,1020208,False
304,1.4173694169305742,0.5694653475117811,nan,nan,nan,10,40531,32796800,32796800,2539,9970227200,9970227200,1022747,False
305,1.3800319838877577,0.5843752679873081,nan,nan,nan,10,58305,32796800,32796800,3648,10003024000,10003024000,1026395,False
306,1.3867820503152577,0.5781887121770662,nan,nan,nan,10,66461,32796800,32796800,4159,10035820800,10035820800,1030554,False
307,1.3132886609473977,0.5984525896857866,nan,nan,nan,10,71862,32796800,32796800,4497,10068617600,10068617600,1035051,False
308,1.360588105148351,0.5871784158061243,nan,nan,nan,10,50259,32796800,32796800,3146,10101414400,10101414400,1038197,False
309,1.3764055636460195,0.5812335755139898,nan,nan,nan,10,58221,32796800,32796800,3643,10134211200,10134211200,1041840,False
310,1.3197281873324298,0.5973156764495348,1.4998115058533348,0.550389629851641,4.480844377793434,10,83820,32796800,32796800,5244,10167008000,10167008000,1047084,False
311,1.3976360810043522,0.5768710662949298,nan,nan,nan,10,59899,32796800,32796800,3749,10199804800,10199804800,1050833,False
312,1.4077535025870038,0.5732902650924482,nan,nan,nan,10,35912,32796800,32796800,2248,10232601600,10232601600,1053081,False
313,1.3730493714402487,0.5848122162608337,nan,nan,nan,10,43614,32796800,32796800,2729,10265398400,10265398400,1055810,False
314,1.3810292391259622,0.5799327099717216,nan,nan,nan,10,48447,32796800,32796800,3032,10298195200,10298195200,1058842,False
315,1.3181466537439943,0.597875202649098,nan,nan,nan,10,57982,32796800,32796800,3630,10330992000,10330992000,1062472,False
316,1.3922195922823202,0.5766178515912623,nan,nan,nan,10,48892,32796800,32796800,3060,10363788800,10363788800,1065532,False
317,1.4055795850646489,0.5786152262453564,nan,nan,nan,10,44686,32796800,32796800,2798,10396585600,10396585600,1068330,False
318,1.3786511322098765,0.5825919396498709,nan,nan,nan,10,48782,32796800,32796800,3053,10429382400,10429382400,1071383,False
319,1.4131440505104476,0.5758236874532856,nan,nan,nan,10,49503,32796800,32796800,3098,10462179200,10462179200,1074481,False
320,1.3154013128536908,0.5987302977232924,1.511619960602552,0.5505582196912933,4.534069862755291,10,91360,32796800,32796800,5715,10494976000,10494976000,1080196,False
321,1.34924591004621,0.5898946320418154,nan,nan,nan,10,48212,32796800,32796800,3018,10527772800,10527772800,1083214,False
322,1.3589516061700067,0.5830084093831012,nan,nan,nan,10,47447,32796800,32796800,2970,10560569600,10560569600,1086184,False
323,1.3544685928626572,0.5874781436305799,nan,nan,nan,10,47469,32796800,32796800,2971,10593366400,10593366400,1089155,False
324,1.3032125983375387,0.598781385586517,nan,nan,nan,10,63843,32796800,32796800,3994,10626163200,10626163200,1093149,False
325,1.3993512192714113,0.5774691278786167,nan,nan,nan,10,38951,32796800,32796800,2439,10658960000,10658960000,1095588,False
326,1.3694717410017123,0.582610513115268,nan,nan,nan,10,47845,32796800,32796800,2995,10691756800,10691756800,1098583,False
327,1.346147498737049,0.5887301472187976,nan,nan,nan,10,41367,32796800,32796800,2590,10724553600,10724553600,1101173,False
328,1.3581188995542042,0.5855439029405717,nan,nan,nan,10,58356,32796800,32796800,3650,10757350400,10757350400,1104823,False
329,1.3024119520018227,0.5993958977240798,nan,nan,nan,10,56944,32796800,32796800,3565,10790147200,10790147200,1108388,False
330,1.2988076104761896,0.602254012732591,1.5016620781188352,0.5495092162445676,4.489144181449592,10,81366,32796800,32796800,5089,10822944000,10822944000,1113477,False
331,1.3496072530310759,0.5899084134478639,nan,nan,nan,10,70316,32796800,32796800,4399,10855740800,10855740800,1117876,False
332,1.3407439260151024,0.5887544421275221,nan,nan,nan,10,68098,32796800,32796800,4261,10888537600,10888537600,1122137,False
333,1.3154593062185076,0.5977088948787062,nan,nan,nan,10,51940,32796800,32796800,3251,10921334400,10921334400,1125388,False
334,1.281807904696131,0.6062291434927698,nan,nan,nan,10,85405,32796800,32796800,5342,10954131200,10954131200,1130730,False
335,1.3719488986750097,0.5849591043175114,nan,nan,nan,10,59664,32796800,32796800,3735,10986928000,10986928000,1134465,False
336,1.2871411003610074,0.6061997847470778,nan,nan,nan,10,79906,32796800,32796800,4999,11019724800,11019724800,1139464,False
337,1.3326252022960758,0.5910540950886232,nan,nan,nan,10,58619,32796800,32796800,3668,11052521600,11052521600,1143132,False
338,1.408464407987539,0.5748612354521039,nan,nan,nan,10,27925,32796800,32796800,1750,11085318400,11085318400,1144882,False
339,1.3494706376624772,0.5888526011113346,nan,nan,nan,10,64607,32796800,32796800,4043,11118115200,11118115200,1148925,False
340,1.3556805793941145,0.5893564510442375,1.5047636108921507,0.5532556571257305,4.503089023265914,10,48217,32796800,32796800,3019,11150912000,11150912000,1151944,False
341,1.3360203565951048,0.5920671777092147,nan,nan,nan,10,62878,32796800,32796800,3934,11183708800,11183708800,1155878,False
342,1.3460349566177903,0.5903963481543256,nan,nan,nan,10,45566,32796800,32796800,2852,11216505600,11216505600,1158730,False
343,1.3693925407384029,0.5851567359965381,nan,nan,nan,10,36973,32796800,32796800,2318,11249302400,11249302400,1161048,False
344,1.3206755588220995,0.5981251555457235,nan,nan,nan,10,36163,32796800,32796800,2265,11282099200,11282099200,1163313,False
345,1.262599041277514,0.615024387532482,nan,nan,nan,10,71963,32796800,32796800,4503,11314896000,11314896000,1167816,False
346,1.3449319768973562,0.5902678712949754,nan,nan,nan,10,56781,32796800,32796800,3554,11347692800,11347692800,1171370,False
347,1.3602633869886047,0.5898510657272809,nan,nan,nan,10,44852,32796800,32796800,2809,11380489600,11380489600,1174179,False
348,1.2935388015210587,0.603966228156293,nan,nan,nan,10,71302,32796800,32796800,4462,11413286400,11413286400,1178641,False
349,1.325749674254482,0.5958334189386313,nan,nan,nan,10,48673,32796800,32796800,3047,11446083200,11446083200,1181688,False
350,1.3374949285669262,0.5895125993286023,1.5068656394600637,0.5514386332983665,4.512564600514706,10,47066,32796800,32796800,2948,11478880000,11478880000,1184636,False
351,1.3498959656249374,0.5914118148426244,nan,nan,nan,10,49277,32796800,32796800,3084,11511676800,11511676800,1187720,False
352,1.3355958717850784,0.5934617371411703,nan,nan,nan,10,54204,32796800,32796800,3393,11544473600,11544473600,1191113,False
353,1.3158349691635602,0.6010513447432763,nan,nan,nan,10,40900,32796800,32796800,2561,11577270400,11577270400,1193674,False
354,1.2701071052372974,0.6111269289903764,nan,nan,nan,10,52683,32796800,32796800,3298,11610067200,11610067200,1196972,False
355,1.2983343253807573,0.6023592205413258,nan,nan,nan,10,63326,32796800,32796800,3962,11642864000,11642864000,1200934,False
356,1.3109532711693619,0.5984885864907679,nan,nan,nan,10,77014,32796800,32796800,4819,11675660800,11675660800,1205753,False
357,1.3382379650366762,0.5949001990913267,nan,nan,nan,10,39178,32796800,32796800,2454,11708457600,11708457600,1208207,False
358,1.282160386704715,0.6075142926651259,nan,nan,nan,10,65768,32796800,32796800,4116,11741254400,11741254400,1212323,False
359,1.3078397500075154,0.5993918958426725,nan,nan,nan,10,51307,32796800,32796800,3211,11774051200,11774051200,1215534,False
360,1.3036428191699163,0.6017851676414198,1.5006277497054468,0.555128877566312,4.484503332565597,10,62067,32796800,32796800,3885,11806848000,11806848000,1219419,False
361,1.3597774122634378,0.5877637578199555,nan,nan,nan,10,47155,32796800,32796800,2952,11839644800,11839644800,1222371,False
362,1.2757718159321259,0.6092016448134068,nan,nan,nan,10,51556,32796800,32796800,3227,11872441600,11872441600,1225598,False
363,1.261723133013164,0.612202155596011,nan,nan,nan,10,62071,32796800,32796800,3884,11905238400,11905238400,1229482,False
364,1.409359890584321,0.5762947745120779,nan,nan,nan,10,30179,32796800,32796800,1891,11938035200,11938035200,1231373,False
365,1.3439204728388423,0.5914367904659167,nan,nan,nan,10,38934,32796800,32796800,2437,11970832000,11970832000,1233810,False
366,1.282678691698587,0.606760138993512,nan,nan,nan,10,82306,32796800,32796800,5148,12003628800,12003628800,1238958,False
367,1.333162277680744,0.5995725953197072,nan,nan,nan,10,47262,32796800,32796800,2958,12036425600,12036425600,1241916,False
368,1.2417668718378236,0.6178710844520613,nan,nan,nan,10,63018,32796800,32796800,3943,12069222400,12069222400,1245859,False
369,1.3348173203158011,0.5946282097706126,nan,nan,nan,10,63517,32796800,32796800,3974,12102019200,12102019200,1249833,False
370,1.2560020192247967,0.6133337164035453,1.510273253008395,0.5510452570058445,4.527967906136559,10,69613,32796800,32796800,4355,12134816000,12134816000,1254188,False
371,1.2465231877013623,0.6205480971929436,nan,nan,nan,10,54078,32796800,32796800,3383,12167612800,12167612800,1257571,False
372,1.281348904317591,0.6047910694118669,nan,nan,nan,10,46044,32796800,32796800,2881,12200409600,12200409600,1260452,False
373,1.331883584007069,0.5984158798386902,nan,nan,nan,10,41411,32796800,32796800,2595,12233206400,12233206400,1263047,False
374,1.318586631730757,0.5972911134492376,nan,nan,nan,10,59877,32796800,32796800,3749,12266003200,12266003200,1266796,False
375,1.3907257152387849,0.5788880187940485,nan,nan,nan,10,31925,32796800,32796800,2000,12298800000,12298800000,1268796,False
376,1.3370085237619125,0.5944496688609215,nan,nan,nan,10,49979,32796800,32796800,3127,12331596800,12331596800,1271923,False
377,1.391422917937673,0.5780312907431552,nan,nan,nan,10,46020,32796800,32796800,2881,12364393600,12364393600,1274804,False
378,1.2941226211940284,0.6028886264073083,nan,nan,nan,10,66883,32796800,32796800,4184,12397190400,12397190400,1278988,False
379,1.2866428061474957,0.6088182343150242,nan,nan,nan,10,58878,32796800,32796800,3684,12429987200,12429987200,1282672,False
380,1.2454691733667134,0.6204230016790672,1.520013104774204,0.5503147010340177,4.572285113513559,10,64917,32796800,32796800,4062,12462784000,12462784000,1286734,False
381,1.326224387992018,0.5962857095649587,nan,nan,nan,10,60523,32796800,32796800,3787,12495580800,12495580800,1290521,False
382,1.294398854807166,0.6078566845975423,nan,nan,nan,10,60789,32796800,32796800,3803,12528377600,12528377600,1294324,False
383,1.2591208452664808,0.6186182650091678,nan,nan,nan,10,59447,32796800,32796800,3720,12561174400,12561174400,1298044,False
384,1.4221403013657774,0.5719928850285292,nan,nan,nan,10,43289,32796800,32796800,2711,12593971200,12593971200,1300755,False
385,1.2382202051244569,0.6183522231909329,nan,nan,nan,10,87172,32796800,32796800,5454,12626768000,12626768000,1306209,False
386,1.2829686757602248,0.6085704179089393,nan,nan,nan,10,59367,32796800,32796800,3716,12659564800,12659564800,1309925,False
387,1.292954238516655,0.6047112162428543,nan,nan,nan,10,50730,32796800,32796800,3176,12692361600,12692361600,1313101,False
388,1.1879812264788714,0.635138679430857,nan,nan,nan,10,91506,32796800,32796800,5725,12725158400,12725158400,1318826,False
389,1.2945990039389716,0.6028626243944183,nan,nan,nan,10,72451,32796800,32796800,4533,12757955200,12757955200,1323359,False
390,1.1704195016882,0.6433131985594789,1.5332899638492807,0.5515135621159898,4.6333954777808675,10,69697,32796800,32796800,4362,12790752000,12790752000,1327721,False
391,1.2914305398893242,0.6111756243825502,nan,nan,nan,10,57697,32796800,32796800,3613,12823548800,12823548800,1331334,False
392,1.387760070900696,0.5790088383838384,nan,nan,nan,10,31680,32796800,32796800,1986,12856345600,12856345600,1333320,False
393,1.3115090470807822,0.599885888170407,nan,nan,nan,10,52580,32796800,32796800,3291,12889142400,12889142400,1336611,False
394,1.3566503211523597,0.5894880489620379,nan,nan,nan,10,48364,32796800,32796800,3028,12921939200,12921939200,1339639,False
395,1.223143128592622,0.6253911148832673,nan,nan,nan,10,78941,32796800,32796800,4940,12954736000,12954736000,1344579,False
396,1.3987110618606517,0.579784266319509,nan,nan,nan,10,43016,32796800,32796800,2693,12987532800,12987532800,1347272,False
397,1.3788226008374092,0.5828517208660399,nan,nan,nan,10,34779,32796800,32796800,2179,13020329600,13020329600,1349451,False
398,1.2692101978685886,0.6107151852784733,nan,nan,nan,10,67493,32796800,32796800,4223,13053126400,13053126400,1353674,False
399,1.1843433677191069,0.6341894848776098,nan,nan,nan,10,97802,32796800,32796800,6117,13085923200,13085923200,1359791,False
400,1.3383849864383472,0.5999182115594329,1.5370979032898064,0.5499400569459014,4.651072802895326,10,44016,32796800,32796800,2756,13118720000,13118720000,1362547,False
401,1.340227393845504,0.5940602625943631,nan,nan,nan,10,46231,32796800,32796800,2894,13151516800,13151516800,1365441,False
402,1.312054667532095,0.6029328979959468,nan,nan,nan,10,35528,32796800,32796800,2225,13184313600,13184313600,1367666,False
403,1.247933829756689,0.6177358441252957,nan,nan,nan,10,76523,32796800,32796800,4788,13217110400,13217110400,1372454,False
404,1.2627517585212367,0.6116552182583648,nan,nan,nan,10,45130,32796800,32796800,2826,13249907200,13249907200,1375280,False
405,1.336665937314974,0.5930789105849464,nan,nan,nan,10,47218,32796800,32796800,2957,13282704000,13282704000,1378237,False
406,1.2957498304358752,0.6049477406271124,nan,nan,nan,10,76924,32796800,32796800,4812,13315500800,13315500800,1383049,False
407,1.2868173883742515,0.6075302299029529,nan,nan,nan,10,38538,32796800,32796800,2414,13348297600,13348297600,1385463,False
408,1.2545599083408672,0.6185518806298563,nan,nan,nan,10,72715,32796800,32796800,4549,13381094400,13381094400,1390012,False
409,1.3533144015682907,0.588449051321002,nan,nan,nan,10,33573,32796800,32796800,2103,13413891200,13413891200,1392115,False
410,1.258340402957027,0.6128313379802157,1.5253775282347737,0.5513449722763375,4.596878693255473,10,80771,32796800,32796800,5053,13446688000,13446688000,1397168,False
411,1.1583215256343977,0.6438584274425505,nan,nan,nan,10,99087,32796800,32796800,6199,13479484800,13479484800,1403367,False
412,1.2317308549715194,0.621646048692312,nan,nan,nan,10,70812,32796800,32796800,4430,13512281600,13512281600,1407797,False
413,1.2269004816216713,0.6258747955740869,nan,nan,nan,10,67873,32796800,32796800,4246,13545078400,13545078400,1412043,False
414,1.2649451881197484,0.6108010283472025,nan,nan,nan,10,59124,32796800,32796800,3699,13577875200,13577875200,1415742,False
415,1.2928290347527924,0.6078310897614925,nan,nan,nan,10,53709,32796800,32796800,3360,13610672000,13610672000,1419102,False
416,1.264495805516049,0.6124374791597199,nan,nan,nan,10,59980,32796800,32796800,3753,13643468800,13643468800,1422855,False
417,1.2761272385520155,0.6098151527745153,nan,nan,nan,10,55343,32796800,32796800,3464,13676265600,13676265600,1426319,False
418,1.2518186666929223,0.6247608036995694,nan,nan,nan,10,50168,32796800,32796800,3139,13709062400,13709062400,1429458,False
419,1.3089765213387463,0.5997687923432627,nan,nan,nan,10,74392,32796800,32796800,4654,13741859200,13741859200,1434112,False
420,1.2854835570091683,0.6112874490610858,1.5407741750428188,0.5500337179679304,4.668202878575784,10,48833,32796800,32796800,3058,13774656000,13774656000,1437170,False
421,1.4282620032898812,0.5712372431896713,nan,nan,nan,10,37333,32796800,32796800,2338,13807452800,13807452800,1439508,False
422,1.294577162148925,0.6038907502587402,nan,nan,nan,10,57007,32796800,32796800,3567,13840249600,13840249600,1443075,False
423,1.2377100516315698,0.6216305705642431,nan,nan,nan,10,66443,32796800,32796800,4158,13873046400,13873046400,1447233,False
424,1.3370938203035618,0.596944119277925,nan,nan,nan,10,32462,32796800,32796800,2035,13905843200,13905843200,1449268,False
425,1.290706497742916,0.6104065399911621,nan,nan,nan,10,45260,32796800,32796800,2835,13938640000,13938640000,1452103,False
426,1.2336010816483371,0.6205172972135787,nan,nan,nan,10,71023,32796800,32796800,4442,13971436800,13971436800,1456545,False
427,1.2035862940681126,0.6288463326206192,nan,nan,nan,10,64542,32796800,32796800,4039,14004233600,14004233600,1460584,False
428,1.1360849408164653,0.6493697065195981,nan,nan,nan,10,101540,32796800,32796800,6350,14037030400,14037030400,1466934,False
429,1.211207799927868,0.6274916556960679,nan,nan,nan,10,75201,32796800,32796800,4703,14069827200,14069827200,1471637,False
430,1.2089438529987833,0.6328100508813813,1.5645438231004154,0.5466806533792897,4.780493687626653,10,41469,32796800,32796800,2596,14102624000,14102624000,1474233,False
431,1.2271575066770062,0.6273861307833339,nan,nan,nan,10,55634,32796800,32796800,3481,14135420800,14135420800,1477714,False
432,1.2074570608167083,0.6297053383950051,nan,nan,nan,10,71913,32796800,32796800,4498,14168217600,14168217600,1482212,False
433,1.4405416373912217,0.572785258681786,nan,nan,nan,10,35275,32796800,32796800,2210,14201014400,14201014400,1484422,False
434,1.5006868155205013,0.555454956994115,nan,nan,nan,10,24299,32796800,32796800,1523,14233811200,14233811200,1485945,False
435,1.3068141246536058,0.6017454097989055,nan,nan,nan,10,61762,32796800,32796800,3864,14266608000,14266608000,1489809,False
436,1.406322971544553,0.5834022072050172,nan,nan,nan,10,20569,32796800,32796800,1290,14299404800,14299404800,1491099,False
437,1.329708734285399,0.5970851085939936,nan,nan,nan,10,38492,32796800,32796800,2412,14332201600,14332201600,1493511,False
438,1.3081551601408243,0.6068154216178887,nan,nan,nan,10,41993,32796800,32796800,2629,14364998400,14364998400,1496140,False
439,1.1668758225724083,0.6404825384286231,nan,nan,nan,10,60762,32796800,32796800,3802,14397795200,14397795200,1499942,False
440,1.379096831433928,0.5858941668200099,1.550700515513118,0.5480481043009141,4.714771796824219,10,38041,32796800,32796800,2383,14430592000,14430592000,1502325,False
441,1.1709241878994885,0.6403811275448948,nan,nan,nan,10,78294,32796800,32796800,4897,14463388800,14463388800,1507222,False
442,1.2306030984801242,0.6217091579009925,nan,nan,nan,10,67308,32796800,32796800,4210,14496185600,14496185600,1511432,False
443,1.2470763634493034,0.6181150550795593,nan,nan,nan,10,50654,32796800,32796800,3171,14528982400,14528982400,1514603,False
444,1.361826544270529,0.5918989446458675,nan,nan,nan,10,43303,32796800,32796800,2711,14561779200,14561779200,1517314,False
445,1.2755279905610963,0.6094847775175644,nan,nan,nan,10,54656,32796800,32796800,3421,14594576000,14594576000,1520735,False
446,1.3827211655824625,0.5824925261584455,nan,nan,nan,10,42816,32796800,32796800,2681,14627372800,14627372800,1523416,False
447,1.3147574829364246,0.6026038718442205,nan,nan,nan,10,44165,32796800,32796800,2766,14660169600,14660169600,1526182,False
448,1.1866973384316526,0.6352223721459375,nan,nan,nan,10,75594,32796800,32796800,4730,14692966400,14692966400,1530912,False
449,1.3587354004737586,0.5920546774882529,nan,nan,nan,10,30433,32796800,32796800,1906,14725763200,14725763200,1532818,False
450,1.273503981882795,0.6130620072448327,1.5543122276916115,0.5474674059643339,4.7318309834336505,10,46930,32796800,32796800,2938,14758560000,14758560000,1535756,False
451,1.2245526593041478,0.6230943833609685,nan,nan,nan,10,62119,32796800,32796800,3887,14791356800,14791356800,1539643,False
452,1.3526621799660874,0.5919047244301041,nan,nan,nan,10,38121,32796800,32796800,2385,14824153600,14824153600,1542028,False
453,1.2232261900289743,0.6271130002154623,nan,nan,nan,10,51053,32796800,32796800,3195,14856950400,14856950400,1545223,False
454,1.1337631686871756,0.6528187586495026,nan,nan,nan,10,76594,32796800,32796800,4792,14889747200,14889747200,1550015,False
455,1.2243859981573426,0.6214553823392421,nan,nan,nan,10,72998,32796800,32796800,4567,14922544000,14922544000,1554582,False
456,1.2135356879282184,0.6263848553296762,nan,nan,nan,10,55782,32796800,32796800,3491,14955340800,14955340800,1558073,False
457,1.240707812059217,0.6246362944013748,nan,nan,nan,10,51209,32796800,32796800,3206,14988137600,14988137600,1561279,False
458,1.2559050599260764,0.6170656620893588,nan,nan,nan,10,49374,32796800,32796800,3090,15020934400,15020934400,1564369,False
459,1.1589324277766755,0.643977253144925,nan,nan,nan,10,69636,32796800,32796800,4357,15053731200,15053731200,1568726,False
460,1.318080175035541,0.6038872751993078,1.5590551541374307,0.5467555821969129,4.754327016084887,10,32362,32796800,32796800,2027,15086528000,15086528000,1570753,False
461,1.2472011457151129,0.6157775838168096,nan,nan,nan,10,77908,32796800,32796800,4874,15119324800,15119324800,1575627,False
462,1.3151458538930278,0.602010831289312,nan,nan,nan,10,41177,32796800,32796800,2580,15152121600,15152121600,1578207,False
463,1.336946520730188,0.592967175352721,nan,nan,nan,10,55568,32796800,32796800,3477,15184918400,15184918400,1581684,False
464,1.25761663963094,0.6179389312977099,nan,nan,nan,10,52400,32796800,32796800,3280,15217715200,15217715200,1584964,False
465,1.4314213011018209,0.5697994901123131,nan,nan,nan,10,29026,32796800,32796800,1820,15250512000,15250512000,1586784,False
466,1.2675951262515925,0.6149871775531754,nan,nan,nan,10,53032,32796800,32796800,3319,15283308800,15283308800,1590103,False
467,1.216883390669374,0.6281898638726833,nan,nan,nan,10,50394,32796800,32796800,3154,15316105600,15316105600,1593257,False
468,1.2786224275518132,0.6099801280635901,nan,nan,nan,10,45290,32796800,32796800,2834,15348902400,15348902400,1596091,False
469,1.1824690616836515,0.638161917955246,nan,nan,nan,10,80127,32796800,32796800,5012,15381699200,15381699200,1601103,False
470,1.2753383382952956,0.6090153568202349,1.5642950956063633,0.5490409111344223,4.779304795272635,10,55350,32796800,32796800,3464,15414496000,15414496000,1604567,False
471,1.1964969331947002,0.6331522806099077,nan,nan,nan,10,76405,32796800,32796800,4780,15447292800,15447292800,1609347,False
472,1.1860821950272438,0.6371140949403153,nan,nan,nan,10,68443,32796800,32796800,4281,15480089600,15480089600,1613628,False
473,1.337209937193545,0.5947718564141141,nan,nan,nan,10,42539,32796800,32796800,2662,15512886400,15512886400,1616290,False
474,1.3860719936023866,0.57770191636279,nan,nan,nan,10,25778,32796800,32796800,1616,15545683200,15545683200,1617906,False
475,1.2402096214301577,0.6209733572763587,nan,nan,nan,10,54574,32796800,32796800,3417,15578480000,15578480000,1621323,False
476,1.1753127323420933,0.640239251040222,nan,nan,nan,10,57680,32796800,32796800,3610,15611276800,15611276800,1624933,False
477,1.2114776713812336,0.627595425947721,nan,nan,nan,10,68823,32796800,32796800,4307,15644073600,15644073600,1629240,False
478,1.380800523457902,0.5879589684593999,nan,nan,nan,10,31293,32796800,32796800,1960,15676870400,15676870400,1631200,False
479,1.2043235628035656,0.6318403084060243,nan,nan,nan,10,61218,32796800,32796800,3831,15709667200,15709667200,1635031,False
480,1.2468446352377291,0.6190194272683419,1.5636898231134768,0.5461936160647385,4.776412888828935,10,45606,32796800,32796800,2854,15742464000,15742464000,1637885,False
481,1.2786345261251317,0.612277793128857,nan,nan,nan,10,43428,32796800,32796800,2719,15775260800,15775260800,1640604,False
482,1.20761930692164,0.6287294596216034,nan,nan,nan,10,68341,32796800,32796800,4277,15808057600,15808057600,1644881,False
483,1.1910303621065443,0.638261176598403,nan,nan,nan,10,73636,32796800,32796800,4606,15840854400,15840854400,1649487,False
484,1.2680893540169875,0.6284411847098073,nan,nan,nan,10,39267,32796800,32796800,2458,15873651200,15873651200,1651945,False
485,1.1757851196059363,0.639702882376941,nan,nan,nan,10,83334,32796800,32796800,5215,15906448000,15906448000,1657160,False
486,1.2415047970178243,0.6199853021537998,nan,nan,nan,10,53069,32796800,32796800,3321,15939244800,15939244800,1660481,False
487,1.379896342272309,0.591231994976255,nan,nan,nan,10,25479,32796800,32796800,1597,15972041600,15972041600,1662078,False
488,1.3770318922685123,0.589981811925478,nan,nan,nan,10,40686,32796800,32796800,2548,16004838400,16004838400,1664626,False
489,1.2831651983794103,0.6092754645447132,nan,nan,nan,10,45367,32796800,32796800,2839,16037635200,16037635200,1667465,False
490,1.2128710782489454,0.6337829978048368,1.57554711331568,0.5437584294919826,4.833385304306171,10,53299,32796800,32796800,3337,16070432000,16070432000,1670802,False
491,1.1539133207622467,0.6502450471735765,nan,nan,nan,10,62641,32796800,32796800,3920,16103228800,16103228800,1674722,False
492,1.1945864419366572,0.6383340338821981,nan,nan,nan,10,54719,32796800,32796800,3424,16136025600,16136025600,1678146,False
493,1.231267202388399,0.6236410147090172,nan,nan,nan,10,46910,32796800,32796800,2936,16168822400,16168822400,1681082,False
494,1.2175620501263873,0.6285714285714286,nan,nan,nan,10,59535,32796800,32796800,3725,16201619200,16201619200,1684807,False
495,1.2544234214503298,0.6197522225880804,nan,nan,nan,10,48592,32796800,32796800,3039,16234416000,16234416000,1687846,False
496,1.3104056600418974,0.6026410338405974,nan,nan,nan,10,53161,32796800,32796800,3326,16267212800,16267212800,1691172,False
497,1.1938342790730478,0.6344240420038871,nan,nan,nan,10,68946,32796800,32796800,4312,16300009600,16300009600,1695484,False
498,1.2631827714646426,0.6157585349310423,nan,nan,nan,10,44230,32796800,32796800,2769,16332806400,16332806400,1698253,False
499,1.2326844625937183,0.6243957778435435,nan,nan,nan,10,40548,32796800,32796800,2540,16365603200,16365603200,1700793,False
500,1.2562160131533975,0.619653767820774,1.5940463509353118,0.5430466057245616,4.923631416022716,10,45172,32796800,32796800,2828,16398400000,16398400000,1703621,False
501,1.1196115218843083,0.6652557702047609,nan,nan,nan,10,55284,32796800,32796800,3459,16431196800,16431196800,1707080,False
502,1.1150778587041565,0.6590850497006503,nan,nan,nan,10,69818,32796800,32796800,4367,16463993600,16463993600,1711447,False
503,1.3493844057073958,0.5923910961265851,nan,nan,nan,10,26101,32796800,32796800,1636,16496790400,16496790400,1713083,False
504,1.401196659100629,0.5836174788857997,nan,nan,nan,10,38126,32796800,32796800,2386,16529587200,16529587200,1715469,False
505,1.2294907543800115,0.6245239390642002,nan,nan,nan,10,58816,32796800,32796800,3680,16562384000,16562384000,1719149,False
506,1.1715977969083509,0.6488845129673969,nan,nan,nan,10,44689,32796800,32796800,2796,16595180800,16595180800,1721945,False
507,1.3194809473637403,0.5999650319083836,nan,nan,nan,10,57195,32796800,32796800,3579,16627977600,16627977600,1725524,False
508,1.2024255436458926,0.6306180320863924,nan,nan,nan,10,51486,32796800,32796800,3223,16660774400,16660774400,1728747,False
509,1.2023596345026897,0.6351201084555743,nan,nan,nan,10,65649,32796800,32796800,4108,16693571200,16693571200,1732855,False
510,1.2751188398826252,0.61078352679674,1.585769263590077,0.5448448973475198,4.883046283786385,10,64784,32796800,32796800,4054,16726368000,16726368000,1736909,False
511,1.2569167514299944,0.6163955227262428,nan,nan,nan,10,44134,32796800,32796800,2763,16759164800,16759164800,1739672,False
512,1.1594731650363372,0.6440461492613564,nan,nan,nan,10,70467,32796800,32796800,4409,16791961600,16791961600,1744081,False
513,1.2078821911978368,0.6316722251760195,nan,nan,nan,10,62067,32796800,32796800,3883,16824758400,16824758400,1747964,False
514,1.1204843783142724,0.658844368591857,nan,nan,nan,10,77343,32796800,32796800,4839,16857555200,16857555200,1752803,False
515,1.2223828321097387,0.6276550583344312,nan,nan,nan,10,68313,32796800,32796800,4274,16890352000,16890352000,1757077,False
516,1.3017052969589415,0.6119303464724438,nan,nan,nan,10,38993,32796800,32796800,2441,16923148800,16923148800,1759518,False
517,1.093680514556897,0.6659817460696708,nan,nan,nan,10,62781,32796800,32796800,3929,16955945600,16955945600,1763447,False
518,1.1646668796262798,0.6456534954407295,nan,nan,nan,10,65800,32796800,32796800,4119,16988742400,16988742400,1767566,False
519,1.2160225025786682,0.6336073099287369,nan,nan,nan,10,45746,32796800,32796800,2864,17021539200,17021539200,1770430,False
520,1.2608343910670439,0.6175486546345601,1.6165393198981701,0.5390004495729057,5.035633411257437,10,42442,32796800,32796800,2656,17054336000,17054336000,1773086,False
521,1.304453892091243,0.602337334175616,nan,nan,nan,10,41158,32796800,32796800,2576,17087132800,17087132800,1775662,False
522,1.1403406033347132,0.6530515355903346,nan,nan,nan,10,61084,32796800,32796800,3823,17119929600,17119929600,1779485,False
523,1.0936353229928755,0.6675110119814842,nan,nan,nan,10,89221,32796800,32796800,5582,17152726400,17152726400,1785067,False
524,1.1112036228371158,0.660015291666042,nan,nan,nan,10,66703,32796800,32796800,4173,17185523200,17185523200,1789240,False
525,1.3208878135239845,0.6032592313489074,nan,nan,nan,10,53080,32796800,32796800,3323,17218320000,17218320000,1792563,False
526,1.0369495947437555,0.6869095647380159,nan,nan,nan,10,79814,32796800,32796800,4993,17251116800,17251116800,1797556,False
527,1.216116085288639,0.6323219059231815,nan,nan,nan,10,42646,32796800,32796800,2670,17283913600,17283913600,1800226,False
528,1.2251440624270182,0.6289344441572385,nan,nan,nan,10,50293,32796800,32796800,3149,17316710400,17316710400,1803375,False
529,1.0925494983702315,0.6655430029154519,nan,nan,nan,10,76832,32796800,32796800,4807,17349507200,17349507200,1808182,False
530,1.1064550977784187,0.6698785442324463,1.6385521199344857,0.5379889105349918,5.147710845993654,10,47013,32796800,32796800,2943,17382304000,17382304000,1811125,False
531,1.3111498186974644,0.6099168975069252,nan,nan,nan,10,36100,32796800,32796800,2261,17415100800,17415100800,1813386,False
532,1.2349002836151037,0.6271316811436505,nan,nan,nan,10,53303,32796800,32796800,3334,17447897600,17447897600,1816720,False
533,1.1960886210807034,0.6341979963050303,nan,nan,nan,10,66577,32796800,32796800,4166,17480694400,17480694400,1820886,False
534,1.2080762902600832,0.6328249241000433,nan,nan,nan,10,55336,32796800,32796800,3464,17513491200,17513491200,1824350,False
535,1.132644320509762,0.6508480835685457,nan,nan,nan,10,75818,32796800,32796800,4743,17546288000,17546288000,1829093,False
536,1.3478807364959513,0.5995416859776508,nan,nan,nan,10,38838,32796800,32796800,2431,17579084800,17579084800,1831524,False
537,1.3642264047762278,0.5945345188284519,nan,nan,nan,10,30592,32796800,32796800,1917,17611881600,17611881600,1833441,False
538,1.1173908602536873,0.6649220177040888,nan,nan,nan,10,56936,32796800,32796800,3563,17644678400,17644678400,1837004,False
539,1.1934683671219724,0.6433870199936528,nan,nan,nan,10,50416,32796800,32796800,3157,17677475200,17677475200,1840161,False
540,1.2061585137198643,0.6317284925019732,1.6399897319809993,0.541697887007343,5.155116579127937,10,63350,32796800,32796800,3964,17710272000,17710272000,1844125,False
541,1.0733300172645,0.6700111168962751,nan,nan,nan,10,71063,32796800,32796800,4446,17743068800,17743068800,1848571,False
542,1.1053253384495603,0.6667649865533096,nan,nan,nan,10,57635,32796800,32796800,3607,17775865600,17775865600,1852178,False
543,1.3533558237380559,0.5960930767020971,nan,nan,nan,10,41772,32796800,32796800,2615,17808662400,17808662400,1854793,False
544,1.2400904468773517,0.6253017968933614,nan,nan,nan,10,46803,32796800,32796800,2929,17841459200,17841459200,1857722,False
545,1.2360377031569123,0.6248844090993158,nan,nan,nan,10,64884,32796800,32796800,4060,17874256000,17874256000,1861782,False
546,1.187439539655562,0.644506442494769,nan,nan,nan,10,54482,32796800,32796800,3411,17907052800,17907052800,1865193,False
547,1.242802916207203,0.6263787790827491,nan,nan,nan,10,44786,32796800,32796800,2804,17939849600,17939849600,1867997,False
548,1.0860261803609037,0.6711741264518637,nan,nan,nan,10,82308,32796800,32796800,5150,17972646400,17972646400,1873147,False
549,1.2455989627950135,0.627120663362562,nan,nan,nan,10,41968,32796800,32796800,2628,18005443200,18005443200,1875775,False
550,1.3175828202750175,0.6045545468533621,1.6663564054858429,0.5349730256256556,5.292847630537859,10,51992,32796800,32796800,3254,18038240000,18038240000,1879029,False
551,1.2501449740221005,0.6245921241969153,nan,nan,nan,10,49341,32796800,32796800,3089,18071036800,18071036800,1882118,False
552,1.2592089386776548,0.6195524388986284,nan,nan,nan,10,48485,32796800,32796800,3035,18103833600,18103833600,1885153,False
553,1.0789542621371613,0.6754693064525865,nan,nan,nan,10,66268,32796800,32796800,4145,18136630400,18136630400,1889298,False
554,1.1883167109228887,0.6371086465796447,nan,nan,nan,10,61134,32796800,32796800,3825,18169427200,18169427200,1893123,False
555,1.1883029830694372,0.6333269728194038,nan,nan,nan,10,94332,32796800,32796800,5900,18202224000,18202224000,1899023,False
556,1.3502226040093468,0.5996397276585351,nan,nan,nan,10,32753,32796800,32796800,2051,18235020800,18235020800,1901074,False
557,1.2689222117241417,0.6165958170379188,nan,nan,nan,10,58810,32796800,32796800,3682,18267817600,18267817600,1904756,False
558,1.3499607063925847,0.5980766042115735,nan,nan,nan,10,36186,32796800,32796800,2267,18300614400,18300614400,1907023,False
559,1.2638818962135494,0.6159764249831889,nan,nan,nan,10,50562,32796800,32796800,3166,18333411200,18333411200,1910189,False
560,1.1483409327169163,0.6449132345274448,1.6053879857867193,0.5414731005544733,4.9797913162282885,10,107416,32796800,32796800,6720,18366208000,18366208000,1916909,False
561,1.091254513112947,0.6632769173643801,nan,nan,nan,10,83487,32796800,32796800,5222,18399004800,18399004800,1922131,False
562,1.2663347504723579,0.6195783569459891,nan,nan,nan,10,41362,32796800,32796800,2591,18431801600,18431801600,1924722,False
563,1.1703222045626485,0.6398281010998617,nan,nan,nan,10,68645,32796800,32796800,4295,18464598400,18464598400,1929017,False
564,1.1065620985772682,0.6631862131422636,nan,nan,nan,10,75086,32796800,32796800,4698,18497395200,18497395200,1933715,False
565,1.1700645988393237,0.6450791295746785,nan,nan,nan,10,40440,32796800,32796800,2533,18530192000,18530192000,1936248,False
566,1.4618809534246617,0.5724014336917562,nan,nan,nan,10,25110,32796800,32796800,1573,18562988800,18562988800,1937821,False
567,1.2421245225052975,0.630008881458649,nan,nan,nan,10,38282,32796800,32796800,2398,18595785600,18595785600,1940219,False
568,1.2416230039013152,0.6263322209064485,nan,nan,nan,10,46445,32796800,32796800,2907,18628582400,18628582400,1943126,False
569,1.19997108933207,0.6322914413440046,nan,nan,nan,10,55476,32796800,32796800,3472,18661379200,18661379200,1946598,False
570,1.2595133606445377,0.6251404090802226,1.6339936305178564,0.5431028023377791,5.124298463672926,10,38281,32796800,32796800,2396,18694176000,18694176000,1948994,False
571,1.251465827317147,0.6239772959705461,nan,nan,nan,10,39112,32796800,32796800,2449,18726972800,18726972800,1951443,False
572,1.149346305802572,0.6519206225040142,nan,nan,nan,10,48578,32796800,32796800,3042,18759769600,18759769600,1954485,False
573,1.233716930869154,0.6243746828101212,nan,nan,nan,10,55172,32796800,32796800,3453,18792566400,18792566400,1957938,False
574,1.1759838765820623,0.6479244028154963,nan,nan,nan,10,36086,32796800,32796800,2260,18825363200,18825363200,1960198,False
575,1.132285310399696,0.655487215817608,nan,nan,nan,10,62108,32796800,32796800,3885,18858160000,18858160000,1964083,False
576,1.3313845735928138,0.5987414758551866,nan,nan,nan,10,36074,32796800,32796800,2260,18890956800,18890956800,1966343,False
577,1.1948598370917096,0.6394040597835098,nan,nan,nan,10,42219,32796800,32796800,2642,18923753600,18923753600,1968985,False
578,1.1204003193320224,0.6560600643546657,nan,nan,nan,10,64331,32796800,32796800,4026,18956550400,18956550400,1973011,False
579,1.3743268821421981,0.591148273625027,nan,nan,nan,10,27746,32796800,32796800,1739,18989347200,18989347200,1974750,False
580,1.0429840941619541,0.6812068606176518,1.6437761443639898,0.5378952495129626,5.174672977308156,10,81567,32796800,32796800,5103,19022144000,19022144000,1979853,False
581,1.1099131245669343,0.6634450680295793,nan,nan,nan,10,71807,32796800,32796800,4493,19054940800,19054940800,1984346,False
582,0.9821691145437511,0.7032489367435648,nan,nan,nan,10,85351,32796800,32796800,5340,19087737600,19087737600,1989686,False
583,1.1633643122246535,0.6443839995082445,nan,nan,nan,10,65073,32796800,32796800,4071,19120534400,19120534400,1993757,False
584,1.4701344539357228,0.5736879250609521,nan,nan,nan,10,31172,32796800,32796800,1954,19153331200,19153331200,1995711,False
585,1.0828295250847015,0.6696187965215364,nan,nan,nan,10,68651,32796800,32796800,4295,19186128000,19186128000,2000006,False
586,1.0489116845631532,0.6762895014343542,nan,nan,nan,10,88193,32796800,32796800,5516,19218924800,19218924800,2005522,False
587,1.1549153944071249,0.6473523620567856,nan,nan,nan,10,66531,32796800,32796800,4163,19251721600,19251721600,2009685,False
588,1.0305195569153485,0.6868751812210834,nan,nan,nan,10,79323,32796800,32796800,4962,19284518400,19284518400,2014647,False
589,1.2834094354481378,0.6131835300553347,nan,nan,nan,10,47529,32796800,32796800,2976,19317315200,19317315200,2017623,False
590,1.0473491351808157,0.6811287227237188,1.653816426691758,0.5363966731604976,5.226889852385584,10,70345,32796800,32796800,4402,19350112000,19350112000,2022025,False
591,1.1180454233525146,0.661567080406684,nan,nan,nan,10,62358,32796800,32796800,3902,19382908800,19382908800,2025927,False
592,1.0541701320021326,0.6822169319071224,nan,nan,nan,10,61328,32796800,32796800,3838,19415705600,19415705600,2029765,False
593,1.0258005522372382,0.6895337340161977,nan,nan,nan,10,90013,32796800,32796800,5629,19448502400,19448502400,2035394,False
594,1.0525233708578121,0.6872723016372335,nan,nan,nan,10,68347,32796800,32796800,4277,19481299200,19481299200,2039671,False
595,1.033132052428886,0.6880353911120048,nan,nan,nan,10,74595,32796800,32796800,4668,19514096000,19514096000,2044339,False
596,1.0644252765531788,0.6782975174611684,nan,nan,nan,10,67149,32796800,32796800,4202,19546892800,19546892800,2048541,False
597,0.9297575000567432,0.7271032775640452,nan,nan,nan,10,67062,32796800,32796800,4196,19579689600,19579689600,2052737,False
598,1.0532324127295616,0.6899255132699048,nan,nan,nan,10,63904,32796800,32796800,3999,19612486400,19612486400,2056736,False
599,1.1657247710621503,0.6646667793363754,nan,nan,nan,10,35502,32796800,32796800,2223,19645283200,19645283200,2058959,False
600,1.2134899759806193,0.6325942566907599,1.7478201475061972,0.5303461711374194,5.742072153318992,10,61428,32796800,32796800,3844,19678080000,19678080000,2062803,False
601,1.2671748448443192,0.6199933796756041,nan,nan,nan,10,48336,32796800,32796800,3026,19710876800,19710876800,2065829,False
602,1.169248827154426,0.6476472831928985,nan,nan,nan,10,57678,32796800,32796800,3609,19743673600,19743673600,2069438,False
603,1.258159202665442,0.6204803809434887,nan,nan,nan,10,42841,32796800,32796800,2683,19776470400,19776470400,2072121,False
604,1.3919211492159722,0.5932735870895202,nan,nan,nan,10,30239,32796800,32796800,1894,19809267200,19809267200,2074015,False
605,1.0652013716705466,0.6836431226765799,nan,nan,nan,10,51110,32796800,32796800,3198,19842064000,19842064000,2077213,False
606,1.1281184834776659,0.661093515585931,nan,nan,nan,10,59990,32796800,32796800,3754,19874860800,19874860800,2080967,False
607,1.2773563675055923,0.6190217731666076,nan,nan,nan,10,47903,32796800,32796800,2999,19907657600,19907657600,2083966,False
608,1.1501978346402546,0.6637216890188351,nan,nan,nan,10,47199,32796800,32796800,2956,19940454400,19940454400,2086922,False
609,1.2976230047268544,0.6158710640727241,nan,nan,nan,10,45542,32796800,32796800,2851,19973251200,19973251200,2089773,False
610,1.2236523264254653,0.6380966676673672,1.7021796175623591,0.5358721714371347,5.485891515680194,10,33310,32796800,32796800,2086,20006048000,20006048000,2091859,False
611,1.0552564004329865,0.679582938831808,nan,nan,nan,10,85551,32796800,32796800,5353,20038844800,20038844800,2097212,False
612,1.459593552920675,0.5780910036893387,nan,nan,nan,10,31713,32796800,32796800,1987,20071641600,20071641600,2099199,False
613,1.1616681185476994,0.6535340911345197,nan,nan,nan,10,50409,32796800,32796800,3154,20104438400,20104438400,2102353,False
614,1.1114856839887894,0.6652031971180907,nan,nan,nan,10,71064,32796800,32796800,4446,20137235200,20137235200,2106799,False
615,1.299191461534795,0.6119331876015919,nan,nan,nan,10,35682,32796800,32796800,2235,20170032000,20170032000,2109034,False
616,1.2628653868012762,0.6240012869322752,nan,nan,nan,10,55947,32796800,32796800,3501,20202828800,20202828800,2112535,False
617,1.1488957621974822,0.65171858216971,nan,nan,nan,10,55860,32796800,32796800,3496,20235625600,20235625600,2116031,False
618,1.2360830362367732,0.6301772325772174,nan,nan,nan,10,52417,32796800,32796800,3281,20268422400,20268422400,2119312,False
619,1.043421522562189,0.683217562816225,nan,nan,nan,10,81627,32796800,32796800,5106,20301219200,20301219200,2124418,False
620,1.1770248730022506,0.6502879231673541,1.7117536113338279,0.5331934662071033,5.538665633307346,10,50187,32796800,32796800,3141,20334016000,20334016000,2127559,False
621,1.0122677631838644,0.6988543371522095,nan,nan,nan,10,53157,32796800,32796800,3326,20366812800,20366812800,2130885,False
622,1.0528380581669265,0.684400726285543,nan,nan,nan,10,56727,32796800,32796800,3550,20399609600,20399609600,2134435,False
623,0.9972639069040473,0.7056119393321355,nan,nan,nan,10,61779,32796800,32796800,3867,20432406400,20432406400,2138302,False
624,1.163375383384122,0.6572693065060147,nan,nan,nan,10,51291,32796800,32796800,3209,20465203200,20465203200,2141511,False
625,1.2989113041385545,0.6135975798945082,nan,nan,nan,10,51568,32796800,32796800,3228,20498000000,20498000000,2144739,False
626,1.078673306641682,0.6798139744456245,nan,nan,nan,10,62142,32796800,32796800,3888,20530796800,20530796800,2148627,False
627,1.2348776671282118,0.6289128374797232,nan,nan,nan,10,62263,32796800,32796800,3898,20563593600,20563593600,2152525,False
628,1.0159237110038486,0.7044585346215781,nan,nan,nan,10,59616,32796800,32796800,3730,20596390400,20596390400,2156255,False
629,1.2945678205244893,0.6195555555555555,nan,nan,nan,10,41625,32796800,32796800,2608,20629187200,20629187200,2158863,False
630,0.986049847260063,0.70998778998779,1.777481057967951,0.5319384085119137,5.914938250902224,10,81900,32796800,32796800,5124,20661984000,20661984000,2163987,False
631,1.3715430368882597,0.597544338335607,nan,nan,nan,10,34451,32796800,32796800,2158,20694780800,20694780800,2166145,False
632,1.1138400894929323,0.667726679712981,nan,nan,nan,10,61320,32796800,32796800,3837,20727577600,20727577600,2169982,False
633,1.3542850088166305,0.6022313296903461,nan,nan,nan,10,39528,32796800,32796800,2475,20760374400,20760374400,2172457,False
634,1.283287987721387,0.6206791134403319,nan,nan,nan,10,45795,32796800,32796800,2867,20793171200,20793171200,2175324,False
635,1.3670640478964209,0.6056857558031223,nan,nan,nan,10,26839,32796800,32796800,1682,20825968000,20825968000,2177006,False
636,1.3318231886387641,0.6079632465543645,nan,nan,nan,10,36568,32796800,32796800,2291,20858764800,20858764800,2179297,False
637,1.2483074835950296,0.6253946990718592,nan,nan,nan,10,52255,32796800,32796800,3271,20891561600,20891561600,2182568,False
638,1.124198175154808,0.6575245958372472,nan,nan,nan,10,80908,32796800,32796800,5062,20924358400,20924358400,2187630,False
639,0.9582895444096856,0.7213961787227715,nan,nan,nan,10,53804,32796800,32796800,3368,20957155200,20957155200,2190998,False
640,1.2952813786622746,0.6187722229362121,1.8039801846768175,0.5232466656676158,6.0737741610540965,10,46686,32796800,32796800,2924,20989952000,20989952000,2193922,False
641,1.1341052487945298,0.6669937605302624,nan,nan,nan,10,54011,32796800,32796800,3380,21022748800,21022748800,2197302,False
642,1.0062671064440578,0.6977073390020182,nan,nan,nan,10,104551,32796800,32796800,6539,21055545600,21055545600,2203841,False
643,1.2341346575774335,0.6338319164962876,nan,nan,nan,10,46465,32796800,32796800,2910,21088342400,21088342400,2206751,False
644,1.0225301424520388,0.6967641151528676,nan,nan,nan,10,67215,32796800,32796800,4206,21121139200,21121139200,2210957,False
645,1.3183429569816054,0.6113598868724959,nan,nan,nan,10,38187,32796800,32796800,2391,21153936000,21153936000,2213348,False
646,1.2579422280560384,0.6243440912498227,nan,nan,nan,10,49359,32796800,32796800,3090,21186732800,21186732800,2216438,False
647,1.3785695130587856,0.595374677002584,nan,nan,nan,10,38700,32796800,32796800,2423,21219529600,21219529600,2218861,False
648,1.2841382211602073,0.6209324268744103,nan,nan,nan,10,41333,32796800,32796800,2589,21252326400,21252326400,2221450,False
649,1.0536206762540707,0.6817819647544057,nan,nan,nan,10,85344,32796800,32796800,5340,21285123200,21285123200,2226790,False
650,1.3355588629276707,0.6039987556912984,1.7585543152383112,0.5284354862880264,5.804040513317206,10,35361,32796800,32796800,2214,21317920000,21317920000,2229004,False
651,1.0185321435323362,0.6965454790195671,nan,nan,nan,10,81719,32796800,32796800,5113,21350716800,21350716800,2234117,False
652,0.967105638528423,0.7107679512683053,nan,nan,nan,10,88977,32796800,32796800,5566,21383513600,21383513600,2239683,False
653,1.1074306885518665,0.6692240930394029,nan,nan,nan,10,57610,32796800,32796800,3606,21416310400,21416310400,2243289,False
654,1.326859434368482,0.6091189033475712,nan,nan,nan,10,40268,32796800,32796800,2522,21449107200,21449107200,2245811,False
655,1.455551312825262,0.5822067160924553,nan,nan,nan,10,34395,32796800,32796800,2154,21481904000,21481904000,2247965,False
656,1.051142777331194,0.6964703396864201,nan,nan,nan,10,66267,32796800,32796800,4146,21514700800,21514700800,2252111,False
657,1.0577931322162246,0.6754643090250994,nan,nan,nan,10,84265,32796800,32796800,5271,21547497600,21547497600,2257382,False
658,1.2501288575829632,0.628468702786437,nan,nan,nan,10,52289,32796800,32796800,3272,21580294400,21580294400,2260654,False
659,1.419467350055759,0.5950505893397309,nan,nan,nan,10,38348,32796800,32796800,2402,21613091200,21613091200,2263056,False
660,1.2555999747037327,0.6269027517527422,1.761858819003729,0.5280421099955043,5.823251711304365,10,47497,32796800,32796800,2973,21645888000,21645888000,2266029,False
661,0.9688566944494492,0.7233906481261535,nan,nan,nan,10,54727,32796800,32796800,3425,21678684800,21678684800,2269454,False
662,1.3370705025403333,0.6098682966790598,nan,nan,nan,10,31738,32796800,32796800,1988,21711481600,21711481600,2271442,False
663,1.2620693826985063,0.6247953163903905,nan,nan,nan,10,44581,32796800,32796800,2791,21744278400,21744278400,2274233,False
664,1.182795063218351,0.6439928359954676,nan,nan,nan,10,54718,32796800,32796800,3425,21777075200,21777075200,2277658,False
665,1.1808297567366874,0.6429209468512729,nan,nan,nan,10,49258,32796800,32796800,3083,21809872000,21809872000,2280741,False
666,0.9884158535019341,0.7127706005586593,nan,nan,nan,10,68736,32796800,32796800,4300,21842668800,21842668800,2285041,False
667,1.2373450643202573,0.6285300215374087,nan,nan,nan,10,49681,32796800,32796800,3109,21875465600,21875465600,2288150,False
668,1.1754898563809708,0.6489476986254491,nan,nan,nan,10,52599,32796800,32796800,3292,21908262400,21908262400,2291442,False
669,1.0243704819310377,0.6897607049573913,nan,nan,nan,10,75806,32796800,32796800,4744,21941059200,21941059200,2296186,False
670,1.1268297795107602,0.6573706677699005,1.7617278692158878,0.5293908287127229,5.822489207654158,10,53177,32796800,32796800,3329,21973856000,21973856000,2299515,False
671,1.350863436780904,0.6042598991672804,nan,nan,nan,10,35306,32796800,32796800,2212,22006652800,22006652800,2301727,False
672,0.9164901509533422,0.7250480840361,nan,nan,nan,10,101385,32796800,32796800,6342,22039449600,22039449600,2308069,False
673,1.3011924866646698,0.6169480028177098,nan,nan,nan,10,38329,32796800,32796800,2400,22072246400,22072246400,2310469,False
674,1.3497286175497838,0.611914080557182,nan,nan,nan,10,32449,32796800,32796800,2033,22105043200,22105043200,2312502,False
675,1.315923058331035,0.6108829568788501,nan,nan,nan,10,42856,32796800,32796800,2683,22137840000,22137840000,2315185,False
676,1.2301421938730777,0.6361396030371653,nan,nan,nan,10,45042,32796800,32796800,2820,22170636800,22170636800,2318005,False
677,1.2534883211467682,0.6322510450667125,nan,nan,nan,10,34926,32796800,32796800,2189,22203433600,22203433600,2320194,False
678,1.350974203558667,0.6047784478238071,nan,nan,nan,10,30512,32796800,32796800,1910,22236230400,22236230400,2322104,False
679,1.1758616689257342,0.6521457699527478,nan,nan,nan,10,46347,32796800,32796800,2901,22269027200,22269027200,2325005,False
680,1.150631033600369,0.6535609683757831,1.7368952321913331,0.5340738798141765,5.679681925829238,10,53946,32796800,32796800,3376,22301824000,22301824000,2328381,False
681,1.033286804065211,0.688155024169055,nan,nan,nan,10,70131,32796800,32796800,4389,22334620800,22334620800,2332770,False
682,1.218249224514849,0.6379927424566287,nan,nan,nan,10,40234,32796800,32796800,2519,22367417600,22367417600,2335289,False
683,0.9887893846285084,0.6968746839283908,nan,nan,nan,10,79096,32796800,32796800,4948,22400214400,22400214400,2340237,False
684,1.0400419102788745,0.6824817518248175,nan,nan,nan,10,74254,32796800,32796800,4645,22433011200,22433011200,2344882,False
685,1.167083226132257,0.65130514317878,nan,nan,nan,10,56852,32796800,32796800,3558,22465808000,22465808000,2348440,False
686,1.11094891929547,0.6623964443863462,nan,nan,nan,10,61199,32796800,32796800,3830,22498604800,22498604800,2352270,False
687,1.1973380305513965,0.6473876650651195,nan,nan,nan,10,33093,32796800,32796800,2073,22531401600,22531401600,2354343,False
688,1.2351284186178975,0.6339030361269362,nan,nan,nan,10,43707,32796800,32796800,2736,22564198400,22564198400,2357079,False
689,1.2028433175789441,0.6438371544697191,nan,nan,nan,10,44533,32796800,32796800,2788,22596995200,22596995200,2359867,False
690,1.0497264381517446,0.6780311128437944,1.7657470736352825,0.5298965982316799,5.845938073335647,10,79517,32796800,32796800,4974,22629792000,22629792000,2364841,False
691,1.0040247099169644,0.6994748542156641,nan,nan,nan,10,62078,32796800,32796800,3885,22662588800,22662588800,2368726,False
692,1.1514501722693646,0.6522971134955418,nan,nan,nan,10,52936,32796800,32796800,3313,22695385600,22695385600,2372039,False
693,1.2777411831001653,0.6224933155080213,nan,nan,nan,10,35904,32796800,32796800,2247,22728182400,22728182400,2374286,False
694,1.17003352870601,0.6491963661774982,nan,nan,nan,10,41499,32796800,32796800,2598,22760979200,22760979200,2376884,False
695,1.2440103451804472,0.6286153846153846,nan,nan,nan,10,45500,32796800,32796800,2848,22793776000,22793776000,2379732,False
696,1.1272763008211852,0.6562510753983275,nan,nan,nan,10,58118,32796800,32796800,3638,22826572800,22826572800,2383370,False
697,1.0998845324820903,0.6676842640840746,nan,nan,nan,10,56997,32796800,32796800,3566,22859369600,22859369600,2386936,False
698,1.0116809357719603,0.6970934489945362,nan,nan,nan,10,71012,32796800,32796800,4444,22892166400,22892166400,2391380,False
699,1.0267861062819614,0.6919150892788719,nan,nan,nan,10,65245,32796800,32796800,4085,22924963200,22924963200,2395465,False
700,1.0132290868979363,0.700318382739328,1.8025473427168706,0.5265435336430391,6.06507763444287,10,64702,32796800,32796800,4048,22957760000,22957760000,2399513,False
701,1.0787948077990104,0.6800370385959005,nan,nan,nan,10,47518,32796800,32796800,2974,22990556800,22990556800,2402487,False
702,1.2235981734505388,0.6438717301879503,nan,nan,nan,10,44001,32796800,32796800,2755,23023353600,23023353600,2405242,False
703,0.8400425243865973,0.748849726538762,nan,nan,nan,10,92152,32796800,32796800,5764,23056150400,23056150400,2411006,False
704,1.145452246673191,0.655258288224409,nan,nan,nan,10,57823,32796800,32796800,3617,23088947200,23088947200,2414623,False
705,1.2048468787230786,0.648306306706005,nan,nan,nan,10,45079,32796800,32796800,2821,23121744000,23121744000,2417444,False
706,1.049190814367237,0.6926800549486491,nan,nan,nan,10,61148,32796800,32796800,3826,23154540800,23154540800,2421270,False
707,1.0834914008956331,0.6719659735349717,nan,nan,nan,10,52900,32796800,32796800,3311,23187337600,23187337600,2424581,False
708,0.9244976015948271,0.7284811110535316,nan,nan,nan,10,77188,32796800,32796800,4829,23220134400,23220134400,2429410,False
709,0.9853841253995445,0.7144383715226683,nan,nan,nan,10,57084,32796800,32796800,3571,23252931200,23252931200,2432981,False
710,1.1532879330906594,0.6611834801273037,1.8777697707301546,0.5241458114790949,6.538905330030802,10,54044,32796800,32796800,3383,23285728000,23285728000,2436364,False
711,1.2723135868723807,0.6270331667423898,nan,nan,nan,10,44020,32796800,32796800,2756,23318524800,23318524800,2439120,False
712,0.9034589023971136,0.7332226603029675,nan,nan,nan,10,96380,32796800,32796800,6029,23351321600,23351321600,2445149,False
713,1.2731272867375045,0.6254286248675159,nan,nan,nan,10,48119,32796800,32796800,3011,23384118400,23384118400,2448160,False
714,0.941060766676501,0.7316598209756338,nan,nan,nan,10,61109,32796800,32796800,3824,23416915200,23416915200,2451984,False
715,1.1001096416870761,0.6716577540106952,nan,nan,nan,10,63580,32796800,32796800,3979,23449712000,23449712000,2455963,False
716,1.262890313977178,0.6373303551919202,nan,nan,nan,10,41189,32796800,32796800,2578,23482508800,23482508800,2458541,False
717,1.1976523704551034,0.6522667311139306,nan,nan,nan,10,49653,32796800,32796800,3109,23515305600,23515305600,2461650,False
718,0.8951862476373623,0.7370680613629054,nan,nan,nan,10,71509,32796800,32796800,4474,23548102400,23548102400,2466124,False
719,1.5279908622710134,0.576407288142502,nan,nan,nan,10,24533,32796800,32796800,1538,23580899200,23580899200,2467662,False
720,1.1270918492194457,0.6601269589367189,1.833927446159844,0.5313951745841451,6.258418054077557,10,50410,32796800,32796800,3156,23613696000,23613696000,2470818,False
721,1.0684887671386676,0.6824506083765343,nan,nan,nan,10,56133,32796800,32796800,3514,23646492800,23646492800,2474332,False
722,1.0443804542835218,0.6909794332417767,nan,nan,nan,10,59708,32796800,32796800,3736,23679289600,23679289600,2478068,False
723,1.1461510665201549,0.6604669568658489,nan,nan,nan,10,42959,32796800,32796800,2689,23712086400,23712086400,2480757,False
724,1.0553328144821896,0.6840355352273727,nan,nan,nan,10,56845,32796800,32796800,3556,23744883200,23744883200,2484313,False
725,1.3425840410326924,0.6155808971774194,nan,nan,nan,10,31744,32796800,32796800,1989,23777680000,23777680000,2486302,False
726,1.5576887857792874,0.5710081831741041,nan,nan,nan,10,24807,32796800,32796800,1556,23810476800,23810476800,2487858,False
727,1.0295295883617783,0.7012827388933583,nan,nan,nan,10,44748,32796800,32796800,2800,23843273600,23843273600,2490658,False
728,1.278659838761467,0.6249312328082021,nan,nan,nan,10,39990,32796800,32796800,2504,23876070400,23876070400,2493162,False
729,0.9265582229276844,0.7269622962170328,nan,nan,nan,10,63548,32796800,32796800,3977,23908867200,23908867200,2497139,False
730,1.0173222174995047,0.6915620370769873,1.8665855510042255,0.5237524351865728,6.466180220930084,10,69531,32796800,32796800,4350,23941664000,23941664000,2501489,False
731,1.0564290407824442,0.6875017549771151,nan,nan,nan,10,71226,32796800,32796800,4456,23974460800,23974460800,2505945,False
732,1.2307097226599217,0.6360181549655992,nan,nan,nan,10,55522,32796800,32796800,3475,24007257600,24007257600,2509420,False
733,1.1384253340025479,0.6700505519447023,nan,nan,nan,10,48465,32796800,32796800,3032,24040054400,24040054400,2512452,False
734,0.9337884410707626,0.7262293339810837,nan,nan,nan,10,65869,32796800,32796800,4121,24072851200,24072851200,2516573,False
735,0.9397325965217177,0.7210806494543519,nan,nan,nan,10,75140,32796800,32796800,4701,24105648000,24105648000,2521274,False
736,1.4286171443614866,0.5952505522613649,nan,nan,nan,10,34404,32796800,32796800,2155,24138444800,24138444800,2523429,False
737,1.1379490324250445,0.6610699923326083,nan,nan,nan,10,63907,32796800,32796800,4000,24171241600,24171241600,2527429,False
738,1.1030165458084542,0.6764090401785714,nan,nan,nan,10,57344,32796800,32796800,3587,24204038400,24204038400,2531016,False
739,0.9303843340086115,0.727917313933279,nan,nan,nan,10,65017,32796800,32796800,4068,24236835200,24236835200,2535084,False
740,1.1988446418472307,0.6419884210087884,1.8474963311042882,0.5256256556271542,6.343916556468704,10,48018,32796800,32796800,3006,24269632000,24269632000,2538090,False
741,0.9644730035593789,0.7136296171833432,nan,nan,nan,10,71418,32796800,32796800,4468,24302428800,24302428800,2542558,False
742,1.4483986391425043,0.5889593952633586,nan,nan,nan,10,28839,32796800,32796800,1809,24335225600,24335225600,2544367,False
743,0.9057395340624548,0.7316491408053347,nan,nan,nan,10,77980,32796800,32796800,4879,24368022400,24368022400,2549246,False
744,1.0981324444408505,0.6732806126100337,nan,nan,nan,10,55892,32796800,32796800,3498,24400819200,24400819200,2552744,False
745,0.9700974509398158,0.7109060301809655,nan,nan,nan,10,66532,32796800,32796800,4164,24433616000,24433616000,2556908,False
746,0.9137754034002502,0.7410852427613644,nan,nan,nan,10,54292,32796800,32796800,3397,24466412800,24466412800,2560305,False
747,1.3978963840417453,0.5998941601294981,nan,nan,nan,10,32124,32796800,32796800,2014,24499209600,24499209600,2562319,False
748,1.1596089199471062,0.6585231586940015,nan,nan,nan,10,52680,32796800,32796800,3299,24532006400,24532006400,2565618,False
749,1.2576145597389488,0.6375952347970633,nan,nan,nan,10,36095,32796800,32796800,2259,24564803200,24564803200,2567877,False
750,0.9751710361903789,0.7039150849033291,1.8524379041729777,0.5285478795144612,6.375343067924806,10,84979,32796800,32796800,5315,24597600000,24597600000,2573192,False
751,1.2420384988195516,0.6403112382684029,nan,nan,nan,10,37399,32796800,32796800,2342,24630396800,24630396800,2575534,False
752,1.356396712483185,0.6091334776698052,nan,nan,nan,10,39722,32796800,32796800,2488,24663193600,24663193600,2578022,False
753,1.0675239620836852,0.687219708396179,nan,nan,nan,10,49725,32796800,32796800,3112,24695990400,24695990400,2581134,False
754,1.1632103256417259,0.6636805856571787,nan,nan,nan,10,41526,32796800,32796800,2601,24728787200,24728787200,2583735,False
755,1.0344630016211944,0.6908396946564885,nan,nan,nan,10,67072,32796800,32796800,4196,24761584000,24761584000,2587931,False
756,1.0387301989975035,0.6982865516852667,nan,nan,nan,10,53226,32796800,32796800,3332,24794380800,24794380800,2591263,False
757,0.9541965660027858,0.7132175470899997,nan,nan,nan,10,80378,32796800,32796800,5029,24827177600,24827177600,2596292,False
758,1.2333192654903864,0.6466039226010267,nan,nan,nan,10,30388,32796800,32796800,1904,24859974400,24859974400,2598196,False
759,1.0221785465445212,0.6972274365832184,nan,nan,nan,10,60197,32796800,32796800,3767,24892771200,24892771200,2601963,False
760,0.9447139990513079,0.7129660975963631,1.8899653191761547,0.5250262250861681,6.619139119864592,10,82708,32796800,32796800,5174,24925568000,24925568000,2607137,False
761,0.9969698978090955,0.7152230743927563,nan,nan,nan,10,57761,32796800,32796800,3615,24958364800,24958364800,2610752,False
762,1.3980652306231602,0.6052404069960764,nan,nan,nan,10,30074,32796800,32796800,1885,24991161600,24991161600,2612637,False
763,1.0620464682102675,0.6788306000447556,nan,nan,nan,10,62562,32796800,32796800,3915,25023958400,25023958400,2616552,False
764,1.0935879074257275,0.6815845480464201,nan,nan,nan,10,49806,32796800,32796800,3117,25056755200,25056755200,2619669,False
765,1.1691995223042333,0.6625668575198511,nan,nan,nan,10,42441,32796800,32796800,2657,25089552000,25089552000,2622326,False
766,0.9069861530498393,0.7240638428483732,nan,nan,nan,10,81450,32796800,32796800,5095,25122348800,25122348800,2627421,False
767,0.9838227275652749,0.7163444976076555,nan,nan,nan,10,52250,32796800,32796800,3270,25155145600,25155145600,2630691,False
768,0.8329139614523702,0.7545857052498419,nan,nan,nan,10,82212,32796800,32796800,5142,25187942400,25187942400,2635833,False
769,1.4205600747113285,0.5978341407808493,nan,nan,nan,10,35090,32796800,32796800,2198,25220739200,25220739200,2638031,False
770,1.3208116509265777,0.6234421794995653,1.9421071553183837,0.5187884010190319,6.97342959939847,10,41404,32796800,32796800,2591,25253536000,25253536000,2640622,False
771,1.0323983875158724,0.6920189120839421,nan,nan,nan,10,63663,32796800,32796800,3985,25286332800,25286332800,2644607,False
772,1.0331088455159283,0.6860382473016975,nan,nan,nan,10,60501,32796800,32796800,3785,25319129600,25319129600,2648392,False
773,1.0917754136309832,0.6733861338852185,nan,nan,nan,10,50252,32796800,32796800,3146,25351926400,25351926400,2651538,False
774,0.8754131402969183,0.748614491393719,nan,nan,nan,10,68206,32796800,32796800,4269,25384723200,25384723200,2655807,False
775,0.978722615915287,0.7045102119256206,nan,nan,nan,10,75451,32796800,32796800,4721,25417520000,25417520000,2660528,False
776,0.8577332268918787,0.7511155934404488,nan,nan,nan,10,72383,32796800,32796800,4529,25450316800,25450316800,2665057,False
777,1.350765932233729,0.6185917889810678,nan,nan,nan,10,32907,32796800,32796800,2062,25483113600,25483113600,2667119,False
778,1.4085307968021248,0.5976977567886659,nan,nan,nan,10,30492,32796800,32796800,1910,25515910400,25515910400,2669029,False
779,1.2461031557879307,0.6323368795760689,nan,nan,nan,10,49442,32796800,32796800,3094,25548707200,25548707200,2672123,False
780,1.0097381287132434,0.6949132921210437,1.9142570594931656,0.5223287876517309,6.781898377847238,10,86382,32796800,32796800,5404,25581504000,25581504000,2677527,False
781,0.8350543848962995,0.7484073384738101,nan,nan,nan,10,94025,32796800,32796800,5881,25614300800,25614300800,2683408,False
782,1.0872704941109876,0.6813727129812356,nan,nan,nan,10,59794,32796800,32796800,3741,25647097600,25647097600,2687149,False
783,1.297736792545805,0.6335440370838601,nan,nan,nan,10,35595,32796800,32796800,2228,25679894400,25679894400,2689377,False
784,1.2367784077209343,0.6419858451290591,nan,nan,nan,10,48040,32796800,32796800,3008,25712691200,25712691200,2692385,False
785,0.971806600520655,0.7121819449285466,nan,nan,nan,10,68856,32796800,32796800,4307,25745488000,25745488000,2696692,False
786,0.9965492444227214,0.7111326276874326,nan,nan,nan,10,45443,32796800,32796800,2844,25778284800,25778284800,2699536,False
787,1.2818825400864717,0.6265400833941906,nan,nan,nan,10,42449,32796800,32796800,2658,25811081600,25811081600,2702194,False
788,0.8669720387509458,0.7452272953843087,nan,nan,nan,10,80248,32796800,32796800,5020,25843878400,25843878400,2707214,False
789,1.0911281708193592,0.6849440255883025,nan,nan,nan,10,52524,32796800,32796800,3289,25876675200,25876675200,2710503,False
790,1.0967777784339847,0.6816319774899656,1.963149908759793,0.5168402517608273,7.121724554172381,10,48334,32796800,32796800,3026,25909472000,25909472000,2713529,False
791,1.0173223713533015,0.6995930160308189,nan,nan,nan,10,64376,32796800,32796800,4027,25942268800,25942268800,2717556,False
792,1.169915256874846,0.6579577009727728,nan,nan,nan,10,57259,32796800,32796800,3584,25975065600,25975065600,2721140,False
793,1.1001617963987562,0.6839261217251648,nan,nan,nan,10,59774,32796800,32796800,3740,26007862400,26007862400,2724880,False
794,1.0502710010753225,0.6815867974651608,nan,nan,nan,10,67381,32796800,32796800,4217,26040659200,26040659200,2729097,False
795,1.1465260576410274,0.6662200452478749,nan,nan,nan,10,45527,32796800,32796800,2851,26073456000,26073456000,2731948,False
796,0.9018846979672093,0.7408694278832866,nan,nan,nan,10,75981,32796800,32796800,4754,26106252800,26106252800,2736702,False
797,1.010389755064299,0.701164607828546,nan,nan,nan,10,53752,32796800,32796800,3363,26139049600,26139049600,2740065,False
798,0.9728596490338777,0.7078653268881153,nan,nan,nan,10,70957,32796800,32796800,4439,26171846400,26171846400,2744504,False
799,1.3910054758448442,0.6083542435424354,nan,nan,nan,10,33875,32796800,32796800,2124,26204643200,26204643200,2746628,False
800,1.1160169368100663,0.6823717878382234,1.9552212075173865,0.5186385433837855,7.065481788532754,10,45569,32796800,32796800,2854,26237440000,26237440000,2749482,False
801,0.9240795695567405,0.7310542739329099,nan,nan,nan,10,71784,32796800,32796800,4491,26270236800,26270236800,2753973,False
802,0.8980198478188972,0.7415767886981619,nan,nan,nan,10,65830,32796800,32796800,4119,26303033600,26303033600,2758092,False
803,1.083841909794106,0.6809628489777974,nan,nan,nan,10,45490,32796800,32796800,2847,26335830400,26335830400,2760939,False
804,1.0758455607483635,0.6801477674269194,nan,nan,nan,10,62260,32796800,32796800,3896,26368627200,26368627200,2764835,False
805,1.063237647403239,0.6876913454258156,nan,nan,nan,10,60754,32796800,32796800,3802,26401424000,26401424000,2768637,False
806,1.0978731053281823,0.6759961635713663,nan,nan,nan,10,45876,32796800,32796800,2872,26434220800,26434220800,2771509,False
807,0.9528746807684875,0.712955210037486,nan,nan,nan,10,77629,32796800,32796800,4857,26467017600,26467017600,2776366,False
808,0.9647407405214751,0.7116858351707288,nan,nan,nan,10,83905,32796800,32796800,5248,26499814400,26499814400,2781614,False
809,1.0281535547462044,0.6977251151506628,nan,nan,nan,10,56882,32796800,32796800,3559,26532611200,26532611200,2785173,False
810,1.096191874215578,0.6830933701181137,2.0174983196595826,0.5137681702382736,7.519490023660773,10,57995,32796800,32796800,3629,26565408000,26565408000,2788802,False
811,0.9649208328866806,0.7157992635137683,nan,nan,nan,10,79567,32796800,32796800,4978,26598204800,26598204800,2793780,False
812,0.9266124636165886,0.7377027819401916,nan,nan,nan,10,61396,32796800,32796800,3841,26631001600,26631001600,2797621,False
813,1.0819760112123697,0.6835884797351994,nan,nan,nan,10,55589,32796800,32796800,3478,26663798400,26663798400,2801099,False
814,0.9777303672128624,0.7162863452337137,nan,nan,nan,10,54340,32796800,32796800,3401,26696595200,26696595200,2804500,False
815,0.9864484062096256,0.7085957670739529,nan,nan,nan,10,60809,32796800,32796800,3805,26729392000,26729392000,2808305,False
816,0.9371502473398715,0.7267471345978294,nan,nan,nan,10,78872,32796800,32796800,4934,26762188800,26762188800,2813239,False
817,0.8582410610010719,0.7545132305663177,nan,nan,nan,10,72786,32796800,32796800,4555,26794985600,26794985600,2817794,False
818,1.3991939613591835,0.6266662014097285,nan,nan,nan,10,28658,32796800,32796800,1796,26827782400,26827782400,2819590,False
819,0.9427583403277529,0.7431303472571716,nan,nan,nan,10,59610,32796800,32796800,3730,26860579200,26860579200,2823320,False
820,0.9758763319928471,0.7093828399397892,2.022159471587586,0.518769668814626,7.554621321634626,10,69755,32796800,32796800,4364,26893376000,26893376000,2827684,False
821,1.159008300504827,0.662625520450649,nan,nan,nan,10,48996,32796800,32796800,3067,26926172800,26926172800,2830751,False
822,0.8080195286583157,0.7690620896896192,nan,nan,nan,10,73877,32796800,32796800,4623,26958969600,26958969600,2835374,False
823,0.9970993552723383,0.7058785768162925,nan,nan,nan,10,62311,32796800,32796800,3900,26991766400,26991766400,2839274,False
824,0.955793782408719,0.7494863404611521,nan,nan,nan,10,52564,32796800,32796800,3291,27024563200,27024563200,2842565,False
825,1.1831666839027102,0.6658081373646884,nan,nan,nan,10,53580,32796800,32796800,3354,27057360000,27057360000,2845919,False
826,0.8584951778273621,0.77156749247511,nan,nan,nan,10,64785,32796800,32796800,4055,27090156800,27090156800,2849974,False
827,1.0207184306107981,0.7111339148281169,nan,nan,nan,10,54572,32796800,32796800,3416,27122953600,27122953600,2853390,False
828,0.7817141064768569,0.7923395620191088,nan,nan,nan,10,70962,32796800,32796800,4439,27155750400,27155750400,2857829,False
829,0.8877853028358951,0.7609467085619597,nan,nan,nan,10,63969,32796800,32796800,4003,27188547200,27188547200,2861832,False
830,1.2647101695119387,0.6491317920202907,2.119162445855823,0.5166341975123633,8.324162630277273,10,41004,32796800,32796800,2569,27221344000,27221344000,2864401,False
831,1.479629297519086,0.5991404814549531,nan,nan,nan,10,32111,32796800,32796800,2010,27254140800,27254140800,2866411,False
832,1.2144598855114936,0.6594885282859357,nan,nan,nan,10,42583,32796800,32796800,2667,27286937600,27286937600,2869078,False
833,1.0047923758018469,0.7027994637646874,nan,nan,nan,10,63405,32796800,32796800,3967,27319734400,27319734400,2873045,False
834,1.3460529230380638,0.6244305099691373,nan,nan,nan,10,40826,32796800,32796800,2557,27352531200,27352531200,2875602,False
835,1.073634887396138,0.6939483005501546,nan,nan,nan,10,53076,32796800,32796800,3323,27385328000,27385328000,2878925,False
836,0.8709066910506329,0.7593157138897987,nan,nan,nan,10,79382,32796800,32796800,4965,27418124800,27418124800,2883890,False
837,0.9006913853413905,0.7306737334670296,nan,nan,nan,10,83772,32796800,32796800,5241,27450921600,27450921600,2889131,False
838,1.1917641729269368,0.665842412523705,nan,nan,nan,10,53786,32796800,32796800,3367,27483718400,27483718400,2892498,False
839,1.044338353049756,0.706997835720911,nan,nan,nan,10,48515,32796800,32796800,3038,27516515200,27516515200,2895536,False
840,0.77410657438471,0.786710643853501,2.1049214746754474,0.5159973025625656,8.20645856947111,10,72765,32796800,32796800,4553,27549312000,27549312000,2900089,False
841,1.115783551078041,0.6780494760105511,nan,nan,nan,10,56108,32796800,32796800,3511,27582108800,27582108800,2903600,False
842,1.047680294478927,0.7024290435968732,nan,nan,nan,10,57183,32796800,32796800,3580,27614905600,27614905600,2907180,False
843,1.0364287639029617,0.7120185863640426,nan,nan,nan,10,55955,32796800,32796800,3501,27647702400,27647702400,2910681,False
844,1.0796791528580199,0.6989014513671719,nan,nan,nan,10,49884,32796800,32796800,3122,27680499200,27680499200,2913803,False
845,1.038336593302879,0.7084110037846693,nan,nan,nan,10,53109,32796800,32796800,3324,27713296000,27713296000,2917127,False
846,1.1691129451518645,0.6813171952126581,nan,nan,nan,10,44367,32796800,32796800,2777,27746092800,27746092800,2919904,False
847,1.4333771827392607,0.6061024225697639,nan,nan,nan,10,39132,32796800,32796800,2450,27778889600,27778889600,2922354,False
848,1.5357941477217194,0.5900950410551496,nan,nan,nan,10,30934,32796800,32796800,1939,27811686400,27811686400,2924293,False
849,1.2642583934231633,0.6383550058145682,nan,nan,nan,10,47295,32796800,32796800,2960,27844483200,27844483200,2927253,False
850,0.853480938566046,0.7465837652710576,2.0505379946285793,0.5113891802787353,7.772081319742662,10,87011,32796800,32796800,5443,27877280000,27877280000,2932696,False
851,1.1851282597231694,0.6640970769904188,nan,nan,nan,10,41122,32796800,32796800,2575,27910076800,27910076800,2935271,False
852,0.7429730149781651,0.7993165657428578,nan,nan,nan,10,79598,32796800,32796800,4980,27942873600,27942873600,2940251,False
853,1.1116061138309445,0.6844619650552901,nan,nan,nan,10,59866,32796800,32796800,3746,27975670400,27975670400,2943997,False
854,1.3853519786804456,0.6190139600636155,nan,nan,nan,10,39613,32796800,32796800,2481,28008467200,28008467200,2946478,False
855,1.0929286747572615,0.6809057508239116,nan,nan,nan,10,63417,32796800,32796800,3967,28041264000,28041264000,2950445,False
856,1.4054466806602248,0.6183350895679662,nan,nan,nan,10,33215,32796800,32796800,2082,28074060800,28074060800,2952527,False
857,1.2878942239554272,0.632259859497809,nan,nan,nan,10,43131,32796800,32796800,2701,28106857600,28106857600,2955228,False
858,1.2399770208417917,0.661479250334672,nan,nan,nan,10,35856,32796800,32796800,2246,28139654400,28139654400,2957474,False
859,0.7326850655222028,0.794040637915738,nan,nan,nan,10,92426,32796800,32796800,5782,28172451200,28172451200,2963256,False
860,0.9341256677166015,0.7241289988343479,2.1638209324949207,0.5156601228832609,8.704332868051923,10,69489,32796800,32796800,4349,28205248000,28205248000,2967605,False
861,0.8998820661984095,0.7633872136729087,nan,nan,nan,10,59329,32796800,32796800,3712,28238044800,28238044800,2971317,False
862,1.2008672468267616,0.6594506279995915,nan,nan,nan,10,48965,32796800,32796800,3065,28270841600,28270841600,2974382,False
863,0.894519872740699,0.7383073805756794,nan,nan,nan,10,72054,32796800,32796800,4507,28303638400,28303638400,2978889,False
864,1.1781858108636107,0.6741066128457794,nan,nan,nan,10,42115,32796800,32796800,2638,28336435200,28336435200,2981527,False
865,1.1151163203632017,0.6753877924941385,nan,nan,nan,10,64403,32796800,32796800,4030,28369232000,28369232000,2985557,False
866,1.0667636953912714,0.695356577505378,nan,nan,nan,10,49274,32796800,32796800,3084,28402028800,28402028800,2988641,False
867,1.2140973119010459,0.64999000999001,nan,nan,nan,10,50050,32796800,32796800,3133,28434825600,28434825600,2991774,False
868,1.0224439635604672,0.709821004276889,nan,nan,nan,10,63130,32796800,32796800,3952,28467622400,28467622400,2995726,False
869,1.2076496560939773,0.6689379578871868,nan,nan,nan,10,39038,32796800,32796800,2444,28500419200,28500419200,2998170,False
870,0.8868368371802774,0.759995842283972,2.125391399415558,0.5114453768919527,8.376175276731072,10,57724,32796800,32796800,3613,28533216000,28533216000,3001783,False
871,0.9841239611493481,0.7148677391330398,nan,nan,nan,10,66762,32796800,32796800,4176,28566012800,28566012800,3005959,False
872,1.208866299093607,0.6530677260972227,nan,nan,nan,10,53362,32796800,32796800,3340,28598809600,28598809600,3009299,False
873,1.3637466709575745,0.6195783061412414,nan,nan,nan,10,42353,32796800,32796800,2651,28631606400,28631606400,3011950,False
874,0.9268711652082824,0.7374427137056235,nan,nan,nan,10,76589,32796800,32796800,4792,28664403200,28664403200,3016742,False
875,1.299899128760549,0.6306394878853423,nan,nan,nan,10,45771,32796800,32796800,2865,28697200000,28697200000,3019607,False
876,1.2710223897077202,0.6486494286044096,nan,nan,nan,10,34652,32796800,32796800,2170,28729996800,28729996800,3021777,False
877,1.2867215890498274,0.6393207503872411,nan,nan,nan,10,34862,32796800,32796800,2183,28762793600,28762793600,3023960,False
878,1.2876224675982733,0.6330970709725873,nan,nan,nan,10,42608,32796800,32796800,2667,28795590400,28795590400,3026627,False
879,1.2610622976923178,0.6375845448184716,nan,nan,nan,10,51452,32796800,32796800,3220,28828387200,28828387200,3029847,False
880,1.014212336462578,0.6960658917452598,2.0449065541142057,0.5121010040461561,7.7284363135888325,10,71147,32796800,32796800,4453,28861184000,28861184000,3034300,False
881,0.9883123231864964,0.7070768062935615,nan,nan,nan,10,57964,32796800,32796800,3627,28893980800,28893980800,3037927,False
882,1.1836837259056343,0.6528499388753056,nan,nan,nan,10,52352,32796800,32796800,3277,28926777600,28926777600,3041204,False
883,1.1428908360533756,0.6682673745173745,nan,nan,nan,10,41440,32796800,32796800,2593,28959574400,28959574400,3043797,False
884,0.9434108389682186,0.7255237148007708,nan,nan,nan,10,64348,32796800,32796800,4025,28992371200,28992371200,3047822,False
885,1.1817961521599907,0.6591617164458107,nan,nan,nan,10,48146,32796800,32796800,3012,29025168000,29025168000,3050834,False
886,1.022885492816979,0.7004688106542447,nan,nan,nan,10,66978,32796800,32796800,4191,29057964800,29057964800,3055025,False
887,1.0007769242485447,0.707388903497239,nan,nan,nan,10,57045,32796800,32796800,3570,29090761600,29090761600,3058595,False
888,1.0915850124072253,0.7019128448700979,nan,nan,nan,10,38529,32796800,32796800,2413,29123558400,29123558400,3061008,False
889,1.2981902650017285,0.634773159467536,nan,nan,nan,10,36810,32796800,32796800,2306,29156355200,29156355200,3063314,False
890,1.007548557469821,0.7056749294760218,2.0606573813861586,0.5208676757080773,7.851129300518719,10,66644,32796800,32796800,4171,29189152000,29189152000,3067485,False
891,1.0994322841474267,0.6809127947652167,nan,nan,nan,10,48598,32796800,32796800,3041,29221948800,29221948800,3070526,False
892,1.141833366889356,0.6790946519258501,nan,nan,nan,10,47849,32796800,32796800,2994,29254745600,29254745600,3073520,False
893,1.0180260235098095,0.7062187276626162,nan,nan,nan,10,57359,32796800,32796800,3589,29287542400,29287542400,3077109,False
894,1.441623558732585,0.6006947537187138,nan,nan,nan,10,33681,32796800,32796800,2109,29320339200,29320339200,3079218,False
895,0.8871144055351999,0.7470210234034114,nan,nan,nan,10,63025,32796800,32796800,3943,29353136000,29353136000,3083161,False
896,0.9964569277600082,0.7124125360145822,nan,nan,nan,10,68028,32796800,32796800,4255,29385932800,29385932800,3087416,False
897,0.8728054128954553,0.7490877719005459,nan,nan,nan,10,70706,32796800,32796800,4424,29418729600,29418729600,3091840,False
898,1.3664647879657597,0.624317866729595,nan,nan,nan,10,33901,32796800,32796800,2123,29451526400,29451526400,3093963,False
899,1.646520697353763,0.5764950417875546,nan,nan,nan,10,23093,32796800,32796800,1448,29484323200,29484323200,3095411,False
900,1.1479860507691981,0.6731661619572559,2.0646842644701615,0.5110707328038363,7.882808621942323,10,45901,32796800,32796800,2875,29517120000,29517120000,3098286,False
901,1.0549108719865077,0.6934141504013049,nan,nan,nan,10,53949,32796800,32796800,3375,29549916800,29549916800,3101661,False
902,1.0528951631961732,0.6884183086194056,nan,nan,nan,10,59076,32796800,32796800,3696,29582713600,29582713600,3105357,False
903,0.8424558893710178,0.7707806878085516,nan,nan,nan,10,59755,32796800,32796800,3739,29615510400,29615510400,3109096,False
904,1.1545120452398414,0.6841488838396852,nan,nan,nan,10,42691,32796800,32796800,2672,29648307200,29648307200,3111768,False
905,0.9598350613392526,0.7340287824564076,nan,nan,nan,10,52532,32796800,32796800,3287,29681104000,29681104000,3115055,False
906,0.9791606158285678,0.7133502690250406,nan,nan,nan,10,63377,32796800,32796800,3966,29713900800,29713900800,3119021,False
907,0.8909034592304154,0.7618036294476583,nan,nan,nan,10,63095,32796800,32796800,3950,29746697600,29746697600,3122971,False
908,0.8981471109202143,0.7365561939352192,nan,nan,nan,10,63877,32796800,32796800,3997,29779494400,29779494400,3126968,False
909,1.0613404725432973,0.6996886434399218,nan,nan,nan,10,44001,32796800,32796800,2756,29812291200,29812291200,3129724,False
910,1.2058011708428844,0.6627348406730214,2.1201120903158626,0.5129626854488236,8.332071379859338,10,39761,32796800,32796800,2490,29845088000,29845088000,3132214,False
911,1.2138139805042156,0.653521362864866,nan,nan,nan,10,47723,32796800,32796800,2986,29877884800,29877884800,3135200,False
912,1.389840670119501,0.6145750974672156,nan,nan,nan,10,36679,32796800,32796800,2296,29910681600,29910681600,3137496,False
913,0.8725582020256011,0.756339825758837,nan,nan,nan,10,72084,32796800,32796800,4510,29943478400,29943478400,3142006,False
914,0.6940039295949579,0.8036964491989352,nan,nan,nan,10,99555,32796800,32796800,6227,29976275200,29976275200,3148233,False
915,1.3043836166612883,0.6470364921938025,nan,nan,nan,10,42146,32796800,32796800,2639,30009072000,30009072000,3150872,False
916,0.9512336744281347,0.7178907516103992,nan,nan,nan,10,73429,32796800,32796800,4594,30041868800,30041868800,3155466,False
917,1.0615899205982298,0.6912710311510911,nan,nan,nan,10,60030,32796800,32796800,3758,30074665600,30074665600,3159224,False
918,0.8965676220946122,0.7465231197676986,nan,nan,nan,10,58889,32796800,32796800,3686,30107462400,30107462400,3162910,False
919,1.223669654094514,0.6602927063339731,nan,nan,nan,10,41680,32796800,32796800,2610,30140259200,30140259200,3165520,False
920,0.8195167718902796,0.7617910738647438,2.1419937055757265,0.5164281432638993,8.51639990835439,10,82096,32796800,32796800,5137,30173056000,30173056000,3170657,False
921,1.3541636576036211,0.6355163727959697,nan,nan,nan,10,31760,32796800,32796800,1990,30205852800,30205852800,3172647,False
922,0.9099981007202703,0.733209867397585,nan,nan,nan,10,67495,32796800,32796800,4224,30238649600,30238649600,3176871,False
923,0.9736190329035224,0.725317994592731,nan,nan,nan,10,55111,32796800,32796800,3450,30271446400,30271446400,3180321,False
924,0.889336247032024,0.7429355793831028,nan,nan,nan,10,69574,32796800,32796800,4354,30304243200,30304243200,3184675,False
925,0.9307209085792197,0.7285925456657164,nan,nan,nan,10,75768,32796800,32796800,4741,30337040000,30337040000,3189416,False
926,0.830521683763673,0.7638227902251217,nan,nan,nan,10,74804,32796800,32796800,4680,30369836800,30369836800,3194096,False
927,0.8024636740748405,0.774170607244008,nan,nan,nan,10,80149,32796800,32796800,5014,30402633600,30402633600,3199110,False
928,1.0543296267291222,0.7014933023510115,nan,nan,nan,10,58528,32796800,32796800,3663,30435430400,30435430400,3202773,False
929,1.2201837230812032,0.6615120684314613,nan,nan,nan,10,41969,32796800,32796800,2628,30468227200,30468227200,3205401,False
930,0.9173419825387761,0.7437252689170464,2.134385670533731,0.511314251461112,8.451852689515649,10,70003,32796800,32796800,4379,30501024000,30501024000,3209780,False
931,0.988263237488043,0.713315317983268,nan,nan,nan,10,54028,32796800,32796800,3382,30533820800,30533820800,3213162,False
932,1.0820478093596315,0.6858242355795374,nan,nan,nan,10,47814,32796800,32796800,2993,30566617600,30566617600,3216155,False
933,1.0111881253803612,0.7175662930713048,nan,nan,nan,10,45593,32796800,32796800,2853,30599414400,30599414400,3219008,False
934,0.8165141547076002,0.7750152509336548,nan,nan,nan,10,67209,32796800,32796800,4204,30632211200,30632211200,3223212,False
935,1.107968094108598,0.6900894863405211,nan,nan,nan,10,50734,32796800,32796800,3176,30665008000,30665008000,3226388,False
936,1.1522367708782648,0.7030705996131528,nan,nan,nan,10,41360,32796800,32796800,2591,30697804800,30697804800,3228979,False
937,0.7517573268260103,0.7980731015390519,nan,nan,nan,10,72967,32796800,32796800,4564,30730601600,30730601600,3233543,False
938,1.0288453723878537,0.7029684506755726,nan,nan,nan,10,58987,32796800,32796800,3691,30763398400,30763398400,3237234,False
939,0.9850160561988179,0.7273456867186247,nan,nan,nan,10,56071,32796800,32796800,3510,30796195200,30796195200,3240744,False
940,0.9363973231114262,0.7281575831094937,2.1984286679511267,0.5079611868724712,9.010843342407492,10,69246,32796800,32796800,4331,30828992000,30828992000,3245075,False
941,0.904552143106579,0.7556567525259713,nan,nan,nan,10,49189,32796800,32796800,3079,30861788800,30861788800,3248154,False
942,0.9236359669234385,0.7469146562543578,nan,nan,nan,10,57368,32796800,32796800,3590,30894585600,30894585600,3251744,False
943,0.8061678365594653,0.7829630709899049,nan,nan,nan,10,61713,32796800,32796800,3862,30927382400,30927382400,3255606,False
944,0.979382893273773,0.7421510811569784,nan,nan,nan,10,53415,32796800,32796800,3345,30960179200,30960179200,3258951,False
945,1.080789392808545,0.6970945118557275,nan,nan,nan,10,53898,32796800,32796800,3373,30992976000,30992976000,3262324,False
946,1.0850180777158027,0.6890006545178959,nan,nan,nan,10,58058,32796800,32796800,3632,31025772800,31025772800,3265956,False
947,1.0027634189854926,0.7167806072185569,nan,nan,nan,10,66994,32796800,32796800,4192,31058569600,31058569600,3270148,False
948,1.3008411800036486,0.6494847748060669,nan,nan,nan,10,43185,32796800,32796800,2706,31091366400,31091366400,3272854,False
949,1.1817729551258662,0.6828183239148732,nan,nan,nan,10,41585,32796800,32796800,2603,31124163200,31124163200,3275457,False
950,1.0416403819175717,0.6943968997254966,2.1825650825540506,0.5136183126030271,8.869026892265463,10,61930,32796800,32796800,3875,31156960000,31156960000,3279332,False
951,1.1824759138589964,0.6670874919606489,nan,nan,nan,10,41981,32796800,32796800,2629,31189756800,31189756800,3281961,False
952,1.0352476852087102,0.7062682333220508,nan,nan,nan,10,62043,32796800,32796800,3882,31222553600,31222553600,3285843,False
953,0.9992250216078572,0.7277138381912286,nan,nan,nan,10,58736,32796800,32796800,3676,31255350400,31255350400,3289519,False
954,1.2089465352328248,0.6751173708920187,nan,nan,nan,10,46860,32796800,32796800,2934,31288147200,31288147200,3292453,False
955,0.9010087442603024,0.756906751234982,nan,nan,nan,10,65588,32796800,32796800,4104,31320944000,31320944000,3296557,False
956,1.4166701516247566,0.6210075086854197,nan,nan,nan,10,35692,32796800,32796800,2236,31353740800,31353740800,3298793,False
957,1.181291030261705,0.6814471599366207,nan,nan,nan,10,41654,32796800,32796800,2609,31386537600,31386537600,3301402,False
958,1.1432401205141227,0.7076464489372732,nan,nan,nan,10,38580,32796800,32796800,2416,31419334400,31419334400,3303818,False
959,0.9961749096087213,0.7232207497875287,nan,nan,nan,10,63538,32796800,32796800,3975,31452131200,31452131200,3307793,False
960,0.9586157461933814,0.7305173061531174,2.2487786359271063,0.5102277836055747,9.476154930365778,10,61221,32796800,32796800,3830,31484928000,31484928000,3311623,False
961,0.7757240161716608,0.77238515140587,nan,nan,nan,10,85961,32796800,32796800,5378,31517724800,31517724800,3317001,False
962,1.5294450304503722,0.5970294700762795,nan,nan,nan,10,29759,32796800,32796800,1864,31550521600,31550521600,3318865,False
963,1.2346058948145946,0.6719346995484543,nan,nan,nan,10,34548,32796800,32796800,2164,31583318400,31583318400,3321029,False
964,1.1236036597888268,0.6821242825469841,nan,nan,nan,10,48261,32796800,32796800,3021,31616115200,31616115200,3324050,False
965,0.7738299032572418,0.7799727060222406,nan,nan,nan,10,74009,32796800,32796800,4630,31648912000,31648912000,3328680,False
966,1.0826385362378825,0.6947707642440935,nan,nan,nan,10,53373,32796800,32796800,3340,31681708800,31681708800,3332020,False
967,0.8874924309363547,0.766036566470406,nan,nan,nan,10,64540,32796800,32796800,4037,31714505600,31714505600,3336057,False
968,0.9194151300281315,0.7348682861828618,nan,nan,nan,10,78048,32796800,32796800,4884,31747302400,31747302400,3340941,False
969,0.9133355392483662,0.7559155479719589,nan,nan,nan,10,48643,32796800,32796800,3045,31780099200,31780099200,3343986,False
970,1.214345092040457,0.656795043800805,2.235802566131587,0.5042896748089315,9.353986032878534,10,50684,32796800,32796800,3172,31812896000,31812896000,3347158,False
971,0.7656026203642591,0.7891614133601738,nan,nan,nan,10,75508,32796800,32796800,4726,31845692800,31845692800,3351884,False
972,1.2473906204994785,0.651533817913022,nan,nan,nan,10,48702,32796800,32796800,3049,31878489600,31878489600,3354933,False
973,0.853838681649146,0.7687061090050339,nan,nan,nan,10,64364,32796800,32796800,4028,31911286400,31911286400,3358961,False
974,0.8503312159136762,0.771451957619026,nan,nan,nan,10,65973,32796800,32796800,4128,31944083200,31944083200,3363089,False
975,0.8200843923727352,0.7720281115910419,nan,nan,nan,10,70149,32796800,32796800,4389,31976880000,31976880000,3367478,False
976,0.9765535448306705,0.7218334098210188,nan,nan,nan,10,52296,32796800,32796800,3274,32009676800,32009676800,3370752,False
977,0.769037555470984,0.7965710469775275,nan,nan,nan,10,68884,32796800,32796800,4310,32042473600,32042473600,3375062,False
978,1.3315644357970848,0.6408072491541865,nan,nan,nan,10,42267,32796800,32796800,2646,32075270400,32075270400,3377708,False
979,0.8334484210397289,0.7617592188306276,nan,nan,nan,10,75579,32796800,32796800,4730,32108067200,32108067200,3382438,False
980,0.955861094582486,0.7354859689729709,2.253790305362154,0.5092162445676607,9.523765490935512,10,52277,32796800,32796800,3272,32140864000,32140864000,3385710,False
981,1.4191332413138253,0.616873047621188,nan,nan,nan,10,44497,32796800,32796800,2785,32173660800,32173660800,3388495,False
982,1.199997436547691,0.6738970925433367,nan,nan,nan,10,43612,32796800,32796800,2731,32206457600,32206457600,3391226,False
983,0.9433795343050665,0.7489838514775349,nan,nan,nan,10,54618,32796800,32796800,3420,32239254400,32239254400,3394646,False
984,0.7225252693596541,0.8005759813250107,nan,nan,nan,10,78822,32796800,32796800,4931,32272051200,32272051200,3399577,False
985,1.0690937943425098,0.7022655732273029,nan,nan,nan,10,48288,32796800,32796800,3025,32304848000,32304848000,3402602,False
986,1.143458286202333,0.7028005236542855,nan,nan,nan,10,38957,32796800,32796800,2440,32337644800,32337644800,3405042,False
987,0.9953231482475282,0.7279286569227398,nan,nan,nan,10,59319,32796800,32796800,3711,32370441600,32370441600,3408753,False
988,1.282239510551441,0.654181450760157,nan,nan,nan,10,42557,32796800,32796800,2665,32403238400,32403238400,3411418,False
989,1.6307100670663621,0.5848517175165351,nan,nan,nan,10,23435,32796800,32796800,1470,32436035200,32436035200,3412888,False
990,1.2191517769915123,0.6596592409967421,2.2090992416271504,0.5105462310804736,9.107509032154203,10,45428,32796800,32796800,2843,32468832000,32468832000,3415731,False
991,1.3632647768261914,0.6267434241317982,nan,nan,nan,10,42732,32796800,32796800,2676,32501628800,32501628800,3418407,False
992,1.127302624485914,0.7010284428732123,nan,nan,nan,10,49784,32796800,32796800,3115,32534425600,32534425600,3421522,False
993,0.9716261739059372,0.7408842925108837,nan,nan,nan,10,54439,32796800,32796800,3407,32567222400,32567222400,3424929,False
994,0.9101483380846742,0.7576768897328193,nan,nan,nan,10,52137,32796800,32796800,3263,32600019200,32600019200,3428192,False
995,1.2538424173387712,0.6487830843214273,nan,nan,nan,10,54482,32796800,32796800,3410,32632816000,32632816000,3431602,False
996,1.1665790069568833,0.6703872789878903,nan,nan,nan,10,51694,32796800,32796800,3235,32665612800,32665612800,3434837,False
997,1.1549846969356896,0.6815125475805165,nan,nan,nan,10,43873,32796800,32796800,2746,32698409600,32698409600,3437583,False
998,1.1251854273622162,0.6973227944926058,nan,nan,nan,10,39220,32796800,32796800,2455,32731206400,32731206400,3440038,False
999,1.0599906774148118,0.7116751269035533,nan,nan,nan,10,49250,32796800,32796800,3082,32764003200,32764003200,3443120,False
1000,1.0417016088356226,0.7122099513937791,2.2901909638608786,0.5065562715420351,9.876823617465822,10,58223,32796800,32796800,3643,32796800000,32796800000,3446763,True
