round,train_loss,train_accuracy,test_loss,test_accuracy,test_perplexity,num_fit_clients,num_fit_examples,round_upload_bytes,round_download_bytes,round_local_steps,cumulative_upload_bytes,cumulative_download_bytes,cumulative_local_steps,run_completed
1,4.21153874913268,0.15786741806317664,nan,nan,nan,10,40458,32796800,32796800,2532,32796800,32796800,2532,False
2,3.761924851998718,0.18760124971071512,nan,nan,nan,10,34568,32796800,32796800,2166,65593600,65593600,4698,False
3,3.248779177996639,0.18825399118688146,nan,nan,nan,10,96901,32796800,32796800,6062,98390400,98390400,10760,False
4,3.1407759910145203,0.18958247634718223,nan,nan,nan,10,38896,32796800,32796800,2437,131187200,131187200,13197,False
5,3.1293167212426525,0.18774507488071054,nan,nan,nan,10,42334,32796800,32796800,2652,163984000,163984000,15849,False
6,3.114371812041894,0.18982103032387632,nan,nan,nan,10,90127,32796800,32796800,5638,196780800,196780800,21487,False
7,3.122606646507424,0.18805111421483814,nan,nan,nan,10,47971,32796800,32796800,3003,229577600,229577600,24490,False
8,3.100338376782997,0.19112523684371371,nan,nan,nan,10,49083,32796800,32796800,3072,262374400,262374400,27562,False
9,3.1189331513667335,0.18729905604568017,nan,nan,nan,10,38879,32796800,32796800,2435,295171200,295171200,29997,False
10,3.1112318244302655,0.18920736320080692,3.1352471123744965,0.19211748838603326,22.99431732037706,10,47588,32796800,32796800,2978,327968000,327968000,32975,False
11,3.1058241492290573,0.18836495395299682,nan,nan,nan,10,59613,32796800,32796800,3731,360764800,360764800,36706,False
12,3.1028121287140764,0.18847368118936916,nan,nan,nan,10,87105,32796800,32796800,5449,393561600,393561600,42155,False
13,3.1037028555446002,0.1899238267231599,nan,nan,nan,10,43191,32796800,32796800,2703,426358400,426358400,44858,False
14,3.107901985238615,0.18784137460172964,nan,nan,nan,10,35152,32796800,32796800,2200,459155200,459155200,47058,False
15,3.0990917438567096,0.1896691448504281,nan,nan,nan,10,56762,32796800,32796800,3553,491952000,491952000,50611,False
16,3.107057065450272,0.1867525801343308,nan,nan,nan,10,36626,32796800,32796800,2295,524748800,524748800,52906,False
17,3.094078068475502,0.1888934501649137,nan,nan,nan,10,70643,32796800,32796800,4420,557545600,557545600,57326,False
18,3.1015387104449648,0.18985883978809515,nan,nan,nan,10,30391,32796800,32796800,1904,590342400,590342400,59230,False
19,3.080842323816513,0.19019111860595841,nan,nan,nan,10,35580,32796800,32796800,2228,623139200,623139200,61458,False
20,3.0968456902123283,0.18958894345002375,3.1252952116496484,0.19211748838603326,22.76661507156221,10,50504,32796800,32796800,3162,655936000,655936000,64620,False
21,3.087213852941905,0.190253045923149,nan,nan,nan,10,57618,32796800,32796800,3606,688732800,688732800,68226,False
22,3.1018618709844485,0.19020816882004066,nan,nan,nan,10,59519,32796800,32796800,3725,721529600,721529600,71951,False
23,3.0724282149276205,0.18986532239861562,nan,nan,nan,10,53164,32796800,32796800,3327,754326400,754326400,75278,False
24,3.072294134513923,0.18874915093757075,nan,nan,nan,10,48583,32796800,32796800,3041,787123200,787123200,78319,False
25,3.078804359115596,0.19126886266220422,nan,nan,nan,10,68124,32796800,32796800,4263,819920000,819920000,82582,False
26,3.050875480327664,0.1963843684622387,nan,nan,nan,10,62617,32796800,32796800,3918,852716800,852716800,86500,False
27,3.0237100999370137,0.2051507665234018,nan,nan,nan,10,88647,32796800,32796800,5546,885513600,885513600,92046,False
28,3.024719259514359,0.2090237929246885,nan,nan,nan,10,55941,32796800,32796800,3500,918310400,918310400,95546,False
29,2.970773928843706,0.22015404364569963,nan,nan,nan,10,60762,32796800,32796800,3802,951107200,951107200,99348,False
30,3.003014892481127,0.2185001408420186,3.0016312094333557,0.22278210699835158,20.11832737726894,10,46151,32796800,32796800,2889,983904000,983904000,102237,False
31,2.961495567626357,0.22679618551205355,nan,nan,nan,10,84415,32796800,32796800,5281,1016700800,1016700800,107518,False
32,2.9562862910050445,0.22927218037380775,nan,nan,nan,10,38897,32796800,32796800,2436,1049497600,1049497600,109954,False
33,2.9353274210439424,0.23339156636161107,nan,nan,nan,10,62393,32796800,32796800,3904,1082294400,1082294400,113858,False
34,2.941433824019168,0.22915801050959306,nan,nan,nan,10,40915,32796800,32796800,2562,1115091200,1115091200,116420,False
35,2.9462809756247736,0.2296191319751993,nan,nan,nan,10,56450,32796800,32796800,3533,1147888000,1147888000,119953,False
36,2.9159452600883644,0.23203961955282953,nan,nan,nan,10,48259,32796800,32796800,3021,1180684800,1180684800,122974,False
37,2.9067452030467065,0.23424748624740566,nan,nan,nan,10,49627,32796800,32796800,3107,1213481600,1213481600,126081,False
38,2.8890096658037265,0.23598163350493948,nan,nan,nan,10,43122,32796800,32796800,2700,1246278400,1246278400,128781,False
39,2.8864716612265138,0.23615482077900846,nan,nan,nan,10,48934,32796800,32796800,3062,1279075200,1279075200,131843,False
40,2.880215368896189,0.23802943914358854,2.8858263297862026,0.24278810130376144,17.918367960852738,10,68752,32796800,32796800,4301,1311872000,1311872000,136144,False
41,2.8847183109317185,0.24099396321774533,nan,nan,nan,10,35615,32796800,32796800,2230,1344668800,1344668800,138374,False
42,2.8731202704184633,0.2354900354900355,nan,nan,nan,10,36630,32796800,32796800,2294,1377465600,1377465600,140668,False
43,2.8442729707599295,0.24237563118653954,nan,nan,nan,10,54857,32796800,32796800,3432,1410262400,1410262400,144100,False
44,2.8543615965442157,0.24092654127818822,nan,nan,nan,10,61994,32796800,32796800,3879,1443059200,1443059200,147979,False
45,2.8362672372669837,0.24567818695337762,nan,nan,nan,10,73291,32796800,32796800,4585,1475856000,1475856000,152564,False
46,2.8541531291274063,0.2432544533705903,nan,nan,nan,10,45808,32796800,32796800,2868,1508652800,1508652800,155432,False
47,2.828127062333578,0.25193610463569943,nan,nan,nan,10,63917,32796800,32796800,4000,1541449600,1541449600,159432,False
48,2.815097935709624,0.2513930330373513,nan,nan,nan,10,55634,32796800,32796800,3481,1574246400,1574246400,162913,False
49,2.819254754330343,0.253104285314163,nan,nan,nan,10,64266,32796800,32796800,4022,1607043200,1607043200,166935,False
50,2.813578438354835,0.2558461565090959,2.820549760750168,0.26494829911583995,16.786076461907033,10,57773,32796800,32796800,3616,1639840000,1639840000,170551,False
51,2.803628602028345,0.25778610297691734,nan,nan,nan,10,84349,32796800,32796800,5278,1672636800,1672636800,175829,False
52,2.7926811193408065,0.2629121803499327,nan,nan,nan,10,47552,32796800,32796800,2977,1705433600,1705433600,178806,False
53,2.802948191375321,0.26091583461141193,nan,nan,nan,10,31949,32796800,32796800,2002,1738230400,1738230400,180808,False
54,2.790740901794731,0.26089337877312563,nan,nan,nan,10,49296,32796800,32796800,3085,1771027200,1771027200,183893,False
55,2.7655026590291425,0.2626361246714232,nan,nan,nan,10,53260,32796800,32796800,3333,1803824000,1803824000,187226,False
56,2.7762631088548546,0.26109509157981214,nan,nan,nan,10,62077,32796800,32796800,3885,1836620800,1836620800,191111,False
57,2.7532875276664432,0.26832725799918994,nan,nan,nan,10,29628,32796800,32796800,1856,1869417600,1869417600,192967,False
58,2.780603948603113,0.25805951299492613,nan,nan,nan,10,45133,32796800,32796800,2825,1902214400,1902214400,195792,False
59,2.766177992087446,0.264235804353064,nan,nan,nan,10,49804,32796800,32796800,3119,1935011200,1935011200,198911,False
60,2.761283542972425,0.26392134461927264,2.758804583038577,0.27169189270193317,15.78096683267446,10,57771,32796800,32796800,3616,1967808000,1967808000,202527,False
61,2.7780060621557743,0.2608896016516433,nan,nan,nan,10,54249,32796800,32796800,3394,2000604800,2000604800,205921,False
62,2.7409783757002613,0.26629793703635746,nan,nan,nan,10,76298,32796800,32796800,4773,2033401600,2033401600,210694,False
63,2.7423427765678863,0.2681892919535505,nan,nan,nan,10,38924,32796800,32796800,2437,2066198400,2066198400,213131,False
64,2.7344764076648533,0.2657947910203172,nan,nan,nan,10,62853,32796800,32796800,3932,2098995200,2098995200,217063,False
65,2.7228848799222334,0.2689291948989555,nan,nan,nan,10,33797,32796800,32796800,2116,2131792000,2131792000,219179,False
66,2.7295302353998827,0.27061225357803625,nan,nan,nan,10,47023,32796800,32796800,2943,2164588800,2164588800,222122,False
67,2.7245549103081417,0.26834790612057063,nan,nan,nan,10,54325,32796800,32796800,3401,2197385600,2197385600,225523,False
68,2.69395008845107,0.2713228085595484,nan,nan,nan,10,29581,32796800,32796800,1853,2230182400,2230182400,227376,False
69,2.6887206371496304,0.2750855701675374,nan,nan,nan,10,72163,32796800,32796800,4514,2262979200,2262979200,231890,False
70,2.7002715386373723,0.2714091314344705,2.693799157880797,0.2812827813577102,14.787750333440806,10,63933,32796800,32796800,3999,2295776000,2295776000,235889,False
71,2.6827986559080026,0.26954804910469937,nan,nan,nan,10,51156,32796800,32796800,3203,2328572800,2328572800,239092,False
72,2.676400589429752,0.2766298575064633,nan,nan,nan,10,49897,32796800,32796800,3124,2361369600,2361369600,242216,False
73,2.691956136450295,0.27269495351689566,nan,nan,nan,10,56257,32796800,32796800,3522,2394166400,2394166400,245738,False
74,2.6459692982261136,0.27711995548832435,nan,nan,nan,10,57513,32796800,32796800,3598,2426963200,2426963200,249336,False
75,2.6087115132267944,0.2868273331864086,nan,nan,nan,10,77137,32796800,32796800,4826,2459760000,2459760000,254162,False
76,2.588707616765887,0.29368600682593854,nan,nan,nan,10,17580,32796800,32796800,1103,2492556800,2492556800,255265,False
77,2.6208871332618875,0.2879966657404835,nan,nan,nan,10,43188,32796800,32796800,2704,2525353600,2525353600,257969,False
78,2.6688577104877504,0.27958251247013455,nan,nan,nan,10,47714,32796800,32796800,2987,2558150400,2558150400,260956,False
79,2.591815494805712,0.29290445446649993,nan,nan,nan,10,95567,32796800,32796800,5979,2590947200,2590947200,266935,False
80,2.6299591408069616,0.2893844738243983,2.620770669494382,0.2983103551625955,13.746313368315521,10,41298,32796800,32796800,2584,2623744000,2623744000,269519,False
81,2.5848326451275017,0.2969942504041086,nan,nan,nan,10,48873,32796800,32796800,3060,2656540800,2656540800,272579,False
82,2.5892270466393406,0.29376708663011875,nan,nan,nan,10,69133,32796800,32796800,4326,2689337600,2689337600,276905,False
83,2.603280597437464,0.29195424772705053,nan,nan,nan,10,51145,32796800,32796800,3203,2722134400,2722134400,280108,False
84,2.58874893329656,0.2935107746779806,nan,nan,nan,10,49143,32796800,32796800,3077,2754931200,2754931200,283185,False
85,2.5612938777222847,0.2979721695536202,nan,nan,nan,10,31117,32796800,32796800,1950,2787728000,2787728000,285135,False
86,2.541119122357277,0.3035155096011817,nan,nan,nan,10,50775,32796800,32796800,3177,2820524800,2820524800,288312,False
87,2.535886130560103,0.3091983630735994,nan,nan,nan,10,96278,32796800,32796800,6023,2853321600,2853321600,294335,False
88,2.539559762497708,0.31037407293790714,nan,nan,nan,10,55417,32796800,32796800,3467,2886118400,2886118400,297802,False
89,2.5240050418005127,0.31030333506941327,nan,nan,nan,10,55681,32796800,32796800,3485,2918915200,2918915200,301287,False
90,2.5052373871359697,0.3146546769022468,2.5391047568616347,0.31824142065038213,12.66832466201087,10,78289,32796800,32796800,4897,2951712000,2951712000,306184,False
91,2.527286582549132,0.31134982332155475,nan,nan,nan,10,35375,32796800,32796800,2215,2984508800,2984508800,308399,False
92,2.521621180252179,0.3105682456778288,nan,nan,nan,10,60502,32796800,32796800,3784,3017305600,3017305600,312183,False
93,2.497174448037209,0.31653345174659564,nan,nan,nan,10,40536,32796800,32796800,2539,3050102400,3050102400,314722,False
94,2.489378648555547,0.31768488745980705,nan,nan,nan,10,52870,32796800,32796800,3309,3082899200,3082899200,318031,False
95,2.482483964942243,0.32482371931016907,nan,nan,nan,10,23542,32796800,32796800,1476,3115696000,3115696000,319507,False
96,2.4872685025698833,0.32151057487984713,nan,nan,nan,10,70119,32796800,32796800,4388,3148492800,3148492800,323895,False
97,2.503396738606448,0.316296936026502,nan,nan,nan,10,77579,32796800,32796800,4853,3181289600,3181289600,328748,False
98,2.458605188326775,0.32636202595712377,nan,nan,nan,10,55322,32796800,32796800,3462,3214086400,3214086400,332210,False
99,2.470957941474643,0.32183001663130123,nan,nan,nan,10,69748,32796800,32796800,4365,3246883200,3246883200,336575,False
100,2.4460098395083603,0.32517478112993636,2.4681850452929015,0.3306046755582197,11.801009106236783,10,79385,32796800,32796800,4967,3279680000,3279680000,341542,False
101,2.4440957371709287,0.32557733189667726,nan,nan,nan,10,68678,32796800,32796800,4298,3312476800,3312476800,345840,False
102,2.44242839243753,0.32701701647968223,nan,nan,nan,10,55887,32796800,32796800,3498,3345273600,3345273600,349338,False
103,2.4496721001301154,0.3289980732177264,nan,nan,nan,10,45672,32796800,32796800,2859,3378070400,3378070400,352197,False
104,2.4370276768383285,0.32991455860876573,nan,nan,nan,10,59573,32796800,32796800,3728,3410867200,3410867200,355925,False
105,2.448353068969999,0.32632781474966904,nan,nan,nan,10,55147,32796800,32796800,3450,3443664000,3443664000,359375,False
106,2.4089979035537694,0.33434800080369703,nan,nan,nan,10,99540,32796800,32796800,6225,3476460800,3476460800,365600,False
107,2.4436082378081485,0.3284301946380145,nan,nan,nan,10,58262,32796800,32796800,3646,3509257600,3509257600,369246,False
108,2.4005296948534296,0.3356016647932679,nan,nan,nan,10,32917,32796800,32796800,2062,3542054400,3542054400,371308,False
109,2.44261508233935,0.33227911646586344,nan,nan,nan,10,39840,32796800,32796800,2496,3574851200,3574851200,373804,False
110,2.419783102431508,0.33429267574771476,2.4123827110929645,0.3416379439532444,11.160521788397952,10,61153,32796800,32796800,3827,3607648000,3607648000,377631,False
111,2.379204203970755,0.34229486324216146,nan,nan,nan,10,59960,32796800,32796800,3751,3640444800,3640444800,381382,False
112,2.398382771181959,0.3368645953885872,nan,nan,nan,10,33699,32796800,32796800,2111,3673241600,3673241600,383493,False
113,2.3855081512342915,0.34087202348591933,nan,nan,nan,10,45985,32796800,32796800,2879,3706038400,3706038400,386372,False
114,2.4128552745119545,0.3379815966716808,nan,nan,nan,10,73791,32796800,32796800,4617,3738835200,3738835200,390989,False
115,2.370442073180978,0.34593208026877326,nan,nan,nan,10,44052,32796800,32796800,2758,3771632000,3771632000,393747,False
116,2.325728378144856,0.3555958248767759,nan,nan,nan,10,68980,32796800,32796800,4315,3804428800,3804428800,398062,False
117,2.3820680614912964,0.3421733895243829,nan,nan,nan,10,33220,32796800,32796800,2081,3837225600,3837225600,400143,False
118,2.3713729317424894,0.3437992781301468,nan,nan,nan,10,85611,32796800,32796800,5356,3870022400,3870022400,405499,False
119,2.3590212244443034,0.3479306811600659,nan,nan,nan,10,44894,32796800,32796800,2812,3902819200,3902819200,408311,False
120,2.356013610212189,0.3510308337894545,2.366201438879513,0.3566424396823018,10.656834664755413,10,38367,32796800,32796800,2402,3935616000,3935616000,410713,False
121,2.40357421414565,0.3463055601735004,nan,nan,nan,10,66167,32796800,32796800,4140,3968412800,3968412800,414853,False
122,2.337025995695883,0.3598781549173194,nan,nan,nan,10,39066,32796800,32796800,2446,4001209600,4001209600,417299,False
123,2.3464327623798575,0.35442020246318023,nan,nan,nan,10,27363,32796800,32796800,1714,4034006400,4034006400,419013,False
124,2.317079240322262,0.3605769230769231,nan,nan,nan,10,51168,32796800,32796800,3203,4066803200,4066803200,422216,False
125,2.3300480175381018,0.35759195490911583,nan,nan,nan,10,58371,32796800,32796800,3653,4099600000,4099600000,425869,False
126,2.346449445341332,0.352951446140715,nan,nan,nan,10,51551,32796800,32796800,3228,4132396800,4132396800,429097,False
127,2.3179760169892947,0.3621007371007371,nan,nan,nan,10,45584,32796800,32796800,2854,4165193600,4165193600,431951,False
128,2.3068936237757507,0.36390829008569764,nan,nan,nan,10,66863,32796800,32796800,4185,4197990400,4197990400,436136,False
129,2.3038362794180602,0.36067738677852873,nan,nan,nan,10,64365,32796800,32796800,4027,4230787200,4230787200,440163,False
130,2.3123737899199956,0.36510769676065513,2.324085837948292,0.37080398621309757,10.21733551481846,10,41459,32796800,32796800,2596,4263584000,4263584000,442759,False
131,2.316383778725837,0.36002779708130644,nan,nan,nan,10,35975,32796800,32796800,2254,4296380800,4296380800,445013,False
132,2.3060232763854045,0.3651813646740509,nan,nan,nan,10,47308,32796800,32796800,2962,4329177600,4329177600,447975,False
133,2.3014542293939453,0.36555364422555786,nan,nan,nan,10,42437,32796800,32796800,2657,4361974400,4361974400,450632,False
134,2.302488675656358,0.36317020257515564,nan,nan,nan,10,35493,32796800,32796800,2224,4394771200,4394771200,452856,False
135,2.2916204389181596,0.36520264612292747,nan,nan,nan,10,47768,32796800,32796800,2989,4427568000,4427568000,455845,False
136,2.3088518221578216,0.36563305228838366,nan,nan,nan,10,57049,32796800,32796800,3571,4460364800,4460364800,459416,False
137,2.288546460235198,0.3682483370288248,nan,nan,nan,10,67650,32796800,32796800,4233,4493161600,4493161600,463649,False
138,2.290692609378631,0.3692423901513934,nan,nan,nan,10,62222,32796800,32796800,3893,4525958400,4525958400,467542,False
139,2.29014544576339,0.3645318132282672,nan,nan,nan,10,47716,32796800,32796800,2986,4558755200,4558755200,470528,False
140,2.274636063428264,0.36741889985895626,2.281797438676829,0.37816574254458263,9.794269195674772,10,29778,32796800,32796800,1866,4591552000,4591552000,472394,False
141,2.2831521246133404,0.3707283894637042,nan,nan,nan,10,48518,32796800,32796800,3037,4624348800,4624348800,475431,False
142,2.2664259704686605,0.3732731599721384,nan,nan,nan,10,68912,32796800,32796800,4312,4657145600,4657145600,479743,False
143,2.248063488275244,0.3760450356990297,nan,nan,nan,10,65548,32796800,32796800,4101,4689942400,4689942400,483844,False
144,2.2630724971150697,0.3737063117772466,nan,nan,nan,10,77395,32796800,32796800,4843,4722739200,4722739200,488687,False
145,2.2611646023040217,0.37411461687057307,nan,nan,nan,10,37272,32796800,32796800,2335,4755536000,4755536000,491022,False
146,2.266561147468247,0.3748958578951505,nan,nan,nan,10,63615,32796800,32796800,3982,4788332800,4788332800,495004,False
147,2.2359574612199817,0.3818815657097401,nan,nan,nan,10,42741,32796800,32796800,2676,4821129600,4821129600,497680,False
148,2.244785201897171,0.3743810449349808,nan,nan,nan,10,64827,32796800,32796800,4057,4853926400,4853926400,501737,False
149,2.2517401000463795,0.37882682109509713,nan,nan,nan,10,61474,32796800,32796800,3847,4886723200,4886723200,505584,False
150,2.2539861288279393,0.37921004593689195,2.2360852398151367,0.38723212947699687,9.356630532313911,10,49851,32796800,32796800,3120,4919520000,4919520000,508704,False
151,2.2277419105319023,0.3825392583743339,nan,nan,nan,10,63617,32796800,32796800,3982,4952316800,4952316800,512686,False
152,2.2062443101421993,0.3891599341124794,nan,nan,nan,10,63745,32796800,32796800,3989,4985113600,4985113600,516675,False
153,2.222062248099683,0.37789046226355544,nan,nan,nan,10,47527,32796800,32796800,2976,5017910400,5017910400,519651,False
154,2.1983437100141305,0.38661318348182927,nan,nan,nan,10,54098,32796800,32796800,3386,5050707200,5050707200,523037,False
155,2.2107027309132707,0.3905690409868683,nan,nan,nan,10,55286,32796800,32796800,3460,5083504000,5083504000,526497,False
156,2.189668590590382,0.3901978077359204,nan,nan,nan,10,31748,32796800,32796800,1989,5116300800,5116300800,528486,False
157,2.187680225358449,0.389300565925648,nan,nan,nan,10,31983,32796800,32796800,2004,5149097600,5149097600,530490,False
158,2.2313644257850056,0.38285881084964973,nan,nan,nan,10,44536,32796800,32796800,2789,5181894400,5181894400,533279,False
159,2.2144051934615514,0.38623198480003706,nan,nan,nan,10,43158,32796800,32796800,2701,5214691200,5214691200,535980,False
160,2.178091936789085,0.3914435079483623,2.192024091114334,0.39401318747190167,8.953317116062113,10,46865,32796800,32796800,2933,5247488000,5247488000,538913,False
161,2.1376943880936192,0.40349013657056143,nan,nan,nan,10,65900,32796800,32796800,4123,5280284800,5280284800,543036,False
162,2.1453237583963713,0.39968732551647124,nan,nan,nan,10,44775,32796800,32796800,2803,5313081600,5313081600,545839,False
163,2.1346334125129083,0.4022646450518547,nan,nan,nan,10,67207,32796800,32796800,4207,5345878400,5345878400,550046,False
164,2.1397466815540622,0.39783809441615603,nan,nan,nan,10,46348,32796800,32796800,2901,5378675200,5378675200,552947,False
165,2.187840036240162,0.38764365884804086,nan,nan,nan,10,59516,32796800,32796800,3724,5411472000,5411472000,556671,False
166,2.172364846770543,0.3933528557483989,nan,nan,nan,10,42003,32796800,32796800,2629,5444268800,5444268800,559300,False
167,2.1600432010070283,0.3915963081072728,nan,nan,nan,10,71183,32796800,32796800,4453,5477065600,5477065600,563753,False
168,2.1535876185706733,0.3964081720353095,nan,nan,nan,10,55849,32796800,32796800,3495,5509862400,5509862400,567248,False
169,2.1307039077398553,0.40287379306404614,nan,nan,nan,10,35006,32796800,32796800,2193,5542659200,5542659200,569441,False
170,2.149268649996394,0.39687617613850207,2.1574972038877864,0.3999325640641391,8.649462704153377,10,37198,32796800,32796800,2330,5575456000,5575456000,571771,False
171,2.166961105651899,0.39091476307670975,nan,nan,nan,10,57698,32796800,32796800,3611,5608252800,5608252800,575382,False
172,2.1477984632439844,0.39865771812080536,nan,nan,nan,10,32780,32796800,32796800,2053,5641049600,5641049600,577435,False
173,2.141284639357227,0.39920995930093367,nan,nan,nan,10,75186,32796800,32796800,4705,5673846400,5673846400,582140,False
174,2.1204374068640877,0.4049690480174,nan,nan,nan,10,59770,32796800,32796800,3741,5706643200,5706643200,585881,False
175,2.1273118920383935,0.4050088712979391,nan,nan,nan,10,43962,32796800,32796800,2753,5739440000,5739440000,588634,False
176,2.1496424389261017,0.39768558519001146,nan,nan,nan,10,70601,32796800,32796800,4417,5772236800,5772236800,593051,False
177,2.1301149253380207,0.4000462175857914,nan,nan,nan,10,60583,32796800,32796800,3791,5805033600,5805033600,596842,False
178,2.1162925857298522,0.4052899591501744,nan,nan,nan,10,53611,32796800,32796800,3356,5837830400,5837830400,600198,False
179,2.1115316459845332,0.40583335624158123,nan,nan,nan,10,36377,32796800,32796800,2278,5870627200,5870627200,602476,False
180,2.1370035789222284,0.39799156730289703,2.1211025786689244,0.4104787951446126,8.340328288028607,10,44114,32796800,32796800,2762,5903424000,5903424000,605238,False
181,2.1210855241479085,0.40479229649535325,nan,nan,nan,10,44655,32796800,32796800,2796,5936220800,5936220800,608034,False
182,2.1295457816803136,0.4038381418602229,nan,nan,nan,10,38404,32796800,32796800,2405,5969017600,5969017600,610439,False
183,2.1134158395602047,0.40365555709214956,nan,nan,nan,10,43386,32796800,32796800,2715,6001814400,6001814400,613154,False
184,2.086323393800669,0.4106433677521843,nan,nan,nan,10,52878,32796800,32796800,3310,6034611200,6034611200,616464,False
185,2.0980920669090097,0.41137244300261333,nan,nan,nan,10,33291,32796800,32796800,2084,6067408000,6067408000,618548,False
186,2.1270364267629414,0.406970311635626,nan,nan,nan,10,65076,32796800,32796800,4072,6100204800,6100204800,622620,False
187,2.094100578237497,0.4075102059697695,nan,nan,nan,10,86469,32796800,32796800,5409,6133001600,6133001600,628029,False
188,2.1029742055613063,0.40646566597653555,nan,nan,nan,10,46368,32796800,32796800,2903,6165798400,6165798400,630932,False
189,2.1237750649344727,0.40355076146292684,nan,nan,nan,10,61001,32796800,32796800,3817,6198595200,6198595200,634749,False
190,2.055000011594977,0.4215559033477116,2.0889851272007918,0.4157800089914581,8.076714166009845,10,52394,32796800,32796800,3281,6231392000,6231392000,638030,False
191,2.064528411516986,0.4119491347299096,nan,nan,nan,10,57092,32796800,32796800,3572,6264188800,6264188800,641602,False
192,2.083928571054206,0.41264061010486175,nan,nan,nan,10,52450,32796800,32796800,3283,6296985600,6296985600,644885,False
193,2.0847167391692065,0.41243317340644275,nan,nan,nan,10,72950,32796800,32796800,4564,6329782400,6329782400,649449,False
194,2.0641112174247462,0.41868429814964564,nan,nan,nan,10,42046,32796800,32796800,2632,6362579200,6362579200,652081,False
195,2.0756632550378797,0.4157109071027134,nan,nan,nan,10,39323,32796800,32796800,2462,6395376000,6395376000,654543,False
196,2.0737159526392643,0.4172715953673033,nan,nan,nan,10,42567,32796800,32796800,2665,6428172800,6428172800,657208,False
197,2.051908426438102,0.41962041771384,nan,nan,nan,10,46156,32796800,32796800,2890,6460969600,6460969600,660098,False
198,2.0832821924984426,0.4166841613069451,nan,nan,nan,10,52397,32796800,32796800,3281,6493766400,6493766400,663379,False
199,2.083061621386123,0.41303367031498034,nan,nan,nan,10,59845,32796800,32796800,3746,6526563200,6526563200,667125,False
200,2.058955787253741,0.41662258555742565,2.0523750773438016,0.423666267046306,7.786372398924522,10,62385,32796800,32796800,3904,6559360000,6559360000,671029,False
201,2.0376623903642446,0.4204715156559845,nan,nan,nan,10,40847,32796800,32796800,2555,6592156800,6592156800,673584,False
202,2.064486450541031,0.4170589304834441,nan,nan,nan,10,49499,32796800,32796800,3098,6624953600,6624953600,676682,False
203,2.064604293313872,0.4185677234954745,nan,nan,nan,10,37786,32796800,32796800,2366,6657750400,6657750400,679048,False
204,2.041380237238984,0.4199092166905357,nan,nan,nan,10,41197,32796800,32796800,2579,6690547200,6690547200,681627,False
205,2.056280176799625,0.42052101698825156,nan,nan,nan,10,60689,32796800,32796800,3798,6723344000,6723344000,685425,False
206,2.046450476330027,0.4210512329931973,nan,nan,nan,10,75264,32796800,32796800,4708,6756140800,6756140800,690133,False
207,2.0458752630544605,0.4186263689617115,nan,nan,nan,10,94232,32796800,32796800,5895,6788937600,6788937600,696028,False
208,2.0479279913969948,0.4243883089017508,nan,nan,nan,10,55461,32796800,32796800,3472,6821734400,6821734400,699500,False
209,2.0237580720460326,0.42488273812288113,nan,nan,nan,10,43066,32796800,32796800,2696,6854531200,6854531200,702196,False
210,2.02775840798106,0.4226318217372992,2.0226804677753742,0.4304098606323992,7.558558276023441,10,49859,32796800,32796800,3120,6887328000,6887328000,705316,False
211,1.9977119070143547,0.43098923614522083,nan,nan,nan,10,71257,32796800,32796800,4458,6920124800,6920124800,709774,False
212,1.9926239750233063,0.4336552553455338,nan,nan,nan,10,79833,32796800,32796800,4994,6952921600,6952921600,714768,False
213,1.9835487094846234,0.43575113553524364,nan,nan,nan,10,71332,32796800,32796800,4463,6985718400,6985718400,719231,False
214,1.9794899402525363,0.4354014160566423,nan,nan,nan,10,41665,32796800,32796800,2608,7018515200,7018515200,721839,False
215,2.022788672705566,0.4284351549582397,nan,nan,nan,10,47174,32796800,32796800,2953,7051312000,7051312000,724792,False
216,2.0141783897581154,0.4271495369529689,nan,nan,nan,10,88112,32796800,32796800,5513,7084108800,7084108800,730305,False
217,2.0151646399902083,0.42692810829257194,nan,nan,nan,10,70328,32796800,32796800,4400,7116905600,7116905600,734705,False
218,1.975921503726372,0.4354943502824859,nan,nan,nan,10,70800,32796800,32796800,4429,7149702400,7149702400,739134,False
219,1.9724199063378498,0.4381948248638546,nan,nan,nan,10,62066,32796800,32796800,3884,7182499200,7182499200,743018,False
220,2.011020161923798,0.43115430748606504,1.9861092469546813,0.4377341525550727,7.287126126429761,10,56692,32796800,32796800,3548,7215296000,7215296000,746566,False
221,1.9825992714055563,0.43449658220691784,nan,nan,nan,10,19457,32796800,32796800,1221,7248092800,7248092800,747787,False
222,1.993208310088675,0.4299050087772546,nan,nan,nan,10,60953,32796800,32796800,3815,7280889600,7280889600,751602,False
223,2.0006049860546025,0.4302135688351223,nan,nan,nan,10,63071,32796800,32796800,3948,7313686400,7313686400,755550,False
224,1.9530663094592147,0.4420334161041165,nan,nan,nan,10,80141,32796800,32796800,5014,7346483200,7346483200,760564,False
225,1.9709212519194694,0.43565474510037,nan,nan,nan,10,67301,32796800,32796800,4210,7379280000,7379280000,764774,False
226,1.9669903757267202,0.4315738157787829,nan,nan,nan,10,36923,32796800,32796800,2312,7412076800,7412076800,767086,False
227,1.9430145258529548,0.4449048865002475,nan,nan,nan,10,70705,32796800,32796800,4424,7444873600,7444873600,771510,False
228,1.9866148600167295,0.4348189459811312,nan,nan,nan,10,62219,32796800,32796800,3893,7477670400,7477670400,775403,False
229,1.9882404702922576,0.4324600538511429,nan,nan,nan,10,50881,32796800,32796800,3185,7510467200,7510467200,778588,False
230,1.9550088470788312,0.44203604858049045,1.9605016674788909,0.4440094410310205,7.1028894601613795,10,64635,32796800,32796800,4044,7543264000,7543264000,782632,False
231,1.9481518356963883,0.4407082324455206,nan,nan,nan,10,66080,32796800,32796800,4134,7576060800,7576060800,786766,False
232,1.9421280004219348,0.4398016997167139,nan,nan,nan,10,76248,32796800,32796800,4770,7608857600,7608857600,791536,False
233,1.9524031771321344,0.44014868327103196,nan,nan,nan,10,47618,32796800,32796800,2980,7641654400,7641654400,794516,False
234,1.9714757266289096,0.434151068972362,nan,nan,nan,10,85643,32796800,32796800,5358,7674451200,7674451200,799874,False
235,1.9331630435306346,0.44329646806992506,nan,nan,nan,10,70075,32796800,32796800,4383,7707248000,7707248000,804257,False
236,1.9585930282031108,0.4401648224096572,nan,nan,nan,10,51692,32796800,32796800,3235,7740044800,7740044800,807492,False
237,1.9232126866254982,0.4495776135163675,nan,nan,nan,10,68184,32796800,32796800,4266,7772841600,7772841600,811758,False
238,1.927097327956763,0.4440573814830041,nan,nan,nan,10,46217,32796800,32796800,2893,7805638400,7805638400,814651,False
239,1.9129331112651697,0.4518998550957978,nan,nan,nan,10,49688,32796800,32796800,3110,7838435200,7838435200,817761,False
240,1.9729714461524241,0.43370043215430826,1.936861771649727,0.44813052600029973,6.936947051791476,10,78907,32796800,32796800,4937,7871232000,7871232000,822698,False
241,1.9466560055855404,0.44423604097532826,nan,nan,nan,10,48517,32796800,32796800,3038,7904028800,7904028800,825736,False
242,1.9004156654961926,0.4527104169520939,nan,nan,nan,10,65691,32796800,32796800,4110,7936825600,7936825600,829846,False
243,1.9543600292277354,0.43761612119479776,nan,nan,nan,10,41982,32796800,32796800,2629,7969622400,7969622400,832475,False
244,1.9451789448969008,0.4421273186664202,nan,nan,nan,10,81135,32796800,32796800,5076,8002419200,8002419200,837551,False
245,1.9253694152818914,0.44523449319213315,nan,nan,nan,10,72710,32796800,32796800,4550,8035216000,8035216000,842101,False
246,1.9328876451833001,0.4470825102567999,nan,nan,nan,10,52648,32796800,32796800,3295,8068012800,8068012800,845396,False
247,1.9219663099068742,0.4444327557445785,nan,nan,nan,10,66541,32796800,32796800,4163,8100809600,8100809600,849559,False
248,1.9175843603873954,0.44751176432669376,nan,nan,nan,10,62052,32796800,32796800,3884,8133606400,8133606400,853443,False
249,1.9433981001674676,0.4479487736053831,nan,nan,nan,10,46070,32796800,32796800,2884,8166403200,8166403200,856327,False
250,1.8751738240516638,0.45995156632435025,1.918006145166311,0.4537689195264499,6.807372017483696,10,77219,32796800,32796800,4831,8199200000,8199200000,861158,False
251,1.9438293463222025,0.4443022040154473,nan,nan,nan,10,46869,32796800,32796800,2935,8231996800,8231996800,864093,False
252,1.8770223733528375,0.4580369435520881,nan,nan,nan,10,34864,32796800,32796800,2184,8264793600,8264793600,866277,False
253,1.9019501239663081,0.4544879056440328,nan,nan,nan,10,60028,32796800,32796800,3757,8297590400,8297590400,870034,False
254,1.9320941968662224,0.44662182734091727,nan,nan,nan,10,36129,32796800,32796800,2262,8330387200,8330387200,872296,False
255,1.894238242673115,0.4552338036492576,nan,nan,nan,10,54148,32796800,32796800,3391,8363184000,8363184000,875687,False
256,1.897657089834581,0.4505289664306621,nan,nan,nan,10,61157,32796800,32796800,3828,8395980800,8395980800,879515,False
257,1.925870019704931,0.4496795849862679,nan,nan,nan,10,49155,32796800,32796800,3077,8428777600,8428777600,882592,False
258,1.9213511257521427,0.44841299200947027,nan,nan,nan,10,54064,32796800,32796800,3382,8461574400,8461574400,885974,False
259,1.8962347060327343,0.4521044726913074,nan,nan,nan,10,27299,32796800,32796800,1712,8494371200,8494371200,887686,False
260,1.9104291083813885,0.45227091470522074,1.8924708074489385,0.4593698486437884,6.635744088395866,10,97802,32796800,32796800,6117,8527168000,8527168000,893803,False
261,1.8745494746210856,0.4605442629495326,nan,nan,nan,10,60118,32796800,32796800,3763,8559964800,8559964800,897566,False
262,1.903286325152312,0.453074069911206,nan,nan,nan,10,62279,32796800,32796800,3898,8592761600,8592761600,901464,False
263,1.9125273389505584,0.45033069323099534,nan,nan,nan,10,61235,32796800,32796800,3833,8625558400,8625558400,905297,False
264,1.900285790597284,0.45407788390889053,nan,nan,nan,10,42191,32796800,32796800,2640,8658355200,8658355200,907937,False
265,1.92951633414349,0.444093397675878,nan,nan,nan,10,46211,32796800,32796800,2894,8691152000,8691152000,910831,False
266,1.8741748686917017,0.45843541678536837,nan,nan,nan,10,35102,32796800,32796800,2198,8723948800,8723948800,913029,False
267,1.8783299893887753,0.458554751244822,nan,nan,nan,10,47798,32796800,32796800,2992,8756745600,8756745600,916021,False
268,1.8637823908738054,0.46216627206406036,nan,nan,nan,10,51951,32796800,32796800,3251,8789542400,8789542400,919272,False
269,1.8886044811484166,0.45522839803188103,nan,nan,nan,10,64427,32796800,32796800,4033,8822339200,8822339200,923305,False
270,1.8811044384658433,0.4595507828320817,1.8740803365422996,0.46199235726060245,6.514824918017765,10,86417,32796800,32796800,5407,8855136000,8855136000,928712,False
271,1.8976458975563333,0.45511331644144143,nan,nan,nan,10,56832,32796800,32796800,3557,8887932800,8887932800,932269,False
272,1.8718950796210392,0.46106565399522376,nan,nan,nan,10,51086,32796800,32796800,3199,8920729600,8920729600,935468,False
273,1.903603947697346,0.4507539118065434,nan,nan,nan,10,52725,32796800,32796800,3300,8953526400,8953526400,938768,False
274,1.8619497830960148,0.46311001049769857,nan,nan,nan,10,37151,32796800,32796800,2327,8986323200,8986323200,941095,False
275,1.8840358614836994,0.458786158857106,nan,nan,nan,10,62018,32796800,32796800,3880,9019120000,9019120000,944975,False
276,1.8744891072079535,0.4604920786535358,nan,nan,nan,10,60722,32796800,32796800,3800,9051916800,9051916800,948775,False
277,1.9043391476378129,0.45260196905766525,nan,nan,nan,10,60435,32796800,32796800,3783,9084713600,9084713600,952558,False
278,1.873237942419637,0.4611521350272898,nan,nan,nan,10,43606,32796800,32796800,2728,9117510400,9117510400,955286,False
279,1.8751625957691993,0.45869117751437294,nan,nan,nan,10,56356,32796800,32796800,3527,9150307200,9150307200,958813,False
280,1.8650003891105897,0.46256533248863047,1.8597752546667428,0.4665068185224037,6.422293228788495,10,44197,32796800,32796800,2769,9183104000,9183104000,961582,False
281,1.8533939233504846,0.4660028449502134,nan,nan,nan,10,73815,32796800,32796800,4619,9215900800,9215900800,966201,False
282,1.8917863967079214,0.4555152698368428,nan,nan,nan,10,71710,32796800,32796800,4487,9248697600,9248697600,970688,False
283,1.8288664786827356,0.46948123277166365,nan,nan,nan,10,96498,32796800,32796800,6036,9281494400,9281494400,976724,False
284,1.8701103066640974,0.46168410002624377,nan,nan,nan,10,53346,32796800,32796800,3341,9314291200,9314291200,980065,False
285,1.8767500638679773,0.46158031700969954,nan,nan,nan,10,42270,32796800,32796800,2647,9347088000,9347088000,982712,False
286,1.8221632854822916,0.4724533522934722,nan,nan,nan,10,52039,32796800,32796800,3258,9379884800,9379884800,985970,False
287,1.858499807170833,0.46496957339025713,nan,nan,nan,10,31387,32796800,32796800,1966,9412681600,9412681600,987936,False
288,1.8262377225719995,0.47123805732484075,nan,nan,nan,10,60288,32796800,32796800,3773,9445478400,9445478400,991709,False
289,1.8339661582659263,0.470858423805547,nan,nan,nan,10,45502,32796800,32796800,2847,9478275200,9478275200,994556,False
290,1.848487458758984,0.46648381788261106,1.842827181328045,0.4676307507867526,6.314364904131857,10,36460,32796800,32796800,2282,9511072000,9511072000,996838,False
291,1.8746368588393691,0.45697619329622174,nan,nan,nan,10,33772,32796800,32796800,2115,9543868800,9543868800,998953,False
292,1.8511442539783822,0.4642208970702619,nan,nan,nan,10,46284,32796800,32796800,2898,9576665600,9576665600,1001851,False
293,1.864806835554315,0.4615732368896926,nan,nan,nan,10,61936,32796800,32796800,3876,9609462400,9609462400,1005727,False
294,1.8494265768942895,0.4660987012987013,nan,nan,nan,10,48125,32796800,32796800,3013,9642259200,9642259200,1008740,False
295,1.8518026614547296,0.46639760186224105,nan,nan,nan,10,59713,32796800,32796800,3737,9675056000,9675056000,1012477,False
296,1.8192337350833467,0.47317084861121095,nan,nan,nan,10,83454,32796800,32796800,5222,9707852800,9707852800,1017699,False
297,1.840069461337982,0.4690518930621977,nan,nan,nan,10,72977,32796800,32796800,4565,9740649600,9740649600,1022264,False
298,1.8613802054153392,0.461233767319038,nan,nan,nan,10,59833,32796800,32796800,3745,9773446400,9773446400,1026009,False
299,1.856935033721125,0.4655181553140737,nan,nan,nan,10,56595,32796800,32796800,3541,9806243200,9806243200,1029550,False
300,1.831231645730444,0.47037492715146023,1.8271456336789307,0.47428068335081675,6.216118233258471,10,46329,32796800,32796800,2900,9839040000,9839040000,1032450,False
301,1.8327741147188201,0.46675615702818946,nan,nan,nan,10,36503,32796800,32796800,2286,9871836800,9871836800,1034736,False
302,1.8408993290059386,0.4700061926173232,nan,nan,nan,10,74282,32796800,32796800,4649,9904633600,9904633600,1039385,False
303,1.8151903327567416,0.47491796354657395,nan,nan,nan,10,61558,32796800,32796800,3851,9937430400,9937430400,1043236,False
304,1.8085663414817208,0.47336917041987503,nan,nan,nan,10,68830,32796800,32796800,4306,9970227200,9970227200,1047542,False
305,1.8153492803716933,0.47232238151556233,nan,nan,nan,10,34667,32796800,32796800,2170,10003024000,10003024000,1049712,False
306,1.828325121947718,0.4710067450731926,nan,nan,nan,10,75759,32796800,32796800,4740,10035820800,10035820800,1054452,False
307,1.8361196236759159,0.4677229378015882,nan,nan,nan,10,26319,32796800,32796800,1650,10068617600,10068617600,1056102,False
308,1.7831103155767094,0.4832503363804081,nan,nan,nan,10,72091,32796800,32796800,4510,10101414400,10101414400,1060612,False
309,1.8335803985547987,0.47225319495668583,nan,nan,nan,10,34977,32796800,32796800,2191,10134211200,10134211200,1062803,False
310,1.8231660262786726,0.47188206988185444,1.8101002286796393,0.4772965682601529,6.111059905001904,10,55694,32796800,32796800,3485,10167008000,10167008000,1066288,False
311,1.822852316488944,0.47318611987381703,nan,nan,nan,10,58011,32796800,32796800,3629,10199804800,10199804800,1069917,False
312,1.7902847746577537,0.4833167618563137,nan,nan,nan,10,43247,32796800,32796800,2706,10232601600,10232601600,1072623,False
313,1.8114669511628598,0.47394448262467503,nan,nan,nan,10,66934,32796800,32796800,4190,10265398400,10265398400,1076813,False
314,1.837898173883355,0.46832101372756074,nan,nan,nan,10,49244,32796800,32796800,3083,10298195200,10298195200,1079896,False
315,1.807420392562278,0.4726645719978542,nan,nan,nan,10,65245,32796800,32796800,4084,10330992000,10330992000,1083980,False
316,1.8044259467510138,0.4759905805262619,nan,nan,nan,10,39068,32796800,32796800,2445,10363788800,10363788800,1086425,False
317,1.7830106347350474,0.4813849269616926,nan,nan,nan,10,92828,32796800,32796800,5807,10396585600,10396585600,1092232,False
318,1.8375215535655078,0.4691534362467725,nan,nan,nan,10,36406,32796800,32796800,2281,10429382400,10429382400,1094513,False
319,1.8132900554439442,0.4785939209862206,nan,nan,nan,10,44777,32796800,32796800,2805,10462179200,10462179200,1097318,False
320,1.771573896623633,0.4871207108422346,1.802477745143045,0.4782706428892552,6.064655534443188,10,42316,32796800,32796800,2649,10494976000,10494976000,1099967,False
321,1.8221224259525837,0.47264652686997477,nan,nan,nan,10,55843,32796800,32796800,3494,10527772800,10527772800,1103461,False
322,1.8075849775462702,0.47751208725310146,nan,nan,nan,10,53362,32796800,32796800,3339,10560569600,10560569600,1106800,False
323,1.7724939722917563,0.4851201564828614,nan,nan,nan,10,42944,32796800,32796800,2688,10593366400,10593366400,1109488,False
324,1.8003486573811158,0.4757429563874952,nan,nan,nan,10,51820,32796800,32796800,3243,10626163200,10626163200,1112731,False
325,1.7665868614846396,0.48571379746402815,nan,nan,nan,10,58518,32796800,32796800,3661,10658960000,10658960000,1116392,False
326,1.8326833325325222,0.4734201372856835,nan,nan,nan,10,32487,32796800,32796800,2036,10691756800,10691756800,1118428,False
327,1.7795182482839358,0.48382807757898083,nan,nan,nan,10,69194,32796800,32796800,4329,10724553600,10724553600,1122757,False
328,1.7870002464791919,0.4820600662327281,nan,nan,nan,10,43785,32796800,32796800,2742,10757350400,10757350400,1125499,False
329,1.7558309135553307,0.4900043662674651,nan,nan,nan,10,64128,32796800,32796800,4013,10790147200,10790147200,1129512,False
330,1.7750116935049904,0.4814133931709427,1.7905232272154563,0.4809680803236925,5.992587130918591,10,36989,32796800,32796800,2317,10822944000,10822944000,1131829,False
331,1.7837717703607867,0.48337388483373883,nan,nan,nan,10,60417,32796800,32796800,3780,10855740800,10855740800,1135609,False
332,1.7772863818908613,0.48349215516411587,nan,nan,nan,10,51945,32796800,32796800,3251,10888537600,10888537600,1138860,False
333,1.7908604775265995,0.4788923550621885,nan,nan,nan,10,49366,32796800,32796800,3091,10921334400,10921334400,1141951,False
334,1.7649603091583403,0.4835303773040836,nan,nan,nan,10,45083,32796800,32796800,2822,10954131200,10954131200,1144773,False
335,1.8164097762232954,0.47453388411298425,nan,nan,nan,10,44785,32796800,32796800,2804,10986928000,10986928000,1147577,False
336,1.7951680854090306,0.47659932261197036,nan,nan,nan,10,84442,32796800,32796800,5283,11019724800,11019724800,1152860,False
337,1.7640137503917661,0.4886658031088083,nan,nan,nan,10,33968,32796800,32796800,2128,11052521600,11052521600,1154988,False
338,1.8025091859389273,0.47704305799648505,nan,nan,nan,10,45520,32796800,32796800,2850,11085318400,11085318400,1157838,False
339,1.7892558406291172,0.47814536250875084,nan,nan,nan,10,55709,32796800,32796800,3486,11118115200,11118115200,1161324,False
340,1.7509846511013218,0.49240766379348844,1.775466529215077,0.48566986362955195,5.903034432042786,10,44782,32796800,32796800,2803,11150912000,11150912000,1164127,False
341,1.7531552333791336,0.4903863468117885,nan,nan,nan,10,49981,32796800,32796800,3129,11183708800,11183708800,1167256,False
342,1.7970622296135146,0.4783210491712516,nan,nan,nan,10,28899,32796800,32796800,1811,11216505600,11216505600,1169067,False
343,1.739048374089834,0.4918220905235024,nan,nan,nan,10,68844,32796800,32796800,4308,11249302400,11249302400,1173375,False
344,1.753662357588128,0.488492249882574,nan,nan,nan,10,70257,32796800,32796800,4395,11282099200,11282099200,1177770,False
345,1.7883350135115719,0.47877792057785223,nan,nan,nan,10,61469,32796800,32796800,3848,11314896000,11314896000,1181618,False
346,1.7783034039923837,0.4823540762180415,nan,nan,nan,10,51825,32796800,32796800,3243,11347692800,11347692800,1184861,False
347,1.7915842920380534,0.4818680583433695,nan,nan,nan,10,52311,32796800,32796800,3275,11380489600,11380489600,1188136,False
348,1.7744254133156676,0.48241447554424655,nan,nan,nan,10,35370,32796800,32796800,2215,11413286400,11413286400,1190351,False
349,1.7772160356832205,0.48258267531283544,nan,nan,nan,10,68007,32796800,32796800,4256,11446083200,11446083200,1194607,False
350,1.7792874862443662,0.48223740215518135,1.767663346654594,0.4874306908436985,5.857151227038777,10,48163,32796800,32796800,3016,11478880000,11478880000,1197623,False
351,1.7768530086585566,0.4862292918417671,nan,nan,nan,10,57586,32796800,32796800,3606,11511676800,11511676800,1201229,False
352,1.7625211165622832,0.4888583557927742,nan,nan,nan,10,56769,32796800,32796800,3554,11544473600,11544473600,1204783,False
353,1.8048069543114742,0.4775900866187849,nan,nan,nan,10,64882,32796800,32796800,4061,11577270400,11577270400,1208844,False
354,1.7864612431578595,0.4802704194260486,nan,nan,nan,10,43488,32796800,32796800,2723,11610067200,11610067200,1211567,False
355,1.7649808751511942,0.4861484970838941,nan,nan,nan,10,35664,32796800,32796800,2233,11642864000,11642864000,1213800,False
356,1.7736734308378166,0.48173796117320783,nan,nan,nan,10,59495,32796800,32796800,3723,11675660800,11675660800,1217523,False
357,1.7804897511250155,0.48278731350504095,nan,nan,nan,10,51677,32796800,32796800,3235,11708457600,11708457600,1220758,False
358,1.7490733328898882,0.4894293068252419,nan,nan,nan,10,56335,32796800,32796800,3526,11741254400,11741254400,1224284,False
359,1.7782265590661606,0.4825492821199391,nan,nan,nan,10,43322,32796800,32796800,2713,11774051200,11774051200,1226997,False
360,1.7757325041832264,0.48119519324455995,1.7549508030797236,0.48892926719616364,5.783163221138122,10,46185,32796800,32796800,2891,11806848000,11806848000,1229888,False
361,1.7553198659961389,0.49057978424254817,nan,nan,nan,10,78236,32796800,32796800,4894,11839644800,11839644800,1234782,False
362,1.7441882118522685,0.49101369965704006,nan,nan,nan,10,53359,32796800,32796800,3340,11872441600,11872441600,1238122,False
363,1.7273254358963661,0.49716787454549954,nan,nan,nan,10,40429,32796800,32796800,2531,11905238400,11905238400,1240653,False
364,1.726211563825555,0.4926534826463347,nan,nan,nan,10,50364,32796800,32796800,3153,11938035200,11938035200,1243806,False
365,1.7075433873320678,0.49810636061230074,nan,nan,nan,10,69443,32796800,32796800,4344,11970832000,11970832000,1248150,False
366,1.755285394491204,0.48907618034530725,nan,nan,nan,10,61105,32796800,32796800,3824,12003628800,12003628800,1251974,False
367,1.7653889904544695,0.49218094038623006,nan,nan,nan,10,19056,32796800,32796800,1197,12036425600,12036425600,1253171,False
368,1.7655829863291985,0.4835755642207255,nan,nan,nan,10,67704,32796800,32796800,4236,12069222400,12069222400,1257407,False
369,1.7724129274385254,0.4863821374578439,nan,nan,nan,10,42995,32796800,32796800,2692,12102019200,12102019200,1260099,False
370,1.7614875256416802,0.4856434511982839,1.7467299885394671,0.49252585044208,5.7358157927068625,10,56873,32796800,32796800,3560,12134816000,12134816000,1263659,False
371,1.749071706546281,0.48892832720049495,nan,nan,nan,10,61418,32796800,32796800,3843,12167612800,12167612800,1267502,False
372,1.7618594464779624,0.4891923019145065,nan,nan,nan,10,59911,32796800,32796800,3750,12200409600,12200409600,1271252,False
373,1.7519741076217463,0.4896069938196609,nan,nan,nan,10,75724,32796800,32796800,4737,12233206400,12233206400,1275989,False
374,1.7683384486189637,0.4828327042004658,nan,nan,nan,10,49804,32796800,32796800,3118,12266003200,12266003200,1279107,False
375,1.7135057231578312,0.4959883594429939,nan,nan,nan,10,73536,32796800,32796800,4602,12298800000,12298800000,1283709,False
376,1.732745937911174,0.4903821753032533,nan,nan,nan,10,59109,32796800,32796800,3700,12331596800,12331596800,1287409,False
377,1.7186744364527602,0.49634411059065464,nan,nan,nan,10,105036,32796800,32796800,6570,12364393600,12364393600,1293979,False
378,1.7521011530876074,0.4930402487997826,nan,nan,nan,10,66238,32796800,32796800,4145,12397190400,12397190400,1298124,False
379,1.732308798447953,0.49407180443615534,nan,nan,nan,10,60052,32796800,32796800,3758,12429987200,12429987200,1301882,False
380,1.6868945276235894,0.5041959199111175,1.731047393856566,0.49580398621309757,5.646564989753768,10,84606,32796800,32796800,5292,12462784000,12462784000,1307174,False
381,1.7393311468977524,0.4940706703854566,nan,nan,nan,10,49837,32796800,32796800,3120,12495580800,12495580800,1310294,False
382,1.7234420921138205,0.49853552471701734,nan,nan,nan,10,78185,32796800,32796800,4891,12528377600,12528377600,1315185,False
383,1.7345372791578668,0.4919987729747693,nan,nan,nan,10,78238,32796800,32796800,4896,12561174400,12561174400,1320081,False
384,1.6791798740593977,0.5076396206533192,nan,nan,nan,10,72124,32796800,32796800,4510,12593971200,12593971200,1324591,False
385,1.6867297518200493,0.5094118818783925,nan,nan,nan,10,40162,32796800,32796800,2516,12626768000,12626768000,1327107,False
386,1.7280319310341656,0.4958064908229002,nan,nan,nan,10,41135,32796800,32796800,2576,12659564800,12659564800,1329683,False
387,1.7193260401480848,0.4986015511871938,nan,nan,nan,10,50413,32796800,32796800,3156,12692361600,12692361600,1332839,False
388,1.6696235665256485,0.5077448722287111,nan,nan,nan,10,91609,32796800,32796800,5729,12725158400,12725158400,1338568,False
389,1.7392074645636257,0.49409856108341954,nan,nan,nan,10,42532,32796800,32796800,2664,12757955200,12757955200,1341232,False
390,1.6678961025805674,0.5121045959279681,1.7253058907082819,0.4970215794994755,5.614238110332294,10,65471,32796800,32796800,4096,12790752000,12790752000,1345328,False
391,1.731265002029176,0.4979192601813978,nan,nan,nan,10,56230,32796800,32796800,3519,12823548800,12823548800,1348847,False
392,1.7317740709464637,0.494906683603674,nan,nan,nan,10,81872,32796800,32796800,5122,12856345600,12856345600,1353969,False
393,1.6950636417623002,0.5020767857988914,nan,nan,nan,10,63319,32796800,32796800,3962,12889142400,12889142400,1357931,False
394,1.7097429037057086,0.4979574024462682,nan,nan,nan,10,82493,32796800,32796800,5160,12921939200,12921939200,1363091,False
395,1.6969212802309785,0.5044821908554863,nan,nan,nan,10,71059,32796800,32796800,4445,12954736000,12954736000,1367536,False
396,1.7501301175877386,0.48907612422847063,nan,nan,nan,10,51035,32796800,32796800,3195,12987532800,12987532800,1370731,False
397,1.729960419368249,0.4935261969208489,nan,nan,nan,10,58003,32796800,32796800,3630,13020329600,13020329600,1374361,False
398,1.731536131275424,0.4940648303150205,nan,nan,nan,10,65710,32796800,32796800,4112,13053126400,13053126400,1378473,False
399,1.6846274103360988,0.5050270511398081,nan,nan,nan,10,87427,32796800,32796800,5469,13085923200,13085923200,1383942,False
400,1.6817326374181303,0.5073908702645737,1.7055866882108988,0.4997377491383186,5.504614212308124,10,72116,32796800,32796800,4511,13118720000,13118720000,1388453,False
401,1.6823633947356595,0.5055089072095823,nan,nan,nan,10,65621,32796800,32796800,4106,13151516800,13151516800,1392559,False
402,1.6904553555357706,0.5041052337362868,nan,nan,nan,10,57244,32796800,32796800,3582,13184313600,13184313600,1396141,False
403,1.6930417094363894,0.5014257124134389,nan,nan,nan,10,56463,32796800,32796800,3535,13217110400,13217110400,1399676,False
404,1.709791188963842,0.49680622753882686,nan,nan,nan,10,78747,32796800,32796800,4927,13249907200,13249907200,1404603,False
405,1.662939180972649,0.5108213616489694,nan,nan,nan,10,64040,32796800,32796800,4007,13282704000,13282704000,1408610,False
406,1.6662769723548563,0.5082381184250756,nan,nan,nan,10,88309,32796800,32796800,5524,13315500800,13315500800,1414134,False
407,1.7090807535468646,0.4995043582293625,nan,nan,nan,10,58510,32796800,32796800,3662,13348297600,13348297600,1417796,False
408,1.6850007491058632,0.5028704514100073,nan,nan,nan,10,67411,32796800,32796800,4217,13381094400,13381094400,1422013,False
409,1.6871698207818169,0.5071783027995381,nan,nan,nan,10,64082,32796800,32796800,4009,13413891200,13413891200,1426022,False
410,1.6938928523122525,0.5057845385860766,1.6950936948236597,0.5038588341075978,5.447156311654082,10,59296,32796800,32796800,3711,13446688000,13446688000,1429733,False
411,1.7295563832019054,0.49519164039418634,nan,nan,nan,10,50433,32796800,32796800,3158,13479484800,13479484800,1432891,False
412,1.7140744167276123,0.49866452553787666,nan,nan,nan,10,61027,32796800,32796800,3819,13512281600,13512281600,1436710,False
413,1.697000945044547,0.5056409258899047,nan,nan,nan,10,41128,32796800,32796800,2575,13545078400,13545078400,1439285,False
414,1.6927343345511525,0.5027797012563062,nan,nan,nan,10,50545,32796800,32796800,3163,13577875200,13577875200,1442448,False
415,1.6872953885543727,0.5042817413332599,nan,nan,nan,10,72634,32796800,32796800,4543,13610672000,13610672000,1446991,False
416,1.6700550625137105,0.5092022973835354,nan,nan,nan,10,39175,32796800,32796800,2453,13643468800,13643468800,1449444,False
417,1.6894576792384706,0.5030386061053149,nan,nan,nan,10,85401,32796800,32796800,5343,13676265600,13676265600,1454787,False
418,1.6447872893605295,0.5137368009386,nan,nan,nan,10,61368,32796800,32796800,3840,13709062400,13709062400,1458627,False
419,1.6862383334114739,0.5027287535053987,nan,nan,nan,10,59551,32796800,32796800,3728,13741859200,13741859200,1462355,False
420,1.6695352482590746,0.5057058951061356,1.6882437641395902,0.50586317997902,5.409971171708102,10,50737,32796800,32796800,3177,13774656000,13774656000,1465532,False
421,1.6721295977311545,0.5075781082177722,nan,nan,nan,10,41897,32796800,32796800,2624,13807452800,13807452800,1468156,False
422,1.7061080796940562,0.5017176168499948,nan,nan,nan,10,28819,32796800,32796800,1806,13840249600,13840249600,1469962,False
423,1.607686102852802,0.5249221451798833,nan,nan,nan,10,58121,32796800,32796800,3637,13873046400,13873046400,1473599,False
424,1.6989703953044526,0.5014509839484901,nan,nan,nan,10,44108,32796800,32796800,2760,13905843200,13905843200,1476359,False
425,1.684408820009651,0.5064832411160256,nan,nan,nan,10,59461,32796800,32796800,3722,13938640000,13938640000,1480081,False
426,1.6865104196786327,0.5034388949556488,nan,nan,nan,10,52197,32796800,32796800,3267,13971436800,13971436800,1483348,False
427,1.6515378426366285,0.5120373180823362,nan,nan,nan,10,62597,32796800,32796800,3918,14004233600,14004233600,1487266,False
428,1.6549363413864986,0.5126477999612328,nan,nan,nan,10,82544,32796800,32796800,5164,14037030400,14037030400,1492430,False
429,1.678253149711668,0.5097251725969199,nan,nan,nan,10,30128,32796800,32796800,1888,14069827200,14069827200,1494318,False
430,1.68276128619173,0.5048935765868491,1.680722578254647,0.50908511913682,5.369434406258494,10,42096,32796800,32796800,2637,14102624000,14102624000,1496955,False
431,1.6602948445854397,0.5098967729003808,nan,nan,nan,10,39912,32796800,32796800,2500,14135420800,14135420800,1499455,False
432,1.7013318764969245,0.5008658477190324,nan,nan,nan,10,36958,32796800,32796800,2314,14168217600,14168217600,1501769,False
433,1.664580677027227,0.510035895298657,nan,nan,nan,10,74383,32796800,32796800,4654,14201014400,14201014400,1506423,False
434,1.6711738479563778,0.509379816123718,nan,nan,nan,10,56451,32796800,32796800,3533,14233811200,14233811200,1509956,False
435,1.6606685189629617,0.5120437165237314,nan,nan,nan,10,64598,32796800,32796800,4042,14266608000,14266608000,1513998,False
436,1.6835703722255604,0.5041923379811923,nan,nan,nan,10,64761,32796800,32796800,4053,14299404800,14299404800,1518051,False
437,1.6798679032358843,0.505472506908632,nan,nan,nan,10,45957,32796800,32796800,2877,14332201600,14332201600,1520928,False
438,1.6900329691062717,0.5033538444481401,nan,nan,nan,10,54117,32796800,32796800,3388,14364998400,14364998400,1524316,False
439,1.6438618642689882,0.5161756860885544,nan,nan,nan,10,84355,32796800,32796800,5277,14397795200,14397795200,1529593,False
440,1.6585893338444695,0.5124621721587088,1.674554515185071,0.5086730106398921,5.336417326585477,10,47584,32796800,32796800,2978,14430592000,14430592000,1532571,False
441,1.6918407093600911,0.5033564255410558,nan,nan,nan,10,37242,32796800,32796800,2332,14463388800,14463388800,1534903,False
442,1.7148921605603737,0.49814858474211937,nan,nan,nan,10,72107,32796800,32796800,4512,14496185600,14496185600,1539415,False
443,1.6839454375981662,0.5039390436792797,nan,nan,nan,10,65752,32796800,32796800,4114,14528982400,14528982400,1543529,False
444,1.622465750646492,0.5227839995818251,nan,nan,nan,10,76523,32796800,32796800,4788,14561779200,14561779200,1548317,False
445,1.679964875838572,0.5061078061850052,nan,nan,nan,10,66063,32796800,32796800,4134,14594576000,14594576000,1552451,False
446,1.659235178050663,0.5144203836420886,nan,nan,nan,10,51767,32796800,32796800,3238,14627372800,14627372800,1555689,False
447,1.67400598699711,0.5102139160677994,nan,nan,nan,10,47729,32796800,32796800,2986,14660169600,14660169600,1558675,False
448,1.6310719924447137,0.5192239987374198,nan,nan,nan,10,82371,32796800,32796800,5154,14692966400,14692966400,1563829,False
449,1.678795094268309,0.5065668906536347,nan,nan,nan,10,65480,32796800,32796800,4099,14725763200,14725763200,1567928,False
450,1.6518079056920938,0.5132394223717154,1.6653014573489247,0.5108834107597782,5.287266895001884,10,39541,32796800,32796800,2475,14758560000,14758560000,1570403,False
451,1.6609606722180168,0.5137929733197479,nan,nan,nan,10,79497,32796800,32796800,4974,14791356800,14791356800,1575377,False
452,1.6840664477752831,0.5036386810295206,nan,nan,nan,10,48644,32796800,32796800,3046,14824153600,14824153600,1578423,False
453,1.6969374180018222,0.5036678138018474,nan,nan,nan,10,44168,32796800,32796800,2765,14856950400,14856950400,1581188,False
454,1.6473341984323944,0.5144199902411464,nan,nan,nan,10,38939,32796800,32796800,2439,14889747200,14889747200,1583627,False
455,1.6071184231954463,0.5255355321319279,nan,nan,nan,10,58820,32796800,32796800,3680,14922544000,14922544000,1587307,False
456,1.6496183222646947,0.5155595522635303,nan,nan,nan,10,42257,32796800,32796800,2645,14955340800,14955340800,1589952,False
457,1.6381120334430255,0.5182020862829338,nan,nan,nan,10,61449,32796800,32796800,3844,14988137600,14988137600,1593796,False
458,1.646426200503184,0.5121161119858118,nan,nan,nan,10,55257,32796800,32796800,3459,15020934400,15020934400,1597255,False
459,1.658166638456208,0.5131584009849564,nan,nan,nan,10,51982,32796800,32796800,3254,15053731200,15053731200,1600509,False
460,1.6589349021251343,0.5143921268776361,1.6579251734549079,0.5122321294769968,5.248409999289989,10,40543,32796800,32796800,2538,15086528000,15086528000,1603047,False
461,1.6003606275110687,0.5278071531223731,nan,nan,nan,10,73758,32796800,32796800,4614,15119324800,15119324800,1607661,False
462,1.6509763888630293,0.5145847465839714,nan,nan,nan,10,72233,32796800,32796800,4518,15152121600,15152121600,1612179,False
463,1.603921154714684,0.5256287529370812,nan,nan,nan,10,34473,32796800,32796800,2157,15184918400,15184918400,1614336,False
464,1.6596348376092007,0.5145819141689373,nan,nan,nan,10,46976,32796800,32796800,2940,15217715200,15217715200,1617276,False
465,1.6609985085605943,0.5124733950403405,nan,nan,nan,10,40406,32796800,32796800,2529,15250512000,15250512000,1619805,False
466,1.604644839635286,0.5239219765929779,nan,nan,nan,10,96125,32796800,32796800,6012,15283308800,15283308800,1625817,False
467,1.6229764998002516,0.5221065631616091,nan,nan,nan,10,56680,32796800,32796800,3548,15316105600,15316105600,1629365,False
468,1.6520213905815906,0.514324971684275,nan,nan,nan,10,53857,32796800,32796800,3371,15348902400,15348902400,1632736,False
469,1.625253814584168,0.5193823301541503,nan,nan,nan,10,37431,32796800,32796800,2343,15381699200,15381699200,1635079,False
470,1.6376424766778068,0.5178339932027609,1.6492241502576337,0.5158099805185075,5.202941559969279,10,57082,32796800,32796800,3572,15414496000,15414496000,1638651,False
471,1.6340360985497082,0.5182421682119932,nan,nan,nan,10,54681,32796800,32796800,3423,15447292800,15447292800,1642074,False
472,1.649013658150042,0.5112696559115704,nan,nan,nan,10,62513,32796800,32796800,3912,15480089600,15480089600,1645986,False
473,1.60173865353393,0.5289845127371389,nan,nan,nan,10,94723,32796800,32796800,5925,15512886400,15512886400,1651911,False
474,1.6420242255240842,0.5142445562000797,nan,nan,nan,10,77749,32796800,32796800,4862,15545683200,15545683200,1656773,False
475,1.6417391190762163,0.517066583567051,nan,nan,nan,10,48135,32796800,32796800,3013,15578480000,15578480000,1659786,False
476,1.6263948273301538,0.5222206627282355,nan,nan,nan,10,78373,32796800,32796800,4903,15611276800,15611276800,1664689,False
477,1.6098476679456437,0.5282154794461085,nan,nan,nan,10,46074,32796800,32796800,2884,15644073600,15644073600,1667573,False
478,1.6203730678445845,0.5197935140613124,nan,nan,nan,10,63152,32796800,32796800,3951,15676870400,15676870400,1671524,False
479,1.629897118468046,0.5188551900897053,nan,nan,nan,10,58525,32796800,32796800,3663,15709667200,15709667200,1675187,False
480,1.596003832743776,0.526372592428603,1.6426124070584998,0.5167840551476097,5.168654519951651,10,72272,32796800,32796800,4521,15742464000,15742464000,1679708,False
481,1.5844804349692077,0.5298865328335987,nan,nan,nan,10,97385,32796800,32796800,6091,15775260800,15775260800,1685799,False
482,1.6162163766667286,0.5252749950140374,nan,nan,nan,10,65183,32796800,32796800,4078,15808057600,15808057600,1689877,False
483,1.627308516062496,0.5185848854986931,nan,nan,nan,10,60829,32796800,32796800,3806,15840854400,15840854400,1693683,False
484,1.6464669646765266,0.5123408995204912,nan,nan,nan,10,73617,32796800,32796800,4606,15873651200,15873651200,1698289,False
485,1.640347806720682,0.5175468267726523,nan,nan,nan,10,47302,32796800,32796800,2961,15906448000,15906448000,1701250,False
486,1.6465087269818937,0.5123816091021559,nan,nan,nan,10,49307,32796800,32796800,3087,15939244800,15939244800,1704337,False
487,1.6382728173255787,0.5166754511913633,nan,nan,nan,10,55021,32796800,32796800,3443,15972041600,15972041600,1707780,False
488,1.6334578097207015,0.5205180869346523,nan,nan,nan,10,47714,32796800,32796800,2988,16004838400,16004838400,1710768,False
489,1.6259510296317339,0.5181673797484766,nan,nan,nan,10,61704,32796800,32796800,3862,16037635200,16037635200,1714630,False
490,1.6284048831356133,0.5208174109255014,1.6400173950745536,0.5157912483141016,5.155259187572635,10,54954,32796800,32796800,3440,16070432000,16070432000,1718070,False
491,1.6492380559375994,0.5140642939150402,nan,nan,nan,10,76648,32796800,32796800,4796,16103228800,16103228800,1722866,False
492,1.6799486537505426,0.5096331186334875,nan,nan,nan,10,35243,32796800,32796800,2209,16136025600,16136025600,1725075,False
493,1.6187445204671613,0.5190630980952091,nan,nan,nan,10,65834,32796800,32796800,4120,16168822400,16168822400,1729195,False
494,1.6372419670402223,0.5172185297483987,nan,nan,nan,10,49801,32796800,32796800,3117,16201619200,16201619200,1732312,False
495,1.6377358470763126,0.5175884684179146,nan,nan,nan,10,28513,32796800,32796800,1786,16234416000,16234416000,1734098,False
496,1.6013448997434983,0.5287601341906626,nan,nan,nan,10,85848,32796800,32796800,5370,16267212800,16267212800,1739468,False
497,1.6309981066370984,0.5179810371589401,nan,nan,nan,10,53473,32796800,32796800,3347,16300009600,16300009600,1742815,False
498,1.5973326094103062,0.5293414312694465,nan,nan,nan,10,73599,32796800,32796800,4604,16332806400,16332806400,1747419,False
499,1.6046091353081589,0.524735333352255,nan,nan,nan,10,35233,32796800,32796800,2206,16365603200,16365603200,1749625,False
500,1.6085169775435864,0.522996385391998,1.6325047460610624,0.5191443129027424,5.116674652233924,10,40115,32796800,32796800,2513,16398400000,16398400000,1752138,False
501,1.603201257948415,0.5273340105272878,nan,nan,nan,10,64974,32796800,32796800,4066,16431196800,16431196800,1756204,False
502,1.6635740710888047,0.5122233952265624,nan,nan,nan,10,48309,32796800,32796800,3023,16463993600,16463993600,1759227,False
503,1.5937881210691796,0.5293313589247067,nan,nan,nan,10,70232,32796800,32796800,4393,16496790400,16496790400,1763620,False
504,1.6160824004970753,0.5225451425941038,nan,nan,nan,10,47793,32796800,32796800,2991,16529587200,16529587200,1766611,False
505,1.6007998759120878,0.5293035781729806,nan,nan,nan,10,60897,32796800,32796800,3810,16562384000,16562384000,1770421,False
506,1.6044059710059835,0.5256332931242461,nan,nan,nan,10,43108,32796800,32796800,2700,16595180800,16595180800,1773121,False
507,1.6612817679504548,0.5134513214442827,nan,nan,nan,10,29551,32796800,32796800,1854,16627977600,16627977600,1774975,False
508,1.641603333325698,0.5147565326788623,nan,nan,nan,10,48487,32796800,32796800,3035,16660774400,16660774400,1778010,False
509,1.6215753732797955,0.5262312991906535,nan,nan,nan,10,44851,32796800,32796800,2808,16693571200,16693571200,1780818,False
510,1.5930700340665738,0.5266500604524466,1.6261834180749877,0.520193316349468,5.084432487572176,10,68649,32796800,32796800,4295,16726368000,16726368000,1785113,False
511,1.6006697886063261,0.5252670747809387,nan,nan,nan,10,41655,32796800,32796800,2609,16759164800,16759164800,1787722,False
512,1.591761668642343,0.5265308986300409,nan,nan,nan,10,57009,32796800,32796800,3567,16791961600,16791961600,1791289,False
513,1.6236207632079678,0.5211019747087772,nan,nan,nan,10,64212,32796800,32796800,4019,16824758400,16824758400,1795308,False
514,1.6308685641238436,0.5186299167682216,nan,nan,nan,10,38567,32796800,32796800,2415,16857555200,16857555200,1797723,False
515,1.629628746697198,0.5236473813302553,nan,nan,nan,10,34655,32796800,32796800,2171,16890352000,16890352000,1799894,False
516,1.6076778156275364,0.524179525338764,nan,nan,nan,10,63835,32796800,32796800,3993,16923148800,16923148800,1803887,False
517,1.6569016626776372,0.5131565284210089,nan,nan,nan,10,48151,32796800,32796800,3014,16955945600,16955945600,1806901,False
518,1.590271787819194,0.530511314318012,nan,nan,nan,10,49539,32796800,32796800,3101,16988742400,16988742400,1810002,False
519,1.6447100586793775,0.5161778398510242,nan,nan,nan,10,34368,32796800,32796800,2151,17021539200,17021539200,1812153,False
520,1.5813716576985217,0.5317937445377261,1.6215929126124966,0.5218979469503972,5.061145862047882,10,75518,32796800,32796800,4723,17054336000,17054336000,1816876,False
521,1.6099844789054716,0.5228242243045175,nan,nan,nan,10,54854,32796800,32796800,3434,17087132800,17087132800,1820310,False
522,1.5643440178075358,0.5337129344410219,nan,nan,nan,10,64278,32796800,32796800,4022,17119929600,17119929600,1824332,False
523,1.5683948967199424,0.534635910710803,nan,nan,nan,10,56401,32796800,32796800,3530,17152726400,17152726400,1827862,False
524,1.587444824960755,0.5295468087343591,nan,nan,nan,10,57062,32796800,32796800,3571,17185523200,17185523200,1831433,False
525,1.6035535199888757,0.5263279197332636,nan,nan,nan,10,65083,32796800,32796800,4072,17218320000,17218320000,1835505,False
526,1.539800900109095,0.5418737459484488,nan,nan,nan,10,64790,32796800,32796800,4053,17251116800,17251116800,1839558,False
527,1.6263389297522903,0.518623384034591,nan,nan,nan,10,45561,32796800,32796800,2852,17283913600,17283913600,1842410,False
528,1.591754934428202,0.5302617840095465,nan,nan,nan,10,53632,32796800,32796800,3357,17316710400,17316710400,1845767,False
529,1.641064291928184,0.5162943518865735,nan,nan,nan,10,56001,32796800,32796800,3505,17349507200,17349507200,1849272,False
530,1.5766329730592756,0.5338611083274877,1.6172589679966975,0.5232466656676158,5.039258599540201,10,49895,32796800,32796800,3123,17382304000,17382304000,1852395,False
531,1.620131379401057,0.5186471627334617,nan,nan,nan,10,50383,32796800,32796800,3153,17415100800,17415100800,1855548,False
532,1.5897378770022947,0.5286356233789734,nan,nan,nan,10,66316,32796800,32796800,4150,17447897600,17447897600,1859698,False
533,1.5961451683654952,0.5275558075991132,nan,nan,nan,10,38794,32796800,32796800,2429,17480694400,17480694400,1862127,False
534,1.5664238900098963,0.533922309144861,nan,nan,nan,10,74140,32796800,32796800,4638,17513491200,17513491200,1866765,False
535,1.5975409272222287,0.5266022827041265,nan,nan,nan,10,79730,32796800,32796800,4988,17546288000,17546288000,1871753,False
536,1.6077123150778265,0.5251206502413005,nan,nan,nan,10,39370,32796800,32796800,2466,17579084800,17579084800,1874219,False
537,1.5927264870117763,0.5267538284607469,nan,nan,nan,10,66084,32796800,32796800,4135,17611881600,17611881600,1878354,False
538,1.5546523996755859,0.5382456792417766,nan,nan,nan,10,107620,32796800,32796800,6730,17644678400,17644678400,1885084,False
539,1.585299835476681,0.5306317992865356,nan,nan,nan,10,67838,32796800,32796800,4245,17677475200,17677475200,1889329,False
540,1.5801220368819966,0.5324934778010201,1.6103938335281216,0.5236400419601379,5.0047818906610475,10,85094,32796800,32796800,5324,17710272000,17710272000,1894653,False
541,1.6112206878605069,0.5231766074098687,nan,nan,nan,10,42133,32796800,32796800,2638,17743068800,17743068800,1897291,False
542,1.5851387600574125,0.5309762033531639,nan,nan,nan,10,73960,32796800,32796800,4627,17775865600,17775865600,1901918,False
543,1.5866088521270878,0.5283294155791521,nan,nan,nan,10,61685,32796800,32796800,3859,17808662400,17808662400,1905777,False
544,1.6172961819028329,0.5201163967611336,nan,nan,nan,10,55328,32796800,32796800,3464,17841459200,17841459200,1909241,False
545,1.6005400411874087,0.5268965994395821,nan,nan,nan,10,28907,32796800,32796800,1811,17874256000,17874256000,1911052,False
546,1.5940566384549433,0.5281928352643495,nan,nan,nan,10,75090,32796800,32796800,4698,17907052800,17907052800,1915750,False
547,1.6370690788809186,0.516191060082488,nan,nan,nan,10,35884,32796800,32796800,2248,17939849600,17939849600,1917998,False
548,1.5679395502774656,0.5367275868585157,nan,nan,nan,10,37043,32796800,32796800,2320,17972646400,17972646400,1920318,False
549,1.6098893373586072,0.5238166343138719,nan,nan,nan,10,33485,32796800,32796800,2097,18005443200,18005443200,1922415,False
550,1.5692857971181178,0.5339932527176554,1.6056700492751985,0.5261876217593286,4.981196131653099,10,72029,32796800,32796800,4508,18038240000,18038240000,1926923,False
551,1.5838358953243283,0.5313549690617502,nan,nan,nan,10,39595,32796800,32796800,2479,18071036800,18071036800,1929402,False
552,1.5796682244333555,0.5330163761225568,nan,nan,nan,10,79506,32796800,32796800,4975,18103833600,18103833600,1934377,False
553,1.5890173598758093,0.5303410351647292,nan,nan,nan,10,41462,32796800,32796800,2597,18136630400,18136630400,1936974,False
554,1.5993468338650942,0.5261761277682712,nan,nan,nan,10,80646,32796800,32796800,5046,18169427200,18169427200,1942020,False
555,1.5547915041663312,0.5438630316585046,nan,nan,nan,10,51866,32796800,32796800,3247,18202224000,18202224000,1945267,False
556,1.5849886629195142,0.5332143726174061,nan,nan,nan,10,73974,32796800,32796800,4628,18235020800,18235020800,1949895,False
557,1.5939560409820928,0.528862425571921,nan,nan,nan,10,31910,32796800,32796800,1999,18267817600,18267817600,1951894,False
558,1.581837364061591,0.5337012878407761,nan,nan,nan,10,71748,32796800,32796800,4490,18300614400,18300614400,1956384,False
559,1.5652585136821138,0.5321634045505796,nan,nan,nan,10,69178,32796800,32796800,4328,18333411200,18333411200,1960712,False
560,1.5963588473726626,0.5279247341150805,1.604359940594325,0.5247827064288926,4.9746744963182215,10,36670,32796800,32796800,2298,18366208000,18366208000,1963010,False
561,1.5822661331267267,0.5279156590725892,nan,nan,nan,10,47142,32796800,32796800,2950,18399004800,18399004800,1965960,False
562,1.5351858817681272,0.547086963555268,nan,nan,nan,10,43271,32796800,32796800,2709,18431801600,18431801600,1968669,False
563,1.5596906574153042,0.5371103742302227,nan,nan,nan,10,52775,32796800,32796800,3303,18464598400,18464598400,1971972,False
564,1.5895317117738477,0.5287936956961002,nan,nan,nan,10,44541,32796800,32796800,2788,18497395200,18497395200,1974760,False
565,1.5264790433998903,0.5428969064900289,nan,nan,nan,10,56764,32796800,32796800,3553,18530192000,18530192000,1978313,False
566,1.581827008912574,0.532586660532256,nan,nan,nan,10,69553,32796800,32796800,4351,18562988800,18562988800,1982664,False
567,1.5691126272728588,0.5371635268627667,nan,nan,nan,10,54462,32796800,32796800,3409,18595785600,18595785600,1986073,False
568,1.5738315487230348,0.5312919043330331,nan,nan,nan,10,49965,32796800,32796800,3130,18628582400,18628582400,1989203,False
569,1.5680931235823632,0.5349085259814037,nan,nan,nan,10,43127,32796800,32796800,2700,18661379200,18661379200,1991903,False
570,1.5879872198797085,0.5320126194673842,1.5976661711498017,0.527873520155852,4.941486372921822,10,43108,32796800,32796800,2698,18694176000,18694176000,1994601,False
571,1.5583958934504425,0.5366122589158216,nan,nan,nan,10,55323,32796800,32796800,3463,18726972800,18726972800,1998064,False
572,1.5665398608643026,0.5352086532458109,nan,nan,nan,10,59261,32796800,32796800,3709,18759769600,18759769600,2001773,False
573,1.5475475717495741,0.5433982354730758,nan,nan,nan,10,65740,32796800,32796800,4112,18792566400,18792566400,2005885,False
574,1.5838465001297195,0.5331739694326476,nan,nan,nan,10,39323,32796800,32796800,2462,18825363200,18825363200,2008347,False
575,1.5732505754206256,0.5340494007542401,nan,nan,nan,10,50647,32796800,32796800,3170,18858160000,18858160000,2011517,False
576,1.6033788936662308,0.5268877042938317,nan,nan,nan,10,34142,32796800,32796800,2138,18890956800,18890956800,2013655,False
577,1.585496367952116,0.5319630307114662,nan,nan,nan,10,20774,32796800,32796800,1304,18923753600,18923753600,2014959,False
578,1.5535089765229975,0.540605156453217,nan,nan,nan,10,52284,32796800,32796800,3273,18956550400,18956550400,2018232,False
579,1.5632571427685276,0.5382675179317411,nan,nan,nan,10,50748,32796800,32796800,3176,18989347200,18989347200,2021408,False
580,1.5738304765026365,0.5348493475969518,1.591744315207996,0.5286228083320845,4.912310076658408,10,82541,32796800,32796800,5166,19022144000,19022144000,2026574,False
581,1.5860209015688909,0.5296329493037186,nan,nan,nan,10,45743,32796800,32796800,2864,19054940800,19054940800,2029438,False
582,1.5349830460276224,0.5434451043375778,nan,nan,nan,10,86546,32796800,32796800,5416,19087737600,19087737600,2034854,False
583,1.6004860221321462,0.5256230577051977,nan,nan,nan,10,49233,32796800,32796800,3081,19120534400,19120534400,2037935,False
584,1.5569509407659605,0.5370029662448842,nan,nan,nan,10,53266,32796800,32796800,3333,19153331200,19153331200,2041268,False
585,1.5795775473564007,0.5299424945468967,nan,nan,nan,10,40344,32796800,32796800,2526,19186128000,19186128000,2043794,False
586,1.5472390643542566,0.543975641583297,nan,nan,nan,10,45980,32796800,32796800,2879,19218924800,19218924800,2046673,False
587,1.5366540482934399,0.5454916940570311,nan,nan,nan,10,56285,32796800,32796800,3521,19251721600,19251721600,2050194,False
588,1.5782405896663465,0.533186566115509,nan,nan,nan,10,42698,32796800,32796800,2673,19284518400,19284518400,2052867,False
589,1.5771486198722502,0.530343585750438,nan,nan,nan,10,41096,32796800,32796800,2574,19317315200,19317315200,2055441,False
590,1.5557985387364501,0.5386996904024768,1.5889065195626983,0.5303836355462311,4.898389705440752,10,59109,32796800,32796800,3700,19350112000,19350112000,2059141,False
591,1.5507724504897895,0.5377688080862899,nan,nan,nan,10,58964,32796800,32796800,3690,19382908800,19382908800,2062831,False
592,1.5905781155395327,0.5294134531207394,nan,nan,nan,10,69679,32796800,32796800,4360,19415705600,19415705600,2067191,False
593,1.55741438798383,0.5390393194314763,nan,nan,nan,10,48195,32796800,32796800,3017,19448502400,19448502400,2070208,False
594,1.5440741679806016,0.5397598305879966,nan,nan,nan,10,78861,32796800,32796800,4934,19481299200,19481299200,2075142,False
595,1.5263864484913208,0.5460507102084163,nan,nan,nan,10,75330,32796800,32796800,4712,19514096000,19514096000,2079854,False
596,1.5521029376103124,0.5407389741580498,nan,nan,nan,10,58703,32796800,32796800,3675,19546892800,19546892800,2083529,False
597,1.5079500870554103,0.5481784730076302,nan,nan,nan,10,62777,32796800,32796800,3928,19579689600,19579689600,2087457,False
598,1.5233139498221677,0.5476771476087599,nan,nan,nan,10,64339,32796800,32796800,4026,19612486400,19612486400,2091483,False
599,1.5956232270485238,0.5263157894736842,nan,nan,nan,10,48032,32796800,32796800,3006,19645283200,19645283200,2094489,False
600,1.5337137387670425,0.5407236305757211,1.5859546009504186,0.5308332084519706,4.883951378566396,10,51518,32796800,32796800,3224,19678080000,19678080000,2097713,False
601,1.5030668852650568,0.5523820671895119,nan,nan,nan,10,51258,32796800,32796800,3206,19710876800,19710876800,2100919,False
602,1.582966026797251,0.5310608145294441,nan,nan,nan,10,58144,32796800,32796800,3638,19743673600,19743673600,2104557,False
603,1.5502776139728491,0.5380664652567976,nan,nan,nan,10,49650,32796800,32796800,3107,19776470400,19776470400,2107664,False
604,1.525933300927804,0.5465239745165977,nan,nan,nan,10,71576,32796800,32796800,4478,19809267200,19809267200,2112142,False
605,1.5280864049187441,0.5448267905995583,nan,nan,nan,10,60678,32796800,32796800,3797,19842064000,19842064000,2115939,False
606,1.5532607258027744,0.5411236088793667,nan,nan,nan,10,33606,32796800,32796800,2106,19874860800,19874860800,2118045,False
607,1.5290368554618543,0.5439521011795309,nan,nan,nan,10,44594,32796800,32796800,2793,19907657600,19907657600,2120838,False
608,1.545798880295896,0.5420110560088164,nan,nan,nan,10,56259,32796800,32796800,3520,19940454400,19940454400,2124358,False
609,1.5437976335721209,0.5400642260757867,nan,nan,nan,10,77850,32796800,32796800,4870,19973251200,19973251200,2129228,False
610,1.6100262152766158,0.5244324213265761,1.5863679445577707,0.5285853439232729,4.885970545923556,10,29203,32796800,32796800,1830,20006048000,20006048000,2131058,False
611,1.5806692719997297,0.5317605462082419,nan,nan,nan,10,49212,32796800,32796800,3080,20038844800,20038844800,2134138,False
612,1.57145713240325,0.5344602072643123,nan,nan,nan,10,39756,32796800,32796800,2487,20071641600,20071641600,2136625,False
613,1.580583943768608,0.5300893669992383,nan,nan,nan,10,53823,32796800,32796800,3369,20104438400,20104438400,2139994,False
614,1.5569916384813085,0.537961955625886,nan,nan,nan,10,60666,32796800,32796800,3796,20137235200,20137235200,2143790,False
615,1.5508730730329667,0.5408029426021499,nan,nan,nan,10,70142,32796800,32796800,4388,20170032000,20170032000,2148178,False
616,1.548729000249039,0.5443883464628804,nan,nan,nan,10,50903,32796800,32796800,3187,20202828800,20202828800,2151365,False
617,1.52048963599511,0.5473424120110151,nan,nan,nan,10,53018,32796800,32796800,3318,20235625600,20235625600,2154683,False
618,1.5208436509988519,0.5456435571334776,nan,nan,nan,10,82246,32796800,32796800,5145,20268422400,20268422400,2159828,False
619,1.5095198857963483,0.548568894737595,nan,nan,nan,10,69911,32796800,32796800,4374,20301219200,20301219200,2164202,False
620,1.5781786753029623,0.5334859336926826,1.5787202581443942,0.5324816424396823,4.84874669495908,10,54172,32796800,32796800,3390,20334016000,20334016000,2167592,False
621,1.5279316937045757,0.5463470610735688,nan,nan,nan,10,62744,32796800,32796800,3927,20366812800,20366812800,2171519,False
622,1.5457297317642826,0.5412616687518045,nan,nan,nan,10,41564,32796800,32796800,2602,20399609600,20399609600,2174121,False
623,1.5574170717457287,0.5384968583856936,nan,nan,nan,10,41380,32796800,32796800,2593,20432406400,20432406400,2176714,False
624,1.53220139317889,0.5461752290744363,nan,nan,nan,10,58278,32796800,32796800,3647,20465203200,20465203200,2180361,False
625,1.517062461411035,0.5478160158835208,nan,nan,nan,10,90660,32796800,32796800,5671,20498000000,20498000000,2186032,False
626,1.522951056888011,0.5472591710531657,nan,nan,nan,10,73901,32796800,32796800,4623,20530796800,20530796800,2190655,False
627,1.5353336552059917,0.5426333840764448,nan,nan,nan,10,54523,32796800,32796800,3412,20563593600,20563593600,2194067,False
628,1.5368399786227613,0.5411808400486202,nan,nan,nan,10,88852,32796800,32796800,5558,20596390400,20596390400,2199625,False
629,1.498101582938237,0.551653070913721,nan,nan,nan,10,92676,32796800,32796800,5797,20629187200,20629187200,2205422,False
630,1.5228978852346169,0.5484610199955067,1.5758535366945854,0.5318447474898846,4.834866593501898,10,44510,32796800,32796800,2787,20661984000,20661984000,2208209,False
631,1.5567384348540736,0.5372463126499988,nan,nan,nan,10,42917,32796800,32796800,2686,20694780800,20694780800,2210895,False
632,1.4974559275612753,0.5523510739473587,nan,nan,nan,10,80963,32796800,32796800,5065,20727577600,20727577600,2215960,False
633,1.5380569467159835,0.5409008388216742,nan,nan,nan,10,75463,32796800,32796800,4722,20760374400,20760374400,2220682,False
634,1.5404611494640894,0.539305065795132,nan,nan,nan,10,69762,32796800,32796800,4364,20793171200,20793171200,2225046,False
635,1.5155953307800132,0.549432625110733,nan,nan,nan,10,71117,32796800,32796800,4450,20825968000,20825968000,2229496,False
636,1.527748842040003,0.5448066163950377,nan,nan,nan,10,41110,32796800,32796800,2574,20858764800,20858764800,2232070,False
637,1.5698419306454168,0.5378046730542948,nan,nan,nan,10,29745,32796800,32796800,1863,20891561600,20891561600,2233933,False
638,1.5007727151443497,0.5514699189951762,nan,nan,nan,10,54935,32796800,32796800,3437,20924358400,20924358400,2237370,False
639,1.5148867862634383,0.5508921201346118,nan,nan,nan,10,62996,32796800,32796800,3943,20957155200,20957155200,2241313,False
640,1.4905454069104267,0.5537374128582494,1.5734321706641226,0.5336055747040311,4.823173773781738,10,61968,32796800,32796800,3878,20989952000,20989952000,2245191,False
641,1.485685528337086,0.5525883850026742,nan,nan,nan,10,54223,32796800,32796800,3393,21022748800,21022748800,2248584,False
642,1.5076269336853316,0.5474809307095699,nan,nan,nan,10,62404,32796800,32796800,3905,21055545600,21055545600,2252489,False
643,1.493906680194961,0.5524082034993565,nan,nan,nan,10,73042,32796800,32796800,4569,21088342400,21088342400,2257058,False
644,1.537721111773823,0.5435001737921445,nan,nan,nan,10,57540,32796800,32796800,3602,21121139200,21121139200,2260660,False
645,1.5122698354629016,0.5492046332046332,nan,nan,nan,10,64750,32796800,32796800,4051,21153936000,21153936000,2264711,False
646,1.520473825708348,0.5472280726805412,nan,nan,nan,10,56026,32796800,32796800,3506,21186732800,21186732800,2268217,False
647,1.5493546776533729,0.5404545454545454,nan,nan,nan,10,39600,32796800,32796800,2479,21219529600,21219529600,2270696,False
648,1.5268238958379232,0.5479992724627137,nan,nan,nan,10,54980,32796800,32796800,3440,21252326400,21252326400,2274136,False
649,1.5257964109552178,0.5461383639216757,nan,nan,nan,10,58628,32796800,32796800,3669,21285123200,21285123200,2277805,False
650,1.5263550916370987,0.5446580500343942,1.5687734212865363,0.5342237374494231,4.800756075729593,10,55242,32796800,32796800,3457,21317920000,21317920000,2281262,False
651,1.558768447306175,0.5354751661108423,nan,nan,nan,10,39281,32796800,32796800,2460,21350716800,21350716800,2283722,False
652,1.5113009889096232,0.5476735815718866,nan,nan,nan,10,45843,32796800,32796800,2869,21383513600,21383513600,2286591,False
653,1.516080413393665,0.5489612250380586,nan,nan,nan,10,44668,32796800,32796800,2797,21416310400,21416310400,2289388,False
654,1.4948046526077639,0.552749131417857,nan,nan,nan,10,108798,32796800,32796800,6805,21449107200,21449107200,2296193,False
655,1.487272805987716,0.5548895777329029,nan,nan,nan,10,77747,32796800,32796800,4865,21481904000,21481904000,2301058,False
656,1.5090175796185623,0.5467641252734354,nan,nan,nan,10,56229,32796800,32796800,3518,21514700800,21514700800,2304576,False
657,1.583426836412369,0.5296964560519214,nan,nan,nan,10,44837,32796800,32796800,2807,21547497600,21547497600,2307383,False
658,1.485893206803684,0.5565029168756435,nan,nan,nan,10,37883,32796800,32796800,2372,21580294400,21580294400,2309755,False
659,1.5310748552131979,0.5447472150814053,nan,nan,nan,10,58350,32796800,32796800,3652,21613091200,21613091200,2313407,False
660,1.5870343911004634,0.5335006273525722,1.5657962542074688,0.5360594934811929,4.786484677496032,10,31880,32796800,32796800,1998,21645888000,21645888000,2315405,False
661,1.4746110028661974,0.5582559829008513,nan,nan,nan,10,83279,32796800,32796800,5209,21678684800,21678684800,2320614,False
662,1.5187516119134756,0.5469570330547272,nan,nan,nan,10,47618,32796800,32796800,2980,21711481600,21711481600,2323594,False
663,1.564378958026547,0.5377105023269203,nan,nan,nan,10,41686,32796800,32796800,2610,21744278400,21744278400,2326204,False
664,1.5457068700648722,0.5383511979823455,nan,nan,nan,10,63440,32796800,32796800,3969,21777075200,21777075200,2330173,False
665,1.508122229840315,0.548085817443977,nan,nan,nan,10,67026,32796800,32796800,4194,21809872000,21809872000,2334367,False
666,1.538458257221391,0.5424688801065156,nan,nan,nan,10,47317,32796800,32796800,2962,21842668800,21842668800,2337329,False
667,1.4924228659642442,0.5519713702437464,nan,nan,nan,10,81314,32796800,32796800,5087,21875465600,21875465600,2342416,False
668,1.554436919741196,0.5395617162773927,nan,nan,nan,10,49922,32796800,32796800,3125,21908262400,21908262400,2345541,False
669,1.5717469579926517,0.5387323943661971,nan,nan,nan,10,44020,32796800,32796800,2757,21941059200,21941059200,2348298,False
670,1.5713562228820965,0.5362606491801276,1.5635587077224413,0.5356286527798592,4.77578666863972,10,32749,32796800,32796800,2051,21973856000,21973856000,2350349,False
671,1.5166665929627323,0.5476456897323426,nan,nan,nan,10,44684,32796800,32796800,2799,22006652800,22006652800,2353148,False
672,1.522743604997222,0.5465829192837723,nan,nan,nan,10,53335,32796800,32796800,3336,22039449600,22039449600,2356484,False
673,1.4664424060651522,0.5613083195389614,nan,nan,nan,10,65244,32796800,32796800,4083,22072246400,22072246400,2360567,False
674,1.4895999614122803,0.5524224313326551,nan,nan,nan,10,62912,32796800,32796800,3937,22105043200,22105043200,2364504,False
675,1.5247086074772536,0.5420363015478268,nan,nan,nan,10,53882,32796800,32796800,3372,22137840000,22137840000,2367876,False
676,1.5195813322771994,0.5489427470656751,nan,nan,nan,10,44644,32796800,32796800,2795,22170636800,22170636800,2370671,False
677,1.498506060149656,0.5500934062132429,nan,nan,nan,10,86718,32796800,32796800,5424,22203433600,22203433600,2376095,False
678,1.5152310791833485,0.5505455899118215,nan,nan,nan,10,85962,32796800,32796800,5379,22236230400,22236230400,2381474,False
679,1.4933782224810204,0.5529161590904234,nan,nan,nan,10,93582,32796800,32796800,5854,22269027200,22269027200,2387328,False
680,1.490881468096529,0.5524334606890103,1.5652938418957885,0.5351416154653079,4.784080492660991,10,62031,32796800,32796800,3882,22301824000,22301824000,2391210,False
681,1.4367278115078976,0.5709059822262869,nan,nan,nan,10,50299,32796800,32796800,3149,22334620800,22334620800,2394359,False
682,1.5346002294198835,0.5417852087508584,nan,nan,nan,10,71353,32796800,32796800,4466,22367417600,22367417600,2398825,False
683,1.5404483431119131,0.5445515400168823,nan,nan,nan,10,50941,32796800,32796800,3188,22400214400,22400214400,2402013,False
684,1.482803451812409,0.5554257593080479,nan,nan,nan,10,80468,32796800,32796800,5033,22433011200,22433011200,2407046,False
685,1.4680778333231412,0.560753413782153,nan,nan,nan,10,100768,32796800,32796800,6303,22465808000,22465808000,2413349,False
686,1.4950482080633338,0.5519970180921524,nan,nan,nan,10,34877,32796800,32796800,2184,22498604800,22498604800,2415533,False
687,1.52944300866413,0.5447648238543913,nan,nan,nan,10,52854,32796800,32796800,3308,22531401600,22531401600,2418841,False
688,1.4791014015334738,0.5556620663405557,nan,nan,nan,10,70937,32796800,32796800,4438,22564198400,22564198400,2423279,False
689,1.5219675280553049,0.5462550277204044,nan,nan,nan,10,45995,32796800,32796800,2880,22596995200,22596995200,2426159,False
690,1.5087969824500376,0.5499117066583568,1.555481277697629,0.5366776562265847,4.73736596517815,10,67389,32796800,32796800,4217,22629792000,22629792000,2430376,False
691,1.5269226141211885,0.546627708789871,nan,nan,nan,10,32856,32796800,32796800,2059,22662588800,22662588800,2432435,False
692,1.5085900162925927,0.5504301293774978,nan,nan,nan,10,44289,32796800,32796800,2772,22695385600,22695385600,2435207,False
693,1.5245637300273425,0.5455131822946061,nan,nan,nan,10,49612,32796800,32796800,3106,22728182400,22728182400,2438313,False
694,1.4811756645631615,0.5582124762083479,nan,nan,nan,10,74606,32796800,32796800,4668,22760979200,22760979200,2442981,False
695,1.4564640245704101,0.5641494450292721,nan,nan,nan,10,54147,32796800,32796800,3389,22793776000,22793776000,2446370,False
696,1.4984003488945568,0.5511466021574387,nan,nan,nan,10,81022,32796800,32796800,5070,22826572800,22826572800,2451440,False
697,1.547725377158982,0.5417790660657139,nan,nan,nan,10,59683,32796800,32796800,3736,22859369600,22859369600,2455176,False
698,1.479615784718938,0.5592476091958876,nan,nan,nan,10,47369,32796800,32796800,2966,22892166400,22892166400,2458142,False
699,1.4594332300371022,0.5634648796227352,nan,nan,nan,10,100725,32796800,32796800,6301,22924963200,22924963200,2464443,False
700,1.4947881781309422,0.5562460971185584,1.555006253385265,0.5374269444028174,4.735116135572311,10,33629,32796800,32796800,2105,22957760000,22957760000,2466548,False
701,1.5176708725302117,0.544536358622863,nan,nan,nan,10,63465,32796800,32796800,3971,22990556800,22990556800,2470519,False
702,1.572454150568513,0.5376159508797412,nan,nan,nan,10,30293,32796800,32796800,1898,23023353600,23023353600,2472417,False
703,1.5047070012249846,0.5526231987899053,nan,nan,nan,10,50244,32796800,32796800,3145,23056150400,23056150400,2475562,False
704,1.471328949416923,0.5583491234495167,nan,nan,nan,10,62803,32796800,32796800,3931,23088947200,23088947200,2479493,False
705,1.556677114612363,0.5420733530899106,nan,nan,nan,10,36781,32796800,32796800,2304,23121744000,23121744000,2481797,False
706,1.5129755140645835,0.5500598428474788,nan,nan,nan,10,38434,32796800,32796800,2407,23154540800,23154540800,2484204,False
707,1.483795821094037,0.5547787085284612,nan,nan,nan,10,45483,32796800,32796800,2848,23187337600,23187337600,2487052,False
708,1.5060987463087143,0.5513693498709731,nan,nan,nan,10,60065,32796800,32796800,3758,23220134400,23220134400,2490810,False
709,1.502717882959498,0.5498637487061409,nan,nan,nan,10,47339,32796800,32796800,2963,23252931200,23252931200,2493773,False
710,1.5254895361565046,0.5457079042555294,1.5501870492328933,0.5401056496328488,4.712351541900416,10,50593,32796800,32796800,3167,23285728000,23285728000,2496940,False
711,1.5108230798136815,0.550366653801621,nan,nan,nan,10,62184,32796800,32796800,3891,23318524800,23318524800,2500831,False
712,1.4976181414288496,0.5527620898362381,nan,nan,nan,10,49401,32796800,32796800,3094,23351321600,23351321600,2503925,False
713,1.4862697219724759,0.5554000692760651,nan,nan,nan,10,72175,32796800,32796800,4514,23384118400,23384118400,2508439,False
714,1.472961743165493,0.561352720573722,nan,nan,nan,10,60796,32796800,32796800,3805,23416915200,23416915200,2512244,False
715,1.4543725696029506,0.5630641163541131,nan,nan,nan,10,85532,32796800,32796800,5350,23449712000,23449712000,2517594,False
716,1.5175836650098433,0.5473971969813646,nan,nan,nan,10,25972,32796800,32796800,1627,23482508800,23482508800,2519221,False
717,1.431672132153872,0.5692885805617901,nan,nan,nan,10,58812,32796800,32796800,3680,23515305600,23515305600,2522901,False
718,1.457462634061901,0.5633052177545927,nan,nan,nan,10,88563,32796800,32796800,5541,23548102400,23548102400,2528442,False
719,1.5420672009632954,0.5438318698718871,nan,nan,nan,10,34735,32796800,32796800,2175,23580899200,23580899200,2530617,False
720,1.4344892493288839,0.5707648695469578,1.5565034598938337,0.5387569309156302,4.742210892101828,10,76196,32796800,32796800,4767,23613696000,23613696000,2535384,False
721,1.5613897942929058,0.5397066415621489,nan,nan,nan,10,32929,32796800,32796800,2062,23646492800,23646492800,2537446,False
722,1.5179711369294304,0.5435998313896304,nan,nan,nan,10,35585,32796800,32796800,2230,23679289600,23679289600,2539676,False
723,1.4954121213625629,0.5529434472109631,nan,nan,nan,10,51810,32796800,32796800,3244,23712086400,23712086400,2542920,False
724,1.4935398652992313,0.5571055221803618,nan,nan,nan,10,29463,32796800,32796800,1846,23744883200,23744883200,2544766,False
725,1.4958589213673272,0.5554512768994871,nan,nan,nan,10,75652,32796800,32796800,4734,23777680000,23777680000,2549500,False
726,1.45589439719609,0.5648112279865312,nan,nan,nan,10,67118,32796800,32796800,4198,23810476800,23810476800,2553698,False
727,1.50835557920565,0.5516919663119674,nan,nan,nan,10,39658,32796800,32796800,2484,23843273600,23843273600,2556182,False
728,1.5245920130720125,0.545984589393877,nan,nan,nan,10,48538,32796800,32796800,3037,23876070400,23876070400,2559219,False
729,1.4109164123045435,0.5756822153515258,nan,nan,nan,10,74390,32796800,32796800,4654,23908867200,23908867200,2563873,False
730,1.45935198029449,0.562707233206435,1.5514120202934154,0.5390191817773116,4.7181275731795616,10,65144,32796800,32796800,4077,23941664000,23941664000,2567950,False
731,1.4618088512892822,0.562417159818545,nan,nan,nan,10,53567,32796800,32796800,3353,23974460800,23974460800,2571303,False
732,1.4972865642416686,0.551961584867948,nan,nan,nan,10,82051,32796800,32796800,5133,24007257600,24007257600,2576436,False
733,1.5288933405542686,0.5504364550969079,nan,nan,nan,10,33795,32796800,32796800,2117,24040054400,24040054400,2578553,False
734,1.5093313484697946,0.5510269650028686,nan,nan,nan,10,43575,32796800,32796800,2729,24072851200,24072851200,2581282,False
735,1.5033737818234343,0.5548869492686705,nan,nan,nan,10,33569,32796800,32796800,2104,24105648000,24105648000,2583386,False
736,1.4801746247128462,0.5576567171261804,nan,nan,nan,10,42146,32796800,32796800,2637,24138444800,24138444800,2586023,False
737,1.4914638840289471,0.5544205597366673,nan,nan,nan,10,64709,32796800,32796800,4049,24171241600,24171241600,2590072,False
738,1.5118370679827757,0.5489082969432314,nan,nan,nan,10,45800,32796800,32796800,2868,24204038400,24204038400,2592940,False
739,1.4872430892670738,0.5553019235451668,nan,nan,nan,10,32856,32796800,32796800,2059,24236835200,24236835200,2594999,False
740,1.5056931120228787,0.5525722525742836,1.5459987942861257,0.5399557919976022,4.692656285412172,10,49237,32796800,32796800,3082,24269632000,24269632000,2598081,False
741,1.4773293335388733,0.5565330794071376,nan,nan,nan,10,48308,32796800,32796800,3024,24302428800,24302428800,2601105,False
742,1.488122284263347,0.556309938046338,nan,nan,nan,10,58915,32796800,32796800,3687,24335225600,24335225600,2604792,False
743,1.4431807925217777,0.5668099830860802,nan,nan,nan,10,77451,32796800,32796800,4845,24368022400,24368022400,2609637,False
744,1.4857649533452955,0.5546012480285264,nan,nan,nan,10,58332,32796800,32796800,3651,24400819200,24400819200,2613288,False
745,1.4884846062412431,0.5541054362347138,nan,nan,nan,10,58386,32796800,32796800,3653,24433616000,24433616000,2616941,False
746,1.4039419037358032,0.5794164439844921,nan,nan,nan,10,64741,32796800,32796800,4051,24466412800,24466412800,2620992,False
747,1.4796838767703506,0.5585908364411295,nan,nan,nan,10,75080,32796800,32796800,4699,24499209600,24499209600,2625691,False
748,1.4193165178957239,0.5729394085457484,nan,nan,nan,10,70538,32796800,32796800,4413,24532006400,24532006400,2630104,False
749,1.5066548733796767,0.5475860828913063,nan,nan,nan,10,55615,32796800,32796800,3482,24564803200,24564803200,2633586,False
750,1.506409197293527,0.5506951717906065,1.5413233891395226,0.5401431140416604,4.67076742558119,10,48693,32796800,32796800,3048,24597600000,24597600000,2636634,False
751,1.5315898313527805,0.5490385620231999,nan,nan,nan,10,38276,32796800,32796800,2398,24630396800,24630396800,2639032,False
752,1.4111515799271137,0.5754927420428819,nan,nan,nan,10,60072,32796800,32796800,3759,24663193600,24663193600,2642791,False
753,1.5115656280435745,0.5480520262539893,nan,nan,nan,10,33214,32796800,32796800,2081,24695990400,24695990400,2644872,False
754,1.5660662375138494,0.5381880797644837,nan,nan,nan,10,18003,32796800,32796800,1130,24728787200,24728787200,2646002,False
755,1.5349487734421552,0.5498291821181417,nan,nan,nan,10,34247,32796800,32796800,2145,24761584000,24761584000,2648147,False
756,1.4736695374300228,0.5560589390114987,nan,nan,nan,10,46353,32796800,32796800,2902,24794380800,24794380800,2651049,False
757,1.4151918714539942,0.5721439169139466,nan,nan,nan,10,91664,32796800,32796800,5733,24827177600,24827177600,2656782,False
758,1.4779728427098935,0.5558198499620984,nan,nan,nan,10,76514,32796800,32796800,4786,24859974400,24859974400,2661568,False
759,1.5121407373957074,0.546928246122488,nan,nan,nan,10,31399,32796800,32796800,1966,24892771200,24892771200,2663534,False
760,1.4921299341240049,0.5576606416201382,1.5422277494329357,0.5398995953843848,4.674993392791103,10,52835,32796800,32796800,3307,24925568000,24925568000,2666841,False
761,1.5173008945988171,0.5452178158737048,nan,nan,nan,10,36866,32796800,32796800,2309,24958364800,24958364800,2669150,False
762,1.4793052534805016,0.5579961126455931,nan,nan,nan,10,68427,32796800,32796800,4281,24991161600,24991161600,2673431,False
763,1.5243026036006222,0.5494993842694222,nan,nan,nan,10,37354,32796800,32796800,2340,25023958400,25023958400,2675771,False
764,1.4798356831295927,0.5570592538405267,nan,nan,nan,10,57414,32796800,32796800,3593,25056755200,25056755200,2679364,False
765,1.510528723353099,0.5491324726584985,nan,nan,nan,10,36483,32796800,32796800,2284,25089552000,25089552000,2681648,False
766,1.5203718292685264,0.5486475003540575,nan,nan,nan,10,42366,32796800,32796800,2652,25122348800,25122348800,2684300,False
767,1.4552052801629634,0.5630175836642087,nan,nan,nan,10,61705,32796800,32796800,3861,25155145600,25155145600,2688161,False
768,1.504587696763359,0.5542917224240107,nan,nan,nan,10,31386,32796800,32796800,1967,25187942400,25187942400,2690128,False
769,1.487183923422997,0.5533267772224543,nan,nan,nan,10,74231,32796800,32796800,4645,25220739200,25220739200,2694773,False
770,1.4730606803376296,0.5552737888125497,1.5394580740452026,0.5405926869473999,4.6620630932852265,10,67826,32796800,32796800,4244,25253536000,25253536000,2699017,False
771,1.4798373983193391,0.5577203976817604,nan,nan,nan,10,42446,32796800,32796800,2659,25286332800,25286332800,2701676,False
772,1.4902798343566792,0.5540360051919713,nan,nan,nan,10,53159,32796800,32796800,3329,25319129600,25319129600,2705005,False
773,1.4777347632343498,0.5560059274755927,nan,nan,nan,10,45888,32796800,32796800,2872,25351926400,25351926400,2707877,False
774,1.512284894359303,0.5498919103424735,nan,nan,nan,10,35156,32796800,32796800,2201,25384723200,25384723200,2710078,False
775,1.4214193268133613,0.5745837125876747,nan,nan,nan,10,74708,32796800,32796800,4674,25417520000,25417520000,2714752,False
776,1.4761251877469104,0.5571875105031425,nan,nan,nan,10,29753,32796800,32796800,1865,25450316800,25450316800,2716617,False
777,1.455827632155521,0.5609315062765879,nan,nan,nan,10,95673,32796800,32796800,5985,25483113600,25483113600,2722602,False
778,1.5024355752969312,0.5540660807653799,nan,nan,nan,10,53934,32796800,32796800,3377,25515910400,25515910400,2725979,False
779,1.4866569084966268,0.554553914156101,nan,nan,nan,10,34388,32796800,32796800,2154,25548707200,25548707200,2728133,False
780,1.4547353333888313,0.563721928665786,1.536971850533116,0.5424846395923872,4.6504865592965405,10,60560,32796800,32796800,3789,25581504000,25581504000,2731922,False
781,1.440544262119377,0.568376396513994,nan,nan,nan,10,52094,32796800,32796800,3260,25614300800,25614300800,2735182,False
782,1.4380520186042436,0.5676042677012609,nan,nan,nan,10,46395,32796800,32796800,2904,25647097600,25647097600,2738086,False
783,1.4722072952160012,0.5604663774403471,nan,nan,nan,10,51632,32796800,32796800,3233,25679894400,25679894400,2741319,False
784,1.4813644364057148,0.5589221049387472,nan,nan,nan,10,51916,32796800,32796800,3249,25712691200,25712691200,2744568,False
785,1.4093212043841659,0.5767116441779111,nan,nan,nan,10,54027,32796800,32796800,3382,25745488000,25745488000,2747950,False
786,1.4942000847598327,0.5544004226096144,nan,nan,nan,10,47325,32796800,32796800,2962,25778284800,25778284800,2750912,False
787,1.3924728139516553,0.5801851237676003,nan,nan,nan,10,66334,32796800,32796800,4151,25811081600,25811081600,2755063,False
788,1.3883281860882677,0.5835987507344074,nan,nan,nan,10,64678,32796800,32796800,4046,25843878400,25843878400,2759109,False
789,1.4456302153754252,0.5662921348314607,nan,nan,nan,10,60965,32796800,32796800,3814,25876675200,25876675200,2762923,False
790,1.4909175623443933,0.5535930165010283,1.5357370694216341,0.5421287277086767,4.644747770137302,10,63693,32796800,32796800,3985,25909472000,25909472000,2766908,False
791,1.478231978171897,0.5605535132135673,nan,nan,nan,10,57668,32796800,32796800,3609,25942268800,25942268800,2770517,False
792,1.5000728791446623,0.5540717901710381,nan,nan,nan,10,48001,32796800,32796800,3004,25975065600,25975065600,2773521,False
793,1.3937326032208772,0.5823005615177592,nan,nan,nan,10,60194,32796800,32796800,3767,26007862400,26007862400,2777288,False
794,1.438572667350612,0.5687148483718819,nan,nan,nan,10,61697,32796800,32796800,3862,26040659200,26040659200,2781150,False
795,1.3984440637200988,0.581676974341022,nan,nan,nan,10,77127,32796800,32796800,4826,26073456000,26073456000,2785976,False
796,1.43592911295948,0.5707018778072407,nan,nan,nan,10,55437,32796800,32796800,3470,26106252800,26106252800,2789446,False
797,1.485099418773841,0.5528957813632844,nan,nan,nan,10,81377,32796800,32796800,5092,26139049600,26139049600,2794538,False
798,1.4670947288821647,0.5563810665068903,nan,nan,nan,10,50070,32796800,32796800,3135,26171846400,26171846400,2797673,False
799,1.467452062875413,0.5598753572178181,nan,nan,nan,10,61937,32796800,32796800,3877,26204643200,26204643200,2801550,False
800,1.4602457440749592,0.5610405791497497,1.537362071289824,0.542316049752735,4.652301629796829,10,46551,32796800,32796800,2914,26237440000,26237440000,2804464,False
801,1.482031371279259,0.5557512653006622,nan,nan,nan,10,44851,32796800,32796800,2808,26270236800,26270236800,2807272,False
802,1.52093508937644,0.5475557081152207,nan,nan,nan,10,34959,32796800,32796800,2190,26303033600,26303033600,2809462,False
803,1.489051478571921,0.5584340944760052,nan,nan,nan,10,45239,32796800,32796800,2833,26335830400,26335830400,2812295,False
804,1.5167219902186113,0.5474402275353302,nan,nan,nan,10,45004,32796800,32796800,2818,26368627200,26368627200,2815113,False
805,1.439971338078444,0.5671601416486327,nan,nan,nan,10,40664,32796800,32796800,2547,26401424000,26401424000,2817660,False
806,1.4880798501437593,0.5555671470513719,nan,nan,nan,10,67099,32796800,32796800,4199,26434220800,26434220800,2821859,False
807,1.4981572846344662,0.5516734980163513,nan,nan,nan,10,45623,32796800,32796800,2857,26467017600,26467017600,2824716,False
808,1.4512238663599144,0.5643914652732419,nan,nan,nan,10,36744,32796800,32796800,2301,26499814400,26499814400,2827017,False
809,1.4819634071467827,0.5573135972015288,nan,nan,nan,10,61748,32796800,32796800,3866,26532611200,26532611200,2830883,False
810,1.4823290835980658,0.5553336780359085,1.5380641794733498,0.5420537988910535,4.655569195801526,10,56087,32796800,32796800,3509,26565408000,26565408000,2834392,False
811,1.4502726085882656,0.5654280238500852,nan,nan,nan,10,93920,32796800,32796800,5876,26598204800,26598204800,2840268,False
812,1.5111131116053251,0.5498531543923566,nan,nan,nan,10,53798,32796800,32796800,3368,26631001600,26631001600,2843636,False
813,1.4512612994361136,0.5654017857142857,nan,nan,nan,10,44800,32796800,32796800,2803,26663798400,26663798400,2846439,False
814,1.3960494334882179,0.578750208775739,nan,nan,nan,10,83822,32796800,32796800,5243,26696595200,26696595200,2851682,False
815,1.4709362503794148,0.5581501429849647,nan,nan,nan,10,56999,32796800,32796800,3568,26729392000,26729392000,2855250,False
816,1.4630881506293705,0.5593262255440756,nan,nan,nan,10,36392,32796800,32796800,2278,26762188800,26762188800,2857528,False
817,1.4643309322989386,0.5643622429029483,nan,nan,nan,10,51148,32796800,32796800,3203,26794985600,26794985600,2860731,False
818,1.3803731240566641,0.5830861751638278,nan,nan,nan,10,85303,32796800,32796800,5336,26827782400,26827782400,2866067,False
819,1.4934536404705465,0.5554254049061789,nan,nan,nan,10,44393,32796800,32796800,2779,26860579200,26860579200,2868846,False
820,1.4889233200417276,0.5565122317889846,1.5260016339017803,0.5438895549228233,4.599748526744996,10,51219,32796800,32796800,3206,26893376000,26893376000,2872052,False
821,1.4598546349130954,0.5654889105583103,nan,nan,nan,10,48199,32796800,32796800,3017,26926172800,26926172800,2875069,False
822,1.460649636011552,0.5634007596823146,nan,nan,nan,10,55023,32796800,32796800,3443,26958969600,26958969600,2878512,False
823,1.4759759518038875,0.5572935503315251,nan,nan,nan,10,33180,32796800,32796800,2078,26991766400,26991766400,2880590,False
824,1.519771467606663,0.5482834622137547,nan,nan,nan,10,26769,32796800,32796800,1678,27024563200,27024563200,2882268,False
825,1.449926169756872,0.5640535812925797,nan,nan,nan,10,43448,32796800,32796800,2719,27057360000,27057360000,2884987,False
826,1.3610005865838628,0.5931922614234721,nan,nan,nan,10,50707,32796800,32796800,3172,27090156800,27090156800,2888159,False
827,1.3599911890980665,0.590139514023482,nan,nan,nan,10,62431,32796800,32796800,3906,27122953600,27122953600,2892065,False
828,1.3751106046871147,0.5876373046049852,nan,nan,nan,10,75744,32796800,32796800,4738,27155750400,27155750400,2896803,False
829,1.4919293294308347,0.5534771458741892,nan,nan,nan,10,39774,32796800,32796800,2490,27188547200,27188547200,2899293,False
830,1.4629789895815324,0.5609104633608175,1.534933987182601,0.5431777311554024,4.641019153091775,10,51666,32796800,32796800,3233,27221344000,27221344000,2902526,False
831,1.482785134198581,0.5576148423580448,nan,nan,nan,10,51636,32796800,32796800,3230,27254140800,27254140800,2905756,False
832,1.4830534418438575,0.5533259830944506,nan,nan,nan,10,40815,32796800,32796800,2556,27286937600,27286937600,2908312,False
833,1.4873420126279466,0.5542297038141913,nan,nan,nan,10,42237,32796800,32796800,2645,27319734400,27319734400,2910957,False
834,1.4532927529268012,0.5669875948898352,nan,nan,nan,10,54010,32796800,32796800,3380,27352531200,27352531200,2914337,False
835,1.4450694109790228,0.5660388472469701,nan,nan,nan,10,67907,32796800,32796800,4249,27385328000,27385328000,2918586,False
836,1.4275111890706553,0.5713534745849335,nan,nan,nan,10,68483,32796800,32796800,4284,27418124800,27418124800,2922870,False
837,1.4416917526088928,0.5653206363052617,nan,nan,nan,10,82539,32796800,32796800,5163,27450921600,27450921600,2928033,False
838,1.3825724703516662,0.5838686318936722,nan,nan,nan,10,85622,32796800,32796800,5356,27483718400,27483718400,2933389,False
839,1.3691905002523699,0.5863956775324721,nan,nan,nan,10,83841,32796800,32796800,5245,27516515200,27516515200,2938634,False
840,1.4591640020128336,0.5631318341242005,1.529949132977764,0.5433650531994605,4.6179419153712296,10,67858,32796800,32796800,4246,27549312000,27549312000,2942880,False
841,1.4945729057363228,0.5543950026365959,nan,nan,nan,10,49306,32796800,32796800,3086,27582108800,27582108800,2945966,False
842,1.4523142366629154,0.5637561862438137,nan,nan,nan,10,39604,32796800,32796800,2481,27614905600,27614905600,2948447,False
843,1.4381957517083903,0.5686081159296019,nan,nan,nan,10,46649,32796800,32796800,2922,27647702400,27647702400,2951369,False
844,1.4658876507085181,0.5652278514003889,nan,nan,nan,10,49879,32796800,32796800,3123,27680499200,27680499200,2954492,False
845,1.455803481735234,0.5632027257240204,nan,nan,nan,10,52830,32796800,32796800,3306,27713296000,27713296000,2957798,False
846,1.4866720053644173,0.5590733768022775,nan,nan,nan,10,43556,32796800,32796800,2727,27746092800,27746092800,2960525,False
847,1.4664027994384088,0.5588666443290333,nan,nan,nan,10,47752,32796800,32796800,2990,27778889600,27778889600,2963515,False
848,1.507942923270265,0.5541446127984371,nan,nan,nan,10,44021,32796800,32796800,2757,27811686400,27811686400,2966272,False
849,1.4654706499393313,0.5608690021368905,nan,nan,nan,10,30886,32796800,32796800,1934,27844483200,27844483200,2968206,False
850,1.4613928182849576,0.5622293647605018,1.5234767809168575,0.5446763075078676,4.58814948704423,10,44802,32796800,32796800,2804,27877280000,27877280000,2971010,False
851,1.448001793871104,0.5649826607818411,nan,nan,nan,10,76128,32796800,32796800,4763,27910076800,27910076800,2975773,False
852,1.4444882086729909,0.5652657946006123,nan,nan,nan,10,39523,32796800,32796800,2475,27942873600,27942873600,2978248,False
853,1.4562670113829475,0.5595482345584931,nan,nan,nan,10,51177,32796800,32796800,3203,27975670400,27975670400,2981451,False
854,1.4568611929194237,0.5626840893268356,nan,nan,nan,10,37346,32796800,32796800,2338,28008467200,28008467200,2983789,False
855,1.4456213155634698,0.5672343036858052,nan,nan,nan,10,52146,32796800,32796800,3265,28041264000,28041264000,2987054,False
856,1.5020837689260897,0.552343114259729,nan,nan,nan,10,41782,32796800,32796800,2617,28074060800,28074060800,2989671,False
857,1.4347562102039557,0.5680865387557759,nan,nan,nan,10,65358,32796800,32796800,4090,28106857600,28106857600,2993761,False
858,1.3759549961193458,0.5843495114269563,nan,nan,nan,10,111447,32796800,32796800,6971,28139654400,28139654400,3000732,False
859,1.4317647190605787,0.5707120308663627,nan,nan,nan,10,57020,32796800,32796800,3568,28172451200,28172451200,3004300,False
860,1.4662350804177182,0.5613010678945821,1.5218680216850555,0.5454443278885059,4.580774193326659,10,51035,32796800,32796800,3195,28205248000,28205248000,3007495,False
861,1.465323721421324,0.5589090204437555,nan,nan,nan,10,41284,32796800,32796800,2586,28238044800,28238044800,3010081,False
862,1.4256723183466458,0.5728083876411555,nan,nan,nan,10,55701,32796800,32796800,3486,28270841600,28270841600,3013567,False
863,1.4310213608892657,0.5680477694793931,nan,nan,nan,10,54763,32796800,32796800,3427,28303638400,28303638400,3016994,False
864,1.4407613310643916,0.5650166413359241,nan,nan,nan,10,51979,32796800,32796800,3254,28336435200,28336435200,3020248,False
865,1.3841630541496215,0.5826279631409881,nan,nan,nan,10,85298,32796800,32796800,5337,28369232000,28369232000,3025585,False
866,1.4707071094105402,0.5607360116936437,nan,nan,nan,10,46521,32796800,32796800,2913,28402028800,28402028800,3028498,False
867,1.4361119268421307,0.56936822291153,nan,nan,nan,10,37719,32796800,32796800,2364,28434825600,28434825600,3030862,False
868,1.47269393706433,0.5604125453742294,nan,nan,nan,10,52067,32796800,32796800,3258,28467622400,28467622400,3034120,False
869,1.4430918108657396,0.5657176391087084,nan,nan,nan,10,56233,32796800,32796800,3519,28500419200,28500419200,3037639,False
870,1.4297060437886335,0.5670006921248232,1.516296812267152,0.5473362805334931,4.555324699056464,10,66462,32796800,32796800,4157,28533216000,28533216000,3041796,False
871,1.4870557331522027,0.5550236023177252,nan,nan,nan,10,44699,32796800,32796800,2798,28566012800,28566012800,3044594,False
872,1.4424049968030526,0.5666687026630833,nan,nan,nan,10,65488,32796800,32796800,4097,28598809600,28598809600,3048691,False
873,1.4306235988048146,0.5674989710522705,nan,nan,nan,10,58312,32796800,32796800,3650,28631606400,28631606400,3052341,False
874,1.443384287941921,0.5663588196335271,nan,nan,nan,10,54356,32796800,32796800,3401,28664403200,28664403200,3055742,False
875,1.4667113526449431,0.5627566094931123,nan,nan,nan,10,52122,32796800,32796800,3263,28697200000,28697200000,3059005,False
876,1.4201792403674076,0.5697371771296008,nan,nan,nan,10,70694,32796800,32796800,4423,28729996800,28729996800,3063428,False
877,1.50978372044714,0.5524469123749085,nan,nan,nan,10,32776,32796800,32796800,2052,28762793600,28762793600,3065480,False
878,1.4253343472010582,0.5718712795013656,nan,nan,nan,10,57116,32796800,32796800,3576,28795590400,28795590400,3069056,False
879,1.4477471465270872,0.5646286250356896,nan,nan,nan,10,49034,32796800,32796800,3070,28828387200,28828387200,3072126,False
880,1.4462288401648833,0.5663296953846669,1.517517659290073,0.5453881312752885,4.560889449817272,10,59649,32796800,32796800,3732,28861184000,28861184000,3075858,False
881,1.489058003552325,0.5571554910542189,nan,nan,nan,10,44099,32796800,32796800,2760,28893980800,28893980800,3078618,False
882,1.3632653425614778,0.5894354204872937,nan,nan,nan,10,61072,32796800,32796800,3823,28926777600,28926777600,3082441,False
883,1.4762630678451183,0.5604760399259293,nan,nan,nan,10,44282,32796800,32796800,2773,28959574400,28959574400,3085214,False
884,1.4350250578017834,0.5681197652179648,nan,nan,nan,10,75815,32796800,32796800,4745,28992371200,28992371200,3089959,False
885,1.4332807870685988,0.5705338099672564,nan,nan,nan,10,66578,32796800,32796800,4165,29025168000,29025168000,3094124,False
886,1.4319735181853754,0.5697912402783463,nan,nan,nan,10,51303,32796800,32796800,3211,29057964800,29057964800,3097335,False
887,1.4318884548706807,0.5692314734288461,nan,nan,nan,10,43694,32796800,32796800,2736,29090761600,29090761600,3100071,False
888,1.4294275673774053,0.569199480448455,nan,nan,nan,10,58512,32796800,32796800,3662,29123558400,29123558400,3103733,False
889,1.4905246643017735,0.556677763358348,nan,nan,nan,10,35446,32796800,32796800,2220,29156355200,29156355200,3105953,False
890,1.3988251907931184,0.5788925466796976,1.5166729925705291,0.5445826464858384,4.557038644839847,10,77764,32796800,32796800,4865,29189152000,29189152000,3110818,False
891,1.4391893703922365,0.567946719569222,nan,nan,nan,10,63513,32796800,32796800,3975,29221948800,29221948800,3114793,False
892,1.4440812710286874,0.5657340971874595,nan,nan,nan,10,53937,32796800,32796800,3374,29254745600,29254745600,3118167,False
893,1.3779211947616978,0.58490469489574,nan,nan,nan,10,78170,32796800,32796800,4890,29287542400,29287542400,3123057,False
894,1.4124273895818116,0.5752788600096067,nan,nan,nan,10,74948,32796800,32796800,4688,29320339200,29320339200,3127745,False
895,1.444354920721054,0.5648914285714286,nan,nan,nan,10,43750,32796800,32796800,2739,29353136000,29353136000,3130484,False
896,1.4622754801128732,0.5620567807968807,nan,nan,nan,10,41035,32796800,32796800,2570,29385932800,29385932800,3133054,False
897,1.4310543045599182,0.5693048399358054,nan,nan,nan,10,47356,32796800,32796800,2966,29418729600,29418729600,3136020,False
898,1.4833377366837985,0.5583954561590344,nan,nan,nan,10,36621,32796800,32796800,2293,29451526400,29451526400,3138313,False
899,1.4232984059857183,0.5723310606714421,nan,nan,nan,10,57935,32796800,32796800,3625,29484323200,29484323200,3141938,False
900,1.4395222849707123,0.5675307529495589,1.5139633879818053,0.5453506668664768,4.544707585708507,10,47719,32796800,32796800,2987,29517120000,29517120000,3144925,False
901,1.408843606600922,0.5790738579962035,nan,nan,nan,10,57421,32796800,32796800,3593,29549916800,29549916800,3148518,False
902,1.4095750096853428,0.5781361193125899,nan,nan,nan,10,66045,32796800,32796800,4132,29582713600,29582713600,3152650,False
903,1.5026580653698265,0.5520593724230719,nan,nan,nan,10,23041,32796800,32796800,1446,29615510400,29615510400,3154096,False
904,1.4338480945197656,0.568340246820083,nan,nan,nan,10,58099,32796800,32796800,3637,29648307200,29648307200,3157733,False
905,1.457875494090003,0.564410907667551,nan,nan,nan,10,45986,32796800,32796800,2879,29681104000,29681104000,3160612,False
906,1.4803834089516574,0.5570552147239264,nan,nan,nan,10,26895,32796800,32796800,1686,29713900800,29713900800,3162298,False
907,1.4193790308883378,0.5726321597589186,nan,nan,nan,10,47121,32796800,32796800,2948,29746697600,29746697600,3165246,False
908,1.4110540078437313,0.5714774515842058,nan,nan,nan,10,73065,32796800,32796800,4571,29779494400,29779494400,3169817,False
909,1.4175499537119152,0.5767193827997581,nan,nan,nan,10,54569,32796800,32796800,3416,29812291200,29812291200,3173233,False
910,1.4205242699718925,0.573161352699466,1.5137670692003382,0.5471676906938409,4.543815461826359,10,45509,32796800,32796800,2849,29845088000,29845088000,3176082,False
911,1.4422385214363904,0.5657754722000532,nan,nan,nan,10,45108,32796800,32796800,2824,29877884800,29877884800,3178906,False
912,1.4477739597641015,0.5663462770729206,nan,nan,nan,10,39015,32796800,32796800,2444,29910681600,29910681600,3181350,False
913,1.4658471835203164,0.5610688894336847,nan,nan,nan,10,40790,32796800,32796800,2554,29943478400,29943478400,3183904,False
914,1.4696649629359335,0.5620757073806549,nan,nan,nan,10,36826,32796800,32796800,2307,29976275200,29976275200,3186211,False
915,1.4248501521171222,0.5717736311214683,nan,nan,nan,10,58789,32796800,32796800,3679,30009072000,30009072000,3189890,False
916,1.4540187475028048,0.5664439863908411,nan,nan,nan,10,40267,32796800,32796800,2520,30041868800,30041868800,3192410,False
917,1.4797880165979416,0.5571722770752738,nan,nan,nan,10,51957,32796800,32796800,3253,30074665600,30074665600,3195663,False
918,1.397125443355299,0.5770839045791061,nan,nan,nan,10,58352,32796800,32796800,3650,30107462400,30107462400,3199313,False
919,1.3435826429891338,0.5941558938269716,nan,nan,nan,10,65365,32796800,32796800,4090,30140259200,30140259200,3203403,False
920,1.4356488166570585,0.5673760103346542,1.5098395619134433,0.5493780908137269,4.526004592544024,10,57283,32796800,32796800,3584,30173056000,30173056000,3206987,False
921,1.426570384043958,0.5695403390975697,nan,nan,nan,10,47361,32796800,32796800,2963,30205852800,30205852800,3209950,False
922,1.4753785860635058,0.5617298037425833,nan,nan,nan,10,35056,32796800,32796800,2196,30238649600,30238649600,3212146,False
923,1.3309115105111446,0.5963550279378231,nan,nan,nan,10,57449,32796800,32796800,3595,30271446400,30271446400,3215741,False
924,1.4225961675444245,0.5722196511498013,nan,nan,nan,10,62663,32796800,32796800,3921,30304243200,30304243200,3219662,False
925,1.4034373789214116,0.5773556509182615,nan,nan,nan,10,98338,32796800,32796800,6152,30337040000,30337040000,3225814,False
926,1.4433754629469953,0.5660118775696665,nan,nan,nan,10,45969,32796800,32796800,2879,30369836800,30369836800,3228693,False
927,1.412727679314319,0.5733398633155985,nan,nan,nan,10,44921,32796800,32796800,2813,30402633600,30402633600,3231506,False
928,1.4103090495193806,0.5768304296678057,nan,nan,nan,10,53553,32796800,32796800,3352,30435430400,30435430400,3234858,False
929,1.4227385897399283,0.5729445097829573,nan,nan,nan,10,74824,32796800,32796800,4681,30468227200,30468227200,3239539,False
930,1.3974718063741651,0.58057260751188,1.5126304410662623,0.5469803686497827,4.538653767355685,10,59133,32796800,32796800,3700,30501024000,30501024000,3243239,False
931,1.366290130559348,0.586515162916698,nan,nan,nan,10,66445,32796800,32796800,4159,30533820800,30533820800,3247398,False
932,1.4268451460571503,0.5708574781779505,nan,nan,nan,10,54532,32796800,32796800,3413,30566617600,30566617600,3250811,False
933,1.415978941843271,0.571218191319219,nan,nan,nan,10,63151,32796800,32796800,3951,30599414400,30599414400,3254762,False
934,1.433477492147645,0.5686109517434819,nan,nan,nan,10,78435,32796800,32796800,4908,30632211200,30632211200,3259670,False
935,1.4174093080983503,0.5749750149910055,nan,nan,nan,10,50030,32796800,32796800,3131,30665008000,30665008000,3262801,False
936,1.3381579415695897,0.5964106741711719,nan,nan,nan,10,81018,32796800,32796800,5068,30697804800,30697804800,3267869,False
937,1.4439554521096407,0.5660259275815824,nan,nan,nan,10,55925,32796800,32796800,3500,30730601600,30730601600,3271369,False
938,1.4255860681940051,0.5710954352008395,nan,nan,nan,10,51459,32796800,32796800,3221,30763398400,30763398400,3274590,False
939,1.3618949906305917,0.5899099496600549,nan,nan,nan,10,99722,32796800,32796800,6237,30796195200,30796195200,3280827,False
940,1.4263601160685664,0.5697202723200113,1.515543897631071,0.5472613517158699,4.551896219256714,10,56698,32796800,32796800,3549,30828992000,30828992000,3284376,False
941,1.3374867307711633,0.5955958041272487,nan,nan,nan,10,81604,32796800,32796800,5104,30861788800,30861788800,3289480,False
942,1.4464793364078534,0.5659664714199152,nan,nan,nan,10,49510,32796800,32796800,3098,30894585600,30894585600,3292578,False
943,1.4472180362151175,0.5651825371032391,nan,nan,nan,10,46155,32796800,32796800,2890,30927382400,30927382400,3295468,False
944,1.3522930314425232,0.5915181193137158,nan,nan,nan,10,110683,32796800,32796800,6923,30960179200,30960179200,3302391,False
945,1.4493725155551178,0.5655909797822706,nan,nan,nan,10,51440,32796800,32796800,3219,30992976000,30992976000,3305610,False
946,1.4571381656553433,0.5615322718295092,nan,nan,nan,10,41011,32796800,32796800,2568,31025772800,31025772800,3308178,False
947,1.40903737493118,0.5750261643118786,nan,nan,nan,10,76440,32796800,32796800,4783,31058569600,31058569600,3312961,False
948,1.3339962228861328,0.5978706672312625,nan,nan,nan,10,82655,32796800,32796800,5171,31091366400,31091366400,3318132,False
949,1.4350876963161674,0.5706087824351297,nan,nan,nan,10,68136,32796800,32796800,4263,31124163200,31124163200,3322395,False
950,1.4204589118384592,0.5721938876368956,1.5140988064119525,0.5478233178480444,4.545323064547891,10,50586,32796800,32796800,3166,31156960000,31156960000,3325561,False
951,1.4055056743288545,0.5743311442316515,nan,nan,nan,10,76287,32796800,32796800,4772,31189756800,31189756800,3330333,False
952,1.328798903599492,0.5992164059541496,nan,nan,nan,10,68658,32796800,32796800,4296,31222553600,31222553600,3334629,False
953,1.4003444929606443,0.5774009629711724,nan,nan,nan,10,81207,32796800,32796800,5080,31255350400,31255350400,3339709,False
954,1.4494725842661518,0.5638300483542378,nan,nan,nan,10,40741,32796800,32796800,2551,31288147200,31288147200,3342260,False
955,1.331107673232754,0.5990990312325795,nan,nan,nan,10,66373,32796800,32796800,4152,31320944000,31320944000,3346412,False
956,1.4470574208511957,0.5653979060291918,nan,nan,nan,10,38778,32796800,32796800,2428,31353740800,31353740800,3348840,False
957,1.3031944436411818,0.6081939088229688,nan,nan,nan,10,68197,32796800,32796800,4267,31386537600,31386537600,3353107,False
958,1.4352906103211849,0.5687652405231656,nan,nan,nan,10,45110,32796800,32796800,2824,31419334400,31419334400,3355931,False
959,1.414370807738918,0.5751122633211425,nan,nan,nan,10,43202,32796800,32796800,2704,31452131200,31452131200,3358635,False
960,1.4600957320502037,0.5616933096506809,1.5160134177184366,0.5478420500524501,4.554033927776533,10,50670,32796800,32796800,3171,31484928000,31484928000,3361806,False
961,1.4248346037810053,0.5694575975340278,nan,nan,nan,10,53853,32796800,32796800,3372,31517724800,31517724800,3365178,False
962,1.386954937691719,0.580936859260817,nan,nan,nan,10,76084,32796800,32796800,4760,31550521600,31550521600,3369938,False
963,1.4405205399103713,0.5685873326312623,nan,nan,nan,10,33235,32796800,32796800,2083,31583318400,31583318400,3372021,False
964,1.4340835100040161,0.5716015518817802,nan,nan,nan,10,40467,32796800,32796800,2534,31616115200,31616115200,3374555,False
965,1.3228974337739159,0.602287246628283,nan,nan,nan,10,63395,32796800,32796800,3965,31648912000,31648912000,3378520,False
966,1.3216359798282433,0.6023214592029276,nan,nan,nan,10,69956,32796800,32796800,4376,31681708800,31681708800,3382896,False
967,1.4850487136204547,0.5590377547611093,nan,nan,nan,10,29930,32796800,32796800,1875,31714505600,31714505600,3384771,False
968,1.4580961726344814,0.5615272594884864,nan,nan,nan,10,43948,32796800,32796800,2749,31747302400,31747302400,3387520,False
969,1.3306026227747814,0.5968915720595867,nan,nan,nan,10,79011,32796800,32796800,4942,31780099200,31780099200,3392462,False
970,1.401039378220063,0.5772011643556919,1.519381789508724,0.5483852839802188,4.569399471094168,10,63898,32796800,32796800,3998,31812896000,31812896000,3396460,False
971,1.4054066309282935,0.5745312604257022,nan,nan,nan,10,59948,32796800,32796800,3751,31845692800,31845692800,3400211,False
972,1.2996218113142282,0.6090944012292326,nan,nan,nan,10,62478,32796800,32796800,3909,31878489600,31878489600,3404120,False
973,1.426760523007619,0.571103754973752,nan,nan,nan,10,59814,32796800,32796800,3744,31911286400,31911286400,3407864,False
974,1.453213373977987,0.5639331519626894,nan,nan,nan,10,33449,32796800,32796800,2096,31944083200,31944083200,3409960,False
975,1.4550521042743254,0.5651177276691167,nan,nan,nan,10,40135,32796800,32796800,2514,31976880000,31976880000,3412474,False
976,1.4284934996250602,0.5717671430076191,nan,nan,nan,10,56962,32796800,32796800,3563,32009676800,32009676800,3416037,False
977,1.396747292863624,0.5816916307664004,nan,nan,nan,10,65227,32796800,32796800,4081,32042473600,32042473600,3420118,False
978,1.4705338658426097,0.5617426315378,nan,nan,nan,10,51164,32796800,32796800,3203,32075270400,32075270400,3423321,False
979,1.3830189925909968,0.5817089670963617,nan,nan,nan,10,67257,32796800,32796800,4208,32108067200,32108067200,3427529,False
980,1.3720116043485502,0.5867303702404956,1.5130456061301052,0.5477109246216094,4.540538449036695,10,68442,32796800,32796800,4282,32140864000,32140864000,3431811,False
981,1.4057687638981768,0.5787793018361275,nan,nan,nan,10,41337,32796800,32796800,2589,32173660800,32173660800,3434400,False
982,1.3100679322754545,0.605681856568591,nan,nan,nan,10,59206,32796800,32796800,3705,32206457600,32206457600,3438105,False
983,1.3757901265489332,0.5840454881905659,nan,nan,nan,10,89166,32796800,32796800,5578,32239254400,32239254400,3443683,False
984,1.4334957046602124,0.5708741352978169,nan,nan,nan,10,55655,32796800,32796800,3483,32272051200,32272051200,3447166,False
985,1.4038615760581872,0.5744687214919167,nan,nan,nan,10,66867,32796800,32796800,4183,32304848000,32304848000,3451349,False
986,1.3888054462624844,0.5799219045219801,nan,nan,nan,10,63512,32796800,32796800,3975,32337644800,32337644800,3455324,False
987,1.4276693919782104,0.5734793187347932,nan,nan,nan,10,41100,32796800,32796800,2574,32370441600,32370441600,3457898,False
988,1.4086331980961544,0.5749280503313031,nan,nan,nan,10,29882,32796800,32796800,1873,32403238400,32403238400,3459771,False
989,1.3778257341338487,0.5830142325798439,nan,nan,nan,10,72861,32796800,32796800,4558,32436035200,32436035200,3464329,False
990,1.453493046655223,0.5648664075453236,1.5110612037423738,0.5476172635995804,4.531537127772368,10,36791,32796800,32796800,2303,32468832000,32468832000,3466632,False
991,1.492293820890939,0.5556221290193729,nan,nan,nan,10,35049,32796800,32796800,2195,32501628800,32501628800,3468827,False
992,1.4575809277421368,0.5647577316961329,nan,nan,nan,10,39254,32796800,32796800,2458,32534425600,32534425600,3471285,False
993,1.3902810904132532,0.5823853399907345,nan,nan,nan,10,38854,32796800,32796800,2433,32567222400,32567222400,3473718,False
994,1.427586502387132,0.5693156179493607,nan,nan,nan,10,55846,32796800,32796800,3496,32600019200,32600019200,3477214,False
995,1.4086634314917255,0.5777523472652084,nan,nan,nan,10,38449,32796800,32796800,2409,32632816000,32632816000,3479623,False
996,1.3798305055166242,0.5817172136426741,nan,nan,nan,10,69869,32796800,32796800,4372,32665612800,32665612800,3483995,False
997,1.4187619772673306,0.5754331806413066,nan,nan,nan,10,40168,32796800,32796800,2516,32698409600,32698409600,3486511,False
998,1.4078694688283357,0.5748629270350063,nan,nan,nan,10,59275,32796800,32796800,3709,32731206400,32731206400,3490220,False
999,1.375836798435724,0.5849187687045746,nan,nan,nan,10,56136,32796800,32796800,3513,32764003200,32764003200,3493733,False
1000,1.4122503329427158,0.5767805939848051,1.513667225266046,0.5469241720365653,4.543361812061418,10,47779,32796800,32796800,2991,32796800000,32796800000,3496724,True
