round,train_loss,train_accuracy,test_loss,test_accuracy,test_perplexity,num_fit_clients,num_fit_examples,round_upload_bytes,round_download_bytes,round_local_steps,cumulative_upload_bytes,cumulative_download_bytes,cumulative_local_steps,run_completed
1,3.8543240100861027,0.17734601074824308,nan,nan,nan,10,79827,32796800,32796800,4993,32796800,32796800,4993,False
2,3.2892030205054597,0.18508547583793242,nan,nan,nan,10,29716,32796800,32796800,1862,65593600,65593600,6855,False
3,3.173185260750287,0.18909664512157587,nan,nan,nan,10,51984,32796800,32796800,3254,98390400,98390400,10109,False
4,3.132136032633626,0.1874040229776101,nan,nan,nan,10,52747,32796800,32796800,3300,131187200,131187200,13409,False
5,3.126698025251778,0.18970611102472398,nan,nan,nan,10,57879,32796800,32796800,3623,163984000,163984000,17032,False
6,3.1009938219168065,0.18855871975385027,nan,nan,nan,10,59801,32796800,32796800,3743,196780800,196780800,20775,False
7,3.1393920956963903,0.18606410339536192,nan,nan,nan,10,46269,32796800,32796800,2896,229577600,229577600,23671,False
8,3.118106712328088,0.1888392857142857,nan,nan,nan,10,42560,32796800,32796800,2664,262374400,262374400,26335,False
9,3.1409438930890268,0.18498950568140696,nan,nan,nan,10,41451,32796800,32796800,2595,295171200,295171200,28930,False
10,3.0963194225447412,0.188967625399472,3.1342904483041143,0.19211748838603326,22.972330002089304,10,43182,32796800,32796800,2702,327968000,327968000,31632,False
11,3.1035645804262457,0.18976162948020958,nan,nan,nan,10,40651,32796800,32796800,2546,360764800,360764800,34178,False
12,3.1286622049370894,0.18775839205387557,nan,nan,nan,10,38459,32796800,32796800,2409,393561600,393561600,36587,False
13,3.0967404384654365,0.18943245270439205,nan,nan,nan,10,59995,32796800,32796800,3753,426358400,426358400,40340,False
14,3.0911726003627464,0.19118953690869672,nan,nan,nan,10,56274,32796800,32796800,3522,459155200,459155200,43862,False
15,3.106187552378648,0.18989719256623172,nan,nan,nan,10,40464,32796800,32796800,2533,491952000,491952000,46395,False
16,3.1274791816956395,0.18732879738446584,nan,nan,nan,10,45268,32796800,32796800,2834,524748800,524748800,49229,False
17,3.0998506512924555,0.18747045662244352,nan,nan,nan,10,63466,32796800,32796800,3971,557545600,557545600,53200,False
18,3.103364671204609,0.18972540864851967,nan,nan,nan,10,58669,32796800,32796800,3672,590342400,590342400,56872,False
19,3.1148934306214517,0.1857205860734062,nan,nan,nan,10,61221,32796800,32796800,3831,623139200,623139200,60703,False
20,3.1042912159377245,0.18792342205459128,3.1259885447753812,0.19211748838603326,22.782405393296145,10,55943,32796800,32796800,3501,655936000,655936000,64204,False
21,3.101437585385935,0.18626871319442803,nan,nan,nan,10,42283,32796800,32796800,2648,688732800,688732800,66852,False
22,3.1082336092114335,0.18793973130478786,nan,nan,nan,10,61259,32796800,32796800,3834,721529600,721529600,70686,False
23,3.10195787872872,0.1883718837188372,nan,nan,nan,10,66666,32796800,32796800,4170,754326400,754326400,74856,False
24,3.1180624166924242,0.1887223591644326,nan,nan,nan,10,55579,32796800,32796800,3478,787123200,787123200,78334,False
25,3.0967145046397495,0.18748996048446687,nan,nan,nan,10,31127,32796800,32796800,1950,819920000,819920000,80284,False
26,3.101269436797747,0.18888042650418888,nan,nan,nan,10,32825,32796800,32796800,2056,852716800,852716800,82340,False
27,3.084259951550696,0.18965094652460388,nan,nan,nan,10,69359,32796800,32796800,4340,885513600,885513600,86680,False
28,3.082353239874862,0.1878333670920262,nan,nan,nan,10,59244,32796800,32796800,3709,918310400,918310400,90389,False
29,3.0888585444266803,0.18446972913305595,nan,nan,nan,10,23554,32796800,32796800,1476,951107200,951107200,91865,False
30,3.0779387150514204,0.1896494737757676,3.1015041872387825,0.19211748838603326,22.23136628139421,10,57485,32796800,32796800,3598,983904000,983904000,95463,False
31,3.082149697830447,0.18827001006282465,nan,nan,nan,10,73538,32796800,32796800,4601,1016700800,1016700800,100064,False
32,3.091774709359546,0.1874474712018589,nan,nan,nan,10,40454,32796800,32796800,2534,1049497600,1049497600,102598,False
33,3.0767381625849985,0.18978957558465379,nan,nan,nan,10,58881,32796800,32796800,3686,1082294400,1082294400,106284,False
34,3.0506916912091366,0.18813987501662013,nan,nan,nan,10,45126,32796800,32796800,2825,1115091200,1115091200,109109,False
35,3.0531784644342532,0.19032642880381737,nan,nan,nan,10,46105,32796800,32796800,2887,1147888000,1147888000,111996,False
36,3.0257578391095765,0.19261120489968983,nan,nan,nan,10,50942,32796800,32796800,3188,1180684800,1180684800,115184,False
37,3.0106356817146716,0.19586959123313902,nan,nan,nan,10,58493,32796800,32796800,3660,1213481600,1213481600,118844,False
38,3.0009382636142456,0.1976828899905823,nan,nan,nan,10,56277,32796800,32796800,3522,1246278400,1246278400,122366,False
39,3.021277557330226,0.19365542872312186,nan,nan,nan,10,52738,32796800,32796800,3300,1279075200,1279075200,125666,False
40,2.9849550546287733,0.1989484364910986,3.0089779271369177,0.2086205604675558,20.266675317148742,10,54205,32796800,32796800,3393,1311872000,1311872000,129059,False
41,3.0015036756977866,0.20105914073978398,nan,nan,nan,10,61937,32796800,32796800,3877,1344668800,1344668800,132936,False
42,2.98813358164818,0.19998514777959306,nan,nan,nan,10,80796,32796800,32796800,5054,1377465600,1377465600,137990,False
43,2.998014886967838,0.2033125,nan,nan,nan,10,48000,32796800,32796800,3005,1410262400,1410262400,140995,False
44,2.968858193824284,0.2017341855437541,nan,nan,nan,10,42556,32796800,32796800,2664,1443059200,1443059200,143659,False
45,2.9608406203494178,0.2053330566507574,nan,nan,nan,10,48190,32796800,32796800,3016,1475856000,1475856000,146675,False
46,2.939855656319844,0.21023234426983312,nan,nan,nan,10,73942,32796800,32796800,4627,1508652800,1508652800,151302,False
47,2.913647014563791,0.21560843767816043,nan,nan,nan,10,47359,32796800,32796800,2966,1541449600,1541449600,154268,False
48,2.8853249911947327,0.21460820268552475,nan,nan,nan,10,68441,32796800,32796800,4282,1574246400,1574246400,158550,False
49,2.9042314674119165,0.21829517778860205,nan,nan,nan,10,51325,32796800,32796800,3212,1607043200,1607043200,161762,False
50,2.878113969520543,0.22106027973116746,2.876480385154222,0.23314101603476697,17.751684008761202,10,38537,32796800,32796800,2414,1639840000,1639840000,164176,False
51,2.8632554393968426,0.2267254327432103,nan,nan,nan,10,81226,32796800,32796800,5080,1672636800,1672636800,169256,False
52,2.823054069025414,0.23509152963077878,nan,nan,nan,10,64460,32796800,32796800,4035,1705433600,1705433600,173291,False
53,2.8194872942888556,0.2358069900107117,nan,nan,nan,10,40143,32796800,32796800,2515,1738230400,1738230400,175806,False
54,2.825862434986963,0.23982448176728705,nan,nan,nan,10,39654,32796800,32796800,2484,1771027200,1771027200,178290,False
55,2.7983429864162375,0.24664044575549,nan,nan,nan,10,54918,32796800,32796800,3438,1803824000,1803824000,181728,False
56,2.752977860882187,0.25221627665521923,nan,nan,nan,10,50084,32796800,32796800,3135,1836620800,1836620800,184863,False
57,2.7296638394684543,0.2591437526053326,nan,nan,nan,10,64771,32796800,32796800,4052,1869417600,1869417600,188915,False
58,2.721578165400848,0.25922093730979917,nan,nan,nan,10,32860,32796800,32796800,2058,1902214400,1902214400,190973,False
59,2.7590078605786164,0.25056118425043983,nan,nan,nan,10,49449,32796800,32796800,3096,1935011200,1935011200,194069,False
60,2.7442189412163565,0.25708502024291496,2.7412506877688227,0.2627004345871422,15.50636659675221,10,50388,32796800,32796800,3153,1967808000,1967808000,197222,False
61,2.7238402151699845,0.25886652401961713,nan,nan,nan,10,52811,32796800,32796800,3307,2000604800,2000604800,200529,False
62,2.7351902585877315,0.2601777777777778,nan,nan,nan,10,33750,32796800,32796800,2115,2033401600,2033401600,202644,False
63,2.715380017725196,0.2621704433722818,nan,nan,nan,10,87466,32796800,32796800,5473,2066198400,2066198400,208117,False
64,2.6974886107280405,0.2644059205190592,nan,nan,nan,10,98640,32796800,32796800,6171,2098995200,2098995200,214288,False
65,2.67590158573715,0.2718512302736648,nan,nan,nan,10,36943,32796800,32796800,2313,2131792000,2131792000,216601,False
66,2.6605436351981555,0.27237181323403037,nan,nan,nan,10,69820,32796800,32796800,4369,2164588800,2164588800,220970,False
67,2.668983413560429,0.274765271821027,nan,nan,nan,10,43135,32796800,32796800,2700,2197385600,2197385600,223670,False
68,2.657952873129877,0.27792007559744364,nan,nan,nan,10,80426,32796800,32796800,5031,2230182400,2230182400,228701,False
69,2.6317098800746908,0.28400080297099267,nan,nan,nan,10,39852,32796800,32796800,2495,2262979200,2262979200,231196,False
70,2.6486048746359843,0.28303316690442226,2.6365920517660055,0.2897497377491383,13.96552861833587,10,67296,32796800,32796800,4211,2295776000,2295776000,235407,False
71,2.6144969596270213,0.286222561072461,nan,nan,nan,10,62958,32796800,32796800,3940,2328572800,2328572800,239347,False
72,2.6177710686977638,0.285170764267438,nan,nan,nan,10,44945,32796800,32796800,2815,2361369600,2361369600,242162,False
73,2.6165583515636044,0.2882073963551103,nan,nan,nan,10,37532,32796800,32796800,2350,2394166400,2394166400,244512,False
74,2.598174815507418,0.2859403302034103,nan,nan,nan,10,48031,32796800,32796800,3006,2426963200,2426963200,247518,False
75,2.570497989700434,0.29260140692261927,nan,nan,nan,10,57146,32796800,32796800,3575,2459760000,2459760000,251093,False
76,2.5941029894461662,0.29118227467224167,nan,nan,nan,10,51181,32796800,32796800,3204,2492556800,2492556800,254297,False
77,2.570300665836989,0.2949223733537459,nan,nan,nan,10,50949,32796800,32796800,3188,2525353600,2525353600,257485,False
78,2.585184488606408,0.28951074483621947,nan,nan,nan,10,38344,32796800,32796800,2401,2558150400,2558150400,259886,False
79,2.537768930342646,0.3014210130490428,nan,nan,nan,10,75791,32796800,32796800,4741,2590947200,2590947200,264627,False
80,2.557196724793789,0.2993511687849969,2.5672326563859866,0.30130750786752586,13.029716799275164,10,33753,32796800,32796800,2115,2623744000,2623744000,266742,False
81,2.5462056491505494,0.3008216057919141,nan,nan,nan,10,61465,32796800,32796800,3847,2656540800,2656540800,270589,False
82,2.5296125970330494,0.30361633856560577,nan,nan,nan,10,57655,32796800,32796800,3607,2689337600,2689337600,274196,False
83,2.5035472538984513,0.30771593561862637,nan,nan,nan,10,65112,32796800,32796800,4074,2722134400,2722134400,278270,False
84,2.55106069058139,0.3004008861694272,nan,nan,nan,10,37916,32796800,32796800,2374,2754931200,2754931200,280644,False
85,2.5133539257916104,0.3058626346194993,nan,nan,nan,10,56084,32796800,32796800,3510,2787728000,2787728000,284154,False
86,2.5465340177191464,0.30181653913019674,nan,nan,nan,10,73051,32796800,32796800,4571,2820524800,2820524800,288725,False
87,2.4980273523833194,0.30591055581133214,nan,nan,nan,10,62989,32796800,32796800,3940,2853321600,2853321600,292665,False
88,2.5332522811048457,0.30549789947362305,nan,nan,nan,10,60223,32796800,32796800,3768,2886118400,2886118400,296433,False
89,2.472098759825643,0.31176798661461236,nan,nan,nan,10,35860,32796800,32796800,2245,2918915200,2918915200,298678,False
90,2.4956329125207786,0.30964213404853935,2.498655884622831,0.3121909186273041,12.166130283037624,10,38031,32796800,32796800,2380,2951712000,2951712000,301058,False
91,2.4776858103626984,0.31062098400637866,nan,nan,nan,10,85284,32796800,32796800,5334,2984508800,2984508800,306392,False
92,2.4775052139543168,0.3100130463144162,nan,nan,nan,10,67452,32796800,32796800,4220,3017305600,3017305600,310612,False
93,2.4588602105732105,0.3134071637647485,nan,nan,nan,10,33139,32796800,32796800,2075,3050102400,3050102400,312687,False
94,2.4587426656811875,0.31268087089945035,nan,nan,nan,10,51487,32796800,32796800,3223,3082899200,3082899200,315910,False
95,2.4597413463610427,0.3178105419880477,nan,nan,nan,10,48359,32796800,32796800,3028,3115696000,3115696000,318938,False
96,2.46195763443488,0.3158016816468542,nan,nan,nan,10,51735,32796800,32796800,3238,3148492800,3148492800,322176,False
97,2.427803185906826,0.3186993201736424,nan,nan,nan,10,73254,32796800,32796800,4582,3181289600,3181289600,326758,False
98,2.4263328602165575,0.3151230616019348,nan,nan,nan,10,49203,32796800,32796800,3079,3214086400,3214086400,329837,False
99,2.4305870900521853,0.3225223656428898,nan,nan,nan,10,45941,32796800,32796800,2876,3246883200,3246883200,332713,False
100,2.4306404186774633,0.31738492431263515,2.440450036327431,0.32266222089015434,11.478205189922432,10,51792,32796800,32796800,3242,3279680000,3279680000,335955,False
101,2.441587727549943,0.3183618152171611,nan,nan,nan,10,47223,32796800,32796800,2955,3312476800,3312476800,338910,False
102,2.41478843475848,0.3267082378024738,nan,nan,nan,10,68477,32796800,32796800,4286,3345273600,3345273600,343196,False
103,2.4268466086575677,0.3233935927373862,nan,nan,nan,10,76226,32796800,32796800,4769,3378070400,3378070400,347965,False
104,2.3736478630879576,0.33508017370970433,nan,nan,nan,10,47896,32796800,32796800,2998,3410867200,3410867200,350963,False
105,2.3937350160066964,0.3311858744929611,nan,nan,nan,10,41910,32796800,32796800,2625,3443664000,3443664000,353588,False
106,2.3871869007621926,0.33486275135652727,nan,nan,nan,10,50128,32796800,32796800,3139,3476460800,3476460800,356727,False
107,2.3726382265918398,0.33846580313492264,nan,nan,nan,10,39682,32796800,32796800,2485,3509257600,3509257600,359212,False
108,2.413415329698615,0.33402331223807663,nan,nan,nan,10,58939,32796800,32796800,3689,3542054400,3542054400,362901,False
109,2.371447471924344,0.3369709347517947,nan,nan,nan,10,65611,32796800,32796800,4106,3574851200,3574851200,367007,False
110,2.357676287211553,0.34247632556005175,2.375084959905079,0.3462647984414806,10.751926629938652,10,47942,32796800,32796800,3001,3607648000,3607648000,370008,False
111,2.362884836405006,0.3466828611758527,nan,nan,nan,10,60926,32796800,32796800,3813,3640444800,3640444800,373821,False
112,2.3558282346834543,0.34285905389361737,nan,nan,nan,10,59803,32796800,32796800,3743,3673241600,3673241600,377564,False
113,2.313991151000368,0.35529472644305404,nan,nan,nan,10,85028,32796800,32796800,5319,3706038400,3706038400,382883,False
114,2.3182664971718925,0.35401716617419443,nan,nan,nan,10,63963,32796800,32796800,4002,3738835200,3738835200,386885,False
115,2.308803031178822,0.356311463727493,nan,nan,nan,10,42098,32796800,32796800,2636,3771632000,3771632000,389521,False
116,2.320332971825468,0.351378480815493,nan,nan,nan,10,57781,32796800,32796800,3615,3804428800,3804428800,393136,False
117,2.331915719510523,0.35223305309610925,nan,nan,nan,10,35803,32796800,32796800,2243,3837225600,3837225600,395379,False
118,2.3531688670683466,0.35191948479188156,nan,nan,nan,10,35869,32796800,32796800,2246,3870022400,3870022400,397625,False
119,2.3394584834234795,0.3560994118763043,nan,nan,nan,10,36897,32796800,32796800,2312,3902819200,3902819200,399937,False
120,2.319062075747023,0.35460911866011524,2.3169579403378626,0.36280533493181477,10.144766333515582,10,61259,32796800,32796800,3833,3935616000,3935616000,403770,False
121,2.323294623881002,0.3558770199981471,nan,nan,nan,10,75557,32796800,32796800,4726,3968412800,3968412800,408496,False
122,2.286010345281106,0.3608679593721145,nan,nan,nan,10,54150,32796800,32796800,3389,4001209600,4001209600,411885,False
123,2.2949494356800386,0.358824531516184,nan,nan,nan,10,58700,32796800,32796800,3673,4034006400,4034006400,415558,False
124,2.2790962346091064,0.3660672253083514,nan,nan,nan,10,21242,32796800,32796800,1333,4066803200,4066803200,416891,False
125,2.29837443043834,0.36179465806545136,nan,nan,nan,10,82779,32796800,32796800,5179,4099600000,4099600000,422070,False
126,2.278295558744769,0.3663267391946217,nan,nan,nan,10,44029,32796800,32796800,2757,4132396800,4132396800,424827,False
127,2.271207426773973,0.36564029442367724,nan,nan,nan,10,51898,32796800,32796800,3249,4165193600,4165193600,428076,False
128,2.286871441740028,0.3672718874360432,nan,nan,nan,10,56288,32796800,32796800,3522,4197990400,4197990400,431598,False
129,2.2861087830867017,0.3707567770253877,nan,nan,nan,10,45337,32796800,32796800,2840,4230787200,4230787200,434438,False
130,2.2521028127810725,0.3735562788744225,2.2676237575943174,0.3790648883560617,9.656427517267822,10,76192,32796800,32796800,4766,4263584000,4263584000,439204,False
131,2.233231534084549,0.377838499952888,nan,nan,nan,10,31839,32796800,32796800,1994,4296380800,4296380800,441198,False
132,2.2564090130444936,0.37309311796783323,nan,nan,nan,10,43461,32796800,32796800,2722,4329177600,4329177600,443920,False
133,2.26834643739296,0.37339927919638066,nan,nan,nan,10,52164,32796800,32796800,3264,4361974400,4361974400,447184,False
134,2.2471370737673535,0.37312196287739985,nan,nan,nan,10,62765,32796800,32796800,3928,4394771200,4394771200,451112,False
135,2.265094394032844,0.372382658797077,nan,nan,nan,10,56928,32796800,32796800,3560,4427568000,4427568000,454672,False
136,2.23648257311821,0.375312,nan,nan,nan,10,62500,32796800,32796800,3911,4460364800,4460364800,458583,False
137,2.2152804111480484,0.3824295010845987,nan,nan,nan,10,41490,32796800,32796800,2598,4493161600,4493161600,461181,False
138,2.235757324019016,0.37991500241863035,nan,nan,nan,10,57884,32796800,32796800,3621,4525958400,4525958400,464802,False
139,2.2613801571314216,0.37619913616731077,nan,nan,nan,10,43990,32796800,32796800,2754,4558755200,4558755200,467556,False
140,2.2125803029317312,0.3868110236220472,2.2253405253568834,0.38717593286377944,9.256634386007464,10,54864,32796800,32796800,3434,4591552000,4591552000,470990,False
141,2.2294041481190385,0.3825340337795854,nan,nan,nan,10,70812,32796800,32796800,4432,4624348800,4624348800,475422,False
142,2.1778584885101946,0.3900973096737264,nan,nan,nan,10,83856,32796800,32796800,5247,4657145600,4657145600,480669,False
143,2.1970772192425203,0.3872388252201791,nan,nan,nan,10,54274,32796800,32796800,3397,4689942400,4689942400,484066,False
144,2.2037340303333286,0.38413500674304735,nan,nan,nan,10,82307,32796800,32796800,5151,4722739200,4722739200,489217,False
145,2.201922057628641,0.3845838137862294,nan,nan,nan,10,51167,32796800,32796800,3201,4755536000,4755536000,492418,False
146,2.1646538629724557,0.3930613800991231,nan,nan,nan,10,26230,32796800,32796800,1644,4788332800,4788332800,494062,False
147,2.2059742169942145,0.38521407022273574,nan,nan,nan,10,62316,32796800,32796800,3900,4821129600,4821129600,497962,False
148,2.162764220630059,0.40167252936881925,nan,nan,nan,10,45201,32796800,32796800,2831,4853926400,4853926400,500793,False
149,2.193008142767431,0.392373129950132,nan,nan,nan,10,34090,32796800,32796800,2136,4886723200,4886723200,502929,False
150,2.171627482838405,0.389188642341674,2.1902630622108603,0.39650457065787503,8.93756394080841,10,29654,32796800,32796800,1857,4919520000,4919520000,504786,False
151,2.1834067589524455,0.39186452121075727,nan,nan,nan,10,35548,32796800,32796800,2226,4952316800,4952316800,507012,False
152,2.1823889846182523,0.3886298627002288,nan,nan,nan,10,69920,32796800,32796800,4374,4985113600,4985113600,511386,False
153,2.1550784629394166,0.39738853684180614,nan,nan,nan,10,70382,32796800,32796800,4404,5017910400,5017910400,515790,False
154,2.166964455819326,0.3944560700285891,nan,nan,nan,10,67858,32796800,32796800,4247,5050707200,5050707200,520037,False
155,2.167746203237094,0.3935276679841897,nan,nan,nan,10,48576,32796800,32796800,3041,5083504000,5083504000,523078,False
156,2.1517411571794223,0.4047097599583668,nan,nan,nan,10,46117,32796800,32796800,2888,5116300800,5116300800,525966,False
157,2.1734624825281434,0.3957883462608185,nan,nan,nan,10,57887,32796800,32796800,3622,5149097600,5149097600,529588,False
158,2.141470884384586,0.39601113512325553,nan,nan,nan,10,54602,32796800,32796800,3419,5181894400,5181894400,533007,False
159,2.1700780674197477,0.39397609066915074,nan,nan,nan,10,96615,32796800,32796800,6044,5214691200,5214691200,539051,False
160,2.1594555571043474,0.39459601062834476,2.1504040679420005,0.4061891203356811,8.588327964165996,10,26721,32796800,32796800,1675,5247488000,5247488000,540726,False
161,2.1592154627892337,0.39531702909916805,nan,nan,nan,10,79693,32796800,32796800,4987,5280284800,5280284800,545713,False
162,2.150332396042458,0.3997298962232858,nan,nan,nan,10,42206,32796800,32796800,2641,5313081600,5313081600,548354,False
163,2.118968660099589,0.4031908388459614,nan,nan,nan,10,71956,32796800,32796800,4503,5345878400,5345878400,552857,False
164,2.1575986964292246,0.3977570437100703,nan,nan,nan,10,43514,32796800,32796800,2724,5378675200,5378675200,555581,False
165,2.1062145081555244,0.41103556485355647,nan,nan,nan,10,76480,32796800,32796800,4785,5411472000,5411472000,560366,False
166,2.1063860084985246,0.406712757509226,nan,nan,nan,10,42814,32796800,32796800,2680,5444268800,5444268800,563046,False
167,2.071312889892655,0.41639156724955056,nan,nan,nan,10,61190,32796800,32796800,3827,5477065600,5477065600,566873,False
168,2.142606927079999,0.40247986666043584,nan,nan,nan,10,64197,32796800,32796800,4018,5509862400,5509862400,570891,False
169,2.119201427924744,0.40449992112320554,nan,nan,nan,10,50712,32796800,32796800,3174,5542659200,5542659200,574065,False
170,2.072041787212811,0.41865311970821933,2.1203693913748896,0.4141315750037464,8.33421550648046,10,53739,32796800,32796800,3364,5575456000,5575456000,577429,False
171,2.122916912281145,0.4077984898537046,nan,nan,nan,10,67808,32796800,32796800,4242,5608252800,5608252800,581671,False
172,2.1083990869152824,0.4078069420872759,nan,nan,nan,10,43013,32796800,32796800,2693,5641049600,5641049600,584364,False
173,2.091369827802172,0.41326355944637355,nan,nan,nan,10,40894,32796800,32796800,2561,5673846400,5673846400,586925,False
174,2.089951356116135,0.4082797804561878,nan,nan,nan,10,72514,32796800,32796800,4538,5706643200,5706643200,591463,False
175,2.051729688876486,0.42361083698469715,nan,nan,nan,10,75999,32796800,32796800,4756,5739440000,5739440000,596219,False
176,2.1194421229351232,0.4091860168410309,nan,nan,nan,10,39190,32796800,32796800,2455,5772236800,5772236800,598674,False
177,2.0754652972534555,0.41854974704890385,nan,nan,nan,10,23720,32796800,32796800,1488,5805033600,5805033600,600162,False
178,2.0957088076276653,0.41080219802667867,nan,nan,nan,10,48953,32796800,32796800,3065,5837830400,5837830400,603227,False
179,2.092314424956319,0.41591574990325614,nan,nan,nan,10,36178,32796800,32796800,2265,5870627200,5870627200,605492,False
180,2.0861011396370803,0.41285726900774145,2.0784188418414806,0.4214745991308257,7.99182258352715,10,67946,32796800,32796800,4252,5903424000,5903424000,609744,False
181,2.046549480825278,0.4229693008596567,nan,nan,nan,10,98993,32796800,32796800,6192,5936220800,5936220800,615936,False
182,2.0841602737858187,0.4121659530488705,nan,nan,nan,10,33865,32796800,32796800,2121,5969017600,5969017600,618057,False
183,2.054812027047577,0.4206015241714984,nan,nan,nan,10,103138,32796800,32796800,6452,6001814400,6001814400,624509,False
184,2.0699953810144573,0.4196066187948798,nan,nan,nan,10,41639,32796800,32796800,2608,6034611200,6034611200,627117,False
185,2.0748507546690296,0.41613772715416053,nan,nan,nan,10,34503,32796800,32796800,2161,6067408000,6067408000,629278,False
186,2.0490804814702117,0.4195591588548265,nan,nan,nan,10,27629,32796800,32796800,1732,6100204800,6100204800,631010,False
187,2.061266905918023,0.41760546575738167,nan,nan,nan,10,79623,32796800,32796800,4980,6133001600,6133001600,635990,False
188,2.0465887939436236,0.42175762152708773,nan,nan,nan,10,50318,32796800,32796800,3151,6165798400,6165798400,639141,False
189,2.0514515364309274,0.4221410225858554,nan,nan,nan,10,37767,32796800,32796800,2365,6198595200,6198595200,641506,False
190,2.0269054139886005,0.42798707727580637,2.049383751155911,0.42735651131425145,7.763115620905381,10,38382,32796800,32796800,2403,6231392000,6231392000,643909,False
191,2.0594915326620127,0.4220854095457728,nan,nan,nan,10,48566,32796800,32796800,3041,6264188800,6264188800,646950,False
192,2.00681637721278,0.4323776833694398,nan,nan,nan,10,71086,32796800,32796800,4448,6296985600,6296985600,651398,False
193,2.0038132504460466,0.4333462772000978,nan,nan,nan,10,69531,32796800,32796800,4348,6329782400,6329782400,655746,False
194,2.030246012695632,0.422214301381882,nan,nan,nan,10,36472,32796800,32796800,2283,6362579200,6362579200,658029,False
195,2.008628484554587,0.42898693615972394,nan,nan,nan,10,40570,32796800,32796800,2540,6395376000,6395376000,660569,False
196,2.0348247809981355,0.42338535081490203,nan,nan,nan,10,57737,32796800,32796800,3613,6428172800,6428172800,664182,False
197,2.0273455582687947,0.4250139453342896,nan,nan,nan,10,75294,32796800,32796800,4711,6460969600,6460969600,668893,False
198,2.035211006086713,0.4249623705102854,nan,nan,nan,10,67766,32796800,32796800,4240,6493766400,6493766400,673133,False
199,1.998517709025087,0.4312571015390972,nan,nan,nan,10,38724,32796800,32796800,2426,6526563200,6526563200,675559,False
200,2.035554972684892,0.42911676122434683,2.0205542782909705,0.43226434886857484,7.542504421715677,10,28554,32796800,32796800,1788,6559360000,6559360000,677347,False
201,2.024877272104351,0.423284854945557,nan,nan,nan,10,52532,32796800,32796800,3287,6592156800,6592156800,680634,False
202,2.0066730380088034,0.4325875405472844,nan,nan,nan,10,60115,32796800,32796800,3763,6624953600,6624953600,684397,False
203,1.9877124155919432,0.4365458571262091,nan,nan,nan,10,42905,32796800,32796800,2686,6657750400,6657750400,687083,False
204,2.0558018901804513,0.4217603494761271,nan,nan,nan,10,29301,32796800,32796800,1837,6690547200,6690547200,688920,False
205,2.0050922329330723,0.42944607763709175,nan,nan,nan,10,86402,32796800,32796800,5405,6723344000,6723344000,694325,False
206,2.0256880818691103,0.4285943217328597,nan,nan,nan,10,37441,32796800,32796800,2345,6756140800,6756140800,696670,False
207,1.9812980400183575,0.4343516532287891,nan,nan,nan,10,67595,32796800,32796800,4228,6788937600,6788937600,700898,False
208,2.0088917738328758,0.43073883840379296,nan,nan,nan,10,63275,32796800,32796800,3960,6821734400,6821734400,704858,False
209,1.978437801010366,0.43713772414494423,nan,nan,nan,10,59002,32796800,32796800,3691,6854531200,6854531200,708549,False
210,1.9791415227382034,0.4372119815668203,1.9969554351184673,0.436085718567361,7.366593849463031,10,50344,32796800,32796800,3151,6887328000,6887328000,711700,False
211,2.000128506106282,0.4316373281890523,nan,nan,nan,10,91234,32796800,32796800,5706,6920124800,6920124800,717406,False
212,1.978982239667854,0.4325989407091364,nan,nan,nan,10,54376,32796800,32796800,3403,6952921600,6952921600,720809,False
213,1.9823649273579624,0.4370695833722851,nan,nan,nan,10,64182,32796800,32796800,4017,6985718400,6985718400,724826,False
214,1.9997334140325644,0.43514689295880554,nan,nan,nan,10,37238,32796800,32796800,2331,7018515200,7018515200,727157,False
215,1.96002897464844,0.4408146471919358,nan,nan,nan,10,24305,32796800,32796800,1524,7051312000,7051312000,728681,False
216,1.9740210818738573,0.4367077003666841,nan,nan,nan,10,76360,32796800,32796800,4777,7084108800,7084108800,733458,False
217,1.9642286794293666,0.43780436163455433,nan,nan,nan,10,37784,32796800,32796800,2366,7116905600,7116905600,735824,False
218,2.00979597921749,0.4296463921698495,nan,nan,nan,10,54354,32796800,32796800,3402,7149702400,7149702400,739226,False
219,1.973272557064419,0.4352079293255764,nan,nan,nan,10,46410,32796800,32796800,2906,7182499200,7182499200,742132,False
220,1.9232152067348527,0.44877034064588467,1.969662270445204,0.44460887157200657,7.168255147870753,10,67783,32796800,32796800,4241,7215296000,7215296000,746373,False
221,1.9777255946710313,0.4409653634781248,nan,nan,nan,10,51131,32796800,32796800,3202,7248092800,7248092800,749575,False
222,1.964450309031301,0.4414647533913589,nan,nan,nan,10,51012,32796800,32796800,3193,7280889600,7280889600,752768,False
223,1.971382192357794,0.44168129168129167,nan,nan,nan,10,56980,32796800,32796800,3565,7313686400,7313686400,756333,False
224,1.9272967716004976,0.44892597031437265,nan,nan,nan,10,43388,32796800,32796800,2716,7346483200,7346483200,759049,False
225,1.9768505060681572,0.43717021020608104,nan,nan,nan,10,58181,32796800,32796800,3642,7379280000,7379280000,762691,False
226,1.9790587161101154,0.438300016798253,nan,nan,nan,10,29765,32796800,32796800,1865,7412076800,7412076800,764556,False
227,1.9331900034900948,0.44603074088998906,nan,nan,nan,10,52113,32796800,32796800,3263,7444873600,7444873600,767819,False
228,1.9531125774799354,0.4409850375974394,nan,nan,nan,10,65297,32796800,32796800,4086,7477670400,7477670400,771905,False
229,1.9323191091130831,0.44696906279523085,nan,nan,nan,10,83621,32796800,32796800,5232,7510467200,7510467200,777137,False
230,1.9499146679790678,0.4429172510518934,1.9424651687727257,0.4487299565412858,6.975926627976203,10,46345,32796800,32796800,2901,7543264000,7543264000,780038,False
231,1.9214402087171938,0.4502512935590957,nan,nan,nan,10,53921,32796800,32796800,3375,7576060800,7576060800,783413,False
232,1.899438451479549,0.45349752586594694,nan,nan,nan,10,71136,32796800,32796800,4451,7608857600,7608857600,787864,False
233,1.9392842458321327,0.4462161187768346,nan,nan,nan,10,61022,32796800,32796800,3819,7641654400,7641654400,791683,False
234,1.9377970202947166,0.44752275752887416,nan,nan,nan,10,55586,32796800,32796800,3479,7674451200,7674451200,795162,False
235,1.9297852617925186,0.4445924278473156,nan,nan,nan,10,77336,32796800,32796800,4839,7707248000,7707248000,800001,False
236,1.9219044059856731,0.4510816273438594,nan,nan,nan,10,49971,32796800,32796800,3128,7740044800,7740044800,803129,False
237,1.940620344623755,0.4448063772103751,nan,nan,nan,10,49426,32796800,32796800,3094,7772841600,7772841600,806223,False
238,1.9139380586077255,0.45339536402220043,nan,nan,nan,10,36756,32796800,32796800,2301,7805638400,7805638400,808524,False
239,1.8884797697150364,0.4537968016853395,nan,nan,nan,10,41772,32796800,32796800,2615,7838435200,7838435200,811139,False
240,1.9331571644506225,0.44637108574773193,1.9171204957471837,0.454967780608422,6.801345741388495,10,68340,32796800,32796800,4277,7871232000,7871232000,815416,False
241,1.918804324334717,0.4464112070013371,nan,nan,nan,10,65816,32796800,32796800,4118,7904028800,7904028800,819534,False
242,1.8757430895134006,0.4615582381881712,nan,nan,nan,10,85571,32796800,32796800,5353,7936825600,7936825600,824887,False
243,1.9377399963996431,0.44750976114970764,nan,nan,nan,10,54553,32796800,32796800,3415,7969622400,7969622400,828302,False
244,1.945737859763968,0.44420328784785645,nan,nan,nan,10,46535,32796800,32796800,2913,8002419200,8002419200,831215,False
245,1.9253030142471215,0.4488855684223633,nan,nan,nan,10,40155,32796800,32796800,2514,8035216000,8035216000,833729,False
246,1.894595027172376,0.45459177483925756,nan,nan,nan,10,41215,32796800,32796800,2580,8068012800,8068012800,836309,False
247,1.9010770837511288,0.4554491964520945,nan,nan,nan,10,56935,32796800,32796800,3563,8100809600,8100809600,839872,False
248,1.8687147493453549,0.4572299444432435,nan,nan,nan,10,46259,32796800,32796800,2896,8133606400,8133606400,842768,False
249,1.9659774010676776,0.4420390835142755,nan,nan,nan,10,30857,32796800,32796800,1933,8166403200,8166403200,844701,False
250,1.917972832196603,0.4487615867103376,1.8992564251947024,0.45787127229132324,6.680924827490262,10,46713,32796800,32796800,2924,8199200000,8199200000,847625,False
251,1.863279692156015,0.4630526767645796,nan,nan,nan,10,81535,32796800,32796800,5099,8231996800,8231996800,852724,False
252,1.9111625867368334,0.4515282272563826,nan,nan,nan,10,55620,32796800,32796800,3481,8264793600,8264793600,856205,False
253,1.8942314629260333,0.45590193704600485,nan,nan,nan,10,33040,32796800,32796800,2070,8297590400,8297590400,858275,False
254,1.9117457938397522,0.4524637791964525,nan,nan,nan,10,26159,32796800,32796800,1639,8330387200,8330387200,859914,False
255,1.8913926017151321,0.4568032877929579,nan,nan,nan,10,90030,32796800,32796800,5633,8363184000,8363184000,865547,False
256,1.8774314944343495,0.4561047209349556,nan,nan,nan,10,54163,32796800,32796800,3389,8395980800,8395980800,868936,False
257,1.8745170053410611,0.4563722299266974,nan,nan,nan,10,35333,32796800,32796800,2214,8428777600,8428777600,871150,False
258,1.8512287771350573,0.4658964000606654,nan,nan,nan,10,72529,32796800,32796800,4537,8461574400,8461574400,875687,False
259,1.91236006500311,0.4507149874467853,nan,nan,nan,10,64127,32796800,32796800,4012,8494371200,8494371200,879699,False
260,1.9132792638467178,0.4485094074858959,1.8807872128811767,0.46013786902442677,6.55866589678545,10,69838,32796800,32796800,4370,8527168000,8527168000,884069,False
261,1.8945612347681462,0.4547277692438983,nan,nan,nan,10,93744,32796800,32796800,5864,8559964800,8559964800,889933,False
262,1.8751193988269008,0.45829082747967004,nan,nan,nan,10,68618,32796800,32796800,4293,8592761600,8592761600,894226,False
263,1.9055960844778561,0.45440980379706647,nan,nan,nan,10,31498,32796800,32796800,1976,8625558400,8625558400,896202,False
264,1.8800011095718339,0.45798089602161257,nan,nan,nan,10,62186,32796800,32796800,3891,8658355200,8658355200,900093,False
265,1.8514236865563034,0.46301515554373834,nan,nan,nan,10,56415,32796800,32796800,3531,8691152000,8691152000,903624,False
266,1.8884683106967106,0.45609568159737346,nan,nan,nan,10,59698,32796800,32796800,3735,8723948800,8723948800,907359,False
267,1.8596070830011842,0.4604125363816594,nan,nan,nan,10,71121,32796800,32796800,4450,8756745600,8756745600,911809,False
268,1.8674163722055679,0.46429482925833293,nan,nan,nan,10,58773,32796800,32796800,3679,8789542400,8789542400,915488,False
269,1.8557512805277179,0.46210151380231523,nan,nan,nan,10,56150,32796800,32796800,3512,8822339200,8822339200,919000,False
270,1.8448648744819118,0.46551724137931033,1.8576542843447514,0.46504570657875016,6.4086861706353275,10,68672,32796800,32796800,4296,8855136000,8855136000,923296,False
271,1.849309739011904,0.4622176880320833,nan,nan,nan,10,56852,32796800,32796800,3558,8887932800,8887932800,926854,False
272,1.8518675325392828,0.46534015117830146,nan,nan,nan,10,44980,32796800,32796800,2815,8920729600,8920729600,929669,False
273,1.8812405307984221,0.459876342336479,nan,nan,nan,10,30730,32796800,32796800,1924,8953526400,8953526400,931593,False
274,1.9003227528668676,0.45667840181461616,nan,nan,nan,10,42323,32796800,32796800,2651,8986323200,8986323200,934244,False
275,1.8998863467488971,0.4550095238095238,nan,nan,nan,10,39375,32796800,32796800,2467,9019120000,9019120000,936711,False
276,1.885696885238776,0.4540645789388285,nan,nan,nan,10,30815,32796800,32796800,1930,9051916800,9051916800,938641,False
277,1.8484719652826984,0.46926817105099117,nan,nan,nan,10,40105,32796800,32796800,2511,9084713600,9084713600,941152,False
278,1.855751877271146,0.4645111308587965,nan,nan,nan,10,43887,32796800,32796800,2748,9117510400,9117510400,943900,False
279,1.8234726983357645,0.4722743959702894,nan,nan,nan,10,46852,32796800,32796800,2933,9150307200,9150307200,946833,False
280,1.83480952064043,0.4686160193739349,1.8490137144594951,0.4664880863179979,6.353550016836137,10,55745,32796800,32796800,3489,9183104000,9183104000,950322,False
281,1.8749910872920497,0.45950799816230214,nan,nan,nan,10,47886,32796800,32796800,2998,9215900800,9215900800,953320,False
282,1.8255808304019747,0.47029866799040293,nan,nan,nan,10,24174,32796800,32796800,1516,9248697600,9248697600,954836,False
283,1.829500712184822,0.4692732474329689,nan,nan,nan,10,45091,32796800,32796800,2824,9281494400,9281494400,957660,False
284,1.8413062366477957,0.4690106755413407,nan,nan,nan,10,46274,32796800,32796800,2897,9314291200,9314291200,960557,False
285,1.814796278538897,0.47486864594543265,nan,nan,nan,10,63188,32796800,32796800,3954,9347088000,9347088000,964511,False
286,1.8764665906901117,0.4611558669001751,nan,nan,nan,10,57100,32796800,32796800,3574,9379884800,9379884800,968085,False
287,1.8326552457768417,0.4682952182952183,nan,nan,nan,10,51948,32796800,32796800,3252,9412681600,9412681600,971337,False
288,1.8625711557720228,0.46127397991742963,nan,nan,nan,10,76783,32796800,32796800,4804,9445478400,9445478400,976141,False
289,1.8321825507786489,0.47413306578039754,nan,nan,nan,10,31894,32796800,32796800,1998,9478275200,9478275200,978139,False
290,1.8189783330194094,0.47448269462744735,1.8312525998236588,0.4712835306458864,6.241700116400259,10,43108,32796800,32796800,2698,9511072000,9511072000,980837,False
291,1.831080998309355,0.47198934419807254,nan,nan,nan,10,38289,32796800,32796800,2397,9543868800,9543868800,983234,False
292,1.8363665374999643,0.46801992698658157,nan,nan,nan,10,102173,32796800,32796800,6392,9576665600,9576665600,989626,False
293,1.8650933987565628,0.461868388713525,nan,nan,nan,10,41501,32796800,32796800,2598,9609462400,9609462400,992224,False
294,1.8149758029427436,0.4776023591245562,nan,nan,nan,10,49849,32796800,32796800,3120,9642259200,9642259200,995344,False
295,1.8180168302559352,0.47337331388333603,nan,nan,nan,10,55527,32796800,32796800,3475,9675056000,9675056000,998819,False
296,1.8426254512340892,0.46911006057555765,nan,nan,nan,10,55633,32796800,32796800,3482,9707852800,9707852800,1002301,False
297,1.821793536111487,0.47162846884332743,nan,nan,nan,10,59602,32796800,32796800,3729,9740649600,9740649600,1006030,False
298,1.8656541746579218,0.463179227359088,nan,nan,nan,10,39475,32796800,32796800,2473,9773446400,9773446400,1008503,False
299,1.8265142817233055,0.47133480942590544,nan,nan,nan,10,75876,32796800,32796800,4747,9806243200,9806243200,1013250,False
300,1.8005735817022392,0.47706066752719894,1.8199607976530152,0.4755357410460063,6.171616503289528,10,54230,32796800,32796800,3395,9839040000,9839040000,1016645,False
301,1.8400652808132538,0.46709489398400095,nan,nan,nan,10,100881,32796800,32796800,6311,9871836800,9871836800,1022956,False
302,1.828222955176634,0.4716187385438264,nan,nan,nan,10,33279,32796800,32796800,2084,9904633600,9904633600,1025040,False
303,1.8183795481978806,0.47117592305305617,nan,nan,nan,10,48345,32796800,32796800,3025,9937430400,9937430400,1028065,False
304,1.8297455865582652,0.46776441109165057,nan,nan,nan,10,78221,32796800,32796800,4895,9970227200,9970227200,1032960,False
305,1.8294107279691518,0.47039386174934544,nan,nan,nan,10,71421,32796800,32796800,4469,10003024000,10003024000,1037429,False
306,1.8407380612708073,0.46536086112581615,nan,nan,nan,10,56670,32796800,32796800,3546,10035820800,10035820800,1040975,False
307,1.8045493521504739,0.47474793145544153,nan,nan,nan,10,44234,32796800,32796800,2769,10068617600,10068617600,1043744,False
308,1.7985469391218833,0.4760126308365525,nan,nan,nan,10,62387,32796800,32796800,3903,10101414400,10101414400,1047647,False
309,1.815151639137534,0.47189954246782306,nan,nan,nan,10,70159,32796800,32796800,4389,10134211200,10134211200,1052036,False
310,1.7999058575049887,0.47511125466551823,1.8005984045300512,0.4786827513861831,6.053268684229975,10,55728,32796800,32796800,3487,10167008000,10167008000,1055523,False
311,1.8145740243575696,0.47227268639266123,nan,nan,nan,10,55595,32796800,32796800,3479,10199804800,10199804800,1059002,False
312,1.7909859075558823,0.4811424271875098,nan,nan,nan,10,31897,32796800,32796800,1998,10232601600,10232601600,1061000,False
313,1.7905925517248111,0.4810886977158113,nan,nan,nan,10,53936,32796800,32796800,3377,10265398400,10265398400,1064377,False
314,1.8111497671340828,0.47574718275355216,nan,nan,nan,10,67353,32796800,32796800,4213,10298195200,10298195200,1068590,False
315,1.8231028434648158,0.4707565281768788,nan,nan,nan,10,79693,32796800,32796800,4987,10330992000,10330992000,1073577,False
316,1.8220004468330044,0.47284240762501634,nan,nan,nan,10,45954,32796800,32796800,2878,10363788800,10363788800,1076455,False
317,1.7913962145986149,0.47694743508549714,nan,nan,nan,10,47370,32796800,32796800,2965,10396585600,10396585600,1079420,False
318,1.7933211434813217,0.47597420801794227,nan,nan,nan,10,53505,32796800,32796800,3349,10429382400,10429382400,1082769,False
319,1.7861000208049087,0.4812960709118883,nan,nan,nan,10,43547,32796800,32796800,2726,10462179200,10462179200,1085495,False
320,1.7752496292265914,0.48400981163511825,1.7915206259557837,0.48147384984264946,5.998567111491074,10,43214,32796800,32796800,2706,10494976000,10494976000,1088201,False
321,1.7993127886032976,0.4782748804984156,nan,nan,nan,10,55857,32796800,32796800,3496,10527772800,10527772800,1091697,False
322,1.8058348920476963,0.47648001768835335,nan,nan,nan,10,36182,32796800,32796800,2265,10560569600,10560569600,1093962,False
323,1.825415571039894,0.47247679730004943,nan,nan,nan,10,68742,32796800,32796800,4300,10593366400,10593366400,1098262,False
324,1.7789689889187144,0.48500060973131176,nan,nan,nan,10,49202,32796800,32796800,3079,10626163200,10626163200,1101341,False
325,1.7553329441619923,0.48757680203806386,nan,nan,nan,10,33365,32796800,32796800,2090,10658960000,10658960000,1103431,False
326,1.7888102549066622,0.4784644913627639,nan,nan,nan,10,39075,32796800,32796800,2447,10691756800,10691756800,1105878,False
327,1.7440485902148763,0.4916868003831363,nan,nan,nan,10,69949,32796800,32796800,4376,10724553600,10724553600,1110254,False
328,1.7883128873532883,0.4787937462665046,nan,nan,nan,10,48547,32796800,32796800,3038,10757350400,10757350400,1113292,False
329,1.7971682422164845,0.47863945578231293,nan,nan,nan,10,47775,32796800,32796800,2991,10790147200,10790147200,1116283,False
330,1.810110961266986,0.4727558156129585,1.7763054032170682,0.4843211449123333,5.907988411752564,10,70070,32796800,32796800,4385,10822944000,10822944000,1120668,False
331,1.7637515131278585,0.48732733992084504,nan,nan,nan,10,76306,32796800,32796800,4774,10855740800,10855740800,1125442,False
332,1.806372952294662,0.4761322520274485,nan,nan,nan,10,40075,32796800,32796800,2510,10888537600,10888537600,1127952,False
333,1.7895136238526084,0.48127991937515746,nan,nan,nan,10,79380,32796800,32796800,4967,10921334400,10921334400,1132919,False
334,1.755203847161296,0.48950708341451193,nan,nan,nan,10,71858,32796800,32796800,4494,10954131200,10954131200,1137413,False
335,1.8000617114653672,0.4792471882725722,nan,nan,nan,10,57438,32796800,32796800,3596,10986928000,10986928000,1141009,False
336,1.8040301548132796,0.47623668188736684,nan,nan,nan,10,52560,32796800,32796800,3290,11019724800,11019724800,1144299,False
337,1.7796263237935033,0.4864005835764902,nan,nan,nan,10,57576,32796800,32796800,3603,11052521600,11052521600,1147902,False
338,1.7359047639859517,0.49470933333333333,nan,nan,nan,10,93750,32796800,32796800,5863,11085318400,11085318400,1153765,False
339,1.7333414675399388,0.493105260296809,nan,nan,nan,10,55187,32796800,32796800,3455,11118115200,11118115200,1157220,False
340,1.770976477998498,0.48231533597387255,1.7659414690615944,0.48649408062340777,5.847074607424542,10,57564,32796800,32796800,3602,11150912000,11150912000,1160822,False
341,1.764498925654127,0.4885331544010161,nan,nan,nan,10,41729,32796800,32796800,2612,11183708800,11183708800,1163434,False
342,1.7511419114204843,0.4873572593800979,nan,nan,nan,10,110340,32796800,32796800,6901,11216505600,11216505600,1170335,False
343,1.7440938508808979,0.48986245977731585,nan,nan,nan,10,70234,32796800,32796800,4394,11249302400,11249302400,1174729,False
344,1.7325108392762338,0.49105648679048586,nan,nan,nan,10,72902,32796800,32796800,4561,11282099200,11282099200,1179290,False
345,1.7935241128575694,0.47860007092392043,nan,nan,nan,10,73318,32796800,32796800,4588,11314896000,11314896000,1183878,False
346,1.7513404559305752,0.49036665600969226,nan,nan,nan,10,59429,32796800,32796800,3719,11347692800,11347692800,1187597,False
347,1.7758335222876935,0.48028288108232764,nan,nan,nan,10,52036,32796800,32796800,3258,11380489600,11380489600,1190855,False
348,1.7588634456666394,0.48612975853593043,nan,nan,nan,10,48413,32796800,32796800,3030,11413286400,11413286400,1193885,False
349,1.7711704773918886,0.4844465740297077,nan,nan,nan,10,52175,32796800,32796800,3265,11446083200,11446083200,1197150,False
350,1.7641332076121279,0.48625419351007926,1.7517115715720852,0.4882549078375543,5.764460524154425,10,67366,32796800,32796800,4215,11478880000,11478880000,1201365,False
351,1.7758500873718361,0.480748314117903,nan,nan,nan,10,59761,32796800,32796800,3740,11511676800,11511676800,1205105,False
352,1.7301864370825861,0.49280778208327103,nan,nan,nan,10,86969,32796800,32796800,5440,11544473600,11544473600,1210545,False
353,1.7493666766231437,0.4896725440806045,nan,nan,nan,10,65505,32796800,32796800,4099,11577270400,11577270400,1214644,False
354,1.7547857505810318,0.48685307760462815,nan,nan,nan,10,76748,32796800,32796800,4801,11610067200,11610067200,1219445,False
355,1.7688195228924068,0.48527786152145513,nan,nan,nan,10,39804,32796800,32796800,2492,11642864000,11642864000,1221937,False
356,1.7532085775462947,0.49240773031095614,nan,nan,nan,10,27528,32796800,32796800,1725,11675660800,11675660800,1223662,False
357,1.7566881953833053,0.4897604219267239,nan,nan,nan,10,53469,32796800,32796800,3347,11708457600,11708457600,1227009,False
358,1.752008842214873,0.49154677720881085,nan,nan,nan,10,49212,32796800,32796800,3082,11741254400,11741254400,1230091,False
359,1.781623931469994,0.48460461861441567,nan,nan,nan,10,37154,32796800,32796800,2326,11774051200,11774051200,1232417,False
360,1.7780247913929603,0.48177831543928623,1.7386716828788575,0.49346246066237076,5.6897805679053715,10,72743,32796800,32796800,4552,11806848000,11806848000,1236969,False
361,1.7315783971591778,0.49336566181103114,nan,nan,nan,10,52379,32796800,32796800,3278,11839644800,11839644800,1240247,False
362,1.7209860647628463,0.4966976196704159,nan,nan,nan,10,91752,32796800,32796800,5739,11872441600,11872441600,1245986,False
363,1.7519135431772725,0.4870002083670965,nan,nan,nan,10,43193,32796800,32796800,2704,11905238400,11905238400,1248690,False
364,1.7437634171624632,0.4922951063513312,nan,nan,nan,10,67230,32796800,32796800,4206,11938035200,11938035200,1252896,False
365,1.7293020463156608,0.49370909501241256,nan,nan,nan,10,70896,32796800,32796800,4436,11970832000,11970832000,1257332,False
366,1.7136392544272876,0.49684443731871913,nan,nan,nan,10,68609,32796800,32796800,4294,12003628800,12003628800,1261626,False
367,1.7147011342168204,0.4982403484774034,nan,nan,nan,10,75299,32796800,32796800,4711,12036425600,12036425600,1266337,False
368,1.713592281916722,0.49937505450106096,nan,nan,nan,10,68806,32796800,32796800,4305,12069222400,12069222400,1270642,False
369,1.7365146653756287,0.4934525655604948,nan,nan,nan,10,58038,32796800,32796800,3633,12102019200,12102019200,1274275,False
370,1.7268595648389076,0.49349427810001567,1.7244874757214785,0.49762101004046155,5.609645213427507,10,44653,32796800,32796800,2795,12134816000,12134816000,1277070,False
371,1.684051233994336,0.5047323277136941,nan,nan,nan,10,74382,32796800,32796800,4653,12167612800,12167612800,1281723,False
372,1.741316732989301,0.4930678776578148,nan,nan,nan,10,33251,32796800,32796800,2083,12200409600,12200409600,1283806,False
373,1.66073464878532,0.5116366631368396,nan,nan,nan,10,84990,32796800,32796800,5316,12233206400,12233206400,1289122,False
374,1.7439950515831102,0.4901330885727398,nan,nan,nan,10,52296,32796800,32796800,3271,12266003200,12266003200,1292393,False
375,1.7432740693930378,0.488057536922485,nan,nan,nan,10,67574,32796800,32796800,4229,12298800000,12298800000,1296622,False
376,1.6868566710042074,0.505781359495445,nan,nan,nan,10,79912,32796800,32796800,4999,12331596800,12331596800,1301621,False
377,1.75957531484755,0.4882470370303761,nan,nan,nan,10,55603,32796800,32796800,3480,12364393600,12364393600,1305101,False
378,1.7016011362257375,0.5014687216681777,nan,nan,nan,10,82725,32796800,32796800,5174,12397190400,12397190400,1310275,False
379,1.722697698117072,0.4942053186451661,nan,nan,nan,10,40123,32796800,32796800,2512,12429987200,12429987200,1312787,False
380,1.70368886719135,0.4960597262546661,1.714871231019363,0.4983141016034767,5.555960030986855,10,72330,32796800,32796800,4525,12462784000,12462784000,1317312,False
381,1.7479908919502118,0.4910874865113305,nan,nan,nan,10,50042,32796800,32796800,3132,12495580800,12495580800,1320444,False
382,1.7440262525585328,0.49129937761971293,nan,nan,nan,10,55111,32796800,32796800,3449,12528377600,12528377600,1323893,False
383,1.6777891003456102,0.5058079716087858,nan,nan,nan,10,67063,32796800,32796800,4196,12561174400,12561174400,1328089,False
384,1.7241961040438787,0.49425637124381894,nan,nan,nan,10,39435,32796800,32796800,2467,12593971200,12593971200,1330556,False
385,1.6726973019711164,0.5066108882961371,nan,nan,nan,10,52111,32796800,32796800,3261,12626768000,12626768000,1333817,False
386,1.7091080758939499,0.5051764999376326,nan,nan,nan,10,32068,32796800,32796800,2009,12659564800,12659564800,1335826,False
387,1.7246616467736087,0.49768179116306716,nan,nan,nan,10,25235,32796800,32796800,1581,12692361600,12692361600,1337407,False
388,1.697483176405792,0.5027660045277367,nan,nan,nan,10,58749,32796800,32796800,3677,12725158400,12725158400,1341084,False
389,1.7149471785376136,0.4965092215677802,nan,nan,nan,10,43973,32796800,32796800,2754,12757955200,12757955200,1343838,False
390,1.7023204157781133,0.5024109792284867,1.707229445046005,0.5002622508616814,5.513664386512512,10,32352,32796800,32796800,2027,12790752000,12790752000,1345865,False
391,1.6944507418477806,0.5040422102453029,nan,nan,nan,10,79412,32796800,32796800,4968,12823548800,12823548800,1350833,False
392,1.7357008508744218,0.4937507392658597,nan,nan,nan,10,25363,32796800,32796800,1590,12856345600,12856345600,1352423,False
393,1.7376324514856063,0.4941486249268578,nan,nan,nan,10,41016,32796800,32796800,2567,12889142400,12889142400,1354990,False
394,1.7010064276025152,0.5000372245384157,nan,nan,nan,10,53728,32796800,32796800,3363,12921939200,12921939200,1358353,False
395,1.6654214967035257,0.5102291390939677,nan,nan,nan,10,62713,32796800,32796800,3924,12954736000,12954736000,1362277,False
396,1.6897813150043446,0.5029138840949451,nan,nan,nan,10,39981,32796800,32796800,2503,12987532800,12987532800,1364780,False
397,1.702816162448218,0.4987017202207076,nan,nan,nan,10,49296,32796800,32796800,3086,13020329600,13020329600,1367866,False
398,1.7331954126590503,0.4975907029478458,nan,nan,nan,10,21168,32796800,32796800,1329,13053126400,13053126400,1369195,False
399,1.7565686697073413,0.48913956285889376,nan,nan,nan,10,44059,32796800,32796800,2759,13085923200,13085923200,1371954,False
400,1.7202229147960462,0.49781508242114825,1.7016182756130973,0.501910684849393,5.482812918796971,10,46226,32796800,32796800,2894,13118720000,13118720000,1374848,False
401,1.7216474311188927,0.49763519904867437,nan,nan,nan,10,37001,32796800,32796800,2317,13151516800,13151516800,1377165,False
402,1.6920791371406976,0.5022056328469631,nan,nan,nan,10,32417,32796800,32796800,2030,13184313600,13184313600,1379195,False
403,1.7121377091951189,0.49899908612211147,nan,nan,nan,10,45958,32796800,32796800,2877,13217110400,13217110400,1382072,False
404,1.7053920340453748,0.4997021208991977,nan,nan,nan,10,50356,32796800,32796800,3151,13249907200,13249907200,1385223,False
405,1.6788783987279101,0.505685618729097,nan,nan,nan,10,73255,32796800,32796800,4583,13282704000,13282704000,1389806,False
406,1.6887372100160392,0.5064747655033608,nan,nan,nan,10,52666,32796800,32796800,3297,13315500800,13315500800,1393103,False
407,1.6997732899706017,0.4995643384915656,nan,nan,nan,10,57384,32796800,32796800,3591,13348297600,13348297600,1396694,False
408,1.7045972573283852,0.49731129694256054,nan,nan,nan,10,45561,32796800,32796800,2852,13381094400,13381094400,1399546,False
409,1.6836952866107977,0.5065508493625767,nan,nan,nan,10,62282,32796800,32796800,3898,13413891200,13413891200,1403444,False
410,1.7021077656964825,0.49814231961568495,1.6912060826860518,0.504439532444178,5.426020990246566,10,42257,32796800,32796800,2645,13446688000,13446688000,1406089,False
411,1.7009325551993904,0.4993593158356969,nan,nan,nan,10,69457,32796800,32796800,4346,13479484800,13479484800,1410435,False
412,1.6714038065696073,0.5054301167582418,nan,nan,nan,10,46592,32796800,32796800,2917,13512281600,13512281600,1413352,False
413,1.6685772015302818,0.5096004262120405,nan,nan,nan,10,46925,32796800,32796800,2938,13545078400,13545078400,1416290,False
414,1.7174894069405349,0.49572994224980915,nan,nan,nan,10,69437,32796800,32796800,4346,13577875200,13577875200,1420636,False
415,1.678083484285654,0.5101688538739018,nan,nan,nan,10,45187,32796800,32796800,2830,13610672000,13610672000,1423466,False
416,1.6937686076549843,0.5025056947608201,nan,nan,nan,10,65850,32796800,32796800,4121,13643468800,13643468800,1427587,False
417,1.6872129374052898,0.5049440984871597,nan,nan,nan,10,55723,32796800,32796800,3486,13676265600,13676265600,1431073,False
418,1.7039198158770128,0.49978319522065906,nan,nan,nan,10,41512,32796800,32796800,2599,13709062400,13709062400,1433672,False
419,1.6946031732258982,0.5029153494906919,nan,nan,nan,10,56940,32796800,32796800,3563,13741859200,13741859200,1437235,False
420,1.7053870207803685,0.49871730604782827,1.687721819422439,0.5043458714221489,5.407148202616078,10,33913,32796800,32796800,2124,13774656000,13774656000,1439359,False
421,1.6977916508950175,0.5035779130620528,nan,nan,nan,10,28089,32796800,32796800,1761,13807452800,13807452800,1441120,False
422,1.6466806254584332,0.5179810592478539,nan,nan,nan,10,47411,32796800,32796800,2967,13840249600,13840249600,1444087,False
423,1.6819340763072637,0.5066088184845121,nan,nan,nan,10,59466,32796800,32796800,3721,13873046400,13873046400,1447808,False
424,1.6644743190794704,0.5099873811209258,nan,nan,nan,10,32491,32796800,32796800,2036,13905843200,13905843200,1449844,False
425,1.6476474563596166,0.5144753936186697,nan,nan,nan,10,83901,32796800,32796800,5248,13938640000,13938640000,1455092,False
426,1.6757663840697716,0.5070895706733857,nan,nan,nan,10,60723,32796800,32796800,3800,13971436800,13971436800,1458892,False
427,1.6897404900753261,0.5042607265660038,nan,nan,nan,10,26756,32796800,32796800,1678,14004233600,14004233600,1460570,False
428,1.6876628113937437,0.5050892435203025,nan,nan,nan,10,55018,32796800,32796800,3444,14037030400,14037030400,1464014,False
429,1.6762566435715134,0.5095252330353018,nan,nan,nan,10,36797,32796800,32796800,2304,14069827200,14069827200,1466318,False
430,1.6932575032278014,0.5043876469128561,1.6818669068121972,0.5074179529447025,5.3755823203334065,10,44329,32796800,32796800,2775,14102624000,14102624000,1469093,False
431,1.687482752253563,0.5014754538138245,nan,nan,nan,10,55915,32796800,32796800,3500,14135420800,14135420800,1472593,False
432,1.6623931957450164,0.5154520862365768,nan,nan,nan,10,48796,32796800,32796800,3054,14168217600,14168217600,1475647,False
433,1.626814088741005,0.5211580732274069,nan,nan,nan,10,79615,32796800,32796800,4981,14201014400,14201014400,1480628,False
434,1.6817429198334766,0.5049539662215718,nan,nan,nan,10,65604,32796800,32796800,4104,14233811200,14233811200,1484732,False
435,1.6458058179869193,0.5136073776120867,nan,nan,nan,10,50965,32796800,32796800,3189,14266608000,14266608000,1487921,False
436,1.6561597335247726,0.5130348093378749,nan,nan,nan,10,60185,32796800,32796800,3767,14299404800,14299404800,1491688,False
437,1.6575815660292854,0.5129339875937413,nan,nan,nan,10,54005,32796800,32796800,3379,14332201600,14332201600,1495067,False
438,1.671880260876462,0.5074618026767737,nan,nan,nan,10,50658,32796800,32796800,3170,14364998400,14364998400,1498237,False
439,1.6532383744294898,0.5144718473708702,nan,nan,nan,10,75215,32796800,32796800,4704,14397795200,14397795200,1502941,False
440,1.640733254608501,0.5172864155645295,1.6710747103631791,0.5104525700584445,5.317879907846216,10,66613,32796800,32796800,4168,14430592000,14430592000,1507109,False
441,1.6422226450645152,0.5194892012341447,nan,nan,nan,10,58340,32796800,32796800,3651,14463388800,14463388800,1510760,False
442,1.6392796807166639,0.517056609947644,nan,nan,nan,10,48896,32796800,32796800,3059,14496185600,14496185600,1513819,False
443,1.6571987521475593,0.5078258860674201,nan,nan,nan,10,51943,32796800,32796800,3251,14528982400,14528982400,1517070,False
444,1.680953536655091,0.5032588454376163,nan,nan,nan,10,62292,32796800,32796800,3899,14561779200,14561779200,1520969,False
445,1.6429151016463863,0.515193233120008,nan,nan,nan,10,80628,32796800,32796800,5044,14594576000,14594576000,1526013,False
446,1.6422395387290203,0.5152321504066052,nan,nan,nan,10,40211,32796800,32796800,2518,14627372800,14627372800,1528531,False
447,1.6810138977733642,0.5067936155167189,nan,nan,nan,10,39596,32796800,32796800,2477,14660169600,14660169600,1531008,False
448,1.6292589207309491,0.5193096640858755,nan,nan,nan,10,64838,32796800,32796800,4057,14692966400,14692966400,1535065,False
449,1.620613696755804,0.5238148168732285,nan,nan,nan,10,35986,32796800,32796800,2255,14725763200,14725763200,1537320,False
450,1.6824955117445537,0.508567348881485,1.66180405358798,0.5140678855087667,5.268807486696232,10,29414,32796800,32796800,1842,14758560000,14758560000,1539162,False
451,1.6820722037086728,0.5099322592456975,nan,nan,nan,10,43696,32796800,32796800,2734,14791356800,14791356800,1541896,False
452,1.6627464214290049,0.5093692706969214,nan,nan,nan,10,41999,32796800,32796800,2629,14824153600,14824153600,1544525,False
453,1.6950249098815229,0.5011881725905557,nan,nan,nan,10,58914,32796800,32796800,3687,14856950400,14856950400,1548212,False
454,1.6200242189737233,0.5226542989653942,nan,nan,nan,10,53257,32796800,32796800,3332,14889747200,14889747200,1551544,False
455,1.6448662471491087,0.5172101107038954,nan,nan,nan,10,52934,32796800,32796800,3314,14922544000,14922544000,1554858,False
456,1.6931999802254807,0.5031776294884016,nan,nan,nan,10,37764,32796800,32796800,2365,14955340800,14955340800,1557223,False
457,1.6212231738965044,0.5215088135902822,nan,nan,nan,10,32847,32796800,32796800,2058,14988137600,14988137600,1559281,False
458,1.6551234192465232,0.5120607404421151,nan,nan,nan,10,44649,32796800,32796800,2796,15020934400,15020934400,1562077,False
459,1.6191710639673311,0.5231823069222499,nan,nan,nan,10,107884,32796800,32796800,6749,15053731200,15053731200,1568826,False
460,1.6416915132093048,0.519150087968602,1.6527786095353523,0.5156039262700435,5.221468110297244,10,29556,32796800,32796800,1852,15086528000,15086528000,1570678,False
461,1.6293660391482334,0.5196675251697495,nan,nan,nan,10,51252,32796800,32796800,3208,15119324800,15119324800,1573886,False
462,1.6144320913323007,0.522247738236518,nan,nan,nan,10,64883,32796800,32796800,4060,15152121600,15152121600,1577946,False
463,1.6313102938314794,0.5163567761008246,nan,nan,nan,10,51416,32796800,32796800,3218,15184918400,15184918400,1581164,False
464,1.661115249589328,0.5140425531914894,nan,nan,nan,10,39950,32796800,32796800,2501,15217715200,15217715200,1583665,False
465,1.6495647754469147,0.5162671232876712,nan,nan,nan,10,45552,32796800,32796800,2852,15250512000,15250512000,1586517,False
466,1.6393972941560642,0.5174173014591451,nan,nan,nan,10,85461,32796800,32796800,5347,15283308800,15283308800,1591864,False
467,1.652375979357262,0.5117736230419404,nan,nan,nan,10,49475,32796800,32796800,3097,15316105600,15316105600,1594961,False
468,1.63560397882495,0.5201531690578611,nan,nan,nan,10,40217,32796800,32796800,2519,15348902400,15348902400,1597480,False
469,1.6930449848460254,0.5051025127177432,nan,nan,nan,10,32435,32796800,32796800,2032,15381699200,15381699200,1599512,False
470,1.6542927206493914,0.5162841796875,1.6504711280711566,0.5148171736849992,5.209433559508082,10,40960,32796800,32796800,2565,15414496000,15414496000,1602077,False
471,1.5805025911740167,0.5325724500670357,nan,nan,nan,10,58178,32796800,32796800,3640,15447292800,15447292800,1605717,False
472,1.617336108047133,0.5228826365402605,nan,nan,nan,10,83382,32796800,32796800,5215,15480089600,15480089600,1610932,False
473,1.6278915280601063,0.5172904143235731,nan,nan,nan,10,77355,32796800,32796800,4838,15512886400,15512886400,1615770,False
474,1.6627248374292891,0.5098476495940664,nan,nan,nan,10,79816,32796800,32796800,4993,15545683200,15545683200,1620763,False
475,1.6440852291749484,0.5163009121286011,nan,nan,nan,10,55365,32796800,32796800,3466,15578480000,15578480000,1624229,False
476,1.6405993535035206,0.5153828770661157,nan,nan,nan,10,61952,32796800,32796800,3875,15611276800,15611276800,1628104,False
477,1.613130592185557,0.5232614294913072,nan,nan,nan,10,37272,32796800,32796800,2335,15644073600,15644073600,1630439,False
478,1.6237147500597222,0.5190532580312139,nan,nan,nan,10,65868,32796800,32796800,4122,15676870400,15676870400,1634561,False
479,1.6286956641951784,0.5168845554049524,nan,nan,nan,10,68613,32796800,32796800,4293,15709667200,15709667200,1638854,False
480,1.6196525885211912,0.5194319185532983,1.641653627268864,0.5174209500974075,5.163701293364525,10,43022,32796800,32796800,2693,15742464000,15742464000,1641547,False
481,1.6214522275485457,0.520752575332491,nan,nan,nan,10,93386,32796800,32796800,5841,15775260800,15775260800,1647388,False
482,1.633422560674825,0.5172081365082426,nan,nan,nan,10,51865,32796800,32796800,3247,15808057600,15808057600,1650635,False
483,1.6232011489352698,0.5199819157416331,nan,nan,nan,10,84051,32796800,32796800,5258,15840854400,15840854400,1655893,False
484,1.6612656951088323,0.5112697331398276,nan,nan,nan,10,33763,32796800,32796800,2115,15873651200,15873651200,1658008,False
485,1.6311489470838478,0.5221889524490525,nan,nan,nan,10,44752,32796800,32796800,2802,15906448000,15906448000,1660810,False
486,1.6360109834978742,0.5164824208282962,nan,nan,nan,10,80237,32796800,32796800,5020,15939244800,15939244800,1665830,False
487,1.5936473009082222,0.5265828976734233,nan,nan,nan,10,65418,32796800,32796800,4094,15972041600,15972041600,1669924,False
488,1.6231767356306834,0.5166816952209198,nan,nan,nan,10,43251,32796800,32796800,2708,16004838400,16004838400,1672632,False
489,1.6251492292670668,0.520697260761295,nan,nan,nan,10,70275,32796800,32796800,4398,16037635200,16037635200,1677030,False
490,1.6231267895874744,0.5205169679172098,1.6420014889437131,0.5150044957290574,5.16549785960501,10,63679,32796800,32796800,3983,16070432000,16070432000,1681013,False
491,1.6412626799980747,0.5140603173876205,nan,nan,nan,10,87338,32796800,32796800,5464,16103228800,16103228800,1686477,False
492,1.577411804620128,0.5322492191039366,nan,nan,nan,10,83878,32796800,32796800,5247,16136025600,16136025600,1691724,False
493,1.64172953586541,0.517108340409051,nan,nan,nan,10,67131,32796800,32796800,4200,16168822400,16168822400,1695924,False
494,1.5773234314214295,0.5337543076831139,nan,nan,nan,10,50201,32796800,32796800,3142,16201619200,16201619200,1699066,False
495,1.641522770124389,0.5186991869918699,nan,nan,nan,10,29520,32796800,32796800,1849,16234416000,16234416000,1700915,False
496,1.5935315703203272,0.5298256193778582,nan,nan,nan,10,39798,32796800,32796800,2492,16267212800,16267212800,1703407,False
497,1.6285500795104424,0.5211637797287678,nan,nan,nan,10,54787,32796800,32796800,3430,16300009600,16300009600,1706837,False
498,1.6175677784180535,0.5217773300220233,nan,nan,nan,10,85364,32796800,32796800,5341,16332806400,16332806400,1712178,False
499,1.5929211990623517,0.5276899131395291,nan,nan,nan,10,59751,32796800,32796800,3739,16365603200,16365603200,1715917,False
500,1.6489242601614513,0.5130844904352111,1.6326742574726645,0.5164094110594935,5.117542060492655,10,56823,32796800,32796800,3557,16398400000,16398400000,1719474,False
501,1.607302083317025,0.522124069873861,nan,nan,nan,10,50262,32796800,32796800,3145,16431196800,16431196800,1722619,False
502,1.601866524686431,0.5283671586715867,nan,nan,nan,10,30352,32796800,32796800,1902,16463993600,16463993600,1724521,False
503,1.642658203734283,0.5130269484513027,nan,nan,nan,10,44715,32796800,32796800,2800,16496790400,16496790400,1727321,False
504,1.6299328074729753,0.518638689319523,nan,nan,nan,10,56093,32796800,32796800,3509,16529587200,16529587200,1730830,False
505,1.6209129805327664,0.5202237620571376,nan,nan,nan,10,43439,32796800,32796800,2718,16562384000,16562384000,1733548,False
506,1.590298627268329,0.5279399956201183,nan,nan,nan,10,54796,32796800,32796800,3429,16595180800,16595180800,1736977,False
507,1.615270582462203,0.5222753647818592,nan,nan,nan,10,41189,32796800,32796800,2579,16627977600,16627977600,1739556,False
508,1.6169010551675735,0.5230583191337328,nan,nan,nan,10,36386,32796800,32796800,2280,16660774400,16660774400,1741836,False
509,1.623287687465379,0.523383330247104,nan,nan,nan,10,48603,32796800,32796800,3042,16693571200,16693571200,1744878,False
510,1.5899205414440014,0.5304480605314736,1.6274046401257245,0.5201371197362505,5.090645501604185,10,43878,32796800,32796800,2748,16726368000,16726368000,1747626,False
511,1.5785180820194193,0.5311675806924269,nan,nan,nan,10,95548,32796800,32796800,5976,16759164800,16759164800,1753602,False
512,1.5765035674121552,0.5311774764871137,nan,nan,nan,10,32748,32796800,32796800,2051,16791961600,16791961600,1755653,False
513,1.6283408453733916,0.5176572477443706,nan,nan,nan,10,77362,32796800,32796800,4840,16824758400,16824758400,1760493,False
514,1.605348418640358,0.5297486749871773,nan,nan,nan,10,35094,32796800,32796800,2197,16857555200,16857555200,1762690,False
515,1.657116504197719,0.5146299483648882,nan,nan,nan,10,37184,32796800,32796800,2329,16890352000,16890352000,1765019,False
516,1.6351681541503582,0.5180666927439859,nan,nan,nan,10,40904,32796800,32796800,2561,16923148800,16923148800,1767580,False
517,1.5980778768955044,0.5274638336347197,nan,nan,nan,10,88480,32796800,32796800,5535,16955945600,16955945600,1773115,False
518,1.5869739967155119,0.5334037766718931,nan,nan,nan,10,29338,32796800,32796800,1838,16988742400,16988742400,1774953,False
519,1.581818361581727,0.5283229766595938,nan,nan,nan,10,52784,32796800,32796800,3303,17021539200,17021539200,1778256,False
520,1.6029277177807753,0.5261389954563938,1.6218091318601255,0.5219728757680204,5.062240297513057,10,56563,32796800,32796800,3539,17054336000,17054336000,1781795,False
521,1.5606762190009003,0.536658826229132,nan,nan,nan,10,69724,32796800,32796800,4362,17087132800,17087132800,1786157,False
522,1.5814625595903942,0.5328686088816064,nan,nan,nan,10,72014,32796800,32796800,4505,17119929600,17119929600,1790662,False
523,1.5715059106174976,0.532398261556697,nan,nan,nan,10,55682,32796800,32796800,3485,17152726400,17152726400,1794147,False
524,1.6108396383005479,0.5236067957955973,nan,nan,nan,10,75635,32796800,32796800,4732,17185523200,17185523200,1798879,False
525,1.622684453314508,0.52451086564147,nan,nan,nan,10,27702,32796800,32796800,1736,17218320000,17218320000,1800615,False
526,1.6215103648239706,0.5232321854756222,nan,nan,nan,10,73325,32796800,32796800,4589,17251116800,17251116800,1805204,False
527,1.604114643054687,0.5247845237944122,nan,nan,nan,10,78779,32796800,32796800,4928,17283913600,17283913600,1810132,False
528,1.613261829390703,0.5213317164590453,nan,nan,nan,10,45355,32796800,32796800,2839,17316710400,17316710400,1812971,False
529,1.5903665456357257,0.5297739852398524,nan,nan,nan,10,43360,32796800,32796800,2713,17349507200,17349507200,1815684,False
530,1.6313605143979444,0.5201518365524171,1.6164014875736976,0.5224973774913831,5.0349393860298255,10,44785,32796800,32796800,2802,17382304000,17382304000,1818486,False
531,1.5990631757886626,0.5304737315651528,nan,nan,nan,10,51126,32796800,32796800,3199,17415100800,17415100800,1821685,False
532,1.6019125263658582,0.525072175924978,nan,nan,nan,10,48839,32796800,32796800,3058,17447897600,17447897600,1824743,False
533,1.599296801118312,0.5283918724228724,nan,nan,nan,10,60387,32796800,32796800,3780,17480694400,17480694400,1828523,False
534,1.5785590524426252,0.5302080050425465,nan,nan,nan,10,63460,32796800,32796800,3971,17513491200,17513491200,1832494,False
535,1.6117783597417237,0.5223489212920657,nan,nan,nan,10,75507,32796800,32796800,4725,17546288000,17546288000,1837219,False
536,1.6065700884509269,0.5274531358481833,nan,nan,nan,10,34568,32796800,32796800,2165,17579084800,17579084800,1839384,False
537,1.616404220718215,0.5213062400200382,nan,nan,nan,10,31939,32796800,32796800,2000,17611881600,17611881600,1841384,False
538,1.597568769330294,0.5264158892566958,nan,nan,nan,10,83075,32796800,32796800,5197,17644678400,17644678400,1846581,False
539,1.6257286619442786,0.5199659648567357,nan,nan,nan,10,50536,32796800,32796800,3163,17677475200,17677475200,1849744,False
540,1.6141148267959777,0.5209611571211944,1.6098924708762985,0.5249887606773566,5.002273308847712,10,42865,32796800,32796800,2683,17710272000,17710272000,1852427,False
541,1.5589257383510038,0.5345958621508504,nan,nan,nan,10,67378,32796800,32796800,4216,17743068800,17743068800,1856643,False
542,1.591613339969446,0.5275438068737309,nan,nan,nan,10,53188,32796800,32796800,3329,17775865600,17775865600,1859972,False
543,1.6281706190824257,0.52156295971301,nan,nan,nan,10,38747,32796800,32796800,2426,17808662400,17808662400,1862398,False
544,1.5651159560657548,0.5368328452815637,nan,nan,nan,10,82983,32796800,32796800,5190,17841459200,17841459200,1867588,False
545,1.594820889228216,0.5284734878069947,nan,nan,nan,10,57615,32796800,32796800,3607,17874256000,17874256000,1871195,False
546,1.527146063581557,0.5442912626353559,nan,nan,nan,10,77758,32796800,32796800,4863,17907052800,17907052800,1876058,False
547,1.5702337874534382,0.5318780318780318,nan,nan,nan,10,31746,32796800,32796800,1990,17939849600,17939849600,1878048,False
548,1.5691034076141523,0.5351828724353256,nan,nan,nan,10,56050,32796800,32796800,3506,17972646400,17972646400,1881554,False
549,1.5981189175378943,0.5298560342890721,nan,nan,nan,10,57861,32796800,32796800,3621,18005443200,18005443200,1885175,False
550,1.570828977153025,0.534277539341917,1.6053492938598628,0.5265248014386333,4.979598642234409,10,34950,32796800,32796800,2188,18038240000,18038240000,1887363,False
551,1.578437427962316,0.5355001965408805,nan,nan,nan,10,40704,32796800,32796800,2549,18071036800,18071036800,1889912,False
552,1.61544059227757,0.519633482867233,nan,nan,nan,10,52385,32796800,32796800,3278,18103833600,18103833600,1893190,False
553,1.616604151530781,0.5227886660152883,nan,nan,nan,10,52197,32796800,32796800,3268,18136630400,18136630400,1896458,False
554,1.6519175336056542,0.5159263209477962,nan,nan,nan,10,34691,32796800,32796800,2174,18169427200,18169427200,1898632,False
555,1.5691518741221535,0.5332088245593557,nan,nan,nan,10,77103,32796800,32796800,4823,18202224000,18202224000,1903455,False
556,1.6030503051040423,0.5272876228888329,nan,nan,nan,10,63472,32796800,32796800,3972,18235020800,18235020800,1907427,False
557,1.5869596320567831,0.530186769712025,nan,nan,nan,10,54345,32796800,32796800,3400,18267817600,18267817600,1910827,False
558,1.589179282568511,0.5311191173159199,nan,nan,nan,10,44410,32796800,32796800,2780,18300614400,18300614400,1913607,False
559,1.5912858867798192,0.53148736018083,nan,nan,nan,10,60167,32796800,32796800,3765,18333411200,18333411200,1917372,False
560,1.599020801236883,0.5328225806451613,1.5976412313980943,0.5278922523602577,4.941363135015384,10,24800,32796800,32796800,1556,18366208000,18366208000,1918928,False
561,1.5497063111229943,0.5397408841246104,nan,nan,nan,10,71551,32796800,32796800,4476,18399004800,18399004800,1923404,False
562,1.5895810556995946,0.5281386755666048,nan,nan,nan,10,58727,32796800,32796800,3675,18431801600,18431801600,1927079,False
563,1.587205502534615,0.5274949754538566,nan,nan,nan,10,60702,32796800,32796800,3799,18464598400,18464598400,1930878,False
564,1.558558758015687,0.5371622787343432,nan,nan,nan,10,57962,32796800,32796800,3628,18497395200,18497395200,1934506,False
565,1.5902486940673923,0.530356884378468,nan,nan,nan,10,62177,32796800,32796800,3890,18530192000,18530192000,1938396,False
566,1.604267809233103,0.5246365105008077,nan,nan,nan,10,29712,32796800,32796800,1860,18562988800,18562988800,1940256,False
567,1.5617207656800784,0.5351266885347522,nan,nan,nan,10,77434,32796800,32796800,4845,18595785600,18595785600,1945101,False
568,1.5720583790031668,0.5389312977099237,nan,nan,nan,10,30130,32796800,32796800,1888,18628582400,18628582400,1946989,False
569,1.5568537100624071,0.5421354560412683,nan,nan,nan,10,67461,32796800,32796800,4220,18661379200,18661379200,1951209,False
570,1.5271141065967233,0.5433823699221727,1.5945323221011443,0.5297654728008392,4.9260247404183115,10,43301,32796800,32796800,2709,18694176000,18694176000,1953918,False
571,1.5511778676304784,0.5380518319928508,nan,nan,nan,10,55950,32796800,32796800,3501,18726972800,18726972800,1957419,False
572,1.5619092769862697,0.5339004379121156,nan,nan,nan,10,79468,32796800,32796800,4972,18759769600,18759769600,1962391,False
573,1.5831924206837442,0.5271542476544238,nan,nan,nan,10,62458,32796800,32796800,3907,18792566400,18792566400,1966298,False
574,1.5452583875757688,0.5406997400751725,nan,nan,nan,10,53477,32796800,32796800,3346,18825363200,18825363200,1969644,False
575,1.597233088410208,0.5291389778648946,nan,nan,nan,10,41834,32796800,32796800,2619,18858160000,18858160000,1972263,False
576,1.551672681083744,0.5390464409801176,nan,nan,nan,10,54973,32796800,32796800,3440,18890956800,18890956800,1975703,False
577,1.5466823616450847,0.5422244837085256,nan,nan,nan,10,56993,32796800,32796800,3567,18923753600,18923753600,1979270,False
578,1.5286576808078458,0.5441344843253066,nan,nan,nan,10,110050,32796800,32796800,6883,18956550400,18956550400,1986153,False
579,1.552802701949459,0.5391563557925642,nan,nan,nan,10,66758,32796800,32796800,4177,18989347200,18989347200,1990330,False
580,1.5965577832724887,0.5287052224985449,1.597724090768679,0.5271242319796193,4.941772590217947,10,37798,32796800,32796800,2367,19022144000,19022144000,1992697,False
581,1.583504966869279,0.5327279007512737,nan,nan,nan,10,69482,32796800,32796800,4347,19054940800,19054940800,1997044,False
582,1.5514883006482099,0.537280047718461,nan,nan,nan,10,53648,32796800,32796800,3357,19087737600,19087737600,2000401,False
583,1.589298311903161,0.5266072811773819,nan,nan,nan,10,51640,32796800,32796800,3233,19120534400,19120534400,2003634,False
584,1.5849409162606847,0.5290975082582277,nan,nan,nan,10,49042,32796800,32796800,3071,19153331200,19153331200,2006705,False
585,1.5758822152122103,0.5340254297823706,nan,nan,nan,10,62997,32796800,32796800,3942,19186128000,19186128000,2010647,False
586,1.5584672692899115,0.5391656716957922,nan,nan,nan,10,55278,32796800,32796800,3459,19218924800,19218924800,2014106,False
587,1.6243976937587703,0.5207302508104419,nan,nan,nan,10,23444,32796800,32796800,1471,19251721600,19251721600,2015577,False
588,1.5709554936512684,0.5350355339743383,nan,nan,nan,10,62194,32796800,32796800,3892,19284518400,19284518400,2019469,False
589,1.5575656548190417,0.5381049169844931,nan,nan,nan,10,43787,32796800,32796800,2741,19317315200,19317315200,2022210,False
590,1.5548863549483167,0.5384785626622135,1.5862361142682866,0.5314326389929567,4.885326469467401,10,49703,32796800,32796800,3109,19350112000,19350112000,2025319,False
591,1.526829681020845,0.5414037066002219,nan,nan,nan,10,54983,32796800,32796800,3442,19382908800,19382908800,2028761,False
592,1.596624521550244,0.5316985260989895,nan,nan,nan,10,31074,32796800,32796800,1948,19415705600,19415705600,2030709,False
593,1.5547197314759444,0.5352279676988555,nan,nan,nan,10,80121,32796800,32796800,5013,19448502400,19448502400,2035722,False
594,1.5385984537455453,0.5400194426441997,nan,nan,nan,10,49376,32796800,32796800,3089,19481299200,19481299200,2038811,False
595,1.5347153467254853,0.5462588201583152,nan,nan,nan,10,55838,32796800,32796800,3496,19514096000,19514096000,2042307,False
596,1.5727994062678043,0.5325558175599601,nan,nan,nan,10,47073,32796800,32796800,2946,19546892800,19546892800,2045253,False
597,1.5393680623215849,0.5407083069564605,nan,nan,nan,10,56868,32796800,32796800,3558,19579689600,19579689600,2048811,False
598,1.555871890893711,0.5365506982893976,nan,nan,nan,10,60505,32796800,32796800,3787,19612486400,19612486400,2052598,False
599,1.5569994150261455,0.5407948456238837,nan,nan,nan,10,31352,32796800,32796800,1964,19645283200,19645283200,2054562,False
600,1.562755540507797,0.538027599226862,1.5879528428703238,0.5308332084519706,4.893720452181398,10,44494,32796800,32796800,2786,19678080000,19678080000,2057348,False
601,1.5151991060613268,0.5481945527384186,nan,nan,nan,10,74386,32796800,32796800,4655,19710876800,19710876800,2062003,False
602,1.5624949324466817,0.5361842105263158,nan,nan,nan,10,76608,32796800,32796800,4793,19743673600,19743673600,2066796,False
603,1.5328122481528963,0.5455444976625462,nan,nan,nan,10,69734,32796800,32796800,4364,19776470400,19776470400,2071160,False
604,1.5531698255520183,0.5396459849720117,nan,nan,nan,10,59489,32796800,32796800,3724,19809267200,19809267200,2074884,False
605,1.5205953979251041,0.5462942340194165,nan,nan,nan,10,76327,32796800,32796800,4776,19842064000,19842064000,2079660,False
606,1.5055042803389986,0.5499272582991668,nan,nan,nan,10,75610,32796800,32796800,4730,19874860800,19874860800,2084390,False
607,1.5501137739493962,0.5403988012909174,nan,nan,nan,10,52056,32796800,32796800,3259,19907657600,19907657600,2087649,False
608,1.5368470409822959,0.544178956454664,nan,nan,nan,10,54449,32796800,32796800,3407,19940454400,19940454400,2091056,False
609,1.5129844967987685,0.5491921729960553,nan,nan,nan,10,76811,32796800,32796800,4806,19973251200,19973251200,2095862,False
610,1.599258961403522,0.5281252635425744,1.5801156661186406,0.5331747340026974,4.855517397609923,10,35573,32796800,32796800,2229,20006048000,20006048000,2098091,False
611,1.574916752168319,0.5330655091354585,nan,nan,nan,10,80401,32796800,32796800,5029,20038844800,20038844800,2103120,False
612,1.5706516692071395,0.5373917771550463,nan,nan,nan,10,47818,32796800,32796800,2995,20071641600,20071641600,2106115,False
613,1.551512259638066,0.5388684861917782,nan,nan,nan,10,61811,32796800,32796800,3868,20104438400,20104438400,2109983,False
614,1.5604492805088441,0.5385484391570987,nan,nan,nan,10,43374,32796800,32796800,2714,20137235200,20137235200,2112697,False
615,1.5677427374131905,0.5383627233446222,nan,nan,nan,10,34252,32796800,32796800,2144,20170032000,20170032000,2114841,False
616,1.5340952311496296,0.5419162225030679,nan,nan,nan,10,54597,32796800,32796800,3417,20202828800,20202828800,2118258,False
617,1.560634247701258,0.5396212463541881,nan,nan,nan,10,48686,32796800,32796800,3048,20235625600,20235625600,2121306,False
618,1.5517442166699142,0.5385374434219277,nan,nan,nan,10,46617,32796800,32796800,2919,20268422400,20268422400,2124225,False
619,1.5321089777181733,0.5426699297386911,nan,nan,nan,10,38001,32796800,32796800,2380,20301219200,20301219200,2126605,False
620,1.5712225114465082,0.5353427390622774,1.5771327287597348,0.5340176832009591,4.841055273895893,10,28068,32796800,32796800,1757,20334016000,20334016000,2128362,False
621,1.5697702502393749,0.5333500109446825,nan,nan,nan,10,31979,32796800,32796800,2003,20366812800,20366812800,2130365,False
622,1.5018562473185366,0.5531277138134857,nan,nan,nan,10,71394,32796800,32796800,4466,20399609600,20399609600,2134831,False
623,1.5937215630284698,0.5275301520713161,nan,nan,nan,10,55303,32796800,32796800,3461,20432406400,20432406400,2138292,False
624,1.5547630730788589,0.535805662552366,nan,nan,nan,10,35567,32796800,32796800,2228,20465203200,20465203200,2140520,False
625,1.5512354657077483,0.5396107754061065,nan,nan,nan,10,69009,32796800,32796800,4319,20498000000,20498000000,2144839,False
626,1.5512345566583088,0.5387977323243676,nan,nan,nan,10,80082,32796800,32796800,5011,20530796800,20530796800,2149850,False
627,1.5407833480357223,0.5458271488328161,nan,nan,nan,10,59288,32796800,32796800,3710,20563593600,20563593600,2153560,False
628,1.5115030106892795,0.5499718112716032,nan,nan,nan,10,51439,32796800,32796800,3219,20596390400,20596390400,2156779,False
629,1.5557224988031566,0.5369344413665743,nan,nan,nan,10,32490,32796800,32796800,2035,20629187200,20629187200,2158814,False
630,1.5638063787386385,0.5364703570902304,1.5737360561160192,0.5334744492731904,4.82463968884741,10,40718,32796800,32796800,2549,20661984000,20661984000,2161363,False
631,1.5398628952499935,0.5428959127810402,nan,nan,nan,10,42743,32796800,32796800,2676,20694780800,20694780800,2164039,False
632,1.5690091695595592,0.5353274295921858,nan,nan,nan,10,52622,32796800,32796800,3294,20727577600,20727577600,2167333,False
633,1.558452021986773,0.5377312742464936,nan,nan,nan,10,53616,32796800,32796800,3355,20760374400,20760374400,2170688,False
634,1.5278485664142436,0.5463095457902511,nan,nan,nan,10,86656,32796800,32796800,5421,20793171200,20793171200,2176109,False
635,1.5629970202414911,0.534068804535097,nan,nan,nan,10,71972,32796800,32796800,4502,20825968000,20825968000,2180611,False
636,1.5875930143684334,0.5268524633469819,nan,nan,nan,10,37855,32796800,32796800,2371,20858764800,20858764800,2182982,False
637,1.5685537560714213,0.535082348138728,nan,nan,nan,10,63693,32796800,32796800,3988,20891561600,20891561600,2186970,False
638,1.533788581251221,0.5434436382941072,nan,nan,nan,10,39557,32796800,32796800,2476,20924358400,20924358400,2189446,False
639,1.5390830751094513,0.5428097454689512,nan,nan,nan,10,40388,32796800,32796800,2530,20957155200,20957155200,2191976,False
640,1.5798668418617636,0.5329524680073127,1.5704563825576716,0.536246815525251,4.808842364824295,10,43760,32796800,32796800,2740,20989952000,20989952000,2194716,False
641,1.5226918412435428,0.548178674501443,nan,nan,nan,10,76922,32796800,32796800,4813,21022748800,21022748800,2199529,False
642,1.5440309112253214,0.5402460456942003,nan,nan,nan,10,45520,32796800,32796800,2850,21055545600,21055545600,2202379,False
643,1.5360837627407793,0.5436344332142906,nan,nan,nan,10,72523,32796800,32796800,4540,21088342400,21088342400,2206919,False
644,1.5195691899909096,0.5453644907289814,nan,nan,nan,10,39370,32796800,32796800,2466,21121139200,21121139200,2209385,False
645,1.5217229879167034,0.5447448757086786,nan,nan,nan,10,68790,32796800,32796800,4305,21153936000,21153936000,2213690,False
646,1.5497458495123664,0.5417086662569146,nan,nan,nan,10,40675,32796800,32796800,2547,21186732800,21186732800,2216237,False
647,1.5331722871195634,0.5458736482640865,nan,nan,nan,10,52710,32796800,32796800,3299,21219529600,21219529600,2219536,False
648,1.5135831991666016,0.550693596492984,nan,nan,nan,10,49957,32796800,32796800,3127,21252326400,21252326400,2222663,False
649,1.4936031136680963,0.5523126628953026,nan,nan,nan,10,83259,32796800,32796800,5207,21285123200,21285123200,2227870,False
650,1.5223156010360108,0.5460214459938332,1.5680885985393174,0.5353664019181777,4.797469534242713,10,43458,32796800,32796800,2721,21317920000,21317920000,2230591,False
651,1.5336117725216183,0.5444847193829345,nan,nan,nan,10,58211,32796800,32796800,3642,21350716800,21350716800,2234233,False
652,1.5311123880022646,0.5461465103136479,nan,nan,nan,10,56624,32796800,32796800,3543,21383513600,21383513600,2237776,False
653,1.5158552802967136,0.5499392602315093,nan,nan,nan,10,71617,32796800,32796800,4481,21416310400,21416310400,2242257,False
654,1.5430771881528236,0.5390596644051707,nan,nan,nan,10,71634,32796800,32796800,4482,21449107200,21449107200,2246739,False
655,1.5676014099972646,0.5366033875184723,nan,nan,nan,10,35188,32796800,32796800,2204,21481904000,21481904000,2248943,False
656,1.5173823598421115,0.5487955316451358,nan,nan,nan,10,58366,32796800,32796800,3653,21514700800,21514700800,2252596,False
657,1.506693855563843,0.5526531728665208,nan,nan,nan,10,36560,32796800,32796800,2289,21547497600,21547497600,2254885,False
658,1.540192055405614,0.5415651004454904,nan,nan,nan,10,59485,32796800,32796800,3724,21580294400,21580294400,2258609,False
659,1.5320378678255158,0.5421391484942887,nan,nan,nan,10,72225,32796800,32796800,4520,21613091200,21613091200,2263129,False
660,1.5114395890596999,0.5490295594952659,1.5641140190536393,0.5380263749438033,4.7784394535848,10,57139,32796800,32796800,3575,21645888000,21645888000,2266704,False
661,1.544821938660793,0.5428334788350906,nan,nan,nan,10,44673,32796800,32796800,2796,21678684800,21678684800,2269500,False
662,1.5137277120529802,0.546246225156261,nan,nan,nan,10,71195,32796800,32796800,4454,21711481600,21711481600,2273954,False
663,1.4975072641441904,0.5516472508119112,nan,nan,nan,10,61891,32796800,32796800,3873,21744278400,21744278400,2277827,False
664,1.5744252420343634,0.5335576787311149,nan,nan,nan,10,42494,32796800,32796800,2661,21777075200,21777075200,2280488,False
665,1.5460838602186784,0.5406532746741928,nan,nan,nan,10,48188,32796800,32796800,3016,21809872000,21809872000,2283504,False
666,1.5619615776151798,0.5395798768313602,nan,nan,nan,10,35561,32796800,32796800,2228,21842668800,21842668800,2285732,False
667,1.5455950373550882,0.540606341661353,nan,nan,nan,10,51753,32796800,32796800,3239,21875465600,21875465600,2288971,False
668,1.5117755484196618,0.5488684670065087,nan,nan,nan,10,56693,32796800,32796800,3547,21908262400,21908262400,2292518,False
669,1.535310277898506,0.5430652311589613,nan,nan,nan,10,44212,32796800,32796800,2768,21941059200,21941059200,2295286,False
670,1.5367642073246996,0.5434758281110116,1.5570887138188627,0.5379889105349918,4.74498710195436,10,53616,32796800,32796800,3356,21973856000,21973856000,2298642,False
671,1.5428562595218687,0.5411308222775716,nan,nan,nan,10,59019,32796800,32796800,3693,22006652800,22006652800,2302335,False
672,1.4886485166721897,0.5568031985028284,nan,nan,nan,10,47022,32796800,32796800,2944,22039449600,22039449600,2305279,False
673,1.4994768935983787,0.551951153662437,nan,nan,nan,10,48151,32796800,32796800,3014,22072246400,22072246400,2308293,False
674,1.5128383821830824,0.5517309260665373,nan,nan,nan,10,35559,32796800,32796800,2227,22105043200,22105043200,2310520,False
675,1.4947896896294748,0.5522028695737881,nan,nan,nan,10,71021,32796800,32796800,4443,22137840000,22137840000,2314963,False
676,1.4866716244124456,0.5524186521273683,nan,nan,nan,10,40167,32796800,32796800,2515,22170636800,22170636800,2317478,False
677,1.5485518495560358,0.5390728476821192,nan,nan,nan,10,43035,32796800,32796800,2695,22203433600,22203433600,2320173,False
678,1.516846340507966,0.5462917462917463,nan,nan,nan,10,54945,32796800,32796800,3438,22236230400,22236230400,2323611,False
679,1.5668844906610988,0.5368405848272321,nan,nan,nan,10,62309,32796800,32796800,3901,22269027200,22269027200,2327512,False
680,1.5024958122452359,0.5505760913022935,1.5554674234809,0.5386070732803836,4.737300333137985,10,82539,32796800,32796800,5164,22301824000,22301824000,2332676,False
681,1.5273597264979237,0.5463118129917346,nan,nan,nan,10,35207,32796800,32796800,2207,22334620800,22334620800,2334883,False
682,1.507736086647082,0.5505182277329631,nan,nan,nan,10,41777,32796800,32796800,2616,22367417600,22367417600,2337499,False
683,1.502905097428043,0.5514144356910134,nan,nan,nan,10,58009,32796800,32796800,3630,22400214400,22400214400,2341129,False
684,1.5407459841925168,0.5402318591670244,nan,nan,nan,10,46580,32796800,32796800,2915,22433011200,22433011200,2344044,False
685,1.4965992130236907,0.5537802668423654,nan,nan,nan,10,78923,32796800,32796800,4938,22465808000,22465808000,2348982,False
686,1.5014569738192118,0.5494996357501629,nan,nan,nan,10,52162,32796800,32796800,3265,22498604800,22498604800,2352247,False
687,1.4796758400801042,0.5591724819045392,nan,nan,nan,10,76953,32796800,32796800,4814,22531401600,22531401600,2357061,False
688,1.4953061297286279,0.5533888053956967,nan,nan,nan,10,54562,32796800,32796800,3414,22564198400,22564198400,2360475,False
689,1.5909840137096856,0.5313351498637602,nan,nan,nan,10,42572,32796800,32796800,2666,22596995200,22596995200,2363141,False
690,1.4614680159155413,0.5621773815110277,1.5619243261750877,0.539581147909486,4.767987586108762,10,61799,32796800,32796800,3866,22629792000,22629792000,2367007,False
691,1.509119426260844,0.5520545876408968,nan,nan,nan,10,72837,32796800,32796800,4556,22662588800,22662588800,2371563,False
692,1.4876084201017985,0.5559696085129288,nan,nan,nan,10,48303,32796800,32796800,3023,22695385600,22695385600,2374586,False
693,1.4952882555586944,0.5516002421354788,nan,nan,nan,10,51211,32796800,32796800,3205,22728182400,22728182400,2377791,False
694,1.5164210607724777,0.5465629916495219,nan,nan,nan,10,33052,32796800,32796800,2070,22760979200,22760979200,2379861,False
695,1.4843702499500402,0.5542957733149098,nan,nan,nan,10,52831,32796800,32796800,3307,22793776000,22793776000,2383168,False
696,1.5221880903184664,0.5471219833893205,nan,nan,nan,10,48523,32796800,32796800,3036,22826572800,22826572800,2386204,False
697,1.549114424347167,0.5379623498249929,nan,nan,nan,10,52855,32796800,32796800,3309,22859369600,22859369600,2389513,False
698,1.5133335668589487,0.5484444754464286,nan,nan,nan,10,57344,32796800,32796800,3588,22892166400,22892166400,2393101,False
699,1.555149036590184,0.5376795076361979,nan,nan,nan,10,21935,32796800,32796800,1376,22924963200,22924963200,2394477,False
700,1.4959896861403976,0.5567082732233583,1.5528677253195786,0.541604225985314,4.725000776666612,10,79715,32796800,32796800,4987,22957760000,22957760000,2399464,False
701,1.5045784250061753,0.5517463747908533,nan,nan,nan,10,57376,32796800,32796800,3591,22990556800,22990556800,2403055,False
702,1.528453382089251,0.5485998611432539,nan,nan,nan,10,60494,32796800,32796800,3787,23023353600,23023353600,2406842,False
703,1.5154231696424196,0.5501572548467352,nan,nan,nan,10,42606,32796800,32796800,2668,23056150400,23056150400,2409510,False
704,1.5169298997716187,0.5464705882352942,nan,nan,nan,10,61200,32796800,32796800,3829,23088947200,23088947200,2413339,False
705,1.55492506469706,0.5375831820931639,nan,nan,nan,10,39672,32796800,32796800,2484,23121744000,23121744000,2415823,False
706,1.4559055254512958,0.5613960970378434,nan,nan,nan,10,61543,32796800,32796800,3850,23154540800,23154540800,2419673,False
707,1.5079493563441144,0.5521862883524956,nan,nan,nan,10,44619,32796800,32796800,2794,23187337600,23187337600,2422467,False
708,1.4969337720542475,0.5531694126524965,nan,nan,nan,10,63608,32796800,32796800,3979,23220134400,23220134400,2426446,False
709,1.4900853582772802,0.5545970341715023,nan,nan,nan,10,77550,32796800,32796800,4852,23252931200,23252931200,2431298,False
710,1.5747078594667923,0.5369737930042779,1.5488833588995035,0.5407800089914581,4.7062120975843635,10,27817,32796800,32796800,1743,23285728000,23285728000,2433041,False
711,1.470360019953376,0.5593316376640056,nan,nan,nan,10,79418,32796800,32796800,4968,23318524800,23318524800,2438009,False
712,1.484259461918478,0.5555786903398605,nan,nan,nan,10,105661,32796800,32796800,6610,23351321600,23351321600,2444619,False
713,1.495780783831063,0.5531263076095403,nan,nan,nan,10,66916,32796800,32796800,4188,23384118400,23384118400,2448807,False
714,1.5305932381382796,0.542804139461288,nan,nan,nan,10,54983,32796800,32796800,3441,23416915200,23416915200,2452248,False
715,1.5141664646051642,0.5496529758509222,nan,nan,nan,10,42072,32796800,32796800,2634,23449712000,23449712000,2454882,False
716,1.5695152465264302,0.5371174854660449,nan,nan,nan,10,31306,32796800,32796800,1961,23482508800,23482508800,2456843,False
717,1.5053987526473238,0.5517384859438795,nan,nan,nan,10,38453,32796800,32796800,2407,23515305600,23515305600,2459250,False
718,1.5007464175726364,0.5544530925078723,nan,nan,nan,10,67324,32796800,32796800,4212,23548102400,23548102400,2463462,False
719,1.521194842325068,0.5481650627956288,nan,nan,nan,10,30655,32796800,32796800,1921,23580899200,23580899200,2465383,False
720,1.4864799566294113,0.5545168382922856,1.5511553454002518,0.5412857785104151,4.716916703695329,10,63219,32796800,32796800,3956,23613696000,23613696000,2469339,False
721,1.501824485233427,0.5539235172523453,nan,nan,nan,10,50312,32796800,32796800,3150,23646492800,23646492800,2472489,False
722,1.5163596570597648,0.551718980763119,nan,nan,nan,10,53491,32796800,32796800,3348,23679289600,23679289600,2475837,False
723,1.4994995651091823,0.5531789419996493,nan,nan,nan,10,62741,32796800,32796800,3926,23712086400,23712086400,2479763,False
724,1.5043705404922825,0.5494385668851821,nan,nan,nan,10,77035,32796800,32796800,4821,23744883200,23744883200,2484584,False
725,1.5072621348126158,0.5543312838619346,nan,nan,nan,10,32854,32796800,32796800,2057,23777680000,23777680000,2486641,False
726,1.4971340846281747,0.5513766360747538,nan,nan,nan,10,90002,32796800,32796800,5632,23810476800,23810476800,2492273,False
727,1.4921772658311496,0.5529703327638892,nan,nan,nan,10,83122,32796800,32796800,5199,23843273600,23843273600,2497472,False
728,1.4884303367531584,0.5538176415139556,nan,nan,nan,10,62591,32796800,32796800,3916,23876070400,23876070400,2501388,False
729,1.4596580617171637,0.5640953834521193,nan,nan,nan,10,71417,32796800,32796800,4467,23908867200,23908867200,2505855,False
730,1.5074108232709198,0.5512381185493411,1.5451493618746632,0.5435898396523303,4.688671883547105,10,49026,32796800,32796800,3069,23941664000,23941664000,2508924,False
731,1.476782099554716,0.557764340098416,nan,nan,nan,10,40847,32796800,32796800,2557,23974460800,23974460800,2511481,False
732,1.500909088692596,0.5542232695684317,nan,nan,nan,10,43284,32796800,32796800,2710,24007257600,24007257600,2514191,False
733,1.5046228935781454,0.5515280200197163,nan,nan,nan,10,52748,32796800,32796800,3300,24040054400,24040054400,2517491,False
734,1.4954545234326568,0.5529067553062567,nan,nan,nan,10,57762,32796800,32796800,3615,24072851200,24072851200,2521106,False
735,1.4769871488781392,0.5607318161535029,nan,nan,nan,10,56025,32796800,32796800,3507,24105648000,24105648000,2524613,False
736,1.482095550512117,0.5578492070223051,nan,nan,nan,10,58955,32796800,32796800,3688,24138444800,24138444800,2528301,False
737,1.4824634133600334,0.556132582967806,nan,nan,nan,10,48332,32796800,32796800,3027,24171241600,24171241600,2531328,False
738,1.5319030626403878,0.5443548387096774,nan,nan,nan,10,43896,32796800,32796800,2748,24204038400,24204038400,2534076,False
739,1.5268026179038139,0.5454851702673014,nan,nan,nan,10,68275,32796800,32796800,4273,24236835200,24236835200,2538349,False
740,1.4930555406711412,0.5528704209950793,1.5442893389156336,0.5416416903941256,4.6846412515463625,10,54870,32796800,32796800,3434,24269632000,24269632000,2541783,False
741,1.4835016761209079,0.5583609825772567,nan,nan,nan,10,67211,32796800,32796800,4204,24302428800,24302428800,2545987,False
742,1.457986053687185,0.5629871866066103,nan,nan,nan,10,48621,32796800,32796800,3044,24335225600,24335225600,2549031,False
743,1.4822533819457706,0.5581142112497546,nan,nan,nan,10,56019,32796800,32796800,3508,24368022400,24368022400,2552539,False
744,1.550801785510217,0.5384631464526108,nan,nan,nan,10,47838,32796800,32796800,2995,24400819200,24400819200,2555534,False
745,1.4309709191881392,0.5701545321749827,nan,nan,nan,10,65035,32796800,32796800,4069,24433616000,24433616000,2559603,False
746,1.5504204964978927,0.5437311586921234,nan,nan,nan,10,51748,32796800,32796800,3240,24466412800,24466412800,2562843,False
747,1.5260878975135064,0.5492926613616269,nan,nan,nan,10,31668,32796800,32796800,1986,24499209600,24499209600,2564829,False
748,1.475392348066976,0.5615669633934474,nan,nan,nan,10,65043,32796800,32796800,4070,24532006400,24532006400,2568899,False
749,1.5570201420173841,0.5394288918258641,nan,nan,nan,10,24969,32796800,32796800,1564,24564803200,24564803200,2570463,False
750,1.4768536862184747,0.5575751882642118,1.5380528891584995,0.5439644837404466,4.655516633256222,10,63873,32796800,32796800,3997,24597600000,24597600000,2574460,False
751,1.4774239008602033,0.5562929220523967,nan,nan,nan,10,43247,32796800,32796800,2708,24630396800,24630396800,2577168,False
752,1.4686959010606049,0.5615678825371564,nan,nan,nan,10,38957,32796800,32796800,2439,24663193600,24663193600,2579607,False
753,1.499837988798511,0.5524823147026958,nan,nan,nan,10,78455,32796800,32796800,4908,24695990400,24695990400,2584515,False
754,1.512155195810223,0.5498859381052813,nan,nan,nan,10,46466,32796800,32796800,2909,24728787200,24728787200,2587424,False
755,1.5031243178712075,0.5541258090771676,nan,nan,nan,10,51602,32796800,32796800,3231,24761584000,24761584000,2590655,False
756,1.5239034522982753,0.5451844083202237,nan,nan,nan,10,40047,32796800,32796800,2507,24794380800,24794380800,2593162,False
757,1.4906832745433136,0.5593791107603262,nan,nan,nan,10,38010,32796800,32796800,2380,24827177600,24827177600,2595542,False
758,1.4730977116827102,0.558165652784277,nan,nan,nan,10,53425,32796800,32796800,3345,24859974400,24859974400,2598887,False
759,1.4929112851615443,0.5529035962960305,nan,nan,nan,10,55724,32796800,32796800,3488,24892771200,24892771200,2602375,False
760,1.4367786714801063,0.5673458664175619,1.5389905731020241,0.5434025176082722,4.659884083776144,10,68512,32796800,32796800,4286,24925568000,24925568000,2606661,False
761,1.4998811327719874,0.5519689698244691,nan,nan,nan,10,60844,32796800,32796800,3807,24958364800,24958364800,2610468,False
762,1.475066009073102,0.5569598778522351,nan,nan,nan,10,47156,32796800,32796800,2952,24991161600,24991161600,2613420,False
763,1.4436425014708314,0.5686243759638255,nan,nan,nan,10,76518,32796800,32796800,4787,25023958400,25023958400,2618207,False
764,1.4991549420859083,0.5520643039824625,nan,nan,nan,10,41055,32796800,32796800,2570,25056755200,25056755200,2620777,False
765,1.4601957383339432,0.5616174072158797,nan,nan,nan,10,50278,32796800,32796800,3147,25089552000,25089552000,2623924,False
766,1.4330484885344779,0.5697438028596139,nan,nan,nan,10,89033,32796800,32796800,5569,25122348800,25122348800,2629493,False
767,1.4909971333248355,0.5543369605575073,nan,nan,nan,10,35013,32796800,32796800,2193,25155145600,25155145600,2631686,False
768,1.5126581564732071,0.5483070065686582,nan,nan,nan,10,51152,32796800,32796800,3202,25187942400,25187942400,2634888,False
769,1.463177173445213,0.562736727429346,nan,nan,nan,10,78941,32796800,32796800,4938,25220739200,25220739200,2639826,False
770,1.5759347492779248,0.5346855412352982,1.5339867552770554,0.5432339277686198,4.6366251130917036,10,28398,32796800,32796800,1779,25253536000,25253536000,2641605,False
771,1.4719636520485122,0.56379753191325,nan,nan,nan,10,51781,32796800,32796800,3241,25286332800,25286332800,2644846,False
772,1.4369884378948308,0.5679995449633126,nan,nan,nan,10,70324,32796800,32796800,4399,25319129600,25319129600,2649245,False
773,1.4699962071057115,0.5570412028004131,nan,nan,nan,10,52278,32796800,32796800,3272,25351926400,25351926400,2652517,False
774,1.4522705324701122,0.5639378418265475,nan,nan,nan,10,69114,32796800,32796800,4324,25384723200,25384723200,2656841,False
775,1.4985402822206721,0.5498039445192251,nan,nan,nan,10,68348,32796800,32796800,4278,25417520000,25417520000,2661119,False
776,1.5005513582316563,0.5525049028347299,nan,nan,nan,10,50481,32796800,32796800,3160,25450316800,25450316800,2664279,False
777,1.4903574888059066,0.5555795058862544,nan,nan,nan,10,60310,32796800,32796800,3774,25483113600,25483113600,2668053,False
778,1.472342216120481,0.5609290843806104,nan,nan,nan,10,44560,32796800,32796800,2789,25515910400,25515910400,2670842,False
779,1.482309559517114,0.5569805194805195,nan,nan,nan,10,55440,32796800,32796800,3469,25548707200,25548707200,2674311,False
780,1.4461949614405152,0.5668978338776159,1.5366829999576135,0.542709426045257,4.649143457564714,10,81759,32796800,32796800,5115,25581504000,25581504000,2679426,False
781,1.4724142680502637,0.5535420098846787,nan,nan,nan,10,57665,32796800,32796800,3609,25614300800,25614300800,2683035,False
782,1.4828964886153793,0.5547105729474306,nan,nan,nan,10,54176,32796800,32796800,3390,25647097600,25647097600,2686425,False
783,1.4814841372317447,0.5575674536256324,nan,nan,nan,10,47440,32796800,32796800,2969,25679894400,25679894400,2689394,False
784,1.5603721471021965,0.5388910405370514,nan,nan,nan,10,30984,32796800,32796800,1941,25712691200,25712691200,2691335,False
785,1.4835959276508985,0.5593310387840429,nan,nan,nan,10,43291,32796800,32796800,2709,25745488000,25745488000,2694044,False
786,1.4393871341855031,0.5708804001034751,nan,nan,nan,10,46388,32796800,32796800,2902,25778284800,25778284800,2696946,False
787,1.497683822852418,0.5536167287038574,nan,nan,nan,10,42179,32796800,32796800,2641,25811081600,25811081600,2699587,False
788,1.4582629886467435,0.5622709103876072,nan,nan,nan,10,60293,32796800,32796800,3773,25843878400,25843878400,2703360,False
789,1.4587972084649128,0.5611565139756884,nan,nan,nan,10,58244,32796800,32796800,3644,25876675200,25876675200,2707004,False
790,1.463626968849758,0.563688460536598,1.5281796950942375,0.5458377041810281,4.609777978921509,10,53746,32796800,32796800,3364,25909472000,25909472000,2710368,False
791,1.4813328750209893,0.5578597698422114,nan,nan,nan,10,42145,32796800,32796800,2640,25942268800,25942268800,2713008,False
792,1.4856847421027453,0.5585979171958344,nan,nan,nan,10,39370,32796800,32796800,2465,25975065600,25975065600,2715473,False
793,1.481910762340437,0.5580266282225237,nan,nan,nan,10,47168,32796800,32796800,2953,26007862400,26007862400,2718426,False
794,1.4492690289951011,0.5643489432096158,nan,nan,nan,10,56823,32796800,32796800,3556,26040659200,26040659200,2721982,False
795,1.485854815356576,0.5550539590562499,nan,nan,nan,10,89049,32796800,32796800,5571,26073456000,26073456000,2727553,False
796,1.4448781155210029,0.5649552975289645,nan,nan,nan,10,78631,32796800,32796800,4918,26106252800,26106252800,2732471,False
797,1.4437710378989004,0.5661225355098579,nan,nan,nan,10,70755,32796800,32796800,4428,26139049600,26139049600,2736899,False
798,1.4207389447757295,0.5709362304286301,nan,nan,nan,10,87628,32796800,32796800,5482,26171846400,26171846400,2742381,False
799,1.459814488404037,0.5626665014559197,nan,nan,nan,10,64564,32796800,32796800,4040,26204643200,26204643200,2746421,False
800,1.4655485980190448,0.5603193335647345,1.5283845693797484,0.5460999550427095,4.610722500642107,10,72025,32796800,32796800,4506,26237440000,26237440000,2750927,False
801,1.4863491090482526,0.554797884397431,nan,nan,nan,10,52940,32796800,32796800,3313,26270236800,26270236800,2754240,False
802,1.5238642480703413,0.5470565700421403,nan,nan,nan,10,31324,32796800,32796800,1961,26303033600,26303033600,2756201,False
803,1.4569647246188673,0.5641992770705642,nan,nan,nan,10,89082,32796800,32796800,5572,26335830400,26335830400,2761773,False
804,1.4616047383785138,0.5615065985935844,nan,nan,nan,10,41524,32796800,32796800,2599,26368627200,26368627200,2764372,False
805,1.4666644480645186,0.5599028059368858,nan,nan,nan,10,64613,32796800,32796800,4042,26401424000,26401424000,2768414,False
806,1.4251364113567542,0.5711155704807929,nan,nan,nan,10,97672,32796800,32796800,6110,26434220800,26434220800,2774524,False
807,1.4880670621175522,0.5542314683902242,nan,nan,nan,10,39608,32796800,32796800,2479,26467017600,26467017600,2777003,False
808,1.445393852689644,0.5675659535078159,nan,nan,nan,10,66979,32796800,32796800,4193,26499814400,26499814400,2781196,False
809,1.5044244570259475,0.553169493062483,nan,nan,nan,10,55135,32796800,32796800,3451,26532611200,26532611200,2784647,False
810,1.4988748601933193,0.5506687898089172,1.5270193429538448,0.5457440431589989,4.6044321153188825,10,62800,32796800,32796800,3929,26565408000,26565408000,2788576,False
811,1.4227146528614074,0.5721134851736768,nan,nan,nan,10,93651,32796800,32796800,5857,26598204800,26598204800,2794433,False
812,1.4837992121100485,0.556200438670491,nan,nan,nan,10,59270,32796800,32796800,3710,26631001600,26631001600,2798143,False
813,1.4576749895506387,0.5617492673815735,nan,nan,nan,10,62106,32796800,32796800,3887,26663798400,26663798400,2802030,False
814,1.5013973849470132,0.5518898224517588,nan,nan,nan,10,38919,32796800,32796800,2436,26696595200,26696595200,2804466,False
815,1.4862307308807272,0.55598694297443,nan,nan,nan,10,40438,32796800,32796800,2530,26729392000,26729392000,2806996,False
816,1.4751319264707345,0.5583720099964299,nan,nan,nan,10,42015,32796800,32796800,2630,26762188800,26762188800,2809626,False
817,1.4850856305165276,0.5596023360864881,nan,nan,nan,10,52909,32796800,32796800,3313,26794985600,26794985600,2812939,False
818,1.457075175038176,0.5608344317725944,nan,nan,nan,10,69796,32796800,32796800,4366,26827782400,26827782400,2817305,False
819,1.4362673512226012,0.5700721087686464,nan,nan,nan,10,36334,32796800,32796800,2275,26860579200,26860579200,2819580,False
820,1.4502810288154764,0.5675936609602751,1.522270548063187,0.5466993855836955,4.582618446927196,10,42467,32796800,32796800,2658,26893376000,26893376000,2822238,False
821,1.413246073354186,0.5750763530766535,nan,nan,nan,10,79892,32796800,32796800,4998,26926172800,26926172800,2827236,False
822,1.4750249657401746,0.5597841657912329,nan,nan,nan,10,41884,32796800,32796800,2621,26958969600,26958969600,2829857,False
823,1.4619276416314864,0.5643910832704986,nan,nan,nan,10,51723,32796800,32796800,3237,26991766400,26991766400,2833094,False
824,1.5165651367140092,0.5515808451695177,nan,nan,nan,10,45482,32796800,32796800,2847,27024563200,27024563200,2835941,False
825,1.4960660507472996,0.556590776415645,nan,nan,nan,10,42825,32796800,32796800,2681,27057360000,27057360000,2838622,False
826,1.5134416520072602,0.5485100816743236,nan,nan,nan,10,62688,32796800,32796800,3924,27090156800,27090156800,2842546,False
827,1.4749932944995294,0.5588029617441382,nan,nan,nan,10,48620,32796800,32796800,3043,27122953600,27122953600,2845589,False
828,1.446747874598798,0.5649579873713518,nan,nan,nan,10,60339,32796800,32796800,3775,27155750400,27155750400,2849364,False
829,1.4667849531005932,0.5648671955846843,nan,nan,nan,10,57980,32796800,32796800,3629,27188547200,27188547200,2852993,False
830,1.4464133299904944,0.567030576818505,1.5220394667953132,0.5472988161246816,4.581559611989469,10,47814,32796800,32796800,2994,27221344000,27221344000,2855987,False
831,1.3963139048259914,0.5787501296085082,nan,nan,nan,10,67511,32796800,32796800,4225,27254140800,27254140800,2860212,False
832,1.4725281062193638,0.5591019417475728,nan,nan,nan,10,57680,32796800,32796800,3610,27286937600,27286937600,2863822,False
833,1.474380407005064,0.5599264244805819,nan,nan,nan,10,47842,32796800,32796800,2995,27319734400,27319734400,2866817,False
834,1.4593062049171932,0.5632069101344888,nan,nan,nan,10,71084,32796800,32796800,4448,27352531200,27352531200,2871265,False
835,1.4328178624078798,0.5681941780919941,nan,nan,nan,10,69874,32796800,32796800,4373,27385328000,27385328000,2875638,False
836,1.4398960542045083,0.5681328915828205,nan,nan,nan,10,65497,32796800,32796800,4098,27418124800,27418124800,2879736,False
837,1.484964718373815,0.560530679933665,nan,nan,nan,10,30753,32796800,32796800,1927,27450921600,27450921600,2881663,False
838,1.455225365528208,0.5633732212160414,nan,nan,nan,10,61840,32796800,32796800,3871,27483718400,27483718400,2885534,False
839,1.4927524104186363,0.5544092580963488,nan,nan,nan,10,44588,32796800,32796800,2791,27516515200,27516515200,2888325,False
840,1.4570259584126606,0.5640430536301189,1.5239346047561064,0.546942904240971,4.590250532175012,10,64199,32796800,32796800,4017,27549312000,27549312000,2892342,False
841,1.4589224331953328,0.5638383215057081,nan,nan,nan,10,64820,32796800,32796800,4057,27582108800,27582108800,2896399,False
842,1.4673031420745852,0.5615466268281176,nan,nan,nan,10,50872,32796800,32796800,3183,27614905600,27614905600,2899582,False
843,1.4599356931839165,0.5665831029975787,nan,nan,nan,10,46671,32796800,32796800,2921,27647702400,27647702400,2902503,False
844,1.431118312762821,0.5701653317045408,nan,nan,nan,10,72037,32796800,32796800,4507,27680499200,27680499200,2907010,False
845,1.4219715251482818,0.5687238813576597,nan,nan,nan,10,39244,32796800,32796800,2459,27713296000,27713296000,2909469,False
846,1.4399167619035105,0.5677292238406868,nan,nan,nan,10,99477,32796800,32796800,6222,27746092800,27746092800,2915691,False
847,1.4330915650383937,0.5690296298050733,nan,nan,nan,10,84442,32796800,32796800,5283,27778889600,27778889600,2920974,False
848,1.4475819265899712,0.5659111994698476,nan,nan,nan,10,37725,32796800,32796800,2362,27811686400,27811686400,2923336,False
849,1.4199859188339794,0.5707817687896166,nan,nan,nan,10,79512,32796800,32796800,4973,27844483200,27844483200,2928309,False
850,1.508007797401889,0.5529486002753556,1.5203185687979068,0.5485351416154653,4.5736819954595775,10,34864,32796800,32796800,2185,27877280000,27877280000,2930494,False
851,1.5336478808734073,0.5455919041428019,nan,nan,nan,10,28459,32796800,32796800,1783,27910076800,27910076800,2932277,False
852,1.4576816699137478,0.5628507828998687,nan,nan,nan,10,52561,32796800,32796800,3290,27942873600,27942873600,2935567,False
853,1.468404318765276,0.5616954143878838,nan,nan,nan,10,47540,32796800,32796800,2976,27975670400,27975670400,2938543,False
854,1.4592003914315856,0.5635195565912956,nan,nan,nan,10,47631,32796800,32796800,2981,28008467200,28008467200,2941524,False
855,1.40082450395951,0.5778454072935295,nan,nan,nan,10,95619,32796800,32796800,5981,28041264000,28041264000,2947505,False
856,1.447168236978061,0.5658044608279661,nan,nan,nan,10,48287,32796800,32796800,3022,28074060800,28074060800,2950527,False
857,1.4231814042726028,0.575390403754349,nan,nan,nan,10,49436,32796800,32796800,3094,28106857600,28106857600,2953621,False
858,1.4518320610197295,0.5672167949909676,nan,nan,nan,10,57017,32796800,32796800,3569,28139654400,28139654400,2957190,False
859,1.4590817488494843,0.5640414892898169,nan,nan,nan,10,59196,32796800,32796800,3705,28172451200,28172451200,2960895,False
860,1.4612698941166744,0.5606795293479366,1.5188841201296885,0.5488910534991758,4.5671259866655385,10,58982,32796800,32796800,3691,28205248000,28205248000,2964586,False
861,1.4897526223520285,0.5566620273263678,nan,nan,nan,10,51013,32796800,32796800,3195,28238044800,28238044800,2967781,False
862,1.4737227406668139,0.562064323830585,nan,nan,nan,10,41602,32796800,32796800,2606,28270841600,28270841600,2970387,False
863,1.418903422376129,0.5739625711960944,nan,nan,nan,10,55305,32796800,32796800,3461,28303638400,28303638400,2973848,False
864,1.3924320531324654,0.5804080843245334,nan,nan,nan,10,113751,32796800,32796800,7115,28336435200,28336435200,2980963,False
865,1.3939166455318277,0.5791138426723583,nan,nan,nan,10,77774,32796800,32796800,4866,28369232000,28369232000,2985829,False
866,1.457148114553733,0.563055935354032,nan,nan,nan,10,65093,32796800,32796800,4073,28402028800,28402028800,2989902,False
867,1.481570332968027,0.5604654352596927,nan,nan,nan,10,43744,32796800,32796800,2740,28434825600,28434825600,2992642,False
868,1.4162921796636534,0.5760155243546468,nan,nan,nan,10,61323,32796800,32796800,3838,28467622400,28467622400,2996480,False
869,1.4427403498931326,0.5679358991918915,nan,nan,nan,10,73010,32796800,32796800,4570,28500419200,28500419200,3001050,False
870,1.4650867153145228,0.5608768220763325,1.5255798482830585,0.5452944702532594,4.597808828063938,10,44935,32796800,32796800,2815,28533216000,28533216000,3003865,False
871,1.4943650266880109,0.5544413199900753,nan,nan,nan,10,48364,32796800,32796800,3028,28566012800,28566012800,3006893,False
872,1.4631710275603724,0.563926774122967,nan,nan,nan,10,41133,32796800,32796800,2576,28598809600,28598809600,3009469,False
873,1.3988175780528962,0.5792609645039525,nan,nan,nan,10,59077,32796800,32796800,3697,28631606400,28631606400,3013166,False
874,1.4526692690849212,0.564381956649092,nan,nan,nan,10,68280,32796800,32796800,4275,28664403200,28664403200,3017441,False
875,1.4537343075683964,0.5664592692243016,nan,nan,nan,10,41627,32796800,32796800,2605,28697200000,28697200000,3020046,False
876,1.4238486741511769,0.5706953321712183,nan,nan,nan,10,72282,32796800,32796800,4524,28729996800,28729996800,3024570,False
877,1.4528431198948975,0.5623102002794597,nan,nan,nan,10,53675,32796800,32796800,3361,28762793600,28762793600,3027931,False
878,1.3974731767548938,0.5783417544130315,nan,nan,nan,10,77781,32796800,32796800,4866,28795590400,28795590400,3032797,False
879,1.496183549482993,0.5516765663920291,nan,nan,nan,10,26095,32796800,32796800,1635,28828387200,28828387200,3034432,False
880,1.383305149781623,0.5834793449693375,1.5273859280616684,0.5457627753634048,4.606120340982631,10,59356,32796800,32796800,3714,28861184000,28861184000,3038146,False
881,1.4396849180387257,0.5643803248136315,nan,nan,nan,10,60096,32796800,32796800,3760,28893980800,28893980800,3041906,False
882,1.4540076505318995,0.5651684363503057,nan,nan,nan,10,76379,32796800,32796800,4778,28926777600,28926777600,3046684,False
883,1.3917787970399855,0.5823965801913464,nan,nan,nan,10,88426,32796800,32796800,5533,28959574400,28959574400,3052217,False
884,1.4201512738555242,0.5733592071522629,nan,nan,nan,10,72145,32796800,32796800,4516,28992371200,28992371200,3056733,False
885,1.4523653716779168,0.5676734104046243,nan,nan,nan,10,69200,32796800,32796800,4330,29025168000,29025168000,3061063,False
886,1.4388053656167363,0.5675270161650442,nan,nan,nan,10,55985,32796800,32796800,3503,29057964800,29057964800,3064566,False
887,1.3842743358355158,0.5822338821084116,nan,nan,nan,10,78903,32796800,32796800,4937,29090761600,29090761600,3069503,False
888,1.4408258771478601,0.5695756268252256,nan,nan,nan,10,76018,32796800,32796800,4754,29123558400,29123558400,3074257,False
889,1.449800380592354,0.5682949873598734,nan,nan,nan,10,39161,32796800,32796800,2454,29156355200,29156355200,3076711,False
890,1.424033151503761,0.5737710547552411,1.5231828381592556,0.5464745991308257,4.586801031925736,10,58241,32796800,32796800,3645,29189152000,29189152000,3080356,False
891,1.438261395315247,0.5702846340419461,nan,nan,nan,10,56072,32796800,32796800,3510,29221948800,29221948800,3083866,False
892,1.4509025739605261,0.5688483242134063,nan,nan,nan,10,46784,32796800,32796800,2929,29254745600,29254745600,3086795,False
893,1.5201936968500176,0.5531714823046675,nan,nan,nan,10,23396,32796800,32796800,1467,29287542400,29287542400,3088262,False
894,1.4430202574101678,0.569155594068939,nan,nan,nan,10,41544,32796800,32796800,2602,29320339200,29320339200,3090864,False
895,1.4181700722939659,0.5727603456116417,nan,nan,nan,10,74766,32796800,32796800,4677,29353136000,29353136000,3095541,False
896,1.4115923875481384,0.5759105479694087,nan,nan,nan,10,39619,32796800,32796800,2481,29385932800,29385932800,3098022,False
897,1.368582182650618,0.5869786368260427,nan,nan,nan,10,69793,32796800,32796800,4366,29418729600,29418729600,3102388,False
898,1.466905731549957,0.5571928654775796,nan,nan,nan,10,29995,32796800,32796800,1879,29451526400,29451526400,3104267,False
899,1.428994080095241,0.5700373390230893,nan,nan,nan,10,65615,32796800,32796800,4107,29484323200,29484323200,3108374,False
900,1.425159962056912,0.5708729472774416,1.5149997235523534,0.5480293720965084,4.549419869169055,10,64792,32796800,32796800,4054,29517120000,29517120000,3112428,False
901,1.4375351632167432,0.5699706224371136,nan,nan,nan,10,65356,32796800,32796800,4090,29549916800,29549916800,3116518,False
902,1.4577518522988246,0.5657101838033889,nan,nan,nan,10,52937,32796800,32796800,3314,29582713600,29582713600,3119832,False
903,1.4035362468735577,0.5781417990682117,nan,nan,nan,10,66968,32796800,32796800,4190,29615510400,29615510400,3124022,False
904,1.4655005513916406,0.5602756141402037,nan,nan,nan,10,66760,32796800,32796800,4178,29648307200,29648307200,3128200,False
905,1.427781743681476,0.5692717433713889,nan,nan,nan,10,58949,32796800,32796800,3688,29681104000,29681104000,3131888,False
906,1.383603185311002,0.581646668567134,nan,nan,nan,10,77174,32796800,32796800,4828,29713900800,29713900800,3136716,False
907,1.3617650437466053,0.5866261398176292,nan,nan,nan,10,82579,32796800,32796800,5166,29746697600,29746697600,3141882,False
908,1.4615542885190325,0.5638154002197616,nan,nan,nan,10,47324,32796800,32796800,2963,29779494400,29779494400,3144845,False
909,1.476656843241789,0.5577305482076074,nan,nan,nan,10,54815,32796800,32796800,3432,29812291200,29812291200,3148277,False
910,1.3420448816893606,0.5940576039312635,1.5256772040606223,0.5479919076876967,4.598256473107546,10,65933,32796800,32796800,4126,29845088000,29845088000,3152403,False
911,1.4329263739625644,0.5713261267961011,nan,nan,nan,10,75302,32796800,32796800,4712,29877884800,29877884800,3157115,False
912,1.366028545605148,0.5876370140809917,nan,nan,nan,10,96158,32796800,32796800,6015,29910681600,29910681600,3163130,False
913,1.4626694622274417,0.5667055053888727,nan,nan,nan,10,41196,32796800,32796800,2579,29943478400,29943478400,3165709,False
914,1.4293094860618085,0.5669204322200393,nan,nan,nan,10,65152,32796800,32796800,4077,29976275200,29976275200,3169786,False
915,1.3525346972004926,0.5924034099523027,nan,nan,nan,10,85749,32796800,32796800,5365,30009072000,30009072000,3175151,False
916,1.5074367847489787,0.5528883940267225,nan,nan,nan,10,30536,32796800,32796800,1913,30041868800,30041868800,3177064,False
917,1.4085326660595352,0.5764227537667752,nan,nan,nan,10,77719,32796800,32796800,4862,30074665600,30074665600,3181926,False
918,1.3630379307520126,0.5893735080702531,nan,nan,nan,10,63257,32796800,32796800,3958,30107462400,30107462400,3185884,False
919,1.4257816843709368,0.5700763222228847,nan,nan,nan,10,67084,32796800,32796800,4198,30140259200,30140259200,3190082,False
920,1.4196558493512592,0.5725798858907488,1.5209199404870126,0.5478045856436385,4.576433305523693,10,53107,32796800,32796800,3324,30173056000,30173056000,3193406,False
921,1.4441007323813628,0.5656513480187956,nan,nan,nan,10,60014,32796800,32796800,3755,30205852800,30205852800,3197161,False
922,1.376228499021168,0.5860140971964598,nan,nan,nan,10,75476,32796800,32796800,4723,30238649600,30238649600,3201884,False
923,1.432427694960487,0.5697893503980446,nan,nan,nan,10,58913,32796800,32796800,3686,30271446400,30271446400,3205570,False
924,1.4557103254351225,0.5640398188840059,nan,nan,nan,10,60072,32796800,32796800,3759,30304243200,30304243200,3209329,False
925,1.4284313793710532,0.5704405301352594,nan,nan,nan,10,58702,32796800,32796800,3673,30337040000,30337040000,3213002,False
926,1.4044498993692713,0.5783235620345428,nan,nan,nan,10,63110,32796800,32796800,3950,30369836800,30369836800,3216952,False
927,1.4324649914571363,0.5690937355573296,nan,nan,nan,10,47602,32796800,32796800,2979,30402633600,30402633600,3219931,False
928,1.4139285669744455,0.5772376870299719,nan,nan,nan,10,63693,32796800,32796800,3986,30435430400,30435430400,3223917,False
929,1.4298295352106463,0.5732967417530805,nan,nan,nan,10,54293,32796800,32796800,3398,30468227200,30468227200,3227315,False
930,1.4859215748791816,0.5565354603030499,1.5137307094380752,0.5507642739397572,4.543650252779899,10,46263,32796800,32796800,2896,30501024000,30501024000,3230211,False
931,1.411322739418505,0.5752880413190306,nan,nan,nan,10,65442,32796800,32796800,4095,30533820800,30533820800,3234306,False
932,1.4288280807002918,0.5696479703553984,nan,nan,nan,10,41559,32796800,32796800,2602,30566617600,30566617600,3236908,False
933,1.4734250454878481,0.5660874144286466,nan,nan,nan,10,30384,32796800,32796800,1902,30599414400,30599414400,3238810,False
934,1.3514908610984229,0.5915061607806029,nan,nan,nan,10,98283,32796800,32796800,6148,30632211200,30632211200,3244958,False
935,1.395803029958818,0.5773921943730276,nan,nan,nan,10,82069,32796800,32796800,5134,30665008000,30665008000,3250092,False
936,1.4407837785960518,0.5702673796791444,nan,nan,nan,10,46750,32796800,32796800,2925,30697804800,30697804800,3253017,False
937,1.4950183446075518,0.5565651166933904,nan,nan,nan,10,39291,32796800,32796800,2460,30730601600,30730601600,3255477,False
938,1.3488147948122196,0.594369703241686,nan,nan,nan,10,71506,32796800,32796800,4474,30763398400,30763398400,3259951,False
939,1.428673423017092,0.5710522305196926,nan,nan,nan,10,45931,32796800,32796800,2875,30796195200,30796195200,3262826,False
940,1.4249674414360654,0.5691823216418721,1.5122867492512573,0.5498651281282781,4.537094137236109,10,46045,32796800,32796800,2883,30828992000,30828992000,3265709,False
941,1.4027096721758816,0.5789360789360789,nan,nan,nan,10,69930,32796800,32796800,4377,30861788800,30861788800,3270086,False
942,1.454060526058873,0.5700720895201206,nan,nan,nan,10,37176,32796800,32796800,2329,30894585600,30894585600,3272415,False
943,1.4151205282349604,0.5763304040034175,nan,nan,nan,10,65544,32796800,32796800,4101,30927382400,30927382400,3276516,False
944,1.3909945957482146,0.5824559255631734,nan,nan,nan,10,65344,32796800,32796800,4088,30960179200,30960179200,3280604,False
945,1.4812164090537947,0.5578496907602923,nan,nan,nan,10,32014,32796800,32796800,2005,30992976000,30992976000,3282609,False
946,1.3982208885613496,0.5807298199571602,nan,nan,nan,10,51821,32796800,32796800,3243,31025772800,31025772800,3285852,False
947,1.4113058749999576,0.576454189897645,nan,nan,nan,10,48068,32796800,32796800,3009,31058569600,31058569600,3288861,False
948,1.4384558999463077,0.5672437482824952,nan,nan,nan,10,54585,32796800,32796800,3416,31091366400,31091366400,3292277,False
949,1.3994883494387464,0.5789002778344609,nan,nan,nan,10,63707,32796800,32796800,3986,31124163200,31124163200,3296263,False
950,1.4293033244191298,0.5730885898732209,1.5153795128977676,0.5482728907537839,4.551148018508763,10,64285,32796800,32796800,4024,31156960000,31156960000,3300287,False
951,1.4126120906678459,0.5739173088181775,nan,nan,nan,10,63199,32796800,32796800,3956,31189756800,31189756800,3304243,False
952,1.4073124330293423,0.577444315562277,nan,nan,nan,10,68107,32796800,32796800,4262,31222553600,31222553600,3308505,False
953,1.3762209140497632,0.5848075446040719,nan,nan,nan,10,79421,32796800,32796800,4969,31255350400,31255350400,3313474,False
954,1.4741818274268552,0.5596469872185027,nan,nan,nan,10,42718,32796800,32796800,2674,31288147200,31288147200,3316148,False
955,1.3872121468789795,0.5818919714757582,nan,nan,nan,10,78109,32796800,32796800,4887,31320944000,31320944000,3321035,False
956,1.394550996979268,0.5831275631803835,nan,nan,nan,10,46573,32796800,32796800,2914,31353740800,31353740800,3323949,False
957,1.3975307166089985,0.5789997688765623,nan,nan,nan,10,56247,32796800,32796800,3521,31386537600,31386537600,3327470,False
958,1.4711469283666807,0.5590698590994186,nan,nan,nan,10,50745,32796800,32796800,3174,31419334400,31419334400,3330644,False
959,1.3704738811328938,0.5856290410075212,nan,nan,nan,10,68207,32796800,32796800,4268,31452131200,31452131200,3334912,False
960,1.4397557724532366,0.5667741459610968,1.5126658849731907,0.5504083620560467,4.538814637828318,10,47451,32796800,32796800,2970,31484928000,31484928000,3337882,False
961,1.4496309595715826,0.5659311391260835,nan,nan,nan,10,61951,32796800,32796800,3878,31517724800,31517724800,3341760,False
962,1.4031744891925355,0.5797093112440559,nan,nan,nan,10,52152,32796800,32796800,3263,31550521600,31550521600,3345023,False
963,1.4441687431053492,0.5666200666738359,nan,nan,nan,10,65093,32796800,32796800,4074,31583318400,31583318400,3349097,False
964,1.4275450482398282,0.5720333233833546,nan,nan,nan,10,36851,32796800,32796800,2309,31616115200,31616115200,3351406,False
965,1.5029373723550397,0.5556757406405866,nan,nan,nan,10,33282,32796800,32796800,2085,31648912000,31648912000,3353491,False
966,1.4683971509639158,0.5649758508877349,nan,nan,nan,10,44101,32796800,32796800,2762,31681708800,31681708800,3356253,False
967,1.3841991093058046,0.5850908233073838,nan,nan,nan,10,84780,32796800,32796800,5304,31714505600,31714505600,3361557,False
968,1.4011501725776943,0.5782979999333682,nan,nan,nan,10,90047,32796800,32796800,5635,31747302400,31747302400,3367192,False
969,1.4163726271288792,0.5747643831762554,nan,nan,nan,10,56872,32796800,32796800,3558,31780099200,31780099200,3370750,False
970,1.4243252506313229,0.5749523433905213,1.5138777610370642,0.5485164094110595,4.544318452943564,10,60852,32796800,32796800,3809,31812896000,31812896000,3374559,False
971,1.4116178348081323,0.5765676800451436,nan,nan,nan,10,56708,32796800,32796800,3548,31845692800,31845692800,3378107,False
972,1.3543787612251592,0.5888777841233581,nan,nan,nan,10,70040,32796800,32796800,4382,31878489600,31878489600,3382489,False
973,1.3756728234141427,0.5880264671077852,nan,nan,nan,10,59999,32796800,32796800,3755,31911286400,31911286400,3386244,False
974,1.4348747244837872,0.5688596179791238,nan,nan,nan,10,56332,32796800,32796800,3525,31944083200,31944083200,3389769,False
975,1.3623880774899049,0.5882220057322772,nan,nan,nan,10,70827,32796800,32796800,4430,31976880000,31976880000,3394199,False
976,1.4510830091985845,0.563199776071657,nan,nan,nan,10,50016,32796800,32796800,3130,32009676800,32009676800,3397329,False
977,1.4461713070689854,0.5687532130529511,nan,nan,nan,10,40849,32796800,32796800,2559,32042473600,32042473600,3399888,False
978,1.3928070315995065,0.5812040263259776,nan,nan,nan,10,72324,32796800,32796800,4525,32075270400,32075270400,3404413,False
979,1.4470965801691127,0.5660290957765332,nan,nan,nan,10,56778,32796800,32796800,3555,32108067200,32108067200,3407968,False
980,1.4001949800009976,0.5776442348043577,1.50928493484321,0.5515884909336131,4.523495043873143,10,59573,32796800,32796800,3728,32140864000,32140864000,3411696,False
981,1.4427506999657613,0.5685009970724256,nan,nan,nan,10,47138,32796800,32796800,2952,32173660800,32173660800,3414648,False
982,1.3877974260082397,0.583294548839374,nan,nan,nan,10,68756,32796800,32796800,4303,32206457600,32206457600,3418951,False
983,1.3991162446158874,0.5793716635406146,nan,nan,nan,10,55448,32796800,32796800,3470,32239254400,32239254400,3422421,False
984,1.4411700616427754,0.5690798070754829,nan,nan,nan,10,42089,32796800,32796800,2635,32272051200,32272051200,3425056,False
985,1.4209315358141148,0.5735248358199178,nan,nan,nan,10,61061,32796800,32796800,3822,32304848000,32304848000,3428878,False
986,1.3875394738917566,0.5830048630662913,nan,nan,nan,10,58605,32796800,32796800,3668,32337644800,32337644800,3432546,False
987,1.4319941917352248,0.5735999162566733,nan,nan,nan,10,47765,32796800,32796800,2989,32370441600,32370441600,3435535,False
988,1.3889859327201683,0.5809730365577959,nan,nan,nan,10,54407,32796800,32796800,3405,32403238400,32403238400,3438940,False
989,1.381560180157043,0.5833047062864994,nan,nan,nan,10,58220,32796800,32796800,3645,32436035200,32436035200,3442585,False
990,1.4504438784644234,0.5676880051630351,1.5086854076914284,0.5508766671661921,4.520783898557212,10,32539,32796800,32796800,2037,32468832000,32468832000,3444622,False
991,1.41013380954011,0.5781904881415485,nan,nan,nan,10,39845,32796800,32796800,2495,32501628800,32501628800,3447117,False
992,1.3909835916967779,0.5789679246204169,nan,nan,nan,10,61449,32796800,32796800,3844,32534425600,32534425600,3450961,False
993,1.4421384874918104,0.5706436119116235,nan,nan,nan,10,52050,32796800,32796800,3259,32567222400,32567222400,3454220,False
994,1.3441443044607853,0.5949345164341767,nan,nan,nan,10,75057,32796800,32796800,4696,32600019200,32600019200,3458916,False
995,1.3534467334696452,0.5911383165787466,nan,nan,nan,10,60282,32796800,32796800,3771,32632816000,32632816000,3462687,False
996,1.4566910744566102,0.5664578019296884,nan,nan,nan,10,36068,32796800,32796800,2257,32665612800,32665612800,3464944,False
997,1.3993471070641386,0.5814484366208504,nan,nan,nan,10,62205,32796800,32796800,3895,32698409600,32698409600,3468839,False
998,1.3974765915974958,0.5802176999526739,nan,nan,nan,10,59164,32796800,32796800,3703,32731206400,32731206400,3472542,False
999,1.391161255317274,0.5827033516109147,nan,nan,nan,10,61642,32796800,32796800,3857,32764003200,32764003200,3476399,False
1000,1.385081412932949,0.5860919266492022,1.5164097239727132,0.547654728008392,4.555839077576751,10,37791,32796800,32796800,2366,32796800000,32796800000,3478765,True
