round,train_loss,train_accuracy,test_loss,test_accuracy,test_perplexity,num_fit_clients,num_fit_examples,round_upload_bytes,round_download_bytes,round_local_steps,cumulative_upload_bytes,cumulative_download_bytes,cumulative_local_steps,run_completed
1,4.042608784292116,0.18470085203333228,nan,nan,nan,10,64082,32796800,32796800,4009,32796800,32796800,4009,False
2,3.8953279914728807,0.1890016225832307,nan,nan,nan,10,51153,32796800,32796800,3203,65593600,65593600,7212,False
3,3.7181559683165553,0.18786422076596904,nan,nan,nan,10,44101,32796800,32796800,2762,98390400,98390400,9974,False
4,3.4277372385454137,0.19001801663663895,nan,nan,nan,10,52174,32796800,32796800,3266,131187200,131187200,13240,False
5,3.23601540447938,0.18769757639620654,nan,nan,nan,10,60736,32796800,32796800,3801,163984000,163984000,17041,False
6,3.152210498946578,0.19051663383870326,nan,nan,nan,10,55339,32796800,32796800,3463,196780800,196780800,20504,False
7,3.147564656661592,0.1875304037619588,nan,nan,nan,10,49336,32796800,32796800,3087,229577600,229577600,23591,False
8,3.1667736476380144,0.18561266064901547,nan,nan,nan,10,76331,32796800,32796800,4776,262374400,262374400,28367,False
9,3.1409518578852698,0.18708312126650772,nan,nan,nan,10,37331,32796800,32796800,2337,295171200,295171200,30704,False
10,3.1610806981372845,0.18271148656576322,3.232737441408068,0.19211748838603326,25.348953354859123,10,68184,32796800,32796800,4266,327968000,327968000,34970,False
11,3.1261974955657377,0.18727156938752906,nan,nan,nan,10,72232,32796800,32796800,4520,360764800,360764800,39490,False
12,3.1574383446436456,0.18500563697857947,nan,nan,nan,10,26610,32796800,32796800,1667,393561600,393561600,41157,False
13,3.162963507054794,0.18330856622405445,nan,nan,nan,10,62583,32796800,32796800,3916,426358400,426358400,45073,False
14,3.142685306124633,0.18526536770976842,nan,nan,nan,10,45729,32796800,32796800,2864,459155200,459155200,47937,False
15,3.142990566174072,0.1855135693007764,nan,nan,nan,10,42633,32796800,32796800,2670,491952000,491952000,50607,False
16,3.1333133099750525,0.18750832334531894,nan,nan,nan,10,67581,32796800,32796800,4228,524748800,524748800,54835,False
17,3.128661046844597,0.18683268229166666,nan,nan,nan,10,61440,32796800,32796800,3844,557545600,557545600,58679,False
18,3.126428379688723,0.1860547167869691,nan,nan,nan,10,68023,32796800,32796800,4257,590342400,590342400,62936,False
19,3.121972876000757,0.18488185273717622,nan,nan,nan,10,51038,32796800,32796800,3194,623139200,623139200,66130,False
20,3.1151465389336717,0.18886383766808923,3.1576272180443774,0.19211748838603326,23.51473434425342,10,49676,32796800,32796800,3109,655936000,655936000,69239,False
21,3.130931007909949,0.1859002224665661,nan,nan,nan,10,39107,32796800,32796800,2448,688732800,688732800,71687,False
22,3.133585701089373,0.18602253656197554,nan,nan,nan,10,83420,32796800,32796800,5220,721529600,721529600,76907,False
23,3.1285600932756794,0.1870256166982922,nan,nan,nan,10,67456,32796800,32796800,4220,754326400,754326400,81127,False
24,3.1204232768488938,0.1867796737015417,nan,nan,nan,10,53448,32796800,32796800,3346,787123200,787123200,84473,False
25,3.1299807608789076,0.18548411752117155,nan,nan,nan,10,32709,32796800,32796800,2049,819920000,819920000,86522,False
26,3.1345824972730956,0.18730276591795061,nan,nan,nan,10,64644,32796800,32796800,4044,852716800,852716800,90566,False
27,3.1139679448028126,0.18903975723910918,nan,nan,nan,10,38886,32796800,32796800,2435,885513600,885513600,93001,False
28,3.128291420563752,0.18700350820597605,nan,nan,nan,10,49598,32796800,32796800,3104,918310400,918310400,96105,False
29,3.1001302052337145,0.18865119352440737,nan,nan,nan,10,72642,32796800,32796800,4545,951107200,951107200,100650,False
30,3.085144826106505,0.19097744360902255,3.1501454965081797,0.19211748838603326,23.33946014386918,10,55195,32796800,32796800,3455,983904000,983904000,104105,False
31,3.1136435279337094,0.18924891371818747,nan,nan,nan,10,80550,32796800,32796800,5040,1016700800,1016700800,109145,False
32,3.1082344896264402,0.18869528261793456,nan,nan,nan,10,54119,32796800,32796800,3388,1049497600,1049497600,112533,False
33,3.1033857388627113,0.18759852863899107,nan,nan,nan,10,45672,32796800,32796800,2859,1082294400,1082294400,115392,False
34,3.1181621243666418,0.1859812824571635,nan,nan,nan,10,36009,32796800,32796800,2256,1115091200,1115091200,117648,False
35,3.120951510696015,0.18523008802909705,nan,nan,nan,10,37942,32796800,32796800,2376,1147888000,1147888000,120024,False
36,3.0871943981778505,0.18742670464064332,nan,nan,nan,10,47752,32796800,32796800,2988,1180684800,1180684800,123012,False
37,3.0874326950846895,0.18965937068802252,nan,nan,nan,10,36961,32796800,32796800,2315,1213481600,1213481600,125327,False
38,3.1056687181413922,0.1879049676025918,nan,nan,nan,10,59727,32796800,32796800,3738,1246278400,1246278400,129065,False
39,3.0782143085640246,0.18712512926577043,nan,nan,nan,10,77360,32796800,32796800,4841,1279075200,1279075200,133906,False
40,3.0766631785351928,0.18721153163388482,3.0963248338689335,0.19211748838603326,22.11651985138668,10,56332,32796800,32796800,3526,1311872000,1311872000,137432,False
41,3.099733203341166,0.18461333333333332,nan,nan,nan,10,37500,32796800,32796800,2347,1344668800,1344668800,139779,False
42,3.0890259558495483,0.18654073199527746,nan,nan,nan,10,54208,32796800,32796800,3393,1377465600,1377465600,143172,False
43,3.051322420482987,0.19170743070114138,nan,nan,nan,10,55809,32796800,32796800,3494,1410262400,1410262400,146666,False
44,3.0268535688957994,0.19257731958762886,nan,nan,nan,10,80025,32796800,32796800,5008,1443059200,1443059200,151674,False
45,3.0386939492339424,0.1904086228667387,nan,nan,nan,10,76819,32796800,32796800,4807,1475856000,1475856000,156481,False
46,3.0360276524701306,0.19114286124965862,nan,nan,nan,10,69571,32796800,32796800,4353,1508652800,1508652800,160834,False
47,3.0283225426706615,0.1929869261270443,nan,nan,nan,10,62797,32796800,32796800,3929,1541449600,1541449600,164763,False
48,3.0325764153464227,0.1925748943208969,nan,nan,nan,10,54410,32796800,32796800,3405,1574246400,1574246400,168168,False
49,3.0147486829339676,0.19571850632053084,nan,nan,nan,10,41294,32796800,32796800,2585,1607043200,1607043200,170753,False
50,2.978597347399791,0.20798000726231924,3.0198908220179947,0.1924359358609321,20.48905460844011,10,93634,32796800,32796800,5857,1639840000,1639840000,176610,False
51,2.9792229823518683,0.20231361157825,nan,nan,nan,10,39246,32796800,32796800,2459,1672636800,1672636800,179069,False
52,3.0045423276347902,0.20457781184974264,nan,nan,nan,10,36524,32796800,32796800,2287,1705433600,1705433600,181356,False
53,2.941745751488929,0.220619259355425,nan,nan,nan,10,61622,32796800,32796800,3857,1738230400,1738230400,185213,False
54,2.952461389269784,0.2154180120031376,nan,nan,nan,10,54819,32796800,32796800,3433,1771027200,1771027200,188646,False
55,2.9521888231329507,0.21901319290262206,nan,nan,nan,10,54499,32796800,32796800,3410,1803824000,1803824000,192056,False
56,2.9004475408226815,0.22791815022950537,nan,nan,nan,10,69933,32796800,32796800,4377,1836620800,1836620800,196433,False
57,2.916348579693028,0.22126461302158887,nan,nan,nan,10,58595,32796800,32796800,3667,1869417600,1869417600,200100,False
58,2.9083382318417605,0.2280837712168752,nan,nan,nan,10,52906,32796800,32796800,3313,1902214400,1902214400,203413,False
59,2.9291192692663017,0.22385630763667047,nan,nan,nan,10,33182,32796800,32796800,2078,1935011200,1935011200,205491,False
60,2.897969073627784,0.2280984586347908,2.9188854893376117,0.23520155851940655,18.520634508283695,10,76296,32796800,32796800,4773,1967808000,1967808000,210264,False
61,2.8802516993530394,0.233213293548719,nan,nan,nan,10,48595,32796800,32796800,3041,2000604800,2000604800,213305,False
62,2.897572164294685,0.22986225270676267,nan,nan,nan,10,35282,32796800,32796800,2210,2033401600,2033401600,215515,False
63,2.8633497103053793,0.23743678381665706,nan,nan,nan,10,31242,32796800,32796800,1958,2066198400,2066198400,217473,False
64,2.9012705489667527,0.23452837490764522,nan,nan,nan,10,56846,32796800,32796800,3556,2098995200,2098995200,221029,False
65,2.8979317763762986,0.23675716134666064,nan,nan,nan,10,64129,32796800,32796800,4013,2131792000,2131792000,225042,False
66,2.8538850203285784,0.24047317841844773,nan,nan,nan,10,45057,32796800,32796800,2821,2164588800,2164588800,227863,False
67,2.865633874341103,0.2381060091985222,nan,nan,nan,10,66315,32796800,32796800,4150,2197385600,2197385600,232013,False
68,2.8518620969167894,0.238573636564363,nan,nan,nan,10,45290,32796800,32796800,2836,2230182400,2230182400,234849,False
69,2.8581535835588237,0.23922098207022224,nan,nan,nan,10,61462,32796800,32796800,3846,2262979200,2262979200,238695,False
70,2.8547271904039455,0.23896318114874815,2.851200382087464,0.24632848793646037,17.308546244336895,10,84875,32796800,32796800,5310,2295776000,2295776000,244005,False
71,2.840614665565191,0.2435789925307643,nan,nan,nan,10,51277,32796800,32796800,3209,2328572800,2328572800,247214,False
72,2.8440535502265774,0.2426399596512717,nan,nan,nan,10,69395,32796800,32796800,4341,2361369600,2361369600,251555,False
73,2.8176470255144066,0.24541633832413975,nan,nan,nan,10,38070,32796800,32796800,2384,2394166400,2394166400,253939,False
74,2.834400405881888,0.2427927375329694,nan,nan,nan,10,65212,32796800,32796800,4080,2426963200,2426963200,258019,False
75,2.8002108369614005,0.24748076365860724,nan,nan,nan,10,93183,32796800,32796800,5828,2459760000,2459760000,263847,False
76,2.802313682852227,0.24425664189615814,nan,nan,nan,10,41178,32796800,32796800,2578,2492556800,2492556800,266425,False
77,2.814397888336969,0.24617385981022344,nan,nan,nan,10,78408,32796800,32796800,4906,2525353600,2525353600,271331,False
78,2.793268059622181,0.2465347707617581,nan,nan,nan,10,42205,32796800,32796800,2643,2558150400,2558150400,273974,False
79,2.818307506379189,0.25126324870594036,nan,nan,nan,10,64912,32796800,32796800,4061,2590947200,2590947200,278035,False
80,2.788719216184226,0.2534931249739319,2.7985074981370466,0.2609958039862131,16.420121411780457,10,71927,32796800,32796800,4500,2623744000,2623744000,282535,False
81,2.764962466972206,0.2530596634370219,nan,nan,nan,10,15688,32796800,32796800,986,2656540800,2656540800,283521,False
82,2.7859458397229835,0.2544198333672018,nan,nan,nan,10,49210,32796800,32796800,3080,2689337600,2689337600,286601,False
83,2.7694977327181265,0.2543062465450525,nan,nan,nan,10,45225,32796800,32796800,2831,2722134400,2722134400,289432,False
84,2.761011337006347,0.2557439006136806,nan,nan,nan,10,53448,32796800,32796800,3344,2754931200,2754931200,292776,False
85,2.738554081128993,0.2625347238034519,nan,nan,nan,10,43918,32796800,32796800,2749,2787728000,2787728000,295525,False
86,2.7710677713464626,0.25593975392448026,nan,nan,nan,10,65996,32796800,32796800,4129,2820524800,2820524800,299654,False
87,2.7601747394653375,0.2532964135021097,nan,nan,nan,10,60672,32796800,32796800,3797,2853321600,2853321600,303451,False
88,2.78371437948399,0.25672057879947785,nan,nan,nan,10,45197,32796800,32796800,2828,2886118400,2886118400,306279,False
89,2.737423204097294,0.25851772860570515,nan,nan,nan,10,75020,32796800,32796800,4694,2918915200,2918915200,310973,False
90,2.7338705579240745,0.25948204166102545,2.752588780873472,0.27294695039712275,15.683179692470764,10,51703,32796800,32796800,3236,2951712000,2951712000,314209,False
91,2.7222942813760413,0.25999243713367365,nan,nan,nan,10,52890,32796800,32796800,3310,2984508800,2984508800,317519,False
92,2.7055348395570538,0.2646840504753011,nan,nan,nan,10,41763,32796800,32796800,2615,3017305600,3017305600,320134,False
93,2.7225091946226225,0.25892302546705526,nan,nan,nan,10,62787,32796800,32796800,3930,3050102400,3050102400,324064,False
94,2.7532279300744036,0.25846153846153846,nan,nan,nan,10,43875,32796800,32796800,2747,3082899200,3082899200,326811,False
95,2.717822917937619,0.262545532461967,nan,nan,nan,10,46670,32796800,32796800,2922,3115696000,3115696000,329733,False
96,2.714372014033161,0.2634206828139208,nan,nan,nan,10,60485,32796800,32796800,3784,3148492800,3148492800,333517,False
97,2.7010911036454432,0.2645374396996269,nan,nan,nan,10,42081,32796800,32796800,2635,3181289600,3181289600,336152,False
98,2.7002160864642057,0.26879335835323553,nan,nan,nan,10,17586,32796800,32796800,1105,3214086400,3214086400,337257,False
99,2.703761562858398,0.2635311683463979,nan,nan,nan,10,56259,32796800,32796800,3521,3246883200,3246883200,340778,False
100,2.681461636407232,0.2634780026084374,2.701166300835789,0.2716169638843099,14.897096092489766,10,77441,32796800,32796800,4845,3279680000,3279680000,345623,False
101,2.6545464831266985,0.26881748542445555,nan,nan,nan,10,38249,32796800,32796800,2394,3312476800,3312476800,348017,False
102,2.678741841393227,0.26863865412847676,nan,nan,nan,10,50406,32796800,32796800,3154,3345273600,3345273600,351171,False
103,2.636405786743442,0.27545812761109,nan,nan,nan,10,84256,32796800,32796800,5271,3378070400,3378070400,356442,False
104,2.674797889601761,0.2670887328123454,nan,nan,nan,10,80872,32796800,32796800,5059,3410867200,3410867200,361501,False
105,2.641439093378364,0.2729005949123519,nan,nan,nan,10,56647,32796800,32796800,3545,3443664000,3443664000,365046,False
106,2.6777417640028087,0.26772781276955876,nan,nan,nan,10,61443,32796800,32796800,3845,3476460800,3476460800,368891,False
107,2.665190025729288,0.27120553099200784,nan,nan,nan,10,83457,32796800,32796800,5221,3509257600,3509257600,374112,False
108,2.641655662107258,0.27228041325563934,nan,nan,nan,10,55946,32796800,32796800,3501,3542054400,3542054400,377613,False
109,2.6598242553302662,0.27274152722711287,nan,nan,nan,10,44643,32796800,32796800,2794,3574851200,3574851200,380407,False
110,2.652271412364598,0.27234276046548844,2.652445220561394,0.2810579949048404,14.188690740440213,10,87478,32796800,32796800,5472,3607648000,3607648000,385879,False
111,2.6411789283663976,0.27243845670308015,nan,nan,nan,10,58861,32796800,32796800,3685,3640444800,3640444800,389564,False
112,2.6225321869411164,0.27840373663293316,nan,nan,nan,10,73221,32796800,32796800,4581,3673241600,3673241600,394145,False
113,2.6130428521811586,0.28132886361068216,nan,nan,nan,10,53098,32796800,32796800,3324,3706038400,3706038400,397469,False
114,2.580325947346046,0.2882623405916544,nan,nan,nan,10,57635,32796800,32796800,3608,3738835200,3738835200,401077,False
115,2.6318239929300553,0.27704542978537966,nan,nan,nan,10,27537,32796800,32796800,1724,3771632000,3771632000,402801,False
116,2.591451585446695,0.2785048827028847,nan,nan,nan,10,44545,32796800,32796800,2789,3804428800,3804428800,405590,False
117,2.6004334743248045,0.28409556313993173,nan,nan,nan,10,43950,32796800,32796800,2751,3837225600,3837225600,408341,False
118,2.56278869624508,0.28680530580295754,nan,nan,nan,10,47269,32796800,32796800,2960,3870022400,3870022400,411301,False
119,2.5741881896037553,0.28803145286641674,nan,nan,nan,10,54685,32796800,32796800,3422,3902819200,3902819200,414723,False
120,2.6007283306691824,0.2863773655739663,2.6151884084481734,0.2840364154053649,13.669791639515298,10,58601,32796800,32796800,3668,3935616000,3935616000,418391,False
121,2.5905345060692104,0.28633611847701007,nan,nan,nan,10,39974,32796800,32796800,2503,3968412800,3968412800,420894,False
122,2.5904375502839794,0.288629400543384,nan,nan,nan,10,34598,32796800,32796800,2166,4001209600,4001209600,423060,False
123,2.5928090945158075,0.29301522185037243,nan,nan,nan,10,46315,32796800,32796800,2900,4034006400,4034006400,425960,False
124,2.587457366194166,0.2893907277569433,nan,nan,nan,10,73596,32796800,32796800,4606,4066803200,4066803200,430566,False
125,2.5458489665350394,0.295342107719593,nan,nan,nan,10,42852,32796800,32796800,2684,4099600000,4099600000,433250,False
126,2.565451548054119,0.2923833437957732,nan,nan,nan,10,47790,32796800,32796800,2991,4132396800,4132396800,436241,False
127,2.5404715852210447,0.30015073281806226,nan,nan,nan,10,93543,32796800,32796800,5852,4165193600,4165193600,442093,False
128,2.567919668723066,0.29370179948586117,nan,nan,nan,10,48236,32796800,32796800,3019,4197990400,4197990400,445112,False
129,2.5878129454397873,0.2932400867582448,nan,nan,nan,10,71924,32796800,32796800,4499,4230787200,4230787200,449611,False
130,2.569913512213503,0.2990202444338629,2.5628608006972273,0.2996403416754084,12.972877095785842,10,69303,32796800,32796800,4335,4263584000,4263584000,453946,False
131,2.5319925626661757,0.3023260970796284,nan,nan,nan,10,45097,32796800,32796800,2824,4296380800,4296380800,456770,False
132,2.4991631075234295,0.31038993570653234,nan,nan,nan,10,71858,32796800,32796800,4496,4329177600,4329177600,461266,False
133,2.556290714383229,0.2992132105983331,nan,nan,nan,10,64312,32796800,32796800,4023,4361974400,4361974400,465289,False
134,2.5588447932937406,0.30473700662101105,nan,nan,nan,10,35191,32796800,32796800,2204,4394771200,4394771200,467493,False
135,2.495907270633872,0.3111629262605654,nan,nan,nan,10,51465,32796800,32796800,3220,4427568000,4427568000,470713,False
136,2.5236301350016443,0.3081106570260924,nan,nan,nan,10,31810,32796800,32796800,1992,4460364800,4460364800,472705,False
137,2.50376306572304,0.31254709871891484,nan,nan,nan,10,74312,32796800,32796800,4651,4493161600,4493161600,477356,False
138,2.46193636483982,0.3208734512006045,nan,nan,nan,10,76753,32796800,32796800,4803,4525958400,4525958400,482159,False
139,2.4979078734070277,0.3097450559923755,nan,nan,nan,10,54561,32796800,32796800,3413,4558755200,4558755200,485572,False
140,2.49435567611089,0.3176378815289373,2.514553504316735,0.31906563764423795,12.361088374185885,10,60251,32796800,32796800,3770,4591552000,4591552000,489342,False
141,2.47159672872329,0.31656096824401236,nan,nan,nan,10,43047,32796800,32796800,2695,4624348800,4624348800,492037,False
142,2.451196185235609,0.3264031388819988,nan,nan,nan,10,44347,32796800,32796800,2777,4657145600,4657145600,494814,False
143,2.492867522011416,0.3198230293791115,nan,nan,nan,10,60349,32796800,32796800,3777,4689942400,4689942400,498591,False
144,2.4451122501143234,0.32725161921055845,nan,nan,nan,10,81830,32796800,32796800,5118,4722739200,4722739200,503709,False
145,2.4593544924481003,0.3227456428391008,nan,nan,nan,10,47508,32796800,32796800,2974,4755536000,4755536000,506683,False
146,2.459829410756674,0.3223073254215414,nan,nan,nan,10,35643,32796800,32796800,2232,4788332800,4788332800,508915,False
147,2.4932967554644416,0.3203354192110598,nan,nan,nan,10,79423,32796800,32796800,4970,4821129600,4821129600,513885,False
148,2.4528938313467843,0.32872308612440193,nan,nan,nan,10,40128,32796800,32796800,2511,4853926400,4853926400,516396,False
149,2.4688534647096416,0.3235086203510977,nan,nan,nan,10,50926,32796800,32796800,3188,4886723200,4886723200,519584,False
150,2.45006776013372,0.3281094717529241,2.461994285832169,0.33339577401468606,11.72817757133165,10,39243,32796800,32796800,2457,4919520000,4919520000,522041,False
151,2.4450207033559295,0.3264559937320449,nan,nan,nan,10,80409,32796800,32796800,5030,4952316800,4952316800,527071,False
152,2.444751398285231,0.32651873592591657,nan,nan,nan,10,79046,32796800,32796800,4946,4985113600,4985113600,532017,False
153,2.412264117353694,0.3289359736735754,nan,nan,nan,10,34642,32796800,32796800,2169,5017910400,5017910400,534186,False
154,2.3865687694576536,0.34212935758503354,nan,nan,nan,10,73177,32796800,32796800,4579,5050707200,5050707200,538765,False
155,2.423948058768209,0.3345940441802955,nan,nan,nan,10,48121,32796800,32796800,3013,5083504000,5083504000,541778,False
156,2.4035894033641307,0.34245461590253695,nan,nan,nan,10,78717,32796800,32796800,4925,5116300800,5116300800,546703,False
157,2.4049831918408433,0.34063226078997394,nan,nan,nan,10,42609,32796800,32796800,2668,5149097600,5149097600,549371,False
158,2.4215611428260435,0.3324360463070481,nan,nan,nan,10,56838,32796800,32796800,3557,5181894400,5181894400,552928,False
159,2.4254397618742485,0.3386595911949686,nan,nan,nan,10,50880,32796800,32796800,3183,5214691200,5214691200,556111,False
160,2.4125591031291806,0.3391461055309676,2.4181362601497014,0.3419376592237374,11.22491947799134,10,37733,32796800,32796800,2363,5247488000,5247488000,558474,False
161,2.3916376047828254,0.3426525207252668,nan,nan,nan,10,63811,32796800,32796800,3993,5280284800,5280284800,562467,False
162,2.3773123221675196,0.33985606376018557,nan,nan,nan,10,67252,32796800,32796800,4207,5313081600,5313081600,566674,False
163,2.3995091686553143,0.3403779447413181,nan,nan,nan,10,74667,32796800,32796800,4673,5345878400,5345878400,571347,False
164,2.385658141754547,0.34405124982758356,nan,nan,nan,10,65249,32796800,32796800,4082,5378675200,5378675200,575429,False
165,2.3784523370625617,0.34502031774905745,nan,nan,nan,10,68167,32796800,32796800,4265,5411472000,5411472000,579694,False
166,2.4013260355828905,0.3387496356747304,nan,nan,nan,10,27448,32796800,32796800,1721,5444268800,5444268800,581415,False
167,2.3567463995816342,0.3493923103891551,nan,nan,nan,10,34228,32796800,32796800,2144,5477065600,5477065600,583559,False
168,2.3588348663116046,0.3470742501229307,nan,nan,nan,10,48808,32796800,32796800,3055,5509862400,5509862400,586614,False
169,2.3498741247134167,0.3496153952958818,nan,nan,nan,10,36011,32796800,32796800,2255,5542659200,5542659200,588869,False
170,2.3858109147399977,0.34687679357183854,2.3728534739788874,0.35227783605574703,10.727960606851068,10,41816,32796800,32796800,2618,5575456000,5575456000,591487,False
171,2.366814923996984,0.3471389645776567,nan,nan,nan,10,29360,32796800,32796800,1839,5608252800,5608252800,593326,False
172,2.37680188811337,0.34459351114436904,nan,nan,nan,10,93545,32796800,32796800,5851,5641049600,5641049600,599177,False
173,2.358006165193599,0.3486987109557628,nan,nan,nan,10,89834,32796800,32796800,5621,5673846400,5673846400,604798,False
174,2.356659129012243,0.35118241281882573,nan,nan,nan,10,51674,32796800,32796800,3234,5706643200,5706643200,608032,False
175,2.3523046045462026,0.351605530984364,nan,nan,nan,10,60821,32796800,32796800,3805,5739440000,5739440000,611837,False
176,2.3114820540310976,0.3617620093388201,nan,nan,nan,10,46901,32796800,32796800,2935,5772236800,5772236800,614772,False
177,2.3687073070698954,0.34886316315482635,nan,nan,nan,10,60035,32796800,32796800,3758,5805033600,5805033600,618530,False
178,2.3354223258193465,0.3529535220941769,nan,nan,nan,10,52412,32796800,32796800,3282,5837830400,5837830400,621812,False
179,2.3209608808128257,0.3573284200829111,nan,nan,nan,10,54275,32796800,32796800,3396,5870627200,5870627200,625208,False
180,2.273122942730551,0.3695743177834175,2.3370937929149154,0.36020155851940655,10.351110337210262,10,76442,32796800,32796800,4782,5903424000,5903424000,629990,False
181,2.347635776196365,0.35332214896024344,nan,nan,nan,10,25631,32796800,32796800,1607,5936220800,5936220800,631597,False
182,2.3316009488617633,0.35612052730696797,nan,nan,nan,10,53100,32796800,32796800,3322,5969017600,5969017600,634919,False
183,2.318653369255021,0.359949544581176,nan,nan,nan,10,68179,32796800,32796800,4266,6001814400,6001814400,639185,False
184,2.33245830130691,0.35548573150260404,nan,nan,nan,10,46466,32796800,32796800,2909,6034611200,6034611200,642094,False
185,2.3241237160782484,0.3582431067762594,nan,nan,nan,10,78229,32796800,32796800,4894,6067408000,6067408000,646988,False
186,2.329872151452504,0.3572864238135579,nan,nan,nan,10,60201,32796800,32796800,3766,6100204800,6100204800,650754,False
187,2.3077175888813977,0.36002002544900813,nan,nan,nan,10,47939,32796800,32796800,3001,6133001600,6133001600,653755,False
188,2.2897943063152737,0.36782727498550966,nan,nan,nan,10,48308,32796800,32796800,3023,6165798400,6165798400,656778,False
189,2.298293765087269,0.36361844698462753,nan,nan,nan,10,65962,32796800,32796800,4128,6198595200,6198595200,660906,False
190,2.2647480164451967,0.3669936207087282,2.298460593988884,0.3704668065337929,9.958839950589276,10,54238,32796800,32796800,3395,6231392000,6231392000,664301,False
191,2.307713117701146,0.3601394088034078,nan,nan,nan,10,54229,32796800,32796800,3395,6264188800,6264188800,667696,False
192,2.312962228224203,0.35872609187868676,nan,nan,nan,10,33566,32796800,32796800,2102,6296985600,6296985600,669798,False
193,2.2917987577506898,0.365532450187138,nan,nan,nan,10,64391,32796800,32796800,4029,6329782400,6329782400,673827,False
194,2.2971986546056726,0.3700352678324132,nan,nan,nan,10,54157,32796800,32796800,3391,6362579200,6362579200,677218,False
195,2.222980103817939,0.38075682910506786,nan,nan,nan,10,65748,32796800,32796800,4115,6395376000,6395376000,681333,False
196,2.27156044455995,0.36840007440278477,nan,nan,nan,10,75266,32796800,32796800,4710,6428172800,6428172800,686043,False
197,2.278017253138864,0.36692124654590114,nan,nan,nan,10,52112,32796800,32796800,3263,6460969600,6460969600,689306,False
198,2.2358827163151362,0.3774793920659454,nan,nan,nan,10,93168,32796800,32796800,5828,6493766400,6493766400,695134,False
199,2.260144958793485,0.37117247671953413,nan,nan,nan,10,37263,32796800,32796800,2333,6526563200,6526563200,697467,False
200,2.2566694232556075,0.37429009541117675,2.265375555249395,0.3793646036265548,9.634742299792155,10,35216,32796800,32796800,2207,6559360000,6559360000,699674,False
201,2.241512799030156,0.3801206636500754,nan,nan,nan,10,33150,32796800,32796800,2077,6592156800,6592156800,701751,False
202,2.254216168692138,0.37208600528102603,nan,nan,nan,10,39765,32796800,32796800,2489,6624953600,6624953600,704240,False
203,2.243086094340324,0.3751188344277155,nan,nan,nan,10,45231,32796800,32796800,2830,6657750400,6657750400,707070,False
204,2.2270356363936314,0.37823507427823977,nan,nan,nan,10,42812,32796800,32796800,2681,6690547200,6690547200,709751,False
205,2.2667415739047314,0.37371654234313295,nan,nan,nan,10,22790,32796800,32796800,1429,6723344000,6723344000,711180,False
206,2.258026560737764,0.37537080251552424,nan,nan,nan,10,50566,32796800,32796800,3164,6756140800,6756140800,714344,False
207,2.248834793501002,0.3739544751073782,nan,nan,nan,10,57507,32796800,32796800,3600,6788937600,6788937600,717944,False
208,2.222786628080396,0.37931762010971126,nan,nan,nan,10,33178,32796800,32796800,2079,6821734400,6821734400,720023,False
209,2.2459804449711296,0.37601707684580615,nan,nan,nan,10,39820,32796800,32796800,2494,6854531200,6854531200,722517,False
210,2.227936150916718,0.3799233846218968,2.2310195705191442,0.38558369548928517,9.309352784130603,10,47249,32796800,32796800,2957,6887328000,6887328000,725474,False
211,2.214904712235561,0.38386090057958094,nan,nan,nan,10,44860,32796800,32796800,2809,6920124800,6920124800,728283,False
212,2.221129367949562,0.3812785388127854,nan,nan,nan,10,51684,32796800,32796800,3235,6952921600,6952921600,731518,False
213,2.2027058154722714,0.3882985503551688,nan,nan,nan,10,86297,32796800,32796800,5398,6985718400,6985718400,736916,False
214,2.2087322952747597,0.3865535658184103,nan,nan,nan,10,47745,32796800,32796800,2989,7018515200,7018515200,739905,False
215,2.220550276387964,0.38395642255226037,nan,nan,nan,10,42958,32796800,32796800,2690,7051312000,7051312000,742595,False
216,2.2092104917650093,0.38534887240805205,nan,nan,nan,10,39642,32796800,32796800,2483,7084108800,7084108800,745078,False
217,2.2231684909450458,0.38259985570931987,nan,nan,nan,10,30494,32796800,32796800,1911,7116905600,7116905600,746989,False
218,2.1718974240149795,0.3958064414570412,nan,nan,nan,10,63526,32796800,32796800,3974,7149702400,7149702400,750963,False
219,2.2200362179002253,0.3820185270208226,nan,nan,nan,10,37027,32796800,32796800,2319,7182499200,7182499200,753282,False
220,2.2102034683896163,0.3851810307222534,2.2030382142080533,0.3928892552075528,9.052475119694135,10,64188,32796800,32796800,4016,7215296000,7215296000,757298,False
221,2.175046766455803,0.3961025771232703,nan,nan,nan,10,78770,32796800,32796800,4929,7248092800,7248092800,762227,False
222,2.1768718904652213,0.3923434593924365,nan,nan,nan,10,64520,32796800,32796800,4036,7280889600,7280889600,766263,False
223,2.2047696710123197,0.39028938083834525,nan,nan,nan,10,54703,32796800,32796800,3424,7313686400,7313686400,769687,False
224,2.1500522959815798,0.39728690733949007,nan,nan,nan,10,67893,32796800,32796800,4248,7346483200,7346483200,773935,False
225,2.195230488200141,0.39333232154601105,nan,nan,nan,10,39534,32796800,32796800,2476,7379280000,7379280000,776411,False
226,2.1668036031586473,0.39821586765281525,nan,nan,nan,10,48539,32796800,32796800,3039,7412076800,7412076800,779450,False
227,2.173585475161614,0.39232804784031006,nan,nan,nan,10,47993,32796800,32796800,3006,7444873600,7444873600,782456,False
228,2.1510755188848116,0.396061319665697,nan,nan,nan,10,43314,32796800,32796800,2712,7477670400,7477670400,785168,False
229,2.161981822414443,0.39926175458715596,nan,nan,nan,10,55808,32796800,32796800,3494,7510467200,7510467200,788662,False
230,2.1642267338117276,0.39574700832035004,2.174270756541566,0.4010377641240821,8.79576852618202,10,60334,32796800,32796800,3777,7543264000,7543264000,792439,False
231,2.162203570384679,0.39799103893373017,nan,nan,nan,10,61823,32796800,32796800,3868,7576060800,7576060800,796307,False
232,2.1753536102209217,0.3977702046292156,nan,nan,nan,10,64849,32796800,32796800,4059,7608857600,7608857600,800366,False
233,2.1501255060052773,0.39808442027241664,nan,nan,nan,10,62331,32796800,32796800,3899,7641654400,7641654400,804265,False
234,2.165859683406149,0.3961092139623283,nan,nan,nan,10,64717,32796800,32796800,4050,7674451200,7674451200,808315,False
235,2.13341664952858,0.4029454419184182,nan,nan,nan,10,48957,32796800,32796800,3064,7707248000,7707248000,811379,False
236,2.1474606702542025,0.4015402979217424,nan,nan,nan,10,61157,32796800,32796800,3826,7740044800,7740044800,815205,False
237,2.1361717841185883,0.40646634261305054,nan,nan,nan,10,27156,32796800,32796800,1702,7772841600,7772841600,816907,False
238,2.145534918973983,0.40171595199820553,nan,nan,nan,10,53498,32796800,32796800,3348,7805638400,7805638400,820255,False
239,2.118251584464153,0.40417106652587115,nan,nan,nan,10,68184,32796800,32796800,4266,7838435200,7838435200,824521,False
240,2.144688331288655,0.4022262214223822,2.142431372558626,0.40575827963434735,8.520128071194824,10,75015,32796800,32796800,4693,7871232000,7871232000,829214,False
241,2.101223548583458,0.4159060042323363,nan,nan,nan,10,31661,32796800,32796800,1983,7904028800,7904028800,831197,False
242,2.106498396478268,0.411623551445628,nan,nan,nan,10,68344,32796800,32796800,4277,7936825600,7936825600,835474,False
243,2.128105320796908,0.40389485801995395,nan,nan,nan,10,52120,32796800,32796800,3260,7969622400,7969622400,838734,False
244,2.1410851196248126,0.4026405074494763,nan,nan,nan,10,54232,32796800,32796800,3393,8002419200,8002419200,842127,False
245,2.0933139299124153,0.41212885091574275,nan,nan,nan,10,89654,32796800,32796800,5608,8035216000,8035216000,847735,False
246,2.1296839058297787,0.4045299872394726,nan,nan,nan,10,47020,32796800,32796800,2944,8068012800,8068012800,850679,False
247,2.059381034431246,0.42017079419299747,nan,nan,nan,10,58550,32796800,32796800,3664,8100809600,8100809600,854343,False
248,2.1141558962368783,0.4060069867359094,nan,nan,nan,10,74713,32796800,32796800,4675,8133606400,8133606400,859018,False
249,2.1328479201093735,0.4030219963896503,nan,nan,nan,10,74785,32796800,32796800,4679,8166403200,8166403200,863697,False
250,2.1220575070452243,0.4055950979637188,2.1148425461951894,0.41388805634647086,8.288280642051118,10,90901,32796800,32796800,5687,8199200000,8199200000,869384,False
251,2.1207772646559135,0.41013451342943524,nan,nan,nan,10,45646,32796800,32796800,2858,8231996800,8231996800,872242,False
252,2.0911976227364764,0.41103192702394525,nan,nan,nan,10,35080,32796800,32796800,2198,8264793600,8264793600,874440,False
253,2.050638777405653,0.419402473433009,nan,nan,nan,10,37923,32796800,32796800,2375,8297590400,8297590400,876815,False
254,2.1094582942648263,0.41161296162201305,nan,nan,nan,10,66288,32796800,32796800,4148,8330387200,8330387200,880963,False
255,2.1234625257794395,0.4067444602847739,nan,nan,nan,10,56817,32796800,32796800,3554,8363184000,8363184000,884517,False
256,2.053451683985796,0.4208019365166127,nan,nan,nan,10,76839,32796800,32796800,4806,8395980800,8395980800,889323,False
257,2.1055190162589916,0.4087044534412955,nan,nan,nan,10,59280,32796800,32796800,3710,8428777600,8428777600,893033,False
258,2.094061466611836,0.4092159048680788,nan,nan,nan,10,80730,32796800,32796800,5050,8461574400,8461574400,898083,False
259,2.107770898935014,0.41339852908759345,nan,nan,nan,10,49901,32796800,32796800,3124,8494371200,8494371200,901207,False
260,2.0783822823530906,0.4145931467627228,2.089158656338818,0.4185523752435187,8.07811583286866,10,54135,32796800,32796800,3388,8527168000,8527168000,904595,False
261,2.081526605846569,0.41409837148614276,nan,nan,nan,10,60546,32796800,32796800,3788,8559964800,8559964800,908383,False
262,2.0674650251925084,0.4188469715872151,nan,nan,nan,10,56911,32796800,32796800,3562,8592761600,8592761600,911945,False
263,2.081237534608677,0.41584540489194965,nan,nan,nan,10,67376,32796800,32796800,4216,8625558400,8625558400,916161,False
264,2.0563641317676757,0.4180264809491031,nan,nan,nan,10,74091,32796800,32796800,4635,8658355200,8658355200,920796,False
265,2.0662355459474195,0.41950325732899024,nan,nan,nan,10,49120,32796800,32796800,3074,8691152000,8691152000,923870,False
266,2.031153658962177,0.4285430968726163,nan,nan,nan,10,65550,32796800,32796800,4102,8723948800,8723948800,927972,False
267,2.067657257534755,0.4231862095093768,nan,nan,nan,10,31674,32796800,32796800,1985,8756745600,8756745600,929957,False
268,2.0618693970942896,0.4191894259097062,nan,nan,nan,10,62795,32796800,32796800,3929,8789542400,8789542400,933886,False
269,2.067333519914358,0.41956672213958557,nan,nan,nan,10,67901,32796800,32796800,4249,8822339200,8822339200,938135,False
270,2.058736735171493,0.42178618835301723,2.0616276630411328,0.4224861381687397,7.858750804154486,10,58762,32796800,32796800,3677,8855136000,8855136000,941812,False
271,2.061133194362043,0.42127950593745467,nan,nan,nan,10,48253,32796800,32796800,3020,8887932800,8887932800,944832,False
272,2.066563357280836,0.41937866119261,nan,nan,nan,10,79892,32796800,32796800,4998,8920729600,8920729600,949830,False
273,2.0599184415907135,0.42472482488856544,nan,nan,nan,10,43972,32796800,32796800,2753,8953526400,8953526400,952583,False
274,2.0350503797699235,0.42557680528142655,nan,nan,nan,10,58772,32796800,32796800,3679,8986323200,8986323200,956262,False
275,2.034942057276222,0.42456623606889565,nan,nan,nan,10,63168,32796800,32796800,3952,9019120000,9019120000,960214,False
276,2.0130053508584136,0.42913427863671305,nan,nan,nan,10,93656,32796800,32796800,5860,9051916800,9051916800,966074,False
277,2.0622393334295817,0.422568283734203,nan,nan,nan,10,61325,32796800,32796800,3837,9084713600,9084713600,969911,False
278,2.057777649628627,0.4184386589388546,nan,nan,nan,10,53659,32796800,32796800,3358,9117510400,9117510400,973269,False
279,2.0133982396059933,0.42954584034197,nan,nan,nan,10,64801,32796800,32796800,4055,9150307200,9150307200,977324,False
280,2.0482050092185826,0.4255158846427525,2.034670015905601,0.42941705379889106,7.649727420570042,10,47782,32796800,32796800,2992,9183104000,9183104000,980316,False
281,2.0345779414888,0.42394759487890976,nan,nan,nan,10,56941,32796800,32796800,3563,9215900800,9215900800,983879,False
282,2.041122902283516,0.4239550894440643,nan,nan,nan,10,71609,32796800,32796800,4480,9248697600,9248697600,988359,False
283,2.0380283939290953,0.42498215768239217,nan,nan,nan,10,68657,32796800,32796800,4296,9281494400,9281494400,992655,False
284,2.0021912008035296,0.43311401188990206,nan,nan,nan,10,47267,32796800,32796800,2957,9314291200,9314291200,995612,False
285,2.0132161883121134,0.4272705875430286,nan,nan,nan,10,67978,32796800,32796800,4253,9347088000,9347088000,999865,False
286,2.0475955667283694,0.42391062075114233,nan,nan,nan,10,35892,32796800,32796800,2249,9379884800,9379884800,1002114,False
287,2.03939574242957,0.42586127119000544,nan,nan,nan,10,47546,32796800,32796800,2976,9412681600,9412681600,1005090,False
288,2.012082203842821,0.4299840676087559,nan,nan,nan,10,57744,32796800,32796800,3614,9445478400,9445478400,1008704,False
289,2.0168135250895833,0.42605898679671084,nan,nan,nan,10,77102,32796800,32796800,4824,9478275200,9478275200,1013528,False
290,2.0455960960614155,0.42553602472474406,2.010954069051538,0.4333695489285179,7.4704412652365075,10,77655,32796800,32796800,4858,9511072000,9511072000,1018386,False
291,1.9726315660400477,0.43948592375791473,nan,nan,nan,10,69017,32796800,32796800,4318,9543868800,9543868800,1022704,False
292,1.9713223030702607,0.44163099350445434,nan,nan,nan,10,60503,32796800,32796800,3786,9576665600,9576665600,1026490,False
293,1.9913336538843813,0.4344037946204663,nan,nan,nan,10,69783,32796800,32796800,4366,9609462400,9609462400,1030856,False
294,2.0114235985111786,0.4287413800056458,nan,nan,nan,10,49594,32796800,32796800,3104,9642259200,9642259200,1033960,False
295,1.9858891568344894,0.43360778542354456,nan,nan,nan,10,75423,32796800,32796800,4719,9675056000,9675056000,1038679,False
296,2.0109709368980635,0.42890943567197487,nan,nan,nan,10,59593,32796800,32796800,3728,9707852800,9707852800,1042407,False
297,1.9665367101450624,0.44202112609638783,nan,nan,nan,10,42412,32796800,32796800,2655,9740649600,9740649600,1045062,False
298,2.0020589030900067,0.43825965535844624,nan,nan,nan,10,31511,32796800,32796800,1974,9773446400,9773446400,1047036,False
299,2.0103252300999914,0.43174892801751663,nan,nan,nan,10,54805,32796800,32796800,3430,9806243200,9806243200,1050466,False
300,1.9667534006920149,0.4361102661046166,1.9906099887332263,0.4389330136370448,7.3199975167636655,10,69033,32796800,32796800,4319,9839040000,9839040000,1054785,False
301,2.02971009515711,0.4265410079531417,nan,nan,nan,10,72047,32796800,32796800,4508,9871836800,9871836800,1059293,False
302,1.9985906695569373,0.4308328097056407,nan,nan,nan,10,41378,32796800,32796800,2591,9904633600,9904633600,1061884,False
303,1.9792657261178999,0.4354079135694169,nan,nan,nan,10,43318,32796800,32796800,2712,9937430400,9937430400,1064596,False
304,1.9840440045347707,0.435694322994359,nan,nan,nan,10,58323,32796800,32796800,3650,9970227200,9970227200,1068246,False
305,1.9974046554465654,0.4353315218395904,nan,nan,nan,10,54099,32796800,32796800,3386,10003024000,10003024000,1071632,False
306,1.9418697532349942,0.444491262857851,nan,nan,nan,10,80690,32796800,32796800,5047,10035820800,10035820800,1076679,False
307,1.9233307410973495,0.45117169690890857,nan,nan,nan,10,54835,32796800,32796800,3431,10068617600,10068617600,1080110,False
308,1.9611751251797838,0.44289636936845317,nan,nan,nan,10,39332,32796800,32796800,2463,10101414400,10101414400,1082573,False
309,1.9693663553651892,0.43980626689143987,nan,nan,nan,10,37371,32796800,32796800,2341,10134211200,10134211200,1084914,False
310,1.984953430258931,0.4373484236054972,1.971145441163056,0.4433350816724112,7.17889478225083,10,75457,32796800,32796800,4722,10167008000,10167008000,1089636,False
311,1.9772616814921447,0.43848293768545993,nan,nan,nan,10,53920,32796800,32796800,3375,10199804800,10199804800,1093011,False
312,1.9730873443133012,0.4392013103502067,nan,nan,nan,10,38463,32796800,32796800,2408,10232601600,10232601600,1095419,False
313,1.9876767159084525,0.43781902552204177,nan,nan,nan,10,25860,32796800,32796800,1620,10265398400,10265398400,1097039,False
314,1.9125940112682533,0.45493692909960853,nan,nan,nan,10,68970,32796800,32796800,4315,10298195200,10298195200,1101354,False
315,1.9521165713838664,0.4428952739833569,nan,nan,nan,10,63690,32796800,32796800,3985,10330992000,10330992000,1105339,False
316,1.9642703388013847,0.43980233602875113,nan,nan,nan,10,40068,32796800,32796800,2509,10363788800,10363788800,1107848,False
317,1.9715056453216404,0.43756562474759714,nan,nan,nan,10,24762,32796800,32796800,1553,10396585600,10396585600,1109401,False
318,1.9930988320464083,0.4365861348677728,nan,nan,nan,10,50746,32796800,32796800,3177,10429382400,10429382400,1112578,False
319,1.980505311642129,0.43708221257556795,nan,nan,nan,10,37549,32796800,32796800,2352,10462179200,10462179200,1114930,False
320,1.9091515526458092,0.45497211964277834,1.952365486728686,0.44766222089015434,7.0453335279030815,10,67969,32796800,32796800,4253,10494976000,10494976000,1119183,False
321,1.9400870658765321,0.4476076784515194,nan,nan,nan,10,93821,32796800,32796800,5868,10527772800,10527772800,1125051,False
322,1.9609305475520968,0.4395699409796624,nan,nan,nan,10,53202,32796800,32796800,3331,10560569600,10560569600,1128382,False
323,1.939176329714715,0.44501825552177476,nan,nan,nan,10,72033,32796800,32796800,4506,10593366400,10593366400,1132888,False
324,1.9864258198433982,0.43508278034720826,nan,nan,nan,10,59676,32796800,32796800,3735,10626163200,10626163200,1136623,False
325,1.9257511655246382,0.449885233358837,nan,nan,nan,10,54894,32796800,32796800,3435,10658960000,10658960000,1140058,False
326,1.9690256727679023,0.44172051306779825,nan,nan,nan,10,51845,32796800,32796800,3247,10691756800,10691756800,1143305,False
327,1.9664553761429464,0.440093371433171,nan,nan,nan,10,24847,32796800,32796800,1557,10724553600,10724553600,1144862,False
328,1.9463977876844445,0.44484408241945533,nan,nan,nan,10,85077,32796800,32796800,5322,10757350400,10757350400,1150184,False
329,1.9347247348629442,0.4488598331027712,nan,nan,nan,10,44818,32796800,32796800,2806,10790147200,10790147200,1152990,False
330,1.960994482647649,0.4410693834293431,1.9348860503350636,0.4510714820920126,6.923255107829169,10,58501,32796800,32796800,3662,10822944000,10822944000,1156652,False
331,1.9339945363025883,0.44966718037839787,nan,nan,nan,10,60994,32796800,32796800,3817,10855740800,10855740800,1160469,False
332,1.941274720814406,0.44557660370985447,nan,nan,nan,10,35527,32796800,32796800,2225,10888537600,10888537600,1162694,False
333,1.9076090376638732,0.4536086219423589,nan,nan,nan,10,82580,32796800,32796800,5166,10921334400,10921334400,1167860,False
334,1.921733241856201,0.45064833841139373,nan,nan,nan,10,42339,32796800,32796800,2649,10954131200,10954131200,1170509,False
335,1.899821350671247,0.4556315044029805,nan,nan,nan,10,81195,32796800,32796800,5078,10986928000,10986928000,1175587,False
336,1.9490318312759511,0.44288891135146063,nan,nan,nan,10,59358,32796800,32796800,3716,11019724800,11019724800,1179303,False
337,1.94627779081011,0.4473883209634505,nan,nan,nan,10,35705,32796800,32796800,2238,11052521600,11052521600,1181541,False
338,1.9529710296355631,0.44326009501187646,nan,nan,nan,10,33680,32796800,32796800,2109,11085318400,11085318400,1183650,False
339,1.9189485532698234,0.4481652222017334,nan,nan,nan,10,54230,32796800,32796800,3394,11118115200,11118115200,1187044,False
340,1.912487926768125,0.45336905608106876,1.918671724768784,0.45463060092911733,6.811904373599551,10,54867,32796800,32796800,3434,11150912000,11150912000,1190478,False
341,1.936093076799699,0.44629950852847644,nan,nan,nan,10,55344,32796800,32796800,3462,11183708800,11183708800,1193940,False
342,1.9348445583687794,0.44869019057093257,nan,nan,nan,10,51267,32796800,32796800,3208,11216505600,11216505600,1197148,False
343,1.9548403762721056,0.44449120697429734,nan,nan,nan,10,33265,32796800,32796800,2083,11249302400,11249302400,1199231,False
344,1.911350748214935,0.452010852457542,nan,nan,nan,10,66713,32796800,32796800,4174,11282099200,11282099200,1203405,False
345,1.9130107255955697,0.45426913512019895,nan,nan,nan,10,54285,32796800,32796800,3398,11314896000,11314896000,1206803,False
346,1.9143612817194986,0.4527047146401985,nan,nan,nan,10,70525,32796800,32796800,4412,11347692800,11347692800,1211215,False
347,1.9334676929752488,0.44722818537694153,nan,nan,nan,10,39595,32796800,32796800,2479,11380489600,11380489600,1213694,False
348,1.8576856645072644,0.46704737356679404,nan,nan,nan,10,45004,32796800,32796800,2817,11413286400,11413286400,1216511,False
349,1.8825503670301256,0.46208650755485814,nan,nan,nan,10,79022,32796800,32796800,4945,11446083200,11446083200,1221456,False
350,1.9124388238037269,0.4514351459367809,1.9033326109399258,0.4579649333133523,6.7082130962795805,10,33028,32796800,32796800,2070,11478880000,11478880000,1223526,False
351,1.8806310451098602,0.4578331357587698,nan,nan,nan,10,59893,32796800,32796800,3749,11511676800,11511676800,1227275,False
352,1.9043189595644372,0.45336559200285076,nan,nan,nan,10,53319,32796800,32796800,3338,11544473600,11544473600,1230613,False
353,1.8883365821595628,0.4586544625154664,nan,nan,nan,10,67081,32796800,32796800,4198,11577270400,11577270400,1234811,False
354,1.9134564013429753,0.4534402624624077,nan,nan,nan,10,54865,32796800,32796800,3432,11610067200,11610067200,1238243,False
355,1.8913299413778093,0.45338100527631214,nan,nan,nan,10,57616,32796800,32796800,3607,11642864000,11642864000,1241850,False
356,1.8871926811205786,0.45796000408816817,nan,nan,nan,10,58706,32796800,32796800,3674,11675660800,11675660800,1245524,False
357,1.8691286998255365,0.4630177514792899,nan,nan,nan,10,54080,32796800,32796800,3383,11708457600,11708457600,1248907,False
358,1.8893324308191621,0.45909474276075346,nan,nan,nan,10,35570,32796800,32796800,2227,11741254400,11741254400,1251134,False
359,1.9144501823414868,0.4498197331188325,nan,nan,nan,10,69619,32796800,32796800,4358,11774051200,11774051200,1255492,False
360,1.8489682704214576,0.4684572705000721,1.8865855019185098,0.46276037764124084,6.596805402438453,10,55512,32796800,32796800,3474,11806848000,11806848000,1258966,False
361,1.897175685493157,0.45702655648463747,nan,nan,nan,10,40781,32796800,32796800,2554,11839644800,11839644800,1261520,False
362,1.9269134801317693,0.4521325051759834,nan,nan,nan,10,24150,32796800,32796800,1514,11872441600,11872441600,1263034,False
363,1.9088810674610919,0.45586103016737756,nan,nan,nan,10,71037,32796800,32796800,4446,11905238400,11905238400,1267480,False
364,1.889397571448342,0.4561305953846765,nan,nan,nan,10,25177,32796800,32796800,1579,11938035200,11938035200,1269059,False
365,1.8654754147954977,0.46356746686989286,nan,nan,nan,10,23619,32796800,32796800,1481,11970832000,11970832000,1270540,False
366,1.8584591861615638,0.46063574200702273,nan,nan,nan,10,43288,32796800,32796800,2710,12003628800,12003628800,1273250,False
367,1.8822900626137526,0.46083329582451876,nan,nan,nan,10,66651,32796800,32796800,4171,12036425600,12036425600,1277421,False
368,1.8482030589131189,0.4685083808341329,nan,nan,nan,10,70876,32796800,32796800,4435,12069222400,12069222400,1281856,False
369,1.8454287146119661,0.46785351781612267,nan,nan,nan,10,74876,32796800,32796800,4685,12102019200,12102019200,1286541,False
370,1.9040904387507545,0.45461647087101525,1.8734888171177833,0.4646523302862281,6.510972412059819,10,33283,32796800,32796800,2085,12134816000,12134816000,1288626,False
371,1.8787768268497327,0.4602153318891655,nan,nan,nan,10,61858,32796800,32796800,3871,12167612800,12167612800,1292497,False
372,1.877375971219386,0.4591290076783307,nan,nan,nan,10,85305,32796800,32796800,5336,12200409600,12200409600,1297833,False
373,1.8515641876894429,0.466107218510673,nan,nan,nan,10,49096,32796800,32796800,3073,12233206400,12233206400,1300906,False
374,1.8673288454393473,0.4638705220566466,nan,nan,nan,10,50665,32796800,32796800,3171,12266003200,12266003200,1304077,False
375,1.8954360781019892,0.458448571052285,nan,nan,nan,10,45558,32796800,32796800,2850,12298800000,12298800000,1306927,False
376,1.8469937184566052,0.46664752607905063,nan,nan,nan,10,31347,32796800,32796800,1964,12331596800,12331596800,1308891,False
377,1.831956698391134,0.46890959016603795,nan,nan,nan,10,38967,32796800,32796800,2440,12364393600,12364393600,1311331,False
378,1.8637526153101853,0.4668282007190871,nan,nan,nan,10,63970,32796800,32796800,4002,12397190400,12397190400,1315333,False
379,1.8530354709687893,0.4646490908775761,nan,nan,nan,10,57693,32796800,32796800,3610,12429987200,12429987200,1318943,False
380,1.8648743743459313,0.46524072976355135,1.8588885170541996,0.46828637794095607,6.4166008640137155,10,60732,32796800,32796800,3799,12462784000,12462784000,1322742,False
381,1.844978350681582,0.46787291636985323,nan,nan,nan,10,77209,32796800,32796800,4831,12495580800,12495580800,1327573,False
382,1.850325004387242,0.46740344622697566,nan,nan,nan,10,42075,32796800,32796800,2634,12528377600,12528377600,1330207,False
383,1.8253846406866123,0.4724178336992753,nan,nan,nan,10,87901,32796800,32796800,5498,12561174400,12561174400,1335705,False
384,1.8705214770681022,0.4608112920457121,nan,nan,nan,10,61778,32796800,32796800,3867,12593971200,12593971200,1339572,False
385,1.8499090286152227,0.4675684311428267,nan,nan,nan,10,56334,32796800,32796800,3526,12626768000,12626768000,1343098,False
386,1.8452420191033452,0.46962930188183566,nan,nan,nan,10,72323,32796800,32796800,4525,12659564800,12659564800,1347623,False
387,1.860042165444243,0.46765799256505575,nan,nan,nan,10,67250,32796800,32796800,4206,12692361600,12692361600,1351829,False
388,1.863315409519835,0.46572300860394117,nan,nan,nan,10,57648,32796800,32796800,3609,12725158400,12725158400,1355438,False
389,1.86446409565709,0.4654450020719186,nan,nan,nan,10,43438,32796800,32796800,2719,12757955200,12757955200,1358157,False
390,1.8144515307042248,0.4700481469040421,1.8430050804610376,0.4732129476996853,6.315488324098457,10,53586,32796800,32796800,3354,12790752000,12790752000,1361511,False
391,1.8581343960710397,0.4651215013232817,nan,nan,nan,10,62345,32796800,32796800,3902,12823548800,12823548800,1365413,False
392,1.8513298775206146,0.46720762089471357,nan,nan,nan,10,70123,32796800,32796800,4389,12856345600,12856345600,1369802,False
393,1.8072057303162232,0.47549921441712434,nan,nan,nan,10,74467,32796800,32796800,4659,12889142400,12889142400,1374461,False
394,1.836730601596482,0.46726933017084166,nan,nan,nan,10,89381,32796800,32796800,5592,12921939200,12921939200,1380053,False
395,1.8344008248374732,0.46840292724924665,nan,nan,nan,10,23230,32796800,32796800,1457,12954736000,12954736000,1381510,False
396,1.8380502663724974,0.4652720380767806,nan,nan,nan,10,35087,32796800,32796800,2198,12987532800,12987532800,1383708,False
397,1.829380014860925,0.4715314580785433,nan,nan,nan,10,58872,32796800,32796800,3684,13020329600,13020329600,1387392,False
398,1.8101218339960916,0.47358784373449236,nan,nan,nan,10,58439,32796800,32796800,3657,13053126400,13053126400,1391049,False
399,1.7917217442426443,0.4795151486594732,nan,nan,nan,10,84892,32796800,32796800,5310,13085923200,13085923200,1396359,False
400,1.8033933202065031,0.4759248466683318,1.829412321913605,0.47471152405215045,6.230224216216382,10,72066,32796800,32796800,4509,13118720000,13118720000,1400868,False
401,1.7699679883430421,0.4859593975114604,nan,nan,nan,10,76350,32796800,32796800,4775,13151516800,13151516800,1405643,False
402,1.8603538054323296,0.4632187844883358,nan,nan,nan,10,52554,32796800,32796800,3291,13184313600,13184313600,1408934,False
403,1.801953585896014,0.47885678685460636,nan,nan,nan,10,51364,32796800,32796800,3215,13217110400,13217110400,1412149,False
404,1.8105746522581545,0.47584654073337623,nan,nan,nan,10,68396,32796800,32796800,4279,13249907200,13249907200,1416428,False
405,1.825012190383207,0.4710881069179961,nan,nan,nan,10,51778,32796800,32796800,3239,13282704000,13282704000,1419667,False
406,1.8205097950698648,0.4742465366573056,nan,nan,nan,10,63739,32796800,32796800,3988,13315500800,13315500800,1423655,False
407,1.8397424474806447,0.47198903546342297,nan,nan,nan,10,52533,32796800,32796800,3288,13348297600,13348297600,1426943,False
408,1.8379537353165163,0.471855429652348,nan,nan,nan,10,54451,32796800,32796800,3407,13381094400,13381094400,1430350,False
409,1.7922427193033845,0.48222717865252074,nan,nan,nan,10,49767,32796800,32796800,3115,13413891200,13413891200,1433465,False
410,1.8144934268358925,0.4751409643462041,1.8170578982471688,0.4772029072381238,6.153726899831353,10,46643,32796800,32796800,2920,13446688000,13446688000,1436385,False
411,1.8307617307388648,0.46900514061082554,nan,nan,nan,10,42991,32796800,32796800,2691,13479484800,13479484800,1439076,False
412,1.7644603933795302,0.48648407983615527,nan,nan,nan,10,78611,32796800,32796800,4918,13512281600,13512281600,1443994,False
413,1.8208661951502134,0.47549493374902574,nan,nan,nan,10,64150,32796800,32796800,4014,13545078400,13545078400,1448008,False
414,1.8263231962559303,0.4736413043478261,nan,nan,nan,10,66240,32796800,32796800,4145,13577875200,13577875200,1452153,False
415,1.8102768701579357,0.47789365341244494,nan,nan,nan,10,66067,32796800,32796800,4134,13610672000,13610672000,1456287,False
416,1.7977118238090612,0.47931507955738634,nan,nan,nan,10,61905,32796800,32796800,3873,13643468800,13643468800,1460160,False
417,1.7703308229229162,0.4856615504177191,nan,nan,nan,10,51470,32796800,32796800,3222,13676265600,13676265600,1463382,False
418,1.7686651347642406,0.48767650319943356,nan,nan,nan,10,74857,32796800,32796800,4683,13709062400,13709062400,1468065,False
419,1.8048020276003651,0.47510566943821564,nan,nan,nan,10,50393,32796800,32796800,3153,13741859200,13741859200,1471218,False
420,1.7731507073412245,0.487932128504618,1.8043821860553084,0.4811366701633448,6.076216317481719,10,42551,32796800,32796800,2663,13774656000,13774656000,1473881,False
421,1.7777360997057998,0.48474825431826535,nan,nan,nan,10,35373,32796800,32796800,2216,13807452800,13807452800,1476097,False
422,1.7815387814168637,0.48451039247890354,nan,nan,nan,10,70628,32796800,32796800,4418,13840249600,13840249600,1480515,False
423,1.8068353553367933,0.4789031193525576,nan,nan,nan,10,25454,32796800,32796800,1595,13873046400,13873046400,1482110,False
424,1.8216355868730525,0.4761557684298209,nan,nan,nan,10,67228,32796800,32796800,4205,13905843200,13905843200,1486315,False
425,1.7869202178130692,0.4812076048533486,nan,nan,nan,10,52335,32796800,32796800,3275,13938640000,13938640000,1489590,False
426,1.7931157992871456,0.4823897047504695,nan,nan,nan,10,64962,32796800,32796800,4065,13971436800,13971436800,1493655,False
427,1.8027799567749743,0.47701629347678326,nan,nan,nan,10,51493,32796800,32796800,3223,14004233600,14004233600,1496878,False
428,1.789172676228988,0.48038142429131137,nan,nan,nan,10,69424,32796800,32796800,4344,14037030400,14037030400,1501222,False
429,1.7732679742461257,0.4823150540373349,nan,nan,nan,10,54962,32796800,32796800,3439,14069827200,14069827200,1504661,False
430,1.7666913214485425,0.4881265930331351,1.7905695774593435,0.4842649482991158,5.992864895230797,10,47080,32796800,32796800,2949,14102624000,14102624000,1507610,False
431,1.7934173586867577,0.4834418604651163,nan,nan,nan,10,32250,32796800,32796800,2021,14135420800,14135420800,1509631,False
432,1.7464348423199447,0.4934987910032392,nan,nan,nan,10,65757,32796800,32796800,4114,14168217600,14168217600,1513745,False
433,1.7908493975049549,0.48202177377961475,nan,nan,nan,10,37017,32796800,32796800,2319,14201014400,14201014400,1516064,False
434,1.80793829943346,0.47932043777042505,nan,nan,nan,10,47148,32796800,32796800,2952,14233811200,14233811200,1519016,False
435,1.7442730429156494,0.49191620817173265,nan,nan,nan,10,88696,32796800,32796800,5550,14266608000,14266608000,1524566,False
436,1.7711194061190554,0.4861785948785292,nan,nan,nan,10,30460,32796800,32796800,1908,14299404800,14299404800,1526474,False
437,1.816784177634448,0.47634535777646364,nan,nan,nan,10,57494,32796800,32796800,3600,14332201600,14332201600,1530074,False
438,1.766511176464838,0.48658453234258076,nan,nan,nan,10,57061,32796800,32796800,3570,14364998400,14364998400,1533644,False
439,1.8182417811356666,0.4761616025511464,nan,nan,nan,10,44529,32796800,32796800,2788,14397795200,14397795200,1536432,False
440,1.776728670280427,0.4878265089272268,1.7805122351264124,0.48782406713622056,5.932894677428347,10,59761,32796800,32796800,3739,14430592000,14430592000,1540171,False
441,1.7853281664302414,0.4848014641521445,nan,nan,nan,10,50268,32796800,32796800,3146,14463388800,14463388800,1543317,False
442,1.7824757005631258,0.4845170945090365,nan,nan,nan,10,17374,32796800,32796800,1091,14496185600,14496185600,1544408,False
443,1.7395597912245084,0.495483976277273,nan,nan,nan,10,73516,32796800,32796800,4599,14528982400,14528982400,1549007,False
444,1.7917686450565333,0.48103037139634175,nan,nan,nan,10,70033,32796800,32796800,4383,14561779200,14561779200,1553390,False
445,1.811092446081071,0.48115887142586633,nan,nan,nan,10,26405,32796800,32796800,1655,14594576000,14594576000,1555045,False
446,1.7735588666774689,0.4862389367520362,nan,nan,nan,10,68018,32796800,32796800,4257,14627372800,14627372800,1559302,False
447,1.8032491938495774,0.4778179085158354,nan,nan,nan,10,47899,32796800,32796800,2998,14660169600,14660169600,1562300,False
448,1.7930659467631975,0.47940497563477813,nan,nan,nan,10,38990,32796800,32796800,2444,14692966400,14692966400,1564744,False
449,1.7796409432944307,0.4826090864153148,nan,nan,nan,10,44506,32796800,32796800,2786,14725763200,14725763200,1567530,False
450,1.7418268314024816,0.4915591596019167,1.7694866043078243,0.4901281282781358,5.867840064130572,10,54260,32796800,32796800,3395,14758560000,14758560000,1570925,False
451,1.794703171521632,0.48056347115436315,nan,nan,nan,10,37198,32796800,32796800,2329,14791356800,14791356800,1573254,False
452,1.7627125439724327,0.48695815079548077,nan,nan,nan,10,69392,32796800,32796800,4341,14824153600,14824153600,1577595,False
453,1.7967225475067834,0.48256065857885616,nan,nan,nan,10,27696,32796800,32796800,1738,14856950400,14856950400,1579333,False
454,1.7249058542694538,0.4986526024022174,nan,nan,nan,10,51952,32796800,32796800,3251,14889747200,14889747200,1582584,False
455,1.784839970492142,0.48487616727568006,nan,nan,nan,10,29556,32796800,32796800,1851,14922544000,14922544000,1584435,False
456,1.7272242224713132,0.49739078075868065,nan,nan,nan,10,59788,32796800,32796800,3741,14955340800,14955340800,1588176,False
457,1.7581558834913036,0.4918164504225687,nan,nan,nan,10,67208,32796800,32796800,4205,14988137600,14988137600,1592381,False
458,1.7779460868922075,0.4830529672941029,nan,nan,nan,10,63964,32796800,32796800,4003,15020934400,15020934400,1596384,False
459,1.7173696913762615,0.5020472766059939,nan,nan,nan,10,58126,32796800,32796800,3639,15053731200,15053731200,1600023,False
460,1.7333769145853228,0.4948819930952333,1.7615284993697478,0.4909710774763974,5.821328494586114,10,99062,32796800,32796800,6198,15086528000,15086528000,1606221,False
461,1.7671450615442987,0.48621328302148065,nan,nan,nan,10,57773,32796800,32796800,3615,15119324800,15119324800,1609836,False
462,1.7627805783585657,0.4885831381733021,nan,nan,nan,10,34160,32796800,32796800,2141,15152121600,15152121600,1611977,False
463,1.7674534380018838,0.4864958649008155,nan,nan,nan,10,34582,32796800,32796800,2167,15184918400,15184918400,1614144,False
464,1.7885555633808257,0.4827037392138063,nan,nan,nan,10,52150,32796800,32796800,3264,15217715200,15217715200,1617408,False
465,1.750017708284421,0.4907613951389337,nan,nan,nan,10,77555,32796800,32796800,4851,15250512000,15250512000,1622259,False
466,1.741549928005897,0.494066736536056,nan,nan,nan,10,59158,32796800,32796800,3703,15283308800,15283308800,1625962,False
467,1.712450167910636,0.5002524226416953,nan,nan,nan,10,81213,32796800,32796800,5081,15316105600,15316105600,1631043,False
468,1.778834262204442,0.48350975417723735,nan,nan,nan,10,34293,32796800,32796800,2150,15348902400,15348902400,1633193,False
469,1.7617577940983549,0.48593862420621264,nan,nan,nan,10,63934,32796800,32796800,3999,15381699200,15381699200,1637192,False
470,1.7676264913198159,0.48597845966267017,1.7507834000403817,0.4934437284579649,5.759112598280489,10,39368,32796800,32796800,2465,15414496000,15414496000,1639657,False
471,1.7709990326841498,0.48709556527170517,nan,nan,nan,10,40025,32796800,32796800,2508,15447292800,15447292800,1642165,False
472,1.7713140945170398,0.4858440979955457,nan,nan,nan,10,56125,32796800,32796800,3512,15480089600,15480089600,1645677,False
473,1.7367152149521388,0.4959615757393009,nan,nan,nan,10,46429,32796800,32796800,2907,15512886400,15512886400,1648584,False
474,1.732221987096052,0.49698667212160313,nan,nan,nan,10,63551,32796800,32796800,3977,15545683200,15545683200,1652561,False
475,1.6982481577583088,0.5041351880300511,nan,nan,nan,10,95038,32796800,32796800,5946,15578480000,15578480000,1658507,False
476,1.7614658579098237,0.49033803978151086,nan,nan,nan,10,38812,32796800,32796800,2430,15611276800,15611276800,1660937,False
477,1.7339365434971445,0.4957776878456765,nan,nan,nan,10,37065,32796800,32796800,2323,15644073600,15644073600,1663260,False
478,1.7329997132687662,0.4944968406052538,nan,nan,nan,10,53333,32796800,32796800,3337,15676870400,15676870400,1666597,False
479,1.750797016357908,0.49403976523044724,nan,nan,nan,10,43958,32796800,32796800,2751,15709667200,15709667200,1669348,False
480,1.7196799011737973,0.500171535639828,1.7446070935760822,0.49556046755582195,5.723652173860345,10,75786,32796800,32796800,4742,15742464000,15742464000,1674090,False
481,1.7696504180990615,0.4876741945338754,nan,nan,nan,10,42553,32796800,32796800,2663,15775260800,15775260800,1676753,False
482,1.7492948538954327,0.49313112519741253,nan,nan,nan,10,46223,32796800,32796800,2892,15808057600,15808057600,1679645,False
483,1.7335893427089857,0.49605120957685594,nan,nan,nan,10,60145,32796800,32796800,3764,15840854400,15840854400,1683409,False
484,1.750769653092571,0.4921848230053507,nan,nan,nan,10,37939,32796800,32796800,2375,15873651200,15873651200,1685784,False
485,1.6833261484714719,0.5083519030216597,nan,nan,nan,10,56095,32796800,32796800,3511,15906448000,15906448000,1689295,False
486,1.6862845536105313,0.5059871128223449,nan,nan,nan,10,75579,32796800,32796800,4729,15939244800,15939244800,1694024,False
487,1.739317855791546,0.49310912715610644,nan,nan,nan,10,34611,32796800,32796800,2168,15972041600,15972041600,1696192,False
488,1.7307391488709387,0.4964147674263628,nan,nan,nan,10,75030,32796800,32796800,4694,16004838400,16004838400,1700886,False
489,1.735583139247884,0.4923957608107063,nan,nan,nan,10,64635,32796800,32796800,4044,16037635200,16037635200,1704930,False
490,1.7231123215527118,0.4974787640867711,1.735687698504029,0.498182976172636,5.672827657783283,10,59098,32796800,32796800,3698,16070432000,16070432000,1708628,False
491,1.724754870142812,0.4967389622161792,nan,nan,nan,10,45231,32796800,32796800,2832,16103228800,16103228800,1711460,False
492,1.7646785121448705,0.48700748310851716,nan,nan,nan,10,41293,32796800,32796800,2584,16136025600,16136025600,1714044,False
493,1.7325915809422463,0.4960287253141831,nan,nan,nan,10,69625,32796800,32796800,4356,16168822400,16168822400,1718400,False
494,1.706910383173167,0.5041941681091054,nan,nan,nan,10,52573,32796800,32796800,3291,16201619200,16201619200,1721691,False
495,1.7332190195242498,0.4960224398767646,nan,nan,nan,10,43494,32796800,32796800,2722,16234416000,16234416000,1724413,False
496,1.7039516781893154,0.502322855158041,nan,nan,nan,10,46064,32796800,32796800,2884,16267212800,16267212800,1727297,False
497,1.74866713418146,0.4902689424954336,nan,nan,nan,10,63508,32796800,32796800,3975,16300009600,16300009600,1731272,False
498,1.715923978216743,0.5021066309655063,nan,nan,nan,10,50792,32796800,32796800,3181,16332806400,16332806400,1734453,False
499,1.746965549546467,0.49222275309231833,nan,nan,nan,10,75348,32796800,32796800,4715,16365603200,16365603200,1739168,False
500,1.7198561660909566,0.4975942505633717,1.7244915289802385,0.5005432339277687,5.6096679508171885,10,32838,32796800,32796800,2057,16398400000,16398400000,1741225,False
501,1.6997030493518113,0.5005979170743374,nan,nan,nan,10,45993,32796800,32796800,2879,16431196800,16431196800,1744104,False
502,1.7251323073825247,0.4989574210767755,nan,nan,nan,10,47958,32796800,32796800,3003,16463993600,16463993600,1747107,False
503,1.7175006863772102,0.49910575203369295,nan,nan,nan,10,51999,32796800,32796800,3254,16496790400,16496790400,1750361,False
504,1.6792536541473502,0.5096159253219367,nan,nan,nan,10,35566,32796800,32796800,2227,16529587200,16529587200,1752588,False
505,1.7178483519044527,0.5039564627608035,nan,nan,nan,10,61924,32796800,32796800,3875,16562384000,16562384000,1756463,False
506,1.6728500221481333,0.5118084001332732,nan,nan,nan,10,51023,32796800,32796800,3194,16595180800,16595180800,1759657,False
507,1.6989965021378084,0.5015544232078144,nan,nan,nan,10,54361,32796800,32796800,3402,16627977600,16627977600,1763059,False
508,1.723198419878073,0.5001877178868329,nan,nan,nan,10,55935,32796800,32796800,3501,16660774400,16660774400,1766560,False
509,1.6949838025011357,0.5040162650401626,nan,nan,nan,10,60006,32796800,32796800,3754,16693571200,16693571200,1770314,False
510,1.7444035531555817,0.48972310261714525,1.715834422177967,0.5029034916829013,5.5613140606293365,10,52691,32796800,32796800,3298,16726368000,16726368000,1773612,False
511,1.640747340164987,0.517771621748521,nan,nan,nan,10,85192,32796800,32796800,5329,16759164800,16759164800,1778941,False
512,1.7131006419793398,0.49912091224192495,nan,nan,nan,10,39814,32796800,32796800,2493,16791961600,16791961600,1781434,False
513,1.6686261948816892,0.5107713855028427,nan,nan,nan,10,84251,32796800,32796800,5270,16824758400,16824758400,1786704,False
514,1.7196994345870633,0.495425923725793,nan,nan,nan,10,33668,32796800,32796800,2110,16857555200,16857555200,1788814,False
515,1.706577579289023,0.5009495267202754,nan,nan,nan,10,67402,32796800,32796800,4217,16890352000,16890352000,1793031,False
516,1.7375787726807979,0.49269040467614694,nan,nan,nan,10,80237,32796800,32796800,5020,16923148800,16923148800,1798051,False
517,1.683821222171734,0.5092009386192416,nan,nan,nan,10,40485,32796800,32796800,2534,16955945600,16955945600,1800585,False
518,1.7085702844375203,0.49887705050577646,nan,nan,nan,10,55657,32796800,32796800,3482,16988742400,16988742400,1804067,False
519,1.723769976552962,0.49591182440764137,nan,nan,nan,10,52713,32796800,32796800,3299,17021539200,17021539200,1807366,False
520,1.6815130535211074,0.5055908472159202,1.7107139036749393,0.5032032069533943,5.532910032817808,10,61708,32796800,32796800,3861,17054336000,17054336000,1811227,False
521,1.6993655517351753,0.5037150016341649,nan,nan,nan,10,45895,32796800,32796800,2874,17087132800,17087132800,1814101,False
522,1.7235090495338667,0.49670726473591525,nan,nan,nan,10,67573,32796800,32796800,4229,17119929600,17119929600,1818330,False
523,1.711355595751704,0.49784040218083975,nan,nan,nan,10,42369,32796800,32796800,2653,17152726400,17152726400,1820983,False
524,1.728872393005329,0.49653775076258544,nan,nan,nan,10,44913,32796800,32796800,2812,17185523200,17185523200,1823795,False
525,1.7133457325699952,0.4992536929332441,nan,nan,nan,10,38858,32796800,32796800,2433,17218320000,17218320000,1826228,False
526,1.7131606153779533,0.5035208256122246,nan,nan,nan,10,35077,32796800,32796800,2197,17251116800,17251116800,1828425,False
527,1.696690119916105,0.5039015896559508,nan,nan,nan,10,62026,32796800,32796800,3881,17283913600,17283913600,1832306,False
528,1.6811453792627693,0.5044428512459537,nan,nan,nan,10,46029,32796800,32796800,2881,17316710400,17316710400,1835187,False
529,1.6415866351495283,0.518449272227201,nan,nan,nan,10,64718,32796800,32796800,4048,17349507200,17349507200,1839235,False
530,1.6850539542891863,0.5051643932823464,1.7007588161158094,0.5067435935860932,5.478102687578478,10,38049,32796800,32796800,2382,17382304000,17382304000,1841617,False
531,1.6344550925379242,0.5201832319430464,nan,nan,nan,10,68547,32796800,32796800,4289,17415100800,17415100800,1845906,False
532,1.679920372214214,0.5089340727048676,nan,nan,nan,10,42198,32796800,32796800,2642,17447897600,17447897600,1848548,False
533,1.6974607801668813,0.5046508935119071,nan,nan,nan,10,51818,32796800,32796800,3243,17480694400,17480694400,1851791,False
534,1.6926341167654093,0.5064402219606524,nan,nan,nan,10,59470,32796800,32796800,3721,17513491200,17513491200,1855512,False
535,1.6643130819633045,0.5099115845083341,nan,nan,nan,10,81773,32796800,32796800,5115,17546288000,17546288000,1860627,False
536,1.6570659426665932,0.5154291389821221,nan,nan,nan,10,58396,32796800,32796800,3653,17579084800,17579084800,1864280,False
537,1.6902720869982306,0.5035894089129219,nan,nan,nan,10,85808,32796800,32796800,5367,17611881600,17611881600,1869647,False
538,1.678377492274521,0.5084504567814476,nan,nan,nan,10,56920,32796800,32796800,3562,17644678400,17644678400,1873209,False
539,1.684359879127832,0.5060220233998624,nan,nan,nan,10,63932,32796800,32796800,4000,17677475200,17677475200,1877209,False
540,1.6743731925462821,0.50785667817645,1.6928328843233236,0.508485688595834,5.434855233910091,10,39966,32796800,32796800,2502,17710272000,17710272000,1879711,False
541,1.6723348863054583,0.5088646236937889,nan,nan,nan,10,42585,32796800,32796800,2666,17743068800,17743068800,1882377,False
542,1.6630995053837792,0.5134782154424825,nan,nan,nan,10,57426,32796800,32796800,3594,17775865600,17775865600,1885971,False
543,1.6865280558792466,0.5090420434184758,nan,nan,nan,10,47998,32796800,32796800,3004,17808662400,17808662400,1888975,False
544,1.699821916650603,0.5062636165577342,nan,nan,nan,10,47736,32796800,32796800,2988,17841459200,17841459200,1891963,False
545,1.663358826948849,0.5138682106424042,nan,nan,nan,10,36270,32796800,32796800,2271,17874256000,17874256000,1894234,False
546,1.6679917667697584,0.5094660336439834,nan,nan,nan,10,34122,32796800,32796800,2135,17907052800,17907052800,1896369,False
547,1.6484053070979932,0.514635422115284,nan,nan,nan,10,47795,32796800,32796800,2991,17939849600,17939849600,1899360,False
548,1.6568086505717496,0.5108186586736605,nan,nan,nan,10,42704,32796800,32796800,2674,17972646400,17972646400,1902034,False
549,1.6895777592631358,0.5054489923413313,nan,nan,nan,10,86438,32796800,32796800,5407,18005443200,18005443200,1907441,False
550,1.673577869123148,0.5107002225646293,1.685867780154923,0.5100779259703282,5.397132425214518,10,35046,32796800,32796800,2194,18038240000,18038240000,1909635,False
551,1.6504712345942227,0.5140968816386478,nan,nan,nan,10,38129,32796800,32796800,2387,18071036800,18071036800,1912022,False
552,1.6452399398678967,0.5125436228353197,nan,nan,nan,10,60748,32796800,32796800,3801,18103833600,18103833600,1915823,False
553,1.6652188768054714,0.5127256302010041,nan,nan,nan,10,57561,32796800,32796800,3602,18136630400,18136630400,1919425,False
554,1.6732840822809856,0.5116574270763173,nan,nan,nan,10,38602,32796800,32796800,2418,18169427200,18169427200,1921843,False
555,1.6531523515649476,0.514675799296665,nan,nan,nan,10,43507,32796800,32796800,2723,18202224000,18202224000,1924566,False
556,1.688037152466566,0.5061803918746289,nan,nan,nan,10,55579,32796800,32796800,3477,18235020800,18235020800,1928043,False
557,1.6624579167100406,0.511412426590337,nan,nan,nan,10,81052,32796800,32796800,5071,18267817600,18267817600,1933114,False
558,1.6672645238250858,0.508860518292683,nan,nan,nan,10,41984,32796800,32796800,2630,18300614400,18300614400,1935744,False
559,1.6784600477994247,0.5082991991196429,nan,nan,nan,10,65428,32796800,32796800,4094,18333411200,18333411200,1939838,False
560,1.6524889510222547,0.5135561702061163,1.6787383650690115,0.5105462310804736,5.358790866727989,10,63993,32796800,32796800,4004,18366208000,18366208000,1943842,False
561,1.679632797169204,0.5124948711435885,nan,nan,nan,10,51181,32796800,32796800,3204,18399004800,18399004800,1947046,False
562,1.679248496616702,0.5063783258413316,nan,nan,nan,10,24693,32796800,32796800,1548,18431801600,18431801600,1948594,False
563,1.6102563076160508,0.5240881998702943,nan,nan,nan,10,64762,32796800,32796800,4052,18464598400,18464598400,1952646,False
564,1.6846656622218716,0.5044995673492934,nan,nan,nan,10,34670,32796800,32796800,2173,18497395200,18497395200,1954819,False
565,1.6977741302684326,0.5055769381823895,nan,nan,nan,10,50924,32796800,32796800,3186,18530192000,18530192000,1958005,False
566,1.7127345631237982,0.5047544428220379,nan,nan,nan,10,28079,32796800,32796800,1760,18562988800,18562988800,1959765,False
567,1.6611637657228893,0.5129412383607764,nan,nan,nan,10,38018,32796800,32796800,2380,18595785600,18595785600,1962145,False
568,1.6376922427570109,0.5213317183136503,nan,nan,nan,10,59442,32796800,32796800,3720,18628582400,18628582400,1965865,False
569,1.6284124729114506,0.5193669304456476,nan,nan,nan,10,79233,32796800,32796800,4958,18661379200,18661379200,1970823,False
570,1.6865499187326989,0.5035312581742087,1.6774465893405712,0.511613966731605,5.351872979893695,10,53522,32796800,32796800,3350,18694176000,18694176000,1974173,False
571,1.6741956159219904,0.5093800789412584,nan,nan,nan,10,43070,32796800,32796800,2699,18726972800,18726972800,1976872,False
572,1.6636905503650536,0.5135738607818693,nan,nan,nan,10,53743,32796800,32796800,3363,18759769600,18759769600,1980235,False
573,1.6650350460119396,0.5117415873140019,nan,nan,nan,10,51143,32796800,32796800,3200,18792566400,18792566400,1983435,False
574,1.6486438536354238,0.518878859190053,nan,nan,nan,10,56942,32796800,32796800,3562,18825363200,18825363200,1986997,False
575,1.677948962306112,0.508626905644829,nan,nan,nan,10,38832,32796800,32796800,2431,18858160000,18858160000,1989428,False
576,1.684645544007584,0.5106205635620563,nan,nan,nan,10,37192,32796800,32796800,2330,18890956800,18890956800,1991758,False
577,1.629336056213294,0.5190095074394371,nan,nan,nan,10,93085,32796800,32796800,5823,18923753600,18923753600,1997581,False
578,1.6431773172554052,0.5150480918399007,nan,nan,nan,10,41899,32796800,32796800,2624,18956550400,18956550400,2000205,False
579,1.6629446565681845,0.5143817706387748,nan,nan,nan,10,37478,32796800,32796800,2345,18989347200,18989347200,2002550,False
580,1.710874846309682,0.5022820629849384,1.6684981856445456,0.5131874719016933,5.304195894981709,10,35056,32796800,32796800,2198,19022144000,19022144000,2004748,False
581,1.6588075790120616,0.5115446877396268,nan,nan,nan,10,70422,32796800,32796800,4405,19054940800,19054940800,2009153,False
582,1.6394537576131447,0.5181684244307324,nan,nan,nan,10,68553,32796800,32796800,4289,19087737600,19087737600,2013442,False
583,1.627007934745788,0.5218780251694095,nan,nan,nan,10,72310,32796800,32796800,4524,19120534400,19120534400,2017966,False
584,1.6767215371802453,0.509126742058092,nan,nan,nan,10,42622,32796800,32796800,2668,19153331200,19153331200,2020634,False
585,1.644845224270847,0.5158817797986359,nan,nan,nan,10,46185,32796800,32796800,2891,19186128000,19186128000,2023525,False
586,1.7022428577746842,0.5047513812154696,nan,nan,nan,10,40725,32796800,32796800,2551,19218924800,19218924800,2026076,False
587,1.6641708525647743,0.5115877506865274,nan,nan,nan,10,48068,32796800,32796800,3009,19251721600,19251721600,2029085,False
588,1.5960410554690294,0.5287538475604181,nan,nan,nan,10,65626,32796800,32796800,4106,19284518400,19284518400,2033191,False
589,1.6546517107572576,0.5154367834652026,nan,nan,nan,10,61930,32796800,32796800,3876,19317315200,19317315200,2037067,False
590,1.6389318088863085,0.5175544558313525,1.6629233346534922,0.514648583845347,5.274708064740545,10,51326,32796800,32796800,3212,19350112000,19350112000,2040279,False
591,1.6659716044336799,0.5107078449053201,nan,nan,nan,10,35488,32796800,32796800,2222,19382908800,19382908800,2042501,False
592,1.593800023036073,0.5323845216471617,nan,nan,nan,10,43493,32796800,32796800,2722,19415705600,19415705600,2045223,False
593,1.669776163308429,0.5076211930604722,nan,nan,nan,10,68362,32796800,32796800,4278,19448502400,19448502400,2049501,False
594,1.5773913857619324,0.534018974976164,nan,nan,nan,10,63979,32796800,32796800,4003,19481299200,19481299200,2053504,False
595,1.6179998510100018,0.5215077029600138,nan,nan,nan,10,69324,32796800,32796800,4338,19514096000,19514096000,2057842,False
596,1.6691870466657963,0.5134638683706569,nan,nan,nan,10,25587,32796800,32796800,1604,19546892800,19546892800,2059446,False
597,1.6528800451005163,0.5138714465121589,nan,nan,nan,10,52554,32796800,32796800,3289,19579689600,19579689600,2062735,False
598,1.663778141644928,0.5143883354000085,nan,nan,nan,10,46774,32796800,32796800,2930,19612486400,19612486400,2065665,False
599,1.6321199726407898,0.5189446211075779,nan,nan,nan,10,66668,32796800,32796800,4172,19645283200,19645283200,2069837,False
600,1.6683965563009493,0.5127574807154361,1.6558411191396942,0.5170275738048854,5.237483417532658,10,35391,32796800,32796800,2215,19678080000,19678080000,2072052,False
601,1.5990718284203982,0.5296191422731449,nan,nan,nan,10,53327,32796800,32796800,3338,19710876800,19710876800,2075390,False
602,1.5908039070729219,0.5321322894834176,nan,nan,nan,10,64888,32796800,32796800,4060,19743673600,19743673600,2079450,False
603,1.618369594769064,0.5238500700690046,nan,nan,nan,10,56373,32796800,32796800,3528,19776470400,19776470400,2082978,False
604,1.6164457584438214,0.5207333252924858,nan,nan,nan,10,82910,32796800,32796800,5187,19809267200,19809267200,2088165,False
605,1.6297848345498174,0.5200452203961051,nan,nan,nan,10,93763,32796800,32796800,5865,19842064000,19842064000,2094030,False
606,1.6173404033115668,0.5221859949355356,nan,nan,nan,10,60421,32796800,32796800,3781,19874860800,19874860800,2097811,False
607,1.680582643977739,0.508583546519456,nan,nan,nan,10,29708,32796800,32796800,1861,19907657600,19907657600,2099672,False
608,1.6290569280773854,0.5207247393744988,nan,nan,nan,10,39904,32796800,32796800,2498,19940454400,19940454400,2102170,False
609,1.621196466614832,0.524088011597196,nan,nan,nan,10,100714,32796800,32796800,6300,19973251200,19973251200,2108470,False
610,1.6524646751029195,0.5162393162393163,1.6514340901542743,0.5179641840251761,5.214452462619273,10,56745,32796800,32796800,3550,20006048000,20006048000,2112020,False
611,1.6075239029385968,0.5246233045767612,nan,nan,nan,10,42541,32796800,32796800,2663,20038844800,20038844800,2114683,False
612,1.6326924236362124,0.5180291153415454,nan,nan,nan,10,75905,32796800,32796800,4750,20071641600,20071641600,2119433,False
613,1.6373678692316729,0.5171869216533004,nan,nan,nan,10,40525,32796800,32796800,2538,20104438400,20104438400,2121971,False
614,1.6104366472907952,0.5264081033084125,nan,nan,nan,10,45611,32796800,32796800,2856,20137235200,20137235200,2124827,False
615,1.6170114975916268,0.5243825067273403,nan,nan,nan,10,45709,32796800,32796800,2862,20170032000,20170032000,2127689,False
616,1.6304073291973933,0.5269173839153555,nan,nan,nan,10,36482,32796800,32796800,2286,20202828800,20202828800,2129975,False
617,1.6430876836575001,0.5171005171439746,nan,nan,nan,10,69033,32796800,32796800,4319,20235625600,20235625600,2134294,False
618,1.6417049696366082,0.5208269289886259,nan,nan,nan,10,39036,32796800,32796800,2444,20268422400,20268422400,2136738,False
619,1.6160086365672304,0.5213541666666667,nan,nan,nan,10,65280,32796800,32796800,4085,20301219200,20301219200,2140823,False
620,1.5952333133616998,0.5266344665018141,1.6439001632562091,0.5194440281732354,5.175314774315054,10,43271,32796800,32796800,2709,20334016000,20334016000,2143532,False
621,1.610809028577016,0.5220797356903217,nan,nan,nan,10,58719,32796800,32796800,3676,20366812800,20366812800,2147208,False
622,1.635497186276863,0.5178945269664041,nan,nan,nan,10,40124,32796800,32796800,2513,20399609600,20399609600,2149721,False
623,1.6442427410861005,0.5160090371756544,nan,nan,nan,10,43819,32796800,32796800,2743,20432406400,20432406400,2152464,False
624,1.6202264029893048,0.5236284560422492,nan,nan,nan,10,80475,32796800,32796800,5035,20465203200,20465203200,2157499,False
625,1.6449120123941687,0.5159920703057927,nan,nan,nan,10,64063,32796800,32796800,4009,20498000000,20498000000,2161508,False
626,1.6527304821420412,0.5160109789569991,nan,nan,nan,10,43720,32796800,32796800,2736,20530796800,20530796800,2164244,False
627,1.6231262004743772,0.5211883890297987,nan,nan,nan,10,67419,32796800,32796800,4218,20563593600,20563593600,2168462,False
628,1.6154260896861616,0.5246654683443179,nan,nan,nan,10,35049,32796800,32796800,2195,20596390400,20596390400,2170657,False
629,1.626086432789937,0.523428825227626,nan,nan,nan,10,49533,32796800,32796800,3101,20629187200,20629187200,2173758,False
630,1.6343270078963101,0.5213895503571929,1.642351669724263,0.519181777311554,5.167307034428053,10,35695,32796800,32796800,2236,20661984000,20661984000,2175994,False
631,1.5844759257095564,0.53194562705267,nan,nan,nan,10,65768,32796800,32796800,4115,20694780800,20694780800,2180109,False
632,1.5651604129799048,0.5378284617655743,nan,nan,nan,10,54192,32796800,32796800,3392,20727577600,20727577600,2183501,False
633,1.6257767747593337,0.5191467446380809,nan,nan,nan,10,60193,32796800,32796800,3767,20760374400,20760374400,2187268,False
634,1.5828466528079275,0.5348344501379583,nan,nan,nan,10,60888,32796800,32796800,3810,20793171200,20793171200,2191078,False
635,1.5862007829387592,0.5321619039556904,nan,nan,nan,10,82691,32796800,32796800,5172,20825968000,20825968000,2196250,False
636,1.5897386991300344,0.5288652841004889,nan,nan,nan,10,59310,32796800,32796800,3712,20858764800,20858764800,2199962,False
637,1.6455846923524227,0.518510895572307,nan,nan,nan,10,38869,32796800,32796800,2434,20891561600,20891561600,2202396,False
638,1.5663716778338894,0.5374548736462094,nan,nan,nan,10,90856,32796800,32796800,5683,20924358400,20924358400,2208079,False
639,1.6084079727367755,0.527269340040054,nan,nan,nan,10,42942,32796800,32796800,2689,20957155200,20957155200,2210768,False
640,1.60782544684043,0.5241793470898993,1.6342642145072541,0.5215794994754983,5.12568520440055,10,44294,32796800,32796800,2772,20989952000,20989952000,2213540,False
641,1.6315407133119335,0.52038789025544,nan,nan,nan,10,42280,32796800,32796800,2646,21022748800,21022748800,2216186,False
642,1.6630440650537275,0.5147794452023647,nan,nan,nan,10,41781,32796800,32796800,2617,21055545600,21055545600,2218803,False
643,1.633070950138611,0.5209567746026194,nan,nan,nan,10,45737,32796800,32796800,2864,21088342400,21088342400,2221667,False
644,1.6294536899437393,0.52307795819503,nan,nan,nan,10,44588,32796800,32796800,2792,21121139200,21121139200,2224459,False
645,1.5956780891973836,0.5312164967266589,nan,nan,nan,10,43839,32796800,32796800,2743,21153936000,21153936000,2227202,False
646,1.5965117563926592,0.5264411000196588,nan,nan,nan,10,45781,32796800,32796800,2866,21186732800,21186732800,2230068,False
647,1.6706382336842631,0.5102014759582237,nan,nan,nan,10,39161,32796800,32796800,2453,21219529600,21219529600,2232521,False
648,1.6289747496932097,0.5257659487219543,nan,nan,nan,10,51211,32796800,32796800,3206,21252326400,21252326400,2235727,False
649,1.6024230062593607,0.5257183987597586,nan,nan,nan,10,36122,32796800,32796800,2263,21285123200,21285123200,2237990,False
650,1.5809350707614716,0.5309881221307294,1.6301217664937002,0.522216394425296,5.1044962373048,10,54892,32796800,32796800,3435,21317920000,21317920000,2241425,False
651,1.5704175980965303,0.536221531221111,nan,nan,nan,10,47596,32796800,32796800,2979,21350716800,21350716800,2244404,False
652,1.6015515731038303,0.5277259910944024,nan,nan,nan,10,64903,32796800,32796800,4061,21383513600,21383513600,2248465,False
653,1.56933484241448,0.5378031383737518,nan,nan,nan,10,65193,32796800,32796800,4080,21416310400,21416310400,2252545,False
654,1.6143216602465607,0.5242597915001446,nan,nan,nan,10,58801,32796800,32796800,3682,21449107200,21449107200,2256227,False
655,1.6008607063817428,0.5283533708095688,nan,nan,nan,10,48742,32796800,32796800,3051,21481904000,21481904000,2259278,False
656,1.6089156176394814,0.530097356797632,nan,nan,nan,10,43243,32796800,32796800,2707,21514700800,21514700800,2261985,False
657,1.5590997835421525,0.5386436158259801,nan,nan,nan,10,66751,32796800,32796800,4177,21547497600,21547497600,2266162,False
658,1.6257141296940465,0.5223225806451612,nan,nan,nan,10,46500,32796800,32796800,2911,21580294400,21580294400,2269073,False
659,1.6308138306206785,0.5193521456002671,nan,nan,nan,10,59890,32796800,32796800,3747,21613091200,21613091200,2272820,False
660,1.6398739671564169,0.5184103432832915,1.624746146381446,0.5240334182526599,5.07713002574799,10,51357,32796800,32796800,3215,21645888000,21645888000,2276035,False
661,1.6081620050721945,0.5215681629752458,nan,nan,nan,10,42215,32796800,32796800,2643,21678684800,21678684800,2278678,False
662,1.6150041996571054,0.5257041255443605,nan,nan,nan,10,38807,32796800,32796800,2431,21711481600,21711481600,2281109,False
663,1.5569149824440998,0.5375216171008987,nan,nan,nan,10,70546,32796800,32796800,4415,21744278400,21744278400,2285524,False
664,1.6133708776631763,0.5260733997562899,nan,nan,nan,10,55804,32796800,32796800,3492,21777075200,21777075200,2289016,False
665,1.6139193557010207,0.5249920726313857,nan,nan,nan,10,59919,32796800,32796800,3749,21809872000,21809872000,2292765,False
666,1.5867416418008886,0.5325291149804635,nan,nan,nan,10,52722,32796800,32796800,3300,21842668800,21842668800,2296065,False
667,1.535412800155305,0.5461301386886712,nan,nan,nan,10,80468,32796800,32796800,5034,21875465600,21875465600,2301099,False
668,1.5958700995392159,0.5280897515114067,nan,nan,nan,10,82539,32796800,32796800,5164,21908262400,21908262400,2306263,False
669,1.54074517187587,0.5432854873097136,nan,nan,nan,10,73639,32796800,32796800,4607,21941059200,21941059200,2310870,False
670,1.5970154422439014,0.5257617608038452,1.6228475754503615,0.5254945301963135,5.0674998789188965,10,45979,32796800,32796800,2878,21973856000,21973856000,2313748,False
671,1.5615282130681054,0.5356675214141524,nan,nan,nan,10,73316,32796800,32796800,4586,22006652800,22006652800,2318334,False
672,1.5614476500241086,0.5414833333333333,nan,nan,nan,10,60000,32796800,32796800,3756,22039449600,22039449600,2322090,False
673,1.6000723980342653,0.5271636876763875,nan,nan,nan,10,42520,32796800,32796800,2663,22072246400,22072246400,2324753,False
674,1.5988034138667797,0.5278885512007448,nan,nan,nan,10,56923,32796800,32796800,3561,22105043200,22105043200,2328314,False
675,1.5295461886568875,0.5506714459670365,nan,nan,nan,10,58307,32796800,32796800,3649,22137840000,22137840000,2331963,False
676,1.5826375194984907,0.532816382486505,nan,nan,nan,10,46684,32796800,32796800,2923,22170636800,22170636800,2334886,False
677,1.5881949487389493,0.5331142568250758,nan,nan,nan,10,51428,32796800,32796800,3219,22203433600,22203433600,2338105,False
678,1.6233659100037319,0.5236058333167539,nan,nan,nan,10,50263,32796800,32796800,3147,22236230400,22236230400,2341252,False
679,1.5574603084050485,0.5392755392755393,nan,nan,nan,10,34398,32796800,32796800,2155,22269027200,22269027200,2343407,False
680,1.56491661302225,0.5376143406833944,1.6170656566013912,0.5257380488535891,5.03828454757972,10,43401,32796800,32796800,2716,22301824000,22301824000,2346123,False
681,1.5671630247621084,0.5376270594907441,nan,nan,nan,10,68767,32796800,32796800,4303,22334620800,22334620800,2350426,False
682,1.58152307309366,0.5348284568542997,nan,nan,nan,10,47131,32796800,32796800,2950,22367417600,22367417600,2353376,False
683,1.5679496276518536,0.5396520946484865,nan,nan,nan,10,52658,32796800,32796800,3296,22400214400,22400214400,2356672,False
684,1.5851800440468555,0.5340972542545702,nan,nan,nan,10,41191,32796800,32796800,2578,22433011200,22433011200,2359250,False
685,1.6088162934456869,0.5258763227513228,nan,nan,nan,10,60480,32796800,32796800,3783,22465808000,22465808000,2363033,False
686,1.562929965499356,0.537103201868902,nan,nan,nan,10,58216,32796800,32796800,3643,22498604800,22498604800,2366676,False
687,1.5790789499162963,0.5305621914317566,nan,nan,nan,10,62790,32796800,32796800,3930,22531401600,22531401600,2370606,False
688,1.5986573377343745,0.5272848739632725,nan,nan,nan,10,61371,32796800,32796800,3840,22564198400,22564198400,2374446,False
689,1.6123794793608783,0.5251277683134583,nan,nan,nan,10,35220,32796800,32796800,2205,22596995200,22596995200,2376651,False
690,1.567314915697415,0.5365564171546131,1.6127371601698979,0.5270118387531845,5.016523481219767,10,50552,32796800,32796800,3165,22629792000,22629792000,2379816,False
691,1.5928697857664553,0.5267857142857143,nan,nan,nan,10,46816,32796800,32796800,2931,22662588800,22662588800,2382747,False
692,1.5752852306697935,0.5361649822452882,nan,nan,nan,10,36610,32796800,32796800,2293,22695385600,22695385600,2385040,False
693,1.5780347236073404,0.5324522557431497,nan,nan,nan,10,43356,32796800,32796800,2715,22728182400,22728182400,2387755,False
694,1.5976242697017664,0.5300467688325441,nan,nan,nan,10,67994,32796800,32796800,4254,22760979200,22760979200,2392009,False
695,1.6181837248168907,0.5285638013881474,nan,nan,nan,10,26222,32796800,32796800,1644,22793776000,22793776000,2393653,False
696,1.6054355441089774,0.5244947064485082,nan,nan,nan,10,62340,32796800,32796800,3903,22826572800,22826572800,2397556,False
697,1.5975873028643102,0.5308301479008403,nan,nan,nan,10,62001,32796800,32796800,3879,22859369600,22859369600,2401435,False
698,1.5668603947468724,0.5378355399004008,nan,nan,nan,10,41165,32796800,32796800,2577,22892166400,22892166400,2404012,False
699,1.604776694860335,0.5230524642289348,nan,nan,nan,10,52207,32796800,32796800,3269,22924963200,22924963200,2407281,False
700,1.5801159180781608,0.5315730695596682,1.6083651376988923,0.5277423947250113,4.994639002409485,10,62680,32796800,32796800,3921,22957760000,22957760000,2411202,False
701,1.532213657694686,0.5451036474459547,nan,nan,nan,10,72023,32796800,32796800,4506,22990556800,22990556800,2415708,False
702,1.5692404134940001,0.5374046983242385,nan,nan,nan,10,51678,32796800,32796800,3232,23023353600,23023353600,2418940,False
703,1.575384980583111,0.5321765334888694,nan,nan,nan,10,61722,32796800,32796800,3864,23056150400,23056150400,2422804,False
704,1.5288443004912953,0.5473311333164101,nan,nan,nan,10,86666,32796800,32796800,5422,23088947200,23088947200,2428226,False
705,1.557887963435152,0.5393975191966922,nan,nan,nan,10,50790,32796800,32796800,3179,23121744000,23121744000,2431405,False
706,1.6056289205238001,0.5274029850746269,nan,nan,nan,10,41875,32796800,32796800,2623,23154540800,23154540800,2434028,False
707,1.540081926575913,0.5441069122353867,nan,nan,nan,10,53427,32796800,32796800,3344,23187337600,23187337600,2437372,False
708,1.61930832092056,0.5228710313828381,nan,nan,nan,10,49167,32796800,32796800,3079,23220134400,23220134400,2440451,False
709,1.5885043160189787,0.5314653007934117,nan,nan,nan,10,49785,32796800,32796800,3118,23252931200,23252931200,2443569,False
710,1.5509839299066395,0.5409715306860191,1.6068334639492232,0.5267308556870972,4.986994700742996,10,73307,32796800,32796800,4587,23285728000,23285728000,2448156,False
711,1.5685836931206272,0.539848799135995,nan,nan,nan,10,58333,32796800,32796800,3650,23318524800,23318524800,2451806,False
712,1.5888899555683507,0.5336613153806318,nan,nan,nan,10,38620,32796800,32796800,2418,23351321600,23351321600,2454224,False
713,1.5808578776689532,0.5326761764845268,nan,nan,nan,10,42202,32796800,32796800,2642,23384118400,23384118400,2456866,False
714,1.5876900222769432,0.5311995421750771,nan,nan,nan,10,48927,32796800,32796800,3061,23416915200,23416915200,2459927,False
715,1.5876950771754192,0.5290877160550883,nan,nan,nan,10,54095,32796800,32796800,3385,23449712000,23449712000,2463312,False
716,1.5729919281894715,0.5368093584198078,nan,nan,nan,10,46931,32796800,32796800,2937,23482508800,23482508800,2466249,False
717,1.5912409688234883,0.5299416653760777,nan,nan,nan,10,38742,32796800,32796800,2427,23515305600,23515305600,2468676,False
718,1.5645273788872338,0.5357726759849863,nan,nan,nan,10,43427,32796800,32796800,2719,23548102400,23548102400,2471395,False
719,1.5493901639113743,0.5403552004380888,nan,nan,nan,10,80349,32796800,32796800,5028,23580899200,23580899200,2476423,False
720,1.5365349371660013,0.544701383831027,1.6021301598272348,0.529784205005245,4.963594420464588,10,65904,32796800,32796800,4123,23613696000,23613696000,2480546,False
721,1.5106680544963573,0.5509863810071858,nan,nan,nan,10,67773,32796800,32796800,4240,23646492800,23646492800,2484786,False
722,1.6068001366728375,0.5298711725849422,nan,nan,nan,10,27401,32796800,32796800,1717,23679289600,23679289600,2486503,False
723,1.574360032157272,0.5361240190501899,nan,nan,nan,10,51863,32796800,32796800,3246,23712086400,23712086400,2489749,False
724,1.5673142184381024,0.5373471585749583,nan,nan,nan,10,47353,32796800,32796800,2963,23744883200,23744883200,2492712,False
725,1.6144676566775653,0.5218040370058873,nan,nan,nan,10,47560,32796800,32796800,2978,23777680000,23777680000,2495690,False
726,1.5239637470633713,0.547465600696144,nan,nan,nan,10,73548,32796800,32796800,4600,23810476800,23810476800,2500290,False
727,1.5481272755946145,0.5408196331741882,nan,nan,nan,10,46289,32796800,32796800,2898,23843273600,23843273600,2503188,False
728,1.4912252546898879,0.5567751394941555,nan,nan,nan,10,49106,32796800,32796800,3074,23876070400,23876070400,2506262,False
729,1.5721253547504441,0.5337260478028303,nan,nan,nan,10,73845,32796800,32796800,4619,23908867200,23908867200,2510881,False
730,1.569293425682263,0.5349751868706628,1.598177517923515,0.5299153304360857,4.944013832184961,10,48563,32796800,32796800,3040,23941664000,23941664000,2513921,False
731,1.5476909070415412,0.5438843023596229,nan,nan,nan,10,51237,32796800,32796800,3205,23974460800,23974460800,2517126,False
732,1.5459117678274712,0.5417431322171715,nan,nan,nan,10,35419,32796800,32796800,2218,24007257600,24007257600,2519344,False
733,1.563066050108562,0.5366149369544132,nan,nan,nan,10,41240,32796800,32796800,2582,24040054400,24040054400,2521926,False
734,1.5436893606416096,0.5428186320606858,nan,nan,nan,10,63804,32796800,32796800,3993,24072851200,24072851200,2525919,False
735,1.5669882010584413,0.5379902391067729,nan,nan,nan,10,56962,32796800,32796800,3565,24105648000,24105648000,2529484,False
736,1.5238741340941901,0.5504090032824467,nan,nan,nan,10,57579,32796800,32796800,3604,24138444800,24138444800,2533088,False
737,1.5714341388929036,0.5369329625011988,nan,nan,nan,10,52135,32796800,32796800,3264,24171241600,24171241600,2536352,False
738,1.5084968389339444,0.5499891134379763,nan,nan,nan,10,50521,32796800,32796800,3163,24204038400,24204038400,2539515,False
739,1.5473564386150094,0.540134603851536,nan,nan,nan,10,75035,32796800,32796800,4695,24236835200,24236835200,2544210,False
740,1.528605225807813,0.548626225622239,1.5957766206443498,0.5305522253858834,4.932158000838778,10,46405,32796800,32796800,2906,24269632000,24269632000,2547116,False
741,1.5289596274534798,0.546751863684771,nan,nan,nan,10,75120,32796800,32796800,4699,24302428800,24302428800,2551815,False
742,1.561386417438653,0.5405368578825454,nan,nan,nan,10,58712,32796800,32796800,3673,24335225600,24335225600,2555488,False
743,1.5320583464108093,0.5476664535574025,nan,nan,nan,10,54745,32796800,32796800,3427,24368022400,24368022400,2558915,False
744,1.6219588262498466,0.524966393743126,nan,nan,nan,10,40915,32796800,32796800,2562,24400819200,24400819200,2561477,False
745,1.5704811733249142,0.5357219308573263,nan,nan,nan,10,37372,32796800,32796800,2341,24433616000,24433616000,2563818,False
746,1.5678974568595183,0.5363469638646486,nan,nan,nan,10,49619,32796800,32796800,3106,24466412800,24466412800,2566924,False
747,1.537460533251623,0.5474357569448249,nan,nan,nan,10,73004,32796800,32796800,4567,24499209600,24499209600,2571491,False
748,1.580206828671962,0.53575792997184,nan,nan,nan,10,37642,32796800,32796800,2358,24532006400,24532006400,2573849,False
749,1.5803190086666736,0.5349554558922013,nan,nan,nan,10,49277,32796800,32796800,3085,24564803200,24564803200,2576934,False
750,1.5719172616545614,0.5354576551344153,1.593686230676063,0.5305522253858834,4.921858635826924,10,43559,32796800,32796800,2727,24597600000,24597600000,2579661,False
751,1.4916250948257752,0.5563544720464949,nan,nan,nan,10,97215,32796800,32796800,6080,24630396800,24630396800,2585741,False
752,1.5188058591301026,0.5498253355396212,nan,nan,nan,10,54390,32796800,32796800,3402,24663193600,24663193600,2589143,False
753,1.5526854224185431,0.5380801311006996,nan,nan,nan,10,47597,32796800,32796800,2980,24695990400,24695990400,2592123,False
754,1.5287964433262917,0.5473417385973923,nan,nan,nan,10,60359,32796800,32796800,3778,24728787200,24728787200,2595901,False
755,1.5460362361375226,0.5421251896701581,nan,nan,nan,10,67881,32796800,32796800,4249,24761584000,24761584000,2600150,False
756,1.4812558404392147,0.560032546234299,nan,nan,nan,10,58993,32796800,32796800,3691,24794380800,24794380800,2603841,False
757,1.5830835359715125,0.5330132513923564,nan,nan,nan,10,26035,32796800,32796800,1631,24827177600,24827177600,2605472,False
758,1.5039118513631333,0.5542617161401164,nan,nan,nan,10,41908,32796800,32796800,2623,24859974400,24859974400,2608095,False
759,1.534175501544127,0.5444325090992522,nan,nan,nan,10,95887,32796800,32796800,5997,24892771200,24892771200,2614092,False
760,1.5369180912117126,0.5438154906842494,1.5901776803195449,0.5311891203356811,4.904620305414162,10,36551,32796800,32796800,2289,24925568000,24925568000,2616381,False
761,1.5803411129228506,0.5343126004131283,nan,nan,nan,10,34856,32796800,32796800,2184,24958364800,24958364800,2618565,False
762,1.4999829608321373,0.5530431432973806,nan,nan,nan,10,51920,32796800,32796800,3250,24991161600,24991161600,2621815,False
763,1.5327149234627315,0.547036592817217,nan,nan,nan,10,44189,32796800,32796800,2768,25023958400,25023958400,2624583,False
764,1.5358080160180207,0.5442486038672458,nan,nan,nan,10,59629,32796800,32796800,3732,25056755200,25056755200,2628315,False
765,1.5435996166027308,0.5418231808852574,nan,nan,nan,10,51646,32796800,32796800,3233,25089552000,25089552000,2631548,False
766,1.4674014687667287,0.5635107183151561,nan,nan,nan,10,63816,32796800,32796800,3993,25122348800,25122348800,2635541,False
767,1.4849146109658486,0.5572017585256204,nan,nan,nan,10,80522,32796800,32796800,5037,25155145600,25155145600,2640578,False
768,1.5294484614385937,0.5447838107546583,nan,nan,nan,10,61127,32796800,32796800,3826,25187942400,25187942400,2644404,False
769,1.5165737076860255,0.5524229920353133,nan,nan,nan,10,52105,32796800,32796800,3261,25220739200,25220739200,2647665,False
770,1.6057937805228089,0.532686617247796,1.5875886390542548,0.5322755881912183,4.891938465040895,10,32781,32796800,32796800,2053,25253536000,25253536000,2649718,False
771,1.5115863106233647,0.5532910952672412,nan,nan,nan,10,60451,32796800,32796800,3784,25286332800,25286332800,2653502,False
772,1.5201931704230127,0.5476912428726806,nan,nan,nan,10,60682,32796800,32796800,3799,25319129600,25319129600,2657301,False
773,1.5110520500631537,0.5541595027112816,nan,nan,nan,10,52927,32796800,32796800,3310,25351926400,25351926400,2660611,False
774,1.5605203393126477,0.5384982690700728,nan,nan,nan,10,50262,32796800,32796800,3146,25384723200,25384723200,2663757,False
775,1.4933498747645146,0.555724168712341,nan,nan,nan,10,67215,32796800,32796800,4206,25417520000,25417520000,2667963,False
776,1.5561818370858387,0.5382462099767251,nan,nan,nan,10,63588,32796800,32796800,3979,25450316800,25450316800,2671942,False
777,1.5638026273789543,0.5392090241913563,nan,nan,nan,10,44148,32796800,32796800,2763,25483113600,25483113600,2674705,False
778,1.558052053175586,0.539162907997478,nan,nan,nan,10,61857,32796800,32796800,3871,25515910400,25515910400,2678576,False
779,1.546957854843035,0.5456118966357875,nan,nan,nan,10,41020,32796800,32796800,2568,25548707200,25548707200,2681144,False
780,1.5567507470354205,0.5405836575875487,1.5841445562168877,0.5338116289524951,4.875119203821868,10,25700,32796800,32796800,1612,25581504000,25581504000,2682756,False
781,1.551736540613918,0.5431138051550896,nan,nan,nan,10,36624,32796800,32796800,2293,25614300800,25614300800,2685049,False
782,1.522760714492615,0.549781593613496,nan,nan,nan,10,39834,32796800,32796800,2494,25647097600,25647097600,2687543,False
783,1.4735548115739785,0.561992523514752,nan,nan,nan,10,99512,32796800,32796800,6224,25679894400,25679894400,2693767,False
784,1.4684723056928997,0.5649890397657894,nan,nan,nan,10,67973,32796800,32796800,4252,25712691200,25712691200,2698019,False
785,1.5611658149330252,0.5373920136442846,nan,nan,nan,10,26971,32796800,32796800,1690,25745488000,25745488000,2699709,False
786,1.5254626674187024,0.546517279627114,nan,nan,nan,10,80239,32796800,32796800,5020,25778284800,25778284800,2704729,False
787,1.485785116411945,0.5594104779479158,nan,nan,nan,10,81829,32796800,32796800,5120,25811081600,25811081600,2709849,False
788,1.5103806840657024,0.5513629027437384,nan,nan,nan,10,66916,32796800,32796800,4188,25843878400,25843878400,2714037,False
789,1.503747943462981,0.5534938741022392,nan,nan,nan,10,59175,32796800,32796800,3702,25876675200,25876675200,2717739,False
790,1.5034717434950615,0.5542588042588042,1.5838052712690165,0.5325378390528998,4.87346542982311,10,73260,32796800,32796800,4584,25909472000,25909472000,2722323,False
791,1.5648042851446573,0.5375899858991169,nan,nan,nan,10,40423,32796800,32796800,2531,25942268800,25942268800,2724854,False
792,1.5485115191976007,0.5398988088123979,nan,nan,nan,10,50202,32796800,32796800,3142,25975065600,25975065600,2727996,False
793,1.5428323263337145,0.5434401514620293,nan,nan,nan,10,42783,32796800,32796800,2678,26007862400,26007862400,2730674,False
794,1.4827429506935552,0.5580882450046882,nan,nan,nan,10,75721,32796800,32796800,4739,26040659200,26040659200,2735413,False
795,1.5446507704801906,0.5430124078114333,nan,nan,nan,10,74711,32796800,32796800,4675,26073456000,26073456000,2740088,False
796,1.5936495487172042,0.5274628284337022,nan,nan,nan,10,44187,32796800,32796800,2766,26106252800,26106252800,2742854,False
797,1.5232844803362093,0.5482573032835666,nan,nan,nan,10,77294,32796800,32796800,4836,26139049600,26139049600,2747690,False
798,1.4987044912601195,0.5554079260035261,nan,nan,nan,10,78274,32796800,32796800,4897,26171846400,26171846400,2752587,False
799,1.5729813445845886,0.5359902115014857,nan,nan,nan,10,28605,32796800,32796800,1793,26204643200,26204643200,2754380,False
800,1.5270694223956978,0.5501809530192346,1.5784228304131678,0.5348606323992208,4.847304757677003,10,59684,32796800,32796800,3735,26237440000,26237440000,2758115,False
801,1.5310580209203746,0.5485953124173324,nan,nan,nan,10,56703,32796800,32796800,3550,26270236800,26270236800,2761665,False
802,1.5403005923723958,0.5434306148344676,nan,nan,nan,10,60683,32796800,32796800,3800,26303033600,26303033600,2765465,False
803,1.5122482200078564,0.5470415778251599,nan,nan,nan,10,52528,32796800,32796800,3289,26335830400,26335830400,2768754,False
804,1.5266931758615423,0.5481303176910793,nan,nan,nan,10,41959,32796800,32796800,2628,26368627200,26368627200,2771382,False
805,1.5408585025883004,0.5430054284037559,nan,nan,nan,10,54528,32796800,32796800,3413,26401424000,26401424000,2774795,False
806,1.5095141892027086,0.5532452999104744,nan,nan,nan,10,44680,32796800,32796800,2797,26434220800,26434220800,2777592,False
807,1.450412346883745,0.5659805047560149,nan,nan,nan,10,67914,32796800,32796800,4250,26467017600,26467017600,2781842,False
808,1.5478806282387174,0.5430226354698575,nan,nan,nan,10,39363,32796800,32796800,2465,26499814400,26499814400,2784307,False
809,1.5000217638465343,0.5529891304347826,nan,nan,nan,10,63296,32796800,32796800,3961,26532611200,26532611200,2788268,False
810,1.5355450869174534,0.5452136710583888,1.576703603203715,0.5352727408961486,4.83897829903313,10,41138,32796800,32796800,2577,26565408000,26565408000,2790845,False
811,1.5218647196541135,0.5470310641617536,nan,nan,nan,10,78193,32796800,32796800,4892,26598204800,26598204800,2795737,False
812,1.5059071362924747,0.5543062887941508,nan,nan,nan,10,45271,32796800,32796800,2834,26631001600,26631001600,2798571,False
813,1.5409164913677202,0.541638923237896,nan,nan,nan,10,42052,32796800,32796800,2634,26663798400,26663798400,2801205,False
814,1.5623125797962996,0.5419676689474688,nan,nan,nan,10,36683,32796800,32796800,2298,26696595200,26696595200,2803503,False
815,1.4469834854478687,0.5695481335952849,nan,nan,nan,10,71260,32796800,32796800,4459,26729392000,26729392000,2807962,False
816,1.5188025400592022,0.5494894924662966,nan,nan,nan,10,40352,32796800,32796800,2528,26762188800,26762188800,2810490,False
817,1.503707166510725,0.5539309318954005,nan,nan,nan,10,59159,32796800,32796800,3702,26794985600,26794985600,2814192,False
818,1.5321814220645142,0.54270403473431,nan,nan,nan,10,51131,32796800,32796800,3201,26827782400,26827782400,2817393,False
819,1.470753307087769,0.5645019273289373,nan,nan,nan,10,51107,32796800,32796800,3200,26860579200,26860579200,2820593,False
820,1.5060911899219245,0.5549347848413269,1.5721998427308304,0.5358909036415406,4.817233702822601,10,48685,32796800,32796800,3048,26893376000,26893376000,2823641,False
821,1.5174706910617544,0.5512831050978974,nan,nan,nan,10,60829,32796800,32796800,3806,26926172800,26926172800,2827447,False
822,1.4978062150847684,0.5545993540108844,nan,nan,nan,10,45202,32796800,32796800,2829,26958969600,26958969600,2830276,False
823,1.5292930640663727,0.5461409014417611,nan,nan,nan,10,65961,32796800,32796800,4128,26991766400,26991766400,2834404,False
824,1.5036382776331731,0.553715308863026,nan,nan,nan,10,58084,32796800,32796800,3636,27024563200,27024563200,2838040,False
825,1.5635358896386227,0.5392204360273067,nan,nan,nan,10,45410,32796800,32796800,2842,27057360000,27057360000,2840882,False
826,1.535715024716161,0.5467815266810242,nan,nan,nan,10,37611,32796800,32796800,2356,27090156800,27090156800,2843238,False
827,1.4879380303494345,0.5569606763525274,nan,nan,nan,10,56302,32796800,32796800,3524,27122953600,27122953600,2846762,False
828,1.5606540549926047,0.5421381674770879,nan,nan,nan,10,44627,32796800,32796800,2794,27155750400,27155750400,2849556,False
829,1.5045800053557736,0.5548990452339959,nan,nan,nan,10,76668,32796800,32796800,4796,27188547200,27188547200,2854352,False
830,1.491338093425673,0.5554909936083672,1.5685930156321892,0.5371084969279185,4.799890070306876,10,53351,32796800,32796800,3339,27221344000,27221344000,2857691,False
831,1.4643954349927235,0.5633211350410943,nan,nan,nan,10,66676,32796800,32796800,4173,27254140800,27254140800,2861864,False
832,1.5123839488383433,0.5491334842468549,nan,nan,nan,10,53894,32796800,32796800,3374,27286937600,27286937600,2865238,False
833,1.4559557559845928,0.5649266329048176,nan,nan,nan,10,77010,32796800,32796800,4818,27319734400,27319734400,2870056,False
834,1.5070002822077824,0.5518364928909952,nan,nan,nan,10,37136,32796800,32796800,2325,27352531200,27352531200,2872381,False
835,1.5408350717830874,0.545505257579561,nan,nan,nan,10,35853,32796800,32796800,2246,27385328000,27385328000,2874627,False
836,1.4717905135941893,0.5625850340136055,nan,nan,nan,10,86730,32796800,32796800,5427,27418124800,27418124800,2880054,False
837,1.5576746352910522,0.5402401067140952,nan,nan,nan,10,42731,32796800,32796800,2676,27450921600,27450921600,2882730,False
838,1.5195845173451972,0.5467221531643517,nan,nan,nan,10,37006,32796800,32796800,2318,27483718400,27483718400,2885048,False
839,1.4934463654251662,0.555762534395013,nan,nan,nan,10,82134,32796800,32796800,5139,27516515200,27516515200,2890187,False
840,1.479127518833905,0.5613934426229508,1.566397614499073,0.5376142664468755,4.789363944969244,10,48800,32796800,32796800,3054,27549312000,27549312000,2893241,False
841,1.4972706583234847,0.5552055737499739,nan,nan,nan,10,47939,32796800,32796800,3000,27582108800,27582108800,2896241,False
842,1.5341239938095128,0.5459751357445924,nan,nan,nan,10,33703,32796800,32796800,2111,27614905600,27614905600,2898352,False
843,1.4760821972445484,0.5620205874170343,nan,nan,nan,10,50322,32796800,32796800,3150,27647702400,27647702400,2901502,False
844,1.528058484705444,0.5478165687291162,nan,nan,nan,10,52074,32796800,32796800,3259,27680499200,27680499200,2904761,False
845,1.500519021833769,0.5558049132368853,nan,nan,nan,10,24953,32796800,32796800,1564,27713296000,27713296000,2906325,False
846,1.5037035982895517,0.551445803165198,nan,nan,nan,10,66157,32796800,32796800,4139,27746092800,27746092800,2910464,False
847,1.5015157306303577,0.5575367284338171,nan,nan,nan,10,55747,32796800,32796800,3489,27778889600,27778889600,2913953,False
848,1.5378646837504815,0.5459221320369808,nan,nan,nan,10,46078,32796800,32796800,2886,27811686400,27811686400,2916839,False
849,1.485931476020272,0.5589481345999515,nan,nan,nan,10,53581,32796800,32796800,3354,27844483200,27844483200,2920193,False
850,1.4820102049299508,0.5561901644709926,1.5647789407451704,0.5376704630600929,4.781617798187189,10,61105,32796800,32796800,3824,27877280000,27877280000,2924017,False
851,1.5046087866555788,0.554103821597113,nan,nan,nan,10,54035,32796800,32796800,3382,27910076800,27910076800,2927399,False
852,1.528800042662633,0.5489211504926781,nan,nan,nan,10,47597,32796800,32796800,2979,27942873600,27942873600,2930378,False
853,1.520991108572004,0.5502129695009452,nan,nan,nan,10,43903,32796800,32796800,2748,27975670400,27975670400,2933126,False
854,1.5560213249623323,0.5415131151094732,nan,nan,nan,10,32291,32796800,32796800,2022,28008467200,28008467200,2935148,False
855,1.5159513871988826,0.5491916772696654,nan,nan,nan,10,53444,32796800,32796800,3343,28041264000,28041264000,2938491,False
856,1.4621557281655049,0.5633362106171774,nan,nan,nan,10,74144,32796800,32796800,4639,28074060800,28074060800,2943130,False
857,1.5229282851316435,0.551599775812072,nan,nan,nan,10,41037,32796800,32796800,2569,28106857600,28106857600,2945699,False
858,1.4905689456630775,0.5599153313274089,nan,nan,nan,10,57164,32796800,32796800,3577,28139654400,28139654400,2949276,False
859,1.5360526203778937,0.5447702681511682,nan,nan,nan,10,38262,32796800,32796800,2397,28172451200,28172451200,2951673,False
860,1.503674538015942,0.5518779850232906,1.5616328883846358,0.5376704630600929,4.7665982168089585,10,50879,32796800,32796800,3184,28205248000,28205248000,2954857,False
861,1.437415792664752,0.5717739017152783,nan,nan,nan,10,69085,32796800,32796800,4322,28238044800,28238044800,2959179,False
862,1.4887547047182572,0.5595526464979642,nan,nan,nan,10,58209,32796800,32796800,3641,28270841600,28270841600,2962820,False
863,1.5149358007840252,0.5494211932324132,nan,nan,nan,10,37059,32796800,32796800,2320,28303638400,28303638400,2965140,False
864,1.5103856847380814,0.5498057422901452,nan,nan,nan,10,62031,32796800,32796800,3882,28336435200,28336435200,2969022,False
865,1.4459149647720129,0.5694914630556374,nan,nan,nan,10,54352,32796800,32796800,3402,28369232000,28369232000,2972424,False
866,1.453791719661859,0.5661175943919339,nan,nan,nan,10,98287,32796800,32796800,6148,28402028800,28402028800,2978572,False
867,1.4027923064558616,0.5796478783114247,nan,nan,nan,10,54697,32796800,32796800,3423,28434825600,28434825600,2981995,False
868,1.4634313833790245,0.5613229866565723,nan,nan,nan,10,84536,32796800,32796800,5289,28467622400,28467622400,2987284,False
869,1.4682303355861668,0.5629232950070877,nan,nan,nan,10,50792,32796800,32796800,3179,28500419200,28500419200,2990463,False
870,1.489005608812039,0.5583186485993802,1.5619386065297447,0.5390191817773116,4.768055675148659,10,65828,32796800,32796800,4118,28533216000,28533216000,2994581,False
871,1.4347152506974792,0.5716591349257586,nan,nan,nan,10,83646,32796800,32796800,5233,28566012800,28566012800,2999814,False
872,1.502921026696711,0.5540829896093944,nan,nan,nan,10,44367,32796800,32796800,2778,28598809600,28598809600,3002592,False
873,1.4636335606788387,0.5648787484572534,nan,nan,nan,10,59958,32796800,32796800,3753,28631606400,28631606400,3006345,False
874,1.509456178746887,0.5531798620124325,nan,nan,nan,10,58556,32796800,32796800,3665,28664403200,28664403200,3010010,False
875,1.4213437902977382,0.5743186582809224,nan,nan,nan,10,57240,32796800,32796800,3581,28697200000,28697200000,3013591,False
876,1.5017969550612071,0.5544356770916525,nan,nan,nan,10,62606,32796800,32796800,3918,28729996800,28729996800,3017509,False
877,1.4912827459270406,0.5552342677906293,nan,nan,nan,10,40808,32796800,32796800,2555,28762793600,28762793600,3020064,False
878,1.5066007423292302,0.5540934540857135,nan,nan,nan,10,77514,32796800,32796800,4850,28795590400,28795590400,3024914,False
879,1.5230145789005949,0.5484053963020086,nan,nan,nan,10,56409,32796800,32796800,3530,28828387200,28828387200,3028444,False
880,1.4747449611698884,0.5612431769286844,1.5600142871245584,0.5401243818372546,4.758889235495427,10,56243,32796800,32796800,3520,28861184000,28861184000,3031964,False
881,1.511750177790136,0.5502504231890127,nan,nan,nan,10,57303,32796800,32796800,3586,28893980800,28893980800,3035550,False
882,1.4726693288384733,0.560140957979825,nan,nan,nan,10,59876,32796800,32796800,3747,28926777600,28926777600,3039297,False
883,1.4923169435523862,0.5555333628179704,nan,nan,nan,10,70093,32796800,32796800,4387,28959574400,28959574400,3043684,False
884,1.435544932262151,0.5707232341498816,nan,nan,nan,10,84053,32796800,32796800,5259,28992371200,28992371200,3048943,False
885,1.4806757394710883,0.5581471845937621,nan,nan,nan,10,66882,32796800,32796800,4184,29025168000,29025168000,3053127,False
886,1.5436471918549795,0.5431310619806017,nan,nan,nan,10,44643,32796800,32796800,2796,29057964800,29057964800,3055923,False
887,1.4845917760110148,0.5580242822281807,nan,nan,nan,10,66386,32796800,32796800,4154,29090761600,29090761600,3060077,False
888,1.5112565278825205,0.5518902248865172,nan,nan,nan,10,28859,32796800,32796800,1808,29123558400,29123558400,3061885,False
889,1.4991938512099776,0.5559534676871942,nan,nan,nan,10,42723,32796800,32796800,2674,29156355200,29156355200,3064559,False
890,1.4643761029915163,0.564328758656534,1.5562266850960982,0.5412857785104151,4.740898549261438,10,71189,32796800,32796800,4454,29189152000,29189152000,3069013,False
891,1.4522174069993121,0.5646924643584521,nan,nan,nan,10,61375,32796800,32796800,3841,29221948800,29221948800,3072854,False
892,1.4415639564712532,0.5682414542345915,nan,nan,nan,10,84223,32796800,32796800,5268,29254745600,29254745600,3078122,False
893,1.5071711015371834,0.551711040370424,nan,nan,nan,10,55288,32796800,32796800,3461,29287542400,29287542400,3081583,False
894,1.533891566055023,0.5480535736637877,nan,nan,nan,10,39945,32796800,32796800,2501,29320339200,29320339200,3084084,False
895,1.4978996249965044,0.5536028862550558,nan,nan,nan,10,70957,32796800,32796800,4440,29353136000,29353136000,3088524,False
896,1.5032911842151093,0.5509286160070588,nan,nan,nan,10,46467,32796800,32796800,2909,29385932800,29385932800,3091433,False
897,1.4686735243175804,0.5611011450701628,nan,nan,nan,10,59647,32796800,32796800,3733,29418729600,29418729600,3095166,False
898,1.4821969722534796,0.5598600349912521,nan,nan,nan,10,56014,32796800,32796800,3506,29451526400,29451526400,3098672,False
899,1.517776627048369,0.5476565859251827,nan,nan,nan,10,27908,32796800,32796800,1749,29484323200,29484323200,3100421,False
900,1.4742517236093968,0.5580869366335879,1.5549722516374147,0.5413045107148209,4.734955136084575,10,78701,32796800,32796800,4923,29517120000,29517120000,3105344,False
901,1.449159607556044,0.5646648307476524,nan,nan,nan,10,58463,32796800,32796800,3659,29549916800,29549916800,3109003,False
902,1.5366167486197182,0.5427665329726704,nan,nan,nan,10,32163,32796800,32796800,2016,29582713600,29582713600,3111019,False
903,1.4698161837252062,0.5631628226931382,nan,nan,nan,10,52333,32796800,32796800,3274,29615510400,29615510400,3114293,False
904,1.4758421365070489,0.5603291342022865,nan,nan,nan,10,68665,32796800,32796800,4296,29648307200,29648307200,3118589,False
905,1.4581311861274748,0.5665729721109184,nan,nan,nan,10,50163,32796800,32796800,3140,29681104000,29681104000,3121729,False
906,1.4048716634338398,0.5781025722813333,nan,nan,nan,10,87782,32796800,32796800,5492,29713900800,29713900800,3127221,False
907,1.4718209854981505,0.5615362628435605,nan,nan,nan,10,66473,32796800,32796800,4158,29746697600,29746697600,3131379,False
908,1.4411965266000653,0.5696424342884205,nan,nan,nan,10,84460,32796800,32796800,5284,29779494400,29779494400,3136663,False
909,1.4152138878271736,0.5762562197771393,nan,nan,nan,10,71345,32796800,32796800,4464,29812291200,29812291200,3141127,False
910,1.5253980308125232,0.548536415690052,1.5556380151183855,0.5400494530196314,4.738108545894284,10,37374,32796800,32796800,2342,29845088000,29845088000,3143469,False
911,1.4784736233818547,0.5603285838291026,nan,nan,nan,10,47233,32796800,32796800,2957,29877884800,29877884800,3146426,False
912,1.4991349437260382,0.5533819469930271,nan,nan,nan,10,62671,32796800,32796800,3923,29910681600,29910681600,3150349,False
913,1.439026881759862,0.5701790121977521,nan,nan,nan,10,83458,32796800,32796800,5221,29943478400,29943478400,3155570,False
914,1.4450039976295008,0.5683800122357138,nan,nan,nan,10,96439,32796800,32796800,6033,29976275200,29976275200,3161603,False
915,1.4303799375687092,0.5740150426068296,nan,nan,nan,10,47997,32796800,32796800,3006,30009072000,30009072000,3164609,False
916,1.4724169513542693,0.5626880641925778,nan,nan,nan,10,43868,32796800,32796800,2745,30041868800,30041868800,3167354,False
917,1.457889037076349,0.5646648044692737,nan,nan,nan,10,85920,32796800,32796800,5375,30074665600,30074665600,3172729,False
918,1.4224692380904307,0.5741821173194963,nan,nan,nan,10,79015,32796800,32796800,4943,30107462400,30107462400,3177672,False
919,1.5127482097252738,0.5535937289861477,nan,nan,nan,10,52049,32796800,32796800,3258,30140259200,30140259200,3180930,False
920,1.4518363588858731,0.5663898411472165,1.5537950419493562,0.5424284429791698,4.7293843806428315,10,82844,32796800,32796800,5183,30173056000,30173056000,3186113,False
921,1.5623610768854033,0.5400994821477242,nan,nan,nan,10,29352,32796800,32796800,1840,30205852800,30205852800,3187953,False
922,1.4051454839184851,0.5803990697261024,nan,nan,nan,10,67507,32796800,32796800,4223,30238649600,30238649600,3192176,False
923,1.4939216154635664,0.5551211051606622,nan,nan,nan,10,65728,32796800,32796800,4112,30271446400,30271446400,3196288,False
924,1.5432187309857055,0.5438279205787286,nan,nan,nan,10,25988,32796800,32796800,1629,30304243200,30304243200,3197917,False
925,1.4907100250436152,0.5562512873326467,nan,nan,nan,10,48550,32796800,32796800,3040,30337040000,30337040000,3200957,False
926,1.4010029110509195,0.5811106155218555,nan,nan,nan,10,89680,32796800,32796800,5608,30369836800,30369836800,3206565,False
927,1.4647411888637871,0.5666050546273081,nan,nan,nan,10,54643,32796800,32796800,3421,30402633600,30402633600,3209986,False
928,1.5026419017317585,0.5527575352507438,nan,nan,nan,10,46382,32796800,32796800,2904,30435430400,30435430400,3212890,False
929,1.4496923651752933,0.5684285427575763,nan,nan,nan,10,54809,32796800,32796800,3429,30468227200,30468227200,3216319,False
930,1.4482247498963765,0.5671633993757101,1.5519839594358091,0.5418477446425896,4.720826826848303,10,76567,32796800,32796800,4789,30501024000,30501024000,3221108,False
931,1.4616289959245234,0.5687991362148666,nan,nan,nan,10,59274,32796800,32796800,3710,30533820800,30533820800,3224818,False
932,1.3890311464832041,0.5869664460168911,nan,nan,nan,10,61334,32796800,32796800,3838,30566617600,30566617600,3228656,False
933,1.464844973476298,0.5638749460075366,nan,nan,nan,10,67139,32796800,32796800,4201,30599414400,30599414400,3232857,False
934,1.4689103496458475,0.5622099717385995,nan,nan,nan,10,57322,32796800,32796800,3588,30632211200,30632211200,3236445,False
935,1.4919202388925157,0.555703020108335,nan,nan,nan,10,64799,32796800,32796800,4056,30665008000,30665008000,3240501,False
936,1.4935920780383407,0.557134735645253,nan,nan,nan,10,40457,32796800,32796800,2534,30697804800,30697804800,3243035,False
937,1.40293374321903,0.5806978882386422,nan,nan,nan,10,68521,32796800,32796800,4286,30730601600,30730601600,3247321,False
938,1.4639124286952025,0.5639997783237581,nan,nan,nan,10,54133,32796800,32796800,3388,30763398400,30763398400,3250709,False
939,1.4562481613531495,0.5699949655982547,nan,nan,nan,10,59590,32796800,32796800,3729,30796195200,30796195200,3254438,False
940,1.471233202642014,0.561075088893537,1.555357828430377,0.540892402217893,4.736781176917628,10,66934,32796800,32796800,4189,30828992000,30828992000,3258627,False
941,1.4373835567838806,0.5729283285101708,nan,nan,nan,10,47341,32796800,32796800,2964,30861788800,30861788800,3261591,False
942,1.4953375607877377,0.5545477818820174,nan,nan,nan,10,54686,32796800,32796800,3423,30894585600,30894585600,3265014,False
943,1.3857142179969357,0.5838513638894044,nan,nan,nan,10,86224,32796800,32796800,5393,30927382400,30927382400,3270407,False
944,1.458671107072246,0.5692658818120618,nan,nan,nan,10,60903,32796800,32796800,3812,30960179200,30960179200,3274219,False
945,1.4909287633514363,0.5544507156885295,nan,nan,nan,10,56519,32796800,32796800,3537,30992976000,30992976000,3277756,False
946,1.4112323093782426,0.5778009004891426,nan,nan,nan,10,102833,32796800,32796800,6433,31025772800,31025772800,3284189,False
947,1.384625982182075,0.584523418191558,nan,nan,nan,10,82137,32796800,32796800,5139,31058569600,31058569600,3289328,False
948,1.4778788367842748,0.5617099562817749,nan,nan,nan,10,50551,32796800,32796800,3165,31091366400,31091366400,3292493,False
949,1.484617018350461,0.5574751084526153,nan,nan,nan,10,52327,32796800,32796800,3276,31124163200,31124163200,3295769,False
950,1.3862610474456172,0.5862514369857529,1.5509559685155296,0.5426344972276338,4.715976353282635,10,77419,32796800,32796800,4844,31156960000,31156960000,3300613,False
951,1.463899003015817,0.5666612630555106,nan,nan,nan,10,43181,32796800,32796800,2703,31189756800,31189756800,3303316,False
952,1.4659635971623461,0.5636268858089047,nan,nan,nan,10,32612,32796800,32796800,2043,31222553600,31222553600,3305359,False
953,1.4792355942528117,0.5604362375519091,nan,nan,nan,10,49606,32796800,32796800,3105,31255350400,31255350400,3308464,False
954,1.4587099066196623,0.5666936544884121,nan,nan,nan,10,59286,32796800,32796800,3710,31288147200,31288147200,3312174,False
955,1.432080117085373,0.5702465223084661,nan,nan,nan,10,52693,32796800,32796800,3298,31320944000,31320944000,3315472,False
956,1.441366424848163,0.5722857142857143,nan,nan,nan,10,31500,32796800,32796800,1975,31353740800,31353740800,3317447,False
957,1.4368030736239137,0.5694316620650101,nan,nan,nan,10,74973,32796800,32796800,4690,31386537600,31386537600,3322137,False
958,1.4928912040320166,0.5564146696676817,nan,nan,nan,10,37765,32796800,32796800,2365,31419334400,31419334400,3324502,False
959,1.4394970304896368,0.5714285714285714,nan,nan,nan,10,47201,32796800,32796800,2955,31452131200,31452131200,3327457,False
960,1.5615946961701164,0.539947379960535,1.5509251834355462,0.5414543683500674,4.715831173808091,10,45610,32796800,32796800,2857,31484928000,31484928000,3330314,False
961,1.4198667245638,0.5724025887554265,nan,nan,nan,10,37547,32796800,32796800,2351,31517724800,31517724800,3332665,False
962,1.4698706199505085,0.5600920069005175,nan,nan,nan,10,33041,32796800,32796800,2069,31550521600,31550521600,3334734,False
963,1.4739702777425865,0.5597389064742544,nan,nan,nan,10,50863,32796800,32796800,3184,31583318400,31583318400,3337918,False
964,1.4465946031952284,0.5687437852171031,nan,nan,nan,10,30170,32796800,32796800,1890,31616115200,31616115200,3339808,False
965,1.4766044678980992,0.5579279110053639,nan,nan,nan,10,47913,32796800,32796800,3001,31648912000,31648912000,3342809,False
966,1.4989594367999237,0.5556962489906775,nan,nan,nan,10,54492,32796800,32796800,3409,31681708800,31681708800,3346218,False
967,1.5359134486549646,0.5446310759245391,nan,nan,nan,10,28041,32796800,32796800,1757,31714505600,31714505600,3347975,False
968,1.4547134646431086,0.5672575271858696,nan,nan,nan,10,63636,32796800,32796800,3982,31747302400,31747302400,3351957,False
969,1.5450428041375122,0.5405898741473725,nan,nan,nan,10,31227,32796800,32796800,1955,31780099200,31780099200,3353912,False
970,1.4504454454015654,0.5660124819074596,1.546708932330936,0.5433837854038663,4.695989902695796,10,64253,32796800,32796800,4020,31812896000,31812896000,3357932,False
971,1.477761681555024,0.5604718237903695,nan,nan,nan,10,77317,32796800,32796800,4836,31845692800,31845692800,3362768,False
972,1.471731673261615,0.5655693586238077,nan,nan,nan,10,46447,32796800,32796800,2907,31878489600,31878489600,3365675,False
973,1.4577709821369462,0.5659311532982142,nan,nan,nan,10,60366,32796800,32796800,3779,31911286400,31911286400,3369454,False
974,1.4697163022231186,0.5623540318411153,nan,nan,nan,10,56091,32796800,32796800,3509,31944083200,31944083200,3372963,False
975,1.4687831583024868,0.5646222308213215,nan,nan,nan,10,62022,32796800,32796800,3881,31976880000,31976880000,3376844,False
976,1.3861866208574312,0.584029993618379,nan,nan,nan,10,62680,32796800,32796800,3922,32009676800,32009676800,3380766,False
977,1.414692897234657,0.5789558640409538,nan,nan,nan,10,86732,32796800,32796800,5425,32042473600,32042473600,3386191,False
978,1.4274387826754669,0.5724041383549014,nan,nan,nan,10,58574,32796800,32796800,3666,32075270400,32075270400,3389857,False
979,1.3724812000265179,0.5872053002925486,nan,nan,nan,10,92976,32796800,32796800,5815,32108067200,32108067200,3395672,False
980,1.447770838084434,0.5702482011480313,1.5470040831343623,0.543720965083171,4.697376132451809,10,61845,32796800,32796800,3870,32140864000,32140864000,3399542,False
981,1.4568335399319452,0.5651425436522199,nan,nan,nan,10,52861,32796800,32796800,3309,32173660800,32173660800,3402851,False
982,1.4567246668605476,0.5638124967751922,nan,nan,nan,10,77524,32796800,32796800,4849,32206457600,32206457600,3407700,False
983,1.4804486186241013,0.5575359541572866,nan,nan,nan,10,53749,32796800,32796800,3365,32239254400,32239254400,3411065,False
984,1.4475072287332367,0.5692720294207391,nan,nan,nan,10,62269,32796800,32796800,3896,32272051200,32272051200,3414961,False
985,1.4520355172850354,0.5635067770774111,nan,nan,nan,10,48546,32796800,32796800,3040,32304848000,32304848000,3418001,False
986,1.4624982709768164,0.5621342512908778,nan,nan,nan,10,37765,32796800,32796800,2366,32337644800,32337644800,3420367,False
987,1.4566318425543097,0.5657398437661026,nan,nan,nan,10,48517,32796800,32796800,3038,32370441600,32370441600,3423405,False
988,1.4267320819439355,0.573010724947481,nan,nan,nan,10,54266,32796800,32796800,3396,32403238400,32403238400,3426801,False
989,1.4086730405322274,0.5769822322207429,nan,nan,nan,10,87124,32796800,32796800,5450,32436035200,32436035200,3432251,False
990,1.4943293691424144,0.5565389448915746,1.5492970794461647,0.5424284429791698,4.708159557050299,10,37399,32796800,32796800,2341,32468832000,32468832000,3434592,False
991,1.4557032935078162,0.5700378204230284,nan,nan,nan,10,42834,32796800,32796800,2682,32501628800,32501628800,3437274,False
992,1.4545518936687332,0.5649926250519111,nan,nan,nan,10,69831,32796800,32796800,4370,32534425600,32534425600,3441644,False
993,1.5082327365351553,0.5542246302533314,nan,nan,nan,10,34145,32796800,32796800,2138,32567222400,32567222400,3443782,False
994,1.400662924745815,0.5774156409860777,nan,nan,nan,10,84253,32796800,32796800,5270,32600019200,32600019200,3449052,False
995,1.3764860891051136,0.5871025477913032,nan,nan,nan,10,92747,32796800,32796800,5801,32632816000,32632816000,3454853,False
996,1.4763438530423758,0.5614480437061973,nan,nan,nan,10,36242,32796800,32796800,2269,32665612800,32665612800,3457122,False
997,1.4860312980538641,0.5592685173003552,nan,nan,nan,10,45606,32796800,32796800,2856,32698409600,32698409600,3459978,False
998,1.472872234079221,0.561809293743937,nan,nan,nan,10,52573,32796800,32796800,3291,32731206400,32731206400,3463269,False
999,1.41674603429383,0.5758771587090724,nan,nan,nan,10,51188,32796800,32796800,3204,32764003200,32764003200,3466473,False
1000,1.432023318183933,0.571469061664098,1.5453188309118555,0.5437396972875768,4.689466535589476,10,56451,32796800,32796800,3533,32796800000,32796800000,3470006,True
