round,train_loss,train_accuracy,test_loss,test_accuracy,test_perplexity,num_fit_clients,num_fit_examples,tau_eff,mean_local_normalizer,mean_local_steps,round_upload_bytes,round_download_bytes,round_local_steps,cumulative_upload_bytes,cumulative_download_bytes,cumulative_local_steps,run_completed
1,3.886427158890366,0.18848385017546374,nan,nan,nan,10,69815,968.0162858984459,436.9,436.9,32796800,32796800,4369,32796800,32796800,4369,False
2,3.3164439248349886,0.18719905386759778,nan,nan,nan,10,35513,353.02142877256216,222.5,222.5,32796800,32796800,2225,65593600,65593600,6594,False
3,3.154962693675927,0.19117923837805056,nan,nan,nan,10,47819,427.2198916748573,299.2,299.2,32796800,32796800,2992,98390400,98390400,9586,False
4,3.1573170531418606,0.1862268006488445,nan,nan,nan,10,47469,570.3655016958436,297.3,297.3,32796800,32796800,2973,131187200,131187200,12559,False
5,3.124865145508533,0.18804008089722377,nan,nan,nan,10,65268,638.5420573634859,408.2,408.2,32796800,32796800,4082,163984000,163984000,16641,False
6,3.1051899010238535,0.18936594443705967,nan,nan,nan,10,37615,351.5972085604148,235.6,235.6,32796800,32796800,2356,196780800,196780800,18997,False
7,3.134527488068195,0.18531316555830835,nan,nan,nan,10,46014,529.1626678836875,288.1,288.1,32796800,32796800,2881,229577600,229577600,21878,False
8,3.102352310220362,0.19140650186338606,nan,nan,nan,10,77547,896.6667440390988,485.0,485.0,32796800,32796800,4850,262374400,262374400,26728,False
9,3.1157412745061266,0.1871567191504943,nan,nan,nan,10,65544,615.2312950079336,410.0,410.0,32796800,32796800,4100,295171200,295171200,30828,False
10,3.130596347498748,0.18677332172461955,3.1379793150821906,0.19211748838603326,23.05722836014242,10,55131,848.570423173895,345.0,345.0,32796800,32796800,3450,327968000,327968000,34278,False
11,3.090866619678524,0.19182474983579956,nan,nan,nan,10,51766,464.0352161650504,323.9,323.9,32796800,32796800,3239,360764800,360764800,37517,False
12,3.1034341141529445,0.1866326167500471,nan,nan,nan,10,47773,383.4168254034706,299.0,299.0,32796800,32796800,2990,393561600,393561600,40507,False
13,3.1099510527931784,0.18679924465950667,nan,nan,nan,10,33892,467.58344152012273,212.3,212.3,32796800,32796800,2123,426358400,426358400,42630,False
14,3.1193593916727003,0.1873807403638214,nan,nan,nan,10,47166,480.4291862782513,295.2,295.2,32796800,32796800,2952,459155200,459155200,45582,False
15,3.1020130306984846,0.1878943495483083,nan,nan,nan,10,63871,595.7389738692051,399.7,399.7,32796800,32796800,3997,491952000,491952000,49579,False
16,3.110385759524786,0.18929397652300575,nan,nan,nan,10,46684,592.2762830948504,292.3,292.3,32796800,32796800,2923,524748800,524748800,52502,False
17,3.098584404231704,0.18815236790394982,nan,nan,nan,10,55471,538.5158911863857,347.2,347.2,32796800,32796800,3472,557545600,557545600,55974,False
18,3.11394423379689,0.18720999274294636,nan,nan,nan,10,45473,419.2805181096474,284.7,284.7,32796800,32796800,2847,590342400,590342400,58821,False
19,3.112946195220563,0.18790476038185394,nan,nan,nan,10,62537,669.6636391256378,391.4,391.4,32796800,32796800,3914,623139200,623139200,62735,False
20,3.0998114484510055,0.1891072135038903,3.1288915457226034,0.19211748838603326,22.848638829081583,10,37915,402.6496637214822,237.5,237.5,32796800,32796800,2375,655936000,655936000,65110,False
21,3.0951118582267436,0.18987423724972888,nan,nan,nan,10,61783,635.9271968017092,386.6,386.6,32796800,32796800,3866,688732800,688732800,68976,False
22,3.093933380493743,0.18943363409066202,nan,nan,nan,10,45995,561.4239591259919,288.0,288.0,32796800,32796800,2880,721529600,721529600,71856,False
23,3.1004920124425186,0.19055025893461672,nan,nan,nan,10,54647,451.3825644591652,341.8,341.8,32796800,32796800,3418,754326400,754326400,75274,False
24,3.089945131901378,0.18956754056343536,nan,nan,nan,10,92078,966.673689697865,576.0,576.0,32796800,32796800,5760,787123200,787123200,81034,False
25,3.0977890261873138,0.18695512934562147,nan,nan,nan,10,28103,279.71309112906096,176.0,176.0,32796800,32796800,1760,819920000,819920000,82794,False
26,3.1057660133105274,0.18809692951298446,nan,nan,nan,10,38007,316.0816691662062,238.0,238.0,32796800,32796800,2380,852716800,852716800,85174,False
27,3.1000861264555213,0.18661743425976748,nan,nan,nan,10,40082,564.856319544933,251.0,251.0,32796800,32796800,2510,885513600,885513600,87684,False
28,3.08803483253033,0.18924448991392923,nan,nan,nan,10,44963,391.3222872139314,281.5,281.5,32796800,32796800,2815,918310400,918310400,90499,False
29,3.094837570773161,0.18842222405407633,nan,nan,nan,10,48524,424.2686917813865,303.7,303.7,32796800,32796800,3037,951107200,951107200,93536,False
30,3.0821665205570365,0.1876158579328608,3.094595915406929,0.19204255956841002,22.078315227756534,10,64195,745.540088791962,401.8,401.8,32796800,32796800,4018,983904000,983904000,97554,False
31,3.035261822778369,0.18992663034921434,nan,nan,nan,10,63514,933.6711276254052,397.5,397.5,32796800,32796800,3975,1016700800,1016700800,101529,False
32,3.067944155664623,0.18649437004046043,nan,nan,nan,10,63766,511.47677445660696,399.1,399.1,32796800,32796800,3991,1049497600,1049497600,105520,False
33,3.0628955742019524,0.18474392696889988,nan,nan,nan,10,58167,612.9123558031187,364.1,364.1,32796800,32796800,3641,1082294400,1082294400,109161,False
34,3.0330142814459253,0.19101588021173616,nan,nan,nan,10,74999,797.6783157108761,469.2,469.2,32796800,32796800,4692,1115091200,1115091200,113853,False
35,3.038678870556305,0.19667500605278024,nan,nan,nan,10,61955,645.9219110644824,387.7,387.7,32796800,32796800,3877,1147888000,1147888000,117730,False
36,3.021180206327231,0.19888970713193224,nan,nan,nan,10,70612,645.2338412734381,441.9,441.9,32796800,32796800,4419,1180684800,1180684800,122149,False
37,2.9957634792807837,0.20440515986136462,nan,nan,nan,10,48761,578.4474272471851,305.2,305.2,32796800,32796800,3052,1213481600,1213481600,125201,False
38,2.985463785945127,0.20784886939959693,nan,nan,nan,10,45153,418.9147786415077,282.6,282.6,32796800,32796800,2826,1246278400,1246278400,128027,False
39,2.9723380987977945,0.21198740928565182,nan,nan,nan,10,45748,473.8253694150564,286.3,286.3,32796800,32796800,2863,1279075200,1279075200,130890,False
40,2.975686076763775,0.21000403931600917,2.9919047987337826,0.222838303611569,19.923596812506744,10,74270,640.4403123737715,464.8,464.8,32796800,32796800,4648,1311872000,1311872000,135538,False
41,2.951865003629161,0.21485693075988663,nan,nan,nan,10,59272,505.42689634228645,371.0,371.0,32796800,32796800,3710,1344668800,1344668800,139248,False
42,2.941653314495833,0.2160232731726923,nan,nan,nan,10,52249,599.3177285689678,327.0,327.0,32796800,32796800,3270,1377465600,1377465600,142518,False
43,2.9413023483137017,0.21911539391984516,nan,nan,nan,10,49604,638.6000120957989,310.6,310.6,32796800,32796800,3106,1410262400,1410262400,145624,False
44,2.9265423361158356,0.21949126570640515,nan,nan,nan,10,32630,325.4446521605885,204.5,204.5,32796800,32796800,2045,1443059200,1443059200,147669,False
45,2.9416572795837928,0.22441581131251365,nan,nan,nan,10,45790,417.7900414937759,286.6,286.6,32796800,32796800,2866,1475856000,1475856000,150535,False
46,2.946516925734309,0.22385423076159663,nan,nan,nan,10,50381,589.0382088485738,315.3,315.3,32796800,32796800,3153,1508652800,1508652800,153688,False
47,2.922994849125168,0.22277597807126837,nan,nan,nan,10,16052,117.65468477448293,100.7,100.7,32796800,32796800,1007,1541449600,1541449600,154695,False
48,2.9349511558454777,0.2206997797895767,nan,nan,nan,10,24522,310.403311312291,153.7,153.7,32796800,32796800,1537,1574246400,1574246400,156232,False
49,2.9087838558428127,0.22500919701682218,nan,nan,nan,10,59802,741.4801511655129,374.1,374.1,32796800,32796800,3741,1607043200,1607043200,159973,False
50,2.89770667269266,0.22585641063461043,2.916765425527862,0.22868275138618313,18.481411174006162,10,54238,656.1693277775729,339.5,339.5,32796800,32796800,3395,1639840000,1639840000,163368,False
51,2.8651072169687883,0.2301830183018302,nan,nan,nan,10,33330,371.276297629763,208.7,208.7,32796800,32796800,2087,1672636800,1672636800,165455,False
52,2.876059360640386,0.2280050434295321,nan,nan,nan,10,57104,580.5520453908658,357.4,357.4,32796800,32796800,3574,1705433600,1705433600,169029,False
53,2.862532917146686,0.23004323004323005,nan,nan,nan,10,60606,673.9246774246775,379.4,379.4,32796800,32796800,3794,1738230400,1738230400,172823,False
54,2.8641908485771603,0.2324820870843285,nan,nan,nan,10,54430,500.9227080654052,340.8,340.8,32796800,32796800,3408,1771027200,1771027200,176231,False
55,2.851878458260828,0.2338032338032338,nan,nan,nan,10,54054,466.933880933881,338.3,338.3,32796800,32796800,3383,1803824000,1803824000,179614,False
56,2.8509536866221903,0.23527126590756867,nan,nan,nan,10,74650,712.5443268586738,467.0,467.0,32796800,32796800,4670,1836620800,1836620800,184284,False
57,2.8471248947650065,0.2337756932970918,nan,nan,nan,10,56289,764.9838334310433,352.3,352.3,32796800,32796800,3523,1869417600,1869417600,187807,False
58,2.837153393043147,0.23755573991496423,nan,nan,nan,10,38572,348.8631131390646,241.7,241.7,32796800,32796800,2417,1902214400,1902214400,190224,False
59,2.8360210496026115,0.23772120063421479,nan,nan,nan,10,54871,466.0643691567494,343.5,343.5,32796800,32796800,3435,1935011200,1935011200,193659,False
60,2.807797732354095,0.23772430101544026,2.8383299168950167,0.2475460812228383,17.087204642465718,10,21567,180.5370705244123,135.2,135.2,32796800,32796800,1352,1967808000,1967808000,195011,False
61,2.814322705777325,0.24251915765419696,nan,nan,nan,10,50763,596.8840691054507,317.8,317.8,32796800,32796800,3178,2000604800,2000604800,198189,False
62,2.8126382250551063,0.24252054522432157,nan,nan,nan,10,40277,458.8449735581101,252.2,252.2,32796800,32796800,2522,2033401600,2033401600,200711,False
63,2.8323135046994374,0.2396323579564832,nan,nan,nan,10,58644,545.4962314985336,367.2,367.2,32796800,32796800,3672,2066198400,2066198400,204383,False
64,2.818542105416711,0.24299457296546106,nan,nan,nan,10,83471,839.679074169472,522.2,522.2,32796800,32796800,5222,2098995200,2098995200,209605,False
65,2.7876840295862393,0.2453388437514676,nan,nan,nan,10,42586,542.1554736298315,266.7,266.7,32796800,32796800,2667,2131792000,2131792000,212272,False
66,2.760320621976409,0.25126920072897685,nan,nan,nan,10,61456,895.166720906014,384.5,384.5,32796800,32796800,3845,2164588800,2164588800,216117,False
67,2.7864751508802517,0.24825505867846842,nan,nan,nan,10,45417,422.98969548847344,284.3,284.3,32796800,32796800,2843,2197385600,2197385600,218960,False
68,2.797059683886834,0.2467431711653467,nan,nan,nan,10,30935,365.1418458057217,193.8,193.8,32796800,32796800,1938,2230182400,2230182400,220898,False
69,2.7730984748529597,0.24939998344781925,nan,nan,nan,10,48332,430.44980551187615,302.4,302.4,32796800,32796800,3024,2262979200,2262979200,223922,False
70,2.759048834065145,0.25340429543048565,2.7838668113310048,0.25693091563015136,16.181470824004382,10,68957,690.5127833287411,431.5,431.5,32796800,32796800,4315,2295776000,2295776000,228237,False
71,2.765176485346136,0.2511913131786579,nan,nan,nan,10,76806,717.4611749082103,480.4,480.4,32796800,32796800,4804,2328572800,2328572800,233041,False
72,2.7720018791689887,0.2530118074840669,nan,nan,nan,10,50053,725.890875671788,313.3,313.3,32796800,32796800,3133,2361369600,2361369600,236174,False
73,2.769734654819762,0.2516077170418006,nan,nan,nan,10,64688,616.0265737076429,404.8,404.8,32796800,32796800,4048,2394166400,2394166400,240222,False
74,2.740684436299576,0.2544286427145709,nan,nan,nan,10,64128,735.6666822604791,401.2,401.2,32796800,32796800,4012,2426963200,2426963200,244234,False
75,2.7270648142843075,0.2591436084384151,nan,nan,nan,10,66932,1072.3298571684695,418.8,418.8,32796800,32796800,4188,2459760000,2459760000,248422,False
76,2.715089353546904,0.2599114028937472,nan,nan,nan,10,62756,609.5730129390018,392.8,392.8,32796800,32796800,3928,2492556800,2492556800,252350,False
77,2.7217501174321503,0.2598507985780804,nan,nan,nan,10,59919,760.1701296750615,375.2,375.2,32796800,32796800,3752,2525353600,2525353600,256102,False
78,2.7177734800511164,0.2645691688636048,nan,nan,nan,10,57656,584.0519633689469,360.8,360.8,32796800,32796800,3608,2558150400,2558150400,259710,False
79,2.70538984088266,0.26655867530597555,nan,nan,nan,10,55560,692.4911447084233,347.8,347.8,32796800,32796800,3478,2590947200,2590947200,263188,False
80,2.7093932593407457,0.2656992817752293,2.714801135135344,0.27322793346320995,15.101606594310748,10,68363,796.8487924754619,427.8,427.8,32796800,32796800,4278,2623744000,2623744000,267466,False
81,2.684598522529432,0.2722118052951324,nan,nan,nan,10,66665,512.8418060451512,417.1,417.1,32796800,32796800,4171,2656540800,2656540800,271637,False
82,2.648209662678798,0.2745632065775951,nan,nan,nan,10,19460,144.05066803699896,122.2,122.2,32796800,32796800,1222,2689337600,2689337600,272859,False
83,2.6884839924663697,0.27102054451311175,nan,nan,nan,10,59870,582.204342742609,374.8,374.8,32796800,32796800,3748,2722134400,2722134400,276607,False
84,2.6755421874274505,0.2736032719836401,nan,nan,nan,10,61125,713.041799591002,382.4,382.4,32796800,32796800,3824,2754931200,2754931200,280431,False
85,2.6218781170729524,0.28349162309251946,nan,nan,nan,10,46855,1015.6379681997652,293.2,293.2,32796800,32796800,2932,2787728000,2787728000,283363,False
86,2.678337762178388,0.2736745677315928,nan,nan,nan,10,61131,833.9364643143414,382.5,382.5,32796800,32796800,3825,2820524800,2820524800,287188,False
87,2.6395467552298313,0.28210472944424103,nan,nan,nan,10,35501,418.6184051153488,222.3,222.3,32796800,32796800,2223,2853321600,2853321600,289411,False
88,2.6486089700245627,0.2807277822422781,nan,nan,nan,10,48531,633.9050091693969,303.8,303.8,32796800,32796800,3038,2886118400,2886118400,292449,False
89,2.6195256462648837,0.285055437381172,nan,nan,nan,10,53123,630.5674190087155,332.6,332.6,32796800,32796800,3326,2918915200,2918915200,295775,False
90,2.6231631726465503,0.2825989925396927,2.646315421262067,0.2794657575303462,14.10198293609983,10,62732,809.6824905949118,392.7,392.7,32796800,32796800,3927,2951712000,2951712000,299702,False
91,2.582754758500035,0.2954216969903078,nan,nan,nan,10,47048,476.3665192994389,294.5,294.5,32796800,32796800,2945,2984508800,2984508800,302647,False
92,2.598261720068105,0.2910143917786148,nan,nan,nan,10,45929,586.3420061399116,287.7,287.7,32796800,32796800,2877,3017305600,3017305600,305524,False
93,2.572510340615283,0.29558365801101366,nan,nan,nan,10,45943,613.0503667588099,287.6,287.6,32796800,32796800,2876,3050102400,3050102400,308400,False
94,2.6117579589378948,0.29413906859174843,nan,nan,nan,10,46682,475.73914999357356,292.2,292.2,32796800,32796800,2922,3082899200,3082899200,311322,False
95,2.585381079911647,0.2938404939652761,nan,nan,nan,10,46481,554.4505927153031,291.0,291.0,32796800,32796800,2910,3115696000,3115696000,314232,False
96,2.55200082404029,0.2983996512858833,nan,nan,nan,10,32118,324.11566722710006,201.2,201.2,32796800,32796800,2012,3148492800,3148492800,316244,False
97,2.5698264947030838,0.2962244781567241,nan,nan,nan,10,70136,694.4205258355196,438.9,438.9,32796800,32796800,4389,3181289600,3181289600,320633,False
98,2.558590317404944,0.2987446688661785,nan,nan,nan,10,74562,710.6194844558892,466.5,466.5,32796800,32796800,4665,3214086400,3214086400,325298,False
99,2.521628183499984,0.30564739862425416,nan,nan,nan,10,52626,553.5768631474936,329.4,329.4,32796800,32796800,3294,3246883200,3246883200,328592,False
100,2.5396707126599236,0.3019743969577041,2.5420855944184875,0.30497901993106546,12.70614321742824,10,90458,848.9196533197727,565.9,565.9,32796800,32796800,5659,3279680000,3279680000,334251,False
101,2.5023105313701524,0.3113226298005786,nan,nan,nan,10,45281,544.4562840926659,283.5,283.5,32796800,32796800,2835,3312476800,3312476800,337086,False
102,2.5016855294728075,0.30805949008498584,nan,nan,nan,10,70600,754.4144334277621,441.7,441.7,32796800,32796800,4417,3345273600,3345273600,341503,False
103,2.521674726060643,0.30685544904137235,nan,nan,nan,10,63424,581.08950870333,396.8,396.8,32796800,32796800,3968,3378070400,3378070400,345471,False
104,2.4830983883691684,0.3134079100837663,nan,nan,nan,10,37724,360.4697009861096,236.4,236.4,32796800,32796800,2364,3410867200,3410867200,347835,False
105,2.468172373783513,0.3163109756097561,nan,nan,nan,10,35424,356.45711946702795,222.0,222.0,32796800,32796800,2220,3443664000,3443664000,350055,False
106,2.4777979589348953,0.3139899106465759,nan,nan,nan,10,60658,569.9323584687924,379.6,379.6,32796800,32796800,3796,3476460800,3476460800,353851,False
107,2.4674967202646436,0.3156904434869325,nan,nan,nan,10,53147,402.7326471861064,332.6,332.6,32796800,32796800,3326,3509257600,3509257600,357177,False
108,2.468695063760541,0.31946513571454527,nan,nan,nan,10,55042,433.0310490171142,344.5,344.5,32796800,32796800,3445,3542054400,3542054400,360622,False
109,2.44398179277429,0.32101294435516625,nan,nan,nan,10,56627,468.668303106292,354.4,354.4,32796800,32796800,3544,3574851200,3574851200,364166,False
110,2.448537567438009,0.3204921593632198,2.4645225963866926,0.324010939607373,11.757867563415006,10,71359,809.4422567580824,446.5,446.5,32796800,32796800,4465,3607648000,3607648000,368631,False
111,2.4446783885889567,0.31683277050215525,nan,nan,nan,10,36423,285.17151250583424,228.0,228.0,32796800,32796800,2280,3640444800,3640444800,370911,False
112,2.454147896337977,0.3188453099784221,nan,nan,nan,10,55149,621.0699015394658,345.1,345.1,32796800,32796800,3451,3673241600,3673241600,374362,False
113,2.4390487367845166,0.32522468774657914,nan,nan,nan,10,51961,571.7774292257656,325.3,325.3,32796800,32796800,3253,3706038400,3706038400,377615,False
114,2.419642776327579,0.32716587756458176,nan,nan,nan,10,48156,418.829948500706,301.4,301.4,32796800,32796800,3014,3738835200,3738835200,380629,False
115,2.419950841428005,0.32296604534437273,nan,nan,nan,10,46621,446.5300615602411,291.9,291.9,32796800,32796800,2919,3771632000,3771632000,383548,False
116,2.4383187414220857,0.3209599764783711,nan,nan,nan,10,54418,501.0521151089713,340.7,340.7,32796800,32796800,3407,3804428800,3804428800,386955,False
117,2.408659440625168,0.33099770929180544,nan,nan,nan,10,51949,533.0758821151514,325.2,325.2,32796800,32796800,3252,3837225600,3837225600,390207,False
118,2.4202563779878243,0.3272136558197102,nan,nan,nan,10,38782,414.8943582074158,242.7,242.7,32796800,32796800,2427,3870022400,3870022400,392634,False
119,2.41636977068253,0.32657020451054886,nan,nan,nan,10,49484,569.692789588554,309.8,309.8,32796800,32796800,3098,3902819200,3902819200,395732,False
120,2.407462386956946,0.3267152067229047,2.407970905804159,0.33161621459613366,11.11139219413625,10,62354,669.5493953876254,390.3,390.3,32796800,32796800,3903,3935616000,3935616000,399635,False
121,2.3896453554127493,0.33377459091744804,nan,nan,nan,10,54390,521.0077955506526,340.5,340.5,32796800,32796800,3405,3968412800,3968412800,403040,False
122,2.3535190200678566,0.34335766987290917,nan,nan,nan,10,51774,489.6563332947039,323.8,323.8,32796800,32796800,3238,4001209600,4001209600,406278,False
123,2.3785464189436705,0.33345354762838103,nan,nan,nan,10,63775,789.6451744413955,399.2,399.2,32796800,32796800,3992,4034006400,4034006400,410270,False
124,2.369564836907986,0.34033774424567503,nan,nan,nan,10,33931,346.62090713506825,212.5,212.5,32796800,32796800,2125,4066803200,4066803200,412395,False
125,2.3733828752899346,0.3369216417910448,nan,nan,nan,10,53600,594.1542537313433,335.5,335.5,32796800,32796800,3355,4099600000,4099600000,415750,False
126,2.369825473191373,0.3384644074118026,nan,nan,nan,10,58987,740.5526641463373,369.0,369.0,32796800,32796800,3690,4132396800,4132396800,419440,False
127,2.3495773068785097,0.3407697718822229,nan,nan,nan,10,59706,721.5798914681942,373.6,373.6,32796800,32796800,3736,4165193600,4165193600,423176,False
128,2.343714409189474,0.34401925459646526,nan,nan,nan,10,70217,695.4897389521057,439.3,439.3,32796800,32796800,4393,4197990400,4197990400,427569,False
129,2.3512589400413875,0.34923141714045064,nan,nan,nan,10,56988,595.2128167333474,356.7,356.7,32796800,32796800,3567,4230787200,4230787200,431136,False
130,2.3294830742760166,0.3459767000812788,2.344260635537471,0.3524464258953994,10.425561587489035,10,36910,311.73779463560015,231.2,231.2,32796800,32796800,2312,4263584000,4263584000,433448,False
131,2.337329019567011,0.3442897622274239,nan,nan,nan,10,40585,413.32884070469385,254.2,254.2,32796800,32796800,2542,4296380800,4296380800,435990,False
132,2.319329189024385,0.34685818345507746,nan,nan,nan,10,48873,465.59873549812784,306.0,306.0,32796800,32796800,3060,4329177600,4329177600,439050,False
133,2.312484667585154,0.3541922772510651,nan,nan,nan,10,59383,764.1518953235774,371.5,371.5,32796800,32796800,3715,4361974400,4361974400,442765,False
134,2.343292293122951,0.34963529003126087,nan,nan,nan,10,57580,614.4244355679054,360.3,360.3,32796800,32796800,3603,4394771200,4394771200,446368,False
135,2.308435880536533,0.3563627730294397,nan,nan,nan,10,54756,520.1367886624297,342.7,342.7,32796800,32796800,3427,4427568000,4427568000,449795,False
136,2.318301501621146,0.3520988544420412,nan,nan,nan,10,49932,751.8765320836338,312.5,312.5,32796800,32796800,3125,4460364800,4460364800,452920,False
137,2.2931931871159046,0.35633128382398777,nan,nan,nan,10,35293,376.4712832573031,221.1,221.1,32796800,32796800,2211,4493161600,4493161600,455131,False
138,2.286726967201533,0.35976082382903335,nan,nan,nan,10,81279,757.0848435635281,508.4,508.4,32796800,32796800,5084,4525958400,4525958400,460215,False
139,2.3028327929371355,0.35694446965708787,nan,nan,nan,10,55087,595.7831974876104,344.8,344.8,32796800,32796800,3448,4558755200,4558755200,463663,False
140,2.2993597498519263,0.36033083302171093,2.305261301955022,0.3663082571557021,10.026797932048598,10,45461,593.8158641472912,284.7,284.7,32796800,32796800,2847,4591552000,4591552000,466510,False
141,2.2887473844452635,0.36344779429885815,nan,nan,nan,10,48692,523.6155425942659,304.8,304.8,32796800,32796800,3048,4624348800,4624348800,469558,False
142,2.2778589792319126,0.36392784158973995,nan,nan,nan,10,56764,731.2638468043126,355.3,355.3,32796800,32796800,3553,4657145600,4657145600,473111,False
143,2.2788320858941273,0.36375075498288706,nan,nan,nan,10,39736,791.1558033017917,248.7,248.7,32796800,32796800,2487,4689942400,4689942400,475598,False
144,2.2415550671931253,0.37466793644428853,nan,nan,nan,10,79804,933.5608866723471,499.2,499.2,32796800,32796800,4992,4722739200,4722739200,480590,False
145,2.260098886285215,0.3710580458025566,nan,nan,nan,10,118596,1151.1396252824716,741.8,741.8,32796800,32796800,7418,4755536000,4755536000,488008,False
146,2.2535825029532446,0.3748144618936798,nan,nan,nan,10,54571,689.6814791739201,341.4,341.4,32796800,32796800,3414,4788332800,4788332800,491422,False
147,2.264761656123698,0.37012908915971776,nan,nan,nan,10,49888,494.3215001603592,312.2,312.2,32796800,32796800,3122,4821129600,4821129600,494544,False
148,2.2539460224341195,0.3708317133714149,nan,nan,nan,10,66874,727.2929539133296,418.3,418.3,32796800,32796800,4183,4853926400,4853926400,498727,False
149,2.219162581458686,0.38118936625929195,nan,nan,nan,10,31748,379.6604825500819,199.0,199.0,32796800,32796800,1990,4886723200,4886723200,500717,False
150,2.1968369267579204,0.38511823805554335,2.2703931202296106,0.37337029821669415,9.683206730385695,10,68379,893.5950949853026,427.7,427.7,32796800,32796800,4277,4919520000,4919520000,504994,False
151,2.2211778581122017,0.37716144495805515,nan,nan,nan,10,46728,397.8489128573874,292.4,292.4,32796800,32796800,2924,4952316800,4952316800,507918,False
152,2.2384082706249595,0.37337076398636454,nan,nan,nan,10,59844,770.3608548893791,374.6,374.6,32796800,32796800,3746,4985113600,4985113600,511664,False
153,2.2229956881480293,0.3774564886258646,nan,nan,nan,10,40047,537.1623342572477,250.8,250.8,32796800,32796800,2508,5017910400,5017910400,514172,False
154,2.2115170340136032,0.3836299344965509,nan,nan,nan,10,51753,448.6610051591212,323.8,323.8,32796800,32796800,3238,5050707200,5050707200,517410,False
155,2.200015908684469,0.3842237896842985,nan,nan,nan,10,78967,692.9366697481227,494.1,494.1,32796800,32796800,4941,5083504000,5083504000,522351,False
156,2.2377440872486702,0.37548242135871,nan,nan,nan,10,75660,748.6930874966957,473.5,473.5,32796800,32796800,4735,5116300800,5116300800,527086,False
157,2.201079684132199,0.38181577804219313,nan,nan,nan,10,52947,460.09900466504234,331.4,331.4,32796800,32796800,3314,5149097600,5149097600,530400,False
158,2.2157592893434206,0.3831282598626578,nan,nan,nan,10,49657,447.97378013170345,310.8,310.8,32796800,32796800,3108,5181894400,5181894400,533508,False
159,2.181813265493033,0.38749645322992526,nan,nan,nan,10,42292,372.8330653551498,264.8,264.8,32796800,32796800,2648,5214691200,5214691200,536156,False
160,2.1776345255723317,0.38995810421576327,2.1998728098369833,0.3870073430241271,9.02386567949315,10,45828,458.09103604783104,286.9,286.9,32796800,32796800,2869,5247488000,5247488000,539025,False
161,2.2009940415529656,0.3851428844499665,nan,nan,nan,10,41852,380.3662429513524,262.1,262.1,32796800,32796800,2621,5280284800,5280284800,541646,False
162,2.1718538974646484,0.3904890997402011,nan,nan,nan,10,35412,385.1167683271208,221.8,221.8,32796800,32796800,2218,5313081600,5313081600,543864,False
163,2.2021014546285085,0.38314132542488877,nan,nan,nan,10,61369,718.8053414590428,384.1,384.1,32796800,32796800,3841,5345878400,5345878400,547705,False
164,2.184018062731853,0.38849219842079413,nan,nan,nan,10,79407,857.9333434080119,496.8,496.8,32796800,32796800,4968,5378675200,5378675200,552673,False
165,2.1694935144851106,0.391581465766995,nan,nan,nan,10,53501,727.8721706136334,334.8,334.8,32796800,32796800,3348,5411472000,5411472000,556021,False
166,2.177991000153528,0.39090203183641775,nan,nan,nan,10,46362,605.602821276045,290.1,290.1,32796800,32796800,2901,5444268800,5444268800,558922,False
167,2.1788909213667997,0.3868933508223186,nan,nan,nan,10,39644,684.0618504691757,248.3,248.3,32796800,32796800,2483,5477065600,5477065600,561405,False
168,2.1454611928823324,0.395940888852468,nan,nan,nan,10,73218,1028.7615477068482,458.1,458.1,32796800,32796800,4581,5509862400,5509862400,565986,False
169,2.1824962894518234,0.3862144023217849,nan,nan,nan,10,27565,241.93038273172502,172.6,172.6,32796800,32796800,1726,5542659200,5542659200,567712,False
170,2.1617218335610064,0.39215615528936354,2.253932514380751,0.36716993855836955,9.525119952585372,10,55432,829.7506674844855,346.9,346.9,32796800,32796800,3469,5575456000,5575456000,571181,False
171,2.128907471155616,0.40332129963898916,nan,nan,nan,10,48475,475.5545951521402,303.3,303.3,32796800,32796800,3033,5608252800,5608252800,574214,False
172,2.1368413762614895,0.3996161184286141,nan,nan,nan,10,87006,1002.5835344688871,544.3,544.3,32796800,32796800,5443,5641049600,5641049600,579657,False
173,2.1499089791504615,0.39546904536862004,nan,nan,nan,10,33856,419.07877481096415,212.0,212.0,32796800,32796800,2120,5673846400,5673846400,581777,False
174,2.1632180262483818,0.39152329663696006,nan,nan,nan,10,62949,730.8862889005386,393.8,393.8,32796800,32796800,3938,5706643200,5706643200,585715,False
175,2.1331008691085267,0.3964769136442956,nan,nan,nan,10,42406,388.78078573786723,265.5,265.5,32796800,32796800,2655,5739440000,5739440000,588370,False
176,2.1304723315258665,0.39965722351043453,nan,nan,nan,10,49595,616.9578183284606,310.4,310.4,32796800,32796800,3104,5772236800,5772236800,591474,False
177,2.1235212968088275,0.3988653902306762,nan,nan,nan,10,47946,453.63657030826346,300.1,300.1,32796800,32796800,3001,5805033600,5805033600,594475,False
178,2.1044322980973473,0.4041757428794542,nan,nan,nan,10,24331,189.89741482059927,152.5,152.5,32796800,32796800,1525,5837830400,5837830400,596000,False
179,2.122233892534091,0.3995337995337995,nan,nan,nan,10,66495,693.1059177381757,416.0,416.0,32796800,32796800,4160,5870627200,5870627200,600160,False
180,2.117911866243216,0.39932628644441864,2.134846871856376,0.3985463809381088,8.455751594175736,10,43045,544.3017772098966,269.5,269.5,32796800,32796800,2695,5903424000,5903424000,602855,False
181,2.1273590803669937,0.40025690086570237,nan,nan,nan,10,74737,819.2054404110414,467.6,467.6,32796800,32796800,4676,5936220800,5936220800,607531,False
182,2.1193608696087227,0.4008353801126587,nan,nan,nan,10,67993,649.7730648743253,425.5,425.5,32796800,32796800,4255,5969017600,5969017600,611786,False
183,2.0700911307094545,0.41550569105691054,nan,nan,nan,10,76875,1054.4207349593498,481.0,481.0,32796800,32796800,4810,6001814400,6001814400,616596,False
184,2.1003476150665423,0.40909273626241105,nan,nan,nan,10,24877,331.41327330465896,155.9,155.9,32796800,32796800,1559,6034611200,6034611200,618155,False
185,2.1201685190099644,0.4008460933697727,nan,nan,nan,10,80133,791.7031310446383,501.3,501.3,32796800,32796800,5013,6067408000,6067408000,623168,False
186,2.105719621338545,0.4030706157965194,nan,nan,nan,10,71712,770.5235246541723,448.7,448.7,32796800,32796800,4487,6100204800,6100204800,627655,False
187,2.100957293405526,0.4070122180309884,nan,nan,nan,10,66541,694.5173802617935,416.2,416.2,32796800,32796800,4162,6133001600,6133001600,631817,False
188,2.1005295786382776,0.40462521751858055,nan,nan,nan,10,61489,684.2727317081104,384.9,384.9,32796800,32796800,3849,6165798400,6165798400,635666,False
189,2.0690569206671143,0.4126923704388493,nan,nan,nan,10,36778,390.43746261351896,230.4,230.4,32796800,32796800,2304,6198595200,6198595200,637970,False
190,2.101625513587578,0.40808407931318935,2.101241466256966,0.40823093061591487,8.176314232575345,10,32731,364.05016650881424,205.1,205.1,32796800,32796800,2051,6231392000,6231392000,640021,False
191,2.084701160736355,0.4095087518014299,nan,nan,nan,10,71471,716.0614934728771,447.2,447.2,32796800,32796800,4472,6264188800,6264188800,644493,False
192,2.08367930538155,0.4081864969296628,nan,nan,nan,10,62371,871.73595100287,390.3,390.3,32796800,32796800,3903,6296985600,6296985600,648396,False
193,2.0515937388120116,0.41525156240136357,nan,nan,nan,10,31682,406.50435578561957,198.5,198.5,32796800,32796800,1985,6329782400,6329782400,650381,False
194,2.0876433501090643,0.4083148679574267,nan,nan,nan,10,55058,535.7299756620291,344.6,344.6,32796800,32796800,3446,6362579200,6362579200,653827,False
195,2.0565918059917334,0.41325169227312303,nan,nan,nan,10,35603,341.2931775412184,223.0,223.0,32796800,32796800,2230,6395376000,6395376000,656057,False
196,2.034653348042872,0.42090513248100797,nan,nan,nan,10,43176,442.2439781360015,270.4,270.4,32796800,32796800,2704,6428172800,6428172800,658761,False
197,2.0597341487926712,0.413851009004314,nan,nan,nan,10,34539,363.0603086366136,216.3,216.3,32796800,32796800,2163,6460969600,6460969600,660924,False
198,2.052673757368024,0.4180217918245358,nan,nan,nan,10,42493,355.1748993951945,266.0,266.0,32796800,32796800,2660,6493766400,6493766400,663584,False
199,2.039526528512744,0.4205073174341801,nan,nan,nan,10,54049,444.7622897740938,338.1,338.1,32796800,32796800,3381,6526563200,6526563200,666965,False
200,2.0674532475313216,0.41492503951591014,2.0630535678529105,0.4157987411958639,7.869964627763213,10,62633,695.5702584899334,391.8,391.8,32796800,32796800,3918,6559360000,6559360000,670883,False
201,2.05507870528285,0.4155583727094618,nan,nan,nan,10,43385,503.9803849256656,271.7,271.7,32796800,32796800,2717,6592156800,6592156800,673600,False
202,2.050305443661349,0.41553914835164835,nan,nan,nan,10,58240,624.3860920329671,364.5,364.5,32796800,32796800,3645,6624953600,6624953600,677245,False
203,2.053832229617132,0.41735308890005024,nan,nan,nan,10,39820,683.4591411351079,249.3,249.3,32796800,32796800,2493,6657750400,6657750400,679738,False
204,2.031808682811851,0.42073684049408416,nan,nan,nan,10,65333,692.3179557038557,408.9,408.9,32796800,32796800,4089,6690547200,6690547200,683827,False
205,2.0120990132751233,0.42587342782990617,nan,nan,nan,10,25045,221.47542423637452,157.1,157.1,32796800,32796800,1571,6723344000,6723344000,685398,False
206,2.0189837056682634,0.41860129776496036,nan,nan,nan,10,48545,572.3225666906993,303.8,303.8,32796800,32796800,3038,6756140800,6756140800,688436,False
207,2.0243735983733018,0.4278501861930679,nan,nan,nan,10,27928,325.3022056717273,175.0,175.0,32796800,32796800,1750,6788937600,6788937600,690186,False
208,1.9817456344751605,0.4364745261515083,nan,nan,nan,10,48697,1003.4774421422262,304.8,304.8,32796800,32796800,3048,6821734400,6821734400,693234,False
209,2.03091195259312,0.4216590285829974,nan,nan,nan,10,54333,676.1674672850754,340.1,340.1,32796800,32796800,3401,6854531200,6854531200,696635,False
210,2.0302581707080956,0.42401456852493685,2.051586501122807,0.4139442529596883,7.780234671154071,10,85115,887.0066968219468,532.6,532.6,32796800,32796800,5326,6887328000,6887328000,701961,False
211,2.0372417168778387,0.4228353768907497,nan,nan,nan,10,63533,623.2964286276424,397.5,397.5,32796800,32796800,3975,6920124800,6920124800,705936,False
212,2.020468767142262,0.4227904167505537,nan,nan,nan,10,54637,509.33094789245376,341.9,341.9,32796800,32796800,3419,6952921600,6952921600,709355,False
213,1.9910469722424822,0.43351992834751457,nan,nan,nan,10,89320,935.0238132557097,558.7,558.7,32796800,32796800,5587,6985718400,6985718400,714942,False
214,1.97856609782035,0.43634559095649833,nan,nan,nan,10,59446,957.6186959593583,372.1,372.1,32796800,32796800,3721,7018515200,7018515200,718663,False
215,2.0377102547906554,0.4233021769995267,nan,nan,nan,10,33808,270.2537269285376,211.8,211.8,32796800,32796800,2118,7051312000,7051312000,720781,False
216,2.0162190843018672,0.4224957283212302,nan,nan,nan,10,74912,805.6687446604016,468.6,468.6,32796800,32796800,4686,7084108800,7084108800,725467,False
217,1.9856592288741874,0.4302647017878806,nan,nan,nan,10,50283,424.19418093590275,314.8,314.8,32796800,32796800,3148,7116905600,7116905600,728615,False
218,1.9853252399845296,0.4331679073614558,nan,nan,nan,10,48360,463.4375723738627,302.7,302.7,32796800,32796800,3027,7149702400,7149702400,731642,False
219,1.9644776231590517,0.44108382726502965,nan,nan,nan,10,59050,927.7819136325148,369.6,369.6,32796800,32796800,3696,7182499200,7182499200,735338,False
220,2.0052742541692647,0.4287041068059788,1.999321079818666,0.4313839352615016,7.384041222167225,10,68910,617.5102887824698,431.0,431.0,32796800,32796800,4310,7215296000,7215296000,739648,False
221,2.0034084151978817,0.4297332950960711,nan,nan,nan,10,87175,683.5690622311444,545.3,545.3,32796800,32796800,5453,7248092800,7248092800,745101,False
222,1.9927085141193217,0.4323992864575591,nan,nan,nan,10,53816,609.1544522075219,336.8,336.8,32796800,32796800,3368,7280889600,7280889600,748469,False
223,2.017566417781582,0.42955516579755865,nan,nan,nan,10,84953,712.1171942132707,531.5,531.5,32796800,32796800,5315,7313686400,7313686400,753784,False
224,1.9848529968698168,0.42946692488023647,nan,nan,nan,10,19622,152.32147589440422,123.1,123.1,32796800,32796800,1231,7346483200,7346483200,755015,False
225,1.9986618817249122,0.4287072051121312,nan,nan,nan,10,49451,507.75567733716196,309.6,309.6,32796800,32796800,3096,7379280000,7379280000,758111,False
226,1.998850504088796,0.4323508267433501,nan,nan,nan,10,34775,364.7849317038102,217.9,217.9,32796800,32796800,2179,7412076800,7412076800,760290,False
227,1.9870102109828032,0.4312150837988827,nan,nan,nan,10,42960,425.94748603351957,269.0,269.0,32796800,32796800,2690,7444873600,7444873600,762980,False
228,1.9910202622571251,0.4302730900524064,nan,nan,nan,10,83196,816.3271190922638,520.6,520.6,32796800,32796800,5206,7477670400,7477670400,768186,False
229,2.004203027755639,0.4291856791856792,nan,nan,nan,10,45584,380.65827922077926,285.3,285.3,32796800,32796800,2853,7510467200,7510467200,771039,False
230,2.0020749452897686,0.4321523036230547,1.977117385318321,0.4385209051401169,7.221895010671329,10,65028,664.2765731684811,406.8,406.8,32796800,32796800,4068,7543264000,7543264000,775107,False
231,1.979322295981372,0.4339997490484755,nan,nan,nan,10,47818,491.8774310928939,299.3,299.3,32796800,32796800,2993,7576060800,7576060800,778100,False
232,1.959796452597621,0.43953096104212813,nan,nan,nan,10,49207,507.2150100595444,307.9,307.9,32796800,32796800,3079,7608857600,7608857600,781179,False
233,1.9605870263952767,0.439558347610889,nan,nan,nan,10,52530,512.4076527698458,328.6,328.6,32796800,32796800,3286,7641654400,7641654400,784465,False
234,1.969100857927767,0.44109128822984245,nan,nan,nan,10,69056,596.79312442076,432.0,432.0,32796800,32796800,4320,7674451200,7674451200,788785,False
235,1.934138241672836,0.4459963331479307,nan,nan,nan,10,48543,486.4386214284243,303.8,303.8,32796800,32796800,3038,7707248000,7707248000,791823,False
236,1.9548000226159572,0.44162280805267756,nan,nan,nan,10,42371,419.57291543744543,265.3,265.3,32796800,32796800,2653,7740044800,7740044800,794476,False
237,1.968986462373919,0.43790147592755707,nan,nan,nan,10,46547,367.0710679528219,291.3,291.3,32796800,32796800,2913,7772841600,7772841600,797389,False
238,1.9497245410677428,0.44541612619774884,nan,nan,nan,10,47798,462.14425289761084,299.2,299.2,32796800,32796800,2992,7805638400,7805638400,800381,False
239,1.9780348496250977,0.43451126151115055,nan,nan,nan,10,72104,807.143792300011,451.1,451.1,32796800,32796800,4511,7838435200,7838435200,804892,False
240,1.9518622539007031,0.43832320359983123,1.952398267443277,0.44530196313502174,7.04556448275607,10,64003,629.1116822648938,400.4,400.4,32796800,32796800,4004,7871232000,7871232000,808896,False
241,1.9518253531603007,0.4437564499484004,nan,nan,nan,10,31008,227.2730908152735,194.3,194.3,32796800,32796800,1943,7904028800,7904028800,810839,False
242,1.9563973096427287,0.4407869684789507,nan,nan,nan,10,47270,393.4302094351597,295.9,295.9,32796800,32796800,2959,7936825600,7936825600,813798,False
243,1.972963187273693,0.436310374793261,nan,nan,nan,10,71346,890.8476999411319,446.4,446.4,32796800,32796800,4464,7969622400,7969622400,818262,False
244,1.9397165053277972,0.4467660628083863,nan,nan,nan,10,56139,488.54721316731684,351.3,351.3,32796800,32796800,3513,8002419200,8002419200,821775,False
245,1.9550410827594016,0.43969393538635937,nan,nan,nan,10,52930,669.6277536368789,331.3,331.3,32796800,32796800,3313,8035216000,8035216000,825088,False
246,1.9463874733582922,0.4413781455835163,nan,nan,nan,10,59210,795.1547035973654,370.6,370.6,32796800,32796800,3706,8068012800,8068012800,828794,False
247,1.9519635650227112,0.4424512176547242,nan,nan,nan,10,59089,698.7536258863747,369.8,369.8,32796800,32796800,3698,8100809600,8100809600,832492,False
248,1.966431466713405,0.44277428562752424,nan,nan,nan,10,65862,774.6840970514106,412.2,412.2,32796800,32796800,4122,8133606400,8133606400,836614,False
249,1.9448749312708071,0.4424530705852374,nan,nan,nan,10,58865,711.1657351567144,368.5,368.5,32796800,32796800,3685,8166403200,8166403200,840299,False
250,1.9133633359423698,0.44815480596383633,1.9455179202043902,0.4429791697887007,6.997254936425296,10,47285,461.48106164745684,296.0,296.0,32796800,32796800,2960,8199200000,8199200000,843259,False
251,1.9395623954837156,0.4476528665858896,nan,nan,nan,10,83357,879.368763271231,521.6,521.6,32796800,32796800,5216,8231996800,8231996800,848475,False
252,1.9337753476715291,0.44507792335086743,nan,nan,nan,10,61214,770.5951252981346,383.1,383.1,32796800,32796800,3831,8264793600,8264793600,852306,False
253,1.934260993671218,0.4460446589596876,nan,nan,nan,10,77073,794.4390772384622,482.2,482.2,32796800,32796800,4822,8297590400,8297590400,857128,False
254,1.9218052224705748,0.4478045528145538,nan,nan,nan,10,41996,442.69656633965144,262.9,262.9,32796800,32796800,2629,8330387200,8330387200,859757,False
255,1.9128637997359768,0.4440856076705544,nan,nan,nan,10,59761,586.8492495105504,374.0,374.0,32796800,32796800,3740,8363184000,8363184000,863497,False
256,1.92418721677067,0.44759537528716153,nan,nan,nan,10,53106,580.4649945392233,332.4,332.4,32796800,32796800,3324,8395980800,8395980800,866821,False
257,1.9116648288668123,0.4543304835901567,nan,nan,nan,10,38483,325.03861445313527,240.9,240.9,32796800,32796800,2409,8428777600,8428777600,869230,False
258,1.907541187832128,0.45308858647178984,nan,nan,nan,10,34757,360.007969617631,217.6,217.6,32796800,32796800,2176,8461574400,8461574400,871406,False
259,1.9102485704973722,0.4520843665217772,nan,nan,nan,10,68558,1011.0678257825491,429.1,429.1,32796800,32796800,4291,8494371200,8494371200,875697,False
260,1.9210927117463217,0.44427831287596925,1.9079375207361637,0.4566724112093511,6.7391750462624564,10,28759,240.67794429569878,180.2,180.2,32796800,32796800,1802,8527168000,8527168000,877499,False
261,1.9218914414334147,0.4475018225590424,nan,nan,nan,10,58983,659.9866232643303,369.2,369.2,32796800,32796800,3692,8559964800,8559964800,881191,False
262,1.9211338775281857,0.44854730954477184,nan,nan,nan,10,57927,519.9299981010582,362.6,362.6,32796800,32796800,3626,8592761600,8592761600,884817,False
263,1.8824551236044527,0.45758781354381634,nan,nan,nan,10,47003,636.513392762164,294.3,294.3,32796800,32796800,2943,8625558400,8625558400,887760,False
264,1.9037397568771992,0.4548561188556188,nan,nan,nan,10,47991,600.8530557812923,300.3,300.3,32796800,32796800,3003,8658355200,8658355200,890763,False
265,1.9146005588538193,0.45179483541430193,nan,nan,nan,10,56384,607.6076191827468,352.9,352.9,32796800,32796800,3529,8691152000,8691152000,894292,False
266,1.9033592158828017,0.4504168445652907,nan,nan,nan,10,44501,478.8528572391632,278.6,278.6,32796800,32796800,2786,8723948800,8723948800,897078,False
267,1.9063530668744666,0.4559501407040381,nan,nan,nan,10,57923,513.2607945030472,362.7,362.7,32796800,32796800,3627,8756745600,8756745600,900705,False
268,1.9021967205310117,0.4531855052378429,nan,nan,nan,10,49066,491.6100762238617,307.1,307.1,32796800,32796800,3071,8789542400,8789542400,903776,False
269,1.9236107209055455,0.4515418927530075,nan,nan,nan,10,51787,583.026164867631,324.1,324.1,32796800,32796800,3241,8822339200,8822339200,907017,False
270,1.9046694854633406,0.4522090441808836,1.893117878902589,0.4592012588041361,6.640039278466771,10,49999,508.92515850317,313.1,313.1,32796800,32796800,3131,8855136000,8855136000,910148,False
271,1.8799938801156755,0.4606518475470967,nan,nan,nan,10,61947,633.2589955930068,387.6,387.6,32796800,32796800,3876,8887932800,8887932800,914024,False
272,1.883561298260062,0.45519774493892545,nan,nan,nan,10,46828,498.4393952336209,293.1,293.1,32796800,32796800,2931,8920729600,8920729600,916955,False
273,1.9147891369942607,0.4506286239164131,nan,nan,nan,10,34838,364.65351053447387,218.2,218.2,32796800,32796800,2182,8953526400,8953526400,919137,False
274,1.895006309720466,0.45484798466535326,nan,nan,nan,10,37562,316.50029284915604,235.3,235.3,32796800,32796800,2353,8986323200,8986323200,921490,False
275,1.8808906978844822,0.457891771523623,nan,nan,nan,10,37273,365.10385533764395,233.5,233.5,32796800,32796800,2335,9019120000,9019120000,923825,False
276,1.9036294737476647,0.4494825757852781,nan,nan,nan,10,54694,823.2807986250779,342.3,342.3,32796800,32796800,3423,9051916800,9051916800,927248,False
277,1.8708964529543357,0.4612318056800272,nan,nan,nan,10,64718,625.2302296115455,404.8,404.8,32796800,32796800,4048,9084713600,9084713600,931296,False
278,1.8866130637706782,0.4597110114598904,nan,nan,nan,10,50175,592.2113004484305,314.2,314.2,32796800,32796800,3142,9117510400,9117510400,934438,False
279,1.8692450215919836,0.4603981363828886,nan,nan,nan,10,35415,307.5068191444303,221.8,221.8,32796800,32796800,2218,9150307200,9150307200,936656,False
280,1.8968168489850217,0.45582467290789885,1.8839528948296391,0.46006294020680355,6.579461445700852,10,69858,788.0336969280542,437.2,437.2,32796800,32796800,4372,9183104000,9183104000,941028,False
281,1.890373913114031,0.4562423453172721,nan,nan,nan,10,64503,706.591383346511,403.7,403.7,32796800,32796800,4037,9215900800,9215900800,945065,False
282,1.8813434262949444,0.4560901853489951,nan,nan,nan,10,48611,530.1350928802123,304.4,304.4,32796800,32796800,3044,9248697600,9248697600,948109,False
283,1.8644997965089856,0.4609615078190799,nan,nan,nan,10,87862,1175.6223168150054,549.5,549.5,32796800,32796800,5495,9281494400,9281494400,953604,False
284,1.858962236309736,0.4599176607199409,nan,nan,nan,10,47365,549.4787923572258,296.6,296.6,32796800,32796800,2966,9314291200,9314291200,956570,False
285,1.896264710624184,0.4518434998308716,nan,nan,nan,10,44345,444.4334648776637,277.6,277.6,32796800,32796800,2776,9347088000,9347088000,959346,False
286,1.8617171243121506,0.46243495359823505,nan,nan,nan,10,41701,463.9626867461213,261.1,261.1,32796800,32796800,2611,9379884800,9379884800,961957,False
287,1.8541724438138916,0.46355601878953157,nan,nan,nan,10,70039,624.8992561287282,438.2,438.2,32796800,32796800,4382,9412681600,9412681600,966339,False
288,1.848329162529494,0.4625339816977448,nan,nan,nan,10,78351,618.7425176449567,490.1,490.1,32796800,32796800,4901,9445478400,9445478400,971240,False
289,1.8250000263138122,0.47253504658518874,nan,nan,nan,10,81249,878.71205799456,508.2,508.2,32796800,32796800,5082,9478275200,9478275200,976322,False
290,1.8738178966020522,0.46016218303513967,1.8822844870244475,0.4533380788251161,6.568493373024131,10,46614,711.5753636246619,291.9,291.9,32796800,32796800,2919,9511072000,9511072000,979241,False
291,1.8587269629291474,0.46377712962168655,nan,nan,nan,10,46628,369.1322595865145,291.8,291.8,32796800,32796800,2918,9543868800,9543868800,982159,False
292,1.8840517206150478,0.4565178382081858,nan,nan,nan,10,61301,728.5482455424869,383.6,383.6,32796800,32796800,3836,9576665600,9576665600,985995,False
293,1.8591267227887942,0.46038147799981805,nan,nan,nan,10,65954,722.360160111593,412.7,412.7,32796800,32796800,4127,9609462400,9609462400,990122,False
294,1.8467303020544164,0.46256121561627533,nan,nan,nan,10,43698,467.1928234701817,273.5,273.5,32796800,32796800,2735,9642259200,9642259200,992857,False
295,1.8359501586400266,0.46941539923954373,nan,nan,nan,10,42080,414.16841730038027,263.5,263.5,32796800,32796800,2635,9675056000,9675056000,995492,False
296,1.86402799085205,0.4613390182069601,nan,nan,nan,10,69424,768.683193132058,434.4,434.4,32796800,32796800,4344,9707852800,9707852800,999836,False
297,1.858237052398435,0.4607329842931937,nan,nan,nan,10,36863,325.30106068415483,230.9,230.9,32796800,32796800,2309,9740649600,9740649600,1002145,False
298,1.8275924756860196,0.47157410450213605,nan,nan,nan,10,36516,311.84316464015774,228.6,228.6,32796800,32796800,2286,9773446400,9773446400,1004431,False
299,1.8461701211892223,0.4656498780389739,nan,nan,nan,10,37307,434.443133996301,233.7,233.7,32796800,32796800,2337,9806243200,9806243200,1006768,False
300,1.838151986427168,0.46802983488477357,1.834260337770423,0.4708714221489585,6.260501775750744,10,50813,399.7629150020664,318.0,318.0,32796800,32796800,3180,9839040000,9839040000,1009948,False
301,1.8226715603274248,0.46840618932752837,nan,nan,nan,10,33994,272.85685709242813,212.9,212.9,32796800,32796800,2129,9871836800,9871836800,1012077,False
302,1.85280402884154,0.4648658452260851,nan,nan,nan,10,88219,785.0662442331018,551.7,551.7,32796800,32796800,5517,9904633600,9904633600,1017594,False
303,1.8474663034799703,0.46380767665158157,nan,nan,nan,10,41763,374.18150037114196,261.4,261.4,32796800,32796800,2614,9937430400,9937430400,1020208,False
304,1.8278303354569,0.4678887764920678,nan,nan,nan,10,40531,543.7208803138337,253.9,253.9,32796800,32796800,2539,9970227200,9970227200,1022747,False
305,1.8310862624699416,0.4693079495755081,nan,nan,nan,10,58305,481.7215161649944,364.8,364.8,32796800,32796800,3648,10003024000,10003024000,1026395,False
306,1.8387350728044343,0.4662734536043695,nan,nan,nan,10,66461,592.8503031853269,415.9,415.9,32796800,32796800,4159,10035820800,10035820800,1030554,False
307,1.833465746281594,0.46722885530600317,nan,nan,nan,10,71862,857.2106676685871,449.7,449.7,32796800,32796800,4497,10068617600,10068617600,1035051,False
308,1.836365143401123,0.46863248373425653,nan,nan,nan,10,50259,520.4240633518375,314.6,314.6,32796800,32796800,3146,10101414400,10101414400,1038197,False
309,1.8369588349607984,0.4701052884697961,nan,nan,nan,10,58221,671.3912162278216,364.3,364.3,32796800,32796800,3643,10134211200,10134211200,1041840,False
310,1.834223355766385,0.46918396564065856,1.8237174213263079,0.4756481342724412,6.194844546139496,10,83820,821.8959317585303,524.4,524.4,32796800,32796800,5244,10167008000,10167008000,1047084,False
311,1.8361123826100187,0.47059216347518323,nan,nan,nan,10,59899,568.4656004273861,374.9,374.9,32796800,32796800,3749,10199804800,10199804800,1050833,False
312,1.8207120199389648,0.4737692136333259,nan,nan,nan,10,35912,313.3528068612164,224.8,224.8,32796800,32796800,2248,10232601600,10232601600,1053081,False
313,1.8053313806443243,0.4782409318108864,nan,nan,nan,10,43614,351.482207548035,272.9,272.9,32796800,32796800,2729,10265398400,10265398400,1055810,False
314,1.8210431139228056,0.4715875079984313,nan,nan,nan,10,48447,566.2172270728837,303.2,303.2,32796800,32796800,3032,10298195200,10298195200,1058842,False
315,1.8346444624536369,0.46833500051740196,nan,nan,nan,10,57982,761.3705115380635,363.0,363.0,32796800,32796800,3630,10330992000,10330992000,1062472,False
316,1.8243058025739416,0.47138591180561235,nan,nan,nan,10,48892,532.1874335269573,306.0,306.0,32796800,32796800,3060,10363788800,10363788800,1065532,False
317,1.8199445101187532,0.47446627579107553,nan,nan,nan,10,44686,498.29176923421204,279.8,279.8,32796800,32796800,2798,10396585600,10396585600,1068330,False
318,1.8043623814957788,0.47808617932844083,nan,nan,nan,10,48782,1031.5173219630192,305.3,305.3,32796800,32796800,3053,10429382400,10429382400,1071383,False
319,1.8200279700357047,0.4773044057935883,nan,nan,nan,10,49503,496.5978021534048,309.8,309.8,32796800,32796800,3098,10462179200,10462179200,1074481,False
320,1.8004691822656582,0.4793892294220666,1.8106172091954118,0.4786640191817773,6.114220020692245,10,91360,797.8299365148861,571.5,571.5,32796800,32796800,5715,10494976000,10494976000,1080196,False
321,1.7504331417462742,0.4914544096905335,nan,nan,nan,10,48212,514.7720899361154,301.8,301.8,32796800,32796800,3018,10527772800,10527772800,1083214,False
322,1.8287323669711213,0.47029316922039327,nan,nan,nan,10,47447,697.7141442030055,297.0,297.0,32796800,32796800,2970,10560569600,10560569600,1086184,False
323,1.7816006314619126,0.48560112915797676,nan,nan,nan,10,47469,485.3767511428511,297.1,297.1,32796800,32796800,2971,10593366400,10593366400,1089155,False
324,1.804497039975535,0.47598013877793965,nan,nan,nan,10,63843,740.202935325721,399.4,399.4,32796800,32796800,3994,10626163200,10626163200,1093149,False
325,1.816981369664172,0.4731072372981438,nan,nan,nan,10,38951,480.4720803060255,243.9,243.9,32796800,32796800,2439,10658960000,10658960000,1095588,False
326,1.7923958507622157,0.48105340160936355,nan,nan,nan,10,47845,443.73357717629835,299.5,299.5,32796800,32796800,2995,10691756800,10691756800,1098583,False
327,1.7877680042225326,0.48028621848333214,nan,nan,nan,10,41367,471.9991780888148,259.0,259.0,32796800,32796800,2590,10724553600,10724553600,1101173,False
328,1.7818394803397821,0.4826581671122078,nan,nan,nan,10,58356,566.9949962300363,365.0,365.0,32796800,32796800,3650,10757350400,10757350400,1104823,False
329,1.807516737438866,0.4739744310199494,nan,nan,nan,10,56944,698.173152570947,356.5,356.5,32796800,32796800,3565,10790147200,10790147200,1108388,False
330,1.7717865452819044,0.4860138141238355,1.7987020495554933,0.48117413457215646,6.041800415439398,10,81366,963.1045891404273,508.9,508.9,32796800,32796800,5089,10822944000,10822944000,1113477,False
331,1.8058845571310245,0.4773166846805848,nan,nan,nan,10,70316,636.8904943398373,439.9,439.9,32796800,32796800,4399,10855740800,10855740800,1117876,False
332,1.795951245158369,0.4756380510440835,nan,nan,nan,10,68098,710.0682252048518,426.1,426.1,32796800,32796800,4261,10888537600,10888537600,1122137,False
333,1.7800338148749422,0.4833846746245668,nan,nan,nan,10,51940,519.421101270697,325.1,325.1,32796800,32796800,3251,10921334400,10921334400,1125388,False
334,1.7979666338907139,0.4757449798021193,nan,nan,nan,10,85405,854.6705462209472,534.2,534.2,32796800,32796800,5342,10954131200,10954131200,1130730,False
335,1.82061429228259,0.4727976669348351,nan,nan,nan,10,59664,630.8740446500402,373.5,373.5,32796800,32796800,3735,10986928000,10986928000,1134465,False
336,1.791607355574978,0.4795009135734488,nan,nan,nan,10,79906,808.469151252722,499.9,499.9,32796800,32796800,4999,11019724800,11019724800,1139464,False
337,1.7803948557538127,0.4829662737337723,nan,nan,nan,10,58619,495.17216260939284,366.8,366.8,32796800,32796800,3668,11052521600,11052521600,1143132,False
338,1.7815307108546967,0.4832945389435989,nan,nan,nan,10,27925,392.9076812891674,175.0,175.0,32796800,32796800,1750,11085318400,11085318400,1144882,False
339,1.7896644332724905,0.48073738139830047,nan,nan,nan,10,64607,514.8909715665486,404.3,404.3,32796800,32796800,4043,11118115200,11118115200,1148925,False
340,1.773730995130081,0.48476678349959557,1.780529665157353,0.4869623857335531,5.932998088867372,10,48217,466.1467532198187,301.9,301.9,32796800,32796800,3019,11150912000,11150912000,1151944,False
341,1.7843159204023955,0.4802156557142403,nan,nan,nan,10,62878,596.8045103215752,393.4,393.4,32796800,32796800,3934,11183708800,11183708800,1155878,False
342,1.778100358551915,0.48310143528069177,nan,nan,nan,10,45566,488.2250142650222,285.2,285.2,32796800,32796800,2852,11216505600,11216505600,1158730,False
343,1.8005369108388813,0.48013415194871933,nan,nan,nan,10,36973,466.6734103264544,231.8,231.8,32796800,32796800,2318,11249302400,11249302400,1161048,False
344,1.7304031170268628,0.5005115726018305,nan,nan,nan,10,36163,448.13665901612137,226.5,226.5,32796800,32796800,2265,11282099200,11282099200,1163313,False
345,1.7575873032071658,0.4897655739755152,nan,nan,nan,10,71963,812.7899337159374,450.3,450.3,32796800,32796800,4503,11314896000,11314896000,1167816,False
346,1.7754884698851696,0.4844578292034307,nan,nan,nan,10,56781,566.4641693524243,355.4,355.4,32796800,32796800,3554,11347692800,11347692800,1171370,False
347,1.7676420769956585,0.48671185231427805,nan,nan,nan,10,44852,498.17597877463663,280.9,280.9,32796800,32796800,2809,11380489600,11380489600,1174179,False
348,1.7581246368872703,0.48747580713023475,nan,nan,nan,10,71302,934.9991444840258,446.2,446.2,32796800,32796800,4462,11413286400,11413286400,1178641,False
349,1.7522103168732208,0.48910073346619276,nan,nan,nan,10,48673,439.30721344482566,304.7,304.7,32796800,32796800,3047,11446083200,11446083200,1181688,False
350,1.7631104623917306,0.48740067139761184,1.7684192326264314,0.4886857485388881,5.861580239189422,10,47066,447.5609569540645,294.8,294.8,32796800,32796800,2948,11478880000,11478880000,1184636,False
351,1.757300061119438,0.48844288410414594,nan,nan,nan,10,49277,401.61322726627026,308.4,308.4,32796800,32796800,3084,11511676800,11511676800,1187720,False
352,1.7652617875036036,0.4877868791971072,nan,nan,nan,10,54204,553.2171057486532,339.3,339.3,32796800,32796800,3393,11544473600,11544473600,1191113,False
353,1.751465575485183,0.490440097799511,nan,nan,nan,10,40900,477.5157701711492,256.1,256.1,32796800,32796800,2561,11577270400,11577270400,1193674,False
354,1.7534939589509682,0.49114515118729,nan,nan,nan,10,52683,557.1759201260368,329.8,329.8,32796800,32796800,3298,11610067200,11610067200,1196972,False
355,1.7479309612827525,0.49208855762246156,nan,nan,nan,10,63326,642.037804377349,396.2,396.2,32796800,32796800,3962,11642864000,11642864000,1200934,False
356,1.791412635114176,0.4800036357025995,nan,nan,nan,10,77014,793.722414106526,481.9,481.9,32796800,32796800,4819,11675660800,11675660800,1205753,False
357,1.739283663537864,0.4949716677727296,nan,nan,nan,10,39178,375.11047016182556,245.4,245.4,32796800,32796800,2454,11708457600,11708457600,1208207,False
358,1.7319296418980676,0.4950431820946357,nan,nan,nan,10,65768,906.8980203138304,411.6,411.6,32796800,32796800,4116,11741254400,11741254400,1212323,False
359,1.7478203720756202,0.49112206911337636,nan,nan,nan,10,51307,446.04512054885294,321.1,321.1,32796800,32796800,3211,11774051200,11774051200,1215534,False
360,1.762589920504772,0.48887492548375144,1.7556213069565914,0.4920762775363405,5.787042154773151,10,62067,666.0943818776484,388.5,388.5,32796800,32796800,3885,11806848000,11806848000,1219419,False
361,1.764223551331162,0.48427526243240376,nan,nan,nan,10,47155,440.3713073905206,295.2,295.2,32796800,32796800,2952,11839644800,11839644800,1222371,False
362,1.7234369988992333,0.4994181084645822,nan,nan,nan,10,51556,465.97587089766466,322.7,322.7,32796800,32796800,3227,11872441600,11872441600,1225598,False
363,1.7492056493004693,0.48998727263939684,nan,nan,nan,10,62071,654.9376681542105,388.4,388.4,32796800,32796800,3884,11905238400,11905238400,1229482,False
364,1.7344178665315666,0.49720003976274896,nan,nan,nan,10,30179,220.8391596805726,189.1,189.1,32796800,32796800,1891,11938035200,11938035200,1231373,False
365,1.7709779371225443,0.48659269533055943,nan,nan,nan,10,38934,400.8430420711974,243.7,243.7,32796800,32796800,2437,11970832000,11970832000,1233810,False
366,1.7368799467464873,0.494216703521007,nan,nan,nan,10,82306,934.1260418438509,514.8,514.8,32796800,32796800,5148,12003628800,12003628800,1238958,False
367,1.7728252283549986,0.48760103254199993,nan,nan,nan,10,47262,607.8994541068935,295.8,295.8,32796800,32796800,2958,12036425600,12036425600,1241916,False
368,1.7317214519000181,0.49592180012060044,nan,nan,nan,10,63018,741.5394649147862,394.3,394.3,32796800,32796800,3943,12069222400,12069222400,1245859,False
369,1.762917685060546,0.4899318292740526,nan,nan,nan,10,63517,739.3600768298251,397.4,397.4,32796800,32796800,3974,12102019200,12102019200,1249833,False
370,1.7113977378935332,0.49946130751440104,1.7485339554749952,0.4911771317248614,5.746172353383089,10,69613,640.6564578455175,435.5,435.5,32796800,32796800,4355,12134816000,12134816000,1254188,False
371,1.7245210177989492,0.4982802618440031,nan,nan,nan,10,54078,683.0513702429823,338.3,338.3,32796800,32796800,3383,12167612800,12167612800,1257571,False
372,1.70402764774624,0.4997828164364521,nan,nan,nan,10,46044,627.744917904613,288.1,288.1,32796800,32796800,2881,12200409600,12200409600,1260452,False
373,1.749990754647566,0.4906908792349859,nan,nan,nan,10,41411,522.3417449469947,259.5,259.5,32796800,32796800,2595,12233206400,12233206400,1263047,False
374,1.762725967169704,0.4906391435776675,nan,nan,nan,10,59877,572.1152028324733,374.9,374.9,32796800,32796800,3749,12266003200,12266003200,1266796,False
375,1.7492318237920057,0.49265465935787,nan,nan,nan,10,31925,339.233797963978,200.0,200.0,32796800,32796800,2000,12298800000,12298800000,1268796,False
376,1.7591172233201553,0.48944556713819803,nan,nan,nan,10,49979,731.5255207187018,312.7,312.7,32796800,32796800,3127,12331596800,12331596800,1271923,False
377,1.7467877513977146,0.49230769230769234,nan,nan,nan,10,46020,536.9134941329858,288.1,288.1,32796800,32796800,2881,12364393600,12364393600,1274804,False
378,1.7240195230988316,0.49981310646950644,nan,nan,nan,10,66883,994.4357161012515,418.4,418.4,32796800,32796800,4184,12397190400,12397190400,1278988,False
379,1.7484360569468287,0.4914229423553789,nan,nan,nan,10,58878,732.0230986106865,368.4,368.4,32796800,32796800,3684,12429987200,12429987200,1282672,False
380,1.7177867776423852,0.5001309364265139,1.7517984879529584,0.4918514910834707,5.764961571975188,10,64917,713.4188117134188,406.2,406.2,32796800,32796800,4062,12462784000,12462784000,1286734,False
381,1.7454366860007517,0.48865720469904006,nan,nan,nan,10,60523,640.1260016853098,378.7,378.7,32796800,32796800,3787,12495580800,12495580800,1290521,False
382,1.7442255044576085,0.4944151079965125,nan,nan,nan,10,60789,683.1390712135419,380.3,380.3,32796800,32796800,3803,12528377600,12528377600,1294324,False
383,1.7240938265205286,0.4988308913822396,nan,nan,nan,10,59447,730.7427456389725,372.0,372.0,32796800,32796800,3720,12561174400,12561174400,1298044,False
384,1.748937761478754,0.4901938136709095,nan,nan,nan,10,43289,355.118759962115,271.1,271.1,32796800,32796800,2711,12593971200,12593971200,1300755,False
385,1.7161939332184395,0.49709769191942366,nan,nan,nan,10,87172,999.8748566053321,545.4,545.4,32796800,32796800,5454,12626768000,12626768000,1306209,False
386,1.7379391183159103,0.49328751663382014,nan,nan,nan,10,59367,732.2378762612225,371.6,371.6,32796800,32796800,3716,12659564800,12659564800,1309925,False
387,1.7213158954841814,0.4988566922925291,nan,nan,nan,10,50730,589.9854129706289,317.6,317.6,32796800,32796800,3176,12692361600,12692361600,1313101,False
388,1.705958478250621,0.5008742596113916,nan,nan,nan,10,91506,1090.3131707210457,572.5,572.5,32796800,32796800,5725,12725158400,12725158400,1318826,False
389,1.7462060105772492,0.4893100164248941,nan,nan,nan,10,72451,681.7299968254407,453.3,453.3,32796800,32796800,4533,12757955200,12757955200,1323359,False
390,1.689150480694368,0.5040963025668249,1.7415247245044272,0.4941930166341975,5.70603692771455,10,69697,1115.4122272120753,436.2,436.2,32796800,32796800,4362,12790752000,12790752000,1327721,False
391,1.7707783508989214,0.484929892368754,nan,nan,nan,10,57697,938.6334644782225,361.3,361.3,32796800,32796800,3613,12823548800,12823548800,1331334,False
392,1.6950358208043106,0.5040719696969697,nan,nan,nan,10,31680,326.80555555555554,198.6,198.6,32796800,32796800,1986,12856345600,12856345600,1333320,False
393,1.721904579437518,0.49572080639026245,nan,nan,nan,10,52580,620.0953784709017,329.1,329.1,32796800,32796800,3291,12889142400,12889142400,1336611,False
394,1.7095857073227316,0.5008684145231991,nan,nan,nan,10,48364,524.0285749731206,302.8,302.8,32796800,32796800,3028,12921939200,12921939200,1339639,False
395,1.7162043303978005,0.49761214071268417,nan,nan,nan,10,78941,835.3382779544215,494.0,494.0,32796800,32796800,4940,12954736000,12954736000,1344579,False
396,1.726994825095099,0.49646643109540634,nan,nan,nan,10,43016,400.37634833550305,269.3,269.3,32796800,32796800,2693,12987532800,12987532800,1347272,False
397,1.6872459816964898,0.5065700566433767,nan,nan,nan,10,34779,411.0904281319187,217.9,217.9,32796800,32796800,2179,13020329600,13020329600,1349451,False
398,1.7041110534885429,0.501859452091328,nan,nan,nan,10,67493,607.0459751381625,422.3,422.3,32796800,32796800,4223,13053126400,13053126400,1353674,False
399,1.6640298886924763,0.5119220465839145,nan,nan,nan,10,97802,894.1272673360462,611.7,611.7,32796800,32796800,6117,13085923200,13085923200,1359791,False
400,1.7453916130099285,0.49213922210105415,1.7180768365572725,0.49962535591188373,5.573798824021648,10,44016,544.1093920392584,275.6,275.6,32796800,32796800,2756,13118720000,13118720000,1362547,False
401,1.7125536475835383,0.4981073305790487,nan,nan,nan,10,46231,477.34039929917157,289.4,289.4,32796800,32796800,2894,13151516800,13151516800,1365441,False
402,1.6778108903220097,0.509147714478721,nan,nan,nan,10,35528,408.11013848232375,222.5,222.5,32796800,32796800,2225,13184313600,13184313600,1367666,False
403,1.6893521629274573,0.5053905361786653,nan,nan,nan,10,76523,680.558119780981,478.8,478.8,32796800,32796800,4788,13217110400,13217110400,1372454,False
404,1.6844542173068222,0.504010635940616,nan,nan,nan,10,45130,524.2263904276534,282.6,282.6,32796800,32796800,2826,13249907200,13249907200,1375280,False
405,1.7148569465602508,0.4984116226862637,nan,nan,nan,10,47218,536.467512389343,295.7,295.7,32796800,32796800,2957,13282704000,13282704000,1378237,False
406,1.7288025985669249,0.49337007955904527,nan,nan,nan,10,76924,752.8031173625917,481.2,481.2,32796800,32796800,4812,13315500800,13315500800,1383049,False
407,1.7054329930365664,0.4983133530541284,nan,nan,nan,10,38538,465.96380196170014,241.4,241.4,32796800,32796800,2414,13348297600,13348297600,1385463,False
408,1.6888381406810344,0.5065392284948085,nan,nan,nan,10,72715,668.7070618166815,454.9,454.9,32796800,32796800,4549,13381094400,13381094400,1390012,False
409,1.724901489387287,0.4945342983945432,nan,nan,nan,10,33573,611.7153665147589,210.3,210.3,32796800,32796800,2103,13413891200,13413891200,1392115,False
410,1.693648561787138,0.501491872082802,1.7033960300818851,0.5028660272740896,5.492568683072307,10,80771,741.5740550445084,505.3,505.3,32796800,32796800,5053,13446688000,13446688000,1397168,False
411,1.7004419321268676,0.5021143035917931,nan,nan,nan,10,99087,895.6477741782475,619.9,619.9,32796800,32796800,6199,13479484800,13479484800,1403367,False
412,1.700898685668339,0.5026972829463933,nan,nan,nan,10,70812,760.7283228831272,443.0,443.0,32796800,32796800,4430,13512281600,13512281600,1407797,False
413,1.6820996464420233,0.5051493230003093,nan,nan,nan,10,67873,688.9967439187894,424.6,424.6,32796800,32796800,4246,13545078400,13545078400,1412043,False
414,1.6750581348452869,0.5100297679453353,nan,nan,nan,10,59124,540.4780123131047,369.9,369.9,32796800,32796800,3699,13577875200,13577875200,1415742,False
415,1.7045923541566084,0.4999720717198235,nan,nan,nan,10,53709,581.3045672047516,336.0,336.0,32796800,32796800,3360,13610672000,13610672000,1419102,False
416,1.7018698577395517,0.5038846282094032,nan,nan,nan,10,59980,689.7814938312771,375.3,375.3,32796800,32796800,3753,13643468800,13643468800,1422855,False
417,1.7074825195940768,0.5032976166814231,nan,nan,nan,10,55343,539.342626890483,346.4,346.4,32796800,32796800,3464,13676265600,13676265600,1426319,False
418,1.70327812044615,0.5037075426566736,nan,nan,nan,10,50168,727.57773879764,313.9,313.9,32796800,32796800,3139,13709062400,13709062400,1429458,False
419,1.698284691968635,0.4983600387138402,nan,nan,nan,10,74392,623.9119663404667,465.4,465.4,32796800,32796800,4654,13741859200,13741859200,1434112,False
420,1.6777055866291137,0.5114164601806156,1.6874932451225302,0.5052262850292223,5.4059124087419015,10,48833,512.7098273708353,305.8,305.8,32796800,32796800,3058,13774656000,13774656000,1437170,False
421,1.7027397920199112,0.49947767390780273,nan,nan,nan,10,37333,321.78715881391804,233.8,233.8,32796800,32796800,2338,13807452800,13807452800,1439508,False
422,1.6801928564630875,0.5049204483659901,nan,nan,nan,10,57007,530.0740259968073,356.7,356.7,32796800,32796800,3567,13840249600,13840249600,1443075,False
423,1.7226592070911793,0.4979456075132068,nan,nan,nan,10,66443,784.4891260177897,415.8,415.8,32796800,32796800,4158,13873046400,13873046400,1447233,False
424,1.673292566330897,0.5101041217423449,nan,nan,nan,10,32462,331.6888977881831,203.5,203.5,32796800,32796800,2035,13905843200,13905843200,1449268,False
425,1.695636245894764,0.502386212991604,nan,nan,nan,10,45260,523.0003093239063,283.5,283.5,32796800,32796800,2835,13938640000,13938640000,1452103,False
426,1.6533166297498596,0.515607620066739,nan,nan,nan,10,71023,922.638300268927,444.2,444.2,32796800,32796800,4442,13971436800,13971436800,1456545,False
427,1.6517090183775927,0.5130922500077469,nan,nan,nan,10,64542,568.9392798487806,403.9,403.9,32796800,32796800,4039,14004233600,14004233600,1460584,False
428,1.6565899881939496,0.5137581248768958,nan,nan,nan,10,101540,1059.7442091786488,635.0,635.0,32796800,32796800,6350,14037030400,14037030400,1466934,False
429,1.6840220901914131,0.507134213640776,nan,nan,nan,10,75201,721.2535604579726,470.3,470.3,32796800,32796800,4703,14069827200,14069827200,1471637,False
430,1.677244311101258,0.5064264872555403,1.6874011503279915,0.5035029222238873,5.405414575273612,10,41469,540.2281945549688,259.6,259.6,32796800,32796800,2596,14102624000,14102624000,1474233,False
431,1.6525995056732976,0.5136966603156343,nan,nan,nan,10,55634,531.1416400043139,348.1,348.1,32796800,32796800,3481,14135420800,14135420800,1477714,False
432,1.654483908911515,0.515748195736515,nan,nan,nan,10,71913,622.3875099078052,449.8,449.8,32796800,32796800,4498,14168217600,14168217600,1482212,False
433,1.6970372864328098,0.5036711552090716,nan,nan,nan,10,35275,281.45496810772505,221.0,221.0,32796800,32796800,2210,14201014400,14201014400,1484422,False
434,1.7064684756700235,0.5008436561175357,nan,nan,nan,10,24299,205.8125437260792,152.3,152.3,32796800,32796800,1523,14233811200,14233811200,1485945,False
435,1.6507605649462127,0.5159645089213433,nan,nan,nan,10,61762,530.1598231922541,386.4,386.4,32796800,32796800,3864,14266608000,14266608000,1489809,False
436,1.6547393179048777,0.5138801108464194,nan,nan,nan,10,20569,235.5013369633915,129.0,129.0,32796800,32796800,1290,14299404800,14299404800,1491099,False
437,1.6684053465325255,0.5081315598046348,nan,nan,nan,10,38492,409.9368959783851,241.2,241.2,32796800,32796800,2412,14332201600,14332201600,1493511,False
438,1.6461427676968112,0.5190865144190698,nan,nan,nan,10,41993,385.33050746553,262.9,262.9,32796800,32796800,2629,14364998400,14364998400,1496140,False
439,1.6530663811126765,0.5131332082551595,nan,nan,nan,10,60762,739.8841874855995,380.2,380.2,32796800,32796800,3802,14397795200,14397795200,1499942,False
440,1.6731801574116942,0.508977156226177,1.6724500841917922,0.5091413157500375,5.325199012794105,10,38041,345.6436476433322,238.3,238.3,32796800,32796800,2383,14430592000,14430592000,1502325,False
441,1.645865321529351,0.5154162515646155,nan,nan,nan,10,78294,901.7082918231281,489.7,489.7,32796800,32796800,4897,14463388800,14463388800,1507222,False
442,1.6376739482091995,0.5162090687585428,nan,nan,nan,10,67308,528.0251233137219,421.0,421.0,32796800,32796800,4210,14496185600,14496185600,1511432,False
443,1.6393879678122558,0.5184980455640226,nan,nan,nan,10,50654,488.47396059541205,317.1,317.1,32796800,32796800,3171,14528982400,14528982400,1514603,False
444,1.6611303682842395,0.5117197422811353,nan,nan,nan,10,43303,420.6215966561208,271.1,271.1,32796800,32796800,2711,14561779200,14561779200,1517314,False
445,1.6593311093245966,0.5134477459016393,nan,nan,nan,10,54656,459.68107801522245,342.1,342.1,32796800,32796800,3421,14594576000,14594576000,1520735,False
446,1.6997448238123052,0.5034099402092675,nan,nan,nan,10,42816,359.5531576980568,268.1,268.1,32796800,32796800,2681,14627372800,14627372800,1523416,False
447,1.6548383534595676,0.5155666251556662,nan,nan,nan,10,44165,548.6957545567757,276.6,276.6,32796800,32796800,2766,14660169600,14660169600,1526182,False
448,1.6457236431493523,0.5173029605524248,nan,nan,nan,10,75594,811.8656242558934,473.0,473.0,32796800,32796800,4730,14692966400,14692966400,1530912,False
449,1.6622553820858077,0.513160056517596,nan,nan,nan,10,30433,319.3053593139027,190.6,190.6,32796800,32796800,1906,14725763200,14725763200,1532818,False
450,1.637906347379333,0.515938632005114,1.6659821913586408,0.5111831260302713,5.290867342730331,10,46930,450.6195823567014,293.8,293.8,32796800,32796800,2938,14758560000,14758560000,1535756,False
451,1.645976747580506,0.5174584265683607,nan,nan,nan,10,62119,547.6388866530369,388.7,388.7,32796800,32796800,3887,14791356800,14791356800,1539643,False
452,1.6592321457634824,0.5147556464940584,nan,nan,nan,10,38121,400.9433645497233,238.5,238.5,32796800,32796800,2385,14824153600,14824153600,1542028,False
453,1.6550524676789211,0.5140736097780738,nan,nan,nan,10,51053,692.7147865943235,319.5,319.5,32796800,32796800,3195,14856950400,14856950400,1545223,False
454,1.6347087446211006,0.518225970702666,nan,nan,nan,10,76594,1072.9879886152962,479.2,479.2,32796800,32796800,4792,14889747200,14889747200,1550015,False
455,1.6744738418299951,0.5073426669223814,nan,nan,nan,10,72998,756.7137729800817,456.7,456.7,32796800,32796800,4567,14922544000,14922544000,1554582,False
456,1.6325598928772456,0.5193610842207164,nan,nan,nan,10,55782,663.1345236814742,349.1,349.1,32796800,32796800,3491,14955340800,14955340800,1558073,False
457,1.628128051319004,0.5210216954051046,nan,nan,nan,10,51209,533.3852447811909,320.6,320.6,32796800,32796800,3206,14988137600,14988137600,1561279,False
458,1.661646867395244,0.5103090695507757,nan,nan,nan,10,49374,496.99803540324865,309.0,309.0,32796800,32796800,3090,15020934400,15020934400,1564369,False
459,1.6259884533647133,0.5201332644034695,nan,nan,nan,10,69636,929.7764518352577,435.7,435.7,32796800,32796800,4357,15053731200,15053731200,1568726,False
460,1.6214651380678895,0.5217539089055064,1.6620526919207008,0.5119324142065038,5.270117677080178,10,32362,329.5299116247451,202.7,202.7,32796800,32796800,2027,15086528000,15086528000,1570753,False
461,1.6491797901030139,0.5144657801509472,nan,nan,nan,10,77908,782.81129023977,487.4,487.4,32796800,32796800,4874,15119324800,15119324800,1575627,False
462,1.671845616668866,0.5062292056244991,nan,nan,nan,10,41177,542.9643733152002,258.0,258.0,32796800,32796800,2580,15152121600,15152121600,1578207,False
463,1.6531379422832044,0.5118053556003456,nan,nan,nan,10,55568,545.1591743449467,347.7,347.7,32796800,32796800,3477,15184918400,15184918400,1581684,False
464,1.6401826521890763,0.5196564885496183,nan,nan,nan,10,52400,610.2058206106869,328.0,328.0,32796800,32796800,3280,15217715200,15217715200,1584964,False
465,1.674941430931231,0.5046510025494384,nan,nan,nan,10,29026,270.0924343691863,182.0,182.0,32796800,32796800,1820,15250512000,15250512000,1586784,False
466,1.6454984338684064,0.5157263538995324,nan,nan,nan,10,53032,587.9957195655453,331.9,331.9,32796800,32796800,3319,15283308800,15283308800,1590103,False
467,1.6667281631095714,0.5118466484105251,nan,nan,nan,10,50394,764.4298130729849,315.4,315.4,32796800,32796800,3154,15316105600,15316105600,1593257,False
468,1.660821983853195,0.5097814086994922,nan,nan,nan,10,45290,513.0640097151689,283.4,283.4,32796800,32796800,2834,15348902400,15348902400,1596091,False
469,1.6472712451961435,0.5162804048572891,nan,nan,nan,10,80127,847.8580628252648,501.2,501.2,32796800,32796800,5012,15381699200,15381699200,1601103,False
470,1.62729431567261,0.5203613369467028,1.6579282358456244,0.5118949497976922,5.248426071996658,10,55350,538.4415356820235,346.4,346.4,32796800,32796800,3464,15414496000,15414496000,1604567,False
471,1.6641567426076243,0.5114979386165827,nan,nan,nan,10,76405,877.3412603887181,478.0,478.0,32796800,32796800,4780,15447292800,15447292800,1609347,False
472,1.639874944059971,0.5185628917493389,nan,nan,nan,10,68443,741.3843197989568,428.1,428.1,32796800,32796800,4281,15480089600,15480089600,1613628,False
473,1.6470751043376444,0.5139283951197724,nan,nan,nan,10,42539,572.9447565763181,266.2,266.2,32796800,32796800,2662,15512886400,15512886400,1616290,False
474,1.6134147293786487,0.5215299868104585,nan,nan,nan,10,25778,204.2062611529211,161.6,161.6,32796800,32796800,1616,15545683200,15545683200,1617906,False
475,1.6034257792671025,0.5298677025689889,nan,nan,nan,10,54574,558.514035987833,341.7,341.7,32796800,32796800,3417,15578480000,15578480000,1621323,False
476,1.6145419488930959,0.5219140083217753,nan,nan,nan,10,57680,746.4235783633841,361.0,361.0,32796800,32796800,3610,15611276800,15611276800,1624933,False
477,1.6506648855755452,0.5127646281039768,nan,nan,nan,10,68823,752.9878383679876,430.7,430.7,32796800,32796800,4307,15644073600,15644073600,1629240,False
478,1.6316184901712694,0.5220336816540441,nan,nan,nan,10,31293,282.9902214552775,196.0,196.0,32796800,32796800,1960,15676870400,15676870400,1631200,False
479,1.6398673289731716,0.5156816622561992,nan,nan,nan,10,61218,711.8516776111601,383.1,383.1,32796800,32796800,3831,15709667200,15709667200,1635031,False
480,1.6132322676058,0.5231767749857474,1.6438593806738835,0.5150794245466807,5.175103715917992,10,45606,461.0982107617419,285.4,285.4,32796800,32796800,2854,15742464000,15742464000,1637885,False
481,1.6259013417663193,0.520217371281201,nan,nan,nan,10,43428,609.3051487519573,271.9,271.9,32796800,32796800,2719,15775260800,15775260800,1640604,False
482,1.6147566098758592,0.5202587026821381,nan,nan,nan,10,68341,618.9020939114147,427.7,427.7,32796800,32796800,4277,15808057600,15808057600,1644881,False
483,1.6529135138251312,0.5147074800369384,nan,nan,nan,10,73636,836.0329458417078,460.6,460.6,32796800,32796800,4606,15840854400,15840854400,1649487,False
484,1.664798267113776,0.5142740723762956,nan,nan,nan,10,39267,603.4194616344512,245.8,245.8,32796800,32796800,2458,15873651200,15873651200,1651945,False
485,1.6491744215800799,0.5124199006407949,nan,nan,nan,10,83334,845.3239614083086,521.5,521.5,32796800,32796800,5215,15906448000,15906448000,1657160,False
486,1.6149922886388783,0.5218112268932898,nan,nan,nan,10,53069,539.807759709058,332.1,332.1,32796800,32796800,3321,15939244800,15939244800,1660481,False
487,1.645057815725769,0.5184661878409671,nan,nan,nan,10,25479,316.20923113152,159.7,159.7,32796800,32796800,1597,15972041600,15972041600,1662078,False
488,1.652499343098039,0.5154107063854889,nan,nan,nan,10,40686,409.97930492061147,254.8,254.8,32796800,32796800,2548,16004838400,16004838400,1664626,False
489,1.6247155337209969,0.518350342760156,nan,nan,nan,10,45367,496.8460995878061,283.9,283.9,32796800,32796800,2839,16037635200,16037635200,1667465,False
490,1.6412035229679174,0.5185463141897596,1.641723618806793,0.5147609770717818,5.164062721407758,10,53299,724.6139890054224,333.7,333.7,32796800,32796800,3337,16070432000,16070432000,1670802,False
491,1.625796473869234,0.5219744256956307,nan,nan,nan,10,62641,684.4182564135311,392.0,392.0,32796800,32796800,3920,16103228800,16103228800,1674722,False
492,1.6259603745406561,0.520751475721413,nan,nan,nan,10,54719,604.6145762897714,342.4,342.4,32796800,32796800,3424,16136025600,16136025600,1678146,False
493,1.5877669667097278,0.5294180345342144,nan,nan,nan,10,46910,461.4149008740141,293.6,293.6,32796800,32796800,2936,16168822400,16168822400,1681082,False
494,1.605261598080284,0.5266649869824473,nan,nan,nan,10,59535,590.1083732258335,372.5,372.5,32796800,32796800,3725,16201619200,16201619200,1684807,False
495,1.5969577898217102,0.5294698715837998,nan,nan,nan,10,48592,467.8464767863022,303.9,303.9,32796800,32796800,3039,16234416000,16234416000,1687846,False
496,1.6380369552092977,0.5201557532777789,nan,nan,nan,10,53161,407.1174357141514,332.6,332.6,32796800,32796800,3326,16267212800,16267212800,1691172,False
497,1.6013752331542959,0.5255852406230963,nan,nan,nan,10,68946,902.0268906100428,431.2,431.2,32796800,32796800,4312,16300009600,16300009600,1695484,False
498,1.6262423330266471,0.5185846710377572,nan,nan,nan,10,44230,599.5905267917703,276.9,276.9,32796800,32796800,2769,16332806400,16332806400,1698253,False
499,1.5815183179032417,0.5286327315773898,nan,nan,nan,10,40548,554.0121091052579,254.0,254.0,32796800,32796800,2540,16365603200,16365603200,1700793,False
500,1.6391495025412328,0.5150757106171965,1.6379156714701928,0.5171025026225086,5.144435635692937,10,45172,498.30901886124144,282.8,282.8,32796800,32796800,2828,16398400000,16398400000,1703621,False
501,1.6001220438283033,0.5266623254467839,nan,nan,nan,10,55284,801.0933904927284,345.9,345.9,32796800,32796800,3459,16431196800,16431196800,1707080,False
502,1.6161778635870994,0.5262539746197256,nan,nan,nan,10,69818,756.0234753215503,436.7,436.7,32796800,32796800,4367,16463993600,16463993600,1711447,False
503,1.5929407593272324,0.5287536875981763,nan,nan,nan,10,26101,289.46366039615333,163.6,163.6,32796800,32796800,1636,16496790400,16496790400,1713083,False
504,1.649140183031262,0.5163667838220637,nan,nan,nan,10,38126,343.9748465614017,238.6,238.6,32796800,32796800,2386,16529587200,16529587200,1715469,False
505,1.610443644839723,0.5255882752992383,nan,nan,nan,10,58816,582.6842525843307,368.0,368.0,32796800,32796800,3680,16562384000,16562384000,1719149,False
506,1.587105394826188,0.5351876300655642,nan,nan,nan,10,44689,574.7484168363579,279.6,279.6,32796800,32796800,2796,16595180800,16595180800,1721945,False
507,1.6177490294318337,0.523856980505289,nan,nan,nan,10,57195,479.6976833639304,357.9,357.9,32796800,32796800,3579,16627977600,16627977600,1725524,False
508,1.5887430598299084,0.5311541001437284,nan,nan,nan,10,51486,980.829798391796,322.3,322.3,32796800,32796800,3223,16660774400,16660774400,1728747,False
509,1.6077705796032689,0.5245015156361864,nan,nan,nan,10,65649,585.9788267909641,410.8,410.8,32796800,32796800,4108,16693571200,16693571200,1732855,False
510,1.6212781440355315,0.5210700172882193,1.6231661533355428,0.5219728757680204,5.069114529495806,10,64784,620.7076901704124,405.4,405.4,32796800,32796800,4054,16726368000,16726368000,1736909,False
511,1.5906066568997568,0.5306792948746998,nan,nan,nan,10,44134,398.1974668056374,276.3,276.3,32796800,32796800,2763,16759164800,16759164800,1739672,False
512,1.593298799270908,0.5277647693246484,nan,nan,nan,10,70467,981.0538408049158,440.9,440.9,32796800,32796800,4409,16791961600,16791961600,1744081,False
513,1.590393814494623,0.5293956530845699,nan,nan,nan,10,62067,609.5246427247973,388.3,388.3,32796800,32796800,3883,16824758400,16824758400,1747964,False
514,1.5881639243823078,0.5317093983941662,nan,nan,nan,10,77343,771.2986566334381,483.9,483.9,32796800,32796800,4839,16857555200,16857555200,1752803,False
515,1.625200752039924,0.5187885175588833,nan,nan,nan,10,68313,626.2185528376735,427.4,427.4,32796800,32796800,4274,16890352000,16890352000,1757077,False
516,1.5830431080707066,0.5338394070730644,nan,nan,nan,10,38993,353.4963454979099,244.1,244.1,32796800,32796800,2441,16923148800,16923148800,1759518,False
517,1.5697505415967954,0.5355760500788455,nan,nan,nan,10,62781,977.5847629059747,392.9,392.9,32796800,32796800,3929,16955945600,16955945600,1763447,False
518,1.6108560953145468,0.5206990881458966,nan,nan,nan,10,65800,691.2363525835867,411.9,411.9,32796800,32796800,4119,16988742400,16988742400,1767566,False
519,1.6141423008678333,0.5223407511039216,nan,nan,nan,10,45746,762.8347615092028,286.4,286.4,32796800,32796800,2864,17021539200,17021539200,1770430,False
520,1.6072287554397338,0.521982941425946,1.6316950468936282,0.5202120485538738,5.112533361853922,10,42442,511.8431035295226,265.6,265.6,32796800,32796800,2656,17054336000,17054336000,1773086,False
521,1.586747660949827,0.5305651392195928,nan,nan,nan,10,41158,372.80876135866663,257.6,257.6,32796800,32796800,2576,17087132800,17087132800,1775662,False
522,1.6043419837433277,0.5265535983236199,nan,nan,nan,10,61084,663.5827057822015,382.3,382.3,32796800,32796800,3823,17119929600,17119929600,1779485,False
523,1.6119132257835964,0.5246858923347643,nan,nan,nan,10,89221,879.8598984543997,558.2,558.2,32796800,32796800,5582,17152726400,17152726400,1785067,False
524,1.5987095921700438,0.5279822496739277,nan,nan,nan,10,66703,737.3244381811912,417.3,417.3,32796800,32796800,4173,17185523200,17185523200,1789240,False
525,1.6199435769865949,0.5237377543330821,nan,nan,nan,10,53080,426.0884325546345,332.3,332.3,32796800,32796800,3323,17218320000,17218320000,1792563,False
526,1.5703869290489516,0.5355576715864385,nan,nan,nan,10,79814,1009.9867692384795,499.3,499.3,32796800,32796800,4993,17251116800,17251116800,1797556,False
527,1.585907860714751,0.5269896356047461,nan,nan,nan,10,42646,541.7959011396144,267.0,267.0,32796800,32796800,2670,17283913600,17283913600,1800226,False
528,1.5871894884167688,0.5290994770644026,nan,nan,nan,10,50293,538.2319805937208,314.9,314.9,32796800,32796800,3149,17316710400,17316710400,1803375,False
529,1.5836927463602692,0.5301957517700958,nan,nan,nan,10,76832,795.5964572053311,480.7,480.7,32796800,32796800,4807,17349507200,17349507200,1808182,False
530,1.5805720064659976,0.5328738859464404,1.6395477960621705,0.5113891802787353,5.152838851287815,10,47013,775.6616467785506,294.3,294.3,32796800,32796800,2943,17382304000,17382304000,1811125,False
531,1.5990323049845458,0.5319667590027701,nan,nan,nan,10,36100,421.8070637119114,226.1,226.1,32796800,32796800,2261,17415100800,17415100800,1813386,False
532,1.5824925722714547,0.5306080333189501,nan,nan,nan,10,53303,448.98519783126653,333.4,333.4,32796800,32796800,3334,17447897600,17447897600,1816720,False
533,1.5781588573800813,0.5316100154708082,nan,nan,nan,10,66577,585.8800636856572,416.6,416.6,32796800,32796800,4166,17480694400,17480694400,1820886,False
534,1.629365151093429,0.5201677027613127,nan,nan,nan,10,55336,757.6749313286107,346.4,346.4,32796800,32796800,3464,17513491200,17513491200,1824350,False
535,1.5663233936185175,0.5366403756363924,nan,nan,nan,10,75818,707.8817958796063,474.3,474.3,32796800,32796800,4743,17546288000,17546288000,1829093,False
536,1.6174255122659245,0.5270096297440651,nan,nan,nan,10,38838,358.6530974818477,243.1,243.1,32796800,32796800,2431,17579084800,17579084800,1831524,False
537,1.6134176212616234,0.526117939330544,nan,nan,nan,10,30592,338.69475679916326,191.7,191.7,32796800,32796800,1917,17611881600,17611881600,1833441,False
538,1.5691166374666463,0.5343367992131516,nan,nan,nan,10,56936,725.1026415624561,356.3,356.3,32796800,32796800,3563,17644678400,17644678400,1837004,False
539,1.6097176313738395,0.5272929228816249,nan,nan,nan,10,50416,613.0626983497305,315.7,315.7,32796800,32796800,3157,17677475200,17677475200,1840161,False
540,1.5824107860507415,0.5333859510655091,1.6050842751024652,0.5264311404166042,4.978279130045369,10,63350,565.9397632202052,396.4,396.4,32796800,32796800,3964,17710272000,17710272000,1844125,False
541,1.560537830408034,0.5350322952872802,nan,nan,nan,10,71063,1005.079858716913,444.6,444.6,32796800,32796800,4446,17743068800,17743068800,1848571,False
542,1.5468000475585155,0.5422746594950985,nan,nan,nan,10,57635,958.8941962349268,360.7,360.7,32796800,32796800,3607,17775865600,17775865600,1852178,False
543,1.6184914455661072,0.522503112132529,nan,nan,nan,10,41772,348.9226754763957,261.5,261.5,32796800,32796800,2615,17808662400,17808662400,1854793,False
544,1.5481929399899799,0.5396448945580411,nan,nan,nan,10,46803,436.92639360724746,292.9,292.9,32796800,32796800,2929,17841459200,17841459200,1857722,False
545,1.5615270748099699,0.5372510942605265,nan,nan,nan,10,64884,518.7602644719807,406.0,406.0,32796800,32796800,4060,17874256000,17874256000,1861782,False
546,1.5904355860941217,0.5319004441834,nan,nan,nan,10,54482,708.1067692081788,341.1,341.1,32796800,32796800,3411,17907052800,17907052800,1865193,False
547,1.5837550751569789,0.5269503862814272,nan,nan,nan,10,44786,596.4046577055329,280.4,280.4,32796800,32796800,2804,17939849600,17939849600,1867997,False
548,1.5831239438810947,0.5296690479661759,nan,nan,nan,10,82308,836.341947319823,515.0,515.0,32796800,32796800,5150,17972646400,17972646400,1873147,False
549,1.5607498071312313,0.5412933663743805,nan,nan,nan,10,41968,426.377478078536,262.8,262.8,32796800,32796800,2628,18005443200,18005443200,1875775,False
550,1.6094573765607922,0.5246768733651331,1.5991178792615925,0.5270867675708077,4.948665178277929,10,51992,475.4515117710416,325.4,325.4,32796800,32796800,3254,18038240000,18038240000,1879029,False
551,1.5913193418149327,0.5270059382663504,nan,nan,nan,10,49341,519.2816319085548,308.9,308.9,32796800,32796800,3089,18071036800,18071036800,1882118,False
552,1.5974314143882162,0.5261008559348253,nan,nan,nan,10,48485,724.7299783438178,303.5,303.5,32796800,32796800,3035,18103833600,18103833600,1885153,False
553,1.565550808626431,0.5352357095430675,nan,nan,nan,10,66268,722.6261544033321,414.5,414.5,32796800,32796800,4145,18136630400,18136630400,1889298,False
554,1.55981680001962,0.5378676350312428,nan,nan,nan,10,61134,486.483348055092,382.5,382.5,32796800,32796800,3825,18169427200,18169427200,1893123,False
555,1.5911064978630667,0.5269791799177374,nan,nan,nan,10,94332,780.5083110715346,590.0,590.0,32796800,32796800,5900,18202224000,18202224000,1899023,False
556,1.5703246496369616,0.5382407718376943,nan,nan,nan,10,32753,359.49143589900166,205.1,205.1,32796800,32796800,2051,18235020800,18235020800,1901074,False
557,1.6002006810328888,0.5256248937255569,nan,nan,nan,10,58810,630.8594966842375,368.2,368.2,32796800,32796800,3682,18267817600,18267817600,1904756,False
558,1.6028559065583938,0.5283258718841541,nan,nan,nan,10,36186,354.67606256563306,226.7,226.7,32796800,32796800,2267,18300614400,18300614400,1907023,False
559,1.5655885704598784,0.5356591906965705,nan,nan,nan,10,50562,479.70392785095527,316.6,316.6,32796800,32796800,3166,18333411200,18333411200,1910189,False
560,1.6082587535827053,0.5243911521561033,1.587547477245974,0.5303836355462311,4.89173710815181,10,107416,904.9261748715276,672.0,672.0,32796800,32796800,6720,18366208000,18366208000,1916909,False
561,1.5555792304725788,0.5371614742414986,nan,nan,nan,10,83487,1005.6191023752201,522.2,522.2,32796800,32796800,5222,18399004800,18399004800,1922131,False
562,1.5733993939089328,0.5334364875973115,nan,nan,nan,10,41362,427.53425849813834,259.1,259.1,32796800,32796800,2591,18431801600,18431801600,1924722,False
563,1.5698962409660069,0.5343579284725763,nan,nan,nan,10,68645,640.2261635953091,429.5,429.5,32796800,32796800,4295,18464598400,18464598400,1929017,False
564,1.581952403500024,0.5289934208773939,nan,nan,nan,10,75086,779.267440002131,469.8,469.8,32796800,32796800,4698,18497395200,18497395200,1933715,False
565,1.5269088185166628,0.5437685459940653,nan,nan,nan,10,40440,438.4637734915925,253.3,253.3,32796800,32796800,2533,18530192000,18530192000,1936248,False
566,1.5700627092534638,0.5328156113102349,nan,nan,nan,10,25110,221.42755874153724,157.3,157.3,32796800,32796800,1573,18562988800,18562988800,1937821,False
567,1.5606255023514712,0.5380074186301657,nan,nan,nan,10,38282,396.8959824460582,239.8,239.8,32796800,32796800,2398,18595785600,18595785600,1940219,False
568,1.5573026200710913,0.5395844547314027,nan,nan,nan,10,46445,537.153751749381,290.7,290.7,32796800,32796800,2907,18628582400,18628582400,1943126,False
569,1.542642183117829,0.5445598096474151,nan,nan,nan,10,55476,589.5545641358425,347.2,347.2,32796800,32796800,3472,18661379200,18661379200,1946598,False
570,1.5955639324901005,0.5267626237559102,1.5967228377256617,0.5252322793346321,4.936827101629999,10,38281,505.83655076931115,239.6,239.6,32796800,32796800,2396,18694176000,18694176000,1948994,False
571,1.5406651694680387,0.5454080589077521,nan,nan,nan,10,39112,489.86014522397215,244.9,244.9,32796800,32796800,2449,18726972800,18726972800,1951443,False
572,1.5515932499886325,0.5396269916423072,nan,nan,nan,10,48578,756.1515706698506,304.2,304.2,32796800,32796800,3042,18759769600,18759769600,1954485,False
573,1.5616373837303148,0.5376821576161821,nan,nan,nan,10,55172,488.3987529906475,345.3,345.3,32796800,32796800,3453,18792566400,18792566400,1957938,False
574,1.5433533347373802,0.5388793437898354,nan,nan,nan,10,36086,601.7729590422879,226.0,226.0,32796800,32796800,2260,18825363200,18825363200,1960198,False
575,1.5746006746059331,0.5339408771816835,nan,nan,nan,10,62108,774.3968731886391,388.5,388.5,32796800,32796800,3885,18858160000,18858160000,1964083,False
576,1.5841622099362145,0.5312413372512058,nan,nan,nan,10,36074,350.9274269557021,226.0,226.0,32796800,32796800,2260,18890956800,18890956800,1966343,False
577,1.5654390161118594,0.5334565006276795,nan,nan,nan,10,42219,529.0857196996612,264.2,264.2,32796800,32796800,2642,18923753600,18923753600,1968985,False
578,1.55273974002954,0.5367552191012109,nan,nan,nan,10,64331,613.4563429761702,402.6,402.6,32796800,32796800,4026,18956550400,18956550400,1973011,False
579,1.5121794256276226,0.5488719094644273,nan,nan,nan,10,27746,219.11453903265337,173.9,173.9,32796800,32796800,1739,18989347200,18989347200,1974750,False
580,1.5358469766051468,0.5438964287027842,1.5859215713308326,0.5307208152255357,4.883790066174343,10,81567,1040.0251081932645,510.3,510.3,32796800,32796800,5103,19022144000,19022144000,1979853,False
581,1.5664833963007805,0.5369950004874177,nan,nan,nan,10,71807,713.4211984903978,449.3,449.3,32796800,32796800,4493,19054940800,19054940800,1984346,False
582,1.5496377156742585,0.5401108364283956,nan,nan,nan,10,85351,819.4532108586894,534.0,534.0,32796800,32796800,5340,19087737600,19087737600,1989686,False
583,1.5527362300342173,0.5393942188004242,nan,nan,nan,10,65073,601.6749650392635,407.1,407.1,32796800,32796800,4071,19120534400,19120534400,1993757,False
584,1.6039358777242985,0.5265302194276915,nan,nan,nan,10,31172,247.7158347234698,195.4,195.4,32796800,32796800,1954,19153331200,19153331200,1995711,False
585,1.5517556666659347,0.5400358334183042,nan,nan,nan,10,68651,915.9654047282634,429.5,429.5,32796800,32796800,4295,19186128000,19186128000,2000006,False
586,1.5285621046886142,0.5442835599197215,nan,nan,nan,10,88193,724.3148662592268,551.6,551.6,32796800,32796800,5516,19218924800,19218924800,2005522,False
587,1.560611966721058,0.5378845951511325,nan,nan,nan,10,66531,676.7632682508905,416.3,416.3,32796800,32796800,4163,19251721600,19251721600,2009685,False
588,1.5636144880312328,0.5335400829519812,nan,nan,nan,10,79323,773.2595716248754,496.2,496.2,32796800,32796800,4962,19284518400,19284518400,2014647,False
589,1.55883434551369,0.5386606072082307,nan,nan,nan,10,47529,370.54021755138973,297.6,297.6,32796800,32796800,2976,19317315200,19317315200,2017623,False
590,1.5331629496337051,0.5458241523917834,1.5745335657450457,0.5333058594335381,4.828488920151347,10,70345,702.4818821522496,440.2,440.2,32796800,32796800,4402,19350112000,19350112000,2022025,False
591,1.568318794334943,0.5382789698194298,nan,nan,nan,10,62358,706.5526796882517,390.2,390.2,32796800,32796800,3902,19382908800,19382908800,2025927,False
592,1.5415452486130063,0.5412698930341768,nan,nan,nan,10,61328,678.5756750587008,383.8,383.8,32796800,32796800,3838,19415705600,19415705600,2029765,False
593,1.529124341816468,0.5438992145578972,nan,nan,nan,10,90013,953.7805539199893,562.9,562.9,32796800,32796800,5629,19448502400,19448502400,2035394,False
594,1.5413398956322246,0.5445008559263756,nan,nan,nan,10,68347,725.8763661901767,427.7,427.7,32796800,32796800,4277,19481299200,19481299200,2039671,False
595,1.544483835054024,0.5395535893826664,nan,nan,nan,10,74595,721.8572156310744,466.8,466.8,32796800,32796800,4668,19514096000,19514096000,2044339,False
596,1.55717690956243,0.5358977795648483,nan,nan,nan,10,67149,828.2323489553083,420.2,420.2,32796800,32796800,4202,19546892800,19546892800,2048541,False
597,1.543115480324196,0.5381736303718947,nan,nan,nan,10,67062,902.5624198502877,419.6,419.6,32796800,32796800,4196,19579689600,19579689600,2052737,False
598,1.549733378589116,0.5398410115172759,nan,nan,nan,10,63904,662.6306647471207,399.9,399.9,32796800,32796800,3999,19612486400,19612486400,2056736,False
599,1.5430618926079385,0.5423638104895498,nan,nan,nan,10,35502,512.7672243817251,222.3,222.3,32796800,32796800,2223,19645283200,19645283200,2058959,False
600,1.5741456364948994,0.5322328579800742,1.5989674231860656,0.5284167540836205,4.947920677544842,10,61428,715.1070521586246,384.4,384.4,32796800,32796800,3844,19678080000,19678080000,2062803,False
601,1.5240292486974225,0.5458043694141013,nan,nan,nan,10,48336,447.335091857001,302.6,302.6,32796800,32796800,3026,19710876800,19710876800,2065829,False
602,1.5204860512986833,0.5514407573078124,nan,nan,nan,10,57678,555.9632962307985,360.9,360.9,32796800,32796800,3609,19743673600,19743673600,2069438,False
603,1.569661504301968,0.5332508578231133,nan,nan,nan,10,42841,634.0311383954621,268.3,268.3,32796800,32796800,2683,19776470400,19776470400,2072121,False
604,1.5218564818793927,0.5533582459737425,nan,nan,nan,10,30239,255.52154502463708,189.4,189.4,32796800,32796800,1894,19809267200,19809267200,2074015,False
605,1.5130307346445384,0.5519467814517707,nan,nan,nan,10,51110,766.2153785951867,319.8,319.8,32796800,32796800,3198,19842064000,19842064000,2077213,False
606,1.531351226150268,0.5431905317552925,nan,nan,nan,10,59990,597.659276546091,375.4,375.4,32796800,32796800,3754,19874860800,19874860800,2080967,False
607,1.5490133345601176,0.541824102874559,nan,nan,nan,10,47903,410.8876270797236,299.9,299.9,32796800,32796800,2999,19907657600,19907657600,2083966,False
608,1.5642513239425877,0.5356893154515986,nan,nan,nan,10,47199,573.7521769529014,295.6,295.6,32796800,32796800,2956,19940454400,19940454400,2086922,False
609,1.6052670082023641,0.5263712616925036,nan,nan,nan,10,45542,697.7398225813535,285.1,285.1,32796800,32796800,2851,19973251200,19973251200,2089773,False
610,1.5167233289003874,0.5491143800660462,1.6151563790754526,0.5220290723812379,5.028674241413935,10,33310,430.08336835785053,208.6,208.6,32796800,32796800,2086,20006048000,20006048000,2091859,False
611,1.5590964363168396,0.5366389638928826,nan,nan,nan,10,85551,813.6771282626737,535.3,535.3,32796800,32796800,5353,20038844800,20038844800,2097212,False
612,1.5854474438508082,0.532305363730962,nan,nan,nan,10,31713,303.6558824456847,198.7,198.7,32796800,32796800,1987,20071641600,20071641600,2099199,False
613,1.5382613921641273,0.5445852923089131,nan,nan,nan,10,50409,996.3207165387134,315.4,315.4,32796800,32796800,3154,20104438400,20104438400,2102353,False
614,1.5781258829680298,0.5320696836654284,nan,nan,nan,10,71064,751.7756529325678,444.6,444.6,32796800,32796800,4446,20137235200,20137235200,2106799,False
615,1.5192951859100223,0.5475029426601647,nan,nan,nan,10,35682,381.68877865590485,223.5,223.5,32796800,32796800,2235,20170032000,20170032000,2109034,False
616,1.5518649349708158,0.5398859635011708,nan,nan,nan,10,55947,537.6380681716624,350.1,350.1,32796800,32796800,3501,20202828800,20202828800,2112535,False
617,1.5292128338474338,0.5445578231292517,nan,nan,nan,10,55860,647.4087182241317,349.6,349.6,32796800,32796800,3496,20235625600,20235625600,2116031,False
618,1.5331193547216364,0.5474369002422879,nan,nan,nan,10,52417,563.5767022149304,328.1,328.1,32796800,32796800,3281,20268422400,20268422400,2119312,False
619,1.5073550783470788,0.5521334852438531,nan,nan,nan,10,81627,882.0323422397003,510.6,510.6,32796800,32796800,5106,20301219200,20301219200,2124418,False
620,1.5226920463919276,0.5444637057405304,1.5639957393035706,0.5363030121384684,4.777874294384614,10,50187,526.8145535696494,314.1,314.1,32796800,32796800,3141,20334016000,20334016000,2127559,False
621,1.4833566886433396,0.554959835957635,nan,nan,nan,10,53157,1009.7962262731154,332.6,332.6,32796800,32796800,3326,20366812800,20366812800,2130885,False
622,1.517055380681044,0.54965007844589,nan,nan,nan,10,56727,748.8331306079997,355.0,355.0,32796800,32796800,3550,20399609600,20399609600,2134435,False
623,1.499132966620743,0.5514171482218877,nan,nan,nan,10,61779,985.7392803379789,386.7,386.7,32796800,32796800,3867,20432406400,20432406400,2138302,False
624,1.5396228048922325,0.545709773644499,nan,nan,nan,10,51291,603.6108869002359,320.9,320.9,32796800,32796800,3209,20465203200,20465203200,2141511,False
625,1.5544232368605628,0.5358943530871858,nan,nan,nan,10,51568,502.0561006825939,322.8,322.8,32796800,32796800,3228,20498000000,20498000000,2144739,False
626,1.532766710082832,0.5424028837179363,nan,nan,nan,10,62142,771.0580605709504,388.8,388.8,32796800,32796800,3888,20530796800,20530796800,2148627,False
627,1.5672156179715,0.5368035590960923,nan,nan,nan,10,62263,647.8533157734128,389.8,389.8,32796800,32796800,3898,20563593600,20563593600,2152525,False
628,1.4990465022659532,0.5523181696188942,nan,nan,nan,10,59616,942.8776502952229,373.0,373.0,32796800,32796800,3730,20596390400,20596390400,2156255,False
629,1.5680458140453777,0.5363603603603604,nan,nan,nan,10,41625,451.07947147147144,260.8,260.8,32796800,32796800,2608,20629187200,20629187200,2158863,False
630,1.5077177181967303,0.5500610500610501,1.564354367115393,0.5366401918177731,4.7795880802752455,10,81900,921.802148962149,512.4,512.4,32796800,32796800,5124,20661984000,20661984000,2163987,False
631,1.5039736159131343,0.5482569446460189,nan,nan,nan,10,34451,366.1297494992888,215.8,215.8,32796800,32796800,2158,20694780800,20694780800,2166145,False
632,1.5322741514452127,0.5450097847358122,nan,nan,nan,10,61320,724.4657860404437,383.7,383.7,32796800,32796800,3837,20727577600,20727577600,2169982,False
633,1.5628920714303993,0.5350384537543007,nan,nan,nan,10,39528,567.0230216555353,247.5,247.5,32796800,32796800,2475,20760374400,20760374400,2172457,False
634,1.5623968459721904,0.5360192160716235,nan,nan,nan,10,45795,459.39844961240317,286.7,286.7,32796800,32796800,2867,20793171200,20793171200,2175324,False
635,1.5026079055780075,0.5544170796229367,nan,nan,nan,10,26839,330.38570736614633,168.2,168.2,32796800,32796800,1682,20825968000,20825968000,2177006,False
636,1.5054291838275162,0.5526963465324874,nan,nan,nan,10,36568,391.5145755852111,229.1,229.1,32796800,32796800,2291,20858764800,20858764800,2179297,False
637,1.5316093046475159,0.5450387522725098,nan,nan,nan,10,52255,476.8149842120371,327.1,327.1,32796800,32796800,3271,20891561600,20891561600,2182568,False
638,1.5463886900268575,0.5396128936569932,nan,nan,nan,10,80908,769.7209299451229,506.2,506.2,32796800,32796800,5062,20924358400,20924358400,2187630,False
639,1.4562079503570196,0.5661660843059996,nan,nan,nan,10,53804,999.0407404653929,336.8,336.8,32796800,32796800,3368,20957155200,20957155200,2190998,False
640,1.602389782203713,0.5242256779334276,1.6052137529333725,0.5242020080923123,4.978923748559781,10,46686,706.9921603906954,292.4,292.4,32796800,32796800,2924,20989952000,20989952000,2193922,False
641,1.520001337315947,0.5454999907426265,nan,nan,nan,10,54011,717.4810131269555,338.0,338.0,32796800,32796800,3380,21022748800,21022748800,2197302,False
642,1.5186546665231275,0.5450450019607656,nan,nan,nan,10,104551,956.8458168740615,653.9,653.9,32796800,32796800,6539,21055545600,21055545600,2203841,False
643,1.5262633606663218,0.5440869471645324,nan,nan,nan,10,46465,592.9191003981491,291.0,291.0,32796800,32796800,2910,21088342400,21088342400,2206751,False
644,1.5111360343077402,0.548969724019936,nan,nan,nan,10,67215,813.4514766049244,420.6,420.6,32796800,32796800,4206,21121139200,21121139200,2210957,False
645,1.5038050256265063,0.5500824888050907,nan,nan,nan,10,38187,363.4452562390342,239.1,239.1,32796800,32796800,2391,21153936000,21153936000,2213348,False
646,1.519430563982593,0.5469721833910736,nan,nan,nan,10,49359,506.3613525395571,309.0,309.0,32796800,32796800,3090,21186732800,21186732800,2216438,False
647,1.506084517750321,0.5521705426356589,nan,nan,nan,10,38700,340.1111627906977,242.3,242.3,32796800,32796800,2423,21219529600,21219529600,2218861,False
648,1.4801722804207311,0.5581496624972782,nan,nan,nan,10,41333,419.9914596085452,258.9,258.9,32796800,32796800,2589,21252326400,21252326400,2221450,False
649,1.5255597431672214,0.546857424071991,nan,nan,nan,10,85344,813.7646934758156,534.0,534.0,32796800,32796800,5340,21285123200,21285123200,2226790,False
650,1.4811028023050103,0.5572523401487515,1.5480998504220786,0.5402180428592837,4.702526184669916,10,35361,295.1093294872883,221.4,221.4,32796800,32796800,2214,21317920000,21317920000,2229004,False
651,1.5431288575987223,0.5424075184473623,nan,nan,nan,10,81719,924.0314002863472,511.3,511.3,32796800,32796800,5113,21350716800,21350716800,2234117,False
652,1.501860167270193,0.5509176528765861,nan,nan,nan,10,88977,954.6743990019892,556.6,556.6,32796800,32796800,5566,21383513600,21383513600,2239683,False
653,1.5391056758406427,0.5397326852976914,nan,nan,nan,10,57610,800.8616038882138,360.6,360.6,32796800,32796800,3606,21416310400,21416310400,2243289,False
654,1.5232068951889906,0.5487732194298202,nan,nan,nan,10,40268,393.3878017284196,252.2,252.2,32796800,32796800,2522,21449107200,21449107200,2245811,False
655,1.5294329605657602,0.5451083006250909,nan,nan,nan,10,34395,297.79113243203955,215.4,215.4,32796800,32796800,2154,21481904000,21481904000,2247965,False
656,1.4915088942692674,0.5546501275144491,nan,nan,nan,10,66267,897.4136448005795,414.6,414.6,32796800,32796800,4146,21514700800,21514700800,2252111,False
657,1.5264420626460993,0.5434284697086572,nan,nan,nan,10,84265,829.6540556577463,527.1,527.1,32796800,32796800,5271,21547497600,21547497600,2257382,False
658,1.517442607232627,0.5469984126680564,nan,nan,nan,10,52289,439.3023771730192,327.2,327.2,32796800,32796800,3272,21580294400,21580294400,2260654,False
659,1.5400975087671753,0.5421925524147283,nan,nan,nan,10,38348,360.82653593407747,240.2,240.2,32796800,32796800,2402,21613091200,21613091200,2263056,False
660,1.5167402465904765,0.5493399583131566,1.5473930721034286,0.5396373445227034,4.699203715382643,10,47497,477.7115817841127,297.3,297.3,32796800,32796800,2973,21645888000,21645888000,2266029,False
661,1.469607584831205,0.562482869515961,nan,nan,nan,10,54727,989.7149304730755,342.5,342.5,32796800,32796800,3425,21678684800,21678684800,2269454,False
662,1.5146310084261556,0.5492469594807486,nan,nan,nan,10,31738,352.02873527002333,198.8,198.8,32796800,32796800,1988,21711481600,21711481600,2271442,False
663,1.5292903893712857,0.5446266346649918,nan,nan,nan,10,44581,557.6072317803548,279.1,279.1,32796800,32796800,2791,21744278400,21744278400,2274233,False
664,1.5137936486509087,0.5472604992872546,nan,nan,nan,10,54718,568.2653240250008,342.5,342.5,32796800,32796800,3425,21777075200,21777075200,2277658,False
665,1.474956185554944,0.561106825287263,nan,nan,nan,10,49258,546.989017012465,308.3,308.3,32796800,32796800,3083,21809872000,21809872000,2280741,False
666,1.4802341581568523,0.5579027001862198,nan,nan,nan,10,68736,891.7820792597764,430.0,430.0,32796800,32796800,4300,21842668800,21842668800,2285041,False
667,1.4953577026410783,0.5538938427165315,nan,nan,nan,10,49681,385.8757673959864,310.9,310.9,32796800,32796800,3109,21875465600,21875465600,2288150,False
668,1.5060477338749845,0.548052244339246,nan,nan,nan,10,52599,527.8984771573605,329.2,329.2,32796800,32796800,3292,21908262400,21908262400,2291442,False
669,1.5029564800665622,0.5521330765374772,nan,nan,nan,10,75806,748.2123974355592,474.4,474.4,32796800,32796800,4744,21941059200,21941059200,2296186,False
670,1.4999283714777596,0.5517799048460801,1.5471019102111134,0.5395436835006744,4.697835685505246,10,53177,506.90108505556907,332.9,332.9,32796800,32796800,3329,21973856000,21973856000,2299515,False
671,1.5142775204456616,0.5528522064238373,nan,nan,nan,10,35306,316.52506656092453,221.2,221.2,32796800,32796800,2212,22006652800,22006652800,2301727,False
672,1.4974824912335714,0.5512551166346107,nan,nan,nan,10,101385,965.3479508803078,634.2,634.2,32796800,32796800,6342,22039449600,22039449600,2308069,False
673,1.482811362872325,0.5581152652038927,nan,nan,nan,10,38329,354.54253959143193,240.0,240.0,32796800,32796800,2400,22072246400,22072246400,2310469,False
674,1.5168544216392448,0.549878270516811,nan,nan,nan,10,32449,354.8415051311288,203.3,203.3,32796800,32796800,2033,22105043200,22105043200,2312502,False
675,1.5114367919524971,0.5489779727459398,nan,nan,nan,10,42856,357.02011386970315,268.3,268.3,32796800,32796800,2683,22137840000,22137840000,2315185,False
676,1.5103225739343855,0.5527285644509569,nan,nan,nan,10,45042,543.7268327338927,282.0,282.0,32796800,32796800,2820,22170636800,22170636800,2318005,False
677,1.519131113233923,0.5467846303613354,nan,nan,nan,10,34926,420.1338544350913,218.9,218.9,32796800,32796800,2189,22203433600,22203433600,2320194,False
678,1.5055970748086516,0.5500131095962244,nan,nan,nan,10,30512,278.96542343995804,191.0,191.0,32796800,32796800,1910,22236230400,22236230400,2322104,False
679,1.5134321488752709,0.5509310203465165,nan,nan,nan,10,46347,574.0662394545494,290.1,290.1,32796800,32796800,2901,22269027200,22269027200,2325005,False
680,1.523921272233645,0.542635227820413,1.5441052258577408,0.5405739547429942,4.683778827314627,10,53946,568.2656174693211,337.6,337.6,32796800,32796800,3376,22301824000,22301824000,2328381,False
681,1.4962164247194571,0.5529081290727353,nan,nan,nan,10,70131,735.9507778300609,438.9,438.9,32796800,32796800,4389,22334620800,22334620800,2332770,False
682,1.4959264454360677,0.5526420440423523,nan,nan,nan,10,40234,406.69756922006263,251.9,251.9,32796800,32796800,2519,22367417600,22367417600,2335289,False
683,1.498706133422963,0.549661171234955,nan,nan,nan,10,79096,786.0533528876302,494.8,494.8,32796800,32796800,4948,22400214400,22400214400,2340237,False
684,1.5014289317392053,0.5510275540711611,nan,nan,nan,10,74254,711.4918792253616,464.5,464.5,32796800,32796800,4645,22433011200,22433011200,2344882,False
685,1.4980580875847807,0.5543516498979807,nan,nan,nan,10,56852,454.1843031027932,355.8,355.8,32796800,32796800,3558,22465808000,22465808000,2348440,False
686,1.4875711247910042,0.555041749048187,nan,nan,nan,10,61199,554.1142175525744,383.0,383.0,32796800,32796800,3830,22498604800,22498604800,2352270,False
687,1.5031961321819942,0.5501767745444656,nan,nan,nan,10,33093,586.428338319282,207.3,207.3,32796800,32796800,2073,22531401600,22531401600,2354343,False
688,1.5159627767603843,0.5469375614890063,nan,nan,nan,10,43707,537.2531173496236,273.6,273.6,32796800,32796800,2736,22564198400,22564198400,2357079,False
689,1.5228137726187665,0.5465834325107224,nan,nan,nan,10,44533,572.0161228751712,278.8,278.8,32796800,32796800,2788,22596995200,22596995200,2359867,False
690,1.5238613559516807,0.5429530792157652,1.545661934219199,0.5384759478495429,4.6910757831208025,10,79517,806.5194863991346,497.4,497.4,32796800,32796800,4974,22629792000,22629792000,2364841,False
691,1.4835901196496712,0.5573310995843939,nan,nan,nan,10,62078,682.9319565707658,388.5,388.5,32796800,32796800,3885,22662588800,22662588800,2368726,False
692,1.470646952781205,0.562112739912347,nan,nan,nan,10,52936,529.1624225479825,331.3,331.3,32796800,32796800,3313,22695385600,22695385600,2372039,False
693,1.494238282007675,0.5553141711229946,nan,nan,nan,10,35904,376.64797794117646,224.7,224.7,32796800,32796800,2247,22728182400,22728182400,2374286,False
694,1.4923888277717798,0.557507409817104,nan,nan,nan,10,41499,613.447673437914,259.8,259.8,32796800,32796800,2598,22760979200,22760979200,2376884,False
695,1.5078359046519458,0.5517142857142857,nan,nan,nan,10,45500,372.0909010989011,284.8,284.8,32796800,32796800,2848,22793776000,22793776000,2379732,False
696,1.5247442165589709,0.5465260332427131,nan,nan,nan,10,58118,743.7498021267077,363.8,363.8,32796800,32796800,3638,22826572800,22826572800,2383370,False
697,1.489477678050279,0.5552572942435566,nan,nan,nan,10,56997,579.7511798866607,356.6,356.6,32796800,32796800,3566,22859369600,22859369600,2386936,False
698,1.5297950847494175,0.5452317918098349,nan,nan,nan,10,71012,871.2137948515742,444.4,444.4,32796800,32796800,4444,22892166400,22892166400,2391380,False
699,1.50572938537203,0.5493447773775768,nan,nan,nan,10,65245,658.6347919380796,408.5,408.5,32796800,32796800,4085,22924963200,22924963200,2395465,False
700,1.5009032869474592,0.5513894470031838,1.5376278297414885,0.5407612767870523,4.653538182579539,10,64702,722.3993539612378,404.8,404.8,32796800,32796800,4048,22957760000,22957760000,2399513,False
701,1.4582637286982516,0.5629656130308515,nan,nan,nan,10,47518,551.3244875626078,297.4,297.4,32796800,32796800,2974,22990556800,22990556800,2402487,False
702,1.51947407764358,0.5494875116474626,nan,nan,nan,10,44001,578.8338901388604,275.5,275.5,32796800,32796800,2755,23023353600,23023353600,2405242,False
703,1.4857819643001304,0.5551697195937147,nan,nan,nan,10,92152,1102.3675883323208,576.4,576.4,32796800,32796800,5764,23056150400,23056150400,2411006,False
704,1.4633029653114258,0.5621811389931343,nan,nan,nan,10,57823,438.8178406516438,361.7,361.7,32796800,32796800,3617,23088947200,23088947200,2414623,False
705,1.5104095483091207,0.5512544643847468,nan,nan,nan,10,45079,508.9397945828435,282.1,282.1,32796800,32796800,2821,23121744000,23121744000,2417444,False
706,1.4773586377176893,0.5598547785700269,nan,nan,nan,10,61148,667.7330411460717,382.6,382.6,32796800,32796800,3826,23154540800,23154540800,2421270,False
707,1.4723820897370634,0.5585444234404537,nan,nan,nan,10,52900,599.5511153119093,331.1,331.1,32796800,32796800,3311,23187337600,23187337600,2424581,False
708,1.4899468667665812,0.554930818261906,nan,nan,nan,10,77188,869.022658962533,482.9,482.9,32796800,32796800,4829,23220134400,23220134400,2429410,False
709,1.4446369049144345,0.5669714806250438,nan,nan,nan,10,57084,973.5881332772757,357.1,357.1,32796800,32796800,3571,23252931200,23252931200,2432981,False
710,1.4950510016682146,0.5539745392643032,1.5431879946947205,0.5395249512962685,4.679484689073285,10,54044,582.963640737177,338.3,338.3,32796800,32796800,3383,23285728000,23285728000,2436364,False
711,1.4949489298136545,0.5501135847342117,nan,nan,nan,10,44020,469.08682417083145,275.6,275.6,32796800,32796800,2756,23318524800,23318524800,2439120,False
712,1.4748422775163235,0.5560489728159369,nan,nan,nan,10,96380,995.7137372898941,602.9,602.9,32796800,32796800,6029,23351321600,23351321600,2445149,False
713,1.4980314886776342,0.5519857021135103,nan,nan,nan,10,48119,405.31557181155057,301.1,301.1,32796800,32796800,3011,23384118400,23384118400,2448160,False
714,1.4479115683224042,0.5651867973620907,nan,nan,nan,10,61109,943.207612626618,382.4,382.4,32796800,32796800,3824,23416915200,23416915200,2451984,False
715,1.5096909258904867,0.5514469959106637,nan,nan,nan,10,63580,662.8365051903114,397.9,397.9,32796800,32796800,3979,23449712000,23449712000,2455963,False
716,1.4743768671658783,0.5570662069970138,nan,nan,nan,10,41189,413.61841753866327,257.8,257.8,32796800,32796800,2578,23482508800,23482508800,2458541,False
717,1.4913850167130251,0.5557770930255976,nan,nan,nan,10,49653,517.6324089178901,310.9,310.9,32796800,32796800,3109,23515305600,23515305600,2461650,False
718,1.4698695860127242,0.5597337398089751,nan,nan,nan,10,71509,836.4624452866074,447.4,447.4,32796800,32796800,4474,23548102400,23548102400,2466124,False
719,1.4945576443939628,0.5591244446256063,nan,nan,nan,10,24533,205.94264867729183,153.8,153.8,32796800,32796800,1538,23580899200,23580899200,2467662,False
720,1.4565955748632653,0.5665740924419758,1.5335640629317189,0.5434774464258953,4.634665661300016,10,50410,568.9516762547113,315.6,315.6,32796800,32796800,3156,23613696000,23613696000,2470818,False
721,1.4820127148095124,0.5565531861828158,nan,nan,nan,10,56133,754.4955908289242,351.4,351.4,32796800,32796800,3514,23646492800,23646492800,2474332,False
722,1.500642263109465,0.5537281436323441,nan,nan,nan,10,59708,655.0913110470959,373.6,373.6,32796800,32796800,3736,23679289600,23679289600,2478068,False
723,1.433304626658802,0.5715682394841594,nan,nan,nan,10,42959,426.6797644265462,268.9,268.9,32796800,32796800,2689,23712086400,23712086400,2480757,False
724,1.4766408760489549,0.5570234849151201,nan,nan,nan,10,56845,739.7660128419387,355.6,355.6,32796800,32796800,3556,23744883200,23744883200,2484313,False
725,1.461199726548887,0.5648626512096774,nan,nan,nan,10,31744,322.48365045362897,198.9,198.9,32796800,32796800,1989,23777680000,23777680000,2486302,False
726,1.5073823548335907,0.553432498891442,nan,nan,nan,10,24807,236.89188535494014,155.6,155.6,32796800,32796800,1556,23810476800,23810476800,2487858,False
727,1.447752119530576,0.5666621971931707,nan,nan,nan,10,44748,643.8051979976759,280.0,280.0,32796800,32796800,2800,23843273600,23843273600,2490658,False
728,1.4901976464293658,0.5545136284071017,nan,nan,nan,10,39990,376.6162790697674,250.4,250.4,32796800,32796800,2504,23876070400,23876070400,2493162,False
729,1.476629736537997,0.5575155787750992,nan,nan,nan,10,63548,847.9201076351735,397.7,397.7,32796800,32796800,3977,23908867200,23908867200,2497139,False
730,1.4731524042892643,0.5588011102961269,1.530262218535652,0.5458377041810281,4.61938795264698,10,69531,679.0494168068918,435.0,435.0,32796800,32796800,4350,23941664000,23941664000,2501489,False
731,1.4910654351929051,0.5576474882767529,nan,nan,nan,10,71226,598.9263471204335,445.6,445.6,32796800,32796800,4456,23974460800,23974460800,2505945,False
732,1.5245033517377373,0.5451892943337776,nan,nan,nan,10,55522,670.8458629011923,347.5,347.5,32796800,32796800,3475,24007257600,24007257600,2509420,False
733,1.4954441556371698,0.5540080470442588,nan,nan,nan,10,48465,591.7746208604148,303.2,303.2,32796800,32796800,3032,24040054400,24040054400,2512452,False
734,1.4947385892818779,0.5530522704155217,nan,nan,nan,10,65869,830.349436001761,412.1,412.1,32796800,32796800,4121,24072851200,24072851200,2516573,False
735,1.469780060461315,0.5628293851477243,nan,nan,nan,10,75140,739.0560553633218,470.1,470.1,32796800,32796800,4701,24105648000,24105648000,2521274,False
736,1.4846798432675812,0.5580165097081735,nan,nan,nan,10,34404,275.2471805604,215.5,215.5,32796800,32796800,2155,24138444800,24138444800,2523429,False
737,1.5155557255335887,0.549626801445851,nan,nan,nan,10,63907,678.0594457571157,400.0,400.0,32796800,32796800,4000,24171241600,24171241600,2527429,False
738,1.4859811428136058,0.5543212890625,nan,nan,nan,10,57344,613.4291294642857,358.7,358.7,32796800,32796800,3587,24204038400,24204038400,2531016,False
739,1.4706236771634265,0.5598535767568482,nan,nan,nan,10,65017,748.1400095359675,406.8,406.8,32796800,32796800,4068,24236835200,24236835200,2535084,False
740,1.4570057919789912,0.5644758215669125,1.5189238041393691,0.5477483890304211,4.567307232133656,10,48018,425.4327127327251,300.6,300.6,32796800,32796800,3006,24269632000,24269632000,2538090,False
741,1.4700643224374874,0.5606289730880171,nan,nan,nan,10,71418,718.1708392842141,446.8,446.8,32796800,32796800,4468,24302428800,24302428800,2542558,False
742,1.4919785851023453,0.5562606193002532,nan,nan,nan,10,28839,249.80834980408474,180.9,180.9,32796800,32796800,1809,24335225600,24335225600,2544367,False
743,1.4618070584027492,0.5607848166196461,nan,nan,nan,10,77980,1019.8760066683765,487.9,487.9,32796800,32796800,4879,24368022400,24368022400,2549246,False
744,1.4613946179726638,0.5627817934588134,nan,nan,nan,10,55892,561.4503327846561,349.8,349.8,32796800,32796800,3498,24400819200,24400819200,2552744,False
745,1.4632894652212802,0.56216557446041,nan,nan,nan,10,66532,690.6434046774484,416.4,416.4,32796800,32796800,4164,24433616000,24433616000,2556908,False
746,1.4676073241685483,0.562071760111987,nan,nan,nan,10,54292,754.4565866057613,339.7,339.7,32796800,32796800,3397,24466412800,24466412800,2560305,False
747,1.5128971234893085,0.5487485991781845,nan,nan,nan,10,32124,329.4785207321628,201.4,201.4,32796800,32796800,2014,24499209600,24499209600,2562319,False
748,1.4887972873810258,0.5569855732725892,nan,nan,nan,10,52680,523.8861807137433,329.9,329.9,32796800,32796800,3299,24532006400,24532006400,2565618,False
749,1.4754648694397257,0.5573902202521125,nan,nan,nan,10,36095,354.59155007618784,225.9,225.9,32796800,32796800,2259,24564803200,24564803200,2567877,False
750,1.4810666619050088,0.5565728003389072,1.5174605605413973,0.5487599280683351,4.560629036171557,10,84979,722.8980100966121,531.5,531.5,32796800,32796800,5315,24597600000,24597600000,2573192,False
751,1.4432886235551206,0.5689189550522741,nan,nan,nan,10,37399,370.3454637824541,234.2,234.2,32796800,32796800,2342,24630396800,24630396800,2575534,False
752,1.4752240408331803,0.5597401943507376,nan,nan,nan,10,39722,313.55893459543825,248.8,248.8,32796800,32796800,2488,24663193600,24663193600,2578022,False
753,1.497511554879121,0.5517345399698341,nan,nan,nan,10,49725,695.0281548516842,311.2,311.2,32796800,32796800,3112,24695990400,24695990400,2581134,False
754,1.4672345226066383,0.5596012136974425,nan,nan,nan,10,41526,541.2921543129605,260.1,260.1,32796800,32796800,2601,24728787200,24728787200,2583735,False
755,1.4705164594848361,0.5594137643129771,nan,nan,nan,10,67072,610.1301288167939,419.6,419.6,32796800,32796800,4196,24761584000,24761584000,2587931,False
756,1.4896029360653678,0.5566452485627325,nan,nan,nan,10,53226,701.2830947281404,333.2,333.2,32796800,32796800,3332,24794380800,24794380800,2591263,False
757,1.4845190010339184,0.5547537883500461,nan,nan,nan,10,80378,752.1514842369803,502.9,502.9,32796800,32796800,5029,24827177600,24827177600,2596292,False
758,1.4291187673429564,0.5711465051994208,nan,nan,nan,10,30388,397.4917730683164,190.4,190.4,32796800,32796800,1904,24859974400,24859974400,2598196,False
759,1.476899580342438,0.5588484475970563,nan,nan,nan,10,60197,655.0236888881506,376.7,376.7,32796800,32796800,3767,24892771200,24892771200,2601963,False
760,1.4562170554961205,0.5631861488610533,1.5228970740021177,0.5450134871871722,4.585490475858782,10,82708,860.4036248005029,517.4,517.4,32796800,32796800,5174,24925568000,24925568000,2607137,False
761,1.4894134338110392,0.5534183964959055,nan,nan,nan,10,57761,689.1218815463722,361.5,361.5,32796800,32796800,3615,24958364800,24958364800,2610752,False
762,1.5167723312303092,0.5479151426481346,nan,nan,nan,10,30074,295.6173771363969,188.5,188.5,32796800,32796800,1885,24991161600,24991161600,2612637,False
763,1.439696462090327,0.565966561171318,nan,nan,nan,10,62562,596.4574502093923,391.5,391.5,32796800,32796800,3915,25023958400,25023958400,2616552,False
764,1.4800880756047408,0.5575031120748504,nan,nan,nan,10,49806,566.7498694936353,311.7,311.7,32796800,32796800,3117,25056755200,25056755200,2619669,False
765,1.4532326378728948,0.5635352607148748,nan,nan,nan,10,42441,446.06920195094364,265.7,265.7,32796800,32796800,2657,25089552000,25089552000,2622326,False
766,1.4711289244315755,0.5585635359116022,nan,nan,nan,10,81450,798.8511970534071,509.5,509.5,32796800,32796800,5095,25122348800,25122348800,2627421,False
767,1.4901840318161905,0.5541435406698565,nan,nan,nan,10,52250,785.2073301435405,327.0,327.0,32796800,32796800,3270,25155145600,25155145600,2630691,False
768,1.4476149009958192,0.5668150634943804,nan,nan,nan,10,82212,1012.7655695032355,514.2,514.2,32796800,32796800,5142,25187942400,25187942400,2635833,False
769,1.4591943352762689,0.5638358506697064,nan,nan,nan,10,35090,304.30253633513814,219.8,219.8,32796800,32796800,2198,25220739200,25220739200,2638031,False
770,1.4688916795640254,0.5627958651338035,1.5115346115210344,0.5496216094710026,4.5336829005706365,10,41404,361.54840112066466,259.1,259.1,32796800,32796800,2591,25253536000,25253536000,2640622,False
771,1.4565212931538696,0.5599798941300285,nan,nan,nan,10,63663,720.2931687165229,398.5,398.5,32796800,32796800,3985,25286332800,25286332800,2644607,False
772,1.4483093029516685,0.5641063784069685,nan,nan,nan,10,60501,592.7536239070429,378.5,378.5,32796800,32796800,3785,25319129600,25319129600,2648392,False
773,1.4523491276128462,0.5657884263312903,nan,nan,nan,10,50252,494.50009949852745,314.6,314.6,32796800,32796800,3146,25351926400,25351926400,2651538,False
774,1.4620536001707698,0.5615195144122218,nan,nan,nan,10,68206,812.7704454153593,426.9,426.9,32796800,32796800,4269,25384723200,25384723200,2655807,False
775,1.4683244071836759,0.5615167459675816,nan,nan,nan,10,75451,624.5612251660017,472.1,472.1,32796800,32796800,4721,25417520000,25417520000,2660528,False
776,1.451408519376028,0.5643314037826561,nan,nan,nan,10,72383,811.4687288451709,452.9,452.9,32796800,32796800,4529,25450316800,25450316800,2665057,False
777,1.4812482430035268,0.5576017260765187,nan,nan,nan,10,32907,384.944449509223,206.2,206.2,32796800,32796800,2062,25483113600,25483113600,2667119,False
778,1.4232490582436335,0.5733307096943461,nan,nan,nan,10,30492,283.9851108487472,191.0,191.0,32796800,32796800,1910,25515910400,25515910400,2669029,False
779,1.4710861695812067,0.5594838396504995,nan,nan,nan,10,49442,449.3663484486874,309.4,309.4,32796800,32796800,3094,25548707200,25548707200,2672123,False
780,1.4640629986980598,0.5612280336181149,1.512326677610505,0.5498651281282781,4.537275299577495,10,86382,719.4694149244056,540.4,540.4,32796800,32796800,5404,25581504000,25581504000,2677527,False
781,1.4322025459771839,0.5673916511566073,nan,nan,nan,10,94025,1006.1933847381017,588.1,588.1,32796800,32796800,5881,25614300800,25614300800,2683408,False
782,1.4628557329509284,0.5612268789510654,nan,nan,nan,10,59794,570.0936214335886,374.1,374.1,32796800,32796800,3741,25647097600,25647097600,2687149,False
783,1.4266303872774115,0.5706419440932715,nan,nan,nan,10,35595,326.7852788312965,222.8,222.8,32796800,32796800,2228,25679894400,25679894400,2689377,False
784,1.4533909815696644,0.5646128226477936,nan,nan,nan,10,48040,425.81656952539555,300.8,300.8,32796800,32796800,3008,25712691200,25712691200,2692385,False
785,1.4523664082207788,0.5614180318345533,nan,nan,nan,10,68856,711.9047432322527,430.7,430.7,32796800,32796800,4307,25745488000,25745488000,2696692,False
786,1.410885511914617,0.5771185881213828,nan,nan,nan,10,45443,618.8389190854476,284.4,284.4,32796800,32796800,2844,25778284800,25778284800,2699536,False
787,1.48191207349784,0.5556314636387194,nan,nan,nan,10,42449,414.84555584348277,265.8,265.8,32796800,32796800,2658,25811081600,25811081600,2702194,False
788,1.4501719522670502,0.564188515601635,nan,nan,nan,10,80248,970.8188989133687,502.0,502.0,32796800,32796800,5020,25843878400,25843878400,2707214,False
789,1.460046469598416,0.5629616937019267,nan,nan,nan,10,52524,568.6339387708476,328.9,328.9,32796800,32796800,3289,25876675200,25876675200,2710503,False
790,1.4547803140678803,0.5607646791078744,1.5220069239455043,0.5451633448224187,4.58141051740912,10,48334,556.0756403359953,302.6,302.6,32796800,32796800,3026,25909472000,25909472000,2713529,False
791,1.4451432640393342,0.5681931154467503,nan,nan,nan,10,64376,636.6365260345469,402.7,402.7,32796800,32796800,4027,25942268800,25942268800,2717556,False
792,1.4752533624506943,0.5568731553118287,nan,nan,nan,10,57259,578.0374264307794,358.4,358.4,32796800,32796800,3584,25975065600,25975065600,2721140,False
793,1.4600395290421295,0.564308896844782,nan,nan,nan,10,59774,573.4087228560912,374.0,374.0,32796800,32796800,3740,26007862400,26007862400,2724880,False
794,1.4770388430449772,0.555230703017171,nan,nan,nan,10,67381,681.8440955165402,421.7,421.7,32796800,32796800,4217,26040659200,26040659200,2729097,False
795,1.453355191061707,0.5627210226898324,nan,nan,nan,10,45527,491.50115316186,285.1,285.1,32796800,32796800,2851,26073456000,26073456000,2731948,False
796,1.4533675511487827,0.5658388281280846,nan,nan,nan,10,75981,1001.9973809241785,475.4,475.4,32796800,32796800,4754,26106252800,26106252800,2736702,False
797,1.4758255710837245,0.5569653222205685,nan,nan,nan,10,53752,734.7947053132905,336.3,336.3,32796800,32796800,3363,26139049600,26139049600,2740065,False
798,1.461185009343061,0.5615372690502699,nan,nan,nan,10,70957,617.561044012571,443.9,443.9,32796800,32796800,4439,26171846400,26171846400,2744504,False
799,1.4760335675099678,0.561830258302583,nan,nan,nan,10,33875,349.041594095941,212.4,212.4,32796800,32796800,2124,26204643200,26204643200,2746628,False
800,1.445221466392296,0.5681274550681384,1.524264626625898,0.5432339277686198,4.591765665238223,10,45569,597.8377844587328,285.4,285.4,32796800,32796800,2854,26237440000,26237440000,2749482,False
801,1.4308838500393433,0.5719658976930793,nan,nan,nan,10,71784,761.144600468071,449.1,449.1,32796800,32796800,4491,26270236800,26270236800,2753973,False
802,1.4441260349636433,0.5665653957162388,nan,nan,nan,10,65830,945.8602916603372,411.9,411.9,32796800,32796800,4119,26303033600,26303033600,2758092,False
803,1.419312155571684,0.5735766102440096,nan,nan,nan,10,45490,477.8205319850516,284.7,284.7,32796800,32796800,2847,26335830400,26335830400,2760939,False
804,1.4608033914917196,0.5623996145197558,nan,nan,nan,10,62260,613.4291198201092,389.6,389.6,32796800,32796800,3896,26368627200,26368627200,2764835,False
805,1.4439806433336115,0.5668597952398196,nan,nan,nan,10,60754,576.4051255884388,380.2,380.2,32796800,32796800,3802,26401424000,26401424000,2768637,False
806,1.4289789122289533,0.574984741477025,nan,nan,nan,10,45876,489.4727744354347,287.2,287.2,32796800,32796800,2872,26434220800,26434220800,2771509,False
807,1.4794895292513455,0.557742596194721,nan,nan,nan,10,77629,708.5063442785556,485.7,485.7,32796800,32796800,4857,26467017600,26467017600,2776366,False
808,1.476924371503049,0.5589297419700853,nan,nan,nan,10,83905,838.8388415469876,524.8,524.8,32796800,32796800,5248,26499814400,26499814400,2781614,False
809,1.4273216067091128,0.5678597798952217,nan,nan,nan,10,56882,598.224956928378,355.9,355.9,32796800,32796800,3559,26532611200,26532611200,2785173,False
810,1.4423925613656066,0.5678248124838348,1.5035182622424776,0.552300314701034,4.497484597887542,10,57995,579.0705750495732,362.9,362.9,32796800,32796800,3629,26565408000,26565408000,2788802,False
811,1.466920686103957,0.5619666444631568,nan,nan,nan,10,79567,744.0925886359923,497.8,497.8,32796800,32796800,4978,26598204800,26598204800,2793780,False
812,1.4649062790760536,0.5603133754641996,nan,nan,nan,10,61396,729.4795100658024,384.1,384.1,32796800,32796800,3841,26631001600,26631001600,2797621,False
813,1.4656685074375586,0.5571426001547068,nan,nan,nan,10,55589,630.9859684469949,347.8,347.8,32796800,32796800,3478,26663798400,26663798400,2801099,False
814,1.440038082072697,0.565311004784689,nan,nan,nan,10,54340,634.6313213102687,340.1,340.1,32796800,32796800,3401,26696595200,26696595200,2804500,False
815,1.455167397149257,0.5633376638326564,nan,nan,nan,10,60809,683.1300136492954,380.5,380.5,32796800,32796800,3805,26729392000,26729392000,2808305,False
816,1.4358461911100768,0.5681737498732123,nan,nan,nan,10,78872,867.9279719038442,493.4,493.4,32796800,32796800,4934,26762188800,26762188800,2813239,False
817,1.4614530384710072,0.560643530349243,nan,nan,nan,10,72786,831.183799082241,455.5,455.5,32796800,32796800,4555,26794985600,26794985600,2817794,False
818,1.4194440059023266,0.5775001744713518,nan,nan,nan,10,28658,323.6500802568218,179.6,179.6,32796800,32796800,1796,26827782400,26827782400,2819590,False
819,1.4043852725578543,0.5772521389028686,nan,nan,nan,10,59610,921.0970474752556,373.0,373.0,32796800,32796800,3730,26860579200,26860579200,2823320,False
820,1.448237460409473,0.5629130528277543,1.5069203350866607,0.5504645586692642,4.512811424813134,10,69755,710.6741738943444,436.4,436.4,32796800,32796800,4364,26893376000,26893376000,2827684,False
821,1.4245261654877592,0.5730671891582987,nan,nan,nan,10,48996,533.8361498897868,306.7,306.7,32796800,32796800,3067,26926172800,26926172800,2830751,False
822,1.466062207984004,0.5568038767139976,nan,nan,nan,10,73877,899.6617485821027,462.3,462.3,32796800,32796800,4623,26958969600,26958969600,2835374,False
823,1.461359021705219,0.5626454398099854,nan,nan,nan,10,62311,675.463449471201,390.0,390.0,32796800,32796800,3900,26991766400,26991766400,2839274,False
824,1.412367441842769,0.5773342972376532,nan,nan,nan,10,52564,960.3950802830834,329.1,329.1,32796800,32796800,3291,27024563200,27024563200,2842565,False
825,1.4804825827757473,0.557036207540127,nan,nan,nan,10,53580,558.785703620754,335.4,335.4,32796800,32796800,3354,27057360000,27057360000,2845919,False
826,1.4118430948757947,0.5750405186385737,nan,nan,nan,10,64785,936.9556378791386,405.5,405.5,32796800,32796800,4055,27090156800,27090156800,2849974,False
827,1.481634558983792,0.5562742798504727,nan,nan,nan,10,54572,656.6108993623104,341.6,341.6,32796800,32796800,3416,27122953600,27122953600,2853390,False
828,1.415237427755675,0.576237986528001,nan,nan,nan,10,70962,988.3327414672642,443.9,443.9,32796800,32796800,4439,27155750400,27155750400,2857829,False
829,1.3949812449175119,0.5779205552689584,nan,nan,nan,10,63969,899.5992433835139,400.3,400.3,32796800,32796800,4003,27188547200,27188547200,2861832,False
830,1.4316036648450159,0.571163788898644,1.5412888273956284,0.5382511613966732,4.670605998503255,10,41004,456.078675251195,256.9,256.9,32796800,32796800,2569,27221344000,27221344000,2864401,False
831,1.3792392330251202,0.5846594624894896,nan,nan,nan,10,32111,246.21939522282085,201.0,201.0,32796800,32796800,2010,27254140800,27254140800,2866411,False
832,1.425902816074254,0.5733273841673907,nan,nan,nan,10,42583,448.16638095014446,266.7,266.7,32796800,32796800,2667,27286937600,27286937600,2869078,False
833,1.4275157627440074,0.570128538758773,nan,nan,nan,10,63405,690.2724233104645,396.7,396.7,32796800,32796800,3967,27319734400,27319734400,2873045,False
834,1.4446168118868,0.5649586048106598,nan,nan,nan,10,40826,428.24535835007106,255.7,255.7,32796800,32796800,2557,27352531200,27352531200,2875602,False
835,1.4335159995202957,0.567714221116889,nan,nan,nan,10,53076,593.693797573291,332.3,332.3,32796800,32796800,3323,27385328000,27385328000,2878925,False
836,1.4385681886033226,0.5661358998261571,nan,nan,nan,10,79382,965.6858985664256,496.5,496.5,32796800,32796800,4965,27418124800,27418124800,2883890,False
837,1.449038434601676,0.5660960702860144,nan,nan,nan,10,83772,834.4796352003056,524.1,524.1,32796800,32796800,5241,27450921600,27450921600,2889131,False
838,1.4606159420052525,0.5610753727735842,nan,nan,nan,10,53786,549.8549064812405,336.7,336.7,32796800,32796800,3367,27483718400,27483718400,2892498,False
839,1.4463952140075012,0.5665670411213027,nan,nan,nan,10,48515,768.1997320416367,303.8,303.8,32796800,32796800,3038,27516515200,27516515200,2895536,False
840,1.3939635590543078,0.5788359788359788,1.5243677979338817,0.5445451820770268,4.592239428146811,10,72765,1005.8251769394627,455.3,455.3,32796800,32796800,4553,27549312000,27549312000,2900089,False
841,1.449295320076248,0.5649639980038497,nan,nan,nan,10,56108,598.7297711556284,351.1,351.1,32796800,32796800,3511,27582108800,27582108800,2903600,False
842,1.4258365642505837,0.5733522200654041,nan,nan,nan,10,57183,580.5553398737386,358.0,358.0,32796800,32796800,3580,27614905600,27614905600,2907180,False
843,1.4368260038015126,0.567438119917791,nan,nan,nan,10,55955,714.3099454919131,350.1,350.1,32796800,32796800,3501,27647702400,27647702400,2910681,False
844,1.431495187659375,0.5731296608130864,nan,nan,nan,10,49884,619.7449883730254,312.2,312.2,32796800,32796800,3122,27680499200,27680499200,2913803,False
845,1.410365948705188,0.5771903067276732,nan,nan,nan,10,53109,610.1245739893426,332.4,332.4,32796800,32796800,3324,27713296000,27713296000,2917127,False
846,1.4598999300093223,0.5653526269524647,nan,nan,nan,10,44367,551.7288750648004,277.7,277.7,32796800,32796800,2777,27746092800,27746092800,2919904,False
847,1.453070645364993,0.5665184503730962,nan,nan,nan,10,39132,335.36060002044366,245.0,245.0,32796800,32796800,2450,27778889600,27778889600,2922354,False
848,1.4639188796869498,0.5632637227645956,nan,nan,nan,10,30934,304.62280985323594,193.9,193.9,32796800,32796800,1939,27811686400,27811686400,2924293,False
849,1.4432018187701645,0.5640976847446876,nan,nan,nan,10,47295,472.5044084998414,296.0,296.0,32796800,32796800,2960,27844483200,27844483200,2927253,False
850,1.4266526752580255,0.5695486777533875,1.4970190729602566,0.5530683350816724,4.468349374412676,10,87011,864.0389490983898,544.3,544.3,32796800,32796800,5443,27877280000,27877280000,2932696,False
851,1.4625328046982984,0.5632994504158358,nan,nan,nan,10,41122,569.8867516171391,257.5,257.5,32796800,32796800,2575,27910076800,27910076800,2935271,False
852,1.40226228405517,0.5800648257493907,nan,nan,nan,10,79598,1054.6928691675669,498.0,498.0,32796800,32796800,4980,27942873600,27942873600,2940251,False
853,1.4279235613728722,0.571426185146828,nan,nan,nan,10,59866,546.8858951658704,374.6,374.6,32796800,32796800,3746,27975670400,27975670400,2943997,False
854,1.3950407831128315,0.5795572160654331,nan,nan,nan,10,39613,359.48918284401583,248.1,248.1,32796800,32796800,2481,28008467200,28008467200,2946478,False
855,1.439425100957569,0.5681126511818597,nan,nan,nan,10,63417,675.0279893403977,396.7,396.7,32796800,32796800,3967,28041264000,28041264000,2950445,False
856,1.458004418516597,0.5636308896582869,nan,nan,nan,10,33215,401.3887099202168,208.2,208.2,32796800,32796800,2082,28074060800,28074060800,2952527,False
857,1.4030005764127653,0.5785861677215923,nan,nan,nan,10,43131,443.44918967795786,270.1,270.1,32796800,32796800,2701,28106857600,28106857600,2955228,False
858,1.4228310071610144,0.5742971887550201,nan,nan,nan,10,35856,496.80747991967877,224.6,224.6,32796800,32796800,2246,28139654400,28139654400,2957474,False
859,1.4023972878202893,0.5766775582628265,nan,nan,nan,10,92426,1059.8507021833684,578.2,578.2,32796800,32796800,5782,28172451200,28172451200,2963256,False
860,1.4196861650535326,0.5740476910014535,1.500010244620895,0.5529372096508317,4.481734983778742,10,69489,664.8858380463093,434.9,434.9,32796800,32796800,4349,28205248000,28205248000,2967605,False
861,1.4010287292644366,0.5783175175715081,nan,nan,nan,10,59329,913.4373072190666,371.2,371.2,32796800,32796800,3712,28238044800,28238044800,2971317,False
862,1.4252810179462938,0.5711426529153477,nan,nan,nan,10,48965,457.18790973144087,306.5,306.5,32796800,32796800,3065,28270841600,28270841600,2974382,False
863,1.4530866574398316,0.5635911954922697,nan,nan,nan,10,72054,836.6712465650762,450.7,450.7,32796800,32796800,4507,28303638400,28303638400,2978889,False
864,1.4473569273481626,0.5648581265582334,nan,nan,nan,10,42115,529.4084530452333,263.8,263.8,32796800,32796800,2638,28336435200,28336435200,2981527,False
865,1.439564806035902,0.5678617455708584,nan,nan,nan,10,64403,574.8562955141841,403.0,403.0,32796800,32796800,4030,28369232000,28369232000,2985557,False
866,1.40107075815663,0.5749685432479604,nan,nan,nan,10,49274,586.5885456833219,308.4,308.4,32796800,32796800,3084,28402028800,28402028800,2988641,False
867,1.4394527087618898,0.567032967032967,nan,nan,nan,10,50050,575.8251148851149,313.3,313.3,32796800,32796800,3133,28434825600,28434825600,2991774,False
868,1.4201703432556751,0.5719784571519088,nan,nan,nan,10,63130,717.7292254078883,395.2,395.2,32796800,32796800,3952,28467622400,28467622400,2995726,False
869,1.41654932622911,0.5731082534965931,nan,nan,nan,10,39038,435.27893334699525,244.4,244.4,32796800,32796800,2444,28500419200,28500419200,2998170,False
870,1.4070878637978212,0.5775760515556787,1.5087064695594086,0.5496590738798142,4.520879115713573,10,57724,792.9136407733353,361.3,361.3,32796800,32796800,3613,28533216000,28533216000,3001783,False
871,1.4507988132013012,0.5631047601929241,nan,nan,nan,10,66762,788.0879092897158,417.6,417.6,32796800,32796800,4176,28566012800,28566012800,3005959,False
872,1.414368005892151,0.5757093062478917,nan,nan,nan,10,53362,452.24000224879126,334.0,334.0,32796800,32796800,3340,28598809600,28598809600,3009299,False
873,1.427185630049218,0.5697353198120558,nan,nan,nan,10,42353,357.0923901494581,265.1,265.1,32796800,32796800,2651,28631606400,28631606400,3011950,False
874,1.4269667223671207,0.570290772826385,nan,nan,nan,10,76589,811.4183237801774,479.2,479.2,32796800,32796800,4792,28664403200,28664403200,3016742,False
875,1.4189841960642284,0.5746433331148544,nan,nan,nan,10,45771,405.6737453846322,286.5,286.5,32796800,32796800,2865,28697200000,28697200000,3019607,False
876,1.3853530852844598,0.5826503520720304,nan,nan,nan,10,34652,423.33937435068685,217.0,217.0,32796800,32796800,2170,28729996800,28729996800,3021777,False
877,1.4317529429243747,0.5689576042682577,nan,nan,nan,10,34862,484.78652974585515,218.3,218.3,32796800,32796800,2183,28762793600,28762793600,3023960,False
878,1.4097312665675599,0.5768400300413068,nan,nan,nan,10,42608,389.39513706346224,266.7,266.7,32796800,32796800,2667,28795590400,28795590400,3026627,False
879,1.4402394398385423,0.5687631190235559,nan,nan,nan,10,51452,431.5641180129053,322.0,322.0,32796800,32796800,3220,28828387200,28828387200,3029847,False
880,1.4213454309048612,0.5727999775113497,1.4941763891266968,0.5542859283680504,4.455665306821782,10,71147,701.8645621038131,445.3,445.3,32796800,32796800,4453,28861184000,28861184000,3034300,False
881,1.4198124773255887,0.5716824235732524,nan,nan,nan,10,57964,619.6369470705956,362.7,362.7,32796800,32796800,3627,28893980800,28893980800,3037927,False
882,1.4155680044266123,0.5734642420537898,nan,nan,nan,10,52352,439.28189944987776,327.7,327.7,32796800,32796800,3277,28926777600,28926777600,3041204,False
883,1.4174405866313338,0.5765202702702703,nan,nan,nan,10,41440,452.182890926641,259.3,259.3,32796800,32796800,2593,28959574400,28959574400,3043797,False
884,1.4185998542926122,0.5732889911108349,nan,nan,nan,10,64348,729.3210045378255,402.5,402.5,32796800,32796800,4025,28992371200,28992371200,3047822,False
885,1.4454949990033124,0.5665268142732522,nan,nan,nan,10,48146,500.6513521372492,301.2,301.2,32796800,32796800,3012,29025168000,29025168000,3050834,False
886,1.4223566900462312,0.5732628624324405,nan,nan,nan,10,66978,634.8681507360626,419.1,419.1,32796800,32796800,4191,29057964800,29057964800,3055025,False
887,1.393343313878817,0.5788763257077746,nan,nan,nan,10,57045,607.1925497414322,357.0,357.0,32796800,32796800,3570,29090761600,29090761600,3058595,False
888,1.4103110860016528,0.5740351423603001,nan,nan,nan,10,38529,582.2098159827663,241.3,241.3,32796800,32796800,2413,29123558400,29123558400,3061008,False
889,1.4078647542124372,0.5811464276011953,nan,nan,nan,10,36810,393.6990763379516,230.6,230.6,32796800,32796800,2306,29156355200,29156355200,3063314,False
890,1.4799898604923711,0.5553838305023708,1.4968634548527395,0.5511389180278735,4.467654072441496,10,66644,737.7883980553388,417.1,417.1,32796800,32796800,4171,29189152000,29189152000,3067485,False
891,1.3672170795022256,0.5894481254372608,nan,nan,nan,10,48598,453.698176879707,304.1,304.1,32796800,32796800,3041,29221948800,29221948800,3070526,False
892,1.420918905363055,0.5720495726138477,nan,nan,nan,10,47849,542.0631779138539,299.4,299.4,32796800,32796800,2994,29254745600,29254745600,3073520,False
893,1.4110596385786736,0.5769800728743527,nan,nan,nan,10,57359,616.5983890932548,358.9,358.9,32796800,32796800,3589,29287542400,29287542400,3077109,False
894,1.4304533200399039,0.56616490009204,nan,nan,nan,10,33681,303.5472818503013,210.9,210.9,32796800,32796800,2109,29320339200,29320339200,3079218,False
895,1.4053342574780443,0.5787068623562078,nan,nan,nan,10,63025,727.4869020230067,394.3,394.3,32796800,32796800,3943,29353136000,29353136000,3083161,False
896,1.414423923293504,0.5742635385429529,nan,nan,nan,10,68028,698.7358293643795,425.5,425.5,32796800,32796800,4255,29385932800,29385932800,3087416,False
897,1.4025883979033111,0.577617175345798,nan,nan,nan,10,70706,914.531086470738,442.4,442.4,32796800,32796800,4424,29418729600,29418729600,3091840,False
898,1.4011552080097551,0.581221792867467,nan,nan,nan,10,33901,310.14996607769683,212.3,212.3,32796800,32796800,2123,29451526400,29451526400,3093963,False
899,1.4118255520916922,0.5781405620750877,nan,nan,nan,10,23093,188.13328714329015,144.8,144.8,32796800,32796800,1448,29484323200,29484323200,3095411,False
900,1.4182684862754213,0.5716215332999282,1.4905059976804995,0.5544170537988911,4.43934124716314,10,45901,547.0354458508529,287.5,287.5,32796800,32796800,2875,29517120000,29517120000,3098286,False
901,1.4060874101320107,0.5759884335205472,nan,nan,nan,10,53949,572.3937793100891,337.5,337.5,32796800,32796800,3375,29549916800,29549916800,3101661,False
902,1.425331964602531,0.5715180445527794,nan,nan,nan,10,59076,576.2401821382625,369.6,369.6,32796800,32796800,3696,29582713600,29582713600,3105357,False
903,1.3565728092815037,0.5915488243661619,nan,nan,nan,10,59755,944.9387666304075,373.9,373.9,32796800,32796800,3739,29615510400,29615510400,3109096,False
904,1.450877466289407,0.5604694197840294,nan,nan,nan,10,42691,570.8528729708837,267.2,267.2,32796800,32796800,2672,29648307200,29648307200,3111768,False
905,1.3920656893137684,0.5825401659940608,nan,nan,nan,10,52532,644.5336937485723,328.7,328.7,32796800,32796800,3287,29681104000,29681104000,3115055,False
906,1.4179593900525054,0.5731101188128185,nan,nan,nan,10,63377,691.1286586616596,396.6,396.6,32796800,32796800,3966,29713900800,29713900800,3119021,False
907,1.3988706175371626,0.5798240748078295,nan,nan,nan,10,63095,914.1401537364293,395.0,395.0,32796800,32796800,3950,29746697600,29746697600,3122971,False
908,1.4141094348641778,0.5693598634876403,nan,nan,nan,10,63877,705.3224791395965,399.7,399.7,32796800,32796800,3997,29779494400,29779494400,3126968,False
909,1.393112691375294,0.5801913592872889,nan,nan,nan,10,44001,487.46773936955975,275.6,275.6,32796800,32796800,2756,29812291200,29812291200,3129724,False
910,1.3819620875698715,0.5836623827368527,1.4916380662602249,0.5541360707328038,4.444369731661351,10,39761,419.76811448404214,249.0,249.0,32796800,32796800,2490,29845088000,29845088000,3132214,False
911,1.4085934437762822,0.5759696582360706,nan,nan,nan,10,47723,437.09004044171576,298.6,298.6,32796800,32796800,2986,29877884800,29877884800,3135200,False
912,1.407847496512191,0.5797050083153849,nan,nan,nan,10,36679,306.69770168216144,229.6,229.6,32796800,32796800,2296,29910681600,29910681600,3137496,False
913,1.3803021573653789,0.5833472060374008,nan,nan,nan,10,72084,884.2571721880029,451.0,451.0,32796800,32796800,4510,29943478400,29943478400,3142006,False
914,1.3787073769593226,0.5824117322083271,nan,nan,nan,10,99555,978.7678770528853,622.7,622.7,32796800,32796800,6227,29976275200,29976275200,3148233,False
915,1.4405602076314632,0.5677169838181559,nan,nan,nan,10,42146,371.6776681061073,263.9,263.9,32796800,32796800,2639,30009072000,30009072000,3150872,False
916,1.4342430438069371,0.5690394803143173,nan,nan,nan,10,73429,683.3540699178799,459.4,459.4,32796800,32796800,4594,30041868800,30041868800,3155466,False
917,1.4077875549458037,0.5773779776778277,nan,nan,nan,10,60030,622.7016491754124,375.8,375.8,32796800,32796800,3758,30074665600,30074665600,3159224,False
918,1.430109400305398,0.5673725143914823,nan,nan,nan,10,58889,816.4904311501299,368.6,368.6,32796800,32796800,3686,30107462400,30107462400,3162910,False
919,1.4093901568762743,0.5771353166986565,nan,nan,nan,10,41680,465.4061180422265,261.0,261.0,32796800,32796800,2610,30140259200,30140259200,3165520,False
920,1.4282339383631835,0.5711971350613916,1.487276373909239,0.5545481792297318,4.425026972445561,10,82096,787.7040903332685,513.7,513.7,32796800,32796800,5137,30173056000,30173056000,3170657,False
921,1.3764879474862097,0.5860831234256927,nan,nan,nan,10,31760,331.90632871536525,199.0,199.0,32796800,32796800,1990,30205852800,30205852800,3172647,False
922,1.3986279516862459,0.5786502703903993,nan,nan,nan,10,67495,694.3639677013113,422.4,422.4,32796800,32796800,4224,30238649600,30238649600,3176871,False
923,1.3986107082154182,0.5789769737438987,nan,nan,nan,10,55111,618.887499773185,345.0,345.0,32796800,32796800,3450,30271446400,30271446400,3180321,False
924,1.3872874583797596,0.5828039210049731,nan,nan,nan,10,69574,670.2527237186305,435.4,435.4,32796800,32796800,4354,30304243200,30304243200,3184675,False
925,1.421407016703967,0.571111815014254,nan,nan,nan,10,75768,737.9155184246648,474.1,474.1,32796800,32796800,4741,30337040000,30337040000,3189416,False
926,1.4051839920795384,0.5742072616437623,nan,nan,nan,10,74804,822.7735147853057,468.0,468.0,32796800,32796800,4680,30369836800,30369836800,3194096,False
927,1.4003182645507353,0.5797202709952713,nan,nan,nan,10,80149,825.274601055534,501.4,501.4,32796800,32796800,5014,30402633600,30402633600,3199110,False
928,1.4164618823469548,0.5722218425369054,nan,nan,nan,10,58528,603.877460360853,366.3,366.3,32796800,32796800,3663,30435430400,30435430400,3202773,False
929,1.3845782250811423,0.5847887726655389,nan,nan,nan,10,41969,411.9953537134552,262.8,262.8,32796800,32796800,2628,30468227200,30468227200,3205401,False
930,1.3928321418463447,0.5803608416782138,1.4836168134657317,0.5570395624157051,4.408862913490727,10,70003,718.3493278859478,437.9,437.9,32796800,32796800,4379,30501024000,30501024000,3209780,False
931,1.4116480329908343,0.5715739986673577,nan,nan,nan,10,54028,619.647793736581,338.2,338.2,32796800,32796800,3382,30533820800,30533820800,3213162,False
932,1.3971250131729382,0.5792864014723721,nan,nan,nan,10,47814,491.92709248337314,299.3,299.3,32796800,32796800,2993,30566617600,30566617600,3216155,False
933,1.3847720021413799,0.5801109819489834,nan,nan,nan,10,45593,634.984602899568,285.3,285.3,32796800,32796800,2853,30599414400,30599414400,3219008,False
934,1.348951198686886,0.5913791307711764,nan,nan,nan,10,67209,929.958963829249,420.4,420.4,32796800,32796800,4204,30632211200,30632211200,3223212,False
935,1.3666401447040404,0.5896046044073008,nan,nan,nan,10,50734,478.348582804431,317.6,317.6,32796800,32796800,3176,30665008000,30665008000,3226388,False
936,1.3961277925227435,0.5768133462282399,nan,nan,nan,10,41360,569.4928916827853,259.1,259.1,32796800,32796800,2591,30697804800,30697804800,3228979,False
937,1.3722475400262402,0.586429481820549,nan,nan,nan,10,72967,1018.775953513232,456.4,456.4,32796800,32796800,4564,30730601600,30730601600,3233543,False
938,1.3726876923673235,0.5850950209368165,nan,nan,nan,10,58987,508.48291996541616,369.1,369.1,32796800,32796800,3691,30763398400,30763398400,3237234,False
939,1.3976777247944094,0.5793904157229227,nan,nan,nan,10,56071,693.9355816732358,351.0,351.0,32796800,32796800,3510,30796195200,30796195200,3240744,False
940,1.3863616875611877,0.5815065130115818,1.4845825438733118,0.5576764573655028,4.413122743061538,10,69246,631.5200300378361,433.1,433.1,32796800,32796800,4331,30828992000,30828992000,3245075,False
941,1.347171485207139,0.5941369005265404,nan,nan,nan,10,49189,640.894529264673,307.9,307.9,32796800,32796800,3079,30861788800,30861788800,3248154,False
942,1.3703728873870218,0.5890217542881049,nan,nan,nan,10,57368,609.6541103053967,359.0,359.0,32796800,32796800,3590,30894585600,30894585600,3251744,False
943,1.3460228399745906,0.5928896666828707,nan,nan,nan,10,61713,944.9955276846044,386.2,386.2,32796800,32796800,3862,30927382400,30927382400,3255606,False
944,1.4232146376306105,0.5721426565571469,nan,nan,nan,10,53415,811.6410184405131,334.5,334.5,32796800,32796800,3345,30960179200,30960179200,3258951,False
945,1.4526657731908643,0.5640469034101451,nan,nan,nan,10,53898,701.546606553119,337.3,337.3,32796800,32796800,3373,30992976000,30992976000,3262324,False
946,1.3911387540112312,0.577922077922078,nan,nan,nan,10,58058,493.6178476695718,363.2,363.2,32796800,32796800,3632,31025772800,31025772800,3265956,False
947,1.4027254602599615,0.5785592739648326,nan,nan,nan,10,66994,621.7986237573514,419.2,419.2,32796800,32796800,4192,31058569600,31058569600,3270148,False
948,1.4218181498758464,0.5772143105244877,nan,nan,nan,10,43185,478.76846127127476,270.6,270.6,32796800,32796800,2706,31091366400,31091366400,3272854,False
949,1.423321925202026,0.5711434411446435,nan,nan,nan,10,41585,575.6847661416377,260.3,260.3,32796800,32796800,2603,31124163200,31124163200,3275457,False
950,1.3738392140254938,0.5850476344259647,1.4800926846541798,0.5568709725760528,4.393352858439285,10,61930,504.46103665428706,387.5,387.5,32796800,32796800,3875,31156960000,31156960000,3279332,False
951,1.4035055085085621,0.5774517043424406,nan,nan,nan,10,41981,554.7836163978943,262.9,262.9,32796800,32796800,2629,31189756800,31189756800,3281961,False
952,1.447544116911662,0.5667037377302838,nan,nan,nan,10,62043,714.1323920506745,388.2,388.2,32796800,32796800,3882,31222553600,31222553600,3285843,False
953,1.4151450482414525,0.5764096976300735,nan,nan,nan,10,58736,670.184418414601,367.6,367.6,32796800,32796800,3676,31255350400,31255350400,3289519,False
954,1.4207186076149338,0.5705292360221937,nan,nan,nan,10,46860,547.2774434485702,293.4,293.4,32796800,32796800,2934,31288147200,31288147200,3292453,False
955,1.3705001687186849,0.5838872964566689,nan,nan,nan,10,65588,918.0316826248704,410.4,410.4,32796800,32796800,4104,31320944000,31320944000,3296557,False
956,1.3862571337955536,0.5826235570996302,nan,nan,nan,10,35692,304.3073798049983,223.6,223.6,32796800,32796800,2236,31353740800,31353740800,3298793,False
957,1.3882515270213052,0.5797282373841648,nan,nan,nan,10,41654,526.662049262976,260.9,260.9,32796800,32796800,2609,31386537600,31386537600,3301402,False
958,1.3992050884222973,0.5757905650596163,nan,nan,nan,10,38580,582.690176257128,241.6,241.6,32796800,32796800,2416,31419334400,31419334400,3303818,False
959,1.4327701962179162,0.5708552362365829,nan,nan,nan,10,63538,747.5686675690139,397.5,397.5,32796800,32796800,3975,31452131200,31452131200,3307793,False
960,1.3751175467988743,0.5823001911108934,1.482670919212394,0.5554098606323992,4.4046945671153335,10,61221,609.5991081491645,383.0,383.0,32796800,32796800,3830,31484928000,31484928000,3311623,False
961,1.3772408361522914,0.5845557869266296,nan,nan,nan,10,85961,782.3368969649025,537.8,537.8,32796800,32796800,5378,31517724800,31517724800,3317001,False
962,1.4132678041114375,0.5774051547431029,nan,nan,nan,10,29759,283.99422023589506,186.4,186.4,32796800,32796800,1864,31550521600,31550521600,3318865,False
963,1.394748996909377,0.5795125622322566,nan,nan,nan,10,34548,532.3522056269538,216.4,216.4,32796800,32796800,2164,31583318400,31583318400,3321029,False
964,1.3711192022800416,0.5821677959428938,nan,nan,nan,10,48261,479.54509852676074,302.1,302.1,32796800,32796800,3021,31616115200,31616115200,3324050,False
965,1.3832495143487389,0.5847532056911997,nan,nan,nan,10,74009,992.1395100595873,463.0,463.0,32796800,32796800,4630,31648912000,31648912000,3328680,False
966,1.407414100654146,0.574279129897139,nan,nan,nan,10,53373,580.466378131265,334.0,334.0,32796800,32796800,3340,31681708800,31681708800,3332020,False
967,1.3599006400486615,0.5881933684536721,nan,nan,nan,10,64540,903.8749612643323,403.7,403.7,32796800,32796800,4037,31714505600,31714505600,3336057,False
968,1.4291066729447217,0.5706744567445674,nan,nan,nan,10,78048,768.1045510455104,488.4,488.4,32796800,32796800,4884,31747302400,31747302400,3340941,False
969,1.3829452386739172,0.585551877968053,nan,nan,nan,10,48643,656.0211335649528,304.5,304.5,32796800,32796800,3045,31780099200,31780099200,3343986,False
970,1.4058765796764423,0.5757240943887617,1.4808710522689545,0.5573767420950098,4.396773833239853,10,50684,470.7744455844053,317.2,317.2,32796800,32796800,3172,31812896000,31812896000,3347158,False
971,1.3955783916369602,0.5803226148222704,nan,nan,nan,10,75508,873.8450362875458,472.6,472.6,32796800,32796800,4726,31845692800,31845692800,3351884,False
972,1.3850429969560214,0.5840211900948626,nan,nan,nan,10,48702,393.73686912241794,304.9,304.9,32796800,32796800,3049,31878489600,31878489600,3354933,False
973,1.4253344843935607,0.5717947921198185,nan,nan,nan,10,64364,797.8148188428314,402.8,402.8,32796800,32796800,4028,31911286400,31911286400,3358961,False
974,1.3834664495182873,0.5848453155078592,nan,nan,nan,10,65973,716.571612629409,412.8,412.8,32796800,32796800,4128,31944083200,31944083200,3363089,False
975,1.4131255044055364,0.5732797331394603,nan,nan,nan,10,70149,793.9971346704872,438.9,438.9,32796800,32796800,4389,31976880000,31976880000,3367478,False
976,1.3728791420080573,0.5854941104482179,nan,nan,nan,10,52296,594.2831765335782,327.4,327.4,32796800,32796800,3274,32009676800,32009676800,3370752,False
977,1.365941798486753,0.5874078160385576,nan,nan,nan,10,68884,980.0267551245573,431.0,431.0,32796800,32796800,4310,32042473600,32042473600,3375062,False
978,1.4074972983672067,0.5757919890221685,nan,nan,nan,10,42267,418.6559017673362,264.6,264.6,32796800,32796800,2646,32075270400,32075270400,3377708,False
979,1.3888377772160652,0.5825560010055704,nan,nan,nan,10,75579,756.3391682874872,473.0,473.0,32796800,32796800,4730,32108067200,32108067200,3382438,False
980,1.384517348286735,0.581747231095893,1.4863644478007734,0.5568897047804585,4.420993514206184,10,52277,616.0424087074622,327.2,327.2,32796800,32796800,3272,32140864000,32140864000,3385710,False
981,1.4327451694102642,0.5690945456997101,nan,nan,nan,10,44497,331.83086500213494,278.5,278.5,32796800,32796800,2785,32173660800,32173660800,3388495,False
982,1.3819016152611021,0.5800467761166651,nan,nan,nan,10,43612,464.44127763001006,273.1,273.1,32796800,32796800,2731,32206457600,32206457600,3391226,False
983,1.3871345053856927,0.5825552015818961,nan,nan,nan,10,54618,739.2196894796588,342.0,342.0,32796800,32796800,3420,32239254400,32239254400,3394646,False
984,1.4013432920634525,0.5772246327167542,nan,nan,nan,10,78822,880.4297023673595,493.1,493.1,32796800,32796800,4931,32272051200,32272051200,3399577,False
985,1.3689148487016378,0.5854456593770709,nan,nan,nan,10,48288,564.1231983101391,302.5,302.5,32796800,32796800,3025,32304848000,32304848000,3402602,False
986,1.3713798573454887,0.58528634135072,nan,nan,nan,10,38957,555.0842980722335,244.0,244.0,32796800,32796800,2440,32337644800,32337644800,3405042,False
987,1.378080015664284,0.5827138016487129,nan,nan,nan,10,59319,586.0380148013285,371.1,371.1,32796800,32796800,3711,32370441600,32370441600,3408753,False
988,1.3754735658350175,0.5858965622576779,nan,nan,nan,10,42557,370.52621190403454,266.5,266.5,32796800,32796800,2665,32403238400,32403238400,3411418,False
989,1.337973530717148,0.5976104117772563,nan,nan,nan,10,23435,210.2937913377427,147.0,147.0,32796800,32796800,1470,32436035200,32436035200,3412888,False
990,1.3859765214972317,0.5805670511578762,1.4783137148866121,0.5586505319946051,4.385544164300633,10,45428,465.3547811922162,284.3,284.3,32796800,32796800,2843,32468832000,32468832000,3415731,False
991,1.4129231285007775,0.5780445567724422,nan,nan,nan,10,42732,401.3878826172423,267.6,267.6,32796800,32796800,2676,32501628800,32501628800,3418407,False
992,1.403327888856586,0.5770126948417162,nan,nan,nan,10,49784,572.2739635224168,311.5,311.5,32796800,32796800,3115,32534425600,32534425600,3421522,False
993,1.4049716013145297,0.5782435386395782,nan,nan,nan,10,54439,755.2200077150571,340.7,340.7,32796800,32796800,3407,32567222400,32567222400,3424929,False
994,1.3854646161917423,0.5829641137771641,nan,nan,nan,10,52137,756.1378483610487,326.3,326.3,32796800,32796800,3263,32600019200,32600019200,3428192,False
995,1.400323702662506,0.5792004698799603,nan,nan,nan,10,54482,408.9099519107228,341.0,341.0,32796800,32796800,3410,32632816000,32632816000,3431602,False
996,1.3996314381247412,0.5785004062367006,nan,nan,nan,10,51694,471.709386002244,323.5,323.5,32796800,32796800,3235,32665612800,32665612800,3434837,False
997,1.3695089343652582,0.588995509766827,nan,nan,nan,10,43873,439.07667585986826,274.6,274.6,32796800,32796800,2746,32698409600,32698409600,3437583,False
998,1.3716230353428842,0.5863590005099439,nan,nan,nan,10,39220,541.6703467618563,245.5,245.5,32796800,32796800,2455,32731206400,32731206400,3440038,False
999,1.3774903564985634,0.5863350253807107,nan,nan,nan,10,49250,629.3054619289342,308.2,308.2,32796800,32796800,3082,32764003200,32764003200,3443120,False
1000,1.4090359374498684,0.5750991876062724,1.4887171372219699,0.5552600029971527,4.431406983904893,10,58223,673.6314171375574,364.3,364.3,32796800,32796800,3643,32796800000,32796800000,3446763,True
