round,train_loss,train_accuracy,test_loss,test_accuracy,test_perplexity,num_fit_clients,num_fit_examples,tau_eff,mean_local_normalizer,mean_local_steps,round_upload_bytes,round_download_bytes,round_local_steps,cumulative_upload_bytes,cumulative_download_bytes,cumulative_local_steps,run_completed
1,4.070613999129544,0.15984280235040715,nan,nan,nan,10,52927,631.8549889470403,331.2,331.2,32796800,32796800,3312,32796800,32796800,3312,False
2,3.350360406504233,0.18668206312548113,nan,nan,nan,10,88332,923.9788977946837,552.7,552.7,32796800,32796800,5527,65593600,65593600,8839,False
3,3.1263859342752007,0.18859506436770926,nan,nan,nan,10,43034,439.0742668587628,269.4,269.4,32796800,32796800,2694,98390400,98390400,11533,False
4,3.093070363695506,0.19083041797090775,nan,nan,nan,10,54310,963.0669305836864,339.8,339.8,32796800,32796800,3398,131187200,131187200,14931,False
5,3.110830130199739,0.19026538084184832,nan,nan,nan,10,41789,396.4092225226735,261.6,261.6,32796800,32796800,2616,163984000,163984000,17547,False
6,3.1375958254252425,0.18771603871413758,nan,nan,nan,10,46288,602.4240839958521,289.8,289.8,32796800,32796800,2898,196780800,196780800,20445,False
7,3.119909331759572,0.18906319045514802,nan,nan,nan,10,45260,379.39449845338044,283.3,283.3,32796800,32796800,2833,229577600,229577600,23278,False
8,3.102390697230742,0.18737223743587766,nan,nan,nan,10,51854,409.49049253673786,324.4,324.4,32796800,32796800,3244,262374400,262374400,26522,False
9,3.1261551983496423,0.18709237189964611,nan,nan,nan,10,63017,622.7869463795483,394.3,394.3,32796800,32796800,3943,295171200,295171200,30465,False
10,3.1145223391363266,0.18894595834751846,3.1294822653212075,0.19211748838603326,22.86213995513663,10,67559,525.77095575719,422.7,422.7,32796800,32796800,4227,327968000,327968000,34692,False
11,3.111686410935427,0.1885532358699431,nan,nan,nan,10,54653,658.6952591806488,342.1,342.1,32796800,32796800,3421,360764800,360764800,38113,False
12,3.0892924855713733,0.18824801598211177,nan,nan,nan,10,54561,539.4120708931288,341.4,341.4,32796800,32796800,3414,393561600,393561600,41527,False
13,3.0991834439066257,0.1893306647165236,nan,nan,nan,10,51962,523.6274777722183,325.1,325.1,32796800,32796800,3251,426358400,426358400,44778,False
14,3.1146482667790187,0.18699010116392908,nan,nan,nan,10,36772,342.80661916675734,230.2,230.2,32796800,32796800,2302,459155200,459155200,47080,False
15,3.1166368851896404,0.18466297979521437,nan,nan,nan,10,36526,446.59779335268024,228.8,228.8,32796800,32796800,2288,491952000,491952000,49368,False
16,3.098312394299599,0.18881605899221632,nan,nan,nan,10,48820,445.14760344121265,305.6,305.6,32796800,32796800,3056,524748800,524748800,52424,False
17,3.1045954487900596,0.18839141110704768,nan,nan,nan,10,38282,408.17261376103653,239.8,239.8,32796800,32796800,2398,557545600,557545600,54822,False
18,3.070737941923464,0.18875352845045312,nan,nan,nan,10,40386,396.9418610409548,253.0,253.0,32796800,32796800,2530,590342400,590342400,57352,False
19,3.078411293521836,0.18749851737634918,nan,nan,nan,10,42155,429.8363420709287,263.9,263.9,32796800,32796800,2639,623139200,623139200,59991,False
20,3.0757130963849595,0.1889099767164296,3.08689876219402,0.19221114940806233,21.909027405720966,10,51109,438.0935647341956,319.9,319.9,32796800,32796800,3199,655936000,655936000,63190,False
21,3.052956412378659,0.19069201857174442,nan,nan,nan,10,54276,518.8182806396935,339.6,339.6,32796800,32796800,3396,688732800,688732800,66586,False
22,3.0611079391117397,0.1910940645231489,nan,nan,nan,10,36762,348.1739023992166,230.2,230.2,32796800,32796800,2302,721529600,721529600,68888,False
23,3.046394479532055,0.193180761865809,nan,nan,nan,10,53789,486.8782836639461,336.7,336.7,32796800,32796800,3367,754326400,754326400,72255,False
24,3.039090210455989,0.19571649370722013,nan,nan,nan,10,45290,482.91536763082354,283.6,283.6,32796800,32796800,2836,787123200,787123200,75091,False
25,3.025125546462428,0.20194287760766408,nan,nan,nan,10,44676,581.0480571223924,279.7,279.7,32796800,32796800,2797,819920000,819920000,77888,False
26,2.998291492666838,0.20657091811874986,nan,nan,nan,10,43099,492.857769321794,269.8,269.8,32796800,32796800,2698,852716800,852716800,80586,False
27,3.0108643826936063,0.20878130261291478,nan,nan,nan,10,75433,607.4468071003407,471.8,471.8,32796800,32796800,4718,885513600,885513600,85304,False
28,3.0282998687838565,0.21259752179899036,nan,nan,nan,10,34864,692.6067863698945,218.3,218.3,32796800,32796800,2183,918310400,918310400,87487,False
29,2.9637330605995555,0.21994728769897404,nan,nan,nan,10,67157,907.9583364355169,420.2,420.2,32796800,32796800,4202,951107200,951107200,91689,False
30,2.96937286942421,0.21991687503104768,2.9903804767476587,0.21969129327139217,19.893249970897763,10,60391,714.8089781589971,377.9,377.9,32796800,32796800,3779,983904000,983904000,95468,False
31,2.954517791478486,0.2235203426124197,nan,nan,nan,10,58375,683.5992805139186,365.5,365.5,32796800,32796800,3655,1016700800,1016700800,99123,False
32,2.969658213375284,0.2237003683995088,nan,nan,nan,10,34202,646.2737851587626,214.2,214.2,32796800,32796800,2142,1049497600,1049497600,101265,False
33,2.919789911017943,0.22656122804977322,nan,nan,nan,10,42995,559.745830910571,269.2,269.2,32796800,32796800,2692,1082294400,1082294400,103957,False
34,2.899568894508915,0.23315842326351074,nan,nan,nan,10,70703,976.4982391129088,442.4,442.4,32796800,32796800,4424,1115091200,1115091200,108381,False
35,2.9111496438050306,0.22824678330093492,nan,nan,nan,10,43212,363.9226140886791,270.6,270.6,32796800,32796800,2706,1147888000,1147888000,111087,False
36,2.8953887091523773,0.23546031326415967,nan,nan,nan,10,60524,514.8905227678276,378.7,378.7,32796800,32796800,3787,1180684800,1180684800,114874,False
37,2.8665558829992204,0.240852264064644,nan,nan,nan,10,52472,490.6118120140266,328.4,328.4,32796800,32796800,3284,1213481600,1213481600,118158,False
38,2.881662095920145,0.2355734979814771,nan,nan,nan,10,80009,670.0907397917733,500.6,500.6,32796800,32796800,5006,1246278400,1246278400,123164,False
39,2.8875834314069335,0.23538406646618074,nan,nan,nan,10,39238,593.8851368571283,245.6,245.6,32796800,32796800,2456,1279075200,1279075200,125620,False
40,2.8554695845918174,0.23896771086271598,2.8702891249180054,0.2418514910834707,17.64211823851681,10,49831,531.4217454997894,312.0,312.0,32796800,32796800,3120,1311872000,1311872000,128740,False
41,2.884727434474605,0.23733844818924968,nan,nan,nan,10,65691,600.5246533010609,410.9,410.9,32796800,32796800,4109,1344668800,1344668800,132849,False
42,2.841236865570237,0.2393583458719604,nan,nan,nan,10,41206,376.8760132019608,258.1,258.1,32796800,32796800,2581,1377465600,1377465600,135430,False
43,2.8425920132434523,0.23732487144253517,nan,nan,nan,10,70591,745.0088821521157,441.7,441.7,32796800,32796800,4417,1410262400,1410262400,139847,False
44,2.843497518332742,0.23872074341048244,nan,nan,nan,10,46058,513.5679143688393,288.4,288.4,32796800,32796800,2884,1443059200,1443059200,142731,False
45,2.849269828493042,0.23673844537815125,nan,nan,nan,10,60928,487.5464318539915,381.2,381.2,32796800,32796800,3812,1475856000,1475856000,146543,False
46,2.8351537790827757,0.2376448732293272,nan,nan,nan,10,47369,494.3229960522705,296.6,296.6,32796800,32796800,2966,1508652800,1508652800,149509,False
47,2.8369375597081166,0.23530810696543705,nan,nan,nan,10,37844,417.6108762287285,237.1,237.1,32796800,32796800,2371,1541449600,1541449600,151880,False
48,2.7876106905877296,0.24467037891365354,nan,nan,nan,10,68063,933.9428617604278,425.9,425.9,32796800,32796800,4259,1574246400,1574246400,156139,False
49,2.782522587495886,0.24441621434345767,nan,nan,nan,10,43295,623.5240558956,271.1,271.1,32796800,32796800,2711,1607043200,1607043200,158850,False
50,2.815525826602771,0.24126498342259628,2.8170133216545783,0.2445676607223138,16.726818367924512,10,39210,340.9768171384851,245.4,245.4,32796800,32796800,2454,1639840000,1639840000,161304,False
51,2.7779683126416965,0.2444906312967047,nan,nan,nan,10,63029,1113.3549159910517,394.5,394.5,32796800,32796800,3945,1672636800,1672636800,165249,False
52,2.787282162555817,0.24123846578119643,nan,nan,nan,10,67083,933.7358794329413,419.7,419.7,32796800,32796800,4197,1705433600,1705433600,169446,False
53,2.7692830043272787,0.24979642141866762,nan,nan,nan,10,45437,547.2107093338029,284.4,284.4,32796800,32796800,2844,1738230400,1738230400,172290,False
54,2.7646485649236094,0.24688827718269404,nan,nan,nan,10,66844,838.889892884926,418.1,418.1,32796800,32796800,4181,1771027200,1771027200,176471,False
55,2.7621488060083284,0.24541123595505618,nan,nan,nan,10,55625,598.5003505617977,348.2,348.2,32796800,32796800,3482,1803824000,1803824000,179953,False
56,2.740981537423788,0.24946036314386083,nan,nan,nan,10,47254,522.2270918864012,296.0,296.0,32796800,32796800,2960,1836620800,1836620800,182913,False
57,2.723339621990395,0.25553710676905744,nan,nan,nan,10,67454,690.2775817594212,422.2,422.2,32796800,32796800,4222,1869417600,1869417600,187135,False
58,2.7239191327361905,0.2604110462549664,nan,nan,nan,10,40774,400.4177907490067,255.3,255.3,32796800,32796800,2553,1902214400,1902214400,189688,False
59,2.7090000219032135,0.25890112247086583,nan,nan,nan,10,55948,483.4054836634018,350.2,350.2,32796800,32796800,3502,1935011200,1935011200,193190,False
60,2.705045641949565,0.2604390414819554,2.7223206001583575,0.26301888206204105,15.215590609218081,10,65643,698.6397635696114,410.7,410.7,32796800,32796800,4107,1967808000,1967808000,197297,False
61,2.7039189759999473,0.26013900881899127,nan,nan,nan,10,70643,725.896819217757,442.1,442.1,32796800,32796800,4421,2000604800,2000604800,201718,False
62,2.674759063044262,0.2633061458220482,nan,nan,nan,10,64613,706.6622506306779,404.3,404.3,32796800,32796800,4043,2033401600,2033401600,205761,False
63,2.653184067415246,0.26950340408490187,nan,nan,nan,10,49940,987.2765518622348,312.6,312.6,32796800,32796800,3126,2066198400,2066198400,208887,False
64,2.676962745296617,0.2608313421396691,nan,nan,nan,10,44362,698.0231504440737,277.6,277.6,32796800,32796800,2776,2098995200,2098995200,211663,False
65,2.6629344899261254,0.2623772146902091,nan,nan,nan,10,65867,812.3249275054276,412.3,412.3,32796800,32796800,4123,2131792000,2131792000,215786,False
66,2.607307523592933,0.27493810398530466,nan,nan,nan,10,75126,886.5209381572292,470.0,470.0,32796800,32796800,4700,2164588800,2164588800,220486,False
67,2.628776958686228,0.27404641085580705,nan,nan,nan,10,35078,421.1653743086834,219.6,219.6,32796800,32796800,2196,2197385600,2197385600,222682,False
68,2.6258732952860364,0.2753684117360712,nan,nan,nan,10,45194,574.097999734478,283.0,283.0,32796800,32796800,2830,2230182400,2230182400,225512,False
69,2.6105640601484774,0.2765989240884638,nan,nan,nan,10,46844,400.35946972931436,293.2,293.2,32796800,32796800,2932,2262979200,2262979200,228444,False
70,2.6155254079827466,0.276543350461902,2.6277723168747973,0.27815450322193913,13.842897938279469,10,70253,599.2244743996697,439.6,439.6,32796800,32796800,4396,2295776000,2295776000,232840,False
71,2.621800980505694,0.27566553018562523,nan,nan,nan,10,58074,721.4846919447602,363.4,363.4,32796800,32796800,3634,2328572800,2328572800,236474,False
72,2.6098374205443875,0.2787714822394797,nan,nan,nan,10,71338,685.3807928453278,446.4,446.4,32796800,32796800,4464,2361369600,2361369600,240938,False
73,2.561449499884672,0.28673010561539264,nan,nan,nan,10,47815,449.34583289762634,299.3,299.3,32796800,32796800,2993,2394166400,2394166400,243931,False
74,2.5938980783986967,0.2808031828919557,nan,nan,nan,10,64344,476.3526202909362,402.5,402.5,32796800,32796800,4025,2426963200,2426963200,247956,False
75,2.5899652078214856,0.28002660968431237,nan,nan,nan,10,49606,531.5707172519454,310.5,310.5,32796800,32796800,3105,2459760000,2459760000,251061,False
76,2.573170165950259,0.2834334591699798,nan,nan,nan,10,79733,789.4454366448019,498.8,498.8,32796800,32796800,4988,2492556800,2492556800,256049,False
77,2.5597603856025994,0.28532009852034296,nan,nan,nan,10,53999,565.5889368321637,337.8,337.8,32796800,32796800,3378,2525353600,2525353600,259427,False
78,2.541678106459804,0.2892011130037347,nan,nan,nan,10,94519,1044.3984595689753,591.3,591.3,32796800,32796800,5913,2558150400,2558150400,265340,False
79,2.5184249258651907,0.2962718885332329,nan,nan,nan,10,21244,158.74854076445115,133.1,133.1,32796800,32796800,1331,2590947200,2590947200,266671,False
80,2.5749083532343557,0.2871704793781638,2.5592544386452256,0.29739247714671063,12.926176464429776,10,72302,665.11775607867,452.4,452.4,32796800,32796800,4524,2623744000,2623744000,271195,False
81,2.5335765837777444,0.29513343799058084,nan,nan,nan,10,34398,367.79132507703935,215.4,215.4,32796800,32796800,2154,2656540800,2656540800,273349,False
82,2.536074223792264,0.29432542129058775,nan,nan,nan,10,77856,843.8923140156187,487.2,487.2,32796800,32796800,4872,2689337600,2689337600,278221,False
83,2.523934324281893,0.2962600468606341,nan,nan,nan,10,33717,380.7265474389774,211.2,211.2,32796800,32796800,2112,2722134400,2722134400,280333,False
84,2.52743179930581,0.29625162723026266,nan,nan,nan,10,52236,687.7279653878551,327.0,327.0,32796800,32796800,3270,2754931200,2754931200,283603,False
85,2.499183587511489,0.298787302342171,nan,nan,nan,10,84110,1004.9301985495185,526.1,526.1,32796800,32796800,5261,2787728000,2787728000,288864,False
86,2.509821222638168,0.29724503196571084,nan,nan,nan,10,69293,647.1266938940441,433.6,433.6,32796800,32796800,4336,2820524800,2820524800,293200,False
87,2.4928179009229265,0.3022885094117133,nan,nan,nan,10,45794,568.1125038214614,286.7,286.7,32796800,32796800,2867,2853321600,2853321600,296067,False
88,2.4823667507058813,0.3057157239611935,nan,nan,nan,10,43704,766.669092073952,273.5,273.5,32796800,32796800,2735,2886118400,2886118400,298802,False
89,2.4959930940072876,0.3045133224578575,nan,nan,nan,10,58848,652.9611881457314,368.3,368.3,32796800,32796800,3683,2918915200,2918915200,302485,False
90,2.48617366790648,0.30663930179731397,2.503492870699532,0.309774464258954,12.225120237605628,10,50186,530.5947475391544,314.2,314.2,32796800,32796800,3142,2951712000,2951712000,305627,False
91,2.4808027398465162,0.3042089985486212,nan,nan,nan,10,86125,762.8671582002902,538.8,538.8,32796800,32796800,5388,2984508800,2984508800,311015,False
92,2.468077551718218,0.31367408237031,nan,nan,nan,10,39286,426.0862139184443,246.0,246.0,32796800,32796800,2460,3017305600,3017305600,313475,False
93,2.469573719558106,0.31174429223744293,nan,nan,nan,10,54750,727.9328767123288,342.7,342.7,32796800,32796800,3427,3050102400,3050102400,316902,False
94,2.4550820394253043,0.30822928969124347,nan,nan,nan,10,47416,587.7003964906361,296.9,296.9,32796800,32796800,2969,3082899200,3082899200,319871,False
95,2.4597797524166327,0.3160316840519886,nan,nan,nan,10,71708,650.8171752105762,448.6,448.6,32796800,32796800,4486,3115696000,3115696000,324357,False
96,2.448656802058422,0.3168616026783773,nan,nan,nan,10,45998,567.0922431410063,287.9,287.9,32796800,32796800,2879,3148492800,3148492800,327236,False
97,2.424322149335904,0.32063898624966297,nan,nan,nan,10,29672,309.6173833917498,186.0,186.0,32796800,32796800,1860,3181289600,3181289600,329096,False
98,2.3980300107951047,0.3276894992832903,nan,nan,nan,10,81623,1057.3660242823712,510.5,510.5,32796800,32796800,5105,3214086400,3214086400,334201,False
99,2.4327170279574166,0.3213274698666477,nan,nan,nan,10,56167,806.6721918564281,351.6,351.6,32796800,32796800,3516,3246883200,3246883200,337717,False
100,2.426788602141376,0.32229188629343986,2.477590825056433,0.32110744792447177,11.912530449295607,10,54069,638.4812369379866,338.5,338.5,32796800,32796800,3385,3279680000,3279680000,341102,False
101,2.3896678639405975,0.3320752247141984,nan,nan,nan,10,45836,463.5439828955406,287.0,287.0,32796800,32796800,2870,3312476800,3312476800,343972,False
102,2.41935280425502,0.3283428590696812,nan,nan,nan,10,59313,623.2419874226562,371.2,371.2,32796800,32796800,3712,3345273600,3345273600,347684,False
103,2.4121621057281715,0.3248665691990629,nan,nan,nan,10,56771,706.5765619770657,355.3,355.3,32796800,32796800,3553,3378070400,3378070400,351237,False
104,2.419250330053564,0.3312929979136852,nan,nan,nan,10,57997,612.7320033794851,362.9,362.9,32796800,32796800,3629,3410867200,3410867200,354866,False
105,2.418838142224601,0.3326216674878196,nan,nan,nan,10,36534,356.04943340449995,228.9,228.9,32796800,32796800,2289,3443664000,3443664000,357155,False
106,2.393972443142718,0.3371937639198218,nan,nan,nan,10,65105,586.7606174640965,407.5,407.5,32796800,32796800,4075,3476460800,3476460800,361230,False
107,2.3779981813534534,0.34043514528013347,nan,nan,nan,10,57544,555.1845891839288,360.1,360.1,32796800,32796800,3601,3509257600,3509257600,364831,False
108,2.3859525015899563,0.3408827186075425,nan,nan,nan,10,48260,611.1810816411107,302.1,302.1,32796800,32796800,3021,3542054400,3542054400,367852,False
109,2.3746082038633407,0.3413359788359788,nan,nan,nan,10,45360,576.4125661375662,284.1,284.1,32796800,32796800,2841,3574851200,3574851200,370693,False
110,2.398343143806235,0.33889921836922576,2.3973719694259623,0.34544058144762474,10.994245168796127,10,55397,461.58346119825984,346.7,346.7,32796800,32796800,3467,3607648000,3607648000,374160,False
111,2.3790931572815186,0.34297647329297265,nan,nan,nan,10,52196,475.85406927733925,326.6,326.6,32796800,32796800,3266,3640444800,3640444800,377426,False
112,2.3487976885805226,0.3472106384950422,nan,nan,nan,10,43164,389.14259568158656,270.1,270.1,32796800,32796800,2701,3673241600,3673241600,380127,False
113,2.376114064730084,0.3450760608486789,nan,nan,nan,10,54956,601.3207475070966,344.0,344.0,32796800,32796800,3440,3706038400,3706038400,383567,False
114,2.4158148699995783,0.33546689810420116,nan,nan,nan,10,36871,366.8798784952944,230.9,230.9,32796800,32796800,2309,3738835200,3738835200,385876,False
115,2.367093559941733,0.34986797434930217,nan,nan,nan,10,37114,333.3849221318101,232.6,232.6,32796800,32796800,2326,3771632000,3771632000,388202,False
116,2.375599316691264,0.34028300611957296,nan,nan,nan,10,51801,561.207254686203,324.2,324.2,32796800,32796800,3242,3804428800,3804428800,391444,False
117,2.373511231534491,0.347443745150444,nan,nan,nan,10,81193,739.4693384897713,507.8,507.8,32796800,32796800,5078,3837225600,3837225600,396522,False
118,2.36278578035951,0.34892541087231355,nan,nan,nan,10,94920,826.0464391066159,593.7,593.7,32796800,32796800,5937,3870022400,3870022400,402459,False
119,2.3542423984062983,0.3511628317646436,nan,nan,nan,10,56629,635.3237740380371,354.3,354.3,32796800,32796800,3543,3902819200,3902819200,406002,False
120,2.34397651955415,0.3517267211027043,2.3522522622063726,0.359958039862131,10.509212592104785,10,66745,672.2243014458011,417.5,417.5,32796800,32796800,4175,3935616000,3935616000,410177,False
121,2.35533253101945,0.35000847366231685,nan,nan,nan,10,64907,791.5850832729906,406.2,406.2,32796800,32796800,4062,3968412800,3968412800,414239,False
122,2.317491101772173,0.35574709130549953,nan,nan,nan,10,49077,569.909203904069,307.4,307.4,32796800,32796800,3074,4001209600,4001209600,417313,False
123,2.3500880899224312,0.35255257655065864,nan,nan,nan,10,75081,850.5313328272133,469.7,469.7,32796800,32796800,4697,4034006400,4034006400,422010,False
124,2.3033449842242266,0.35745318352059924,nan,nan,nan,10,26700,304.207415730337,167.3,167.3,32796800,32796800,1673,4066803200,4066803200,423683,False
125,2.3344240942434453,0.3571590895499181,nan,nan,nan,10,83607,866.6379011326802,523.0,523.0,32796800,32796800,5230,4099600000,4099600000,428913,False
126,2.2853744236823474,0.36763669318296244,nan,nan,nan,10,29793,363.68324774275834,186.6,186.6,32796800,32796800,1866,4132396800,4132396800,430779,False
127,2.3272992390812326,0.35641629969608635,nan,nan,nan,10,64492,749.52929045463,403.6,403.6,32796800,32796800,4036,4165193600,4165193600,434815,False
128,2.3075465782581426,0.35983033540177517,nan,nan,nan,10,63655,684.6692954206268,398.3,398.3,32796800,32796800,3983,4197990400,4197990400,438798,False
129,2.295825642832512,0.3624711034262409,nan,nan,nan,10,53207,414.86967880166134,333.0,333.0,32796800,32796800,3330,4230787200,4230787200,442128,False
130,2.286498081700295,0.36698340874811464,2.306065385923667,0.3709725760527499,10.034863561809825,10,66300,550.8744645550528,414.9,414.9,32796800,32796800,4149,4263584000,4263584000,446277,False
131,2.298618349246964,0.3647260273972603,nan,nan,nan,10,52560,525.4631849315068,329.0,329.0,32796800,32796800,3290,4296380800,4296380800,449567,False
132,2.2849146912050484,0.3656913843481008,nan,nan,nan,10,50652,586.7823580510147,317.1,317.1,32796800,32796800,3171,4329177600,4329177600,452738,False
133,2.2719205391673083,0.3700460175555961,nan,nan,nan,10,49329,564.0836830262118,308.9,308.9,32796800,32796800,3089,4361974400,4361974400,455827,False
134,2.280619379267933,0.3639724299953359,nan,nan,nan,10,57889,638.46483787939,362.2,362.2,32796800,32796800,3622,4394771200,4394771200,459449,False
135,2.2792651858654294,0.3668458201126724,nan,nan,nan,10,77215,824.9634656478663,483.2,483.2,32796800,32796800,4832,4427568000,4427568000,464281,False
136,2.2617508319821056,0.3724202389673378,nan,nan,nan,10,39587,379.5684189254048,247.9,247.9,32796800,32796800,2479,4460364800,4460364800,466760,False
137,2.275647963367874,0.3696636028554099,nan,nan,nan,10,42866,385.8379368263892,268.4,268.4,32796800,32796800,2684,4493161600,4493161600,469444,False
138,2.247089013712252,0.37750173622072103,nan,nan,nan,10,63356,578.8419723467391,396.5,396.5,32796800,32796800,3965,4525958400,4525958400,473409,False
139,2.2922638509703934,0.3698992999348288,nan,nan,nan,10,47567,652.0730968949061,297.8,297.8,32796800,32796800,2978,4558755200,4558755200,476387,False
140,2.2437310135386657,0.37442761922540546,2.2689677966546746,0.37780983066087215,9.669414858826638,10,91067,876.3800059297001,569.6,569.6,32796800,32796800,5696,4591552000,4591552000,482083,False
141,2.261588720316113,0.37204274422319533,nan,nan,nan,10,72618,677.1974303891598,454.2,454.2,32796800,32796800,4542,4624348800,4624348800,486625,False
142,2.23582464454606,0.3780951133237259,nan,nan,nan,10,61064,662.8751965151317,382.1,382.1,32796800,32796800,3821,4657145600,4657145600,490446,False
143,2.226834058373862,0.38056557349421954,nan,nan,nan,10,59338,539.5975765950993,371.5,371.5,32796800,32796800,3715,4689942400,4689942400,494161,False
144,2.2026331281557083,0.38653719718808477,nan,nan,nan,10,79092,1041.0815253122946,494.9,494.9,32796800,32796800,4949,4722739200,4722739200,499110,False
145,2.230581074779704,0.37985483960330213,nan,nan,nan,10,36098,365.7900714721037,226.1,226.1,32796800,32796800,2261,4755536000,4755536000,501371,False
146,2.2255218402325543,0.37924616100511865,nan,nan,nan,10,51576,576.0449046067937,322.8,322.8,32796800,32796800,3228,4788332800,4788332800,504599,False
147,2.2322917011065875,0.37474753303710545,nan,nan,nan,10,51987,689.1350722295958,325.4,325.4,32796800,32796800,3254,4821129600,4821129600,507853,False
148,2.2189744121143478,0.3811986439119692,nan,nan,nan,10,52209,753.2105384129173,326.8,326.8,32796800,32796800,3268,4853926400,4853926400,511121,False
149,2.217591794368223,0.38392788498500807,nan,nan,nan,10,52028,573.8146190512801,325.6,325.6,32796800,32796800,3256,4886723200,4886723200,514377,False
150,2.1827475027525423,0.387792628372259,2.2245852694632178,0.381762325790499,9.249645897712602,10,36437,399.3858715042402,228.2,228.2,32796800,32796800,2282,4919520000,4919520000,516659,False
151,2.206110362085825,0.3856778984451231,nan,nan,nan,10,78913,906.0368633811919,493.7,493.7,32796800,32796800,4937,4952316800,4952316800,521596,False
152,2.189488871034866,0.3851712221174992,nan,nan,nan,10,54111,669.1194766313688,338.8,338.8,32796800,32796800,3388,4985113600,4985113600,524984,False
153,2.183261583215727,0.38543783573878715,nan,nan,nan,10,77255,783.5183742152611,483.3,483.3,32796800,32796800,4833,5017910400,5017910400,529817,False
154,2.1609874713891757,0.39549959992815037,nan,nan,nan,10,61239,957.5852479628994,383.3,383.3,32796800,32796800,3833,5050707200,5050707200,533650,False
155,2.2074253554801855,0.383054334611428,nan,nan,nan,10,32079,278.73400043642255,200.9,200.9,32796800,32796800,2009,5083504000,5083504000,535659,False
156,2.1887533357520956,0.38789708584930427,nan,nan,nan,10,60944,849.6326955893935,381.4,381.4,32796800,32796800,3814,5116300800,5116300800,539473,False
157,2.181193583986973,0.3879618074701802,nan,nan,nan,10,68914,763.4636068142904,431.3,431.3,32796800,32796800,4313,5149097600,5149097600,543786,False
158,2.1583763223493637,0.39071834115033327,nan,nan,nan,10,40510,451.28760799802524,253.8,253.8,32796800,32796800,2538,5181894400,5181894400,546324,False
159,2.1720027827662207,0.3923126084177851,nan,nan,nan,10,32859,357.84856508110414,205.7,205.7,32796800,32796800,2057,5214691200,5214691200,548381,False
160,2.154028104300191,0.397138619252361,2.171341253080844,0.39706653679004944,8.770038997617222,10,53261,662.4764649555959,333.3,333.3,32796800,32796800,3333,5247488000,5247488000,551714,False
161,2.1627833498878863,0.3887052287709552,nan,nan,nan,10,51121,852.8575927700945,319.9,319.9,32796800,32796800,3199,5280284800,5280284800,554913,False
162,2.1373390072686393,0.39937327610125506,nan,nan,nan,10,122542,1077.3187641788122,766.4,766.4,32796800,32796800,7664,5313081600,5313081600,562577,False
163,2.16102572432891,0.39349757303782396,nan,nan,nan,10,54595,558.600879201392,341.6,341.6,32796800,32796800,3416,5345878400,5345878400,565993,False
164,2.1152737138592608,0.4044230649091023,nan,nan,nan,10,80035,876.6390204285626,500.7,500.7,32796800,32796800,5007,5378675200,5378675200,571000,False
165,2.1169656416130045,0.40220393133697946,nan,nan,nan,10,36934,497.8495695023555,231.4,231.4,32796800,32796800,2314,5411472000,5411472000,573314,False
166,2.1485657642610287,0.39487384135391534,nan,nan,nan,10,55129,715.4469154165685,345.0,345.0,32796800,32796800,3450,5444268800,5444268800,576764,False
167,2.133369222885422,0.40064764669756014,nan,nan,nan,10,53733,469.7749055515233,336.3,336.3,32796800,32796800,3363,5477065600,5477065600,580127,False
168,2.119192097217485,0.4008592031913261,nan,nan,nan,10,58659,542.3367087744421,367.1,367.1,32796800,32796800,3671,5509862400,5509862400,583798,False
169,2.108947117310195,0.4008561080013171,nan,nan,nan,10,60740,626.0496707276918,379.9,379.9,32796800,32796800,3799,5542659200,5542659200,587597,False
170,2.127034772287896,0.39971392977437364,2.130824547487096,0.40188071332234376,8.42180813005389,10,43346,529.1905827527339,271.5,271.5,32796800,32796800,2715,5575456000,5575456000,590312,False
171,2.121267239976146,0.40076784940243976,nan,nan,nan,10,48447,576.9065370404772,303.3,303.3,32796800,32796800,3033,5608252800,5608252800,593345,False
172,2.142431737035479,0.3981912728917025,nan,nan,nan,10,44230,371.2159620167307,276.8,276.8,32796800,32796800,2768,5641049600,5641049600,596113,False
173,2.123226050451026,0.4007047134935305,nan,nan,nan,10,51936,479.66064001848434,325.1,325.1,32796800,32796800,3251,5673846400,5673846400,599364,False
174,2.1102617429026047,0.4058687825509455,nan,nan,nan,10,57218,647.9684015519592,358.1,358.1,32796800,32796800,3581,5706643200,5706643200,602945,False
175,2.1196722007068103,0.40181015879150966,nan,nan,nan,10,31047,291.8642058814056,194.5,194.5,32796800,32796800,1945,5739440000,5739440000,604890,False
176,2.13565271489063,0.3994790746953911,nan,nan,nan,10,45304,577.060259579728,283.7,283.7,32796800,32796800,2837,5772236800,5772236800,607727,False
177,2.0849682093174775,0.4084535481120858,nan,nan,nan,10,44573,481.92226235613487,278.9,278.9,32796800,32796800,2789,5805033600,5805033600,610516,False
178,2.0382069475981077,0.42163987374293477,nan,nan,nan,10,54492,936.4758680173236,341.0,341.0,32796800,32796800,3410,5837830400,5837830400,613926,False
179,2.061702330792512,0.41488373635850995,nan,nan,nan,10,60294,542.1574783560553,377.2,377.2,32796800,32796800,3772,5870627200,5870627200,617698,False
180,2.0796225173076723,0.407192709605275,2.0952537912274165,0.41373819871122436,8.12750339755167,10,77801,790.1310780067093,486.7,486.7,32796800,32796800,4867,5903424000,5903424000,622565,False
181,2.0832629038401773,0.4105572342544607,nan,nan,nan,10,59239,578.7572038690727,370.6,370.6,32796800,32796800,3706,5936220800,5936220800,626271,False
182,2.0657863450899576,0.41345868675484904,nan,nan,nan,10,67436,686.7536479031971,421.8,421.8,32796800,32796800,4218,5969017600,5969017600,630489,False
183,2.0671587338333617,0.4132280382590479,nan,nan,nan,10,72558,816.5143333608975,453.9,453.9,32796800,32796800,4539,6001814400,6001814400,635028,False
184,2.040569101023433,0.41824821716126065,nan,nan,nan,10,34776,341.3341097308488,217.9,217.9,32796800,32796800,2179,6034611200,6034611200,637207,False
185,2.0622359715292635,0.4177034915567241,nan,nan,nan,10,63897,605.185517316932,399.8,399.8,32796800,32796800,3998,6067408000,6067408000,641205,False
186,2.1024399772357234,0.40688981940555397,nan,nan,nan,10,38927,411.1031417782002,243.9,243.9,32796800,32796800,2439,6100204800,6100204800,643644,False
187,2.070473567056543,0.41182661477837335,nan,nan,nan,10,40857,582.9105905964706,255.8,255.8,32796800,32796800,2558,6133001600,6133001600,646202,False
188,2.090531424436422,0.41175405507355717,nan,nan,nan,10,66275,793.6960844964165,414.8,414.8,32796800,32796800,4148,6165798400,6165798400,650350,False
189,2.029872084700593,0.4208488029701703,nan,nan,nan,10,62488,1092.8919472538728,391.1,391.1,32796800,32796800,3911,6198595200,6198595200,654261,False
190,2.080623013905383,0.4124207858048162,2.05739995844804,0.41995729057395476,7.825596460052171,10,43395,401.1629680838806,271.6,271.6,32796800,32796800,2716,6231392000,6231392000,656977,False
191,2.0410044853810256,0.4189338886919532,nan,nan,nan,10,45136,480.244616270826,282.6,282.6,32796800,32796800,2826,6264188800,6264188800,659803,False
192,2.049832493041845,0.41594943350030605,nan,nan,nan,10,80053,741.4956341423807,500.8,500.8,32796800,32796800,5008,6296985600,6296985600,664811,False
193,2.0494918148400245,0.4174884009460175,nan,nan,nan,10,77377,841.7983767786291,484.0,484.0,32796800,32796800,4840,6329782400,6329782400,669651,False
194,2.0113780021424064,0.4258540799497369,nan,nan,nan,10,63665,926.0648079792664,398.4,398.4,32796800,32796800,3984,6362579200,6362579200,673635,False
195,2.042246440783896,0.41602520967027196,nan,nan,nan,10,60929,627.8362520310525,381.2,381.2,32796800,32796800,3812,6395376000,6395376000,677447,False
196,2.039797542056234,0.41903864278982095,nan,nan,nan,10,63660,626.1103989946591,398.4,398.4,32796800,32796800,3984,6428172800,6428172800,681431,False
197,1.994869681514153,0.4297009482129832,nan,nan,nan,10,34275,329.82730853391683,214.8,214.8,32796800,32796800,2148,6460969600,6460969600,683579,False
198,2.0284091977644327,0.4193562797346497,nan,nan,nan,10,44771,520.8112394183735,280.3,280.3,32796800,32796800,2803,6493766400,6493766400,686382,False
199,2.0269772940171267,0.4201615930147567,nan,nan,nan,10,50621,480.4750004938661,316.8,316.8,32796800,32796800,3168,6526563200,6526563200,689550,False
200,2.038959081346018,0.417432225524633,2.027162405784638,0.42342274838903043,7.592511296485774,10,44412,523.706025398541,278.0,278.0,32796800,32796800,2780,6559360000,6559360000,692330,False
201,1.9813542787431215,0.43161256736031967,nan,nan,nan,10,71073,935.4685042139771,444.7,444.7,32796800,32796800,4447,6592156800,6592156800,696777,False
202,1.9877542423850711,0.42813956876456877,nan,nan,nan,10,27456,240.78150495337994,172.0,172.0,32796800,32796800,1720,6624953600,6624953600,698497,False
203,2.0215895076563695,0.4204255674929978,nan,nan,nan,10,47842,394.8583671251202,299.3,299.3,32796800,32796800,2993,6657750400,6657750400,701490,False
204,2.0213187676776787,0.4197266514806378,nan,nan,nan,10,43900,555.8784965831435,274.7,274.7,32796800,32796800,2747,6690547200,6690547200,704237,False
205,2.0264430519030148,0.42157677728270265,nan,nan,nan,10,60148,642.2682050941013,376.4,376.4,32796800,32796800,3764,6723344000,6723344000,708001,False
206,1.999320762493192,0.43009222729565766,nan,nan,nan,10,77309,1093.7104347488648,483.7,483.7,32796800,32796800,4837,6756140800,6756140800,712838,False
207,2.0219070885944657,0.42174511423066335,nan,nan,nan,10,54495,539.2614735296817,341.0,341.0,32796800,32796800,3410,6788937600,6788937600,716248,False
208,2.007557905325955,0.42324259131633357,nan,nan,nan,10,46432,540.6670184355617,290.9,290.9,32796800,32796800,2909,6821734400,6821734400,719157,False
209,2.023659122689198,0.419853047807802,nan,nan,nan,10,41374,528.8877072557644,259.1,259.1,32796800,32796800,2591,6854531200,6854531200,721748,False
210,2.0060367503836436,0.42489657443062256,1.9976297203754532,0.43046605724561665,7.3715627101164065,10,69857,678.0061268018952,437.1,437.1,32796800,32796800,4371,6887328000,6887328000,726119,False
211,1.977268342179724,0.4308933228212748,nan,nan,nan,10,65956,560.2577021044332,412.6,412.6,32796800,32796800,4126,6920124800,6920124800,730245,False
212,1.9954247206334796,0.42725173210161665,nan,nan,nan,10,51960,444.35411855273287,325.2,325.2,32796800,32796800,3252,6952921600,6952921600,733497,False
213,1.997347055096591,0.4271253071253071,nan,nan,nan,10,61050,812.8976085176087,382.1,382.1,32796800,32796800,3821,6985718400,6985718400,737318,False
214,2.0164486171228266,0.4247428303058767,nan,nan,nan,10,66007,691.616722468829,413.1,413.1,32796800,32796800,4131,7018515200,7018515200,741449,False
215,2.008410778517487,0.4238287123353581,nan,nan,nan,10,66508,763.5562188007458,416.1,416.1,32796800,32796800,4161,7051312000,7051312000,745610,False
216,1.9772951788359263,0.43265591818818144,nan,nan,nan,10,84291,769.2395154880118,527.3,527.3,32796800,32796800,5273,7084108800,7084108800,750883,False
217,1.94362789634502,0.4399052936990201,nan,nan,nan,10,73068,968.2793288443643,457.1,457.1,32796800,32796800,4571,7116905600,7116905600,755454,False
218,1.9638544718380537,0.4323233440230012,nan,nan,nan,10,54258,591.1016071362749,339.4,339.4,32796800,32796800,3394,7149702400,7149702400,758848,False
219,1.9599833611058022,0.43528306319003995,nan,nan,nan,10,59598,606.1062451760125,372.9,372.9,32796800,32796800,3729,7182499200,7182499200,762577,False
220,1.9779557684747733,0.43059801235989253,1.9728218442618748,0.4355237524351866,7.190939596871344,10,75567,875.1950322230604,472.8,472.8,32796800,32796800,4728,7215296000,7215296000,767305,False
221,1.975207341624892,0.43242292608290395,nan,nan,nan,10,56861,719.5015212535832,355.8,355.8,32796800,32796800,3558,7248092800,7248092800,770863,False
222,1.9669072780165737,0.43259734285791596,nan,nan,nan,10,73914,875.0183862326489,462.5,462.5,32796800,32796800,4625,7280889600,7280889600,775488,False
223,1.9892459410739562,0.43242365172189734,nan,nan,nan,10,49248,458.83453135152695,308.3,308.3,32796800,32796800,3083,7313686400,7313686400,778571,False
224,1.9700216385629807,0.43660846040334483,nan,nan,nan,10,32528,366.6896212493852,203.8,203.8,32796800,32796800,2038,7346483200,7346483200,780609,False
225,1.944355936698886,0.4425280214727738,nan,nan,nan,10,80474,971.1632949772597,503.4,503.4,32796800,32796800,5034,7379280000,7379280000,785643,False
226,1.9254728352175865,0.4449486597700265,nan,nan,nan,10,78009,905.9576715507185,488.0,488.0,32796800,32796800,4880,7412076800,7412076800,790523,False
227,1.9263173161512426,0.4440271579846537,nan,nan,nan,10,67899,613.0340358473615,424.9,424.9,32796800,32796800,4249,7444873600,7444873600,794772,False
228,1.9543678805149909,0.4374669440428758,nan,nan,nan,10,85083,788.6732602282477,532.3,532.3,32796800,32796800,5323,7477670400,7477670400,800095,False
229,1.915329299668199,0.44565217391304346,nan,nan,nan,10,70104,933.4193769257104,438.7,438.7,32796800,32796800,4387,7510467200,7510467200,804482,False
230,1.933074900154482,0.43837245799811675,1.9430246760100953,0.44172411209351115,6.979830801516742,10,60533,722.5100854079592,378.8,378.8,32796800,32796800,3788,7543264000,7543264000,808270,False
231,1.929945750790331,0.4414563053401529,nan,nan,nan,10,54549,619.166785825588,341.3,341.3,32796800,32796800,3413,7576060800,7576060800,811683,False
232,1.9136889996364217,0.4438349316600234,nan,nan,nan,10,76017,703.3781785653209,475.5,475.5,32796800,32796800,4755,7608857600,7608857600,816438,False
233,1.9521242199239752,0.43643973627676125,nan,nan,nan,10,80994,787.9360199520952,506.7,506.7,32796800,32796800,5067,7641654400,7641654400,821505,False
234,1.924727820853837,0.445053715308863,nan,nan,nan,10,53616,479.48953670546115,335.5,335.5,32796800,32796800,3355,7674451200,7674451200,824860,False
235,1.9302239856631211,0.44718815006097123,nan,nan,nan,10,55764,601.673570762499,348.9,348.9,32796800,32796800,3489,7707248000,7707248000,828349,False
236,1.9566349879605496,0.4336985752703553,nan,nan,nan,10,69908,679.5770870286663,437.3,437.3,32796800,32796800,4373,7740044800,7740044800,832722,False
237,1.9391797541365823,0.4396909211544841,nan,nan,nan,10,72344,653.2796638283755,452.6,452.6,32796800,32796800,4526,7772841600,7772841600,837248,False
238,1.9133604083284084,0.4466439202306018,nan,nan,nan,10,67996,687.6650097064535,425.4,425.4,32796800,32796800,4254,7805638400,7805638400,841502,False
239,1.9448660613310218,0.438990099009901,nan,nan,nan,10,50500,492.7301584158415,316.1,316.1,32796800,32796800,3161,7838435200,7838435200,844663,False
240,1.9218581639078427,0.4464940616423384,1.9103922941115563,0.44854263449722764,6.75573851520191,10,82346,763.9059213562286,515.1,515.1,32796800,32796800,5151,7871232000,7871232000,849814,False
241,1.8950265913943838,0.4512323819797847,nan,nan,nan,10,42641,430.33277831195335,266.9,266.9,32796800,32796800,2669,7904028800,7904028800,852483,False
242,1.9206261878297874,0.44761961937923994,nan,nan,nan,10,49971,559.3112805427147,312.8,312.8,32796800,32796800,3128,7936825600,7936825600,855611,False
243,1.9144698133607867,0.4503457939700764,nan,nan,nan,10,22123,170.35682321565793,138.8,138.8,32796800,32796800,1388,7969622400,7969622400,856999,False
244,1.9032591737405613,0.4507947243828204,nan,nan,nan,10,26613,344.8194491413972,166.9,166.9,32796800,32796800,1669,8002419200,8002419200,858668,False
245,1.9238937869111694,0.44344542036969664,nan,nan,nan,10,57723,587.1154652391594,361.1,361.1,32796800,32796800,3611,8035216000,8035216000,862279,False
246,1.9265337864116885,0.4425019234232022,nan,nan,nan,10,61089,792.9683576421285,382.4,382.4,32796800,32796800,3824,8068012800,8068012800,866103,False
247,1.9039502531625245,0.4459526843592443,nan,nan,nan,10,36098,462.0696160452103,226.1,226.1,32796800,32796800,2261,8100809600,8100809600,868364,False
248,1.9039787580735086,0.44777194904017986,nan,nan,nan,10,34694,335.14757594973196,217.3,217.3,32796800,32796800,2173,8133606400,8133606400,870537,False
249,1.908903501818106,0.44952023362536503,nan,nan,nan,10,62322,669.4569493918681,390.1,390.1,32796800,32796800,3901,8166403200,8166403200,874438,False
250,1.9158670397658466,0.44904667981591057,1.8944957965177414,0.4525887906488836,6.649195012028518,10,41067,390.32074414980394,257.1,257.1,32796800,32796800,2571,8199200000,8199200000,877009,False
251,1.896543136881257,0.45144031677901036,nan,nan,nan,10,33083,334.18946286612464,207.2,207.2,32796800,32796800,2072,8231996800,8231996800,879081,False
252,1.9033867325949547,0.447373103220395,nan,nan,nan,10,39343,419.96703352565896,246.4,246.4,32796800,32796800,2464,8264793600,8264793600,881545,False
253,1.8908289148090123,0.4538700158886283,nan,nan,nan,10,66085,626.1375803888932,413.5,413.5,32796800,32796800,4135,8297590400,8297590400,885680,False
254,1.9349496751344457,0.443498109222226,nan,nan,nan,10,58706,708.6362382039314,367.4,367.4,32796800,32796800,3674,8330387200,8330387200,889354,False
255,1.9024899932035402,0.45040480883574696,nan,nan,nan,10,61387,659.2394643817095,384.0,384.0,32796800,32796800,3840,8363184000,8363184000,893194,False
256,1.8960564913149784,0.4521363219139549,nan,nan,nan,10,33773,380.1891747845913,211.6,211.6,32796800,32796800,2116,8395980800,8395980800,895310,False
257,1.8782495707544906,0.4568306010928962,nan,nan,nan,10,21960,208.53342440801455,137.7,137.7,32796800,32796800,1377,8428777600,8428777600,896687,False
258,1.8896006420949496,0.45133439862624913,nan,nan,nan,10,41929,482.66123685277495,262.6,262.6,32796800,32796800,2626,8461574400,8461574400,899313,False
259,1.8873786537882338,0.4526156588435466,nan,nan,nan,10,74054,1145.831609366138,463.2,463.2,32796800,32796800,4632,8494371200,8494371200,903945,False
260,1.8971073469604878,0.45352807828058195,1.8794666241977804,0.4568035366401918,6.550010313314679,10,34849,286.61037619443886,218.2,218.2,32796800,32796800,2182,8527168000,8527168000,906127,False
261,1.8694444669290815,0.457022588691796,nan,nan,nan,10,57728,698.9103381374723,361.3,361.3,32796800,32796800,3613,8559964800,8559964800,909740,False
262,1.8869347227180715,0.4550767403092606,nan,nan,nan,10,52189,567.1005001053861,326.7,326.7,32796800,32796800,3267,8592761600,8592761600,913007,False
263,1.8570593099453168,0.46328054638246774,nan,nan,nan,10,53296,536.9291504052837,333.6,333.6,32796800,32796800,3336,8625558400,8625558400,916343,False
264,1.8905891615238015,0.45222572730459165,nan,nan,nan,10,57060,511.5433052926744,357.1,357.1,32796800,32796800,3571,8658355200,8658355200,919914,False
265,1.8423118647950154,0.46491986269231717,nan,nan,nan,10,40493,406.18269824414097,253.5,253.5,32796800,32796800,2535,8691152000,8691152000,922449,False
266,1.8798663406361886,0.4543463703328326,nan,nan,nan,10,55253,572.0587117441587,345.9,345.9,32796800,32796800,3459,8723948800,8723948800,925908,False
267,1.8633774021549487,0.4580533638163214,nan,nan,nan,10,35867,388.5626062954806,224.7,224.7,32796800,32796800,2247,8756745600,8756745600,928155,False
268,1.8714195966609088,0.456022283669486,nan,nan,nan,10,49184,690.4619388418998,307.9,307.9,32796800,32796800,3079,8789542400,8789542400,931234,False
269,1.8661647181207959,0.4617721282362838,nan,nan,nan,10,42796,344.3865080848678,268.0,268.0,32796800,32796800,2680,8822339200,8822339200,933914,False
270,1.8773649060613609,0.455168404735062,1.8659012250129954,0.4594822418702233,6.461756759458377,10,56768,595.9017756482526,355.3,355.3,32796800,32796800,3553,8855136000,8855136000,937467,False
271,1.8818159556285214,0.4554654953812715,nan,nan,nan,10,44168,628.0338706756022,276.6,276.6,32796800,32796800,2766,8887932800,8887932800,940233,False
272,1.8646555245828211,0.45983275156324555,nan,nan,nan,10,39821,541.9913362296277,249.3,249.3,32796800,32796800,2493,8920729600,8920729600,942726,False
273,1.8482427099665806,0.4642291147837899,nan,nan,nan,10,53004,540.508848388801,331.7,331.7,32796800,32796800,3317,8953526400,8953526400,946043,False
274,1.8851482489517726,0.45438743823604083,nan,nan,nan,10,51203,545.5629552955883,320.5,320.5,32796800,32796800,3205,8986323200,8986323200,949248,False
275,1.8510882471564727,0.46002914822411745,nan,nan,nan,10,74104,820.1528797365864,463.7,463.7,32796800,32796800,4637,9019120000,9019120000,953885,False
276,1.8938851957749114,0.45443516533122674,nan,nan,nan,10,35444,304.3686378512583,222.2,222.2,32796800,32796800,2222,9051916800,9051916800,956107,False
277,1.8413723254253047,0.4619060957249396,nan,nan,nan,10,57122,600.944364693113,357.5,357.5,32796800,32796800,3575,9084713600,9084713600,959682,False
278,1.8760863489110498,0.4528792695989255,nan,nan,nan,10,58817,704.4652056378259,368.1,368.1,32796800,32796800,3681,9117510400,9117510400,963363,False
279,1.85172185748135,0.4627598275641299,nan,nan,nan,10,46858,612.6729693969013,293.3,293.3,32796800,32796800,2933,9150307200,9150307200,966296,False
280,1.8489642493152096,0.46285474699300333,1.8610332556326814,0.4612056046755582,6.4303775638583485,10,38161,370.54076151044256,239.0,239.0,32796800,32796800,2390,9183104000,9183104000,968686,False
281,1.8290467371463885,0.46735713216380637,nan,nan,nan,10,73477,954.6481756195815,459.7,459.7,32796800,32796800,4597,9215900800,9215900800,973283,False
282,1.8461290195824547,0.4631517303222737,nan,nan,nan,10,54643,593.1845250077778,342.0,342.0,32796800,32796800,3420,9248697600,9248697600,976703,False
283,1.8339253060895688,0.4681274900398406,nan,nan,nan,10,48192,445.47572211155375,301.6,301.6,32796800,32796800,3016,9281494400,9281494400,979719,False
284,1.85450326280302,0.4622107823725745,nan,nan,nan,10,70708,798.2738728290999,442.5,442.5,32796800,32796800,4425,9314291200,9314291200,984144,False
285,1.8259040586165574,0.46848598845920875,nan,nan,nan,10,31367,352.6276022571492,196.4,196.4,32796800,32796800,1964,9347088000,9347088000,986108,False
286,1.8509750647577274,0.4618357917185001,nan,nan,nan,10,45016,414.7237426692731,281.8,281.8,32796800,32796800,2818,9379884800,9379884800,988926,False
287,1.8329284311601417,0.4663020002825828,nan,nan,nan,10,49543,579.8166643118099,310.1,310.1,32796800,32796800,3101,9412681600,9412681600,992027,False
288,1.8249746188552307,0.4670401881441516,nan,nan,nan,10,57828,699.3545687210346,361.9,361.9,32796800,32796800,3619,9445478400,9445478400,995646,False
289,1.8421078777597948,0.4611155521477397,nan,nan,nan,10,61297,695.1772354275087,383.5,383.5,32796800,32796800,3835,9478275200,9478275200,999481,False
290,1.848801027702441,0.4645313895392339,1.877734283198307,0.45489285179079875,6.538673284537039,10,41431,666.663850739784,259.4,259.4,32796800,32796800,2594,9511072000,9511072000,1002075,False
291,1.8465993844104136,0.4659801483065622,nan,nan,nan,10,43019,617.5302540737813,269.3,269.3,32796800,32796800,2693,9543868800,9543868800,1004768,False
292,1.8538806567867665,0.4616159987097815,nan,nan,nan,10,49604,615.9798201757923,310.6,310.6,32796800,32796800,3106,9576665600,9576665600,1007874,False
293,1.8456456810401571,0.4636219031224805,nan,nan,nan,10,45893,423.9958381452509,287.3,287.3,32796800,32796800,2873,9609462400,9609462400,1010747,False
294,1.8275441431229387,0.46913953884275633,nan,nan,nan,10,52867,726.9456371649612,330.8,330.8,32796800,32796800,3308,9642259200,9642259200,1014055,False
295,1.8506913958820808,0.46360673123411156,nan,nan,nan,10,64119,718.2957313744755,401.2,401.2,32796800,32796800,4012,9675056000,9675056000,1018067,False
296,1.8388760472652603,0.46939255895099763,nan,nan,nan,10,72221,678.4491076002824,451.8,451.8,32796800,32796800,4518,9707852800,9707852800,1022585,False
297,1.8049695621984692,0.4765562365841674,nan,nan,nan,10,77334,1070.837173817467,483.9,483.9,32796800,32796800,4839,9740649600,9740649600,1027424,False
298,1.8203737423705224,0.4710761660959473,nan,nan,nan,10,60158,493.2648359320456,376.4,376.4,32796800,32796800,3764,9773446400,9773446400,1031188,False
299,1.8191898756076073,0.4727831531018782,nan,nan,nan,10,43925,478.4188958451907,274.9,274.9,32796800,32796800,2749,9806243200,9806243200,1033937,False
300,1.8151441898681226,0.47105662610306415,1.8282790822852735,0.4674996253559119,6.223167878257243,10,77738,1106.108801358409,486.4,486.4,32796800,32796800,4864,9839040000,9839040000,1038801,False
301,1.8258532670261938,0.46591858660618357,nan,nan,nan,10,33508,494.5100274561299,209.9,209.9,32796800,32796800,2099,9871836800,9871836800,1040900,False
302,1.7650020265322002,0.48686011904761906,nan,nan,nan,10,67200,942.5373214285714,420.6,420.6,32796800,32796800,4206,9904633600,9904633600,1045106,False
303,1.8207696981611694,0.4735518747839205,nan,nan,nan,10,31817,292.25445516547757,199.4,199.4,32796800,32796800,1994,9937430400,9937430400,1047100,False
304,1.8056767688602997,0.47118202015648647,nan,nan,nan,10,62114,558.284509128377,388.7,388.7,32796800,32796800,3887,9970227200,9970227200,1050987,False
305,1.8275743314228643,0.47121757876836146,nan,nan,nan,10,74681,811.6165289698853,467.2,467.2,32796800,32796800,4672,10003024000,10003024000,1055659,False
306,1.816912038912336,0.47061520286354097,nan,nan,nan,10,56713,721.2120677798741,354.8,354.8,32796800,32796800,3548,10035820800,10035820800,1059207,False
307,1.7990513376350192,0.4757904746810365,nan,nan,nan,10,63095,493.83244314129485,394.8,394.8,32796800,32796800,3948,10068617600,10068617600,1063155,False
308,1.8242301157043144,0.46843053647570965,nan,nan,nan,10,56051,582.42161602826,350.8,350.8,32796800,32796800,3508,10101414400,10101414400,1066663,False
309,1.7990769687095383,0.47627777915417585,nan,nan,nan,10,40363,407.448851671085,252.7,252.7,32796800,32796800,2527,10134211200,10134211200,1069190,False
310,1.787125916759196,0.4770348089367344,1.8022229851908935,0.4770905140116889,6.063110699878763,10,50533,439.75014347060335,316.4,316.4,32796800,32796800,3164,10167008000,10167008000,1072354,False
311,1.798145696527866,0.4759831793413883,nan,nan,nan,10,33768,385.70966595593455,211.6,211.6,32796800,32796800,2116,10199804800,10199804800,1074470,False
312,1.8103898848571334,0.47747488551631545,nan,nan,nan,10,41709,346.5857009278574,261.1,261.1,32796800,32796800,2611,10232601600,10232601600,1077081,False
313,1.8105884587134375,0.47705255704676386,nan,nan,nan,10,62142,583.8356023301471,388.9,388.9,32796800,32796800,3889,10265398400,10265398400,1080970,False
314,1.8159436553096377,0.47514824373042297,nan,nan,nan,10,50761,547.5782982998759,317.7,317.7,32796800,32796800,3177,10298195200,10298195200,1084147,False
315,1.8205915517969662,0.4724238149463773,nan,nan,nan,10,58837,599.2372996583782,368.3,368.3,32796800,32796800,3683,10330992000,10330992000,1087830,False
316,1.8079332795224972,0.47232370579720134,nan,nan,nan,10,43521,447.6116817168724,272.4,272.4,32796800,32796800,2724,10363788800,10363788800,1090554,False
317,1.7714500394343062,0.48640142717694973,nan,nan,nan,10,59418,914.4321586051364,371.9,371.9,32796800,32796800,3719,10396585600,10396585600,1094273,False
318,1.7902695115285223,0.4808295315380785,nan,nan,nan,10,74307,729.0097029889512,464.8,464.8,32796800,32796800,4648,10429382400,10429382400,1098921,False
319,1.817844530124559,0.4741369826846494,nan,nan,nan,10,45451,434.87291808761086,284.6,284.6,32796800,32796800,2846,10462179200,10462179200,1101767,False
320,1.806445719623488,0.4773308532899326,1.7916720188952058,0.48001273789899596,5.999475320944918,10,51612,593.6872820274356,323.1,323.1,32796800,32796800,3231,10494976000,10494976000,1104998,False
321,1.7798443723586246,0.4817610504511463,nan,nan,nan,10,28483,343.5393392549943,178.5,178.5,32796800,32796800,1785,10527772800,10527772800,1106783,False
322,1.7885590477996012,0.48072169414642846,nan,nan,nan,10,39241,383.22002497387933,245.7,245.7,32796800,32796800,2457,10560569600,10560569600,1109240,False
323,1.770029596595322,0.48614556135770237,nan,nan,nan,10,61280,587.337842689295,383.5,383.5,32796800,32796800,3835,10593366400,10593366400,1113075,False
324,1.7776733327278817,0.4869920081618772,nan,nan,nan,10,47048,425.824753443292,294.3,294.3,32796800,32796800,2943,10626163200,10626163200,1116018,False
325,1.7913638620993024,0.47952059576448686,nan,nan,nan,10,51564,539.3975835854471,322.8,322.8,32796800,32796800,3228,10658960000,10658960000,1119246,False
326,1.783263680844826,0.47848800394005486,nan,nan,nan,10,56852,551.1652008724407,355.9,355.9,32796800,32796800,3559,10691756800,10691756800,1122805,False
327,1.8037808374474242,0.4764283703912187,nan,nan,nan,10,56848,602.573441457923,355.7,355.7,32796800,32796800,3557,10724553600,10724553600,1126362,False
328,1.8107678045994497,0.4776700944489655,nan,nan,nan,10,40551,531.1538309782743,254.1,254.1,32796800,32796800,2541,10757350400,10757350400,1128903,False
329,1.7911631514164277,0.4791671573592105,nan,nan,nan,10,42457,384.99698518501066,265.8,265.8,32796800,32796800,2658,10790147200,10790147200,1131561,False
330,1.7475519015007417,0.488598476552043,1.7908027932755721,0.47823317848044355,5.994262689096368,10,82182,1076.6197099121464,514.1,514.1,32796800,32796800,5141,10822944000,10822944000,1136702,False
331,1.7989009793226314,0.4757302974141735,nan,nan,nan,10,67986,570.5944606242462,425.4,425.4,32796800,32796800,4254,10855740800,10855740800,1140956,False
332,1.7720417013254715,0.48256446101273687,nan,nan,nan,10,51504,622.3860476856166,322.5,322.5,32796800,32796800,3225,10888537600,10888537600,1144181,False
333,1.7706195007532421,0.4855321423118033,nan,nan,nan,10,52392,626.8719270117576,327.8,327.8,32796800,32796800,3278,10921334400,10921334400,1147459,False
334,1.7814453375958905,0.48289086005580933,nan,nan,nan,10,64147,644.3998004583224,401.3,401.3,32796800,32796800,4013,10954131200,10954131200,1151472,False
335,1.77062028328169,0.48445411392405063,nan,nan,nan,10,25280,224.75268987341772,158.4,158.4,32796800,32796800,1584,10986928000,10986928000,1153056,False
336,1.7822770918574007,0.4812043344746038,nan,nan,nan,10,56662,565.1422646570894,354.6,354.6,32796800,32796800,3546,11019724800,11019724800,1156602,False
337,1.7643274787249186,0.4845821467151134,nan,nan,nan,10,61098,741.0565975973026,382.4,382.4,32796800,32796800,3824,11052521600,11052521600,1160426,False
338,1.7884471603233658,0.47977501196744854,nan,nan,nan,10,41780,335.9012206797511,261.5,261.5,32796800,32796800,2615,11085318400,11085318400,1163041,False
339,1.7696449231572424,0.4821749087082998,nan,nan,nan,10,64628,712.3355511542985,404.3,404.3,32796800,32796800,4043,11118115200,11118115200,1167084,False
340,1.7583137317078181,0.4847047896068343,1.7683505186626582,0.4839839652330286,5.86117748061494,10,81823,762.5178250614131,511.9,511.9,32796800,32796800,5119,11150912000,11150912000,1172203,False
341,1.781634254699217,0.4807860120875214,nan,nan,nan,10,30941,329.25283604279105,193.9,193.9,32796800,32796800,1939,11183708800,11183708800,1174142,False
342,1.7575716979282843,0.48709023172854243,nan,nan,nan,10,69521,946.7577422649273,435.1,435.1,32796800,32796800,4351,11216505600,11216505600,1178493,False
343,1.7656698038486942,0.4830478755488224,nan,nan,nan,10,71289,640.6548555878186,446.0,446.0,32796800,32796800,4460,11249302400,11249302400,1182953,False
344,1.72189783705205,0.49751197321202256,nan,nan,nan,10,74959,988.4900278819086,468.9,468.9,32796800,32796800,4689,11282099200,11282099200,1187642,False
345,1.70962539823303,0.4968106726764191,nan,nan,nan,10,49697,445.410386944886,311.1,311.1,32796800,32796800,3111,11314896000,11314896000,1190753,False
346,1.7766998668717247,0.4826670226256424,nan,nan,nan,10,74915,790.7642127744776,468.7,468.7,32796800,32796800,4687,11347692800,11347692800,1195440,False
347,1.7611476911614734,0.4858394859944767,nan,nan,nan,10,70972,608.5369723271149,444.0,444.0,32796800,32796800,4440,11380489600,11380489600,1199880,False
348,1.7387337246563248,0.49045748266460576,nan,nan,nan,10,46581,586.5131276700799,291.6,291.6,32796800,32796800,2916,11413286400,11413286400,1202796,False
349,1.7670499676547868,0.48174239755782555,nan,nan,nan,10,25551,279.25505851043016,160.2,160.2,32796800,32796800,1602,11446083200,11446083200,1204398,False
350,1.7356248244344272,0.4921956295525494,1.7581449239557336,0.4878615315450322,5.801664876043102,10,41323,489.0447692568303,258.7,258.7,32796800,32796800,2587,11478880000,11478880000,1206985,False
351,1.7560405237874286,0.4864223997921133,nan,nan,nan,10,30786,385.0453777691159,192.9,192.9,32796800,32796800,1929,11511676800,11511676800,1208914,False
352,1.76924822978846,0.4854429256169004,nan,nan,nan,10,56330,465.9116279069767,352.5,352.5,32796800,32796800,3525,11544473600,11544473600,1212439,False
353,1.743694630103388,0.4897159800249688,nan,nan,nan,10,64080,782.4151373283395,400.9,400.9,32796800,32796800,4009,11577270400,11577270400,1216448,False
354,1.7634226448410582,0.4862388867413993,nan,nan,nan,10,51740,671.5493042133745,323.8,323.8,32796800,32796800,3238,11610067200,11610067200,1219686,False
355,1.7567692542200741,0.4856336275987464,nan,nan,nan,10,83598,845.2848871982584,523.0,523.0,32796800,32796800,5230,11642864000,11642864000,1224916,False
356,1.7436761697003524,0.49264705882352944,nan,nan,nan,10,22032,196.87627087872187,138.2,138.2,32796800,32796800,1382,11675660800,11675660800,1226298,False
357,1.7327299689295579,0.49518475513967625,nan,nan,nan,10,43923,391.37206019625245,274.9,274.9,32796800,32796800,2749,11708457600,11708457600,1229047,False
358,1.7104819171818293,0.4989697231546412,nan,nan,nan,10,60178,924.1235002824952,376.5,376.5,32796800,32796800,3765,11741254400,11741254400,1232812,False
359,1.7481843537324542,0.48996284446279287,nan,nan,nan,10,116268,1101.1521570853547,727.2,727.2,32796800,32796800,7272,11774051200,11774051200,1240084,False
360,1.7950774968480747,0.4775113566400985,1.7469773293970658,0.49052150457065785,5.73723466976996,10,60097,765.5066143068705,376.2,376.2,32796800,32796800,3762,11806848000,11806848000,1243846,False
361,1.743044473910127,0.48986860373865626,nan,nan,nan,10,49697,452.43501619816084,311.0,311.0,32796800,32796800,3110,11839644800,11839644800,1246956,False
362,1.7537031849939788,0.48705806889786063,nan,nan,nan,10,53006,580.4243859185752,331.7,331.7,32796800,32796800,3317,11872441600,11872441600,1250273,False
363,1.75372307220586,0.48951126431121506,nan,nan,nan,10,81230,774.7874923057983,508.2,508.2,32796800,32796800,5082,11905238400,11905238400,1255355,False
364,1.7477848404297642,0.4907806983130639,nan,nan,nan,10,43333,487.7122285556043,271.4,271.4,32796800,32796800,2714,11938035200,11938035200,1258069,False
365,1.7134634871526908,0.49837144718346077,nan,nan,nan,10,58334,561.5596221757467,365.1,365.1,32796800,32796800,3651,11970832000,11970832000,1261720,False
366,1.7093904468693024,0.498227714377059,nan,nan,nan,10,71941,982.8524346339361,450.2,450.2,32796800,32796800,4502,12003628800,12003628800,1266222,False
367,1.7244590259840706,0.4957485525227461,nan,nan,nan,10,30225,262.46564102564105,189.4,189.4,32796800,32796800,1894,12036425600,12036425600,1268116,False
368,1.7500730009391368,0.4924069984712077,nan,nan,nan,10,58870,655.3179548156955,368.5,368.5,32796800,32796800,3685,12069222400,12069222400,1271801,False
369,1.746191461738726,0.4896438778459266,nan,nan,nan,10,62282,526.5069201374395,389.8,389.8,32796800,32796800,3898,12102019200,12102019200,1275699,False
370,1.7063654110855706,0.5025285390250251,1.7290153804612127,0.4946051251311254,5.6351027437196395,10,53786,575.71604134905,336.6,336.6,32796800,32796800,3366,12134816000,12134816000,1279065,False
371,1.742534713451465,0.4921916468780556,nan,nan,nan,10,35795,391.261963961447,224.1,224.1,32796800,32796800,2241,12167612800,12167612800,1281306,False
372,1.7408730636521224,0.49304303014686934,nan,nan,nan,10,54334,772.206040416682,340.0,340.0,32796800,32796800,3400,12200409600,12200409600,1284706,False
373,1.732059205208243,0.4935485143826698,nan,nan,nan,10,25343,211.16178037327862,158.9,158.9,32796800,32796800,1589,12233206400,12233206400,1286295,False
374,1.7458779400201383,0.4906336273651606,nan,nan,nan,10,74255,828.5719749511818,464.6,464.6,32796800,32796800,4646,12266003200,12266003200,1290941,False
375,1.722994652356033,0.49812838282158933,nan,nan,nan,10,39538,333.5966917901765,247.6,247.6,32796800,32796800,2476,12298800000,12298800000,1293417,False
376,1.732569406816044,0.49008877940714535,nan,nan,nan,10,60487,764.5047861523964,378.7,378.7,32796800,32796800,3787,12331596800,12331596800,1297204,False
377,1.7129970631601696,0.4993686733580157,nan,nan,nan,10,46727,462.07918334153703,292.5,292.5,32796800,32796800,2925,12364393600,12364393600,1300129,False
378,1.7094721607264047,0.4996275285083949,nan,nan,nan,10,34902,339.1486447768037,218.5,218.5,32796800,32796800,2185,12397190400,12397190400,1302314,False
379,1.747316961012816,0.49087595504567866,nan,nan,nan,10,42799,415.0921283207552,268.1,268.1,32796800,32796800,2681,12429987200,12429987200,1304995,False
380,1.7146826384757956,0.4963183923384881,1.7186341768402256,0.49713397272591037,5.576906192485725,10,63695,604.1854305675485,398.5,398.5,32796800,32796800,3985,12462784000,12462784000,1308980,False
381,1.7565659238568605,0.48910803944710046,nan,nan,nan,10,49991,394.5534996299334,313.1,313.1,32796800,32796800,3131,12495580800,12495580800,1312111,False
382,1.707707209132521,0.4975464899415141,nan,nan,nan,10,55227,592.325112716606,345.7,345.7,32796800,32796800,3457,12528377600,12528377600,1315568,False
383,1.7183474501008322,0.49815015785319655,nan,nan,nan,10,40544,372.1012233622732,253.8,253.8,32796800,32796800,2538,12561174400,12561174400,1318106,False
384,1.7245441838528297,0.4927753651796289,nan,nan,nan,10,63325,671.4154441373864,396.2,396.2,32796800,32796800,3962,12593971200,12593971200,1322068,False
385,1.724264950257502,0.4956904951059014,nan,nan,nan,10,66713,630.9183217663725,417.4,417.4,32796800,32796800,4174,12626768000,12626768000,1326242,False
386,1.7597613374302457,0.4850686164584748,nan,nan,nan,10,63323,676.8610141654691,396.4,396.4,32796800,32796800,3964,12659564800,12659564800,1330206,False
387,1.6761032157051345,0.5083086193098904,nan,nan,nan,10,42486,441.4827943322507,265.9,265.9,32796800,32796800,2659,12692361600,12692361600,1332865,False
388,1.7081068933769215,0.502683327325884,nan,nan,nan,10,49938,581.0090111738556,312.5,312.5,32796800,32796800,3125,12725158400,12725158400,1335990,False
389,1.7234446311469198,0.4960375526998247,nan,nan,nan,10,69023,612.3264563985917,431.9,431.9,32796800,32796800,4319,12757955200,12757955200,1340309,False
390,1.7306191919171219,0.4952823010196317,1.7164227419772748,0.497171437134722,5.564586854431673,10,52568,575.6337886166489,329.1,329.1,32796800,32796800,3291,12790752000,12790752000,1343600,False
391,1.7012417929216668,0.5025185185185185,nan,nan,nan,10,40500,353.8276049382716,253.6,253.6,32796800,32796800,2536,12823548800,12823548800,1346136,False
392,1.6877654801657793,0.5062743857429084,nan,nan,nan,10,37932,376.16743119266056,237.5,237.5,32796800,32796800,2375,12856345600,12856345600,1348511,False
393,1.7156661615925763,0.4977756133515847,nan,nan,nan,10,75976,675.1877566599978,475.4,475.4,32796800,32796800,4754,12889142400,12889142400,1353265,False
394,1.6749979890104152,0.5101449721918379,nan,nan,nan,10,64909,959.9859341539694,406.1,406.1,32796800,32796800,4061,12921939200,12921939200,1357326,False
395,1.69497353090753,0.5035009710722682,nan,nan,nan,10,39132,375.1324491464786,245.0,245.0,32796800,32796800,2450,12954736000,12954736000,1359776,False
396,1.7003551085694206,0.5058709698579815,nan,nan,nan,10,60978,689.2797730328971,381.5,381.5,32796800,32796800,3815,12987532800,12987532800,1363591,False
397,1.7104065727199758,0.4992665743858852,nan,nan,nan,10,48403,613.3037621635021,303.0,303.0,32796800,32796800,3030,13020329600,13020329600,1366621,False
398,1.7140586888564555,0.4974790259037743,nan,nan,nan,10,48989,601.672681622405,306.6,306.6,32796800,32796800,3066,13053126400,13053126400,1369687,False
399,1.722332217373363,0.49391021553373293,nan,nan,nan,10,31364,396.4089401862007,196.5,196.5,32796800,32796800,1965,13085923200,13085923200,1371652,False
400,1.7177815957001918,0.49772336335120915,1.7205417636415152,0.49501723362805333,5.587554778452479,10,69181,827.2852372761307,432.9,432.9,32796800,32796800,4329,13118720000,13118720000,1375981,False
401,1.6725538811010312,0.506164770195193,nan,nan,nan,10,33659,280.51593927329986,210.8,210.8,32796800,32796800,2108,13151516800,13151516800,1378089,False
402,1.689324089537922,0.5025162248377516,nan,nan,nan,10,72728,773.459245407546,455.1,455.1,32796800,32796800,4551,13184313600,13184313600,1382640,False
403,1.7025478833270047,0.5022719328905977,nan,nan,nan,10,57220,619.9902656413841,358.1,358.1,32796800,32796800,3581,13217110400,13217110400,1386221,False
404,1.688773947066089,0.5040733958668112,nan,nan,nan,10,53518,688.4038454351806,335.1,335.1,32796800,32796800,3351,13249907200,13249907200,1389572,False
405,1.7147229112538986,0.5007954586542286,nan,nan,nan,10,55314,599.1227898904435,346.0,346.0,32796800,32796800,3460,13282704000,13282704000,1393032,False
406,1.6701769896103063,0.5112762481571502,nan,nan,nan,10,50194,549.5437502490338,314.3,314.3,32796800,32796800,3143,13315500800,13315500800,1396175,False
407,1.6773467164835072,0.5078302492152408,nan,nan,nan,10,57661,598.9730840602833,360.9,360.9,32796800,32796800,3609,13348297600,13348297600,1399784,False
408,1.7207031651196036,0.49758011292806337,nan,nan,nan,10,81822,698.2214441103858,511.8,511.8,32796800,32796800,5118,13381094400,13381094400,1404902,False
409,1.6780480572657916,0.506825158382862,nan,nan,nan,10,45933,457.0735854396621,287.5,287.5,32796800,32796800,2875,13413891200,13413891200,1407777,False
410,1.6779033690977072,0.511342710496415,1.6837269780733373,0.5063127528847595,5.385590591682701,10,51046,418.58508012380986,319.5,319.5,32796800,32796800,3195,13446688000,13446688000,1410972,False
411,1.6771156175629531,0.5081327895224322,nan,nan,nan,10,61541,608.0635998765051,385.2,385.2,32796800,32796800,3852,13479484800,13479484800,1414824,False
412,1.6882465139387286,0.5054642234678977,nan,nan,nan,10,42458,353.9184841490413,265.8,265.8,32796800,32796800,2658,13512281600,13512281600,1417482,False
413,1.6887890162394918,0.5040068147400303,nan,nan,nan,10,63392,513.7021863957598,396.6,396.6,32796800,32796800,3966,13545078400,13545078400,1421448,False
414,1.7146093202859067,0.4971510949406192,nan,nan,nan,10,29134,324.6202031990114,182.5,182.5,32796800,32796800,1825,13577875200,13577875200,1423273,False
415,1.6960011623719018,0.5015557836658754,nan,nan,nan,10,62348,563.6666452813242,390.2,390.2,32796800,32796800,3902,13610672000,13610672000,1427175,False
416,1.6913893685592138,0.5043910227978355,nan,nan,nan,10,56365,556.578905349064,353.0,353.0,32796800,32796800,3530,13643468800,13643468800,1430705,False
417,1.6822921524487644,0.509353711482122,nan,nan,nan,10,56662,625.2519678091137,354.5,354.5,32796800,32796800,3545,13676265600,13676265600,1434250,False
418,1.6705909058138595,0.509411111671797,nan,nan,nan,10,59451,570.9580831272813,371.9,371.9,32796800,32796800,3719,13709062400,13709062400,1437969,False
419,1.6881929473959456,0.5043739307272669,nan,nan,nan,10,61958,605.3026889182995,387.8,387.8,32796800,32796800,3878,13741859200,13741859200,1441847,False
420,1.6627688231070057,0.5147589180713446,1.6859678311735977,0.5069121834257455,5.397672440825689,10,51020,646.8570756566052,319.4,319.4,32796800,32796800,3194,13774656000,13774656000,1445041,False
421,1.6605626579615793,0.5111721678372575,nan,nan,nan,10,54958,548.3305433239927,343.8,343.8,32796800,32796800,3438,13807452800,13807452800,1448479,False
422,1.6896724519248045,0.5016445957154706,nan,nan,nan,10,69926,693.8348682893344,437.4,437.4,32796800,32796800,4374,13840249600,13840249600,1452853,False
423,1.6601044656444575,0.5131582816313329,nan,nan,nan,10,34009,322.57825869622746,212.9,212.9,32796800,32796800,2129,13873046400,13873046400,1454982,False
424,1.6770988268378872,0.5061942274376491,nan,nan,nan,10,61186,632.8433628607851,382.9,382.9,32796800,32796800,3829,13905843200,13905843200,1458811,False
425,1.6908130149474714,0.5034060892534409,nan,nan,nan,10,50351,546.409326527775,315.1,315.1,32796800,32796800,3151,13938640000,13938640000,1461962,False
426,1.6715177590903967,0.5083779448427806,nan,nan,nan,10,51743,609.9635699514909,323.9,323.9,32796800,32796800,3239,13971436800,13971436800,1465201,False
427,1.7081767991739543,0.4997092977576643,nan,nan,nan,10,63639,670.4927324439416,398.4,398.4,32796800,32796800,3984,14004233600,14004233600,1469185,False
428,1.669899472375798,0.5064373771430803,nan,nan,nan,10,76817,683.9567543642684,480.5,480.5,32796800,32796800,4805,14037030400,14037030400,1473990,False
429,1.666909392174234,0.5094920749279539,nan,nan,nan,10,55520,705.1802773775216,347.6,347.6,32796800,32796800,3476,14069827200,14069827200,1477466,False
430,1.6743068770911604,0.5063831700080913,1.6838071765382305,0.50586317997902,5.386022525100664,10,66738,690.6040636518924,417.7,417.7,32796800,32796800,4177,14102624000,14102624000,1481643,False
431,1.6939875652853351,0.5013114754098361,nan,nan,nan,10,64050,746.0239032006244,400.9,400.9,32796800,32796800,4009,14135420800,14135420800,1485652,False
432,1.699922470440281,0.5007551582178266,nan,nan,nan,10,82102,920.6878882365837,513.6,513.6,32796800,32796800,5136,14168217600,14168217600,1490788,False
433,1.6748657308067392,0.5108341511285575,nan,nan,nan,10,50950,704.6187046123651,319.0,319.0,32796800,32796800,3190,14201014400,14201014400,1493978,False
434,1.6489518992438192,0.5171248456489245,nan,nan,nan,10,61548,606.2220055891337,385.2,385.2,32796800,32796800,3852,14233811200,14233811200,1497830,False
435,1.6772243149101331,0.5055015250962168,nan,nan,nan,10,62619,456.053689774669,391.8,391.8,32796800,32796800,3918,14266608000,14266608000,1501748,False
436,1.671025636226761,0.5110771372800611,nan,nan,nan,10,73259,766.6774594247805,458.4,458.4,32796800,32796800,4584,14299404800,14299404800,1506332,False
437,1.672311240801345,0.5109960671000883,nan,nan,nan,10,49836,685.0623043582953,312.0,312.0,32796800,32796800,3120,14332201600,14332201600,1509452,False
438,1.6476570191067126,0.5144115292233787,nan,nan,nan,10,37470,595.5124633039765,234.7,234.7,32796800,32796800,2347,14364998400,14364998400,1511799,False
439,1.641154709837774,0.515977023355003,nan,nan,nan,10,58146,613.7934681663398,363.9,363.9,32796800,32796800,3639,14397795200,14397795200,1515438,False
440,1.667708567383493,0.5095262418592772,1.6700642370631023,0.50908511913682,5.312509046199464,10,78310,793.8974971268037,489.9,489.9,32796800,32796800,4899,14430592000,14430592000,1520337,False
441,1.6738612203805507,0.5073700028728647,nan,nan,nan,10,45251,545.742502928112,283.3,283.3,32796800,32796800,2833,14463388800,14463388800,1523170,False
442,1.6474671520284823,0.5167327494378033,nan,nan,nan,10,67592,690.5937389040123,422.8,422.8,32796800,32796800,4228,14496185600,14496185600,1527398,False
443,1.6489889307791097,0.5121283741758925,nan,nan,nan,10,40195,425.46373927105356,251.7,251.7,32796800,32796800,2517,14528982400,14528982400,1529915,False
444,1.6575852997968512,0.5117201806861189,nan,nan,nan,10,81910,778.8411793431815,512.5,512.5,32796800,32796800,5125,14561779200,14561779200,1535040,False
445,1.6676213518708392,0.5096336499321574,nan,nan,nan,10,44220,426.47191316146535,276.9,276.9,32796800,32796800,2769,14594576000,14594576000,1537809,False
446,1.681528035643523,0.5052074317696613,nan,nan,nan,10,69324,716.917402342623,433.8,433.8,32796800,32796800,4338,14627372800,14627372800,1542147,False
447,1.629465746118239,0.5184607789643256,nan,nan,nan,10,38487,374.7497856419051,241.1,241.1,32796800,32796800,2411,14660169600,14660169600,1544558,False
448,1.655416672488078,0.5098979305178387,nan,nan,nan,10,53395,552.2519524300029,334.2,334.2,32796800,32796800,3342,14692966400,14692966400,1547900,False
449,1.6667579175809244,0.5076265103481278,nan,nan,nan,10,66872,625.2359732025361,418.5,418.5,32796800,32796800,4185,14725763200,14725763200,1552085,False
450,1.6459286716519335,0.5161625434866641,1.6580114721197892,0.5107522853289375,5.2488629496099,10,41392,408.1228256667955,259.2,259.2,32796800,32796800,2592,14758560000,14758560000,1554677,False
451,1.6512484587898988,0.5154197206472134,nan,nan,nan,10,57848,576.0916539897663,362.0,362.0,32796800,32796800,3620,14791356800,14791356800,1558297,False
452,1.6423625082105409,0.5153967845185975,nan,nan,nan,10,54362,728.0046355910379,340.3,340.3,32796800,32796800,3403,14824153600,14824153600,1561700,False
453,1.629044019200585,0.5207150153217569,nan,nan,nan,10,48950,461.62016343207347,306.4,306.4,32796800,32796800,3064,14856950400,14856950400,1564764,False
454,1.611438094887855,0.5261139929761253,nan,nan,nan,10,62074,541.4433579276347,388.3,388.3,32796800,32796800,3883,14889747200,14889747200,1568647,False
455,1.6357410112319206,0.5187220222943912,nan,nan,nan,10,56965,928.2981304309664,356.5,356.5,32796800,32796800,3565,14922544000,14922544000,1572212,False
456,1.6580519232344098,0.5100223041823987,nan,nan,nan,10,68597,554.1928364214178,429.3,429.3,32796800,32796800,4293,14955340800,14955340800,1576505,False
457,1.6189112230680038,0.5224445336238033,nan,nan,nan,10,34886,336.8183512010549,218.5,218.5,32796800,32796800,2185,14988137600,14988137600,1578690,False
458,1.63405567036599,0.5177979428765725,nan,nan,nan,10,94112,961.546094015641,588.6,588.6,32796800,32796800,5886,15020934400,15020934400,1584576,False
459,1.6601817330294664,0.5085043278251922,nan,nan,nan,10,49563,500.37921433327284,310.4,310.4,32796800,32796800,3104,15053731200,15053731200,1587680,False
460,1.6239232636010679,0.5192315628740044,1.64803013186324,0.516259553424247,5.196732859430679,10,48462,419.17987289009943,303.4,303.4,32796800,32796800,3034,15086528000,15086528000,1590714,False
461,1.6443312160035422,0.5177945127519621,nan,nan,nan,10,75557,943.9895046124119,472.8,472.8,32796800,32796800,4728,15119324800,15119324800,1595442,False
462,1.6172134437319075,0.5215742979695493,nan,nan,nan,10,82297,943.405421825826,514.9,514.9,32796800,32796800,5149,15152121600,15152121600,1600591,False
463,1.6382711280822577,0.5179870468706835,nan,nan,nan,10,65158,587.8219405138279,407.7,407.7,32796800,32796800,4077,15184918400,15184918400,1604668,False
464,1.636696317332682,0.5150489946885901,nan,nan,nan,10,57047,463.29589636615424,356.9,356.9,32796800,32796800,3569,15217715200,15217715200,1608237,False
465,1.6647549955545826,0.5093316318392088,nan,nan,nan,10,56421,668.0870775066022,353.1,353.1,32796800,32796800,3531,15250512000,15250512000,1611768,False
466,1.6449542575418068,0.5175681923254739,nan,nan,nan,10,34608,330.3812413314841,216.6,216.6,32796800,32796800,2166,15283308800,15283308800,1613934,False
467,1.6493224988920303,0.5134526131701083,nan,nan,nan,10,89202,803.3487814174571,558.1,558.1,32796800,32796800,5581,15316105600,15316105600,1619515,False
468,1.6242806014781088,0.5255289688892735,nan,nan,nan,10,46222,613.806715416901,289.2,289.2,32796800,32796800,2892,15348902400,15348902400,1622407,False
469,1.651803184630003,0.5147345072654022,nan,nan,nan,10,44182,381.4763704676112,276.5,276.5,32796800,32796800,2765,15381699200,15381699200,1625172,False
470,1.6415131634513174,0.5156346462526238,1.641343942775409,0.517271092462161,5.162102422730636,10,64792,653.9960797629336,405.4,405.4,32796800,32796800,4054,15414496000,15414496000,1629226,False
471,1.6427861056892734,0.5188007438653786,nan,nan,nan,10,44094,563.0345625255137,276.1,276.1,32796800,32796800,2761,15447292800,15447292800,1631987,False
472,1.6261925527339989,0.5197870081400212,nan,nan,nan,10,62162,620.776085068048,389.1,389.1,32796800,32796800,3891,15480089600,15480089600,1635878,False
473,1.5807266754144862,0.5341106385689938,nan,nan,nan,10,62781,931.0695751899459,392.7,392.7,32796800,32796800,3927,15512886400,15512886400,1639805,False
474,1.5870187133294866,0.532088233033587,nan,nan,nan,10,39033,440.8437988368817,244.3,244.3,32796800,32796800,2443,15545683200,15545683200,1642248,False
475,1.5935205273058766,0.5302724450446186,nan,nan,nan,10,71831,972.1368350712089,449.4,449.4,32796800,32796800,4494,15578480000,15578480000,1646742,False
476,1.605323596770608,0.5293529113353249,nan,nan,nan,10,70964,647.8350572121077,443.9,443.9,32796800,32796800,4439,15611276800,15611276800,1651181,False
477,1.6715110681469245,0.5082981844856043,nan,nan,nan,10,43624,523.4944296717402,273.2,273.2,32796800,32796800,2732,15644073600,15644073600,1653913,False
478,1.649556237943966,0.5171581401728158,nan,nan,nan,10,36455,322.25719380057603,228.3,228.3,32796800,32796800,2283,15676870400,15676870400,1656196,False
479,1.5931454103128508,0.5284903122976541,nan,nan,nan,10,40154,459.9975843004433,251.5,251.5,32796800,32796800,2515,15709667200,15709667200,1658711,False
480,1.594732586661668,0.5317115551694179,1.6368751731677051,0.5161284279934063,5.139085642958596,10,39134,410.5591046149128,245.0,245.0,32796800,32796800,2450,15742464000,15742464000,1661161,False
481,1.6377679863329746,0.5161285768736678,nan,nan,nan,10,70837,728.5921481711537,443.2,443.2,32796800,32796800,4432,15775260800,15775260800,1665593,False
482,1.5870100748969291,0.5304449648711944,nan,nan,nan,10,49532,988.7543810062182,310.0,310.0,32796800,32796800,3100,15808057600,15808057600,1668693,False
483,1.6559251525158991,0.5131124339174957,nan,nan,nan,10,48046,514.8155933896683,300.8,300.8,32796800,32796800,3008,15840854400,15840854400,1671701,False
484,1.610721450159467,0.5234472326036661,nan,nan,nan,10,44952,738.3825858693718,281.4,281.4,32796800,32796800,2814,15873651200,15873651200,1674515,False
485,1.6298736682629367,0.5193842645381984,nan,nan,nan,10,87700,843.1051881413911,548.7,548.7,32796800,32796800,5487,15906448000,15906448000,1680002,False
486,1.6253168208713011,0.517275905651396,nan,nan,nan,10,60923,828.7411979055528,381.2,381.2,32796800,32796800,3812,15939244800,15939244800,1683814,False
487,1.6126922445601206,0.5248822742863787,nan,nan,nan,10,34402,358.8603860240684,215.5,215.5,32796800,32796800,2155,15972041600,15972041600,1685969,False
488,1.6267918554187968,0.5208049334631613,nan,nan,nan,10,46215,515.2857946554149,289.4,289.4,32796800,32796800,2894,16004838400,16004838400,1688863,False
489,1.6000914719267445,0.5245798092773182,nan,nan,nan,10,64911,571.626211273898,406.2,406.2,32796800,32796800,4062,16037635200,16037635200,1692925,False
490,1.6215556692976345,0.5204110864427415,1.6336626309818294,0.5181889704780459,5.122602603938862,10,55852,698.1663682589701,349.5,349.5,32796800,32796800,3495,16070432000,16070432000,1696420,False
491,1.6400690739392838,0.5145314252693838,nan,nan,nan,10,29419,337.2260104014413,184.3,184.3,32796800,32796800,1843,16103228800,16103228800,1698263,False
492,1.6343647398270336,0.5177094105480868,nan,nan,nan,10,61888,675.1867567218201,387.4,387.4,32796800,32796800,3874,16136025600,16136025600,1702137,False
493,1.6095467637517888,0.5252054606100203,nan,nan,nan,10,58162,480.0693580000688,363.9,363.9,32796800,32796800,3639,16168822400,16168822400,1705776,False
494,1.6584904624006986,0.5113159810071743,nan,nan,nan,10,28853,254.237548955048,180.8,180.8,32796800,32796800,1808,16201619200,16201619200,1707584,False
495,1.614340246420029,0.5245159709174088,nan,nan,nan,10,61205,632.6844865615554,383.1,383.1,32796800,32796800,3831,16234416000,16234416000,1711415,False
496,1.6294233527833342,0.5192707332832719,nan,nan,nan,10,57263,575.7200461030683,358.4,358.4,32796800,32796800,3584,16267212800,16267212800,1714999,False
497,1.602456713709177,0.5290126480163646,nan,nan,nan,10,69418,580.6029416001613,434.3,434.3,32796800,32796800,4343,16300009600,16300009600,1719342,False
498,1.5964690540886084,0.5264808610734907,nan,nan,nan,10,56116,667.362178344857,351.3,351.3,32796800,32796800,3513,16332806400,16332806400,1722855,False
499,1.5933680008658113,0.5257064422761316,nan,nan,nan,10,33513,318.4428430758213,209.9,209.9,32796800,32796800,2099,16365603200,16365603200,1724954,False
500,1.6060830477067327,0.5246291237397557,1.616777771883741,0.5227970927618762,5.036834311215758,10,81631,654.8961668973795,510.7,510.7,32796800,32796800,5107,16398400000,16398400000,1730061,False
501,1.575807747611184,0.5347480244910775,nan,nan,nan,10,38218,483.7548537338427,239.3,239.3,32796800,32796800,2393,16431196800,16431196800,1732454,False
502,1.573842118628177,0.5319320098611652,nan,nan,nan,10,38535,326.51337744907227,241.3,241.3,32796800,32796800,2413,16463993600,16463993600,1734867,False
503,1.6401416789501806,0.5169350360910605,nan,nan,nan,10,50428,757.073371936226,315.7,315.7,32796800,32796800,3157,16496790400,16496790400,1738024,False
504,1.6230568614586571,0.521338759919056,nan,nan,nan,10,43981,529.286782928992,275.4,275.4,32796800,32796800,2754,16529587200,16529587200,1740778,False
505,1.6331674307131412,0.5167331485362721,nan,nan,nan,10,73955,666.7286593198565,462.6,462.6,32796800,32796800,4626,16562384000,16562384000,1745404,False
506,1.5814274713443077,0.5317165156356398,nan,nan,nan,10,38182,372.9161646849301,239.0,239.0,32796800,32796800,2390,16595180800,16595180800,1747794,False
507,1.6069907626066908,0.5250157473229551,nan,nan,nan,10,22226,172.64100602897508,139.3,139.3,32796800,32796800,1393,16627977600,16627977600,1749187,False
508,1.5981853528980665,0.5275378872297749,nan,nan,nan,10,71792,615.5525963895699,449.2,449.2,32796800,32796800,4492,16660774400,16660774400,1753679,False
509,1.6084387911554507,0.525985054347826,nan,nan,nan,10,47104,636.2797639266305,295.0,295.0,32796800,32796800,2950,16693571200,16693571200,1756629,False
510,1.5943590941244308,0.5266386203795883,1.6515362872259918,0.5123257904990259,5.2149853916229905,10,31139,479.5458107196763,195.1,195.1,32796800,32796800,1951,16726368000,16726368000,1758580,False
511,1.5904278601526876,0.5310608774344375,nan,nan,nan,10,53041,478.49329763767656,331.9,331.9,32796800,32796800,3319,16759164800,16759164800,1761899,False
512,1.5862181725800062,0.5311319955973245,nan,nan,nan,10,59055,643.5463550927102,369.6,369.6,32796800,32796800,3696,16791961600,16791961600,1765595,False
513,1.6061148577089497,0.5249212868644391,nan,nan,nan,10,91789,780.2394295612764,574.2,574.2,32796800,32796800,5742,16824758400,16824758400,1771337,False
514,1.6176628306387555,0.5239314082459113,nan,nan,nan,10,83217,828.9331386615715,520.6,520.6,32796800,32796800,5206,16857555200,16857555200,1776543,False
515,1.606104594586744,0.5249628160634606,nan,nan,nan,10,40340,441.7316807139316,252.6,252.6,32796800,32796800,2526,16890352000,16890352000,1779069,False
516,1.6403353820802584,0.518900088941595,nan,nan,nan,10,26984,259.2552253187074,169.1,169.1,32796800,32796800,1691,16923148800,16923148800,1780760,False
517,1.5758463173056623,0.5324723837984952,nan,nan,nan,10,37478,380.4289716633758,234.6,234.6,32796800,32796800,2346,16955945600,16955945600,1783106,False
518,1.6405043150318304,0.5147441739356855,nan,nan,nan,10,61448,722.8329807316754,384.5,384.5,32796800,32796800,3845,16988742400,16988742400,1786951,False
519,1.559139553251104,0.5365354495144617,nan,nan,nan,10,47885,467.01271797013686,299.7,299.7,32796800,32796800,2997,17021539200,17021539200,1789948,False
520,1.6155365900318306,0.5239580466623858,1.6105894827510434,0.5240521504570658,5.005761168143164,10,32703,322.1953949178974,204.8,204.8,32796800,32796800,2048,17054336000,17054336000,1791996,False
521,1.5890235658572716,0.5256013013672102,nan,nan,nan,10,51638,588.241314535807,323.2,323.2,32796800,32796800,3232,17087132800,17087132800,1795228,False
522,1.5589835926106645,0.5343731045836583,nan,nan,nan,10,57705,569.1923923403517,361.0,361.0,32796800,32796800,3610,17119929600,17119929600,1798838,False
523,1.5460794064716812,0.5419792671917317,nan,nan,nan,10,32123,315.32098496404444,201.2,201.2,32796800,32796800,2012,17152726400,17152726400,1800850,False
524,1.6089811231729785,0.5238017362388759,nan,nan,nan,10,73377,841.0294506452975,459.2,459.2,32796800,32796800,4592,17185523200,17185523200,1805442,False
525,1.6091530536808585,0.5274485971842399,nan,nan,nan,10,59238,692.1558965528884,370.9,370.9,32796800,32796800,3709,17218320000,17218320000,1809151,False
526,1.6316610309793176,0.5202651095178259,nan,nan,nan,10,40587,536.1153078571957,254.2,254.2,32796800,32796800,2542,17251116800,17251116800,1811693,False
527,1.6280682732452307,0.5187011919441019,nan,nan,nan,10,43794,674.759578937754,274.3,274.3,32796800,32796800,2743,17283913600,17283913600,1814436,False
528,1.6037246432136278,0.5269605338083488,nan,nan,nan,10,68489,656.4973061367518,428.5,428.5,32796800,32796800,4285,17316710400,17316710400,1818721,False
529,1.5574616888992556,0.5395354692515894,nan,nan,nan,10,79435,1010.4913451249448,497.1,497.1,32796800,32796800,4971,17349507200,17349507200,1823692,False
530,1.5968610981266707,0.5249606963020347,1.628474182227232,0.5171774314401318,5.096093073976703,10,43889,512.5465378568662,274.9,274.9,32796800,32796800,2749,17382304000,17382304000,1826441,False
531,1.5760886326536867,0.5350049652432969,nan,nan,nan,10,56392,511.2547879131792,352.9,352.9,32796800,32796800,3529,17415100800,17415100800,1829970,False
532,1.5590905035713336,0.5381356515041058,nan,nan,nan,10,72701,1015.152129956947,454.9,454.9,32796800,32796800,4549,17447897600,17447897600,1834519,False
533,1.6011388032766471,0.5250137956096314,nan,nan,nan,10,74299,795.6740871344164,464.8,464.8,32796800,32796800,4648,17480694400,17480694400,1839167,False
534,1.5692001601316583,0.5350333570388431,nan,nan,nan,10,88587,1006.0494090555047,554.1,554.1,32796800,32796800,5541,17513491200,17513491200,1844708,False
535,1.5985672360728507,0.5273860123647605,nan,nan,nan,10,62112,725.4670273055126,388.7,388.7,32796800,32796800,3887,17546288000,17546288000,1848595,False
536,1.5846540568843592,0.5333365884621958,nan,nan,nan,10,40961,393.98591342984787,256.6,256.6,32796800,32796800,2566,17579084800,17579084800,1851161,False
537,1.5837904471199975,0.5315150847484301,nan,nan,nan,10,63541,778.2637824396846,397.6,397.6,32796800,32796800,3976,17611881600,17611881600,1855137,False
538,1.5733847617639252,0.5343027002054637,nan,nan,nan,10,82253,1005.1415875408802,514.7,514.7,32796800,32796800,5147,17644678400,17644678400,1860284,False
539,1.619844043511055,0.5215905445752215,nan,nan,nan,10,81054,939.7616033755274,507.2,507.2,32796800,32796800,5072,17677475200,17677475200,1865356,False
540,1.5920267951230156,0.527881566457294,1.608712921002521,0.5251760827214147,4.996376356556047,10,49513,553.9616464362894,310.0,310.0,32796800,32796800,3100,17710272000,17710272000,1868456,False
541,1.5900539298781426,0.5264497781039643,nan,nan,nan,10,87203,717.3352292925703,545.5,545.5,32796800,32796800,5455,17743068800,17743068800,1873911,False
542,1.5568207488142,0.5360404838311528,nan,nan,nan,10,48612,625.0214967497737,304.3,304.3,32796800,32796800,3043,17775865600,17775865600,1876954,False
543,1.5616190322444676,0.5357545769421078,nan,nan,nan,10,50525,424.91794161306285,316.3,316.3,32796800,32796800,3163,17808662400,17808662400,1880117,False
544,1.5808654704218534,0.5339959951653347,nan,nan,nan,10,55433,647.4562444753125,347.0,347.0,32796800,32796800,3470,17841459200,17841459200,1883587,False
545,1.5535612529673184,0.5396703437425681,nan,nan,nan,10,54663,529.5377860710169,342.2,342.2,32796800,32796800,3422,17874256000,17874256000,1887009,False
546,1.5872206754824723,0.5314284664965018,nan,nan,nan,10,54457,587.9444332225426,340.8,340.8,32796800,32796800,3408,17907052800,17907052800,1890417,False
547,1.5697263280981315,0.5365329921988327,nan,nan,nan,10,87551,972.4662311110095,547.7,547.7,32796800,32796800,5477,17939849600,17939849600,1895894,False
548,1.5457351932017485,0.5408644048453625,nan,nan,nan,10,61337,561.2698860394216,383.9,383.9,32796800,32796800,3839,17972646400,17972646400,1899733,False
549,1.5491982507774942,0.5413947853858649,nan,nan,nan,10,72642,983.385272982572,454.4,454.4,32796800,32796800,4544,18005443200,18005443200,1904277,False
550,1.6095082130586087,0.5254645141638745,1.6006946314869301,0.5255881912183425,4.956474151900643,10,32830,338.5226926591532,205.5,205.5,32796800,32796800,2055,18038240000,18038240000,1906332,False
551,1.6076247742556171,0.5261495877273348,nan,nan,nan,10,51301,513.5172608721077,321.1,321.1,32796800,32796800,3211,18071036800,18071036800,1909543,False
552,1.5973662587518487,0.5293655508076724,nan,nan,nan,10,52187,480.5924272328358,326.7,326.7,32796800,32796800,3267,18103833600,18103833600,1912810,False
553,1.551902972722314,0.5419851427548554,nan,nan,nan,10,55865,552.1523136131747,349.6,349.6,32796800,32796800,3496,18136630400,18136630400,1916306,False
554,1.585502799529421,0.5319134396355353,nan,nan,nan,10,43900,747.8067425968109,274.8,274.8,32796800,32796800,2748,18169427200,18169427200,1919054,False
555,1.579906630364597,0.531245383365342,nan,nan,nan,10,47383,421.8765168942448,296.6,296.6,32796800,32796800,2966,18202224000,18202224000,1922020,False
556,1.5758443128890354,0.5347724391593908,nan,nan,nan,10,56007,485.3064081275555,350.5,350.5,32796800,32796800,3505,18235020800,18235020800,1925525,False
557,1.5629823331719077,0.5356072028977972,nan,nan,nan,10,57699,728.7835144456576,361.2,361.2,32796800,32796800,3612,18267817600,18267817600,1929137,False
558,1.5631716170569654,0.5339650966410209,nan,nan,nan,10,53290,631.3440232689061,333.6,333.6,32796800,32796800,3336,18300614400,18300614400,1932473,False
559,1.552128948577898,0.5378027256155783,nan,nan,nan,10,103683,1052.6628762670832,648.6,648.6,32796800,32796800,6486,18333411200,18333411200,1938959,False
560,1.5738029980778565,0.5368515631193679,1.588447074080521,0.5288850591937659,4.896139679342386,10,37841,350.8892999656457,237.0,237.0,32796800,32796800,2370,18366208000,18366208000,1941329,False
561,1.5867051019784102,0.5303101114109542,nan,nan,nan,10,66331,616.5395516425201,415.2,415.2,32796800,32796800,4152,18399004800,18399004800,1945481,False
562,1.562692329476174,0.5410584125830356,nan,nan,nan,10,49527,592.5095604417793,310.0,310.0,32796800,32796800,3100,18431801600,18431801600,1948581,False
563,1.579960527168637,0.5301991826752904,nan,nan,nan,10,62154,540.3891945812015,388.9,388.9,32796800,32796800,3889,18464598400,18464598400,1952470,False
564,1.5936011924775946,0.5321345165810369,nan,nan,nan,10,42820,358.6311069593648,268.0,268.0,32796800,32796800,2680,18497395200,18497395200,1955150,False
565,1.5226629834260155,0.5497862121478357,nan,nan,nan,10,34146,420.53388391026766,213.9,213.9,32796800,32796800,2139,18530192000,18530192000,1957289,False
566,1.5653722331510238,0.5341520242453971,nan,nan,nan,10,57083,539.2593942154407,357.3,357.3,32796800,32796800,3573,18562988800,18562988800,1960862,False
567,1.5862670727021067,0.5271923169445422,nan,nan,nan,10,54041,668.2842101367481,338.3,338.3,32796800,32796800,3383,18595785600,18595785600,1964245,False
568,1.5984308768718463,0.5292517317848243,nan,nan,nan,10,43741,626.6226652339909,274.0,274.0,32796800,32796800,2740,18628582400,18628582400,1966985,False
569,1.583159556294291,0.5309283673539638,nan,nan,nan,10,58102,562.8787993528622,363.7,363.7,32796800,32796800,3637,18661379200,18661379200,1970622,False
570,1.553897081229615,0.5368294296229711,1.5897556311648664,0.5292222388730706,4.902550751317742,10,58961,646.6876409830228,369.0,369.0,32796800,32796800,3690,18694176000,18694176000,1974312,False
571,1.5786801399190225,0.5340187374995614,nan,nan,nan,10,28499,252.6780237903084,178.6,178.6,32796800,32796800,1786,18726972800,18726972800,1976098,False
572,1.5542655041530902,0.5393430484972908,nan,nan,nan,10,59426,613.4539932016289,371.9,371.9,32796800,32796800,3719,18759769600,18759769600,1979817,False
573,1.5410401758745724,0.541926922460933,nan,nan,nan,10,43707,494.39851739995885,273.6,273.6,32796800,32796800,2736,18792566400,18792566400,1982553,False
574,1.528745786258027,0.5436706809285162,nan,nan,nan,10,40107,554.1498491535142,251.3,251.3,32796800,32796800,2513,18825363200,18825363200,1985066,False
575,1.5445822816673136,0.5397163441932122,nan,nan,nan,10,44138,425.68446689927043,276.3,276.3,32796800,32796800,2763,18858160000,18858160000,1987829,False
576,1.5208907296403293,0.5480043149946062,nan,nan,nan,10,47277,544.01290267995,295.9,295.9,32796800,32796800,2959,18890956800,18890956800,1990788,False
577,1.5518254013173542,0.5409234383028702,nan,nan,nan,10,54492,563.2466784115101,341.2,341.2,32796800,32796800,3412,18923753600,18923753600,1994200,False
578,1.5675254657487627,0.534702209414025,nan,nan,nan,10,49968,530.8686359269934,312.8,312.8,32796800,32796800,3128,18956550400,18956550400,1997328,False
579,1.5829490602150695,0.5333190944041009,nan,nan,nan,10,42138,432.0167307418482,264.0,264.0,32796800,32796800,2640,18989347200,18989347200,1999968,False
580,1.5685391483328852,0.5352755300927293,1.5794144957100953,0.5322568559868125,4.8521140457967675,10,67724,709.6950416395961,423.8,423.8,32796800,32796800,4238,19022144000,19022144000,2004206,False
581,1.5517500458083646,0.5426699064870039,nan,nan,nan,10,40743,393.5119407014702,255.0,255.0,32796800,32796800,2550,19054940800,19054940800,2006756,False
582,1.5517785935065684,0.5391702100244814,nan,nan,nan,10,62088,579.4275222265172,388.6,388.6,32796800,32796800,3886,19087737600,19087737600,2010642,False
583,1.5308199696024487,0.5425347639897994,nan,nan,nan,10,41566,617.8188423230524,260.2,260.2,32796800,32796800,2602,19120534400,19120534400,2013244,False
584,1.574748721392867,0.5318686690383727,nan,nan,nan,10,36823,397.8859951660647,230.7,230.7,32796800,32796800,2307,19153331200,19153331200,2015551,False
585,1.5757759171180583,0.5307340265536814,nan,nan,nan,10,61837,712.7049501107751,387.0,387.0,32796800,32796800,3870,19186128000,19186128000,2019421,False
586,1.550886172140873,0.5388263577751066,nan,nan,nan,10,45755,422.1963282701345,286.5,286.5,32796800,32796800,2865,19218924800,19218924800,2022286,False
587,1.550854422026455,0.5374920334922972,nan,nan,nan,10,91006,978.8375271960091,569.2,569.2,32796800,32796800,5692,19251721600,19251721600,2027978,False
588,1.5714040004466676,0.5322733154175375,nan,nan,nan,10,40188,562.0660644968648,251.5,251.5,32796800,32796800,2515,19284518400,19284518400,2030493,False
589,1.5390374739919104,0.5437416139543799,nan,nan,nan,10,52170,631.6333525014376,326.5,326.5,32796800,32796800,3265,19317315200,19317315200,2033758,False
590,1.5429492713417339,0.5401161405225069,1.5868417808681918,0.5301775812977672,4.888286244767634,10,79731,919.0520876447054,498.8,498.8,32796800,32796800,4988,19350112000,19350112000,2038746,False
591,1.5251286838740745,0.545109757499138,nan,nan,nan,10,60907,593.1661713760324,381.2,381.2,32796800,32796800,3812,19382908800,19382908800,2042558,False
592,1.5470813374575982,0.5399972498667904,nan,nan,nan,10,116358,1056.6590436411764,727.8,727.8,32796800,32796800,7278,19415705600,19415705600,2049836,False
593,1.576303915640364,0.5334072455734177,nan,nan,nan,10,30667,284.43414745491896,192.1,192.1,32796800,32796800,1921,19448502400,19448502400,2051757,False
594,1.564988206852908,0.5355321944809461,nan,nan,nan,10,76100,813.6151642575559,476.1,476.1,32796800,32796800,4761,19481299200,19481299200,2056518,False
595,1.5586400495950807,0.5361931998728948,nan,nan,nan,10,47205,572.9567418705644,295.6,295.6,32796800,32796800,2956,19514096000,19514096000,2059474,False
596,1.5323196678392108,0.544353420113585,nan,nan,nan,10,39794,590.9735387244309,249.3,249.3,32796800,32796800,2493,19546892800,19546892800,2061967,False
597,1.5117789115634532,0.547827013208351,nan,nan,nan,10,46940,490.29750745632725,293.9,293.9,32796800,32796800,2939,19579689600,19579689600,2064906,False
598,1.5626380328382683,0.5359611782734548,nan,nan,nan,10,58730,775.8336454963392,367.6,367.6,32796800,32796800,3676,19612486400,19612486400,2068582,False
599,1.5154441328391655,0.548406309044607,nan,nan,nan,10,48692,627.1824735069416,304.7,304.7,32796800,32796800,3047,19645283200,19645283200,2071629,False
600,1.5409526176220887,0.5429793056268172,1.6003713467552372,0.5236587741645437,4.95487205846443,10,58470,727.1241662390969,365.8,365.8,32796800,32796800,3658,19678080000,19678080000,2075287,False
601,1.561371003153066,0.5383966062075235,nan,nan,nan,10,46202,517.5239600017316,289.2,289.2,32796800,32796800,2892,19710876800,19710876800,2078179,False
602,1.5805550477500356,0.5322634126931494,nan,nan,nan,10,45237,375.5287706965537,283.1,283.1,32796800,32796800,2831,19743673600,19743673600,2081010,False
603,1.5221029786045264,0.5495770599954277,nan,nan,nan,10,61238,475.9374897939188,383.2,383.2,32796800,32796800,3832,19776470400,19776470400,2084842,False
604,1.5980283432802669,0.5266127969786132,nan,nan,nan,10,45542,677.4954327873172,285.2,285.2,32796800,32796800,2852,19809267200,19809267200,2087694,False
605,1.5393119207705572,0.5440046534278448,nan,nan,nan,10,73924,624.0893620475083,462.5,462.5,32796800,32796800,4625,19842064000,19842064000,2092319,False
606,1.5382863443401233,0.5418705630987662,nan,nan,nan,10,43527,385.78153789601856,272.4,272.4,32796800,32796800,2724,19874860800,19874860800,2095043,False
607,1.5374205753217947,0.5440247020794133,nan,nan,nan,10,41454,358.70526366575,259.6,259.6,32796800,32796800,2596,19907657600,19907657600,2097639,False
608,1.557934769761133,0.5370704976303318,nan,nan,nan,10,67520,686.1762736966826,422.6,422.6,32796800,32796800,4226,19940454400,19940454400,2101865,False
609,1.5326495916588188,0.5455405330217549,nan,nan,nan,10,71892,713.2817281477771,449.9,449.9,32796800,32796800,4499,19973251200,19973251200,2106364,False
610,1.5555761112081687,0.5378126387450052,1.5762710044288606,0.53150756781058,4.836885415671449,10,40542,524.0959498791377,253.8,253.8,32796800,32796800,2538,20006048000,20006048000,2108902,False
611,1.5365741844824394,0.5437193616799361,nan,nan,nan,10,57526,542.2712686437437,360.0,360.0,32796800,32796800,3600,20038844800,20038844800,2112502,False
612,1.535350894629782,0.5430842190106656,nan,nan,nan,10,53349,598.9492399107762,334.0,334.0,32796800,32796800,3340,20071641600,20071641600,2115842,False
613,1.5402440758601839,0.5450359602724609,nan,nan,nan,10,52558,504.91940332584954,329.0,329.0,32796800,32796800,3290,20104438400,20104438400,2119132,False
614,1.5267666965961588,0.5451007452387524,nan,nan,nan,10,36230,287.8185205630693,226.8,226.8,32796800,32796800,2268,20137235200,20137235200,2121400,False
615,1.5122144480801676,0.5501778427564536,nan,nan,nan,10,45827,545.0221048726733,286.8,286.8,32796800,32796800,2868,20170032000,20170032000,2124268,False
616,1.5266858654923148,0.5465336202960934,nan,nan,nan,10,30666,295.0903932694189,192.0,192.0,32796800,32796800,1920,20202828800,20202828800,2126188,False
617,1.5264208950254838,0.544851531326113,nan,nan,nan,10,38594,349.86598953205163,241.6,241.6,32796800,32796800,2416,20235625600,20235625600,2128604,False
618,1.5206860794111545,0.5452124365167843,nan,nan,nan,10,48438,453.83942359304683,303.2,303.2,32796800,32796800,3032,20268422400,20268422400,2131636,False
619,1.542022980457708,0.5401381168940542,nan,nan,nan,10,59370,495.8261411487283,371.6,371.6,32796800,32796800,3716,20301219200,20301219200,2135352,False
620,1.5433729778400123,0.5411898294518412,1.5721303284052124,0.5317323542634497,4.816898847709153,10,44914,591.0612503896336,281.2,281.2,32796800,32796800,2812,20334016000,20334016000,2138164,False
621,1.554013236926907,0.5369196254389388,nan,nan,nan,10,41008,698.1363148653924,256.8,256.8,32796800,32796800,2568,20366812800,20366812800,2140732,False
622,1.5653395187173744,0.5378782337307683,nan,nan,nan,10,41013,517.6303611050155,256.7,256.7,32796800,32796800,2567,20399609600,20399609600,2143299,False
623,1.5067763166611126,0.5503914529175137,nan,nan,nan,10,46238,483.26802629871537,289.4,289.4,32796800,32796800,2894,20432406400,20432406400,2146193,False
624,1.5363423725657934,0.5422105635708784,nan,nan,nan,10,48033,424.6150563154498,300.7,300.7,32796800,32796800,3007,20465203200,20465203200,2149200,False
625,1.523350876512774,0.5478592032578571,nan,nan,nan,10,53041,488.1475085311363,331.9,331.9,32796800,32796800,3319,20498000000,20498000000,2152519,False
626,1.5505444629489722,0.5431575872644954,nan,nan,nan,10,13694,97.10303782678545,86.0,86.0,32796800,32796800,860,20530796800,20530796800,2153379,False
627,1.5167295345317044,0.5506641796687923,nan,nan,nan,10,79346,935.0704635394349,496.4,496.4,32796800,32796800,4964,20563593600,20563593600,2158343,False
628,1.5278484658281226,0.5473523421588594,nan,nan,nan,10,62848,598.9789969450102,393.2,393.2,32796800,32796800,3932,20596390400,20596390400,2162275,False
629,1.5177671077636334,0.5474288940176333,nan,nan,nan,10,60227,614.8297441346904,377.0,377.0,32796800,32796800,3770,20629187200,20629187200,2166045,False
630,1.5112520227181965,0.5502573191825578,1.554030441619745,0.5399183275887907,4.730497807212159,10,46829,368.2037839800123,293.2,293.2,32796800,32796800,2932,20661984000,20661984000,2168977,False
631,1.4936875048067475,0.555773188208167,nan,nan,nan,10,40333,404.9744625988644,252.6,252.6,32796800,32796800,2526,20694780800,20694780800,2171503,False
632,1.5363441889807488,0.5445764854614412,nan,nan,nan,10,39550,411.03352718078384,247.6,247.6,32796800,32796800,2476,20727577600,20727577600,2173979,False
633,1.5336312280108564,0.5451565039214301,nan,nan,nan,10,70765,711.5880873313079,442.7,442.7,32796800,32796800,4427,20760374400,20760374400,2178406,False
634,1.4921598445611752,0.5538896399164311,nan,nan,nan,10,40685,446.1549956986605,254.7,254.7,32796800,32796800,2547,20793171200,20793171200,2180953,False
635,1.532726869255759,0.5448385179314444,nan,nan,nan,10,50470,564.8264117297405,315.8,315.8,32796800,32796800,3158,20825968000,20825968000,2184111,False
636,1.5081927482810586,0.5527978491009914,nan,nan,nan,10,59510,957.0585783901864,372.4,372.4,32796800,32796800,3724,20858764800,20858764800,2187835,False
637,1.5420194215876708,0.5393483791011676,nan,nan,nan,10,61324,600.8139879981736,383.6,383.6,32796800,32796800,3836,20891561600,20891561600,2191671,False
638,1.5554420550008854,0.5401617047000151,nan,nan,nan,10,52936,661.1894174097024,331.3,331.3,32796800,32796800,3313,20924358400,20924358400,2194984,False
639,1.5031887797654075,0.5514563106796116,nan,nan,nan,10,53560,458.4941187453324,335.2,335.2,32796800,32796800,3352,20957155200,20957155200,2198336,False
640,1.5350220125879257,0.5434131477345522,1.5573924174823988,0.5359283680503522,4.746428390771924,10,57759,594.2691701726137,361.3,361.3,32796800,32796800,3613,20989952000,20989952000,2201949,False
641,1.5300554480556685,0.5474854095110441,nan,nan,nan,10,35811,353.49724944849345,224.4,224.4,32796800,32796800,2244,21022748800,21022748800,2204193,False
642,1.559839506038877,0.5378031383737518,nan,nan,nan,10,49070,561.983513348278,307.2,307.2,32796800,32796800,3072,21055545600,21055545600,2207265,False
643,1.5005227662131362,0.5540050799157478,nan,nan,nan,10,64568,624.7108319910792,403.8,403.8,32796800,32796800,4038,21088342400,21088342400,2211303,False
644,1.4954089187446389,0.5527000853864257,nan,nan,nan,10,96034,1003.0335193785535,600.7,600.7,32796800,32796800,6007,21121139200,21121139200,2217310,False
645,1.5158821839775858,0.5519683717238326,nan,nan,nan,10,65511,548.1718642670696,410.1,410.1,32796800,32796800,4101,21153936000,21153936000,2221411,False
646,1.5520117020308686,0.54126004768811,nan,nan,nan,10,40681,589.1531181632703,254.6,254.6,32796800,32796800,2546,21186732800,21186732800,2223957,False
647,1.526905954148661,0.5402874683475124,nan,nan,nan,10,54893,796.5593973730712,343.7,343.7,32796800,32796800,3437,21219529600,21219529600,2227394,False
648,1.5226398022357113,0.5437342860923647,nan,nan,nan,10,60456,614.1947532089453,378.2,378.2,32796800,32796800,3782,21252326400,21252326400,2231176,False
649,1.5261426451166349,0.5429745705817819,nan,nan,nan,10,61071,589.1728152478263,382.2,382.2,32796800,32796800,3822,21285123200,21285123200,2234998,False
650,1.5251603792598276,0.547383773928897,1.5576431961694115,0.5374269444028174,4.747618843115561,10,54850,600.0688787602553,343.4,343.4,32796800,32796800,3434,21317920000,21317920000,2238432,False
651,1.4756854814488625,0.5584177351052827,nan,nan,nan,10,51243,480.49208672404035,320.7,320.7,32796800,32796800,3207,21350716800,21350716800,2241639,False
652,1.527625794866075,0.5437358916478555,nan,nan,nan,10,31896,479.20836468522697,199.9,199.9,32796800,32796800,1999,21383513600,21383513600,2243638,False
653,1.496114971669643,0.5526586781501591,nan,nan,nan,10,42728,401.9787727017412,267.5,267.5,32796800,32796800,2675,21416310400,21416310400,2246313,False
654,1.5032237038369791,0.55,nan,nan,nan,10,45740,618.2594009619588,286.5,286.5,32796800,32796800,2865,21449107200,21449107200,2249178,False
655,1.5202060921166176,0.5460281003218351,nan,nan,nan,10,70533,725.339614081352,441.5,441.5,32796800,32796800,4415,21481904000,21481904000,2253593,False
656,1.4945578126973709,0.5514721196629745,nan,nan,nan,10,52815,564.9370822682951,330.5,330.5,32796800,32796800,3305,21514700800,21514700800,2256898,False
657,1.513802431624516,0.5504656878597762,nan,nan,nan,10,61844,712.5369478041524,386.9,386.9,32796800,32796800,3869,21547497600,21547497600,2260767,False
658,1.5159639562452016,0.5467937774538201,nan,nan,nan,10,52133,598.8460859724166,326.4,326.4,32796800,32796800,3264,21580294400,21580294400,2264031,False
659,1.5049944594782532,0.5536093707436666,nan,nan,nan,10,36710,383.5775810405884,230.0,230.0,32796800,32796800,2300,21613091200,21613091200,2266331,False
660,1.533032723328684,0.5458937198067633,1.550403944952599,0.5372396223587592,4.713373741630969,10,29601,324.92436066349103,185.5,185.5,32796800,32796800,1855,21645888000,21645888000,2268186,False
661,1.4800952146601172,0.5590538653278413,nan,nan,nan,10,56567,483.3498682977708,354.0,354.0,32796800,32796800,3540,21678684800,21678684800,2271726,False
662,1.505126445414407,0.5534988777452624,nan,nan,nan,10,70394,724.0759439724977,440.5,440.5,32796800,32796800,4405,21711481600,21711481600,2276131,False
663,1.5265777386767867,0.5466272000464313,nan,nan,nan,10,68919,806.8373597991845,431.1,431.1,32796800,32796800,4311,21744278400,21744278400,2280442,False
664,1.509560901963688,0.5543527162298953,nan,nan,nan,10,35564,420.4477561579125,222.9,222.9,32796800,32796800,2229,21777075200,21777075200,2282671,False
665,1.5170136641581413,0.5478361639879935,nan,nan,nan,10,52638,735.0954253581062,329.5,329.5,32796800,32796800,3295,21809872000,21809872000,2285966,False
666,1.4849221265916575,0.556690443290884,nan,nan,nan,10,53554,605.9661276468612,335.1,335.1,32796800,32796800,3351,21842668800,21842668800,2289317,False
667,1.5384475561767375,0.5427098365019544,nan,nan,nan,10,71377,910.6247810919483,446.7,446.7,32796800,32796800,4467,21875465600,21875465600,2293784,False
668,1.5246495496661032,0.5464410327983252,nan,nan,nan,10,57320,582.2385205861829,358.8,358.8,32796800,32796800,3588,21908262400,21908262400,2297372,False
669,1.5481250970127902,0.5380728282672427,nan,nan,nan,10,51848,702.2533559635858,324.5,324.5,32796800,32796800,3245,21941059200,21941059200,2300617,False
670,1.5247094493899798,0.5446347572946991,1.5552080548829659,0.5390941105949348,4.736071785522809,10,73855,802.4435583237424,462.2,462.2,32796800,32796800,4622,21973856000,21973856000,2305239,False
671,1.5067323951823026,0.5528196842234672,nan,nan,nan,10,56939,494.39932208152584,356.4,356.4,32796800,32796800,3564,22006652800,22006652800,2308803,False
672,1.531069465791437,0.5421135732563838,nan,nan,nan,10,36734,296.7944138944847,230.1,230.1,32796800,32796800,2301,22039449600,22039449600,2311104,False
673,1.4803949506617622,0.5571293832317176,nan,nan,nan,10,59374,527.9283693199044,371.6,371.6,32796800,32796800,3716,22072246400,22072246400,2314820,False
674,1.5293528588003813,0.5463279989140107,nan,nan,nan,10,66299,654.3371393233683,414.8,414.8,32796800,32796800,4148,22105043200,22105043200,2318968,False
675,1.5018655890535177,0.5502900580116024,nan,nan,nan,10,49990,608.7683536707342,312.8,312.8,32796800,32796800,3128,22137840000,22137840000,2322096,False
676,1.5322148487615161,0.5454100827689993,nan,nan,nan,10,26580,304.9353649360421,166.8,166.8,32796800,32796800,1668,22170636800,22170636800,2323764,False
677,1.4784922354310597,0.5605167724388033,nan,nan,nan,10,52944,649.0638599274706,331.3,331.3,32796800,32796800,3313,22203433600,22203433600,2327077,False
678,1.5213227165524645,0.5473570051413882,nan,nan,nan,10,74688,830.4472472150816,467.3,467.3,32796800,32796800,4673,22236230400,22236230400,2331750,False
679,1.4884792023741646,0.553849847927005,nan,nan,nan,10,62470,534.1212582039379,390.9,390.9,32796800,32796800,3909,22269027200,22269027200,2335659,False
680,1.5062987919425892,0.5506333401070244,1.5432875085302187,0.5398246665667615,4.679950385714095,10,44289,479.4314163787848,277.1,277.1,32796800,32796800,2771,22301824000,22301824000,2338430,False
681,1.4749591753325848,0.5586133897856576,nan,nan,nan,10,37790,338.65636411749136,236.8,236.8,32796800,32796800,2368,22334620800,22334620800,2340798,False
682,1.5307128344822427,0.5438634872019252,nan,nan,nan,10,45710,499.21358564865454,286.3,286.3,32796800,32796800,2863,22367417600,22367417600,2343661,False
683,1.4960577322347077,0.5513675196965846,nan,nan,nan,10,51151,760.1007213935211,320.2,320.2,32796800,32796800,3202,22400214400,22400214400,2346863,False
684,1.4827960262573177,0.55784818319105,nan,nan,nan,10,64894,970.0319289918945,406.2,406.2,32796800,32796800,4062,22433011200,22433011200,2350925,False
685,1.4902435041249085,0.5552112463154713,nan,nan,nan,10,39693,370.2006147179603,248.5,248.5,32796800,32796800,2485,22465808000,22465808000,2353410,False
686,1.5183495903814006,0.551815898954312,nan,nan,nan,10,26681,308.83426408305536,167.2,167.2,32796800,32796800,1672,22498604800,22498604800,2355082,False
687,1.497929165089725,0.5533836381237817,nan,nan,nan,10,75407,802.8341268052038,471.8,471.8,32796800,32796800,4718,22531401600,22531401600,2359800,False
688,1.4799516174820933,0.5587329905201666,nan,nan,nan,10,57174,642.6281176758666,357.8,357.8,32796800,32796800,3578,22564198400,22564198400,2363378,False
689,1.5238693059210628,0.5490313690524439,nan,nan,nan,10,61685,648.1269028126774,386.0,386.0,32796800,32796800,3860,22596995200,22596995200,2367238,False
690,1.4775519640049344,0.5549051550376894,1.5416703541811556,0.5401056496328488,4.672388299772545,10,36217,431.6317751332248,226.7,226.7,32796800,32796800,2267,22629792000,22629792000,2369505,False
691,1.522779651736981,0.5463844855002377,nan,nan,nan,10,61001,521.2016524319274,381.7,381.7,32796800,32796800,3817,22662588800,22662588800,2373322,False
692,1.4896815633173486,0.5558424402545935,nan,nan,nan,10,49962,453.65721948680994,312.7,312.7,32796800,32796800,3127,22695385600,22695385600,2376449,False
693,1.5249007954058702,0.5450137166260963,nan,nan,nan,10,51762,625.0917275221206,324.0,324.0,32796800,32796800,3240,22728182400,22728182400,2379689,False
694,1.5203990270108083,0.5484560719451607,nan,nan,nan,10,63604,701.8055939877994,398.1,398.1,32796800,32796800,3981,22760979200,22760979200,2383670,False
695,1.4859581947450289,0.5579465906144672,nan,nan,nan,10,53998,531.6320974850921,338.0,338.0,32796800,32796800,3380,22793776000,22793776000,2387050,False
696,1.5482014765673349,0.5385398635576825,nan,nan,nan,10,39284,386.84864066795643,246.1,246.1,32796800,32796800,2461,22826572800,22826572800,2389511,False
697,1.4874454317689005,0.5578449165510124,nan,nan,nan,10,28101,278.41279669762645,176.1,176.1,32796800,32796800,1761,22859369600,22859369600,2391272,False
698,1.501540461702516,0.5490696739721493,nan,nan,nan,10,42297,513.8550724637681,264.7,264.7,32796800,32796800,2647,22892166400,22892166400,2393919,False
699,1.4641930585128637,0.5637495163162647,nan,nan,nan,10,31012,338.7630272152715,194.2,194.2,32796800,32796800,1942,22924963200,22924963200,2395861,False
700,1.4663195920282157,0.5592391679911547,1.5378081855540973,0.5432901243818372,4.654377550930169,10,57884,618.089834842098,362.3,362.3,32796800,32796800,3623,22957760000,22957760000,2399484,False
701,1.468223517494217,0.5595982643062318,nan,nan,nan,10,49087,481.39951514657645,307.3,307.3,32796800,32796800,3073,22990556800,22990556800,2402557,False
702,1.4967260244339702,0.5524653904257163,nan,nan,nan,10,40379,556.1217216870155,252.8,252.8,32796800,32796800,2528,23023353600,23023353600,2405085,False
703,1.499971848428063,0.5496121550160776,nan,nan,nan,10,65619,765.7123546533779,410.6,410.6,32796800,32796800,4106,23056150400,23056150400,2409191,False
704,1.5239442748196481,0.5457715276439993,nan,nan,nan,10,51910,586.5038720863032,324.9,324.9,32796800,32796800,3249,23088947200,23088947200,2412440,False
705,1.4937674267807748,0.5521018269285837,nan,nan,nan,10,69844,651.0198585418934,436.8,436.8,32796800,32796800,4368,23121744000,23121744000,2416808,False
706,1.5074660965543014,0.5504539910556986,nan,nan,nan,10,36895,357.1664182138501,230.9,230.9,32796800,32796800,2309,23154540800,23154540800,2419117,False
707,1.4714545634535035,0.5606595769186471,nan,nan,nan,10,52094,515.5982646753945,326.1,326.1,32796800,32796800,3261,23187337600,23187337600,2422378,False
708,1.4724264471540869,0.5601670146137787,nan,nan,nan,10,71850,520.9332915796799,449.4,449.4,32796800,32796800,4494,23220134400,23220134400,2426872,False
709,1.4937968283659546,0.5541034872161147,nan,nan,nan,10,103607,925.6199195035085,647.9,647.9,32796800,32796800,6479,23252931200,23252931200,2433351,False
710,1.4878254517983265,0.5538168255283878,1.5356451937342341,0.5436647684699536,4.644321050346009,10,60325,736.4907583920432,377.5,377.5,32796800,32796800,3775,23285728000,23285728000,2437126,False
711,1.4776074715697474,0.5553561969207634,nan,nan,nan,10,58521,582.7251414022317,366.3,366.3,32796800,32796800,3663,23318524800,23318524800,2440789,False
712,1.4960044406057578,0.5564657694558222,nan,nan,nan,10,18799,160.78700994733765,118.0,118.0,32796800,32796800,1180,23351321600,23351321600,2441969,False
713,1.4713585205134252,0.5607349165596919,nan,nan,nan,10,37392,422.7387141634574,234.1,234.1,32796800,32796800,2341,23384118400,23384118400,2444310,False
714,1.5239314760002733,0.5490346564336251,nan,nan,nan,10,41695,586.0837270655953,261.1,261.1,32796800,32796800,2611,23416915200,23416915200,2446921,False
715,1.4852095415156041,0.5560769423648673,nan,nan,nan,10,55834,703.0228534584662,349.4,349.4,32796800,32796800,3494,23449712000,23449712000,2450415,False
716,1.475067133268941,0.5577807737035474,nan,nan,nan,10,97169,760.4330702178678,607.9,607.9,32796800,32796800,6079,23482508800,23482508800,2456494,False
717,1.4841265117936495,0.5574409812152065,nan,nan,nan,10,67182,966.7029263790895,420.3,420.3,32796800,32796800,4203,23515305600,23515305600,2460697,False
718,1.514166618547431,0.5472779369627507,nan,nan,nan,10,45021,684.9473134759334,281.9,281.9,32796800,32796800,2819,23548102400,23548102400,2463516,False
719,1.4702011637764627,0.5600226426023196,nan,nan,nan,10,75963,758.9513052407093,475.3,475.3,32796800,32796800,4753,23580899200,23580899200,2468269,False
720,1.4603348001829333,0.5628627782473936,1.5654218257786576,0.5323692492132475,4.784692817041391,10,70980,935.2036489151875,444.1,444.1,32796800,32796800,4441,23613696000,23613696000,2472710,False
721,1.5122567394840436,0.5470866141732283,nan,nan,nan,10,95250,720.7323989501313,595.8,595.8,32796800,32796800,5958,23646492800,23646492800,2478668,False
722,1.4899945435256972,0.5561920758225608,nan,nan,nan,10,66682,888.5438799076211,417.2,417.2,32796800,32796800,4172,23679289600,23679289600,2482840,False
723,1.4826107310631087,0.5597353201688116,nan,nan,nan,10,38386,487.1147814307299,240.5,240.5,32796800,32796800,2405,23712086400,23712086400,2485245,False
724,1.4861766161454795,0.5551067105467591,nan,nan,nan,10,70799,677.723541292956,443.0,443.0,32796800,32796800,4430,23744883200,23744883200,2489675,False
725,1.4706111266362079,0.5588434311888403,nan,nan,nan,10,38424,370.0038777847179,240.6,240.6,32796800,32796800,2406,23777680000,23777680000,2492081,False
726,1.4863950888083675,0.5579130791307914,nan,nan,nan,10,48780,448.16303813038127,305.3,305.3,32796800,32796800,3053,23810476800,23810476800,2495134,False
727,1.4686712536024622,0.5606617362047848,nan,nan,nan,10,64497,701.9592074049955,403.7,403.7,32796800,32796800,4037,23843273600,23843273600,2499171,False
728,1.4868596841715283,0.5575227783694238,nan,nan,nan,10,67608,698.5737338776477,423.0,423.0,32796800,32796800,4230,23876070400,23876070400,2503401,False
729,1.4862451847312408,0.5564191705984604,nan,nan,nan,10,40270,399.8416687360318,252.2,252.2,32796800,32796800,2522,23908867200,23908867200,2505923,False
730,1.4678309572428332,0.5610827818162092,1.5281449972949035,0.5453506668664768,4.609618032545132,10,55302,598.9392969512857,346.1,346.1,32796800,32796800,3461,23941664000,23941664000,2509384,False
731,1.4762312058826634,0.5567604092927473,nan,nan,nan,10,62156,620.7255132247894,388.9,388.9,32796800,32796800,3889,23974460800,23974460800,2513273,False
732,1.4433522141252624,0.5692346530904195,nan,nan,nan,10,47534,636.1605587579417,297.5,297.5,32796800,32796800,2975,24007257600,24007257600,2516248,False
733,1.4888154740517443,0.5544990969935196,nan,nan,nan,10,56478,575.3934452353128,353.5,353.5,32796800,32796800,3535,24040054400,24040054400,2519783,False
734,1.4399618651085464,0.5709836688188378,nan,nan,nan,10,26330,218.46752753513107,165.1,165.1,32796800,32796800,1651,24072851200,24072851200,2521434,False
735,1.4985248467715986,0.552306785140603,nan,nan,nan,10,49181,699.4257131819198,307.9,307.9,32796800,32796800,3079,24105648000,24105648000,2524513,False
736,1.4885530218850513,0.5526371638487736,nan,nan,nan,10,98951,759.6246728178593,618.9,618.9,32796800,32796800,6189,24138444800,24138444800,2530702,False
737,1.4752590204220029,0.5635943290381804,nan,nan,nan,10,29413,246.7511984496651,184.4,184.4,32796800,32796800,1844,24171241600,24171241600,2532546,False
738,1.466685800757537,0.5621094297869688,nan,nan,nan,10,64169,704.0074958313205,401.6,401.6,32796800,32796800,4016,24204038400,24204038400,2536562,False
739,1.479031143452757,0.561542676721551,nan,nan,nan,10,38323,387.59768285363884,239.9,239.9,32796800,32796800,2399,24236835200,24236835200,2538961,False
740,1.4631729382613607,0.5650365696256991,1.5333326871688444,0.5427656226584745,4.633593436045216,10,41838,593.9713418423444,261.9,261.9,32796800,32796800,2619,24269632000,24269632000,2541580,False
741,1.4758470458043655,0.5571070194537795,nan,nan,nan,10,42254,454.9523595399252,264.5,264.5,32796800,32796800,2645,24302428800,24302428800,2544225,False
742,1.4970688161814647,0.5530251041350803,nan,nan,nan,10,62659,776.2616862701287,392.1,392.1,32796800,32796800,3921,24335225600,24335225600,2548146,False
743,1.4830120903948345,0.554904925838937,nan,nan,nan,10,31081,483.0079791512499,194.8,194.8,32796800,32796800,1948,24368022400,24368022400,2550094,False
744,1.463894550069652,0.5605419950028829,nan,nan,nan,10,31218,394.64523672240375,195.6,195.6,32796800,32796800,1956,24400819200,24400819200,2552050,False
745,1.4938999642885176,0.5563340276462792,nan,nan,nan,10,36967,314.046690291341,231.6,231.6,32796800,32796800,2316,24433616000,24433616000,2554366,False
746,1.4626890455731043,0.5605945970003116,nan,nan,nan,10,44938,535.5139080510926,281.4,281.4,32796800,32796800,2814,24466412800,24466412800,2557180,False
747,1.447794421507944,0.566627572235846,nan,nan,nan,10,46895,433.59087322742295,293.6,293.6,32796800,32796800,2936,24499209600,24499209600,2560116,False
748,1.482605111708383,0.5566047433732286,nan,nan,nan,10,68095,722.8909171011088,426.0,426.0,32796800,32796800,4260,24532006400,24532006400,2564376,False
749,1.4546911147189383,0.5625281573809882,nan,nan,nan,10,53272,535.832088151374,333.3,333.3,32796800,32796800,3333,24564803200,24564803200,2567709,False
750,1.417906051513287,0.5759532956432754,1.527393057038004,0.5445639142814327,4.606153178022589,10,59609,631.3075542283883,372.9,372.9,32796800,32796800,3729,24597600000,24597600000,2571438,False
751,1.4486999076983205,0.5686298163920187,nan,nan,nan,10,41447,406.1009481989046,259.5,259.5,32796800,32796800,2595,24630396800,24630396800,2574033,False
752,1.4781345129477876,0.5586456356736242,nan,nan,nan,10,50592,690.0814160341556,316.7,316.7,32796800,32796800,3167,24663193600,24663193600,2577200,False
753,1.474540163705916,0.5585546450784875,nan,nan,nan,10,50645,734.2025866324416,317.1,317.1,32796800,32796800,3171,24695990400,24695990400,2580371,False
754,1.4817118637729079,0.5573927930184976,nan,nan,nan,10,71847,971.2195777137529,449.4,449.4,32796800,32796800,4494,24728787200,24728787200,2584865,False
755,1.4559127838055301,0.5633024012245288,nan,nan,nan,10,52265,447.37512675786854,327.0,327.0,32796800,32796800,3270,24761584000,24761584000,2588135,False
756,1.494024549773479,0.5507371077840877,nan,nan,nan,10,69732,799.6993489359261,436.3,436.3,32796800,32796800,4363,24794380800,24794380800,2592498,False
757,1.4786755358691572,0.5555505732179424,nan,nan,nan,10,66903,718.0295352973708,418.6,418.6,32796800,32796800,4186,24827177600,24827177600,2596684,False
758,1.471303105737449,0.5582794597708507,nan,nan,nan,10,78115,788.1021186711898,488.7,488.7,32796800,32796800,4887,24859974400,24859974400,2601571,False
759,1.4798717551408982,0.554781066940152,nan,nan,nan,10,57529,734.344313302856,360.0,360.0,32796800,32796800,3600,24892771200,24892771200,2605171,False
760,1.4592589158911833,0.5632918130522729,1.5251708351009774,0.5450134871871722,4.595928648179961,10,37572,407.55014372404986,235.2,235.2,32796800,32796800,2352,24925568000,24925568000,2607523,False
761,1.4898250572366283,0.5566289921680814,nan,nan,nan,10,42646,436.0645781550438,267.0,267.0,32796800,32796800,2670,24958364800,24958364800,2610193,False
762,1.4721843333434352,0.5564951795212766,nan,nan,nan,10,48128,635.6125955784574,301.2,301.2,32796800,32796800,3012,24991161600,24991161600,2613205,False
763,1.4504325804101075,0.5640900120852392,nan,nan,nan,10,65369,970.6384371797029,409.1,409.1,32796800,32796800,4091,25023958400,25023958400,2617296,False
764,1.4671038619461714,0.5591914113210658,nan,nan,nan,10,48529,601.3194584681324,303.7,303.7,32796800,32796800,3037,25056755200,25056755200,2620333,False
765,1.4579532235833739,0.5634223395507855,nan,nan,nan,10,46214,501.929198944043,289.3,289.3,32796800,32796800,2893,25089552000,25089552000,2623226,False
766,1.4576061570405467,0.5645026469768738,nan,nan,nan,10,50246,431.8682880229273,314.6,314.6,32796800,32796800,3146,25122348800,25122348800,2626372,False
767,1.4668790057026715,0.5643454600423259,nan,nan,nan,10,49615,544.4221505593067,310.6,310.6,32796800,32796800,3106,25155145600,25155145600,2629478,False
768,1.4704304398970456,0.5595055608101497,nan,nan,nan,10,61322,579.5439972603633,383.7,383.7,32796800,32796800,3837,25187942400,25187942400,2633315,False
769,1.4192539073787747,0.5735245766891337,nan,nan,nan,10,48664,493.3347443695545,304.5,304.5,32796800,32796800,3045,25220739200,25220739200,2636360,False
770,1.4930977209694853,0.5565751057617827,1.5172607262202793,0.5477109246216094,4.5597177570197,10,33566,326.34353214562356,210.2,210.2,32796800,32796800,2102,25253536000,25253536000,2638462,False
771,1.4447632431230537,0.568101286806606,nan,nan,nan,10,48259,456.7031434551069,302.0,302.0,32796800,32796800,3020,25286332800,25286332800,2641482,False
772,1.4638282183809666,0.5604867015053427,nan,nan,nan,10,51284,604.2255284299197,321.1,321.1,32796800,32796800,3211,25319129600,25319129600,2644693,False
773,1.4729576663941897,0.56511746680286,nan,nan,nan,10,27412,205.88187655041588,172.0,172.0,32796800,32796800,1720,25351926400,25351926400,2646413,False
774,1.4934897624611678,0.5559239451644059,nan,nan,nan,10,69371,773.9570713987113,434.2,434.2,32796800,32796800,4342,25384723200,25384723200,2650755,False
775,1.4383597071124221,0.5677550329893419,nan,nan,nan,10,59110,695.1925393334462,369.9,369.9,32796800,32796800,3699,25417520000,25417520000,2654454,False
776,1.4915318414290126,0.5545162079938455,nan,nan,nan,10,57194,686.138930657062,357.8,357.8,32796800,32796800,3578,25450316800,25450316800,2658032,False
777,1.4808738771899843,0.5579362521094446,nan,nan,nan,10,52739,791.6424846887503,330.2,330.2,32796800,32796800,3302,25483113600,25483113600,2661334,False
778,1.480525094310456,0.5575255534563774,nan,nan,nan,10,61929,736.5633063669686,387.5,387.5,32796800,32796800,3875,25515910400,25515910400,2665209,False
779,1.47912238218271,0.5578301272159929,nan,nan,nan,10,58326,636.4668244007818,365.1,365.1,32796800,32796800,3651,25548707200,25548707200,2668860,False
780,1.4339809836332602,0.5685153309799574,1.5133749501879883,0.5493406264049153,4.542034094671957,10,68554,590.7406570003209,428.8,428.8,32796800,32796800,4288,25581504000,25581504000,2673148,False
781,1.4743887359108343,0.5548601758694447,nan,nan,nan,10,37869,454.0528664606934,237.2,237.2,32796800,32796800,2372,25614300800,25614300800,2675520,False
782,1.4751913223236406,0.5579157871347628,nan,nan,nan,10,45005,617.2677924675035,281.6,281.6,32796800,32796800,2816,25647097600,25647097600,2678336,False
783,1.4249372691675173,0.5718621433870641,nan,nan,nan,10,44481,627.0398821968929,278.4,278.4,32796800,32796800,2784,25679894400,25679894400,2681120,False
784,1.4694829765746102,0.5637518205651034,nan,nan,nan,10,85825,839.9781765219924,536.9,536.9,32796800,32796800,5369,25712691200,25712691200,2686489,False
785,1.4698719671984826,0.5613559596286483,nan,nan,nan,10,49441,543.0142796464473,309.5,309.5,32796800,32796800,3095,25745488000,25745488000,2689584,False
786,1.4728967471890402,0.560185520689905,nan,nan,nan,10,55196,601.2234401043555,345.4,345.4,32796800,32796800,3454,25778284800,25778284800,2693038,False
787,1.4386620166942574,0.5710079983325952,nan,nan,nan,10,38383,338.05564963655786,240.4,240.4,32796800,32796800,2404,25811081600,25811081600,2695442,False
788,1.4746903746652475,0.5603136989392914,nan,nan,nan,10,35448,304.8452098849018,222.0,222.0,32796800,32796800,2220,25843878400,25843878400,2697662,False
789,1.4709154848434671,0.5593164977509005,nan,nan,nan,10,107154,1059.1857886779776,670.2,670.2,32796800,32796800,6702,25876675200,25876675200,2704364,False
790,1.4601701547305028,0.5607795299892712,1.5136430599549069,0.549883860332684,4.543252021636177,10,68041,728.934657045017,425.8,425.8,32796800,32796800,4258,25909472000,25909472000,2708622,False
791,1.4616574619121951,0.5633668787151945,nan,nan,nan,10,76712,702.3371180519345,480.0,480.0,32796800,32796800,4800,25942268800,25942268800,2713422,False
792,1.4511286746021268,0.5664628868210344,nan,nan,nan,10,36968,464.2347706124215,231.4,231.4,32796800,32796800,2314,25975065600,25975065600,2715736,False
793,1.4702793790290385,0.5603220176771941,nan,nan,nan,10,71052,598.3430023081686,444.5,444.5,32796800,32796800,4445,26007862400,26007862400,2720181,False
794,1.462701496862164,0.5621897407611693,nan,nan,nan,10,43512,415.3619461298033,272.4,272.4,32796800,32796800,2724,26040659200,26040659200,2722905,False
795,1.4581166063627193,0.5644544135110173,nan,nan,nan,10,37895,399.6138012930466,237.2,237.2,32796800,32796800,2372,26073456000,26073456000,2725277,False
796,1.4858027398049087,0.5545040985365435,nan,nan,nan,10,93204,858.196654650015,583.1,583.1,32796800,32796800,5831,26106252800,26106252800,2731108,False
797,1.4698729095918428,0.5614851614590143,nan,nan,nan,10,38245,374.0368937115963,239.5,239.5,32796800,32796800,2395,26139049600,26139049600,2733503,False
798,1.4712359065529617,0.5599975040039936,nan,nan,nan,10,48077,644.5795078727875,301.0,301.0,32796800,32796800,3010,26171846400,26171846400,2736513,False
799,1.4604303243463073,0.5620329105245114,nan,nan,nan,10,58340,893.2685807336304,365.2,365.2,32796800,32796800,3652,26204643200,26204643200,2740165,False
800,1.4784416570703587,0.5576524112829845,1.5128086716378806,0.5492282331784805,4.539462766303049,10,54950,499.3669335759782,344.0,344.0,32796800,32796800,3440,26237440000,26237440000,2743605,False
801,1.4914488492058773,0.5524580846831486,nan,nan,nan,10,70380,795.8149758454106,440.4,440.4,32796800,32796800,4404,26270236800,26270236800,2748009,False
802,1.4762628571130039,0.5588204094621831,nan,nan,nan,10,47135,533.4878328206215,295.2,295.2,32796800,32796800,2952,26303033600,26303033600,2750961,False
803,1.45905770733183,0.5636016139307709,nan,nan,nan,10,51799,436.59879534353945,324.2,324.2,32796800,32796800,3242,26335830400,26335830400,2754203,False
804,1.4491686766588148,0.5679572813366327,nan,nan,nan,10,53747,691.3489683145107,336.4,336.4,32796800,32796800,3364,26368627200,26368627200,2757567,False
805,1.4366621120671432,0.5714047619047619,nan,nan,nan,10,42000,463.11630952380955,263.0,263.0,32796800,32796800,2630,26401424000,26401424000,2760197,False
806,1.4356422464466623,0.5690004756063981,nan,nan,nan,10,79898,772.4071566246965,499.9,499.9,32796800,32796800,4999,26434220800,26434220800,2765196,False
807,1.4285284924355648,0.568973944429823,nan,nan,nan,10,53194,568.8124600518855,333.1,333.1,32796800,32796800,3331,26467017600,26467017600,2768527,False
808,1.4243420204367485,0.5726392626271999,nan,nan,nan,10,64662,753.9291237511984,404.6,404.6,32796800,32796800,4046,26499814400,26499814400,2772573,False
809,1.4443554331373967,0.5706659973226238,nan,nan,nan,10,59760,556.9213353413655,373.9,373.9,32796800,32796800,3739,26532611200,26532611200,2776312,False
810,1.4460709012752935,0.5672473529910596,1.5955735070227004,0.5214296418402518,4.931156314096236,10,41273,1108.0266518062656,258.4,258.4,32796800,32796800,2584,26565408000,26565408000,2778896,False
811,1.4326517306968505,0.5683161387319198,nan,nan,nan,10,77156,949.9632692207995,482.7,482.7,32796800,32796800,4827,26598204800,26598204800,2783723,False
812,1.4590381608638885,0.561532303727278,nan,nan,nan,10,51217,544.4226331101002,320.6,320.6,32796800,32796800,3206,26631001600,26631001600,2786929,False
813,1.413188772483836,0.5743772599437525,nan,nan,nan,10,59736,607.1398319271461,373.9,373.9,32796800,32796800,3739,26663798400,26663798400,2790668,False
814,1.4124990703618479,0.5745609779761327,nan,nan,nan,10,51535,598.3084505675754,322.5,322.5,32796800,32796800,3225,26696595200,26696595200,2793893,False
815,1.4919438471131417,0.5510279234549402,nan,nan,nan,10,78751,863.6471663851888,492.7,492.7,32796800,32796800,4927,26729392000,26729392000,2798820,False
816,1.4400646908755508,0.5670542000982479,nan,nan,nan,10,42749,509.4247818662424,267.6,267.6,32796800,32796800,2676,26762188800,26762188800,2801496,False
817,1.4475782650851472,0.5652745452978192,nan,nan,nan,10,46404,596.6997241617102,290.4,290.4,32796800,32796800,2904,26794985600,26794985600,2804400,False
818,1.4390624077437675,0.5667655786350149,nan,nan,nan,10,49539,629.452310300975,310.1,310.1,32796800,32796800,3101,26827782400,26827782400,2807501,False
819,1.4683923363694573,0.5588928636191293,nan,nan,nan,10,60661,712.7430968826759,379.7,379.7,32796800,32796800,3797,26860579200,26860579200,2811298,False
820,1.4639365458363425,0.5606133205558218,1.5355092728314828,0.5433275887906489,4.64368983293497,10,50088,702.6150175690784,313.7,313.7,32796800,32796800,3137,26893376000,26893376000,2814435,False
821,1.488268178407418,0.553818093385214,nan,nan,nan,10,41120,589.406590466926,257.4,257.4,32796800,32796800,2574,26926172800,26926172800,2817009,False
822,1.4384832710515578,0.5659220503178074,nan,nan,nan,10,48929,490.68254000694884,306.3,306.3,32796800,32796800,3063,26958969600,26958969600,2820072,False
823,1.44176302588465,0.5671526235830314,nan,nan,nan,10,68456,737.3262971835924,428.4,428.4,32796800,32796800,4284,26991766400,26991766400,2824356,False
824,1.4649187503085515,0.5630515158984472,nan,nan,nan,10,40570,389.8517623859995,253.9,253.9,32796800,32796800,2539,27024563200,27024563200,2826895,False
825,1.4132928587707894,0.5751574462830329,nan,nan,nan,10,64784,495.41592059767845,405.4,405.4,32796800,32796800,4054,27057360000,27057360000,2830949,False
826,1.4394346402440485,0.568813502393148,nan,nan,nan,10,47636,554.1580107481736,298.2,298.2,32796800,32796800,2982,27090156800,27090156800,2833931,False
827,1.4641515103888216,0.5581722122302158,nan,nan,nan,10,53376,658.7612410071943,334.2,334.2,32796800,32796800,3342,27122953600,27122953600,2837273,False
828,1.4673154421287515,0.5593872089088504,nan,nan,nan,10,32507,280.9844956470914,203.7,203.7,32796800,32796800,2037,27155750400,27155750400,2839310,False
829,1.4388521221853603,0.5667519466073415,nan,nan,nan,10,89900,739.33829810901,562.3,562.3,32796800,32796800,5623,27188547200,27188547200,2844933,False
830,1.4283817425873417,0.5711119916640984,1.514457822810687,0.5478795144612618,4.546955203030319,10,68139,912.4375174276113,426.4,426.4,32796800,32796800,4264,27221344000,27221344000,2849197,False
831,1.4315115783401082,0.5672163997519044,nan,nan,nan,10,62879,584.8273668474371,393.4,393.4,32796800,32796800,3934,27254140800,27254140800,2853131,False
832,1.4499985204181578,0.5657305971300726,nan,nan,nan,10,51848,588.2841575374172,324.5,324.5,32796800,32796800,3245,27286937600,27286937600,2856376,False
833,1.4778467582127996,0.5571231314162214,nan,nan,nan,10,66628,639.5907426307258,416.8,416.8,32796800,32796800,4168,27319734400,27319734400,2860544,False
834,1.4270242534303643,0.5712403425765108,nan,nan,nan,10,66788,736.7225848954902,417.9,417.9,32796800,32796800,4179,27352531200,27352531200,2864723,False
835,1.4555779685279016,0.5630664547254525,nan,nan,nan,10,35859,357.2126662762486,224.6,224.6,32796800,32796800,2246,27385328000,27385328000,2866969,False
836,1.4511717613359605,0.5643710437389938,nan,nan,nan,10,84044,871.3755294845558,525.7,525.7,32796800,32796800,5257,27418124800,27418124800,2872226,False
837,1.4190531441517051,0.5723092603856713,nan,nan,nan,10,60829,514.1026648473589,380.7,380.7,32796800,32796800,3807,27450921600,27450921600,2876033,False
838,1.4140183523591434,0.5756336728601668,nan,nan,nan,10,55273,988.5063955276536,345.8,345.8,32796800,32796800,3458,27483718400,27483718400,2879491,False
839,1.4349838967646344,0.5688867105128176,nan,nan,nan,10,87731,770.8467930378087,548.8,548.8,32796800,32796800,5488,27516515200,27516515200,2884979,False
840,1.4422314787696422,0.5665077524374007,1.5041381864556305,0.550183575603177,4.5002735618718885,10,46566,473.87632607481856,291.4,291.4,32796800,32796800,2914,27549312000,27549312000,2887893,False
841,1.4646715016266638,0.5643260562615401,nan,nan,nan,10,36828,353.66058433800373,230.7,230.7,32796800,32796800,2307,27582108800,27582108800,2890200,False
842,1.4458593570982854,0.5660016853161928,nan,nan,nan,10,102058,1053.5839130690392,638.3,638.3,32796800,32796800,6383,27614905600,27614905600,2896583,False
843,1.4210200929191315,0.5729742893921999,nan,nan,nan,10,57486,638.2139129527189,359.8,359.8,32796800,32796800,3598,27647702400,27647702400,2900181,False
844,1.4027627606891773,0.5820133706898943,nan,nan,nan,10,36049,358.87722266914477,225.7,225.7,32796800,32796800,2257,27680499200,27680499200,2902438,False
845,1.455717233634053,0.5611754548860545,nan,nan,nan,10,61389,637.5205167049471,384.2,384.2,32796800,32796800,3842,27713296000,27713296000,2906280,False
846,1.4201326556932057,0.5731113894777414,nan,nan,nan,10,41512,433.1181826941608,260.0,260.0,32796800,32796800,2600,27746092800,27746092800,2908880,False
847,1.4606148017149132,0.5616534109156859,nan,nan,nan,10,52933,603.0688606351425,331.3,331.3,32796800,32796800,3313,27778889600,27778889600,2912193,False
848,1.4458432519609776,0.5667469795376772,nan,nan,nan,10,57276,703.0704308960122,358.6,358.6,32796800,32796800,3586,27811686400,27811686400,2915779,False
849,1.4394280401645323,0.5686900404212133,nan,nan,nan,10,57643,688.3595406207172,360.6,360.6,32796800,32796800,3606,27844483200,27844483200,2919385,False
850,1.4918134987463645,0.5550769840091093,1.495077496576788,0.552600029971527,4.459682149556524,10,20199,156.46536957275111,126.8,126.8,32796800,32796800,1268,27877280000,27877280000,2920653,False
851,1.4139724533253926,0.5768257134090212,nan,nan,nan,10,52144,646.1859466093892,326.3,326.3,32796800,32796800,3263,27910076800,27910076800,2923916,False
852,1.413133270461587,0.5745638418976518,nan,nan,nan,10,37773,406.03751356789246,236.5,236.5,32796800,32796800,2365,27942873600,27942873600,2926281,False
853,1.4379744182847884,0.5714489582342308,nan,nan,nan,10,42044,351.97214822566826,263.1,263.1,32796800,32796800,2631,27975670400,27975670400,2928912,False
854,1.396321732298092,0.5801926233315785,nan,nan,nan,10,32291,301.3089715400576,202.3,202.3,32796800,32796800,2023,28008467200,28008467200,2930935,False
855,1.4169471053496352,0.5754504919482625,nan,nan,nan,10,81411,1016.315743572736,509.3,509.3,32796800,32796800,5093,28041264000,28041264000,2936028,False
856,1.407131361656239,0.5760972916602767,nan,nan,nan,10,65206,1152.9670735821858,407.9,407.9,32796800,32796800,4079,28074060800,28074060800,2940107,False
857,1.4095350446139763,0.5733227589283502,nan,nan,nan,10,40349,390.8802696473271,252.7,252.7,32796800,32796800,2527,28106857600,28106857600,2942634,False
858,1.447677070982936,0.5644204014855683,nan,nan,nan,10,83739,792.8638985418979,523.9,523.9,32796800,32796800,5239,28139654400,28139654400,2947873,False
859,1.441768608316499,0.5674972108590554,nan,nan,nan,10,48402,459.17152183794053,302.9,302.9,32796800,32796800,3029,28172451200,28172451200,2950902,False
860,1.4231517111159484,0.5727572016460906,1.4987347424164288,0.5536115690094411,4.476022165058053,10,72900,778.8991632373114,456.1,456.1,32796800,32796800,4561,28205248000,28205248000,2955463,False
861,1.4610624872430256,0.5620564379858061,nan,nan,nan,10,71016,762.4560380759265,444.2,444.2,32796800,32796800,4442,28238044800,28238044800,2959905,False
862,1.4549270725115677,0.5637346608745283,nan,nan,nan,10,63074,684.9334274027333,394.7,394.7,32796800,32796800,3947,28270841600,28270841600,2963852,False
863,1.4648056381343908,0.5603257797646575,nan,nan,nan,10,38922,594.6963927855711,243.8,243.8,32796800,32796800,2438,28303638400,28303638400,2966290,False
864,1.4453036694512964,0.5674560494358293,nan,nan,nan,10,51137,679.3810743688523,319.9,319.9,32796800,32796800,3199,28336435200,28336435200,2969489,False
865,1.427191402097842,0.5720242077259362,nan,nan,nan,10,64277,935.9420788151282,402.2,402.2,32796800,32796800,4022,28369232000,28369232000,2973511,False
866,1.4200815688379393,0.5719251137465503,nan,nan,nan,10,67035,638.9213843514582,419.5,419.5,32796800,32796800,4195,28402028800,28402028800,2977706,False
867,1.4413941564836983,0.5699746539286411,nan,nan,nan,10,25645,306.4602066679665,160.8,160.8,32796800,32796800,1608,28434825600,28434825600,2979314,False
868,1.4432172167051895,0.564851962256539,nan,nan,nan,10,44617,719.1074478337853,279.3,279.3,32796800,32796800,2793,28467622400,28467622400,2982107,False
869,1.4610233486043926,0.5615892605824402,nan,nan,nan,10,46185,347.38521164880376,289.2,289.2,32796800,32796800,2892,28500419200,28500419200,2984999,False
870,1.4098031935239035,0.575474794841735,1.4955257516776927,0.5530870672860783,4.461681672943275,10,63975,688.1969363032433,400.3,400.3,32796800,32796800,4003,28533216000,28533216000,2989002,False
871,1.4356704742219955,0.5700166907338297,nan,nan,nan,10,53323,446.9480336815257,333.7,333.7,32796800,32796800,3337,28566012800,28566012800,2992339,False
872,1.396779920002492,0.5780976048543245,nan,nan,nan,10,65591,1003.3128630452348,410.3,410.3,32796800,32796800,4103,28598809600,28598809600,2996442,False
873,1.4352717680698452,0.5666266506602641,nan,nan,nan,10,47481,465.39125123733703,297.3,297.3,32796800,32796800,2973,28631606400,28631606400,2999415,False
874,1.4446054450036951,0.5680450491819127,nan,nan,nan,10,41377,536.3916185320347,259.2,259.2,32796800,32796800,2592,28664403200,28664403200,3002007,False
875,1.4204995814099217,0.5741861606412564,nan,nan,nan,10,73356,589.9284993729211,458.9,458.9,32796800,32796800,4589,28697200000,28697200000,3006596,False
876,1.4188606299898052,0.5736131102512975,nan,nan,nan,10,75727,746.5015912422255,473.9,473.9,32796800,32796800,4739,28729996800,28729996800,3011335,False
877,1.4285404079638668,0.5728726024837334,nan,nan,nan,10,58863,670.9945296705911,368.4,368.4,32796800,32796800,3684,28762793600,28762793600,3015019,False
878,1.4170756394208432,0.5752708101651633,nan,nan,nan,10,48558,589.6619300630175,304.0,304.0,32796800,32796800,3040,28795590400,28795590400,3018059,False
879,1.4245873449001296,0.5725497138136544,nan,nan,nan,10,67788,693.1185460553489,424.1,424.1,32796800,32796800,4241,28828387200,28828387200,3022300,False
880,1.4135216533145207,0.5770210115591053,1.5065545968953662,0.5510452570058445,4.511161219114988,10,54589,676.66489585814,341.7,341.7,32796800,32796800,3417,28861184000,28861184000,3025717,False
881,1.4246079093195114,0.5725832266325224,nan,nan,nan,10,37488,523.4401941954759,234.8,234.8,32796800,32796800,2348,28893980800,28893980800,3028065,False
882,1.3911935897431904,0.5819102987005886,nan,nan,nan,10,54871,585.250897559731,343.3,343.3,32796800,32796800,3433,28926777600,28926777600,3031498,False
883,1.4141935262045604,0.572940063837333,nan,nan,nan,10,67672,628.6702181108878,423.3,423.3,32796800,32796800,4233,28959574400,28959574400,3035731,False
884,1.4125289084319343,0.5738149076167777,nan,nan,nan,10,49089,521.1733382224124,307.2,307.2,32796800,32796800,3072,28992371200,28992371200,3038803,False
885,1.4323718935990983,0.5674182687402527,nan,nan,nan,10,68609,629.8725240128847,429.2,429.2,32796800,32796800,4292,29025168000,29025168000,3043095,False
886,1.4284163700918044,0.5719283671741457,nan,nan,nan,10,62597,730.5125325494832,391.8,391.8,32796800,32796800,3918,29057964800,29057964800,3047013,False
887,1.4174695318022092,0.5717229397583871,nan,nan,nan,10,74251,629.3954559534551,464.7,464.7,32796800,32796800,4647,29090761600,29090761600,3051660,False
888,1.425985116064941,0.5731842885375494,nan,nan,nan,10,48576,538.0049201251647,304.1,304.1,32796800,32796800,3041,29123558400,29123558400,3054701,False
889,1.4567467619353047,0.5643561167300135,nan,nan,nan,10,62092,664.1278103459382,388.6,388.6,32796800,32796800,3886,29156355200,29156355200,3058587,False
890,1.4455235271066322,0.5672320376914016,1.5018797443132073,0.5508766671661921,4.490121422731892,10,42450,585.9666195524146,265.7,265.7,32796800,32796800,2657,29189152000,29189152000,3061244,False
891,1.399715672940459,0.579302605739558,nan,nan,nan,10,60597,947.386339257719,379.0,379.0,32796800,32796800,3790,29221948800,29221948800,3065034,False
892,1.4290608368969016,0.5692626987477135,nan,nan,nan,10,85284,1146.5295717836875,533.5,533.5,32796800,32796800,5335,29254745600,29254745600,3070369,False
893,1.405450336671069,0.5744389261116056,nan,nan,nan,10,85372,1039.4804034109545,534.0,534.0,32796800,32796800,5340,29287542400,29287542400,3075709,False
894,1.382144053921546,0.5824745124113475,nan,nan,nan,10,36096,341.32252881205676,226.1,226.1,32796800,32796800,2261,29320339200,29320339200,3077970,False
895,1.4110294964863854,0.5779807484104643,nan,nan,nan,10,50801,621.1297809098247,318.1,318.1,32796800,32796800,3181,29353136000,29353136000,3081151,False
896,1.3985803552096436,0.5779921480650589,nan,nan,nan,10,44575,404.19580482333146,279.0,279.0,32796800,32796800,2790,29385932800,29385932800,3083941,False
897,1.4438877559672212,0.566816010663902,nan,nan,nan,10,54014,712.568019402377,338.1,338.1,32796800,32796800,3381,29418729600,29418729600,3087322,False
898,1.4088598372275223,0.5732248094753614,nan,nan,nan,10,52093,469.6961012036166,326.0,326.0,32796800,32796800,3260,29451526400,29451526400,3090582,False
899,1.4073865410653377,0.5789160745607516,nan,nan,nan,10,33637,359.73600499450004,210.6,210.6,32796800,32796800,2106,29484323200,29484323200,3092688,False
900,1.4093634939325408,0.5754574346632109,1.4926644069545008,0.5549977521354713,4.448933510772859,10,32409,358.175352525533,203.1,203.1,32796800,32796800,2031,29517120000,29517120000,3094719,False
901,1.4247182501114446,0.5713143386221119,nan,nan,nan,10,47522,634.2460965447583,297.5,297.5,32796800,32796800,2975,29549916800,29549916800,3097694,False
902,1.4036149118383516,0.5736945192543108,nan,nan,nan,10,57182,687.6817180231542,358.0,358.0,32796800,32796800,3580,29582713600,29582713600,3101274,False
903,1.3949015890530534,0.5799858002316804,nan,nan,nan,10,53522,731.8503605993797,334.9,334.9,32796800,32796800,3349,29615510400,29615510400,3104623,False
904,1.4035321835804895,0.5802717225110305,nan,nan,nan,10,45782,397.72237997466243,286.7,286.7,32796800,32796800,2867,29648307200,29648307200,3107490,False
905,1.448689694217211,0.5654749603912654,nan,nan,nan,10,29034,227.16418681545773,181.8,181.8,32796800,32796800,1818,29681104000,29681104000,3109308,False
906,1.4126487363984233,0.5771797565346352,nan,nan,nan,10,32366,301.2902428474325,202.7,202.7,32796800,32796800,2027,29713900800,29713900800,3111335,False
907,1.391955520214348,0.5819292588911247,nan,nan,nan,10,41249,418.1933137773037,258.1,258.1,32796800,32796800,2581,29746697600,29746697600,3113916,False
908,1.4034487151106296,0.5769298160225834,nan,nan,nan,10,51365,619.2305071546774,321.4,321.4,32796800,32796800,3214,29779494400,29779494400,3117130,False
909,1.4054584984805305,0.5781311113000596,nan,nan,nan,10,58805,580.4191820423433,368.0,368.0,32796800,32796800,3680,29812291200,29812291200,3120810,False
910,1.4047054435962316,0.5775815199374097,1.4997710079941706,0.551794545182077,4.4806629168633,10,75411,934.6960257787327,471.8,471.8,32796800,32796800,4718,29845088000,29845088000,3125528,False
911,1.4266190924568207,0.5713008590990363,nan,nan,nan,10,45862,755.5167022807552,287.1,287.1,32796800,32796800,2871,29877884800,29877884800,3128399,False
912,1.3975178916847282,0.5805258010157788,nan,nan,nan,10,84861,970.4626389036188,530.9,530.9,32796800,32796800,5309,29910681600,29910681600,3133708,False
913,1.3840469410531073,0.5849252657661258,nan,nan,nan,10,75066,938.0553912556949,469.6,469.6,32796800,32796800,4696,29943478400,29943478400,3138404,False
914,1.4250717585686759,0.5690300156116528,nan,nan,nan,10,33949,265.71527880055373,212.7,212.7,32796800,32796800,2127,29976275200,29976275200,3140531,False
915,1.3997767438412734,0.5796728483425281,nan,nan,nan,10,62173,811.9704855805575,389.1,389.1,32796800,32796800,3891,30009072000,30009072000,3144422,False
916,1.3797558756023662,0.5843907883914934,nan,nan,nan,10,34044,348.5511690753143,213.1,213.1,32796800,32796800,2131,30041868800,30041868800,3146553,False
917,1.3909362759956472,0.5812873085907085,nan,nan,nan,10,38530,366.7854139631456,241.3,241.3,32796800,32796800,2413,30074665600,30074665600,3148966,False
918,1.4144256233038046,0.5737149983668379,nan,nan,nan,10,33677,292.18502241886154,211.0,211.0,32796800,32796800,2110,30107462400,30107462400,3151076,False
919,1.417878829193267,0.5722736521539934,nan,nan,nan,10,74211,781.9574321866032,464.3,464.3,32796800,32796800,4643,30140259200,30140259200,3155719,False
920,1.4028764349706304,0.5766255044145757,1.4946242902262108,0.5516634197512363,4.457661451216037,10,32959,395.7193482811979,206.5,206.5,32796800,32796800,2065,30173056000,30173056000,3157784,False
921,1.388224751065354,0.578634466969462,nan,nan,nan,10,54162,584.5087884494664,339.0,339.0,32796800,32796800,3390,30205852800,30205852800,3161174,False
922,1.4021673590646084,0.5768733394465214,nan,nan,nan,10,85062,894.7221203357551,532.2,532.2,32796800,32796800,5322,30238649600,30238649600,3166496,False
923,1.4158615817989009,0.5731410490446635,nan,nan,nan,10,65736,768.4379944018499,411.2,411.2,32796800,32796800,4112,30271446400,30271446400,3170608,False
924,1.4276370925896413,0.5732793853196011,nan,nan,nan,10,73404,808.4838428423519,459.3,459.3,32796800,32796800,4593,30304243200,30304243200,3175201,False
925,1.4315601473571369,0.5665725516248685,nan,nan,nan,10,72252,764.0611194153796,452.1,452.1,32796800,32796800,4521,30337040000,30337040000,3179722,False
926,1.4180594479210218,0.575677327357914,nan,nan,nan,10,39272,380.20434406192703,245.9,245.9,32796800,32796800,2459,30369836800,30369836800,3182181,False
927,1.4185798757016856,0.5724306142294633,nan,nan,nan,10,62729,740.3400500565926,392.6,392.6,32796800,32796800,3926,30402633600,30402633600,3186107,False
928,1.4078782306275504,0.5789707642332023,nan,nan,nan,10,58490,707.2897418362113,366.0,366.0,32796800,32796800,3660,30435430400,30435430400,3189767,False
929,1.3902585332920046,0.579245553643144,nan,nan,nan,10,41832,548.5852218397399,261.9,261.9,32796800,32796800,2619,30468227200,30468227200,3192386,False
930,1.4408424711584467,0.5678997273430187,1.4866913598319427,0.5560654877866027,4.422439026440495,10,49146,405.59315101941155,307.5,307.5,32796800,32796800,3075,30501024000,30501024000,3195461,False
931,1.4208285580931663,0.5705707196029777,nan,nan,nan,10,60450,611.7678411910672,378.4,378.4,32796800,32796800,3784,30533820800,30533820800,3199245,False
932,1.4459340185006573,0.5643435770061203,nan,nan,nan,10,61599,771.1861556194094,385.6,385.6,32796800,32796800,3856,30566617600,30566617600,3203101,False
933,1.402274656394194,0.5761110374732537,nan,nan,nan,10,52811,554.5768495199865,330.6,330.6,32796800,32796800,3306,30599414400,30599414400,3206407,False
934,1.4082671505695858,0.575891914713954,nan,nan,nan,10,71055,662.6007318274576,444.5,444.5,32796800,32796800,4445,30632211200,30632211200,3210852,False
935,1.409210817350725,0.5753831882102423,nan,nan,nan,10,47431,501.95954122831057,297.1,297.1,32796800,32796800,2971,30665008000,30665008000,3213823,False
936,1.410954665604666,0.5739470446463182,nan,nan,nan,10,59333,774.2271080174605,371.3,371.3,32796800,32796800,3713,30697804800,30697804800,3217536,False
937,1.4252528199346086,0.5716760502381983,nan,nan,nan,10,48489,512.2479737672463,303.5,303.5,32796800,32796800,3035,30730601600,30730601600,3220571,False
938,1.414432453584605,0.5744975744975745,nan,nan,nan,10,43290,374.0962808962808,271.1,271.1,32796800,32796800,2711,30763398400,30763398400,3223282,False
939,1.3663250603078156,0.5881494454173963,nan,nan,nan,10,47964,983.3371903927948,300.2,300.2,32796800,32796800,3002,30796195200,30796195200,3226284,False
940,1.431330678381455,0.5685059718057879,1.4920877400642212,0.5562528098306608,4.446368697712604,10,60367,612.7448440373051,377.7,377.7,32796800,32796800,3777,30828992000,30828992000,3230061,False
941,1.4462736829406448,0.5665335994677312,nan,nan,nan,10,30060,339.3448436460412,188.3,188.3,32796800,32796800,1883,30861788800,30861788800,3231944,False
942,1.38460305565103,0.5834229766441191,nan,nan,nan,10,54847,571.3810782722848,343.2,343.2,32796800,32796800,3432,30894585600,30894585600,3235376,False
943,1.397261891002593,0.5790215926541101,nan,nan,nan,10,63818,796.0699645867937,399.3,399.3,32796800,32796800,3993,30927382400,30927382400,3239369,False
944,1.378421369690266,0.5822369966640041,nan,nan,nan,10,85132,923.8916623596298,532.5,532.5,32796800,32796800,5325,30960179200,30960179200,3244694,False
945,1.404795934927303,0.5773187053930546,nan,nan,nan,10,58427,934.3183973163093,365.6,365.6,32796800,32796800,3656,30992976000,30992976000,3248350,False
946,1.3942932513522361,0.5795715116876006,nan,nan,nan,10,58438,665.7142954926588,365.6,365.6,32796800,32796800,3656,31025772800,31025772800,3252006,False
947,1.3878973801992802,0.581265544565909,nan,nan,nan,10,34578,541.7144716293598,216.7,216.7,32796800,32796800,2167,31058569600,31058569600,3254173,False
948,1.4216977917236284,0.5735240666701282,nan,nan,nan,10,38518,320.64276442182876,241.2,241.2,32796800,32796800,2412,31091366400,31091366400,3256585,False
949,1.372409130838027,0.5896242923314462,nan,nan,nan,10,48575,535.2207308286155,304.0,304.0,32796800,32796800,3040,31124163200,31124163200,3259625,False
950,1.4054340178766092,0.5762725898938043,1.5049017480908529,0.5499962535591189,4.5037111103347875,10,48307,660.9842258885875,302.4,302.4,32796800,32796800,3024,31156960000,31156960000,3262649,False
951,1.3646192913493884,0.5867064808670648,nan,nan,nan,10,36168,364.1814863968149,226.4,226.4,32796800,32796800,2264,31189756800,31189756800,3264913,False
952,1.4162931702216202,0.5773400680516516,nan,nan,nan,10,47317,394.55170446139863,296.3,296.3,32796800,32796800,2963,31222553600,31222553600,3267876,False
953,1.3932326743039711,0.5780869933070449,nan,nan,nan,10,66189,898.0986568765202,414.1,414.1,32796800,32796800,4141,31255350400,31255350400,3272017,False
954,1.3897303086932462,0.5820833128411941,nan,nan,nan,10,40666,338.63069886391577,254.7,254.7,32796800,32796800,2547,31288147200,31288147200,3274564,False
955,1.4113530791314852,0.5750512214342002,nan,nan,nan,10,63450,655.6939637509851,397.1,397.1,32796800,32796800,3971,31320944000,31320944000,3278535,False
956,1.4139527446507136,0.5745346412296285,nan,nan,nan,10,51788,704.5536996987721,324.0,324.0,32796800,32796800,3240,31353740800,31353740800,3281775,False
957,1.420814360393483,0.5735329924519114,nan,nan,nan,10,57498,540.1634665553584,359.8,359.8,32796800,32796800,3598,31386537600,31386537600,3285373,False
958,1.38440624476718,0.581051455989411,nan,nan,nan,10,96704,903.6470363170085,604.9,604.9,32796800,32796800,6049,31419334400,31419334400,3291422,False
959,1.407550979604134,0.5742682210852973,nan,nan,nan,10,83461,843.5171037969828,522.1,522.1,32796800,32796800,5221,31452131200,31452131200,3296643,False
960,1.3844111937240167,0.5830227297209953,1.4785662261010217,0.5572081522553574,4.386651703210521,10,46415,450.52459334266933,290.6,290.6,32796800,32796800,2906,31484928000,31484928000,3299549,False
961,1.3875025919074229,0.5860692545654126,nan,nan,nan,10,30063,277.452649436184,188.3,188.3,32796800,32796800,1883,31517724800,31517724800,3301432,False
962,1.3814336951815291,0.5793428364339213,nan,nan,nan,10,41390,449.24757187726505,259.3,259.3,32796800,32796800,2593,31550521600,31550521600,3304025,False
963,1.383820348215102,0.5820928824148153,nan,nan,nan,10,94119,1043.4811462085233,588.8,588.8,32796800,32796800,5888,31583318400,31583318400,3309913,False
964,1.4114775146458274,0.5768307410263499,nan,nan,nan,10,68729,748.8852449475477,430.0,430.0,32796800,32796800,4300,31616115200,31616115200,3314213,False
965,1.3936512211892313,0.5854927035212776,nan,nan,nan,10,32687,317.16505032581756,204.6,204.6,32796800,32796800,2046,31648912000,31648912000,3316259,False
966,1.3846435930937766,0.5840540119743528,nan,nan,nan,10,70651,657.9114803753662,442.0,442.0,32796800,32796800,4420,31681708800,31681708800,3320679,False
967,1.3459821680566215,0.5923803542925923,nan,nan,nan,10,38217,423.4044273490855,239.3,239.3,32796800,32796800,2393,31714505600,31714505600,3323072,False
968,1.4049630733749843,0.5752651771609117,nan,nan,nan,10,53172,517.8483600391182,332.7,332.7,32796800,32796800,3327,31747302400,31747302400,3326399,False
969,1.3902014292109153,0.5812807881773399,nan,nan,nan,10,64757,722.728508114953,405.2,405.2,32796800,32796800,4052,31780099200,31780099200,3330451,False
970,1.4141965848107891,0.577317645088351,1.4765607855513985,0.5590251760827214,4.377863349213973,10,47764,359.1325475253329,299.0,299.0,32796800,32796800,2990,31812896000,31812896000,3333441,False
971,1.4318942209538061,0.5709489021387436,nan,nan,nan,10,49141,676.6764616104678,307.6,307.6,32796800,32796800,3076,31845692800,31845692800,3336517,False
972,1.4168681475099274,0.5733753551136364,nan,nan,nan,10,67584,769.8504379734848,422.9,422.9,32796800,32796800,4229,31878489600,31878489600,3340746,False
973,1.4098922632598228,0.5747715941890699,nan,nan,nan,10,41921,559.0320603039049,262.5,262.5,32796800,32796800,2625,31911286400,31911286400,3343371,False
974,1.3754895009243557,0.5869568949238666,nan,nan,nan,10,58253,635.4739498394931,364.4,364.4,32796800,32796800,3644,31944083200,31944083200,3347015,False
975,1.3998407216450706,0.5752866972477064,nan,nan,nan,10,52320,516.4634747706422,327.6,327.6,32796800,32796800,3276,31976880000,31976880000,3350291,False
976,1.424171183041757,0.5732122089833893,nan,nan,nan,10,45573,442.9237048252254,285.4,285.4,32796800,32796800,2854,32009676800,32009676800,3353145,False
977,1.3920495973807234,0.5809239176842285,nan,nan,nan,10,58555,667.5639313465972,366.5,366.5,32796800,32796800,3665,32042473600,32042473600,3356810,False
978,1.389300614010367,0.5813682849418126,nan,nan,nan,10,85070,746.979146585165,532.1,532.1,32796800,32796800,5321,32075270400,32075270400,3362131,False
979,1.3642110920949422,0.5862163357267692,nan,nan,nan,10,47491,512.2686614305868,297.1,297.1,32796800,32796800,2971,32108067200,32108067200,3365102,False
980,1.3822756200433228,0.5816833053459062,1.4812241579556276,0.5576015285478795,4.398326633218502,10,54191,614.3924083334872,339.2,339.2,32796800,32796800,3392,32140864000,32140864000,3368494,False
981,1.3720877016874469,0.5845505848673636,nan,nan,nan,10,85233,969.8194361338919,533.2,533.2,32796800,32796800,5332,32173660800,32173660800,3373826,False
982,1.3867198237431442,0.5810659709280656,nan,nan,nan,10,53660,608.6672940737981,335.9,335.9,32796800,32796800,3359,32206457600,32206457600,3377185,False
983,1.3892572133123628,0.5831574577033526,nan,nan,nan,10,28903,346.69086254022073,181.2,181.2,32796800,32796800,1812,32239254400,32239254400,3378997,False
984,1.366395223198675,0.5877648586436877,nan,nan,nan,10,33886,431.59983474001064,212.2,212.2,32796800,32796800,2122,32272051200,32272051200,3381119,False
985,1.3586538684098404,0.5883060464984646,nan,nan,nan,10,70669,1009.4403628182089,442.2,442.2,32796800,32796800,4422,32304848000,32304848000,3385541,False
986,1.3695390221077508,0.5867097628015882,nan,nan,nan,10,78584,1058.9817138348772,491.7,491.7,32796800,32796800,4917,32337644800,32337644800,3390458,False
987,1.3685316527556963,0.5849387335457013,nan,nan,nan,10,59331,807.7137752608251,371.3,371.3,32796800,32796800,3713,32370441600,32370441600,3394171,False
988,1.3506874552302433,0.5908372618020051,nan,nan,nan,10,75305,895.574995020251,471.0,471.0,32796800,32796800,4710,32403238400,32403238400,3398881,False
989,1.33535696101923,0.5970911164979325,nan,nan,nan,10,35065,414.7470126907172,219.5,219.5,32796800,32796800,2195,32436035200,32436035200,3401076,False
990,1.4112335800617857,0.5756233867721234,1.4847061812886588,0.5550539487486887,4.413668403882451,10,42229,474.44760709465055,264.3,264.3,32796800,32796800,2643,32468832000,32468832000,3403719,False
991,1.339800094497806,0.5968545796876731,nan,nan,nan,10,45145,485.5612581681249,282.6,282.6,32796800,32796800,2826,32501628800,32501628800,3406545,False
992,1.3896250848545693,0.5813794283758343,nan,nan,nan,10,29215,282.41581379428374,183.1,183.1,32796800,32796800,1831,32534425600,32534425600,3408376,False
993,1.3884547599347603,0.5777117431078475,nan,nan,nan,10,64276,571.9280446823076,402.2,402.2,32796800,32796800,4022,32567222400,32567222400,3412398,False
994,1.4261861050115268,0.5710108924135295,nan,nan,nan,10,52330,468.4487292184216,327.5,327.5,32796800,32796800,3275,32600019200,32600019200,3415673,False
995,1.3786794875054018,0.5819328265236073,nan,nan,nan,10,39331,358.3163916503521,246.2,246.2,32796800,32796800,2462,32632816000,32632816000,3418135,False
996,1.4074916323471074,0.5740693685681616,nan,nan,nan,10,47226,477.40935078134925,295.6,295.6,32796800,32796800,2956,32665612800,32665612800,3421091,False
997,1.4119508212469485,0.5724918417541435,nan,nan,nan,10,62207,817.7608146993103,389.4,389.4,32796800,32796800,3894,32698409600,32698409600,3424985,False
998,1.3555520977271918,0.588522051031222,nan,nan,nan,10,61335,585.5044102062445,383.9,383.9,32796800,32796800,3839,32731206400,32731206400,3428824,False
999,1.3939110230556822,0.5797881125976263,nan,nan,nan,10,42381,373.37146362756886,265.2,265.2,32796800,32796800,2652,32764003200,32764003200,3431476,False
1000,1.3884754174919993,0.5815214188910495,1.4749277287938687,0.5588565862430691,4.370719884317368,10,67884,636.9120411289847,424.7,424.7,32796800,32796800,4247,32796800000,32796800000,3435723,True
