round,train_loss,train_accuracy,test_loss,test_accuracy,test_perplexity,num_fit_clients,num_fit_examples,round_upload_bytes,round_download_bytes,round_local_steps,cumulative_upload_bytes,cumulative_download_bytes,cumulative_local_steps,run_completed
1,4.0841659281825775,0.15974833260906532,nan,nan,nan,10,52927,32796800,32796800,3312,32796800,32796800,3312,False
2,3.3260163207182183,0.18668206312548113,nan,nan,nan,10,88332,32796800,32796800,5527,65593600,65593600,8839,False
3,3.124794161003385,0.18859506436770926,nan,nan,nan,10,43034,32796800,32796800,2694,98390400,98390400,11533,False
4,3.0922047229261826,0.19083041797090775,nan,nan,nan,10,54310,32796800,32796800,3398,131187200,131187200,14931,False
5,3.1082661334170165,0.19026538084184832,nan,nan,nan,10,41789,32796800,32796800,2616,163984000,163984000,17547,False
6,3.1379083027342713,0.18771603871413758,nan,nan,nan,10,46288,32796800,32796800,2898,196780800,196780800,20445,False
7,3.119804111487877,0.18906319045514802,nan,nan,nan,10,45260,32796800,32796800,2833,229577600,229577600,23278,False
8,3.103093800103526,0.18737223743587766,nan,nan,nan,10,51854,32796800,32796800,3244,262374400,262374400,26522,False
9,3.1267534614296,0.18709237189964611,nan,nan,nan,10,63017,32796800,32796800,3943,295171200,295171200,30465,False
10,3.1153869020234652,0.18894595834751846,3.1301634734348256,0.19211748838603326,22.877719136098527,10,67559,32796800,32796800,4227,327968000,327968000,34692,False
11,3.1127535948179177,0.1885532358699431,nan,nan,nan,10,54653,32796800,32796800,3421,360764800,360764800,38113,False
12,3.090321843753154,0.18824801598211177,nan,nan,nan,10,54561,32796800,32796800,3414,393561600,393561600,41527,False
13,3.100508391318019,0.1893306647165236,nan,nan,nan,10,51962,32796800,32796800,3251,426358400,426358400,44778,False
14,3.1164059432147053,0.18699010116392908,nan,nan,nan,10,36772,32796800,32796800,2302,459155200,459155200,47080,False
15,3.1184315790986723,0.18466297979521437,nan,nan,nan,10,36526,32796800,32796800,2288,491952000,491952000,49368,False
16,3.1004561924826946,0.18881605899221632,nan,nan,nan,10,48820,32796800,32796800,3056,524748800,524748800,52424,False
17,3.1072724238501266,0.18839141110704768,nan,nan,nan,10,38282,32796800,32796800,2398,557545600,557545600,54822,False
18,3.0740253798575434,0.18875352845045312,nan,nan,nan,10,40386,32796800,32796800,2530,590342400,590342400,57352,False
19,3.082507273950352,0.1875222393547622,nan,nan,nan,10,42155,32796800,32796800,2639,623139200,623139200,59991,False
20,3.080441256555059,0.18869475043534406,3.0908239399781205,0.19211748838603326,21.99519323082652,10,51109,32796800,32796800,3199,655936000,655936000,63190,False
21,3.0577654079062926,0.1903051072297148,nan,nan,nan,10,54276,32796800,32796800,3396,688732800,688732800,66586,False
22,3.0666652665836858,0.18938033839290572,nan,nan,nan,10,36762,32796800,32796800,2302,721529600,721529600,68888,False
23,3.0514098141063917,0.1917120600866348,nan,nan,nan,10,53789,32796800,32796800,3367,754326400,754326400,72255,False
24,3.044304694661401,0.1935747405608302,nan,nan,nan,10,45290,32796800,32796800,2836,787123200,787123200,75091,False
25,3.0299643966171628,0.19811531918703554,nan,nan,nan,10,44676,32796800,32796800,2797,819920000,819920000,77888,False
26,3.002993439612398,0.2037170235968352,nan,nan,nan,10,43099,32796800,32796800,2698,852716800,852716800,80586,False
27,3.015914355970669,0.20636856548195087,nan,nan,nan,10,75433,32796800,32796800,4718,885513600,885513600,85304,False
28,3.033675749663532,0.21047498852684718,nan,nan,nan,10,34864,32796800,32796800,2183,918310400,918310400,87487,False
29,2.9696245639311445,0.217951963309856,nan,nan,nan,10,67157,32796800,32796800,4202,951107200,951107200,91689,False
30,2.9748100343154578,0.21887367322945472,2.9835044027500275,0.2229506968380039,19.756931716345232,10,60391,32796800,32796800,3779,983904000,983904000,95468,False
31,2.9606178196247437,0.22235546038543896,nan,nan,nan,10,58375,32796800,32796800,3655,1016700800,1016700800,99123,False
32,2.9762348294167498,0.22247237003683995,nan,nan,nan,10,34202,32796800,32796800,2142,1049497600,1049497600,101265,False
33,2.9258133670925774,0.22532852657285732,nan,nan,nan,10,42995,32796800,32796800,2692,1082294400,1082294400,103957,False
34,2.906500298803268,0.23185720549340197,nan,nan,nan,10,70703,32796800,32796800,4424,1115091200,1115091200,108381,False
35,2.9158260659504784,0.22880218457835785,nan,nan,nan,10,43212,32796800,32796800,2706,1147888000,1147888000,111087,False
36,2.9030500178997,0.23435331438768092,nan,nan,nan,10,60524,32796800,32796800,3787,1180684800,1180684800,114874,False
37,2.8738523514728063,0.23946104589114195,nan,nan,nan,10,52472,32796800,32796800,3284,1213481600,1213481600,118158,False
38,2.888477724106463,0.234286142808934,nan,nan,nan,10,80009,32796800,32796800,5006,1246278400,1246278400,123164,False
39,2.8946799647158525,0.23472144349864926,nan,nan,nan,10,39238,32796800,32796800,2456,1279075200,1279075200,125620,False
40,2.8610020162770677,0.23876703257008688,2.8742246658177133,0.24252585044208003,17.71168632062623,10,49831,32796800,32796800,3120,1311872000,1311872000,128740,False
41,2.8911011446696597,0.23698832412354812,nan,nan,nan,10,65691,32796800,32796800,4109,1344668800,1344668800,132849,False
42,2.8475283923623214,0.2388244430422754,nan,nan,nan,10,41206,32796800,32796800,2581,1377465600,1377465600,135430,False
43,2.8487344602132745,0.23692822031137115,nan,nan,nan,10,70591,32796800,32796800,4417,1410262400,1410262400,139847,False
44,2.849720899812035,0.23828650831560208,nan,nan,nan,10,46058,32796800,32796800,2884,1443059200,1443059200,142731,False
45,2.854985469310474,0.2365907300420168,nan,nan,nan,10,60928,32796800,32796800,3812,1475856000,1475856000,146543,False
46,2.8414810159031285,0.23711710190208787,nan,nan,nan,10,47369,32796800,32796800,2966,1508652800,1508652800,149509,False
47,2.842921282830292,0.23509671282105485,nan,nan,nan,10,37844,32796800,32796800,2371,1541449600,1541449600,151880,False
48,2.7948227188048897,0.2439357653938263,nan,nan,nan,10,68063,32796800,32796800,4259,1574246400,1574246400,156139,False
49,2.789581937175354,0.24374639103822612,nan,nan,nan,10,43295,32796800,32796800,2711,1607043200,1607043200,158850,False
50,2.821989332294926,0.23955623565416986,2.820543406661011,0.24516709126329986,16.78596980201946,10,39210,32796800,32796800,2454,1639840000,1639840000,161304,False
51,2.787779457329414,0.24349109140237032,nan,nan,nan,10,63029,32796800,32796800,3945,1672636800,1672636800,165249,False
52,2.797849988126336,0.23982230967607293,nan,nan,nan,10,67083,32796800,32796800,4197,1705433600,1705433600,169446,False
53,2.7807441863632305,0.24724343596628298,nan,nan,nan,10,45437,32796800,32796800,2844,1738230400,1738230400,172290,False
54,2.7767109236806538,0.24468912692238645,nan,nan,nan,10,66844,32796800,32796800,4181,1771027200,1771027200,176471,False
55,2.776113092748235,0.24183370786516853,nan,nan,nan,10,55625,32796800,32796800,3482,1803824000,1803824000,179953,False
56,2.756023823087273,0.24584162187328057,nan,nan,nan,10,47254,32796800,32796800,2960,1836620800,1836620800,182913,False
57,2.73738504655207,0.25177157766774394,nan,nan,nan,10,67454,32796800,32796800,4222,1869417600,1869417600,187135,False
58,2.7390602451732744,0.25580026487467505,nan,nan,nan,10,40774,32796800,32796800,2553,1902214400,1902214400,189688,False
59,2.7232187890619532,0.2542539500965182,nan,nan,nan,10,55948,32796800,32796800,3502,1935011200,1935011200,193190,False
60,2.719516133267993,0.25722468503877033,2.7348520057268915,0.2607710175333433,15.407463050896856,10,65643,32796800,32796800,4107,1967808000,1967808000,197297,False
61,2.718316480327334,0.25903486545022153,nan,nan,nan,10,70643,32796800,32796800,4421,2000604800,2000604800,201718,False
62,2.689519484883359,0.26336805286861775,nan,nan,nan,10,64613,32796800,32796800,4043,2033401600,2033401600,205761,False
63,2.668367363053606,0.2694633560272327,nan,nan,nan,10,49940,32796800,32796800,3126,2066198400,2066198400,208887,False
64,2.690719502233716,0.2624543528244894,nan,nan,nan,10,44362,32796800,32796800,2776,2098995200,2098995200,211663,False
65,2.6754353736476264,0.264214249927885,nan,nan,nan,10,65867,32796800,32796800,4123,2131792000,2131792000,215786,False
66,2.619544142370892,0.2777467188456726,nan,nan,nan,10,75126,32796800,32796800,4700,2164588800,2164588800,220486,False
67,2.6404521297352286,0.2772392952847939,nan,nan,nan,10,35078,32796800,32796800,2196,2197385600,2197385600,222682,False
68,2.638323391178105,0.2768509094127539,nan,nan,nan,10,45194,32796800,32796800,2830,2230182400,2230182400,225512,False
69,2.623033000283365,0.27702587311075055,nan,nan,nan,10,46844,32796800,32796800,2932,2262979200,2262979200,228444,False
70,2.629351792846366,0.27744010931917495,2.6396788235602484,0.27888505919376594,14.008703619573138,10,70253,32796800,32796800,4396,2295776000,2295776000,232840,False
71,2.635594865677791,0.2751489478940662,nan,nan,nan,10,58074,32796800,32796800,3634,2328572800,2328572800,236474,False
72,2.622493619293049,0.27651462053884324,nan,nan,nan,10,71338,32796800,32796800,4464,2361369600,2361369600,240938,False
73,2.5746138559529115,0.2846596256404894,nan,nan,nan,10,47815,32796800,32796800,2993,2394166400,2394166400,243931,False
74,2.607107378702681,0.27900037299515107,nan,nan,nan,10,64344,32796800,32796800,4025,2426963200,2426963200,247956,False
75,2.603772026045459,0.2778292948433657,nan,nan,nan,10,49606,32796800,32796800,3105,2459760000,2459760000,251061,False
76,2.5866883359253747,0.28152709668518683,nan,nan,nan,10,79733,32796800,32796800,4988,2492556800,2492556800,256049,False
77,2.5740089675722686,0.2828385710846497,nan,nan,nan,10,53999,32796800,32796800,3378,2525353600,2525353600,259427,False
78,2.5554179675080713,0.28706397655497834,nan,nan,nan,10,94519,32796800,32796800,5913,2558150400,2558150400,265340,False
79,2.534153650303476,0.2932122010920731,nan,nan,nan,10,21244,32796800,32796800,1331,2590947200,2590947200,266671,False
80,2.58998554188372,0.28457027468119833,2.573312316504658,0.2957627753634048,13.109174341538623,10,72302,32796800,32796800,4524,2623744000,2623744000,271195,False
81,2.548925710553395,0.2917030059887203,nan,nan,nan,10,34398,32796800,32796800,2154,2656540800,2656540800,273349,False
82,2.5504463434868567,0.291872174270448,nan,nan,nan,10,77856,32796800,32796800,4872,2689337600,2689337600,278221,False
83,2.5371164667594686,0.29308657353857104,nan,nan,nan,10,33717,32796800,32796800,2112,2722134400,2722134400,280333,False
84,2.5424500486484503,0.2930163105903974,nan,nan,nan,10,52236,32796800,32796800,3270,2754931200,2754931200,283603,False
85,2.5140257587261083,0.2965996908809892,nan,nan,nan,10,84110,32796800,32796800,5261,2787728000,2787728000,288864,False
86,2.5250690004425196,0.2949215649488404,nan,nan,nan,10,69293,32796800,32796800,4336,2820524800,2820524800,293200,False
87,2.508683198757316,0.2985980696161069,nan,nan,nan,10,45794,32796800,32796800,2867,2853321600,2853321600,296067,False
88,2.4983339595113856,0.3018488010250778,nan,nan,nan,10,43704,32796800,32796800,2735,2886118400,2886118400,298802,False
89,2.511823758604476,0.29931348558999454,nan,nan,nan,10,58848,32796800,32796800,3683,2918915200,2918915200,302485,False
90,2.5029120722953575,0.30189694337066114,2.514803904385183,0.3038363554623108,12.364183979114541,10,50186,32796800,32796800,3142,2951712000,2951712000,305627,False
91,2.496699780208106,0.29939042089985485,nan,nan,nan,10,86125,32796800,32796800,5388,2984508800,2984508800,311015,False
92,2.4848477876244632,0.307921396935295,nan,nan,nan,10,39286,32796800,32796800,2460,3017305600,3017305600,313475,False
93,2.4864197477880676,0.30673972602739724,nan,nan,nan,10,54750,32796800,32796800,3427,3050102400,3050102400,316902,False
94,2.471575587119273,0.3029568078285811,nan,nan,nan,10,47416,32796800,32796800,2969,3082899200,3082899200,319871,False
95,2.476224675941648,0.309156579461148,nan,nan,nan,10,71708,32796800,32796800,4486,3115696000,3115696000,324357,False
96,2.4657654763667542,0.31033957998173833,nan,nan,nan,10,45998,32796800,32796800,2879,3148492800,3148492800,327236,False
97,2.441323248746341,0.31069695335669995,nan,nan,nan,10,29672,32796800,32796800,1860,3181289600,3181289600,329096,False
98,2.4159142905462976,0.32213959300687306,nan,nan,nan,10,81623,32796800,32796800,5105,3214086400,3214086400,334201,False
99,2.452073662939874,0.3120871686221447,nan,nan,nan,10,56167,32796800,32796800,3516,3246883200,3246883200,337717,False
100,2.4455979713426785,0.3139876824058148,2.4646106709180593,0.3202644987262101,11.758903177695478,10,54069,32796800,32796800,3385,3279680000,3279680000,341102,False
101,2.4076665617510624,0.3248320097739768,nan,nan,nan,10,45836,32796800,32796800,2870,3312476800,3312476800,343972,False
102,2.439635552419564,0.32048623404649906,nan,nan,nan,10,59313,32796800,32796800,3712,3345273600,3345273600,347684,False
103,2.432351039948982,0.31528421200965284,nan,nan,nan,10,56771,32796800,32796800,3553,3378070400,3378070400,351237,False
104,2.4422845872930035,0.321533872441678,nan,nan,nan,10,57997,32796800,32796800,3629,3410867200,3410867200,354866,False
105,2.4417136584902566,0.32137187277604423,nan,nan,nan,10,36534,32796800,32796800,2289,3443664000,3443664000,357155,False
106,2.4156880796344753,0.32788572306274477,nan,nan,nan,10,65105,32796800,32796800,4075,3476460800,3476460800,361230,False
107,2.3983393357283345,0.33223272626164324,nan,nan,nan,10,57544,32796800,32796800,3601,3509257600,3509257600,364831,False
108,2.411126152015651,0.330957314546208,nan,nan,nan,10,48260,32796800,32796800,3021,3542054400,3542054400,367852,False
109,2.3962909155737155,0.33386243386243386,nan,nan,nan,10,45360,32796800,32796800,2841,3574851200,3574851200,370693,False
110,2.420034027879461,0.32900698593786665,2.416847676972158,0.339052899745242,11.210464550770883,10,55397,32796800,32796800,3467,3607648000,3607648000,374160,False
111,2.4020616012506992,0.3343168058855085,nan,nan,nan,10,52196,32796800,32796800,3266,3640444800,3640444800,377426,False
112,2.3726563078901344,0.33801315911407653,nan,nan,nan,10,43164,32796800,32796800,2701,3673241600,3673241600,380127,False
113,2.3994257211217724,0.3343401994322731,nan,nan,nan,10,54956,32796800,32796800,3440,3706038400,3706038400,383567,False
114,2.4400350570562317,0.32597434297957745,nan,nan,nan,10,36871,32796800,32796800,2309,3738835200,3738835200,385876,False
115,2.389379126614343,0.34143449911084767,nan,nan,nan,10,37114,32796800,32796800,2326,3771632000,3771632000,388202,False
116,2.399031453274297,0.3309781664446632,nan,nan,nan,10,51801,32796800,32796800,3242,3804428800,3804428800,391444,False
117,2.3947197953489483,0.3376153116647987,nan,nan,nan,10,81193,32796800,32796800,5078,3837225600,3837225600,396522,False
118,2.385571758012655,0.3405077960387695,nan,nan,nan,10,94920,32796800,32796800,5937,3870022400,3870022400,402459,False
119,2.3767948427959666,0.34224513941620016,nan,nan,nan,10,56629,32796800,32796800,3543,3902819200,3902819200,406002,False
120,2.3663754352889925,0.34365120982845154,2.372576667578989,0.35192192417203655,10.72499144965705,10,66745,32796800,32796800,4175,3935616000,3935616000,410177,False
121,2.3764677657486284,0.3418429445206218,nan,nan,nan,10,64907,32796800,32796800,4062,3968412800,3968412800,414239,False
122,2.338717133136518,0.34938973449884875,nan,nan,nan,10,49077,32796800,32796800,3074,4001209600,4001209600,417313,False
123,2.371833056024515,0.34614616214488353,nan,nan,nan,10,75081,32796800,32796800,4697,4034006400,4034006400,422010,False
124,2.3264106264096522,0.3502996254681648,nan,nan,nan,10,26700,32796800,32796800,1673,4066803200,4066803200,423683,False
125,2.3577156660153484,0.3497673639767005,nan,nan,nan,10,83607,32796800,32796800,5230,4099600000,4099600000,428913,False
126,2.3101857079922787,0.3620984795086094,nan,nan,nan,10,29793,32796800,32796800,1866,4132396800,4132396800,430779,False
127,2.3512787121013456,0.35027600322520624,nan,nan,nan,10,64492,32796800,32796800,4036,4165193600,4165193600,434815,False
128,2.328071583455042,0.35415913910926083,nan,nan,nan,10,63655,32796800,32796800,3983,4197990400,4197990400,438798,False
129,2.318075206917082,0.3572086379611705,nan,nan,nan,10,53207,32796800,32796800,3330,4230787200,4230787200,442128,False
130,2.3088168271598413,0.36217194570135747,2.3268583161388223,0.3674134572156451,10.245702159480123,10,66300,32796800,32796800,4149,4263584000,4263584000,446277,False
131,2.3226234883568964,0.3612633181126332,nan,nan,nan,10,52560,32796800,32796800,3290,4296380800,4296380800,449567,False
132,2.306173663669633,0.36383558398483773,nan,nan,nan,10,50652,32796800,32796800,3171,4329177600,4329177600,452738,False
133,2.2939538317399566,0.3672079304263212,nan,nan,nan,10,49329,32796800,32796800,3089,4361974400,4361974400,455827,False
134,2.3011640716875603,0.36183039955777435,nan,nan,nan,10,57889,32796800,32796800,3622,4394771200,4394771200,459449,False
135,2.300134592246787,0.36318072913294047,nan,nan,nan,10,77215,32796800,32796800,4832,4427568000,4427568000,464281,False
136,2.2849928479354,0.36739333619622605,nan,nan,nan,10,39587,32796800,32796800,2479,4460364800,4460364800,466760,False
137,2.298913226065873,0.3663509541361452,nan,nan,nan,10,42866,32796800,32796800,2684,4493161600,4493161600,469444,False
138,2.269324721492024,0.3745975124692215,nan,nan,nan,10,63356,32796800,32796800,3965,4525958400,4525958400,473409,False
139,2.318442543787921,0.36493787709966996,nan,nan,nan,10,47567,32796800,32796800,2978,4558755200,4558755200,476387,False
140,2.2642634332723923,0.37138590268703264,2.283564741672577,0.3773415255507268,9.811593941493756,10,91067,32796800,32796800,5696,4591552000,4591552000,482083,False
141,2.2827699018748033,0.36960533201134704,nan,nan,nan,10,72618,32796800,32796800,4542,4624348800,4624348800,486625,False
142,2.2576957035701897,0.37562229791693963,nan,nan,nan,10,61064,32796800,32796800,3821,4657145600,4657145600,490446,False
143,2.248852143237354,0.3780713876436685,nan,nan,nan,10,59338,32796800,32796800,3715,4689942400,4689942400,494161,False
144,2.224131151085009,0.38280736357659434,nan,nan,nan,10,79092,32796800,32796800,4949,4722739200,4722739200,499110,False
145,2.2543241397529648,0.3788852568009308,nan,nan,nan,10,36098,32796800,32796800,2261,4755536000,4755536000,501371,False
146,2.250561644231439,0.3781216069489685,nan,nan,nan,10,51576,32796800,32796800,3228,4788332800,4788332800,504599,False
147,2.25292805414218,0.37293938869332716,nan,nan,nan,10,51987,32796800,32796800,3254,4821129600,4821129600,507853,False
148,2.241477888415784,0.3802218008389358,nan,nan,nan,10,52209,32796800,32796800,3268,4853926400,4853926400,511121,False
149,2.245632996213714,0.3824671330821865,nan,nan,nan,10,52028,32796800,32796800,3256,4886723200,4886723200,514377,False
150,2.206989240786389,0.38685951093668525,2.2395129814759627,0.3876817023827364,9.38875767491079,10,36437,32796800,32796800,2282,4919520000,4919520000,516659,False
151,2.2295908726730183,0.3829660512209649,nan,nan,nan,10,78913,32796800,32796800,4937,4952316800,4952316800,521596,False
152,2.21090023474561,0.3823067398495685,nan,nan,nan,10,54111,32796800,32796800,3388,4985113600,4985113600,524984,False
153,2.2063154227540265,0.38391042650961105,nan,nan,nan,10,77255,32796800,32796800,4833,5017910400,5017910400,529817,False
154,2.184592416042401,0.3933441107790787,nan,nan,nan,10,61239,32796800,32796800,3833,5050707200,5050707200,533650,False
155,2.2360698521414086,0.3823061816141401,nan,nan,nan,10,32079,32796800,32796800,2009,5083504000,5083504000,535659,False
156,2.2135403559788434,0.38707666054082435,nan,nan,nan,10,60944,32796800,32796800,3814,5116300800,5116300800,539473,False
157,2.2040508230060767,0.38565458397422875,nan,nan,nan,10,68914,32796800,32796800,4313,5149097600,5149097600,543786,False
158,2.1818575005565446,0.38987904221179953,nan,nan,nan,10,40510,32796800,32796800,2538,5181894400,5181894400,546324,False
159,2.199931203014769,0.3894519005447518,nan,nan,nan,10,32859,32796800,32796800,2057,5214691200,5214691200,548381,False
160,2.182678224791502,0.3934023018719138,2.191669617316613,0.3952869773714971,8.950143962174964,10,53261,32796800,32796800,3333,5247488000,5247488000,551714,False
161,2.187776020095978,0.3875119813775161,nan,nan,nan,10,51121,32796800,32796800,3199,5280284800,5280284800,554913,False
162,2.1600481152730993,0.3959785216497201,nan,nan,nan,10,122542,32796800,32796800,7664,5313081600,5313081600,562577,False
163,2.1904495178512278,0.39098818573129407,nan,nan,nan,10,54595,32796800,32796800,3416,5345878400,5345878400,565993,False
164,2.1397900926867215,0.4028237646029862,nan,nan,nan,10,80035,32796800,32796800,5007,5378675200,5378675200,571000,False
165,2.1463848014555866,0.3989819678345156,nan,nan,nan,10,36934,32796800,32796800,2314,5411472000,5411472000,573314,False
166,2.172736346048071,0.3936947885867692,nan,nan,nan,10,55129,32796800,32796800,3450,5444268800,5444268800,576764,False
167,2.1606677286760196,0.39852604544693204,nan,nan,nan,10,53733,32796800,32796800,3363,5477065600,5477065600,580127,False
168,2.147193177074088,0.3992567210487734,nan,nan,nan,10,58659,32796800,32796800,3671,5509862400,5509862400,583798,False
169,2.137348913284835,0.39703654922621007,nan,nan,nan,10,60740,32796800,32796800,3799,5542659200,5542659200,587597,False
170,2.1540003452282965,0.39913717528722376,2.1512698039253952,0.4021242319796194,8.595766408121476,10,43346,32796800,32796800,2715,5575456000,5575456000,590312,False
171,2.150331978590286,0.39686667905133444,nan,nan,nan,10,48447,32796800,32796800,3033,5608252800,5608252800,593345,False
172,2.1728787785656656,0.395252091340719,nan,nan,nan,10,44230,32796800,32796800,2768,5641049600,5641049600,596113,False
173,2.1504376762037616,0.3976625077017868,nan,nan,nan,10,51936,32796800,32796800,3251,5673846400,5673846400,599364,False
174,2.1388335791969713,0.4033346149812996,nan,nan,nan,10,57218,32796800,32796800,3581,5706643200,5706643200,602945,False
175,2.149878154003467,0.4001352787708957,nan,nan,nan,10,31047,32796800,32796800,1945,5739440000,5739440000,604890,False
176,2.1618938240815173,0.3962343280946495,nan,nan,nan,10,45304,32796800,32796800,2837,5772236800,5772236800,607727,False
177,2.112076470992736,0.4051780225697171,nan,nan,nan,10,44573,32796800,32796800,2789,5805033600,5805033600,610516,False
178,2.0645848790305763,0.41967628275710195,nan,nan,nan,10,54492,32796800,32796800,3410,5837830400,5837830400,613926,False
179,2.0870748317612975,0.4126944637940757,nan,nan,nan,10,60294,32796800,32796800,3772,5870627200,5870627200,617698,False
180,2.107615247691156,0.4031696250690865,2.113970448440936,0.4124269444028173,8.281055602045065,10,77801,32796800,32796800,4867,5903424000,5903424000,622565,False
181,2.11191434623296,0.406185114536032,nan,nan,nan,10,59239,32796800,32796800,3706,5936220800,5936220800,626271,False
182,2.094592679799526,0.4093659173141942,nan,nan,nan,10,67436,32796800,32796800,4218,5969017600,5969017600,630489,False
183,2.0916013791222743,0.4116155351580804,nan,nan,nan,10,72558,32796800,32796800,4539,6001814400,6001814400,635028,False
184,2.0700337331076173,0.416781688520819,nan,nan,nan,10,34776,32796800,32796800,2179,6034611200,6034611200,637207,False
185,2.088849430189395,0.4156063664960796,nan,nan,nan,10,63897,32796800,32796800,3998,6067408000,6067408000,641205,False
186,2.1290786925795255,0.4040383281526961,nan,nan,nan,10,38927,32796800,32796800,2439,6100204800,6100204800,643644,False
187,2.098251368930798,0.40676016349707517,nan,nan,nan,10,40857,32796800,32796800,2558,6133001600,6133001600,646202,False
188,2.117336114953932,0.40755941154281405,nan,nan,nan,10,66275,32796800,32796800,4148,6165798400,6165798400,650350,False
189,2.0565626583320964,0.4174241454359237,nan,nan,nan,10,62488,32796800,32796800,3911,6198595200,6198595200,654261,False
190,2.106830691450655,0.4094711372277912,2.078346174445339,0.41763449722763374,7.991241859689678,10,43395,32796800,32796800,2716,6231392000,6231392000,656977,False
191,2.0655505388013777,0.41718362282878413,nan,nan,nan,10,45136,32796800,32796800,2826,6264188800,6264188800,659803,False
192,2.0749181103408834,0.4133136796872072,nan,nan,nan,10,80053,32796800,32796800,5008,6296985600,6296985600,664811,False
193,2.074086774256288,0.4143350091112346,nan,nan,nan,10,77377,32796800,32796800,4840,6329782400,6329782400,669651,False
194,2.0348996183573194,0.42319956019791094,nan,nan,nan,10,63665,32796800,32796800,3984,6362579200,6362579200,673635,False
195,2.070034984669373,0.41300530125227725,nan,nan,nan,10,60929,32796800,32796800,3812,6395376000,6395376000,677447,False
196,2.064543504801854,0.41756204838202954,nan,nan,nan,10,63660,32796800,32796800,3984,6428172800,6428172800,681431,False
197,2.0217773639834076,0.42593727206418674,nan,nan,nan,10,34275,32796800,32796800,2148,6460969600,6460969600,683579,False
198,2.0580222787505797,0.41736838578544144,nan,nan,nan,10,44771,32796800,32796800,2803,6493766400,6493766400,686382,False
199,2.0518441998085613,0.41830465617036405,nan,nan,nan,10,50621,32796800,32796800,3168,6526563200,6526563200,689550,False
200,2.0686741456635027,0.41446005584076373,2.04723142609324,0.42445301963135024,7.746424841025359,10,44412,32796800,32796800,2780,6559360000,6559360000,692330,False
201,2.0055148679385533,0.4290799600410845,nan,nan,nan,10,71073,32796800,32796800,4447,6592156800,6592156800,696777,False
202,2.0206281331889895,0.42336829836829837,nan,nan,nan,10,27456,32796800,32796800,1720,6624953600,6624953600,698497,False
203,2.049717804689002,0.4182099410559759,nan,nan,nan,10,47842,32796800,32796800,2993,6657750400,6657750400,701490,False
204,2.0487034833824986,0.41904328018223236,nan,nan,nan,10,43900,32796800,32796800,2747,6690547200,6690547200,704237,False
205,2.051197605688553,0.4210281306111591,nan,nan,nan,10,60148,32796800,32796800,3764,6723344000,6723344000,708001,False
206,2.0241422138306446,0.4269489968826398,nan,nan,nan,10,77309,32796800,32796800,4837,6756140800,6756140800,712838,False
207,2.04770421595713,0.42145150931278097,nan,nan,nan,10,54495,32796800,32796800,3410,6788937600,6788937600,716248,False
208,2.033887461737969,0.4219934527911785,nan,nan,nan,10,46432,32796800,32796800,2909,6821734400,6821734400,719157,False
209,2.0483891481462786,0.41712186397254314,nan,nan,nan,10,41374,32796800,32796800,2591,6854531200,6854531200,721748,False
210,2.029301490865534,0.42386589747627296,2.02049459093392,0.4289112842799341,7.542054242996324,10,69857,32796800,32796800,4371,6887328000,6887328000,726119,False
211,2.0043522320722564,0.42786099824125173,nan,nan,nan,10,65956,32796800,32796800,4126,6920124800,6920124800,730245,False
212,2.0214708204724587,0.42448036951501156,nan,nan,nan,10,51960,32796800,32796800,3252,6952921600,6952921600,733497,False
213,2.021487856278353,0.4258804258804259,nan,nan,nan,10,61050,32796800,32796800,3821,6985718400,6985718400,737318,False
214,2.039322176395466,0.4244852818640447,nan,nan,nan,10,66007,32796800,32796800,4131,7018515200,7018515200,741449,False
215,2.032611779884286,0.4222649906778132,nan,nan,nan,10,66508,32796800,32796800,4161,7051312000,7051312000,745610,False
216,1.998915581062753,0.4306865501654981,nan,nan,nan,10,84291,32796800,32796800,5273,7084108800,7084108800,750883,False
217,1.9695673830737463,0.43571741391580443,nan,nan,nan,10,73068,32796800,32796800,4571,7116905600,7116905600,755454,False
218,1.9926068538578732,0.42839765564525045,nan,nan,nan,10,54258,32796800,32796800,3394,7149702400,7149702400,758848,False
219,1.982079952024142,0.43261518842914193,nan,nan,nan,10,59598,32796800,32796800,3729,7182499200,7182499200,762577,False
220,2.0026834321372324,0.42983048155941084,1.9892685026059922,0.4369099355612168,7.310184425178277,10,75567,32796800,32796800,4728,7215296000,7215296000,767305,False
221,2.002573430264584,0.42971456710223177,nan,nan,nan,10,56861,32796800,32796800,3558,7248092800,7248092800,770863,False
222,1.9916859589970517,0.4298644370484617,nan,nan,nan,10,73914,32796800,32796800,4625,7280889600,7280889600,775488,False
223,2.0152492964533755,0.42962150747238464,nan,nan,nan,10,49248,32796800,32796800,3083,7313686400,7313686400,778571,False
224,1.9991418189431902,0.43304230201672406,nan,nan,nan,10,32528,32796800,32796800,2038,7346483200,7346483200,780609,False
225,1.9694023332779038,0.4394338544126053,nan,nan,nan,10,80474,32796800,32796800,5034,7379280000,7379280000,785643,False
226,1.947090647797304,0.4404619979745927,nan,nan,nan,10,78009,32796800,32796800,4880,7412076800,7412076800,790523,False
227,1.9533305053558263,0.4402568520891324,nan,nan,nan,10,67899,32796800,32796800,4249,7444873600,7444873600,794772,False
228,1.9793854514762697,0.4349870126817343,nan,nan,nan,10,85083,32796800,32796800,5323,7477670400,7477670400,800095,False
229,1.9379048536598689,0.4441543991783636,nan,nan,nan,10,70104,32796800,32796800,4387,7510467200,7510467200,804482,False
230,1.960889174506998,0.4359605504435597,1.960730985206731,0.44262325790499024,7.104518465406235,10,60533,32796800,32796800,3788,7543264000,7543264000,808270,False
231,1.9538015961293551,0.4405213661112028,nan,nan,nan,10,54549,32796800,32796800,3413,7576060800,7576060800,811683,False
232,1.9378205846196759,0.4410066169409474,nan,nan,nan,10,76017,32796800,32796800,4755,7608857600,7608857600,816438,False
233,1.9764827283119852,0.4330567696372571,nan,nan,nan,10,80994,32796800,32796800,5067,7641654400,7641654400,821505,False
234,1.9535827693170627,0.44111832288868996,nan,nan,nan,10,53616,32796800,32796800,3355,7674451200,7674451200,824860,False
235,1.9554828541533316,0.444193386414174,nan,nan,nan,10,55764,32796800,32796800,3489,7707248000,7707248000,828349,False
236,1.980087294375698,0.4335984436688219,nan,nan,nan,10,69908,32796800,32796800,4373,7740044800,7740044800,832722,False
237,1.9645189623923398,0.43624903240075197,nan,nan,nan,10,72344,32796800,32796800,4526,7772841600,7772841600,837248,False
238,1.941062569840879,0.4426878051650097,nan,nan,nan,10,67996,32796800,32796800,4254,7805638400,7805638400,841502,False
239,1.9737512600870415,0.4367920792079208,nan,nan,nan,10,50500,32796800,32796800,3161,7838435200,7838435200,844663,False
240,1.9457150414566886,0.4433002210186287,1.9359629056308287,0.44730630900644386,6.930714467360542,10,82346,32796800,32796800,5151,7871232000,7871232000,849814,False
241,1.92067942431512,0.45031776928308437,nan,nan,nan,10,42641,32796800,32796800,2669,7904028800,7904028800,852483,False
242,1.9437292602320773,0.4439775069540333,nan,nan,nan,10,49971,32796800,32796800,3128,7936825600,7936825600,855611,False
243,1.941184151890922,0.4450571803100845,nan,nan,nan,10,22123,32796800,32796800,1388,7969622400,7969622400,856999,False
244,1.9296219698073822,0.4491789726825236,nan,nan,nan,10,26613,32796800,32796800,1669,8002419200,8002419200,858668,False
245,1.9521115466578265,0.44022313462571244,nan,nan,nan,10,57723,32796800,32796800,3611,8035216000,8035216000,862279,False
246,1.9488626578546944,0.4409959239797672,nan,nan,nan,10,61089,32796800,32796800,3824,8068012800,8068012800,866103,False
247,1.9300030071231176,0.44415203058341185,nan,nan,nan,10,36098,32796800,32796800,2261,8100809600,8100809600,868364,False
248,1.9338467395559211,0.4459848965238946,nan,nan,nan,10,34694,32796800,32796800,2173,8133606400,8133606400,870537,False
249,1.933118518316747,0.44533230640865185,nan,nan,nan,10,62322,32796800,32796800,3901,8166403200,8166403200,874438,False
250,1.9409654494904298,0.4462463778703095,1.9190172130122243,0.44959163794395324,6.814258213064587,10,41067,32796800,32796800,2571,8199200000,8199200000,877009,False
251,1.9191537778164143,0.45059396064443974,nan,nan,nan,10,33083,32796800,32796800,2072,8231996800,8231996800,879081,False
252,1.9318607765151503,0.44493302493455,nan,nan,nan,10,39343,32796800,32796800,2464,8264793600,8264793600,881545,False
253,1.9134110986821147,0.4481955057880003,nan,nan,nan,10,66085,32796800,32796800,4135,8297590400,8297590400,885680,False
254,1.961111733479926,0.43988689401424047,nan,nan,nan,10,58706,32796800,32796800,3674,8330387200,8330387200,889354,False
255,1.9264080581886884,0.44735856125889845,nan,nan,nan,10,61387,32796800,32796800,3840,8363184000,8363184000,893194,False
256,1.9229417560894602,0.44695466793000327,nan,nan,nan,10,33773,32796800,32796800,2116,8395980800,8395980800,895310,False
257,1.9090841461400516,0.451775956284153,nan,nan,nan,10,21960,32796800,32796800,1377,8428777600,8428777600,896687,False
258,1.9126954293330076,0.44973645925254596,nan,nan,nan,10,41929,32796800,32796800,2626,8461574400,8461574400,899313,False
259,1.9066257563105964,0.4498204013287601,nan,nan,nan,10,74054,32796800,32796800,4632,8494371200,8494371200,903945,False
260,1.9259535310230707,0.4490803179431261,1.9008314165418052,0.4537501873220441,6.691455516979749,10,34849,32796800,32796800,2182,8527168000,8527168000,906127,False
261,1.8913933260576952,0.4536273558758315,nan,nan,nan,10,57728,32796800,32796800,3613,8559964800,8559964800,909740,False
262,1.9109266428072926,0.4525474716894365,nan,nan,nan,10,52189,32796800,32796800,3267,8592761600,8592761600,913007,False
263,1.88069188170886,0.45825202641849294,nan,nan,nan,10,53296,32796800,32796800,3336,8625558400,8625558400,916343,False
264,1.9180487517344504,0.44688047669120223,nan,nan,nan,10,57060,32796800,32796800,3571,8658355200,8658355200,919914,False
265,1.8705525459017482,0.4610920405996098,nan,nan,nan,10,40493,32796800,32796800,2535,8691152000,8691152000,922449,False
266,1.9028614282547622,0.4503284889508262,nan,nan,nan,10,55253,32796800,32796800,3459,8723948800,8723948800,925908,False
267,1.8908367453119475,0.45568349736526614,nan,nan,nan,10,35867,32796800,32796800,2247,8756745600,8756745600,928155,False
268,1.893175809875024,0.453826447625244,nan,nan,nan,10,49184,32796800,32796800,3079,8789542400,8789542400,931234,False
269,1.890058470860134,0.4569118609215815,nan,nan,nan,10,42796,32796800,32796800,2680,8822339200,8822339200,933914,False
270,1.9015666948444512,0.4514867531003382,1.8870786201037444,0.4595571706878466,6.600059209336591,10,56768,32796800,32796800,3553,8855136000,8855136000,937467,False
271,1.9042637296786151,0.45268067379097987,nan,nan,nan,10,44168,32796800,32796800,2766,8887932800,8887932800,940233,False
272,1.8912551423963635,0.45506139976394366,nan,nan,nan,10,39821,32796800,32796800,2493,8920729600,8920729600,942726,False
273,1.8720474959535334,0.46022941664780015,nan,nan,nan,10,53004,32796800,32796800,3317,8953526400,8953526400,946043,False
274,1.9079349604390612,0.45095013964025543,nan,nan,nan,10,51203,32796800,32796800,3205,8986323200,8986323200,949248,False
275,1.8733623112482192,0.45746518406563746,nan,nan,nan,10,74104,32796800,32796800,4637,9019120000,9019120000,953885,False
276,1.922815779260404,0.44898995598690894,nan,nan,nan,10,35444,32796800,32796800,2222,9051916800,9051916800,956107,False
277,1.8665401421463592,0.4570568257413956,nan,nan,nan,10,57122,32796800,32796800,3575,9084713600,9084713600,959682,False
278,1.8986492662279666,0.4514851148477481,nan,nan,nan,10,58817,32796800,32796800,3681,9117510400,9117510400,963363,False
279,1.8780810714933183,0.4608177899184771,nan,nan,nan,10,46858,32796800,32796800,2933,9150307200,9150307200,966296,False
280,1.8712698153669,0.4598149943659757,1.8670380504953439,0.46302262850292225,6.469106826283315,10,38161,32796800,32796800,2390,9183104000,9183104000,968686,False
281,1.8474739326908733,0.464172462131007,nan,nan,nan,10,73477,32796800,32796800,4597,9215900800,9215900800,973283,False
282,1.864785760341673,0.4608641546035174,nan,nan,nan,10,54643,32796800,32796800,3420,9248697600,9248697600,976703,False
283,1.862033785438316,0.4633134130146082,nan,nan,nan,10,48192,32796800,32796800,3016,9281494400,9281494400,979719,False
284,1.8723509869755155,0.4602166657238219,nan,nan,nan,10,70708,32796800,32796800,4425,9314291200,9314291200,984144,False
285,1.8588272337933731,0.46373577326489623,nan,nan,nan,10,31367,32796800,32796800,1964,9347088000,9347088000,986108,False
286,1.878988203229636,0.4595477163675138,nan,nan,nan,10,45016,32796800,32796800,2818,9379884800,9379884800,988926,False
287,1.8562904517579033,0.46390004642431826,nan,nan,nan,10,49543,32796800,32796800,3101,9412681600,9412681600,992027,False
288,1.8469632251965453,0.4649650688247908,nan,nan,nan,10,57828,32796800,32796800,3619,9445478400,9445478400,995646,False
289,1.8620040951357493,0.46078927190563973,nan,nan,nan,10,61297,32796800,32796800,3835,9478275200,9478275200,999481,False
290,1.8741410900266025,0.46202119186116675,1.8500554048191495,0.46690019481492584,6.360171897013835,10,41431,32796800,32796800,2594,9511072000,9511072000,1002075,False
291,1.8685828377690707,0.46400427717985077,nan,nan,nan,10,43019,32796800,32796800,2693,9543868800,9543868800,1004768,False
292,1.8709441874232664,0.460567696153536,nan,nan,nan,10,49604,32796800,32796800,3106,9576665600,9576665600,1007874,False
293,1.8691228966047668,0.458196239077855,nan,nan,nan,10,45893,32796800,32796800,2873,9609462400,9609462400,1010747,False
294,1.8487141532890914,0.4646187602852441,nan,nan,nan,10,52867,32796800,32796800,3308,9642259200,9642259200,1014055,False
295,1.8643082228027283,0.4618443831001731,nan,nan,nan,10,64119,32796800,32796800,4012,9675056000,9675056000,1018067,False
296,1.8579696901426812,0.46726021517287214,nan,nan,nan,10,72221,32796800,32796800,4518,9707852800,9707852800,1022585,False
297,1.8237856375988293,0.47200455168489924,nan,nan,nan,10,77334,32796800,32796800,4839,9740649600,9740649600,1027424,False
298,1.841467651243385,0.4671365404434988,nan,nan,nan,10,60158,32796800,32796800,3764,9773446400,9773446400,1031188,False
299,1.8398951368462177,0.46993739328400685,nan,nan,nan,10,43925,32796800,32796800,2749,9806243200,9806243200,1033937,False
300,1.8319805487731606,0.46919138645192826,1.836739542529659,0.46884834407313053,6.276042097408274,10,77738,32796800,32796800,4864,9839040000,9839040000,1038801,False
301,1.8470408562470753,0.46254625761012297,nan,nan,nan,10,33508,32796800,32796800,2099,9871836800,9871836800,1040900,False
302,1.7809362163509996,0.4813392857142857,nan,nan,nan,10,67200,32796800,32796800,4206,9904633600,9904633600,1045106,False
303,1.8473088577833234,0.4665744727661313,nan,nan,nan,10,31817,32796800,32796800,1994,9937430400,9937430400,1047100,False
304,1.825498060243621,0.46970087258911036,nan,nan,nan,10,62114,32796800,32796800,3887,9970227200,9970227200,1050987,False
305,1.847240981010314,0.46829849627080516,nan,nan,nan,10,74681,32796800,32796800,4672,10003024000,10003024000,1055659,False
306,1.838374390657688,0.46724736832824926,nan,nan,nan,10,56713,32796800,32796800,3548,10035820800,10035820800,1059207,False
307,1.8221383802882654,0.4702908312861558,nan,nan,nan,10,63095,32796800,32796800,3948,10068617600,10068617600,1063155,False
308,1.8425061335287611,0.46614690192860075,nan,nan,nan,10,56051,32796800,32796800,3508,10101414400,10101414400,1066663,False
309,1.830110711757732,0.46941505834551445,nan,nan,nan,10,40363,32796800,32796800,2527,10134211200,10134211200,1069190,False
310,1.8117498261696476,0.4720281796054064,1.8194576127943956,0.47482391727858536,6.168511820492061,10,50533,32796800,32796800,3164,10167008000,10167008000,1072354,False
311,1.825073553435019,0.4698827292110874,nan,nan,nan,10,33768,32796800,32796800,2116,10199804800,10199804800,1074470,False
312,1.8384085802571306,0.47241602531827664,nan,nan,nan,10,41709,32796800,32796800,2611,10232601600,10232601600,1077081,False
313,1.8305095923096177,0.4722409964275369,nan,nan,nan,10,62142,32796800,32796800,3889,10265398400,10265398400,1080970,False
314,1.8375149802106012,0.47008530170800417,nan,nan,nan,10,50761,32796800,32796800,3177,10298195200,10298195200,1084147,False
315,1.842063653238263,0.46880364396553187,nan,nan,nan,10,58837,32796800,32796800,3683,10330992000,10330992000,1087830,False
316,1.8318386537888858,0.468762206750764,nan,nan,nan,10,43521,32796800,32796800,2724,10363788800,10363788800,1090554,False
317,1.791504646748783,0.4814197717863274,nan,nan,nan,10,59418,32796800,32796800,3719,10396585600,10396585600,1094273,False
318,1.8110345763991675,0.4760655119975238,nan,nan,nan,10,74307,32796800,32796800,4648,10429382400,10429382400,1098921,False
319,1.8444976353707747,0.4690985896899958,nan,nan,nan,10,45451,32796800,32796800,2846,10462179200,10462179200,1101767,False
320,1.831430320379476,0.4713051228396497,1.805421022216223,0.47576052749887604,6.082531790516778,10,51612,32796800,32796800,3231,10494976000,10494976000,1104998,False
321,1.8143758661680098,0.4723519292209388,nan,nan,nan,10,28483,32796800,32796800,1785,10527772800,10527772800,1106783,False
322,1.8128366247068222,0.47631303993272345,nan,nan,nan,10,39241,32796800,32796800,2457,10560569600,10560569600,1109240,False
323,1.786911300749715,0.4814621409921671,nan,nan,nan,10,61280,32796800,32796800,3835,10593366400,10593366400,1113075,False
324,1.8021886165608072,0.4795953069205917,nan,nan,nan,10,47048,32796800,32796800,2943,10626163200,10626163200,1116018,False
325,1.8164996306170837,0.4725777674346443,nan,nan,nan,10,51564,32796800,32796800,3228,10658960000,10658960000,1119246,False
326,1.8039606861832533,0.47562091043410964,nan,nan,nan,10,56852,32796800,32796800,3559,10691756800,10691756800,1122805,False
327,1.8225499678171422,0.474335068955812,nan,nan,nan,10,56848,32796800,32796800,3557,10724553600,10724553600,1126362,False
328,1.832034916734405,0.473773766368277,nan,nan,nan,10,40551,32796800,32796800,2541,10757350400,10757350400,1128903,False
329,1.8119551537862773,0.47245448335963447,nan,nan,nan,10,42457,32796800,32796800,2658,10790147200,10790147200,1131561,False
330,1.7618099239719593,0.4873329926261225,1.7928190806557638,0.4813427244118088,6.006361038085408,10,82182,32796800,32796800,5141,10822944000,10822944000,1136702,False
331,1.8200634127856528,0.4719206895537317,nan,nan,nan,10,67986,32796800,32796800,4254,10855740800,10855740800,1140956,False
332,1.7912753340665224,0.47928316247281766,nan,nan,nan,10,51504,32796800,32796800,3225,10888537600,10888537600,1144181,False
333,1.7880158550089635,0.4843869293021835,nan,nan,nan,10,52392,32796800,32796800,3278,10921334400,10921334400,1147459,False
334,1.799442275258213,0.47927416714733345,nan,nan,nan,10,64147,32796800,32796800,4013,10954131200,10954131200,1151472,False
335,1.8036209029581727,0.4781645569620253,nan,nan,nan,10,25280,32796800,32796800,1584,10986928000,10986928000,1153056,False
336,1.8016505963851315,0.47742755285729416,nan,nan,nan,10,56662,32796800,32796800,3546,11019724800,11019724800,1156602,False
337,1.7824053011129537,0.48116141281220337,nan,nan,nan,10,61098,32796800,32796800,3824,11052521600,11052521600,1160426,False
338,1.8166039119426887,0.47443752991862137,nan,nan,nan,10,41780,32796800,32796800,2615,11085318400,11085318400,1163041,False
339,1.7886270190211977,0.4789564894472984,nan,nan,nan,10,64628,32796800,32796800,4043,11118115200,11118115200,1167084,False
340,1.7740396137996486,0.4810994463659362,1.781622438439361,0.4838528398021879,5.939485054406867,10,81823,32796800,32796800,5119,11150912000,11150912000,1172203,False
341,1.8114875754381998,0.47503312756536636,nan,nan,nan,10,30941,32796800,32796800,1939,11183708800,11183708800,1174142,False
342,1.7724903993820496,0.4842277872872945,nan,nan,nan,10,69521,32796800,32796800,4351,11216505600,11216505600,1178493,False
343,1.7839139992740836,0.4813926412209457,nan,nan,nan,10,71289,32796800,32796800,4460,11249302400,11249302400,1182953,False
344,1.7361913677353438,0.494270201043237,nan,nan,nan,10,74959,32796800,32796800,4689,11282099200,11282099200,1187642,False
345,1.7305495084269962,0.4922832364126607,nan,nan,nan,10,49697,32796800,32796800,3111,11314896000,11314896000,1190753,False
346,1.7933086128091014,0.47798171260762196,nan,nan,nan,10,74915,32796800,32796800,4687,11347692800,11347692800,1195440,False
347,1.778908379000949,0.48241560051851434,nan,nan,nan,10,70972,32796800,32796800,4440,11380489600,11380489600,1199880,False
348,1.7588425002911698,0.48962023142482985,nan,nan,nan,10,46581,32796800,32796800,2916,11413286400,11413286400,1202796,False
349,1.7955242831722584,0.476419709600407,nan,nan,nan,10,25551,32796800,32796800,1602,11446083200,11446083200,1204398,False
350,1.75634893178334,0.4895094741427292,1.7700544173939374,0.48662520605424847,5.871172846615415,10,41323,32796800,32796800,2587,11478880000,11478880000,1206985,False
351,1.785569156899846,0.4808029623854999,nan,nan,nan,10,30786,32796800,32796800,1929,11511676800,11511676800,1208914,False
352,1.7921276690073003,0.479016509852654,nan,nan,nan,10,56330,32796800,32796800,3525,11544473600,11544473600,1212439,False
353,1.7607972138755479,0.48661048689138575,nan,nan,nan,10,64080,32796800,32796800,4009,11577270400,11577270400,1216448,False
354,1.7843747689980174,0.4835523772709702,nan,nan,nan,10,51740,32796800,32796800,3238,11610067200,11610067200,1219686,False
355,1.7706557214880403,0.4839110983516352,nan,nan,nan,10,83598,32796800,32796800,5230,11642864000,11642864000,1224916,False
356,1.7703168840081949,0.4861564996368918,nan,nan,nan,10,22032,32796800,32796800,1382,11675660800,11675660800,1226298,False
357,1.7596976665721724,0.48956127769050384,nan,nan,nan,10,43923,32796800,32796800,2749,11708457600,11708457600,1229047,False
358,1.7256804343460683,0.49649373525208546,nan,nan,nan,10,60178,32796800,32796800,3765,11741254400,11741254400,1232812,False
359,1.7554821200745965,0.48887054047545325,nan,nan,nan,10,116268,32796800,32796800,7272,11774051200,11774051200,1240084,False
360,1.8148085214985503,0.4754480256917983,1.7589000929925782,0.4869623857335531,5.8060477684236576,10,60097,32796800,32796800,3762,11806848000,11806848000,1243846,False
361,1.7675257808215077,0.4858039720707487,nan,nan,nan,10,49697,32796800,32796800,3110,11839644800,11839644800,1246956,False
362,1.7762247582569544,0.483888616383051,nan,nan,nan,10,53006,32796800,32796800,3317,11872441600,11872441600,1250273,False
363,1.7679801337475056,0.48683983749846116,nan,nan,nan,10,81230,32796800,32796800,5082,11905238400,11905238400,1255355,False
364,1.7710680204965659,0.48418064754344264,nan,nan,nan,10,43333,32796800,32796800,2714,11938035200,11938035200,1258069,False
365,1.7350891096573067,0.49437720711763294,nan,nan,nan,10,58334,32796800,32796800,3651,11970832000,11970832000,1261720,False
366,1.721219289920447,0.4945858411754076,nan,nan,nan,10,71941,32796800,32796800,4502,12003628800,12003628800,1266222,False
367,1.7556983799891002,0.48807278742762616,nan,nan,nan,10,30225,32796800,32796800,1894,12036425600,12036425600,1268116,False
368,1.770541726864801,0.48958722609138783,nan,nan,nan,10,58870,32796800,32796800,3685,12069222400,12069222400,1271801,False
369,1.7653549605146899,0.484233004720465,nan,nan,nan,10,62282,32796800,32796800,3898,12102019200,12102019200,1275699,False
370,1.7229790211519551,0.49910757446175585,1.7469211986678375,0.49168290124381836,5.736912643642056,10,53786,32796800,32796800,3366,12134816000,12134816000,1279065,False
371,1.7716262275158718,0.48677189551613353,nan,nan,nan,10,35795,32796800,32796800,2241,12167612800,12167612800,1281306,False
372,1.7600180873698137,0.4879449331910038,nan,nan,nan,10,54334,32796800,32796800,3400,12200409600,12200409600,1284706,False
373,1.7583398138183692,0.4895237343645188,nan,nan,nan,10,25343,32796800,32796800,1589,12233206400,12233206400,1286295,False
374,1.7585255737698333,0.4872533836105313,nan,nan,nan,10,74255,32796800,32796800,4646,12266003200,12266003200,1290941,False
375,1.7467448367219067,0.49140067782892405,nan,nan,nan,10,39538,32796800,32796800,2476,12298800000,12298800000,1293417,False
376,1.7491434867117919,0.4880718170846628,nan,nan,nan,10,60487,32796800,32796800,3787,12331596800,12331596800,1297204,False
377,1.7388953736211485,0.49153594281678686,nan,nan,nan,10,46727,32796800,32796800,2925,12364393600,12364393600,1300129,False
378,1.737118494827613,0.49484270242392986,nan,nan,nan,10,34902,32796800,32796800,2185,12397190400,12397190400,1302314,False
379,1.7762861330655861,0.4851047921680413,nan,nan,nan,10,42799,32796800,32796800,2681,12429987200,12429987200,1304995,False
380,1.735207488441572,0.4907606562524531,1.7331364729692782,0.49539187771616966,5.658373440832098,10,63695,32796800,32796800,3985,12462784000,12462784000,1308980,False
381,1.7833898982832688,0.48442719689544117,nan,nan,nan,10,49991,32796800,32796800,3131,12495580800,12495580800,1312111,False
382,1.7306416863942022,0.4924946131421225,nan,nan,nan,10,55227,32796800,32796800,3457,12528377600,12528377600,1315568,False
383,1.7373378974309848,0.49432715074980266,nan,nan,nan,10,40544,32796800,32796800,2538,12561174400,12561174400,1318106,False
384,1.7407024200453007,0.492254243979471,nan,nan,nan,10,63325,32796800,32796800,3962,12593971200,12593971200,1322068,False
385,1.741323508009867,0.4905940371441848,nan,nan,nan,10,66713,32796800,32796800,4174,12626768000,12626768000,1326242,False
386,1.779457700309151,0.48176807794956017,nan,nan,nan,10,63323,32796800,32796800,3964,12659564800,12659564800,1330206,False
387,1.6988187041799154,0.5010120981029045,nan,nan,nan,10,42486,32796800,32796800,2659,12692361600,12692361600,1332865,False
388,1.728046771506676,0.495874884857223,nan,nan,nan,10,49938,32796800,32796800,3125,12725158400,12725158400,1335990,False
389,1.7445395610757113,0.490879851643655,nan,nan,nan,10,69023,32796800,32796800,4319,12757955200,12757955200,1340309,False
390,1.7526245221075818,0.4908499467356567,1.7279155707405762,0.49722763374793943,5.628908609754044,10,52568,32796800,32796800,3291,12790752000,12790752000,1343600,False
391,1.7255741252133876,0.4980246913580247,nan,nan,nan,10,40500,32796800,32796800,2536,12823548800,12823548800,1346136,False
392,1.7185982946327287,0.49857639987345775,nan,nan,nan,10,37932,32796800,32796800,2375,12856345600,12856345600,1348511,False
393,1.7336735441877527,0.49443245235337474,nan,nan,nan,10,75976,32796800,32796800,4754,12889142400,12889142400,1353265,False
394,1.6861723359634557,0.5075413270886934,nan,nan,nan,10,64909,32796800,32796800,4061,12921939200,12921939200,1357326,False
395,1.7246605295668493,0.4945057753245426,nan,nan,nan,10,39132,32796800,32796800,2450,12954736000,12954736000,1359776,False
396,1.7164022686621139,0.5011315556430188,nan,nan,nan,10,60978,32796800,32796800,3815,12987532800,12987532800,1363591,False
397,1.7271079332581893,0.4947627213189265,nan,nan,nan,10,48403,32796800,32796800,3030,13020329600,13020329600,1366621,False
398,1.7360890886880886,0.4917022188654596,nan,nan,nan,10,48989,32796800,32796800,3066,13053126400,13053126400,1369687,False
399,1.7455003791563655,0.48775666369085574,nan,nan,nan,10,31364,32796800,32796800,1965,13085923200,13085923200,1371652,False
400,1.7361766106753487,0.49262080629074456,1.7142781323084637,0.4984077626255058,5.552665775260648,10,69181,32796800,32796800,4329,13118720000,13118720000,1375981,False
401,1.7024593524688627,0.5007873080008318,nan,nan,nan,10,33659,32796800,32796800,2108,13151516800,13151516800,1378089,False
402,1.7019148629522207,0.4978550214497855,nan,nan,nan,10,72728,32796800,32796800,4551,13184313600,13184313600,1382640,False
403,1.7218435120349245,0.4974309681929395,nan,nan,nan,10,57220,32796800,32796800,3581,13217110400,13217110400,1386221,False
404,1.7071074661534438,0.49794461676445306,nan,nan,nan,10,53518,32796800,32796800,3351,13249907200,13249907200,1389572,False
405,1.7316262379930365,0.4956430560075207,nan,nan,nan,10,55314,32796800,32796800,3460,13282704000,13282704000,1393032,False
406,1.6914182916000393,0.5061561142766068,nan,nan,nan,10,50194,32796800,32796800,3143,13315500800,13315500800,1396175,False
407,1.696432592033114,0.5039281316661175,nan,nan,nan,10,57661,32796800,32796800,3609,13348297600,13348297600,1399784,False
408,1.7412568682934964,0.4929603285180025,nan,nan,nan,10,81822,32796800,32796800,5118,13381094400,13381094400,1404902,False
409,1.701126347804312,0.501208281627588,nan,nan,nan,10,45933,32796800,32796800,2875,13413891200,13413891200,1407777,False
410,1.7041797385677033,0.5042118873173216,1.7040347706766013,0.5018919526449873,5.4960781303533555,10,51046,32796800,32796800,3195,13446688000,13446688000,1410972,False
411,1.6907432485901557,0.5075315643229716,nan,nan,nan,10,61541,32796800,32796800,3852,13479484800,13479484800,1414824,False
412,1.715053132410421,0.5014367139290593,nan,nan,nan,10,42458,32796800,32796800,2658,13512281600,13512281600,1417482,False
413,1.709604670462405,0.49805969207470974,nan,nan,nan,10,63392,32796800,32796800,3966,13545078400,13545078400,1421448,False
414,1.74463203482894,0.4901146426855221,nan,nan,nan,10,29134,32796800,32796800,1825,13577875200,13577875200,1423273,False
415,1.7105316570701568,0.497529992942837,nan,nan,nan,10,62348,32796800,32796800,3902,13610672000,13610672000,1427175,False
416,1.7066083484979548,0.4996540406280493,nan,nan,nan,10,56365,32796800,32796800,3530,13643468800,13643468800,1430705,False
417,1.7023866148518605,0.5041474003741485,nan,nan,nan,10,56662,32796800,32796800,3545,13676265600,13676265600,1434250,False
418,1.6879663523331383,0.5048527358665119,nan,nan,nan,10,59451,32796800,32796800,3719,13709062400,13709062400,1437969,False
419,1.7048235931433888,0.5023887149359243,nan,nan,nan,10,61958,32796800,32796800,3878,13741859200,13741859200,1441847,False
420,1.6814352414003777,0.5086044688357507,1.6985310274104424,0.5024539187771617,5.465912216223268,10,51020,32796800,32796800,3194,13774656000,13774656000,1445041,False
421,1.6752699870175465,0.5076421994977983,nan,nan,nan,10,54958,32796800,32796800,3438,13807452800,13807452800,1448479,False
422,1.7068095531551044,0.4983840059491462,nan,nan,nan,10,69926,32796800,32796800,4374,13840249600,13840249600,1452853,False
423,1.6924788801481985,0.5033667558587432,nan,nan,nan,10,34009,32796800,32796800,2129,13873046400,13873046400,1454982,False
424,1.689411887718518,0.5027457261465041,nan,nan,nan,10,61186,32796800,32796800,3829,13905843200,13905843200,1458811,False
425,1.7129695774739375,0.49750749736847333,nan,nan,nan,10,50351,32796800,32796800,3151,13938640000,13938640000,1461962,False
426,1.6832209184679132,0.5052084339910713,nan,nan,nan,10,51743,32796800,32796800,3239,13971436800,13971436800,1465201,False
427,1.728641193677658,0.4969436980467952,nan,nan,nan,10,63639,32796800,32796800,3984,14004233600,14004233600,1469185,False
428,1.6820293241049238,0.5032089251077235,nan,nan,nan,10,76817,32796800,32796800,4805,14037030400,14037030400,1473990,False
429,1.6821721285199969,0.5059618155619596,nan,nan,nan,10,55520,32796800,32796800,3476,14069827200,14069827200,1477466,False
430,1.688700914950955,0.5030567292996494,1.694384768004541,0.5022291323242919,5.443296044941793,10,66738,32796800,32796800,4177,14102624000,14102624000,1481643,False
431,1.70883703995086,0.49859484777517565,nan,nan,nan,10,64050,32796800,32796800,4009,14135420800,14135420800,1485652,False
432,1.7115381577500401,0.49599278945701686,nan,nan,nan,10,82102,32796800,32796800,5136,14168217600,14168217600,1490788,False
433,1.6911607383258853,0.5056329735034347,nan,nan,nan,10,50950,32796800,32796800,3190,14201014400,14201014400,1493978,False
434,1.6672311538606814,0.5129817378306363,nan,nan,nan,10,61548,32796800,32796800,3852,14233811200,14233811200,1497830,False
435,1.7026168292990342,0.4991136875389259,nan,nan,nan,10,62619,32796800,32796800,3918,14266608000,14266608000,1501748,False
436,1.687192313427906,0.5049345472911179,nan,nan,nan,10,73259,32796800,32796800,4584,14299404800,14299404800,1506332,False
437,1.685511010055443,0.5078657998234208,nan,nan,nan,10,49836,32796800,32796800,3120,14332201600,14332201600,1509452,False
438,1.6714075995185136,0.507979717107019,nan,nan,nan,10,37470,32796800,32796800,2347,14364998400,14364998400,1511799,False
439,1.6567948600276343,0.5104736353317512,nan,nan,nan,10,58146,32796800,32796800,3639,14397795200,14397795200,1515438,False
440,1.6801418856572197,0.506116715617418,1.6826275504012347,0.5044582646485839,5.379672778055712,10,78310,32796800,32796800,4899,14430592000,14430592000,1520337,False
441,1.6962553048757676,0.5002320390709598,nan,nan,nan,10,45251,32796800,32796800,2833,14463388800,14463388800,1523170,False
442,1.6622233725312632,0.5123683276127352,nan,nan,nan,10,67592,32796800,32796800,4228,14496185600,14496185600,1527398,False
443,1.676893779665597,0.5034954596342829,nan,nan,nan,10,40195,32796800,32796800,2517,14528982400,14528982400,1529915,False
444,1.6704869248876204,0.5070931510194115,nan,nan,nan,10,81910,32796800,32796800,5125,14561779200,14561779200,1535040,False
445,1.6969862646454872,0.5013794663048394,nan,nan,nan,10,44220,32796800,32796800,2769,14594576000,14594576000,1537809,False
446,1.6977752313610246,0.5041111303444694,nan,nan,nan,10,69324,32796800,32796800,4338,14627372800,14627372800,1542147,False
447,1.6553050608699622,0.5110296983396991,nan,nan,nan,10,38487,32796800,32796800,2411,14660169600,14660169600,1544558,False
448,1.677470493356837,0.5066766551175204,nan,nan,nan,10,53395,32796800,32796800,3342,14692966400,14692966400,1547900,False
449,1.6844131331558803,0.5037833472903457,nan,nan,nan,10,66872,32796800,32796800,4185,14725763200,14725763200,1552085,False
450,1.6760979204920667,0.5093254735214534,1.6747281711783595,0.5081110445077177,5.337344107905164,10,41392,32796800,32796800,2592,14758560000,14758560000,1554677,False
451,1.669488913582463,0.5112363435209515,nan,nan,nan,10,57848,32796800,32796800,3620,14791356800,14791356800,1558297,False
452,1.6608138560233476,0.5105588462528973,nan,nan,nan,10,54362,32796800,32796800,3403,14824153600,14824153600,1561700,False
453,1.6530125357912315,0.5128702757916241,nan,nan,nan,10,48950,32796800,32796800,3064,14856950400,14856950400,1564764,False
454,1.6338867017621865,0.5186712633308631,nan,nan,nan,10,62074,32796800,32796800,3883,14889747200,14889747200,1568647,False
455,1.6579138848702692,0.5113841832704292,nan,nan,nan,10,56965,32796800,32796800,3565,14922544000,14922544000,1572212,False
456,1.6753280175411567,0.506713121565083,nan,nan,nan,10,68597,32796800,32796800,4293,14955340800,14955340800,1576505,False
457,1.6541665549004685,0.5145903800951671,nan,nan,nan,10,34886,32796800,32796800,2185,14988137600,14988137600,1578690,False
458,1.6477572303917671,0.5138664569874193,nan,nan,nan,10,94112,32796800,32796800,5886,15020934400,15020934400,1584576,False
459,1.6810841612099778,0.5051752315235155,nan,nan,nan,10,49563,32796800,32796800,3104,15053731200,15053731200,1587680,False
460,1.6519546599120933,0.5134125706739301,1.6657527894536435,0.5103589090364155,5.2896537468887415,10,48462,32796800,32796800,3034,15086528000,15086528000,1590714,False
461,1.6568791219795977,0.5134931243961512,nan,nan,nan,10,75557,32796800,32796800,4728,15119324800,15119324800,1595442,False
462,1.6316825584849504,0.5183421023852631,nan,nan,nan,10,82297,32796800,32796800,5149,15152121600,15152121600,1600591,False
463,1.662901916402257,0.5128456981491145,nan,nan,nan,10,65158,32796800,32796800,4077,15184918400,15184918400,1604668,False
464,1.6584032180359574,0.5107192315108595,nan,nan,nan,10,57047,32796800,32796800,3569,15217715200,15217715200,1608237,False
465,1.682940052185306,0.5056096134418036,nan,nan,nan,10,56421,32796800,32796800,3531,15250512000,15250512000,1611768,False
466,1.6786830655634541,0.5088707813222376,nan,nan,nan,10,34608,32796800,32796800,2166,15283308800,15283308800,1613934,False
467,1.6622210122591947,0.5106499854263358,nan,nan,nan,10,89202,32796800,32796800,5581,15316105600,15316105600,1619515,False
468,1.6476405580145614,0.5184111462074337,nan,nan,nan,10,46222,32796800,32796800,2892,15348902400,15348902400,1622407,False
469,1.6756134756493928,0.5088497578199267,nan,nan,nan,10,44182,32796800,32796800,2765,15381699200,15381699200,1625172,False
470,1.6547901469890771,0.511606371156933,1.6566081493311373,0.5120260752285329,5.2415022665333115,10,64792,32796800,32796800,4054,15414496000,15414496000,1629226,False
471,1.6637115576018302,0.513017644123917,nan,nan,nan,10,44094,32796800,32796800,2761,15447292800,15447292800,1631987,False
472,1.645742112064656,0.5152022135709919,nan,nan,nan,10,62162,32796800,32796800,3891,15480089600,15480089600,1635878,False
473,1.5924503956392329,0.5290613402143961,nan,nan,nan,10,62781,32796800,32796800,3927,15512886400,15512886400,1639805,False
474,1.6125963808947619,0.5252222478415699,nan,nan,nan,10,39033,32796800,32796800,2443,15545683200,15545683200,1642248,False
475,1.5988847999730513,0.5264997006863332,nan,nan,nan,10,71831,32796800,32796800,4494,15578480000,15578480000,1646742,False
476,1.620824252022916,0.5256749901358435,nan,nan,nan,10,70964,32796800,32796800,4439,15611276800,15611276800,1651181,False
477,1.699017078585495,0.5044700165046764,nan,nan,nan,10,43624,32796800,32796800,2732,15644073600,15644073600,1653913,False
478,1.6864610575367402,0.5074475380606227,nan,nan,nan,10,36455,32796800,32796800,2283,15676870400,15676870400,1656196,False
479,1.6191522856421778,0.5220152413209145,nan,nan,nan,10,40154,32796800,32796800,2515,15709667200,15709667200,1658711,False
480,1.6225929785499467,0.524096693412378,1.651608447433322,0.5133935261501573,5.215361719627864,10,39134,32796800,32796800,2450,15742464000,15742464000,1661161,False
481,1.647528449269672,0.5134604796928159,nan,nan,nan,10,70837,32796800,32796800,4432,15775260800,15775260800,1665593,False
482,1.5943391281664059,0.5264677380279416,nan,nan,nan,10,49532,32796800,32796800,3100,15808057600,15808057600,1668693,False
483,1.6715399761877032,0.5084502351912751,nan,nan,nan,10,48046,32796800,32796800,3008,15840854400,15840854400,1671701,False
484,1.6345168481169698,0.5183529097704218,nan,nan,nan,10,44952,32796800,32796800,2814,15873651200,15873651200,1674515,False
485,1.6390853466581183,0.5162941847206386,nan,nan,nan,10,87700,32796800,32796800,5487,15906448000,15906448000,1680002,False
486,1.6374265306223665,0.5172923198135351,nan,nan,nan,10,60923,32796800,32796800,3812,15939244800,15939244800,1683814,False
487,1.648052144226283,0.5141270856345561,nan,nan,nan,10,34402,32796800,32796800,2155,15972041600,15972041600,1685969,False
488,1.6506781139818605,0.5142918965703775,nan,nan,nan,10,46215,32796800,32796800,2894,16004838400,16004838400,1688863,False
489,1.6156547630950366,0.5215294788248525,nan,nan,nan,10,64911,32796800,32796800,4062,16037635200,16037635200,1692925,False
490,1.6353896950145919,0.5173315190145384,1.6451913073880016,0.5165967331035516,5.1820011672357,10,55852,32796800,32796800,3495,16070432000,16070432000,1696420,False
491,1.674290466322371,0.5073931812774057,nan,nan,nan,10,29419,32796800,32796800,1843,16103228800,16103228800,1698263,False
492,1.6533568013158955,0.515560367114788,nan,nan,nan,10,61888,32796800,32796800,3874,16136025600,16136025600,1702137,False
493,1.6276467914680663,0.5194112994738833,nan,nan,nan,10,58162,32796800,32796800,3639,16168822400,16168822400,1705776,False
494,1.699402367234265,0.5005025473954181,nan,nan,nan,10,28853,32796800,32796800,1808,16201619200,16201619200,1707584,False
495,1.6294580089589192,0.5222285760967241,nan,nan,nan,10,61205,32796800,32796800,3831,16234416000,16234416000,1711415,False
496,1.6441191248652314,0.5167734837504148,nan,nan,nan,10,57263,32796800,32796800,3584,16267212800,16267212800,1714999,False
497,1.6216567573848504,0.5238266731971535,nan,nan,nan,10,69418,32796800,32796800,4343,16300009600,16300009600,1719342,False
498,1.611346538497738,0.5219901632333025,nan,nan,nan,10,56116,32796800,32796800,3513,16332806400,16332806400,1722855,False
499,1.6257497572064368,0.5196192522304778,nan,nan,nan,10,33513,32796800,32796800,2099,16365603200,16365603200,1724954,False
500,1.6180623720634182,0.522130073133981,1.6365845392762535,0.5190506518807133,5.137592267522948,10,81631,32796800,32796800,5107,16398400000,16398400000,1730061,False
501,1.5966592953689083,0.5306661782406196,nan,nan,nan,10,38218,32796800,32796800,2393,16431196800,16431196800,1732454,False
502,1.6081140162602339,0.5232126638121188,nan,nan,nan,10,38535,32796800,32796800,2413,16463993600,16463993600,1734867,False
503,1.6636830482457876,0.5122550963750298,nan,nan,nan,10,50428,32796800,32796800,3157,16496790400,16496790400,1738024,False
504,1.6413649585930568,0.5188604169982493,nan,nan,nan,10,43981,32796800,32796800,2754,16529587200,16529587200,1740778,False
505,1.6525455833351819,0.5112974105875194,nan,nan,nan,10,73955,32796800,32796800,4626,16562384000,16562384000,1745404,False
506,1.6116766234545952,0.5232570321093709,nan,nan,nan,10,38182,32796800,32796800,2390,16595180800,16595180800,1747794,False
507,1.653510340372707,0.5153873841446954,nan,nan,nan,10,22226,32796800,32796800,1393,16627977600,16627977600,1749187,False
508,1.6168483782693301,0.5228437708936929,nan,nan,nan,10,71792,32796800,32796800,4492,16660774400,16660774400,1753679,False
509,1.6225623113771335,0.5231615149456522,nan,nan,nan,10,47104,32796800,32796800,2950,16693571200,16693571200,1756629,False
510,1.6207662538172993,0.5206011753749318,1.6399661942291488,0.5159223737449423,5.15499524070116,10,31139,32796800,32796800,1951,16726368000,16726368000,1758580,False
511,1.6073135464995276,0.5273844761599518,nan,nan,nan,10,53041,32796800,32796800,3319,16759164800,16759164800,1761899,False
512,1.605813221468791,0.5303191939717212,nan,nan,nan,10,59055,32796800,32796800,3696,16791961600,16791961600,1765595,False
513,1.611616691517655,0.5234505223937509,nan,nan,nan,10,91789,32796800,32796800,5742,16824758400,16824758400,1771337,False
514,1.6287598974627358,0.5203864594974584,nan,nan,nan,10,83217,32796800,32796800,5206,16857555200,16857555200,1776543,False
515,1.6366302857670914,0.5176003966286564,nan,nan,nan,10,40340,32796800,32796800,2526,16890352000,16890352000,1779069,False
516,1.680642153342135,0.5097835754521197,nan,nan,nan,10,26984,32796800,32796800,1691,16923148800,16923148800,1780760,False
517,1.6086682364471032,0.5234270772186349,nan,nan,nan,10,37478,32796800,32796800,2346,16955945600,16955945600,1783106,False
518,1.6589804547766722,0.5096178882957948,nan,nan,nan,10,61448,32796800,32796800,3845,16988742400,16988742400,1786951,False
519,1.582245820728986,0.5322334760363371,nan,nan,nan,10,47885,32796800,32796800,2997,17021539200,17021539200,1789948,False
520,1.6538556232734667,0.5163440662936122,1.6265699637270252,0.5200809231230331,5.086398232743973,10,32703,32796800,32796800,2048,17054336000,17054336000,1791996,False
521,1.6077774269745488,0.5229675820132461,nan,nan,nan,10,51638,32796800,32796800,3232,17087132800,17087132800,1795228,False
522,1.5827286369516929,0.52728533056061,nan,nan,nan,10,57705,32796800,32796800,3610,17119929600,17119929600,1798838,False
523,1.5798004923167266,0.532733555396445,nan,nan,nan,10,32123,32796800,32796800,2012,17152726400,17152726400,1800850,False
524,1.6193584816650595,0.5240470447142838,nan,nan,nan,10,73377,32796800,32796800,4592,17185523200,17185523200,1805442,False
525,1.6222907317457187,0.5252202977818292,nan,nan,nan,10,59238,32796800,32796800,3709,17218320000,17218320000,1809151,False
526,1.6534277341681085,0.5155098923300564,nan,nan,nan,10,40587,32796800,32796800,2542,17251116800,17251116800,1811693,False
527,1.6483583015339511,0.514613874046673,nan,nan,nan,10,43794,32796800,32796800,2743,17283913600,17283913600,1814436,False
528,1.6169696609825508,0.5260406780650907,nan,nan,nan,10,68489,32796800,32796800,4285,17316710400,17316710400,1818721,False
529,1.5591397213944855,0.5376471328759364,nan,nan,nan,10,79435,32796800,32796800,4971,17349507200,17349507200,1823692,False
530,1.6214230502621294,0.5226594363052245,1.6217618003771184,0.5222351266297017,5.062000699842738,10,43889,32796800,32796800,2749,17382304000,17382304000,1826441,False
531,1.5985939250118764,0.5324336785359626,nan,nan,nan,10,56392,32796800,32796800,3529,17415100800,17415100800,1829970,False
532,1.5618902414521054,0.5380943865971582,nan,nan,nan,10,72701,32796800,32796800,4549,17447897600,17447897600,1834519,False
533,1.6120091465132755,0.5227795798059194,nan,nan,nan,10,74299,32796800,32796800,4648,17480694400,17480694400,1839167,False
534,1.576341082818937,0.5325612110129025,nan,nan,nan,10,88587,32796800,32796800,5541,17513491200,17513491200,1844708,False
535,1.6118245532660371,0.5246973209685729,nan,nan,nan,10,62112,32796800,32796800,3887,17546288000,17546288000,1848595,False
536,1.615544704533436,0.526818192915212,nan,nan,nan,10,40961,32796800,32796800,2566,17579084800,17579084800,1851161,False
537,1.5961842742199785,0.5273130734486394,nan,nan,nan,10,63541,32796800,32796800,3976,17611881600,17611881600,1855137,False
538,1.5737805491213903,0.5329896781880297,nan,nan,nan,10,82253,32796800,32796800,5147,17644678400,17644678400,1860284,False
539,1.628752436369645,0.5206899104300836,nan,nan,nan,10,81054,32796800,32796800,5072,17677475200,17677475200,1865356,False
540,1.617265894392385,0.5242057641427504,1.6172583339704882,0.5232092012588041,5.039255404519187,10,49513,32796800,32796800,3100,17710272000,17710272000,1868456,False
541,1.6056390802890308,0.5251539511255346,nan,nan,nan,10,87203,32796800,32796800,5455,17743068800,17743068800,1873911,False
542,1.576803196508198,0.5313914259853534,nan,nan,nan,10,48612,32796800,32796800,3043,17775865600,17775865600,1876954,False
543,1.591798676797979,0.5301929737753587,nan,nan,nan,10,50525,32796800,32796800,3163,17808662400,17808662400,1880117,False
544,1.6026818857368175,0.5286922952032183,nan,nan,nan,10,55433,32796800,32796800,3470,17841459200,17841459200,1883587,False
545,1.5710209534633977,0.5356090957320309,nan,nan,nan,10,54663,32796800,32796800,3422,17874256000,17874256000,1887009,False
546,1.6063325502479007,0.5301430486438842,nan,nan,nan,10,54457,32796800,32796800,3408,17907052800,17907052800,1890417,False
547,1.5788607377949726,0.5330949960594397,nan,nan,nan,10,87551,32796800,32796800,5477,17939849600,17939849600,1895894,False
548,1.5654878700280646,0.5372124492557511,nan,nan,nan,10,61337,32796800,32796800,3839,17972646400,17972646400,1899733,False
549,1.5566591119604427,0.5389306461826492,nan,nan,nan,10,72642,32796800,32796800,4544,18005443200,18005443200,1904277,False
550,1.6417071766636193,0.5226926591532135,1.6106314404550635,0.5251011539037914,5.005971202794907,10,32830,32796800,32796800,2055,18038240000,18038240000,1906332,False
551,1.6297098724761345,0.5216467515253114,nan,nan,nan,10,51301,32796800,32796800,3211,18071036800,18071036800,1909543,False
552,1.6249057656493786,0.5235403452967214,nan,nan,nan,10,52187,32796800,32796800,3267,18103833600,18103833600,1912810,False
553,1.5766110800404711,0.5374384677347176,nan,nan,nan,10,55865,32796800,32796800,3496,18136630400,18136630400,1916306,False
554,1.614324706567447,0.5264920273348519,nan,nan,nan,10,43900,32796800,32796800,2748,18169427200,18169427200,1919054,False
555,1.6057444207990286,0.5262013802418589,nan,nan,nan,10,47383,32796800,32796800,2966,18202224000,18202224000,1922020,False
556,1.5964183110632615,0.5311478922277573,nan,nan,nan,10,56007,32796800,32796800,3505,18235020800,18235020800,1925525,False
557,1.5795828563817054,0.5319156311201234,nan,nan,nan,10,57699,32796800,32796800,3612,18267817600,18267817600,1929137,False
558,1.5799226455744177,0.5300431600675549,nan,nan,nan,10,53290,32796800,32796800,3336,18300614400,18300614400,1932473,False
559,1.5510533210956339,0.5387286247504413,nan,nan,nan,10,103683,32796800,32796800,6486,18333411200,18333411200,1938959,False
560,1.610059290027263,0.5276551888163632,1.6040102173752215,0.5265997302562565,4.972935041321007,10,37841,32796800,32796800,2370,18366208000,18366208000,1941329,False
561,1.608015061193552,0.5265109827983899,nan,nan,nan,10,66331,32796800,32796800,4152,18399004800,18399004800,1945481,False
562,1.5785606150951883,0.5373634583156662,nan,nan,nan,10,49527,32796800,32796800,3100,18431801600,18431801600,1948581,False
563,1.602063547056622,0.5257907777455997,nan,nan,nan,10,62154,32796800,32796800,3889,18464598400,18464598400,1952470,False
564,1.6340356242567622,0.5230032695002336,nan,nan,nan,10,42820,32796800,32796800,2680,18497395200,18497395200,1955150,False
565,1.5523219210942474,0.5421718502899314,nan,nan,nan,10,34146,32796800,32796800,2139,18530192000,18530192000,1957289,False
566,1.5852349158229944,0.5289841108561217,nan,nan,nan,10,57083,32796800,32796800,3573,18562988800,18562988800,1960862,False
567,1.6049562329572378,0.5245276734331341,nan,nan,nan,10,54041,32796800,32796800,3383,18595785600,18595785600,1964245,False
568,1.62358438480413,0.5244278823072175,nan,nan,nan,10,43741,32796800,32796800,2740,18628582400,18628582400,1966985,False
569,1.601031797101426,0.527468933943754,nan,nan,nan,10,58102,32796800,32796800,3637,18661379200,18661379200,1970622,False
570,1.571293576601833,0.5351333932599515,1.5989713794946063,0.5272740896148659,4.947940253084401,10,58961,32796800,32796800,3690,18694176000,18694176000,1974312,False
571,1.6256289939300366,0.5207551142145338,nan,nan,nan,10,28499,32796800,32796800,1786,18726972800,18726972800,1976098,False
572,1.57370642149448,0.535388550466126,nan,nan,nan,10,59426,32796800,32796800,3719,18759769600,18759769600,1979817,False
573,1.565040114689242,0.5356350241380099,nan,nan,nan,10,43707,32796800,32796800,2736,18792566400,18792566400,1982553,False
574,1.5489022497921907,0.5384596205151221,nan,nan,nan,10,40107,32796800,32796800,2513,18825363200,18825363200,1985066,False
575,1.5729838235927398,0.5359327563550682,nan,nan,nan,10,44138,32796800,32796800,2763,18858160000,18858160000,1987829,False
576,1.5350637676206405,0.5444930938934366,nan,nan,nan,10,47277,32796800,32796800,2959,18890956800,18890956800,1990788,False
577,1.5704794303951986,0.5373265800484475,nan,nan,nan,10,54492,32796800,32796800,3412,18923753600,18923753600,1994200,False
578,1.5821195401470802,0.5327209414024976,nan,nan,nan,10,49968,32796800,32796800,3128,18956550400,18956550400,1997328,False
579,1.619483366958689,0.52674545540842,nan,nan,nan,10,42138,32796800,32796800,2640,18989347200,18989347200,1999968,False
580,1.5815269897906599,0.5315840765459807,1.5944752639583002,0.5275550726809531,4.925743678613528,10,67724,32796800,32796800,4238,19022144000,19022144000,2004206,False
581,1.5901945100875636,0.5344476351765948,nan,nan,nan,10,40743,32796800,32796800,2550,19054940800,19054940800,2006756,False
582,1.5674507739198775,0.5357557015848473,nan,nan,nan,10,62088,32796800,32796800,3886,19087737600,19087737600,2010642,False
583,1.5573459130284395,0.5361834191406438,nan,nan,nan,10,41566,32796800,32796800,2602,19120534400,19120534400,2013244,False
584,1.6095643717309702,0.5241289411509111,nan,nan,nan,10,36823,32796800,32796800,2307,19153331200,19153331200,2015551,False
585,1.5881272965423547,0.5288096123679997,nan,nan,nan,10,61837,32796800,32796800,3870,19186128000,19186128000,2019421,False
586,1.5854266639218775,0.531526609113758,nan,nan,nan,10,45755,32796800,32796800,2865,19218924800,19218924800,2022286,False
587,1.5571326333361792,0.5370744786058063,nan,nan,nan,10,91006,32796800,32796800,5692,19251721600,19251721600,2027978,False
588,1.594370357946601,0.528167612222554,nan,nan,nan,10,40188,32796800,32796800,2515,19284518400,19284518400,2030493,False
589,1.5577867121903952,0.5418439716312057,nan,nan,nan,10,52170,32796800,32796800,3265,19317315200,19317315200,2033758,False
590,1.5486177253091595,0.5406429117908969,1.591448139897819,0.5291847744642589,4.910855387129964,10,79731,32796800,32796800,4988,19350112000,19350112000,2038746,False
591,1.5401067128959576,0.5416454594709967,nan,nan,nan,10,60907,32796800,32796800,3812,19382908800,19382908800,2042558,False
592,1.5451604482257442,0.5407105656680246,nan,nan,nan,10,116358,32796800,32796800,7278,19415705600,19415705600,2049836,False
593,1.6241972354573346,0.522483451266834,nan,nan,nan,10,30667,32796800,32796800,1921,19448502400,19448502400,2051757,False
594,1.575178398337416,0.5327463863337714,nan,nan,nan,10,76100,32796800,32796800,4761,19481299200,19481299200,2056518,False
595,1.5890859125579972,0.5301768880415211,nan,nan,nan,10,47205,32796800,32796800,2956,19514096000,19514096000,2059474,False
596,1.5612581389291373,0.5377443835754134,nan,nan,nan,10,39794,32796800,32796800,2493,19546892800,19546892800,2061967,False
597,1.5362782598075126,0.5448870899020025,nan,nan,nan,10,46940,32796800,32796800,2939,19579689600,19579689600,2064906,False
598,1.5807967838418153,0.531823599523242,nan,nan,nan,10,58730,32796800,32796800,3676,19612486400,19612486400,2068582,False
599,1.529663562729366,0.5463115090774665,nan,nan,nan,10,48692,32796800,32796800,3047,19645283200,19645283200,2071629,False
600,1.560456608432008,0.5384470668719001,1.586536647532809,0.5310392627004346,4.886794893223568,10,58470,32796800,32796800,3658,19678080000,19678080000,2075287,False
601,1.5876353128104184,0.5316869399593092,nan,nan,nan,10,46202,32796800,32796800,2892,19710876800,19710876800,2078179,False
602,1.610290215924403,0.5264937993235626,nan,nan,nan,10,45237,32796800,32796800,2831,19743673600,19743673600,2081010,False
603,1.5504797967496642,0.5421307031581698,nan,nan,nan,10,61238,32796800,32796800,3832,19776470400,19776470400,2084842,False
604,1.6207306096900425,0.5212551051776382,nan,nan,nan,10,45542,32796800,32796800,2852,19809267200,19809267200,2087694,False
605,1.5628766451871734,0.5399734862832097,nan,nan,nan,10,73924,32796800,32796800,4625,19842064000,19842064000,2092319,False
606,1.5695467461044756,0.5363567440898752,nan,nan,nan,10,43527,32796800,32796800,2724,19874860800,19874860800,2095043,False
607,1.576887772843039,0.5341824673131664,nan,nan,nan,10,41454,32796800,32796800,2596,19907657600,19907657600,2097639,False
608,1.574999776597894,0.5324792654028436,nan,nan,nan,10,67520,32796800,32796800,4226,19940454400,19940454400,2101865,False
609,1.5449520053751036,0.5416875312969455,nan,nan,nan,10,71892,32796800,32796800,4499,19973251200,19973251200,2106364,False
610,1.5783258282810715,0.533989443046717,1.5807911973476196,0.5323130526000299,4.858798559383704,10,40542,32796800,32796800,2538,20006048000,20006048000,2108902,False
611,1.5582565119378577,0.5398428536661684,nan,nan,nan,10,57526,32796800,32796800,3600,20038844800,20038844800,2112502,False
612,1.553817767202357,0.5382481396089899,nan,nan,nan,10,53349,32796800,32796800,3340,20071641600,20071641600,2115842,False
613,1.5654495882295738,0.5380151451729518,nan,nan,nan,10,52558,32796800,32796800,3290,20104438400,20104438400,2119132,False
614,1.5666389704293517,0.5376207562793265,nan,nan,nan,10,36230,32796800,32796800,2268,20137235200,20137235200,2121400,False
615,1.5348386934156448,0.5464464180504942,nan,nan,nan,10,45827,32796800,32796800,2868,20170032000,20170032000,2124268,False
616,1.575861515857652,0.5382508315398161,nan,nan,nan,10,30666,32796800,32796800,1920,20202828800,20202828800,2126188,False
617,1.5636129799040883,0.5367932839301446,nan,nan,nan,10,38594,32796800,32796800,2416,20235625600,20235625600,2128604,False
618,1.5512814155607004,0.5387299227878938,nan,nan,nan,10,48438,32796800,32796800,3032,20268422400,20268422400,2131636,False
619,1.5653523376669891,0.5353208691258211,nan,nan,nan,10,59370,32796800,32796800,3716,20301219200,20301219200,2135352,False
620,1.56786776623053,0.53444360333081,1.5787828509353472,0.5334744492731904,4.8490502010458885,10,44914,32796800,32796800,2812,20334016000,20334016000,2138164,False
621,1.5767508554306875,0.5336519703472493,nan,nan,nan,10,41008,32796800,32796800,2568,20366812800,20366812800,2140732,False
622,1.585999841897945,0.5320508131568039,nan,nan,nan,10,41013,32796800,32796800,2567,20399609600,20399609600,2143299,False
623,1.5329738826480022,0.5453739348587742,nan,nan,nan,10,46238,32796800,32796800,2894,20432406400,20432406400,2146193,False
624,1.563145609385734,0.5376511981346158,nan,nan,nan,10,48033,32796800,32796800,3007,20465203200,20465203200,2149200,False
625,1.5458384265764313,0.5422974679964556,nan,nan,nan,10,53041,32796800,32796800,3319,20498000000,20498000000,2152519,False
626,1.628060373643445,0.523806046443698,nan,nan,nan,10,13694,32796800,32796800,860,20530796800,20530796800,2153379,False
627,1.517818979315556,0.5488997555012225,nan,nan,nan,10,79346,32796800,32796800,4964,20563593600,20563593600,2158343,False
628,1.5526304139514775,0.5428494144602851,nan,nan,nan,10,62848,32796800,32796800,3932,20596390400,20596390400,2162275,False
629,1.5297803334368634,0.5471466285885068,nan,nan,nan,10,60227,32796800,32796800,3770,20629187200,20629187200,2166045,False
630,1.5406945650295847,0.5422708150932115,1.5699278348285042,0.5362093511164394,4.806301333699714,10,46829,32796800,32796800,2932,20661984000,20661984000,2168977,False
631,1.524797752673593,0.5509136439144126,nan,nan,nan,10,40333,32796800,32796800,2526,20694780800,20694780800,2171503,False
632,1.5663829889821945,0.5410366624525916,nan,nan,nan,10,39550,32796800,32796800,2476,20727577600,20727577600,2173979,False
633,1.5449234924981479,0.5436020631668198,nan,nan,nan,10,70765,32796800,32796800,4427,20760374400,20760374400,2178406,False
634,1.515936006124913,0.5491458768587931,nan,nan,nan,10,40685,32796800,32796800,2547,20793171200,20793171200,2180953,False
635,1.5618433391667603,0.5365959976223499,nan,nan,nan,10,50470,32796800,32796800,3158,20825968000,20825968000,2184111,False
636,1.5152522651192881,0.5497227356746766,nan,nan,nan,10,59510,32796800,32796800,3724,20858764800,20858764800,2187835,False
637,1.5596966087608202,0.5362174678755462,nan,nan,nan,10,61324,32796800,32796800,3836,20891561600,20891561600,2191671,False
638,1.5756747373546551,0.5329076620825147,nan,nan,nan,10,52936,32796800,32796800,3313,20924358400,20924358400,2194984,False
639,1.5272252294824051,0.5462658700522778,nan,nan,nan,10,53560,32796800,32796800,3352,20957155200,20957155200,2198336,False
640,1.5524039894642205,0.5406430166727263,1.5683657899532435,0.5349168290124382,4.798799535930185,10,57759,32796800,32796800,3613,20989952000,20989952000,2201949,False
641,1.5719683511020748,0.5389684733741029,nan,nan,nan,10,35811,32796800,32796800,2244,21022748800,21022748800,2204193,False
642,1.585120367153565,0.5317913185245567,nan,nan,nan,10,49070,32796800,32796800,3072,21055545600,21055545600,2207265,False
643,1.5130209843189044,0.5509540329575021,nan,nan,nan,10,64568,32796800,32796800,4038,21088342400,21088342400,2211303,False
644,1.4983124738929545,0.552825041131266,nan,nan,nan,10,96034,32796800,32796800,6007,21121139200,21121139200,2217310,False
645,1.5379741329781171,0.5457251453954298,nan,nan,nan,10,65511,32796800,32796800,4101,21153936000,21153936000,2221411,False
646,1.5720987829298534,0.5364912366952631,nan,nan,nan,10,40681,32796800,32796800,2546,21186732800,21186732800,2223957,False
647,1.5416623533940421,0.5397773850946387,nan,nan,nan,10,54893,32796800,32796800,3437,21219529600,21219529600,2227394,False
648,1.5347695390290725,0.5423448458382957,nan,nan,nan,10,60456,32796800,32796800,3782,21252326400,21252326400,2231176,False
649,1.5504917549602104,0.5388646002194167,nan,nan,nan,10,61071,32796800,32796800,3822,21285123200,21285123200,2234998,False
650,1.546354791386734,0.5413855970829535,1.5684838934171939,0.5370897647235127,4.799366324247355,10,54850,32796800,32796800,3434,21317920000,21317920000,2238432,False
651,1.49868560248655,0.5542610698046563,nan,nan,nan,10,51243,32796800,32796800,3207,21350716800,21350716800,2241639,False
652,1.5617647217887967,0.5343616754451969,nan,nan,nan,10,31896,32796800,32796800,1999,21383513600,21383513600,2243638,False
653,1.5346307371887926,0.5433673469387755,nan,nan,nan,10,42728,32796800,32796800,2675,21416310400,21416310400,2246313,False
654,1.5204331604681607,0.5474202011368605,nan,nan,nan,10,45740,32796800,32796800,2865,21449107200,21449107200,2249178,False
655,1.5282366048584417,0.5447237463315044,nan,nan,nan,10,70533,32796800,32796800,4415,21481904000,21481904000,2253593,False
656,1.518182344381572,0.54920003786803,nan,nan,nan,10,52815,32796800,32796800,3305,21514700800,21514700800,2256898,False
657,1.5296618316637483,0.5482827760170752,nan,nan,nan,10,61844,32796800,32796800,3869,21547497600,21547497600,2260767,False
658,1.5320661625627878,0.5441275199969309,nan,nan,nan,10,52133,32796800,32796800,3264,21580294400,21580294400,2264031,False
659,1.542834200394053,0.5452737673658403,nan,nan,nan,10,36710,32796800,32796800,2300,21613091200,21613091200,2266331,False
660,1.5787940457750707,0.534508969291578,1.5670200235283074,0.5352165442829312,4.792345816208411,10,29601,32796800,32796800,1855,21645888000,21645888000,2268186,False
661,1.5071549585272843,0.5524245584881645,nan,nan,nan,10,56567,32796800,32796800,3540,21678684800,21678684800,2271726,False
662,1.513986876438315,0.5511549279768162,nan,nan,nan,10,70394,32796800,32796800,4405,21711481600,21711481600,2276131,False
663,1.5358679638831352,0.546104847719787,nan,nan,nan,10,68919,32796800,32796800,4311,21744278400,21744278400,2280442,False
664,1.5463312355827232,0.5447362501405916,nan,nan,nan,10,35564,32796800,32796800,2229,21777075200,21777075200,2282671,False
665,1.5236760944737666,0.5473612219309244,nan,nan,nan,10,52638,32796800,32796800,3295,21809872000,21809872000,2285966,False
666,1.5081017910376842,0.5512940209881615,nan,nan,nan,10,53554,32796800,32796800,3351,21842668800,21842668800,2289317,False
667,1.5321186543377787,0.5457360214074561,nan,nan,nan,10,71377,32796800,32796800,4467,21875465600,21875465600,2293784,False
668,1.5447763828364436,0.5436496859734822,nan,nan,nan,10,57320,32796800,32796800,3588,21908262400,21908262400,2297372,False
669,1.5656075195981716,0.5340032402407036,nan,nan,nan,10,51848,32796800,32796800,3245,21941059200,21941059200,2300617,False
670,1.5372313218488487,0.541967368492316,1.5607378666822151,0.5370148359058894,4.762333916563492,10,73855,32796800,32796800,4622,21973856000,21973856000,2305239,False
671,1.5366781264133704,0.5447584256836263,nan,nan,nan,10,56939,32796800,32796800,3564,22006652800,22006652800,2308803,False
672,1.5780413413034242,0.5350901072575815,nan,nan,nan,10,36734,32796800,32796800,2301,22039449600,22039449600,2311104,False
673,1.5002258349939472,0.5521271937211574,nan,nan,nan,10,59374,32796800,32796800,3716,22072246400,22072246400,2314820,False
674,1.539641895623809,0.544397351392932,nan,nan,nan,10,66299,32796800,32796800,4148,22105043200,22105043200,2318968,False
675,1.521839663271285,0.5445489097819564,nan,nan,nan,10,49990,32796800,32796800,3128,22137840000,22137840000,2322096,False
676,1.5808852122614456,0.5335590669676449,nan,nan,nan,10,26580,32796800,32796800,1668,22170636800,22170636800,2323764,False
677,1.4970481190858613,0.555473708068903,nan,nan,nan,10,52944,32796800,32796800,3313,22203433600,22203433600,2327077,False
678,1.5336887916785116,0.5444381962296486,nan,nan,nan,10,74688,32796800,32796800,4673,22236230400,22236230400,2331750,False
679,1.5087278547469418,0.5510965263326396,nan,nan,nan,10,62470,32796800,32796800,3909,22269027200,22269027200,2335659,False
680,1.5368615738215985,0.5452595452595452,1.5551918924756982,0.5401431140416604,4.735995239820347,10,44289,32796800,32796800,2771,22301824000,22301824000,2338430,False
681,1.5147776616571633,0.5495898385816353,nan,nan,nan,10,37790,32796800,32796800,2368,22334620800,22334620800,2340798,False
682,1.5584072451850266,0.538022314591993,nan,nan,nan,10,45710,32796800,32796800,2863,22367417600,22367417600,2343661,False
683,1.517165779551594,0.5487087251471134,nan,nan,nan,10,51151,32796800,32796800,3202,22400214400,22400214400,2346863,False
684,1.4935807478321526,0.5563534379141369,nan,nan,nan,10,64894,32796800,32796800,4062,22433011200,22433011200,2350925,False
685,1.5270091723641779,0.546645504245081,nan,nan,nan,10,39693,32796800,32796800,2485,22465808000,22465808000,2353410,False
686,1.561226251205781,0.5398223454892995,nan,nan,nan,10,26681,32796800,32796800,1672,22498604800,22498604800,2355082,False
687,1.503550789716261,0.5514474783508162,nan,nan,nan,10,75407,32796800,32796800,4718,22531401600,22531401600,2359800,False
688,1.4965558892260795,0.5546752020149018,nan,nan,nan,10,57174,32796800,32796800,3578,22564198400,22564198400,2363378,False
689,1.5381241376003627,0.5456756099537975,nan,nan,nan,10,61685,32796800,32796800,3860,22596995200,22596995200,2367238,False
690,1.5089725266235756,0.5476157605544357,1.5566649843009002,0.5369961037014835,4.742976936770149,10,36217,32796800,32796800,2267,22629792000,22629792000,2369505,False
691,1.5452719086461477,0.5425648759856396,nan,nan,nan,10,61001,32796800,32796800,3817,22662588800,22662588800,2373322,False
692,1.516021628530778,0.5504383331331812,nan,nan,nan,10,49962,32796800,32796800,3127,22695385600,22695385600,2376449,False
693,1.5350197452535712,0.5451875893512615,nan,nan,nan,10,51762,32796800,32796800,3240,22728182400,22728182400,2379689,False
694,1.5313622594239553,0.5464121753348846,nan,nan,nan,10,63604,32796800,32796800,3981,22760979200,22760979200,2383670,False
695,1.506327174741642,0.552168598836994,nan,nan,nan,10,53998,32796800,32796800,3380,22793776000,22793776000,2387050,False
696,1.5921713532727273,0.5316413807147948,nan,nan,nan,10,39284,32796800,32796800,2461,22826572800,22826572800,2389511,False
697,1.5473010957311055,0.541190704957119,nan,nan,nan,10,28101,32796800,32796800,1761,22859369600,22859369600,2391272,False
698,1.5236443601398768,0.5458306735702295,nan,nan,nan,10,42297,32796800,32796800,2647,22892166400,22892166400,2393919,False
699,1.512018726449366,0.553108474139043,nan,nan,nan,10,31012,32796800,32796800,1942,22924963200,22924963200,2395861,False
700,1.4854560898960967,0.5549029092668095,1.5505976363241663,0.5400681852240372,4.714286769875686,10,57884,32796800,32796800,3623,22957760000,22957760000,2399484,False
701,1.5001006740658165,0.5533033185975921,nan,nan,nan,10,49087,32796800,32796800,3073,22990556800,22990556800,2402557,False
702,1.5253612322637735,0.5474627900641422,nan,nan,nan,10,40379,32796800,32796800,2528,23023353600,23023353600,2405085,False
703,1.5111622402299174,0.5498407473445192,nan,nan,nan,10,65619,32796800,32796800,4106,23056150400,23056150400,2409191,False
704,1.5525143327969757,0.5398574455788865,nan,nan,nan,10,51910,32796800,32796800,3249,23088947200,23088947200,2412440,False
705,1.5028407392540883,0.5492383025027203,nan,nan,nan,10,69844,32796800,32796800,4368,23121744000,23121744000,2416808,False
706,1.5533498949015232,0.5393684781135655,nan,nan,nan,10,36895,32796800,32796800,2309,23154540800,23154540800,2419117,False
707,1.4890119380530695,0.5564940300226514,nan,nan,nan,10,52094,32796800,32796800,3261,23187337600,23187337600,2422378,False
708,1.4889010768485882,0.5567292971468337,nan,nan,nan,10,71850,32796800,32796800,4494,23220134400,23220134400,2426872,False
709,1.4902856197261634,0.5550011099636125,nan,nan,nan,10,103607,32796800,32796800,6479,23252931200,23252931200,2433351,False
710,1.4967961935358722,0.5511645254869457,1.5487858782674926,0.5419414056646186,4.705753355414315,10,60325,32796800,32796800,3775,23285728000,23285728000,2437126,False
711,1.4909959937164152,0.5539208147502606,nan,nan,nan,10,58521,32796800,32796800,3663,23318524800,23318524800,2440789,False
712,1.5745801055480193,0.5382201180913878,nan,nan,nan,10,18799,32796800,32796800,1180,23351321600,23351321600,2441969,False
713,1.5031072521650193,0.5526583226358579,nan,nan,nan,10,37392,32796800,32796800,2341,23384118400,23384118400,2444310,False
714,1.5483506733314183,0.5411680057560858,nan,nan,nan,10,41695,32796800,32796800,2611,23416915200,23416915200,2446921,False
715,1.49595192688714,0.5514381917827846,nan,nan,nan,10,55834,32796800,32796800,3494,23449712000,23449712000,2450415,False
716,1.4734403172002948,0.5590157354711893,nan,nan,nan,10,97169,32796800,32796800,6079,23482508800,23482508800,2456494,False
717,1.4946080478928159,0.5534964722693578,nan,nan,nan,10,67182,32796800,32796800,4203,23515305600,23515305600,2460697,False
718,1.5298516469583134,0.5455009884276226,nan,nan,nan,10,45021,32796800,32796800,2819,23548102400,23548102400,2463516,False
719,1.4796330174422745,0.558640390716533,nan,nan,nan,10,75963,32796800,32796800,4753,23580899200,23580899200,2468269,False
720,1.4633905443692752,0.5625810087348548,1.551242974982454,0.541192117488386,4.7173300632463535,10,70980,32796800,32796800,4441,23613696000,23613696000,2472710,False
721,1.5185182404956168,0.5470236220472441,nan,nan,nan,10,95250,32796800,32796800,5958,23646492800,23646492800,2478668,False
722,1.5067591187876432,0.5521730002099517,nan,nan,nan,10,66682,32796800,32796800,4172,23679289600,23679289600,2482840,False
723,1.5170251648961017,0.5494451101964258,nan,nan,nan,10,38386,32796800,32796800,2405,23712086400,23712086400,2485245,False
724,1.492222188884578,0.5522111894235794,nan,nan,nan,10,70799,32796800,32796800,4430,23744883200,23744883200,2489675,False
725,1.5155690557914998,0.5496304393087653,nan,nan,nan,10,38424,32796800,32796800,2406,23777680000,23777680000,2492081,False
726,1.5145774414349698,0.5498154981549815,nan,nan,nan,10,48780,32796800,32796800,3053,23810476800,23810476800,2495134,False
727,1.4852246586192657,0.5578243949330977,nan,nan,nan,10,64497,32796800,32796800,4037,23843273600,23843273600,2499171,False
728,1.501218355349723,0.5554224352147675,nan,nan,nan,10,67608,32796800,32796800,4230,23876070400,23876070400,2503401,False
729,1.5187903329582022,0.548398311398063,nan,nan,nan,10,40270,32796800,32796800,2522,23908867200,23908867200,2505923,False
730,1.4847199613405806,0.5566887273516329,1.5412197174490723,0.5438520905140117,4.670283224325895,10,55302,32796800,32796800,3461,23941664000,23941664000,2509384,False
731,1.4934416644472253,0.5516442499517343,nan,nan,nan,10,62156,32796800,32796800,3889,23974460800,23974460800,2513273,False
732,1.4713980659234958,0.562902343585644,nan,nan,nan,10,47534,32796800,32796800,2975,24007257600,24007257600,2516248,False
733,1.5085840872978833,0.5492404121958993,nan,nan,nan,10,56478,32796800,32796800,3535,24040054400,24040054400,2519783,False
734,1.5019271744642246,0.5568173186479302,nan,nan,nan,10,26330,32796800,32796800,1651,24072851200,24072851200,2521434,False
735,1.5180964078148593,0.5482808401618511,nan,nan,nan,10,49181,32796800,32796800,3079,24105648000,24105648000,2524513,False
736,1.4913906530269376,0.5544057159604249,nan,nan,nan,10,98951,32796800,32796800,6189,24138444800,24138444800,2530702,False
737,1.5373151967892111,0.5464250501478938,nan,nan,nan,10,29413,32796800,32796800,1844,24171241600,24171241600,2532546,False
738,1.485063562029731,0.5574031074194704,nan,nan,nan,10,64169,32796800,32796800,4016,24204038400,24204038400,2536562,False
739,1.5210613710249503,0.5496960050100462,nan,nan,nan,10,38323,32796800,32796800,2399,24236835200,24236835200,2538961,False
740,1.495119601888441,0.5598020937903342,1.5404256256949003,0.5419226734602128,4.666576063035722,10,41838,32796800,32796800,2619,24269632000,24269632000,2541580,False
741,1.5103107763148125,0.5492024423723197,nan,nan,nan,10,42254,32796800,32796800,2645,24302428800,24302428800,2544225,False
742,1.4999550057529596,0.5530091447357921,nan,nan,nan,10,62659,32796800,32796800,3921,24335225600,24335225600,2548146,False
743,1.5195560573990758,0.5448344647855603,nan,nan,nan,10,31081,32796800,32796800,1948,24368022400,24368022400,2550094,False
744,1.5071925355434261,0.5511884169389455,nan,nan,nan,10,31218,32796800,32796800,1956,24400819200,24400819200,2552050,False
745,1.5459462951458725,0.5431060134714746,nan,nan,nan,10,36967,32796800,32796800,2316,24433616000,24433616000,2554366,False
746,1.4956914713274063,0.5522052605812453,nan,nan,nan,10,44938,32796800,32796800,2814,24466412800,24466412800,2557180,False
747,1.4848131589689213,0.5571809361339162,nan,nan,nan,10,46895,32796800,32796800,2936,24499209600,24499209600,2560116,False
748,1.4979652455159593,0.5542697701740216,nan,nan,nan,10,68095,32796800,32796800,4260,24532006400,24532006400,2564376,False
749,1.47171542004035,0.5596936476948491,nan,nan,nan,10,53272,32796800,32796800,3333,24564803200,24564803200,2567709,False
750,1.4341513796388141,0.5708701706118203,1.5361200990695458,0.5440768769668815,4.646527187003289,10,59609,32796800,32796800,3729,24597600000,24597600000,2571438,False
751,1.4864652257697684,0.5585205201824016,nan,nan,nan,10,41447,32796800,32796800,2595,24630396800,24630396800,2574033,False
752,1.4904526164071903,0.5561155913978495,nan,nan,nan,10,50592,32796800,32796800,3167,24663193600,24663193600,2577200,False
753,1.493153929876921,0.5547043143449502,nan,nan,nan,10,50645,32796800,32796800,3171,24695990400,24695990400,2580371,False
754,1.484968248352848,0.5570726683090456,nan,nan,nan,10,71847,32796800,32796800,4494,24728787200,24728787200,2584865,False
755,1.485905157530991,0.5571606237443796,nan,nan,nan,10,52265,32796800,32796800,3270,24761584000,24761584000,2588135,False
756,1.4980075338231726,0.5520707852922618,nan,nan,nan,10,69732,32796800,32796800,4363,24794380800,24794380800,2592498,False
757,1.488193678109958,0.553532726484612,nan,nan,nan,10,66903,32796800,32796800,4186,24827177600,24827177600,2596684,False
758,1.4727880628305137,0.5588555335082891,nan,nan,nan,10,78115,32796800,32796800,4887,24859974400,24859974400,2601571,False
759,1.503026290395734,0.552104156164717,nan,nan,nan,10,57529,32796800,32796800,3600,24892771200,24892771200,2605171,False
760,1.50037849076028,0.553098051740658,1.5374068497146567,0.5418852090514011,4.65250995719991,10,37572,32796800,32796800,2352,24925568000,24925568000,2607523,False
761,1.5309799379976048,0.5486094827181917,nan,nan,nan,10,42646,32796800,32796800,2670,24958364800,24958364800,2610193,False
762,1.490027616969607,0.5543550531914894,nan,nan,nan,10,48128,32796800,32796800,3012,24991161600,24991161600,2613205,False
763,1.4594603840412548,0.5622848750936988,nan,nan,nan,10,65369,32796800,32796800,4091,25023958400,25023958400,2617296,False
764,1.4890522765772816,0.5537719713985452,nan,nan,nan,10,48529,32796800,32796800,3037,25056755200,25056755200,2620333,False
765,1.4896010179302355,0.5589864543212014,nan,nan,nan,10,46214,32796800,32796800,2893,25089552000,25089552000,2623226,False
766,1.4983204861926633,0.5554671018588544,nan,nan,nan,10,50246,32796800,32796800,3146,25122348800,25122348800,2626372,False
767,1.4899539202388636,0.5564849339917364,nan,nan,nan,10,49615,32796800,32796800,3106,25155145600,25155145600,2629478,False
768,1.4897854948948945,0.5551841101073024,nan,nan,nan,10,61322,32796800,32796800,3837,25187942400,25187942400,2633315,False
769,1.44430127602359,0.5661885582771659,nan,nan,nan,10,48664,32796800,32796800,3045,25220739200,25220739200,2636360,False
770,1.5465283264550138,0.5445093249121135,1.532118716269227,0.545537988910535,4.627971801394032,10,33566,32796800,32796800,2102,25253536000,25253536000,2638462,False
771,1.4851790452333744,0.5588802088729563,nan,nan,nan,10,48259,32796800,32796800,3020,25286332800,25286332800,2641482,False
772,1.4766552265962734,0.5591607518914281,nan,nan,nan,10,51284,32796800,32796800,3211,25319129600,25319129600,2644693,False
773,1.5452712003560758,0.5460017510579308,nan,nan,nan,10,27412,32796800,32796800,1720,25351926400,25351926400,2646413,False
774,1.4961217332203514,0.5530841417883554,nan,nan,nan,10,69371,32796800,32796800,4342,25384723200,25384723200,2650755,False
775,1.4390601775465106,0.5682287261038741,nan,nan,nan,10,59110,32796800,32796800,3699,25417520000,25417520000,2654454,False
776,1.5039395563218187,0.5533272720914781,nan,nan,nan,10,57194,32796800,32796800,3578,25450316800,25450316800,2658032,False
777,1.4858799761922632,0.5578035230095375,nan,nan,nan,10,52739,32796800,32796800,3302,25483113600,25483113600,2661334,False
778,1.4968426556319576,0.5554102278415605,nan,nan,nan,10,61929,32796800,32796800,3875,25515910400,25515910400,2665209,False
779,1.489520453179895,0.5575386620032232,nan,nan,nan,10,58326,32796800,32796800,3651,25548707200,25548707200,2668860,False
780,1.4509764127408302,0.565685445050617,1.5319585202963264,0.5437396972875768,4.627230478328821,10,68554,32796800,32796800,4288,25581504000,25581504000,2673148,False
781,1.5068415562796393,0.548258469988645,nan,nan,nan,10,37869,32796800,32796800,2372,25614300800,25614300800,2675520,False
782,1.5028909759963305,0.5499388956782579,nan,nan,nan,10,45005,32796800,32796800,2816,25647097600,25647097600,2678336,False
783,1.4399593722820014,0.5687147321328208,nan,nan,nan,10,44481,32796800,32796800,2784,25679894400,25679894400,2681120,False
784,1.4795653136061955,0.5617710457325954,nan,nan,nan,10,85825,32796800,32796800,5369,25712691200,25712691200,2686489,False
785,1.4924803055395324,0.5575332214154245,nan,nan,nan,10,49441,32796800,32796800,3095,25745488000,25745488000,2689584,False
786,1.4953237859597974,0.5570150010870353,nan,nan,nan,10,55196,32796800,32796800,3454,25778284800,25778284800,2693038,False
787,1.4823162309180775,0.5574603340020321,nan,nan,nan,10,38383,32796800,32796800,2404,25811081600,25811081600,2695442,False
788,1.5355985088563306,0.546321372150756,nan,nan,nan,10,35448,32796800,32796800,2220,25843878400,25843878400,2697662,False
789,1.4669532946635806,0.5616402560800343,nan,nan,nan,10,107154,32796800,32796800,6702,25876675200,25876675200,2704364,False
790,1.466027901097599,0.5606766508428741,1.528089813362189,0.5458939007942455,4.609363662712413,10,68041,32796800,32796800,4258,25909472000,25909472000,2708622,False
791,1.4648291937669276,0.5625456251955365,nan,nan,nan,10,76712,32796800,32796800,4800,25942268800,25942268800,2713422,False
792,1.485456914896316,0.5573739450335425,nan,nan,nan,10,36968,32796800,32796800,2314,25975065600,25975065600,2715736,False
793,1.4923974776673357,0.5563249451106232,nan,nan,nan,10,71052,32796800,32796800,4445,26007862400,26007862400,2720181,False
794,1.4953995065465309,0.5535024820739106,nan,nan,nan,10,43512,32796800,32796800,2724,26040659200,26040659200,2722905,False
795,1.4949983503765347,0.5550864230109513,nan,nan,nan,10,37895,32796800,32796800,2372,26073456000,26073456000,2725277,False
796,1.4855918459363069,0.5557808677739153,nan,nan,nan,10,93204,32796800,32796800,5831,26106252800,26106252800,2731108,False
797,1.5225227163701076,0.5496927702967708,nan,nan,nan,10,38245,32796800,32796800,2395,26139049600,26139049600,2733503,False
798,1.4925133091067628,0.5550263119579009,nan,nan,nan,10,48077,32796800,32796800,3010,26171846400,26171846400,2736513,False
799,1.4640298128281304,0.5629756599245801,nan,nan,nan,10,58340,32796800,32796800,3652,26204643200,26204643200,2740165,False
800,1.5025302787354256,0.553557779799818,1.5282182338515375,0.5461374194515211,4.609955637459594,10,54950,32796800,32796800,3440,26237440000,26237440000,2743605,False
801,1.4952900718036921,0.5544899119067918,nan,nan,nan,10,70380,32796800,32796800,4404,26270236800,26270236800,2748009,False
802,1.5023403844133318,0.5511615572292352,nan,nan,nan,10,47135,32796800,32796800,2952,26303033600,26303033600,2750961,False
803,1.5006560384611585,0.5530801752929593,nan,nan,nan,10,51799,32796800,32796800,3242,26335830400,26335830400,2754203,False
804,1.4701016368512334,0.5626360541053455,nan,nan,nan,10,53747,32796800,32796800,3364,26368627200,26368627200,2757567,False
805,1.4738589305508705,0.5627142857142857,nan,nan,nan,10,42000,32796800,32796800,2630,26401424000,26401424000,2760197,False
806,1.4346494111177093,0.5708403214097975,nan,nan,nan,10,79898,32796800,32796800,4999,26434220800,26434220800,2765196,False
807,1.4529126947386066,0.5637101928788961,nan,nan,nan,10,53194,32796800,32796800,3331,26467017600,26467017600,2768527,False
808,1.425292421233838,0.5731805388017692,nan,nan,nan,10,64662,32796800,32796800,4046,26499814400,26499814400,2772573,False
809,1.4673621399487697,0.564524765729585,nan,nan,nan,10,59760,32796800,32796800,3739,26532611200,26532611200,2776312,False
810,1.4662151771837406,0.5626923170111211,1.5440358459797645,0.5416791548029372,4.683453878583702,10,41273,32796800,32796800,2584,26565408000,26565408000,2778896,False
811,1.429008612483879,0.5691326662864845,nan,nan,nan,10,77156,32796800,32796800,4827,26598204800,26598204800,2783723,False
812,1.4789050787131313,0.5579592713356893,nan,nan,nan,10,51217,32796800,32796800,3206,26631001600,26631001600,2786929,False
813,1.43183256175159,0.5703595821615106,nan,nan,nan,10,59736,32796800,32796800,3739,26663798400,26663798400,2790668,False
814,1.426983164058713,0.5716115261472785,nan,nan,nan,10,51535,32796800,32796800,3225,26696595200,26696595200,2793893,False
815,1.4898445302238617,0.553364401721883,nan,nan,nan,10,78751,32796800,32796800,4927,26729392000,26729392000,2798820,False
816,1.4680694935342666,0.5611125406442256,nan,nan,nan,10,42749,32796800,32796800,2676,26762188800,26762188800,2801496,False
817,1.4684088133823336,0.5609645720196534,nan,nan,nan,10,46404,32796800,32796800,2904,26794985600,26794985600,2804400,False
818,1.4567162524816661,0.5627889137850987,nan,nan,nan,10,49539,32796800,32796800,3101,26827782400,26827782400,2807501,False
819,1.4792998000425246,0.5574421786650401,nan,nan,nan,10,60661,32796800,32796800,3797,26860579200,26860579200,2811298,False
820,1.4733272633579113,0.5610126177926849,1.5353333839997885,0.5425595684100105,4.642873131581934,10,50088,32796800,32796800,3137,26893376000,26893376000,2814435,False
821,1.5107251034412217,0.5504377431906615,nan,nan,nan,10,41120,32796800,32796800,2574,26926172800,26926172800,2817009,False
822,1.4709441705055972,0.5616301171084633,nan,nan,nan,10,48929,32796800,32796800,3063,26958969600,26958969600,2820072,False
823,1.4625719117195082,0.5635298585953021,nan,nan,nan,10,68456,32796800,32796800,4284,26991766400,26991766400,2824356,False
824,1.5098617457391477,0.5495686467833374,nan,nan,nan,10,40570,32796800,32796800,2539,27024563200,27024563200,2826895,False
825,1.4409708834192758,0.5670381575697703,nan,nan,nan,10,64784,32796800,32796800,4054,27057360000,27057360000,2830949,False
826,1.4558792074430458,0.5655176757074482,nan,nan,nan,10,47636,32796800,32796800,2982,27090156800,27090156800,2833931,False
827,1.4805423357664682,0.5588092026378897,nan,nan,nan,10,53376,32796800,32796800,3342,27122953600,27122953600,2837273,False
828,1.5325747999614279,0.5451133601993416,nan,nan,nan,10,32507,32796800,32796800,2037,27155750400,27155750400,2839310,False
829,1.4323593759218498,0.5714905450500556,nan,nan,nan,10,89900,32796800,32796800,5623,27188547200,27188547200,2844933,False
830,1.4484398898426294,0.5686317674166043,1.525975677825228,0.5474299415555223,4.599629136869567,10,68139,32796800,32796800,4264,27221344000,27221344000,2849197,False
831,1.4532751623250162,0.5644491801714404,nan,nan,nan,10,62879,32796800,32796800,3934,27254140800,27254140800,2853131,False
832,1.4739554211189214,0.5588836599290233,nan,nan,nan,10,51848,32796800,32796800,3245,27286937600,27286937600,2856376,False
833,1.4910156930150293,0.5563426787536772,nan,nan,nan,10,66628,32796800,32796800,4168,27319734400,27319734400,2860544,False
834,1.4279574211349952,0.57071629634066,nan,nan,nan,10,66788,32796800,32796800,4179,27352531200,27352531200,2864723,False
835,1.5141316087897638,0.551075043922028,nan,nan,nan,10,35859,32796800,32796800,2246,27385328000,27385328000,2866969,False
836,1.4571704832314123,0.564466231973728,nan,nan,nan,10,84044,32796800,32796800,5257,27418124800,27418124800,2872226,False
837,1.4425202392791407,0.5683966529122623,nan,nan,nan,10,60829,32796800,32796800,3807,27450921600,27450921600,2876033,False
838,1.4285927932435347,0.5731188826370922,nan,nan,nan,10,55273,32796800,32796800,3458,27483718400,27483718400,2879491,False
839,1.437179775697274,0.5686473424445179,nan,nan,nan,10,87731,32796800,32796800,5488,27516515200,27516515200,2884979,False
840,1.4835009226882774,0.5580251685779324,1.5208533954248782,0.5487786602727409,4.576128776617582,10,46566,32796800,32796800,2914,27549312000,27549312000,2887893,False
841,1.5190830319531698,0.5502335179754535,nan,nan,nan,10,36828,32796800,32796800,2307,27582108800,27582108800,2890200,False
842,1.436320545145077,0.569009778753258,nan,nan,nan,10,102058,32796800,32796800,6383,27614905600,27614905600,2896583,False
843,1.438275776912104,0.5695821591343979,nan,nan,nan,10,57486,32796800,32796800,3598,27647702400,27647702400,2900181,False
844,1.4499348725104333,0.5672279397486755,nan,nan,nan,10,36049,32796800,32796800,2257,27680499200,27680499200,2902438,False
845,1.4777914061704238,0.5587157308312564,nan,nan,nan,10,61389,32796800,32796800,3842,27713296000,27713296000,2906280,False
846,1.4637701985799387,0.5613798419734053,nan,nan,nan,10,41512,32796800,32796800,2600,27746092800,27746092800,2908880,False
847,1.4868210191020252,0.5556836000226701,nan,nan,nan,10,52933,32796800,32796800,3313,27778889600,27778889600,2912193,False
848,1.4719366713662652,0.5613520497241428,nan,nan,nan,10,57276,32796800,32796800,3586,27811686400,27811686400,2915779,False
849,1.4578986224531247,0.5665562167132175,nan,nan,nan,10,57643,32796800,32796800,3606,27844483200,27844483200,2919385,False
850,1.5881475798836957,0.5315114609634141,1.5157190115041288,0.5480855687097258,4.552693389229149,10,20199,32796800,32796800,1268,27877280000,27877280000,2920653,False
851,1.4294183886272478,0.5721847192390304,nan,nan,nan,10,52144,32796800,32796800,3263,27910076800,27910076800,2923916,False
852,1.4576565951721974,0.561618086993355,nan,nan,nan,10,37773,32796800,32796800,2365,27942873600,27942873600,2926281,False
853,1.48927544848289,0.5581533631433736,nan,nan,nan,10,42044,32796800,32796800,2631,27975670400,27975670400,2928912,False
854,1.4510968995926412,0.5674646186243845,nan,nan,nan,10,32291,32796800,32796800,2023,28008467200,28008467200,2930935,False
855,1.4144173532710103,0.5767525272997507,nan,nan,nan,10,81411,32796800,32796800,5093,28041264000,28041264000,2936028,False
856,1.401689007759928,0.5789344538846118,nan,nan,nan,10,65206,32796800,32796800,4079,28074060800,28074060800,2940107,False
857,1.4584204847048807,0.5636570918734045,nan,nan,nan,10,40349,32796800,32796800,2527,28106857600,28106857600,2942634,False
858,1.4485877908363307,0.5651607972390403,nan,nan,nan,10,83739,32796800,32796800,5239,28139654400,28139654400,2947873,False
859,1.4795379975128655,0.5579314904342796,nan,nan,nan,10,48402,32796800,32796800,3029,28172451200,28172451200,2950902,False
860,1.4280596898988769,0.5727434842249657,1.5178859113807284,0.5494904840401619,4.562569316180581,10,72900,32796800,32796800,4561,28205248000,28205248000,2955463,False
861,1.4635081871727857,0.5615495099695843,nan,nan,nan,10,71016,32796800,32796800,4442,28238044800,28238044800,2959905,False
862,1.4656372713835522,0.5633541554364715,nan,nan,nan,10,63074,32796800,32796800,3947,28270841600,28270841600,2963852,False
863,1.4986991622034371,0.5528235959097683,nan,nan,nan,10,38922,32796800,32796800,2438,28303638400,28303638400,2966290,False
864,1.45498946941246,0.5656765160255783,nan,nan,nan,10,51137,32796800,32796800,3199,28336435200,28336435200,2969489,False
865,1.4457107819237758,0.5692238281189228,nan,nan,nan,10,64277,32796800,32796800,4022,28369232000,28369232000,2973511,False
866,1.42676654642057,0.5712538226299694,nan,nan,nan,10,67035,32796800,32796800,4195,28402028800,28402028800,2977706,False
867,1.50720711638993,0.5499317605771106,nan,nan,nan,10,25645,32796800,32796800,1608,28434825600,28434825600,2979314,False
868,1.4473500548904858,0.56482954927494,nan,nan,nan,10,44617,32796800,32796800,2793,28467622400,28467622400,2982107,False
869,1.5082853320022547,0.5491609830031395,nan,nan,nan,10,46185,32796800,32796800,2892,28500419200,28500419200,2984999,False
870,1.4082913044133472,0.5783665494333724,1.5193506657014306,0.5483103551625955,4.569257256198728,10,63975,32796800,32796800,4003,28533216000,28533216000,2989002,False
871,1.4724989992819326,0.5600210040695385,nan,nan,nan,10,53323,32796800,32796800,3337,28566012800,28566012800,2992339,False
872,1.3994706511593824,0.5789361345306521,nan,nan,nan,10,65591,32796800,32796800,4103,28598809600,28598809600,2996442,False
873,1.4699235857891952,0.5608559213158948,nan,nan,nan,10,47481,32796800,32796800,2973,28631606400,28631606400,2999415,False
874,1.4734362861970811,0.5595862435652658,nan,nan,nan,10,41377,32796800,32796800,2592,28664403200,28664403200,3002007,False
875,1.4344416712698438,0.5704509515240743,nan,nan,nan,10,73356,32796800,32796800,4589,28697200000,28697200000,3006596,False
876,1.4160065452362738,0.5753033924491925,nan,nan,nan,10,75727,32796800,32796800,4739,28729996800,28729996800,3011335,False
877,1.4487248370341481,0.5674362502760648,nan,nan,nan,10,58863,32796800,32796800,3684,28762793600,28762793600,3015019,False
878,1.4445596664780014,0.5677128382552823,nan,nan,nan,10,48558,32796800,32796800,3040,28795590400,28795590400,3018059,False
879,1.4232766599917388,0.574378946126158,nan,nan,nan,10,67788,32796800,32796800,4241,28828387200,28828387200,3022300,False
880,1.4240753205243701,0.5738152375020609,1.518478000215839,0.546942904240971,4.5652715624380855,10,54589,32796800,32796800,3417,28861184000,28861184000,3025717,False
881,1.4571536695521057,0.5648740930431071,nan,nan,nan,10,37488,32796800,32796800,2348,28893980800,28893980800,3028065,False
882,1.4222039679467164,0.5735269996901824,nan,nan,nan,10,54871,32796800,32796800,3433,28926777600,28926777600,3031498,False
883,1.4269328593568311,0.5693492138550657,nan,nan,nan,10,67672,32796800,32796800,4233,28959574400,28959574400,3035731,False
884,1.4395838921825195,0.5691906537106073,nan,nan,nan,10,49089,32796800,32796800,3072,28992371200,28992371200,3038803,False
885,1.4516525445790087,0.5647072541503302,nan,nan,nan,10,68609,32796800,32796800,4292,29025168000,29025168000,3043095,False
886,1.4335063869267761,0.5729507803888365,nan,nan,nan,10,62597,32796800,32796800,3918,29057964800,29057964800,3047013,False
887,1.4289652430982782,0.5713323726279781,nan,nan,nan,10,74251,32796800,32796800,4647,29090761600,29090761600,3051660,False
888,1.4545210038504424,0.5665760869565217,nan,nan,nan,10,48576,32796800,32796800,3041,29123558400,29123558400,3054701,False
889,1.4683394985053775,0.5632931778651034,nan,nan,nan,10,62092,32796800,32796800,3886,29156355200,29156355200,3058587,False
890,1.4809871380376871,0.5588221436984688,1.5138192975537166,0.5493593586093212,4.544052784023405,10,42450,32796800,32796800,2657,29189152000,29189152000,3061244,False
891,1.4165155142213728,0.5765631961978316,nan,nan,nan,10,60597,32796800,32796800,3790,29221948800,29221948800,3065034,False
892,1.4177084043311008,0.5730031424417241,nan,nan,nan,10,85284,32796800,32796800,5335,29254745600,29254745600,3070369,False
893,1.3862935845043578,0.5829194583704259,nan,nan,nan,10,85372,32796800,32796800,5340,29287542400,29287542400,3075709,False
894,1.4412663589728705,0.5668772163120568,nan,nan,nan,10,36096,32796800,32796800,2261,29320339200,29320339200,3077970,False
895,1.429784216817716,0.5725280998405543,nan,nan,nan,10,50801,32796800,32796800,3181,29353136000,29353136000,3081151,False
896,1.44801749524546,0.5680987100392597,nan,nan,nan,10,44575,32796800,32796800,2790,29385932800,29385932800,3083941,False
897,1.4774935829576314,0.5581515903284334,nan,nan,nan,10,54014,32796800,32796800,3381,29418729600,29418729600,3087322,False
898,1.4415199413592108,0.568156950070067,nan,nan,nan,10,52093,32796800,32796800,3260,29451526400,29451526400,3090582,False
899,1.4580215750613272,0.5663703659660493,nan,nan,nan,10,33637,32796800,32796800,2106,29484323200,29484323200,3092688,False
900,1.4641808484509078,0.5618501033663489,1.5169272464235988,0.5481792297317548,4.5581974367813,10,32409,32796800,32796800,2031,29517120000,29517120000,3094719,False
901,1.4454000356055776,0.5649173014603762,nan,nan,nan,10,47522,32796800,32796800,2975,29549916800,29549916800,3097694,False
902,1.4132812344525156,0.5735371270679585,nan,nan,nan,10,57182,32796800,32796800,3580,29582713600,29582713600,3101274,False
903,1.4106604314432618,0.5786779268338254,nan,nan,nan,10,53522,32796800,32796800,3349,29615510400,29615510400,3104623,False
904,1.4547862277168002,0.5655497793892796,nan,nan,nan,10,45782,32796800,32796800,2867,29648307200,29648307200,3107490,False
905,1.5308007259149479,0.5454294964524351,nan,nan,nan,10,29034,32796800,32796800,1818,29681104000,29681104000,3109308,False
906,1.4827396390396903,0.5590743372675029,nan,nan,nan,10,32366,32796800,32796800,2027,29713900800,29713900800,3111335,False
907,1.4436136253409138,0.569831995927174,nan,nan,nan,10,41249,32796800,32796800,2581,29746697600,29746697600,3113916,False
908,1.4253734561887117,0.5710113890781661,nan,nan,nan,10,51365,32796800,32796800,3214,29779494400,29779494400,3117130,False
909,1.4274439607000242,0.571907150752487,nan,nan,nan,10,58805,32796800,32796800,3680,29812291200,29812291200,3120810,False
910,1.4104090143382464,0.577011311347151,1.5123959307225412,0.5508766671661921,4.537589530892778,10,75411,32796800,32796800,4718,29845088000,29845088000,3125528,False
911,1.430355875958983,0.5712354454668352,nan,nan,nan,10,45862,32796800,32796800,2871,29877884800,29877884800,3128399,False
912,1.387727113602246,0.5844027291688761,nan,nan,nan,10,84861,32796800,32796800,5309,29910681600,29910681600,3133708,False
913,1.3816268425226892,0.586710361548504,nan,nan,nan,10,75066,32796800,32796800,4696,29943478400,29943478400,3138404,False
914,1.4978965706902718,0.555480279242393,nan,nan,nan,10,33949,32796800,32796800,2127,29976275200,29976275200,3140531,False
915,1.4104611327422565,0.5772280571952455,nan,nan,nan,10,62173,32796800,32796800,3891,30009072000,30009072000,3144422,False
916,1.4452329579236967,0.5693514275643285,nan,nan,nan,10,34044,32796800,32796800,2131,30041868800,30041868800,3146553,False
917,1.4419779408296733,0.5687516221126395,nan,nan,nan,10,38530,32796800,32796800,2413,30074665600,30074665600,3148966,False
918,1.4840869873078069,0.5563737862636221,nan,nan,nan,10,33677,32796800,32796800,2110,30107462400,30107462400,3151076,False
919,1.4238593751648378,0.5727318052579806,nan,nan,nan,10,74211,32796800,32796800,4643,30140259200,30140259200,3155719,False
920,1.4546396285245755,0.5650960283989199,1.5103813624178364,0.5500711823767421,4.5284574485344535,10,32959,32796800,32796800,2065,30173056000,30173056000,3157784,False
921,1.4167142613111687,0.5737786640079761,nan,nan,nan,10,54162,32796800,32796800,3390,30205852800,30205852800,3161174,False
922,1.4022832979480746,0.5782605628835438,nan,nan,nan,10,85062,32796800,32796800,5322,30238649600,30238649600,3166496,False
923,1.4182267351148772,0.5748296215163685,nan,nan,nan,10,65736,32796800,32796800,4112,30271446400,30271446400,3170608,False
924,1.436099996052682,0.5716173505531034,nan,nan,nan,10,73404,32796800,32796800,4593,30304243200,30304243200,3175201,False
925,1.4265686617600635,0.5726485079997785,nan,nan,nan,10,72252,32796800,32796800,4521,30337040000,30337040000,3179722,False
926,1.4745771982235636,0.5631747810144633,nan,nan,nan,10,39272,32796800,32796800,2459,30369836800,30369836800,3182181,False
927,1.4165755238071454,0.5739450652808111,nan,nan,nan,10,62729,32796800,32796800,3926,30402633600,30402633600,3186107,False
928,1.4256033169059472,0.5747478201401949,nan,nan,nan,10,58490,32796800,32796800,3660,30435430400,30435430400,3189767,False
929,1.4300882014832275,0.5708309428188946,nan,nan,nan,10,41832,32796800,32796800,2619,30468227200,30468227200,3192386,False
930,1.4948479448129166,0.5564033695519472,1.507460488741426,0.5505769518956991,4.5152496948584675,10,49146,32796800,32796800,3075,30501024000,30501024000,3195461,False
931,1.445323531940222,0.5667990074441688,nan,nan,nan,10,60450,32796800,32796800,3784,30533820800,30533820800,3199245,False
932,1.4510254420638935,0.5648305978993166,nan,nan,nan,10,61599,32796800,32796800,3856,30566617600,30566617600,3203101,False
933,1.4325484925504097,0.5706576281456515,nan,nan,nan,10,52811,32796800,32796800,3306,30599414400,30599414400,3206407,False
934,1.4160967272680705,0.5753148969108437,nan,nan,nan,10,71055,32796800,32796800,4445,30632211200,30632211200,3210852,False
935,1.4447775819933593,0.567160717674095,nan,nan,nan,10,47431,32796800,32796800,2971,30665008000,30665008000,3213823,False
936,1.4279048320613534,0.5712504002831477,nan,nan,nan,10,59333,32796800,32796800,3713,30697804800,30697804800,3217536,False
937,1.4563658724537312,0.5661077770215925,nan,nan,nan,10,48489,32796800,32796800,3035,30730601600,30730601600,3220571,False
938,1.4707456455299006,0.5588357588357589,nan,nan,nan,10,43290,32796800,32796800,2711,30763398400,30763398400,3223282,False
939,1.3878105487778551,0.5824159786506546,nan,nan,nan,10,47964,32796800,32796800,3002,30796195200,30796195200,3226284,False
940,1.4510348566824485,0.5644308976758825,1.5045919198959856,0.5520193316349468,4.502315949792465,10,60367,32796800,32796800,3777,30828992000,30828992000,3230061,False
941,1.5142035070605977,0.5526280771789753,nan,nan,nan,10,30060,32796800,32796800,1883,30861788800,30861788800,3231944,False
942,1.4138191061376175,0.5771874487209875,nan,nan,nan,10,54847,32796800,32796800,3432,30894585600,30894585600,3235376,False
943,1.3901865505362234,0.5807922529693816,nan,nan,nan,10,63818,32796800,32796800,3993,30927382400,30927382400,3239369,False
944,1.3814843241497297,0.5845745430625382,nan,nan,nan,10,85132,32796800,32796800,5325,30960179200,30960179200,3244694,False
945,1.4130925225905908,0.5769250517740085,nan,nan,nan,10,58427,32796800,32796800,3656,30992976000,30992976000,3248350,False
946,1.4128570390468123,0.5780827543721551,nan,nan,nan,10,58438,32796800,32796800,3656,31025772800,31025772800,3252006,False
947,1.4357759802921615,0.5724449071664064,nan,nan,nan,10,34578,32796800,32796800,2167,31058569600,31058569600,3254173,False
948,1.4879615511535342,0.5564671062879692,nan,nan,nan,10,38518,32796800,32796800,2412,31091366400,31091366400,3256585,False
949,1.4051818963917517,0.5791250643335049,nan,nan,nan,10,48575,32796800,32796800,3040,31124163200,31124163200,3259625,False
950,1.420948738628058,0.5727741321133583,1.5115352623398008,0.5490221789300165,4.53368585117751,10,48307,32796800,32796800,3024,31156960000,31156960000,3262649,False
951,1.424041023716047,0.5720526432205264,nan,nan,nan,10,36168,32796800,32796800,2264,31189756800,31189756800,3264913,False
952,1.4718268767544374,0.561806538876091,nan,nan,nan,10,47317,32796800,32796800,2963,31222553600,31222553600,3267876,False
953,1.4030964656270517,0.5791143543489099,nan,nan,nan,10,66189,32796800,32796800,4141,31255350400,31255350400,3272017,False
954,1.457552428228183,0.5658043574484828,nan,nan,nan,10,40666,32796800,32796800,2547,31288147200,31288147200,3274564,False
955,1.426216854811202,0.5734751773049646,nan,nan,nan,10,63450,32796800,32796800,3971,31320944000,31320944000,3278535,False
956,1.4504423508731483,0.5680273422414459,nan,nan,nan,10,51788,32796800,32796800,3240,31353740800,31353740800,3281775,False
957,1.4484778354106072,0.5687328254895823,nan,nan,nan,10,57498,32796800,32796800,3598,31386537600,31386537600,3285373,False
958,1.3753955122829222,0.5857461945731304,nan,nan,nan,10,96704,32796800,32796800,6049,31419334400,31419334400,3291422,False
959,1.3970187962990044,0.579132768598507,nan,nan,nan,10,83461,32796800,32796800,5221,31452131200,31452131200,3296643,False
960,1.4344711968383308,0.571388559732845,1.5037572053746093,0.5521317248613817,4.4985593693435915,10,46415,32796800,32796800,2906,31484928000,31484928000,3299549,False
961,1.472552971201955,0.5654458969497389,nan,nan,nan,10,30063,32796800,32796800,1883,31517724800,31517724800,3301432,False
962,1.4224087714593598,0.5683256825320125,nan,nan,nan,10,41390,32796800,32796800,2593,31550521600,31550521600,3304025,False
963,1.356672459511519,0.5922396115555839,nan,nan,nan,10,94119,32796800,32796800,5888,31583318400,31583318400,3309913,False
964,1.4098066650723988,0.5800753684761891,nan,nan,nan,10,68729,32796800,32796800,4300,31616115200,31616115200,3314213,False
965,1.4708503542676685,0.5645669532229939,nan,nan,nan,10,32687,32796800,32796800,2046,31648912000,31648912000,3316259,False
966,1.405831001668494,0.5799068661448529,nan,nan,nan,10,70651,32796800,32796800,4420,31681708800,31681708800,3320679,False
967,1.3987132613511446,0.5779103540309286,nan,nan,nan,10,38217,32796800,32796800,2393,31714505600,31714505600,3323072,False
968,1.4417454119266437,0.5679492966222824,nan,nan,nan,10,53172,32796800,32796800,3327,31747302400,31747302400,3326399,False
969,1.4091302310547684,0.5763392374569545,nan,nan,nan,10,64757,32796800,32796800,4052,31780099200,31780099200,3330451,False
970,1.4753317258557617,0.5619085503726656,1.5003104009818373,0.5533305859433538,4.483080406950742,10,47764,32796800,32796800,2990,31812896000,31812896000,3333441,False
971,1.4480909417782295,0.5669603793166602,nan,nan,nan,10,49141,32796800,32796800,3076,31845692800,31845692800,3336517,False
972,1.4217445298034528,0.5726059422348485,nan,nan,nan,10,67584,32796800,32796800,4229,31878489600,31878489600,3340746,False
973,1.4526993680599358,0.5658977600725174,nan,nan,nan,10,41921,32796800,32796800,2625,31911286400,31911286400,3343371,False
974,1.3995449522463583,0.5820129435393885,nan,nan,nan,10,58253,32796800,32796800,3644,31944083200,31944083200,3347015,False
975,1.4370511048178731,0.5660741590214067,nan,nan,nan,10,52320,32796800,32796800,3276,31976880000,31976880000,3350291,False
976,1.4757815396538152,0.5618897154016632,nan,nan,nan,10,45573,32796800,32796800,2854,32009676800,32009676800,3353145,False
977,1.4066062017139,0.5793356673213218,nan,nan,nan,10,58555,32796800,32796800,3665,32042473600,32042473600,3356810,False
978,1.400684844648094,0.5807805336781474,nan,nan,nan,10,85070,32796800,32796800,5321,32075270400,32075270400,3362131,False
979,1.3962751768164032,0.5804047082605125,nan,nan,nan,10,47491,32796800,32796800,2971,32108067200,32108067200,3365102,False
980,1.402685003276812,0.5786385193113247,1.5017035861396189,0.5526374943803387,4.489330520806838,10,54191,32796800,32796800,3392,32140864000,32140864000,3368494,False
981,1.367171303092865,0.5868618962139077,nan,nan,nan,10,85233,32796800,32796800,5332,32173660800,32173660800,3373826,False
982,1.4183603853066953,0.5741147968691763,nan,nan,nan,10,53660,32796800,32796800,3359,32206457600,32206457600,3377185,False
983,1.457600801761425,0.5655814275334741,nan,nan,nan,10,28903,32796800,32796800,1812,32239254400,32239254400,3378997,False
984,1.4101390774701876,0.5800035412854866,nan,nan,nan,10,33886,32796800,32796800,2122,32272051200,32272051200,3381119,False
985,1.3571060605761598,0.5909521855410435,nan,nan,nan,10,70669,32796800,32796800,4422,32304848000,32304848000,3385541,False
986,1.3646384805297407,0.5884403949913468,nan,nan,nan,10,78584,32796800,32796800,4917,32337644800,32337644800,3390458,False
987,1.3789503260907225,0.5832195648143467,nan,nan,nan,10,59331,32796800,32796800,3713,32370441600,32370441600,3394171,False
988,1.349936463075222,0.5926432507801607,nan,nan,nan,10,75305,32796800,32796800,4710,32403238400,32403238400,3398881,False
989,1.3956160159113062,0.5819763296734636,nan,nan,nan,10,35065,32796800,32796800,2195,32436035200,32436035200,3401076,False
990,1.4587183791362728,0.5643751924033247,1.5036439093517324,0.5530683350816724,4.498049729329008,10,42229,32796800,32796800,2643,32468832000,32468832000,3403719,False
991,1.365066927804122,0.5894561966995238,nan,nan,nan,10,45145,32796800,32796800,2826,32501628800,32501628800,3406545,False
992,1.474060502319689,0.559164812596269,nan,nan,nan,10,29215,32796800,32796800,1831,32534425600,32534425600,3408376,False
993,1.4139636248003324,0.5736355715974858,nan,nan,nan,10,64276,32796800,32796800,4022,32567222400,32567222400,3412398,False
994,1.4698527993628292,0.5606344353143512,nan,nan,nan,10,52330,32796800,32796800,3275,32600019200,32600019200,3415673,False
995,1.444552338620431,0.5667539599806768,nan,nan,nan,10,39331,32796800,32796800,2462,32632816000,32632816000,3418135,False
996,1.4435121726987916,0.5668699445220853,nan,nan,nan,10,47226,32796800,32796800,2956,32665612800,32665612800,3421091,False
997,1.433395263196159,0.5699037085858505,nan,nan,nan,10,62207,32796800,32796800,3894,32698409600,32698409600,3424985,False
998,1.3728826143946267,0.5862232004565093,nan,nan,nan,10,61335,32796800,32796800,3839,32731206400,32731206400,3428824,False
999,1.4579778767721197,0.5613600434156816,nan,nan,nan,10,42381,32796800,32796800,2652,32764003200,32764003200,3431476,False
1000,1.4086189201699495,0.5764834128807966,1.4993846130999922,0.5537988910534992,4.478931946030372,10,67884,32796800,32796800,4247,32796800000,32796800000,3435723,True
