round,train_loss,train_accuracy,test_loss,test_accuracy,test_perplexity,num_fit_clients,num_fit_examples,round_upload_bytes,round_download_bytes,round_local_steps,cumulative_upload_bytes,cumulative_download_bytes,cumulative_local_steps,run_completed
1,4.056514526242446,0.18470085203333228,nan,nan,nan,10,64082,32796800,32796800,4009,32796800,32796800,4009,False
2,3.3549764763049787,0.1890016225832307,nan,nan,nan,10,51153,32796800,32796800,3203,65593600,65593600,7212,False
3,3.1489079201892647,0.18786422076596904,nan,nan,nan,10,44101,32796800,32796800,2762,98390400,98390400,9974,False
4,3.1470978206986278,0.19001801663663895,nan,nan,nan,10,52174,32796800,32796800,3266,131187200,131187200,13240,False
5,3.151470225728318,0.18776343519494204,nan,nan,nan,10,60736,32796800,32796800,3801,163984000,163984000,17041,False
6,3.1056851245607358,0.19071540866296824,nan,nan,nan,10,55339,32796800,32796800,3463,196780800,196780800,20504,False
7,3.111609082777148,0.18840197827144478,nan,nan,nan,10,49336,32796800,32796800,3087,229577600,229577600,23591,False
8,3.136874567993693,0.18768259291768744,nan,nan,nan,10,76331,32796800,32796800,4776,262374400,262374400,28367,False
9,3.1065830467362376,0.19051190699418713,nan,nan,nan,10,37331,32796800,32796800,2337,295171200,295171200,30704,False
10,3.1289928185118767,0.18582072040361375,3.133090879576649,0.19211748838603326,22.9447896350058,10,68184,32796800,32796800,4266,327968000,327968000,34970,False
11,3.0947464329253163,0.19067726215527744,nan,nan,nan,10,72232,32796800,32796800,4520,360764800,360764800,39490,False
12,3.1241697595604196,0.18887636226982338,nan,nan,nan,10,26610,32796800,32796800,1667,393561600,393561600,41157,False
13,3.131327927669739,0.1871434734672355,nan,nan,nan,10,62583,32796800,32796800,3916,426358400,426358400,45073,False
14,3.11129795117862,0.187998862866015,nan,nan,nan,10,45729,32796800,32796800,2864,459155200,459155200,47937,False
15,3.1128921819220308,0.18860976239063637,nan,nan,nan,10,42633,32796800,32796800,2670,491952000,491952000,50607,False
16,3.1056162202611017,0.18992024385552153,nan,nan,nan,10,67581,32796800,32796800,4228,524748800,524748800,54835,False
17,3.101808087673271,0.18909505208333333,nan,nan,nan,10,61440,32796800,32796800,3844,557545600,557545600,58679,False
18,3.099496974850855,0.18880378695441247,nan,nan,nan,10,68023,32796800,32796800,4257,590342400,590342400,62936,False
19,3.0953633097385116,0.18748775422234415,nan,nan,nan,10,51038,32796800,32796800,3194,623139200,623139200,66130,False
20,3.0892198021328,0.19087688219663418,3.124086444924193,0.19211748838603326,22.73911217045706,10,49676,32796800,32796800,3109,655936000,655936000,69239,False
21,3.1054632337926082,0.18733219116782163,nan,nan,nan,10,39107,32796800,32796800,2448,688732800,688732800,71687,False
22,3.108008316567235,0.18749700311675857,nan,nan,nan,10,83420,32796800,32796800,5220,721529600,721529600,76907,False
23,3.1001816131916793,0.18791508538899432,nan,nan,nan,10,67456,32796800,32796800,4220,754326400,754326400,81127,False
24,3.0890443835174977,0.18756548420895075,nan,nan,nan,10,53448,32796800,32796800,3346,787123200,787123200,84473,False
25,3.0968423819614093,0.1864012962793115,nan,nan,nan,10,32709,32796800,32796800,2049,819920000,819920000,86522,False
26,3.097515098953902,0.18799888620753666,nan,nan,nan,10,64644,32796800,32796800,4044,852716800,852716800,90566,False
27,3.0691825529310504,0.18991410790515867,nan,nan,nan,10,38886,32796800,32796800,2435,885513600,885513600,93001,False
28,3.0787470848686564,0.18778983023509013,nan,nan,nan,10,49598,32796800,32796800,3104,918310400,918310400,96105,False
29,3.0377849714795593,0.19250571294843202,nan,nan,nan,10,72642,32796800,32796800,4545,951107200,951107200,100650,False
30,3.002325467906122,0.2027719902165051,3.042235097337766,0.2070283230930616,20.95202074526338,10,55195,32796800,32796800,3455,983904000,983904000,104105,False
31,3.0143251921951513,0.208504034761018,nan,nan,nan,10,80550,32796800,32796800,5040,1016700800,1016700800,109145,False
32,2.993182009856244,0.20946432860917608,nan,nan,nan,10,54119,32796800,32796800,3388,1049497600,1049497600,112533,False
33,2.9807250748156333,0.21216500262743038,nan,nan,nan,10,45672,32796800,32796800,2859,1082294400,1082294400,115392,False
34,2.995291144287263,0.2118081590713433,nan,nan,nan,10,36009,32796800,32796800,2256,1115091200,1115091200,117648,False
35,2.9931590619810353,0.21113805281745823,nan,nan,nan,10,37942,32796800,32796800,2376,1147888000,1147888000,120024,False
36,2.9536010638755616,0.21433657229016587,nan,nan,nan,10,47752,32796800,32796800,2988,1180684800,1180684800,123012,False
37,2.9468400837335844,0.21860880387435405,nan,nan,nan,10,36961,32796800,32796800,2315,1213481600,1213481600,125327,False
38,2.963882251285362,0.21774072027726155,nan,nan,nan,10,59727,32796800,32796800,3738,1246278400,1246278400,129065,False
39,2.928947833459343,0.2186918304033092,nan,nan,nan,10,77360,32796800,32796800,4841,1279075200,1279075200,133906,False
40,2.9179005698919687,0.22097564439395015,2.9243333387925103,0.22562940206803536,18.621807474211213,10,56332,32796800,32796800,3526,1311872000,1311872000,137432,False
41,2.936251683069865,0.2184,nan,nan,nan,10,37500,32796800,32796800,2347,1344668800,1344668800,139779,False
42,2.9232536463337424,0.22284533648170013,nan,nan,nan,10,54208,32796800,32796800,3393,1377465600,1377465600,143172,False
43,2.8737465948377485,0.22904907810568187,nan,nan,nan,10,55809,32796800,32796800,3494,1410262400,1410262400,146666,False
44,2.8382033576849137,0.23297719462667915,nan,nan,nan,10,80025,32796800,32796800,5008,1443059200,1443059200,151674,False
45,2.8335077952639685,0.2326637941134355,nan,nan,nan,10,76819,32796800,32796800,4807,1475856000,1475856000,156481,False
46,2.8316536677529514,0.23380431501631427,nan,nan,nan,10,69571,32796800,32796800,4353,1508652800,1508652800,160834,False
47,2.815661562429347,0.23525009156488366,nan,nan,nan,10,62797,32796800,32796800,3929,1541449600,1541449600,164763,False
48,2.816242634647582,0.23727256019114135,nan,nan,nan,10,54410,32796800,32796800,3405,1574246400,1574246400,168168,False
49,2.802025879065096,0.23824284399670653,nan,nan,nan,10,41294,32796800,32796800,2585,1607043200,1607043200,170753,False
50,2.7721292524622747,0.24337313369075336,2.783160085748129,0.24376217593286378,16.17003900465991,10,93634,32796800,32796800,5857,1639840000,1639840000,176610,False
51,2.7644260138119847,0.24433063242113845,nan,nan,nan,10,39246,32796800,32796800,2459,1672636800,1672636800,179069,False
52,2.789207505809035,0.24173146424268974,nan,nan,nan,10,36524,32796800,32796800,2287,1705433600,1705433600,181356,False
53,2.7391900956052284,0.24866119243127455,nan,nan,nan,10,61622,32796800,32796800,3857,1738230400,1738230400,185213,False
54,2.7418524293933113,0.2473777339973367,nan,nan,nan,10,54819,32796800,32796800,3433,1771027200,1771027200,188646,False
55,2.7370250231060522,0.24739903484467604,nan,nan,nan,10,54499,32796800,32796800,3410,1803824000,1803824000,192056,False
56,2.6943096312777257,0.2552157064618992,nan,nan,nan,10,69933,32796800,32796800,4377,1836620800,1836620800,196433,False
57,2.698164610230421,0.25264954347640584,nan,nan,nan,10,58595,32796800,32796800,3667,1869417600,1869417600,200100,False
58,2.692902446347446,0.25983820360639626,nan,nan,nan,10,52906,32796800,32796800,3313,1902214400,1902214400,203413,False
59,2.713218581603913,0.25920679886685555,nan,nan,nan,10,33182,32796800,32796800,2078,1935011200,1935011200,205491,False
60,2.690329698008462,0.2607738282478767,2.694556584230306,0.2650232279334632,14.79895520809128,10,76296,32796800,32796800,4773,1967808000,1967808000,210264,False
61,2.6605854528825312,0.26716740405391504,nan,nan,nan,10,48595,32796800,32796800,3041,2000604800,2000604800,213305,False
62,2.6789466074944137,0.268295448103849,nan,nan,nan,10,35282,32796800,32796800,2210,2033401600,2033401600,215515,False
63,2.639922010876459,0.2729018628768965,nan,nan,nan,10,31242,32796800,32796800,1958,2066198400,2066198400,217473,False
64,2.6908574991909333,0.26578827006297717,nan,nan,nan,10,56846,32796800,32796800,3556,2098995200,2098995200,221029,False
65,2.6859971509086646,0.26789751906313836,nan,nan,nan,10,64129,32796800,32796800,4013,2131792000,2131792000,225042,False
66,2.640151190155051,0.27298754910446765,nan,nan,nan,10,45057,32796800,32796800,2821,2164588800,2164588800,227863,False
67,2.642618051801594,0.2724421322476061,nan,nan,nan,10,66315,32796800,32796800,4150,2197385600,2197385600,232013,False
68,2.6303089629408802,0.2735703245749614,nan,nan,nan,10,45290,32796800,32796800,2836,2230182400,2230182400,234849,False
69,2.629719550992613,0.2759753994337965,nan,nan,nan,10,61462,32796800,32796800,3846,2262979200,2262979200,238695,False
70,2.629901328124775,0.27323711340206186,2.6200797628573924,0.28967480893151504,13.736819229334701,10,84875,32796800,32796800,5310,2295776000,2295776000,244005,False
71,2.6109970957491218,0.27877995982604287,nan,nan,nan,10,51277,32796800,32796800,3209,2328572800,2328572800,247214,False
72,2.6126863709289045,0.27836299445204987,nan,nan,nan,10,69395,32796800,32796800,4341,2361369600,2361369600,251555,False
73,2.5764769807023455,0.28311006041502496,nan,nan,nan,10,38070,32796800,32796800,2384,2394166400,2394166400,253939,False
74,2.5964890467654795,0.2824633503036251,nan,nan,nan,10,65212,32796800,32796800,4080,2426963200,2426963200,258019,False
75,2.553768626416708,0.29110460062457744,nan,nan,nan,10,93183,32796800,32796800,5828,2459760000,2459760000,263847,False
76,2.5472419731265754,0.28915925979892176,nan,nan,nan,10,41178,32796800,32796800,2578,2492556800,2492556800,266425,False
77,2.5709934277295967,0.29073563922048773,nan,nan,nan,10,78408,32796800,32796800,4906,2525353600,2525353600,271331,False
78,2.5422933357499984,0.2884966236227935,nan,nan,nan,10,42205,32796800,32796800,2643,2558150400,2558150400,273974,False
79,2.5656819380884075,0.2927347793936406,nan,nan,nan,10,64912,32796800,32796800,4061,2590947200,2590947200,278035,False
80,2.5351244941448474,0.29731533360212437,2.5396459121566903,0.3007268095309456,12.675182048269294,10,71927,32796800,32796800,4500,2623744000,2623744000,282535,False
81,2.5121813404019058,0.2966598674145844,nan,nan,nan,10,15688,32796800,32796800,986,2656540800,2656540800,283521,False
82,2.5356465681954337,0.2964438122332859,nan,nan,nan,10,49210,32796800,32796800,3080,2689337600,2689337600,286601,False
83,2.515661973552588,0.30328358208955225,nan,nan,nan,10,45225,32796800,32796800,2831,2722134400,2722134400,289432,False
84,2.509188306811612,0.3037718904355635,nan,nan,nan,10,53448,32796800,32796800,3344,2754931200,2754931200,292776,False
85,2.476251452850445,0.3130834737465276,nan,nan,nan,10,43918,32796800,32796800,2749,2787728000,2787728000,295525,False
86,2.521503646243044,0.301094005697315,nan,nan,nan,10,65996,32796800,32796800,4129,2820524800,2820524800,299654,False
87,2.50693336646328,0.29980880801687765,nan,nan,nan,10,60672,32796800,32796800,3797,2853321600,2853321600,303451,False
88,2.527058245067663,0.30114830630351574,nan,nan,nan,10,45197,32796800,32796800,2828,2886118400,2886118400,306279,False
89,2.484256152250518,0.30837110103972276,nan,nan,nan,10,75020,32796800,32796800,4694,2918915200,2918915200,310973,False
90,2.47368968435545,0.3086087847900509,2.491368212872103,0.3114790948598831,12.077789808230653,10,51703,32796800,32796800,3236,2951712000,2951712000,314209,False
91,2.458054776709209,0.315655133295519,nan,nan,nan,10,52890,32796800,32796800,3310,2984508800,2984508800,317519,False
92,2.4432881525546297,0.31721859061849006,nan,nan,nan,10,41763,32796800,32796800,2615,3017305600,3017305600,320134,False
93,2.466018554453756,0.3117205791007693,nan,nan,nan,10,62787,32796800,32796800,3930,3050102400,3050102400,324064,False
94,2.4956577266057334,0.3069173789173789,nan,nan,nan,10,43875,32796800,32796800,2747,3082899200,3082899200,326811,False
95,2.4626946923920245,0.31298478680094277,nan,nan,nan,10,46670,32796800,32796800,2922,3115696000,3115696000,329733,False
96,2.456835089810793,0.31627676283376044,nan,nan,nan,10,60485,32796800,32796800,3784,3148492800,3148492800,333517,False
97,2.4426755263595137,0.3178631686509351,nan,nan,nan,10,42081,32796800,32796800,2635,3181289600,3181289600,336152,False
98,2.447827566067242,0.32110769930626637,nan,nan,nan,10,17586,32796800,32796800,1105,3214086400,3214086400,337257,False
99,2.457443532790484,0.31491850192858034,nan,nan,nan,10,56259,32796800,32796800,3521,3246883200,3246883200,340778,False
100,2.434826566932218,0.31829392698957915,2.448210572045942,0.32369249213247414,11.567628749847808,10,77441,32796800,32796800,4845,3279680000,3279680000,345623,False
101,2.402399911213901,0.3245575047713666,nan,nan,nan,10,38249,32796800,32796800,2394,3312476800,3312476800,348017,False
102,2.4286931703446646,0.32226322263222634,nan,nan,nan,10,50406,32796800,32796800,3154,3345273600,3345273600,351171,False
103,2.3857698700529766,0.33310387390808965,nan,nan,nan,10,84256,32796800,32796800,5271,3378070400,3378070400,356442,False
104,2.427320778956575,0.3201107923632407,nan,nan,nan,10,80872,32796800,32796800,5059,3410867200,3410867200,361501,False
105,2.387855393536348,0.3298144650202129,nan,nan,nan,10,56647,32796800,32796800,3545,3443664000,3443664000,365046,False
106,2.433727829869933,0.32503295737512816,nan,nan,nan,10,61443,32796800,32796800,3845,3476460800,3476460800,368891,False
107,2.42112000588309,0.32813305055297937,nan,nan,nan,10,83457,32796800,32796800,5221,3509257600,3509257600,374112,False
108,2.3834991260579432,0.33348228649054446,nan,nan,nan,10,55946,32796800,32796800,3501,3542054400,3542054400,377613,False
109,2.4063524872593973,0.32954774544721455,nan,nan,nan,10,44643,32796800,32796800,2794,3574851200,3574851200,380407,False
110,2.4096587114764296,0.3279796063010128,2.3931298146590145,0.3362992656975873,10.947704665048983,10,87478,32796800,32796800,5472,3607648000,3607648000,385879,False
111,2.3903505938677845,0.33128896892679366,nan,nan,nan,10,58861,32796800,32796800,3685,3640444800,3640444800,389564,False
112,2.376273043340847,0.3340981412436323,nan,nan,nan,10,73221,32796800,32796800,4581,3673241600,3673241600,394145,False
113,2.3563278242521912,0.34383592602357904,nan,nan,nan,10,53098,32796800,32796800,3324,3706038400,3706038400,397469,False
114,2.3294161553207893,0.3502559208814089,nan,nan,nan,10,57635,32796800,32796800,3608,3738835200,3738835200,401077,False
115,2.379389462528325,0.3354032755928387,nan,nan,nan,10,27537,32796800,32796800,1724,3771632000,3771632000,402801,False
116,2.3396274861107638,0.3411830732966663,nan,nan,nan,10,44545,32796800,32796800,2789,3804428800,3804428800,405590,False
117,2.341887141589554,0.34709897610921503,nan,nan,nan,10,43950,32796800,32796800,2751,3837225600,3837225600,408341,False
118,2.3044282926841584,0.3520277560346104,nan,nan,nan,10,47269,32796800,32796800,2960,3870022400,3870022400,411301,False
119,2.325307519980646,0.349967998537076,nan,nan,nan,10,54685,32796800,32796800,3422,3902819200,3902819200,414723,False
120,2.3524984239843327,0.3459667923755567,2.3436785935462368,0.35334557170687847,10.41949523846911,10,58601,32796800,32796800,3668,3935616000,3935616000,418391,False
121,2.3360604482531016,0.34882673737929654,nan,nan,nan,10,39974,32796800,32796800,2503,3968412800,3968412800,420894,False
122,2.340534619330202,0.34571362506503267,nan,nan,nan,10,34598,32796800,32796800,2166,4001209600,4001209600,423060,False
123,2.3433839671338696,0.35394580589441865,nan,nan,nan,10,46315,32796800,32796800,2900,4034006400,4034006400,425960,False
124,2.342103959488473,0.3468802652318061,nan,nan,nan,10,73596,32796800,32796800,4606,4066803200,4066803200,430566,False
125,2.2939853793508944,0.35918976943899933,nan,nan,nan,10,42852,32796800,32796800,2684,4099600000,4099600000,433250,False
126,2.3173935430572232,0.3530864197530864,nan,nan,nan,10,47790,32796800,32796800,2991,4132396800,4132396800,436241,False
127,2.2978425773083204,0.3594496648600109,nan,nan,nan,10,93543,32796800,32796800,5852,4165193600,4165193600,442093,False
128,2.318982692665994,0.3534082428062028,nan,nan,nan,10,48236,32796800,32796800,3019,4197990400,4197990400,445112,False
129,2.3386357521117116,0.3507869417718703,nan,nan,nan,10,71924,32796800,32796800,4499,4230787200,4230787200,449611,False
130,2.31853712176667,0.35823846009552257,2.295493250216177,0.369043158998951,9.929332449979047,10,69303,32796800,32796800,4335,4263584000,4263584000,453946,False
131,2.2767383689655367,0.3627957513803579,nan,nan,nan,10,45097,32796800,32796800,2824,4296380800,4296380800,456770,False
132,2.254089509352302,0.370174510840825,nan,nan,nan,10,71858,32796800,32796800,4496,4329177600,4329177600,461266,False
133,2.30531090413446,0.3586733424555293,nan,nan,nan,10,64312,32796800,32796800,4023,4361974400,4361974400,465289,False
134,2.295753881580428,0.3633031172743031,nan,nan,nan,10,35191,32796800,32796800,2204,4394771200,4394771200,467493,False
135,2.244708197575251,0.3696104148450403,nan,nan,nan,10,51465,32796800,32796800,3220,4427568000,4427568000,470713,False
136,2.2742772482469076,0.3651681861049984,nan,nan,nan,10,31810,32796800,32796800,1992,4460364800,4460364800,472705,False
137,2.2617090398978914,0.36915975885455915,nan,nan,nan,10,74312,32796800,32796800,4651,4493161600,4493161600,477356,False
138,2.219930459794092,0.3774966450822769,nan,nan,nan,10,76753,32796800,32796800,4803,4525958400,4525958400,482159,False
139,2.248881839674171,0.3671303678451641,nan,nan,nan,10,54561,32796800,32796800,3413,4558755200,4558755200,485572,False
140,2.249095507612727,0.3727738958689482,2.2496746237732097,0.3786153154503222,9.484649254848662,10,60251,32796800,32796800,3770,4591552000,4591552000,489342,False
141,2.219844139408483,0.37668130183288034,nan,nan,nan,10,43047,32796800,32796800,2695,4624348800,4624348800,492037,False
142,2.1983950985838985,0.38376891334250346,nan,nan,nan,10,44347,32796800,32796800,2777,4657145600,4657145600,494814,False
143,2.2463413384695983,0.3761454208023331,nan,nan,nan,10,60349,32796800,32796800,3777,4689942400,4689942400,498591,False
144,2.200697518665342,0.3830380056214102,nan,nan,nan,10,81830,32796800,32796800,5118,4722739200,4722739200,503709,False
145,2.2094919524796435,0.3807358760629789,nan,nan,nan,10,47508,32796800,32796800,2974,4755536000,4755536000,506683,False
146,2.209697881127014,0.3789523889683809,nan,nan,nan,10,35643,32796800,32796800,2232,4788332800,4788332800,508915,False
147,2.2488972898014286,0.3760119864522871,nan,nan,nan,10,79423,32796800,32796800,4970,4821129600,4821129600,513885,False
148,2.1997979251664885,0.38534190590111644,nan,nan,nan,10,40128,32796800,32796800,2511,4853926400,4853926400,516396,False
149,2.2202094825365712,0.38090562777363235,nan,nan,nan,10,50926,32796800,32796800,3188,4886723200,4886723200,519584,False
150,2.200452267575318,0.38307468847947407,2.2095301633257747,0.3879814176532294,9.111434501140712,10,39243,32796800,32796800,2457,4919520000,4919520000,522041,False
151,2.1995795333604438,0.38275566167966274,nan,nan,nan,10,80409,32796800,32796800,5030,4952316800,4952316800,527071,False
152,2.2015080261552598,0.381512030969309,nan,nan,nan,10,79046,32796800,32796800,4946,4985113600,4985113600,532017,False
153,2.1659711150000946,0.3869868945211016,nan,nan,nan,10,34642,32796800,32796800,2169,5017910400,5017910400,534186,False
154,2.151266930165271,0.3962447217021742,nan,nan,nan,10,73177,32796800,32796800,4579,5050707200,5050707200,538765,False
155,2.181107741064548,0.3909727561771368,nan,nan,nan,10,48121,32796800,32796800,3013,5083504000,5083504000,541778,False
156,2.1606618299767386,0.3961533086880852,nan,nan,nan,10,78717,32796800,32796800,4925,5116300800,5116300800,546703,False
157,2.1596964002676757,0.39547982820530875,nan,nan,nan,10,42609,32796800,32796800,2668,5149097600,5149097600,549371,False
158,2.177554159076088,0.3879974664836905,nan,nan,nan,10,56838,32796800,32796800,3557,5181894400,5181894400,552928,False
159,2.1739117351389905,0.39811320754716983,nan,nan,nan,10,50880,32796800,32796800,3183,5214691200,5214691200,556111,False
160,2.1642594837933564,0.3956748734529457,2.1685282311553133,0.4004570657875019,8.745403352179892,10,37733,32796800,32796800,2363,5247488000,5247488000,558474,False
161,2.1547765466520836,0.3970632022692012,nan,nan,nan,10,63811,32796800,32796800,3993,5280284800,5280284800,562467,False
162,2.1343356076376927,0.39927437102242314,nan,nan,nan,10,67252,32796800,32796800,4207,5313081600,5313081600,566674,False
163,2.1643029399115292,0.39635983767929606,nan,nan,nan,10,74667,32796800,32796800,4673,5345878400,5345878400,571347,False
164,2.1465013775839257,0.39969961225459394,nan,nan,nan,10,65249,32796800,32796800,4082,5378675200,5378675200,575429,False
165,2.1389199349222223,0.4011325127994484,nan,nan,nan,10,68167,32796800,32796800,4265,5411472000,5411472000,579694,False
166,2.1556107755136957,0.3975153016613232,nan,nan,nan,10,27448,32796800,32796800,1721,5444268800,5444268800,581415,False
167,2.1174233000391594,0.40534065677223324,nan,nan,nan,10,34228,32796800,32796800,2144,5477065600,5477065600,583559,False
168,2.1156643485093856,0.40634732011145713,nan,nan,nan,10,48808,32796800,32796800,3055,5509862400,5509862400,586614,False
169,2.1129419648098784,0.4069034461692261,nan,nan,nan,10,36011,32796800,32796800,2255,5542659200,5542659200,588869,False
170,2.1509362811941433,0.40030132006887315,2.134304916878324,0.4090364154053649,8.451170199073179,10,41816,32796800,32796800,2618,5575456000,5575456000,591487,False
171,2.1239054354927847,0.4030994550408719,nan,nan,nan,10,29360,32796800,32796800,1839,5608252800,5608252800,593326,False
172,2.1482376207583567,0.39946549788871666,nan,nan,nan,10,93545,32796800,32796800,5851,5641049600,5641049600,599177,False
173,2.1273426829764714,0.4045795578511477,nan,nan,nan,10,89834,32796800,32796800,5621,5673846400,5673846400,604798,False
174,2.1218432556107794,0.40670356465533924,nan,nan,nan,10,51674,32796800,32796800,3234,5706643200,5706643200,608032,False
175,2.1221308906425533,0.406570099143388,nan,nan,nan,10,60821,32796800,32796800,3805,5739440000,5739440000,611837,False
176,2.082011243859394,0.4154495639751818,nan,nan,nan,10,46901,32796800,32796800,2935,5772236800,5772236800,614772,False
177,2.1395260673126453,0.4028483384692263,nan,nan,nan,10,60035,32796800,32796800,3758,5805033600,5805033600,618530,False
178,2.1113306912726815,0.4070632679539037,nan,nan,nan,10,52412,32796800,32796800,3282,5837830400,5837830400,621812,False
179,2.0909142102584592,0.4121234454168586,nan,nan,nan,10,54275,32796800,32796800,3396,5870627200,5870627200,625208,False
180,2.051383994806849,0.4266895162345308,2.1032080031148714,0.41962011089465007,8.192409076240248,10,76442,32796800,32796800,4782,5903424000,5903424000,629990,False
181,2.1165664553070203,0.4047442550037065,nan,nan,nan,10,25631,32796800,32796800,1607,5936220800,5936220800,631597,False
182,2.0957289906410175,0.41512241054613935,nan,nan,nan,10,53100,32796800,32796800,3322,5969017600,5969017600,634919,False
183,2.0929904714718535,0.4143651270919198,nan,nan,nan,10,68179,32796800,32796800,4266,6001814400,6001814400,639185,False
184,2.111543636759596,0.40778203417552616,nan,nan,nan,10,46466,32796800,32796800,2909,6034611200,6034611200,642094,False
185,2.0971745184752195,0.41271139858620204,nan,nan,nan,10,78229,32796800,32796800,4894,6067408000,6067408000,646988,False
186,2.0953727353104514,0.41313267221474725,nan,nan,nan,10,60201,32796800,32796800,3766,6100204800,6100204800,650754,False
187,2.0853406333881566,0.41406787792820043,nan,nan,nan,10,47939,32796800,32796800,3001,6133001600,6133001600,653755,False
188,2.05835947238783,0.42303552206673845,nan,nan,nan,10,48308,32796800,32796800,3023,6165798400,6165798400,656778,False
189,2.0717993712039204,0.41537551923834937,nan,nan,nan,10,65962,32796800,32796800,4128,6198595200,6198595200,660906,False
190,2.046431854791999,0.41856263136546334,2.068515346126365,0.4229731754832909,7.913066228125177,10,54238,32796800,32796800,3395,6231392000,6231392000,664301,False
191,2.0860525911674626,0.40968854303048186,nan,nan,nan,10,54229,32796800,32796800,3395,6264188800,6264188800,667696,False
192,2.085015355176908,0.41458618840493355,nan,nan,nan,10,33566,32796800,32796800,2102,6296985600,6296985600,669798,False
193,2.0731568065951285,0.4174651737043997,nan,nan,nan,10,64391,32796800,32796800,4029,6329782400,6329782400,673827,False
194,2.0741439626956133,0.42046272873312773,nan,nan,nan,10,54157,32796800,32796800,3391,6362579200,6362579200,677218,False
195,2.011888389344589,0.43213481778913426,nan,nan,nan,10,65748,32796800,32796800,4115,6395376000,6395376000,681333,False
196,2.060323465925449,0.41725347434432547,nan,nan,nan,10,75266,32796800,32796800,4710,6428172800,6428172800,686043,False
197,2.062618099365785,0.41493322075529626,nan,nan,nan,10,52112,32796800,32796800,3263,6460969600,6460969600,689306,False
198,2.019195923822587,0.42849476215009447,nan,nan,nan,10,93168,32796800,32796800,5828,6493766400,6493766400,695134,False
199,2.0437546725373967,0.4231811716716314,nan,nan,nan,10,37263,32796800,32796800,2333,6526563200,6526563200,697467,False
200,2.045410962493541,0.4247785097682871,2.0402941075326013,0.4281994605125131,7.69287139762322,10,35216,32796800,32796800,2207,6559360000,6559360000,699674,False
201,2.0264552064107373,0.42766214177978884,nan,nan,nan,10,33150,32796800,32796800,2077,6592156800,6592156800,701751,False
202,2.0399930900527923,0.42228090028919907,nan,nan,nan,10,39765,32796800,32796800,2489,6624953600,6624953600,704240,False
203,2.0245320925371333,0.4256815016249917,nan,nan,nan,10,45231,32796800,32796800,2830,6657750400,6657750400,707070,False
204,2.0271304258729526,0.42558161263197236,nan,nan,nan,10,42812,32796800,32796800,2681,6690547200,6690547200,709751,False
205,2.057886264682758,0.42123738481790257,nan,nan,nan,10,22790,32796800,32796800,1429,6723344000,6723344000,711180,False
206,2.0507008882327646,0.42496934699204997,nan,nan,nan,10,50566,32796800,32796800,3164,6756140800,6756140800,714344,False
207,2.0373308017140195,0.4236006051437216,nan,nan,nan,10,57507,32796800,32796800,3600,6788937600,6788937600,717944,False
208,2.012894808049587,0.42847670142865757,nan,nan,nan,10,33178,32796800,32796800,2079,6821734400,6821734400,720023,False
209,2.0429640338954944,0.422626820693119,nan,nan,nan,10,39820,32796800,32796800,2494,6854531200,6854531200,722517,False
210,2.0248313480197933,0.4252365129420729,2.0218264566053072,0.42889255207552823,7.552105938402475,10,47249,32796800,32796800,2957,6887328000,6887328000,725474,False
211,2.013920397682483,0.4277975925100312,nan,nan,nan,10,44860,32796800,32796800,2809,6920124800,6920124800,728283,False
212,2.0212999106828167,0.4268825942264531,nan,nan,nan,10,51684,32796800,32796800,3235,6952921600,6952921600,731518,False
213,2.001395524268518,0.4324484049271701,nan,nan,nan,10,86297,32796800,32796800,5398,6985718400,6985718400,736916,False
214,2.013265555170097,0.43150068069954967,nan,nan,nan,10,47745,32796800,32796800,2989,7018515200,7018515200,739905,False
215,2.0237568495543212,0.42860468364448995,nan,nan,nan,10,42958,32796800,32796800,2690,7051312000,7051312000,742595,False
216,2.0053993888305706,0.432823772766258,nan,nan,nan,10,39642,32796800,32796800,2483,7084108800,7084108800,745078,False
217,2.025342855368191,0.42510001967600186,nan,nan,nan,10,30494,32796800,32796800,1911,7116905600,7116905600,746989,False
218,1.9774294944974824,0.4404338381135283,nan,nan,nan,10,63526,32796800,32796800,3974,7149702400,7149702400,750963,False
219,2.0165383771561327,0.4273098009560591,nan,nan,nan,10,37027,32796800,32796800,2319,7182499200,7182499200,753282,False
220,2.0184545984489732,0.42607652520720385,1.9984266847644487,0.43417503371796795,7.377439924741921,10,64188,32796800,32796800,4016,7215296000,7215296000,757298,False
221,1.9839520617394455,0.43614320172654564,nan,nan,nan,10,78770,32796800,32796800,4929,7248092800,7248092800,762227,False
222,1.9861941653438333,0.43637631742095473,nan,nan,nan,10,64520,32796800,32796800,4036,7280889600,7280889600,766263,False
223,2.0106825650009625,0.43233460687713654,nan,nan,nan,10,54703,32796800,32796800,3424,7313686400,7313686400,769687,False
224,1.9632557309413243,0.4391468929050123,nan,nan,nan,10,67893,32796800,32796800,4248,7346483200,7346483200,773935,False
225,1.997762878633338,0.434208529367127,nan,nan,nan,10,39534,32796800,32796800,2476,7379280000,7379280000,776411,False
226,1.9726290262026167,0.43865757432167946,nan,nan,nan,10,48539,32796800,32796800,3039,7412076800,7412076800,779450,False
227,1.9834042326012684,0.4328131185797929,nan,nan,nan,10,47993,32796800,32796800,3006,7444873600,7444873600,782456,False
228,1.9630094486083902,0.43604839082051994,nan,nan,nan,10,43314,32796800,32796800,2712,7477670400,7477670400,785168,False
229,1.9747741266982544,0.43758959288990823,nan,nan,nan,10,55808,32796800,32796800,3494,7510467200,7510467200,788662,False
230,1.972983868713188,0.43390128285875296,1.971974111364357,0.4406376442379739,7.18484618396922,10,60334,32796800,32796800,3777,7543264000,7543264000,792439,False
231,1.9762099655175909,0.4382187858887469,nan,nan,nan,10,61823,32796800,32796800,3868,7576060800,7576060800,796307,False
232,1.9838430517285892,0.43601289148637606,nan,nan,nan,10,64849,32796800,32796800,4059,7608857600,7608857600,800366,False
233,1.9652354030621677,0.43504837079462866,nan,nan,nan,10,62331,32796800,32796800,3899,7641654400,7641654400,804265,False
234,1.9820721368606797,0.436654974736159,nan,nan,nan,10,64717,32796800,32796800,4050,7674451200,7674451200,808315,False
235,1.9443358364611358,0.44189799211552994,nan,nan,nan,10,48957,32796800,32796800,3064,7707248000,7707248000,811379,False
236,1.9573468602479245,0.44300734175973316,nan,nan,nan,10,61157,32796800,32796800,3826,7740044800,7740044800,815205,False
237,1.9455805559571142,0.445168655177493,nan,nan,nan,10,27156,32796800,32796800,1702,7772841600,7772841600,816907,False
238,1.9643372620211401,0.438577143070769,nan,nan,nan,10,53498,32796800,32796800,3348,7805638400,7805638400,820255,False
239,1.9380654790093959,0.4432711486565763,nan,nan,nan,10,68184,32796800,32796800,4266,7838435200,7838435200,824521,False
240,1.9546193365461786,0.44127174565086985,1.947750009662223,0.44483365802487634,7.012890879322499,10,75015,32796800,32796800,4693,7871232000,7871232000,829214,False
241,1.9226818248276114,0.4541549540444079,nan,nan,nan,10,31661,32796800,32796800,1983,7904028800,7904028800,831197,False
242,1.934926669545368,0.4479105700573569,nan,nan,nan,10,68344,32796800,32796800,4277,7936825600,7936825600,835474,False
243,1.9472796076458414,0.4433231005372218,nan,nan,nan,10,52120,32796800,32796800,3260,7969622400,7969622400,838734,False
244,1.9509522377947892,0.44007228204749965,nan,nan,nan,10,54232,32796800,32796800,3393,8002419200,8002419200,842127,False
245,1.9154057756093248,0.4516920605884846,nan,nan,nan,10,89654,32796800,32796800,5608,8035216000,8035216000,847735,False
246,1.9572285017045392,0.4436622713738835,nan,nan,nan,10,47020,32796800,32796800,2944,8068012800,8068012800,850679,False
247,1.8843645594223863,0.4602732707087959,nan,nan,nan,10,58550,32796800,32796800,3664,8100809600,8100809600,854343,False
248,1.9414346104584832,0.4413957410356966,nan,nan,nan,10,74713,32796800,32796800,4675,8133606400,8133606400,859018,False
249,1.9509790375612552,0.4405963762786655,nan,nan,nan,10,74785,32796800,32796800,4679,8166403200,8166403200,863697,False
250,1.9439233158423186,0.44360348070978317,1.9219523896417856,0.45170837704181027,6.834288646568905,10,90901,32796800,32796800,5687,8199200000,8199200000,869384,False
251,1.9421270953200218,0.4462822591245673,nan,nan,nan,10,45646,32796800,32796800,2858,8231996800,8231996800,872242,False
252,1.9209598047907295,0.44888825541619154,nan,nan,nan,10,35080,32796800,32796800,2198,8264793600,8264793600,874440,False
253,1.8727930550855276,0.45937821374891225,nan,nan,nan,10,37923,32796800,32796800,2375,8297590400,8297590400,876815,False
254,1.9285492635687898,0.4478186097031137,nan,nan,nan,10,66288,32796800,32796800,4148,8330387200,8330387200,880963,False
255,1.9550807620289943,0.4423676012461059,nan,nan,nan,10,56817,32796800,32796800,3554,8363184000,8363184000,884517,False
256,1.8874011317995942,0.45754109241400853,nan,nan,nan,10,76839,32796800,32796800,4806,8395980800,8395980800,889323,False
257,1.937719733925604,0.44478744939271253,nan,nan,nan,10,59280,32796800,32796800,3710,8428777600,8428777600,893033,False
258,1.9212980205649768,0.44747925182707793,nan,nan,nan,10,80730,32796800,32796800,5050,8461574400,8461574400,898083,False
259,1.9422834624756993,0.44760626039558327,nan,nan,nan,10,49901,32796800,32796800,3124,8494371200,8494371200,901207,False
260,1.9107799272056298,0.45072503925371754,1.904234339125096,0.4561291772815825,6.714264809190613,10,54135,32796800,32796800,3388,8527168000,8527168000,904595,False
261,1.9047216436626127,0.4530109338354309,nan,nan,nan,10,60546,32796800,32796800,3788,8559964800,8559964800,908383,False
262,1.8982759067839678,0.4543409885610866,nan,nan,nan,10,56911,32796800,32796800,3562,8592761600,8592761600,911945,False
263,1.9086929314334775,0.45293576347660885,nan,nan,nan,10,67376,32796800,32796800,4216,8625558400,8625558400,916161,False
264,1.8802595306364098,0.4581393151664845,nan,nan,nan,10,74091,32796800,32796800,4635,8658355200,8658355200,920796,False
265,1.8999264513994856,0.45323697068403906,nan,nan,nan,10,49120,32796800,32796800,3074,8691152000,8691152000,923870,False
266,1.8711842645096652,0.46263920671243325,nan,nan,nan,10,65550,32796800,32796800,4102,8723948800,8723948800,927972,False
267,1.9022801831395681,0.4568731451663825,nan,nan,nan,10,31674,32796800,32796800,1985,8756745600,8756745600,929957,False
268,1.895896536600192,0.4545425591209491,nan,nan,nan,10,62795,32796800,32796800,3929,8789542400,8789542400,933886,False
269,1.9007250446093187,0.45697412409242866,nan,nan,nan,10,67901,32796800,32796800,4249,8822339200,8822339200,938135,False
270,1.8895686694215565,0.4587148156972193,1.8837225366421195,0.46242319796193615,6.577945987443175,10,58762,32796800,32796800,3677,8855136000,8855136000,941812,False
271,1.8951351635913574,0.4547696516278781,nan,nan,nan,10,48253,32796800,32796800,3020,8887932800,8887932800,944832,False
272,1.903640193036291,0.4546763130225805,nan,nan,nan,10,79892,32796800,32796800,4998,8920729600,8920729600,949830,False
273,1.8901323620777248,0.4599745292458837,nan,nan,nan,10,43972,32796800,32796800,2753,8953526400,8953526400,952583,False
274,1.8706026129743527,0.4610018376097461,nan,nan,nan,10,58772,32796800,32796800,3679,8986323200,8986323200,956262,False
275,1.8732561399563845,0.46235435663627156,nan,nan,nan,10,63168,32796800,32796800,3952,9019120000,9019120000,960214,False
276,1.85251805032576,0.4644550269069787,nan,nan,nan,10,93656,32796800,32796800,5860,9051916800,9051916800,966074,False
277,1.9043426039264584,0.45581736649001225,nan,nan,nan,10,61325,32796800,32796800,3837,9084713600,9084713600,969911,False
278,1.8961060174279816,0.45496561620604187,nan,nan,nan,10,53659,32796800,32796800,3358,9117510400,9117510400,973269,False
279,1.8584205791561366,0.46233854415826914,nan,nan,nan,10,64801,32796800,32796800,4055,9150307200,9150307200,977324,False
280,1.8904216115513297,0.4588757272613118,1.8647676831543687,0.4675558219691293,6.4544362375341375,10,47782,32796800,32796800,2992,9183104000,9183104000,980316,False
281,1.868728578946933,0.4607400642770587,nan,nan,nan,10,56941,32796800,32796800,3563,9215900800,9215900800,983879,False
282,1.8798582845956167,0.4579452303481406,nan,nan,nan,10,71609,32796800,32796800,4480,9248697600,9248697600,988359,False
283,1.8775816380492334,0.4615843978035743,nan,nan,nan,10,68657,32796800,32796800,4296,9281494400,9281494400,992655,False
284,1.8451146733607746,0.46759895910466076,nan,nan,nan,10,47267,32796800,32796800,2957,9314291200,9314291200,995612,False
285,1.85550882614891,0.46301744682103035,nan,nan,nan,10,67978,32796800,32796800,4253,9347088000,9347088000,999865,False
286,1.8884305058149513,0.4596567480218433,nan,nan,nan,10,35892,32796800,32796800,2249,9379884800,9379884800,1002114,False
287,1.8849728565374924,0.461784377234678,nan,nan,nan,10,47546,32796800,32796800,2976,9412681600,9412681600,1005090,False
288,1.8540349544161954,0.4639096702687725,nan,nan,nan,10,57744,32796800,32796800,3614,9445478400,9445478400,1008704,False
289,1.8636851469037665,0.4596897616144847,nan,nan,nan,10,77102,32796800,32796800,4824,9478275200,9478275200,1013528,False
290,1.883457533614418,0.45879853196832143,1.845905067144297,0.470515510265248,6.333829738210806,10,77655,32796800,32796800,4858,9511072000,9511072000,1018386,False
291,1.8201145078435081,0.4731732761493545,nan,nan,nan,10,69017,32796800,32796800,4318,9543868800,9543868800,1022704,False
292,1.8224011617871456,0.47400955324529365,nan,nan,nan,10,60503,32796800,32796800,3786,9576665600,9576665600,1026490,False
293,1.8432637467104247,0.46710516888067294,nan,nan,nan,10,69783,32796800,32796800,4366,9609462400,9609462400,1030856,False
294,1.8601302191324858,0.4630398838569182,nan,nan,nan,10,49594,32796800,32796800,3104,9642259200,9642259200,1033960,False
295,1.8383812319493804,0.46830542407488435,nan,nan,nan,10,75423,32796800,32796800,4719,9675056000,9675056000,1038679,False
296,1.8543568249546376,0.46300740019800984,nan,nan,nan,10,59593,32796800,32796800,3728,9707852800,9707852800,1042407,False
297,1.813365008594528,0.4782608695652174,nan,nan,nan,10,42412,32796800,32796800,2655,9740649600,9740649600,1045062,False
298,1.8522675290095167,0.47246993113515917,nan,nan,nan,10,31511,32796800,32796800,1974,9773446400,9773446400,1047036,False
299,1.86229368764416,0.4655049721740717,nan,nan,nan,10,54805,32796800,32796800,3430,9806243200,9806243200,1050466,False
300,1.8199217759052597,0.4721220285950198,1.8303162677881513,0.4740371646935411,6.2358585478759,10,69033,32796800,32796800,4319,9839040000,9839040000,1054785,False
301,1.883586591765348,0.45852013269115993,nan,nan,nan,10,72047,32796800,32796800,4508,9871836800,9871836800,1059293,False
302,1.8470053405176072,0.4646188795978539,nan,nan,nan,10,41378,32796800,32796800,2591,9904633600,9904633600,1061884,False
303,1.8274572946709484,0.47088969943210673,nan,nan,nan,10,43318,32796800,32796800,2712,9937430400,9937430400,1064596,False
304,1.837084378965078,0.46614543147643295,nan,nan,nan,10,58323,32796800,32796800,3650,9970227200,9970227200,1068246,False
305,1.8539700071023557,0.46468511432743675,nan,nan,nan,10,54099,32796800,32796800,3386,10003024000,10003024000,1071632,False
306,1.7977774415299534,0.47697360267691163,nan,nan,nan,10,80690,32796800,32796800,5047,10035820800,10035820800,1076679,False
307,1.77719076374143,0.4829762013312665,nan,nan,nan,10,54835,32796800,32796800,3431,10068617600,10068617600,1080110,False
308,1.82339506081007,0.47663480117970103,nan,nan,nan,10,39332,32796800,32796800,2463,10101414400,10101414400,1082573,False
309,1.8239707285342188,0.4710872066575687,nan,nan,nan,10,37371,32796800,32796800,2341,10134211200,10134211200,1084914,False
310,1.8485616400152844,0.46517884357978717,1.818589851628639,0.4746178630301214,6.163161347285906,10,75457,32796800,32796800,4722,10167008000,10167008000,1089636,False
311,1.8306889248995293,0.4714206231454006,nan,nan,nan,10,53920,32796800,32796800,3375,10199804800,10199804800,1093011,False
312,1.8303948965198589,0.47003613862673216,nan,nan,nan,10,38463,32796800,32796800,2408,10232601600,10232601600,1095419,False
313,1.8484086940824203,0.4681747873163186,nan,nan,nan,10,25860,32796800,32796800,1620,10265398400,10265398400,1097039,False
314,1.770210138405339,0.4852544584602001,nan,nan,nan,10,68970,32796800,32796800,4315,10298195200,10298195200,1101354,False
315,1.8074471112135386,0.47534934840634324,nan,nan,nan,10,63690,32796800,32796800,3985,10330992000,10330992000,1105339,False
316,1.8184145266178828,0.47294599181391633,nan,nan,nan,10,40068,32796800,32796800,2509,10363788800,10363788800,1107848,False
317,1.8162897274075047,0.47556740166383976,nan,nan,nan,10,24762,32796800,32796800,1553,10396585600,10396585600,1109401,False
318,1.847991568587507,0.46827336144720766,nan,nan,nan,10,50746,32796800,32796800,3177,10429382400,10429382400,1112578,False
319,1.8368623452645783,0.46597778902234416,nan,nan,nan,10,37549,32796800,32796800,2352,10462179200,10462179200,1114930,False
320,1.7737722537713245,0.48661889979255246,1.8095617412216711,0.4777461411658924,6.107770061737332,10,67969,32796800,32796800,4253,10494976000,10494976000,1119183,False
321,1.7949612310141316,0.4794235832063184,nan,nan,nan,10,93821,32796800,32796800,5868,10527772800,10527772800,1125051,False
322,1.8176949888356875,0.47272658922596894,nan,nan,nan,10,53202,32796800,32796800,3331,10560569600,10560569600,1128382,False
323,1.8003554497307555,0.4765038246359308,nan,nan,nan,10,72033,32796800,32796800,4506,10593366400,10593366400,1132888,False
324,1.847064041811305,0.46385481600643474,nan,nan,nan,10,59676,32796800,32796800,3735,10626163200,10626163200,1136623,False
325,1.7904206975264623,0.4798338616242212,nan,nan,nan,10,54894,32796800,32796800,3435,10658960000,10658960000,1140058,False
326,1.8251487700116296,0.4749927669013405,nan,nan,nan,10,51845,32796800,32796800,3247,10691756800,10691756800,1143305,False
327,1.817234945253102,0.47341731396144404,nan,nan,nan,10,24847,32796800,32796800,1557,10724553600,10724553600,1144862,False
328,1.807935479545461,0.47560445243720395,nan,nan,nan,10,85077,32796800,32796800,5322,10757350400,10757350400,1150184,False
329,1.799074668893241,0.47887009683609266,nan,nan,nan,10,44818,32796800,32796800,2806,10790147200,10790147200,1152990,False
330,1.8261640454320403,0.4708124647441924,1.788499889462387,0.48237299565412856,5.980474361382361,10,58501,32796800,32796800,3662,10822944000,10822944000,1156652,False
331,1.8052858782955188,0.47850608256549826,nan,nan,nan,10,60994,32796800,32796800,3817,10855740800,10855740800,1160469,False
332,1.807707114985649,0.476595265572663,nan,nan,nan,10,35527,32796800,32796800,2225,10888537600,10888537600,1162694,False
333,1.7741829337582302,0.4849842576895132,nan,nan,nan,10,82580,32796800,32796800,5166,10921334400,10921334400,1167860,False
334,1.78877330648789,0.48206145634048986,nan,nan,nan,10,42339,32796800,32796800,2649,10954131200,10954131200,1170509,False
335,1.7611200163462633,0.4865816860644128,nan,nan,nan,10,81195,32796800,32796800,5078,10986928000,10986928000,1175587,False
336,1.8122732943431503,0.47510023922638905,nan,nan,nan,10,59358,32796800,32796800,3716,11019724800,11019724800,1179303,False
337,1.8142762793427571,0.47657190869626104,nan,nan,nan,10,35705,32796800,32796800,2238,11052521600,11052521600,1181541,False
338,1.8146252066640276,0.47431710213776723,nan,nan,nan,10,33680,32796800,32796800,2109,11085318400,11085318400,1183650,False
339,1.7940715784629113,0.4790337451595058,nan,nan,nan,10,54230,32796800,32796800,3394,11118115200,11118115200,1187044,False
340,1.775754463920977,0.4830043559881167,1.777862191825511,0.4850142364753484,5.917193063800494,10,54867,32796800,32796800,3434,11150912000,11150912000,1190478,False
341,1.8017757824883534,0.4760226944203527,nan,nan,nan,10,55344,32796800,32796800,3462,11183708800,11183708800,1193940,False
342,1.7955529079151342,0.48200596875182866,nan,nan,nan,10,51267,32796800,32796800,3208,11216505600,11216505600,1197148,False
343,1.8235071735921058,0.4727190741019089,nan,nan,nan,10,33265,32796800,32796800,2083,11249302400,11249302400,1199231,False
344,1.779399716882507,0.4822598294185541,nan,nan,nan,10,66713,32796800,32796800,4174,11282099200,11282099200,1203405,False
345,1.7795243358550572,0.4843879524730589,nan,nan,nan,10,54285,32796800,32796800,3398,11314896000,11314896000,1206803,False
346,1.7719770238569381,0.48401276143211625,nan,nan,nan,10,70525,32796800,32796800,4412,11347692800,11347692800,1211215,False
347,1.8106953374054535,0.4763985351685819,nan,nan,nan,10,39595,32796800,32796800,2479,11380489600,11380489600,1213694,False
348,1.7285893633027953,0.49671140343080616,nan,nan,nan,10,45004,32796800,32796800,2817,11413286400,11413286400,1216511,False
349,1.755583447710184,0.4905342815924679,nan,nan,nan,10,79022,32796800,32796800,4945,11446083200,11446083200,1221456,False
350,1.788695231671987,0.48107666222599005,1.7627830824072386,0.48885433837854037,5.8286364178108,10,33028,32796800,32796800,2070,11478880000,11478880000,1223526,False
351,1.754827470662624,0.48805369575743407,nan,nan,nan,10,59893,32796800,32796800,3749,11511676800,11511676800,1227275,False
352,1.7828490976681934,0.48027907500140665,nan,nan,nan,10,53319,32796800,32796800,3338,11544473600,11544473600,1230613,False
353,1.7624356455992816,0.4863374129783396,nan,nan,nan,10,67081,32796800,32796800,4198,11577270400,11577270400,1234811,False
354,1.7840820767500771,0.483732798687688,nan,nan,nan,10,54865,32796800,32796800,3432,11610067200,11610067200,1238243,False
355,1.758036245901,0.4876076089975007,nan,nan,nan,10,57616,32796800,32796800,3607,11642864000,11642864000,1241850,False
356,1.7572172501808219,0.4881613463700474,nan,nan,nan,10,58706,32796800,32796800,3674,11675660800,11675660800,1245524,False
357,1.7377165748258314,0.4928069526627219,nan,nan,nan,10,54080,32796800,32796800,3383,11708457600,11708457600,1248907,False
358,1.7614999732526795,0.48546527973010967,nan,nan,nan,10,35570,32796800,32796800,2227,11741254400,11741254400,1251134,False
359,1.79242711091583,0.47788678378028987,nan,nan,nan,10,69619,32796800,32796800,4358,11774051200,11774051200,1255492,False
360,1.7216971144123112,0.4981985876927511,1.754444643776938,0.49155177581297765,5.780236759964469,10,55512,32796800,32796800,3474,11806848000,11806848000,1258966,False
361,1.7709440081944043,0.48637846055761264,nan,nan,nan,10,40781,32796800,32796800,2554,11839644800,11839644800,1261520,False
362,1.813388446186887,0.47821946169772256,nan,nan,nan,10,24150,32796800,32796800,1514,11872441600,11872441600,1263034,False
363,1.7870400157908437,0.4800878415473626,nan,nan,nan,10,71037,32796800,32796800,4446,11905238400,11905238400,1267480,False
364,1.7560139918538507,0.48953409858203917,nan,nan,nan,10,25177,32796800,32796800,1579,11938035200,11938035200,1269059,False
365,1.7312892468667382,0.4958296286887675,nan,nan,nan,10,23619,32796800,32796800,1481,11970832000,11970832000,1270540,False
366,1.7375123041668692,0.49198392164110144,nan,nan,nan,10,43288,32796800,32796800,2710,12003628800,12003628800,1273250,False
367,1.7609547297989723,0.48689442018874435,nan,nan,nan,10,66651,32796800,32796800,4171,12036425600,12036425600,1277421,False
368,1.7268391556632483,0.4964303854619335,nan,nan,nan,10,70876,32796800,32796800,4435,12069222400,12069222400,1281856,False
369,1.7197500098612302,0.49523211710027243,nan,nan,nan,10,74876,32796800,32796800,4685,12102019200,12102019200,1286541,False
370,1.785076904989467,0.4815972117898026,1.7435961368468753,0.49374344372845796,5.717868733076303,10,33283,32796800,32796800,2085,12134816000,12134816000,1288626,False
371,1.7591421068448934,0.4878916227488765,nan,nan,nan,10,61858,32796800,32796800,3871,12167612800,12167612800,1292497,False
372,1.7593674363036849,0.4856339018814841,nan,nan,nan,10,85305,32796800,32796800,5336,12200409600,12200409600,1297833,False
373,1.7241844179742165,0.49900195535277825,nan,nan,nan,10,49096,32796800,32796800,3073,12233206400,12233206400,1300906,False
374,1.7437184881884007,0.4918188098292707,nan,nan,nan,10,50665,32796800,32796800,3171,12266003200,12266003200,1304077,False
375,1.7774452716144844,0.48338381842925504,nan,nan,nan,10,45558,32796800,32796800,2850,12298800000,12298800000,1306927,False
376,1.7271546591342448,0.49848470348039686,nan,nan,nan,10,31347,32796800,32796800,1964,12331596800,12331596800,1308891,False
377,1.7109652811823741,0.4982164395514153,nan,nan,nan,10,38967,32796800,32796800,2440,12364393600,12364393600,1311331,False
378,1.7440253910075012,0.49210567453493825,nan,nan,nan,10,63970,32796800,32796800,4002,12397190400,12397190400,1315333,False
379,1.7299120660224332,0.4929020851749779,nan,nan,nan,10,57693,32796800,32796800,3610,12429987200,12429987200,1318943,False
380,1.7510451828939582,0.49229401304090104,1.7360284031196707,0.495860182826315,5.674760745637307,10,60732,32796800,32796800,3799,12462784000,12462784000,1322742,False
381,1.7272024926599938,0.4954862775065083,nan,nan,nan,10,77209,32796800,32796800,4831,12495580800,12495580800,1327573,False
382,1.7341270742059391,0.4949019607843137,nan,nan,nan,10,42075,32796800,32796800,2634,12528377600,12528377600,1330207,False
383,1.7077541782840229,0.5005745099600687,nan,nan,nan,10,87901,32796800,32796800,5498,12561174400,12561174400,1335705,False
384,1.7572627177304536,0.4851727152060604,nan,nan,nan,10,61778,32796800,32796800,3867,12593971200,12593971200,1339572,False
385,1.7319882216873221,0.4964852486952817,nan,nan,nan,10,56334,32796800,32796800,3526,12626768000,12626768000,1343098,False
386,1.7307421918715045,0.4953334347303071,nan,nan,nan,10,72323,32796800,32796800,4525,12659564800,12659564800,1347623,False
387,1.742894477674066,0.4925204460966543,nan,nan,nan,10,67250,32796800,32796800,4206,12692361600,12692361600,1351829,False
388,1.7459238464666194,0.49229808492922567,nan,nan,nan,10,57648,32796800,32796800,3609,12725158400,12725158400,1355438,False
389,1.753177807988523,0.48922602329757353,nan,nan,nan,10,43438,32796800,32796800,2719,12757955200,12757955200,1358157,False
390,1.704878778324475,0.49660359049005337,1.723154203762773,0.49683425745541737,5.602171014443304,10,53586,32796800,32796800,3354,12790752000,12790752000,1361511,False
391,1.7435365374693081,0.49088138583687546,nan,nan,nan,10,62345,32796800,32796800,3902,12823548800,12823548800,1365413,False
392,1.7336603874927181,0.49426008584915077,nan,nan,nan,10,70123,32796800,32796800,4389,12856345600,12856345600,1369802,False
393,1.6960993256189127,0.5017524541071884,nan,nan,nan,10,74467,32796800,32796800,4659,12889142400,12889142400,1374461,False
394,1.722700635203813,0.4928564236247077,nan,nan,nan,10,89381,32796800,32796800,5592,12921939200,12921939200,1380053,False
395,1.7224791988903625,0.49380111924235903,nan,nan,nan,10,23230,32796800,32796800,1457,12954736000,12954736000,1381510,False
396,1.717170897237722,0.49428563285547356,nan,nan,nan,10,35087,32796800,32796800,2198,12987532800,12987532800,1383708,False
397,1.7194873271422682,0.49554966707433074,nan,nan,nan,10,58872,32796800,32796800,3684,13020329600,13020329600,1387392,False
398,1.6957567945270866,0.5004534642961036,nan,nan,nan,10,58439,32796800,32796800,3657,13053126400,13053126400,1391049,False
399,1.679247459731545,0.5068086509918485,nan,nan,nan,10,84892,32796800,32796800,5310,13085923200,13085923200,1396359,False
400,1.6921498881927906,0.5020675491910194,1.7185670888247062,0.4982017083770418,5.576532061466528,10,72066,32796800,32796800,4509,13118720000,13118720000,1400868,False
401,1.6484410480260068,0.5132285527177473,nan,nan,nan,10,76350,32796800,32796800,4775,13151516800,13151516800,1405643,False
402,1.7566043322096179,0.4869467595235377,nan,nan,nan,10,52554,32796800,32796800,3291,13184313600,13184313600,1408934,False
403,1.6887438361211764,0.5070087999376995,nan,nan,nan,10,51364,32796800,32796800,3215,13217110400,13217110400,1412149,False
404,1.7012038957540023,0.4998391718813966,nan,nan,nan,10,68396,32796800,32796800,4279,13249907200,13249907200,1416428,False
405,1.719746776518869,0.49308586658426357,nan,nan,nan,10,51778,32796800,32796800,3239,13282704000,13282704000,1419667,False
406,1.7055441860753233,0.4999137106010449,nan,nan,nan,10,63739,32796800,32796800,3988,13315500800,13315500800,1423655,False
407,1.7302866177322627,0.49509831915177127,nan,nan,nan,10,52533,32796800,32796800,3288,13348297600,13348297600,1426943,False
408,1.726984553053715,0.4973278727663404,nan,nan,nan,10,54451,32796800,32796800,3407,13381094400,13381094400,1430350,False
409,1.6801995985203355,0.5089316213555167,nan,nan,nan,10,49767,32796800,32796800,3115,13413891200,13413891200,1433465,False
410,1.7016067096673484,0.5023476191497116,1.702627646731916,0.5035029222238873,5.488349905774356,10,46643,32796800,32796800,2920,13446688000,13446688000,1436385,False
411,1.7260830091727464,0.4948710195157126,nan,nan,nan,10,42991,32796800,32796800,2691,13479484800,13479484800,1439076,False
412,1.6577619892399194,0.5114424189998855,nan,nan,nan,10,78611,32796800,32796800,4918,13512281600,13512281600,1443994,False
413,1.7048677877151492,0.5032112236944661,nan,nan,nan,10,64150,32796800,32796800,4014,13545078400,13545078400,1448008,False
414,1.719156135328042,0.5003019323671497,nan,nan,nan,10,66240,32796800,32796800,4145,13577875200,13577875200,1452153,False
415,1.6960825778425876,0.5033980656000726,nan,nan,nan,10,66067,32796800,32796800,4134,13610672000,13610672000,1456287,False
416,1.69024001525837,0.5048380583151604,nan,nan,nan,10,61905,32796800,32796800,3873,13643468800,13643468800,1460160,False
417,1.660112885420638,0.5105304060617836,nan,nan,nan,10,51470,32796800,32796800,3222,13676265600,13676265600,1463382,False
418,1.6648997586268128,0.5124036496252855,nan,nan,nan,10,74857,32796800,32796800,4683,13709062400,13709062400,1468065,False
419,1.6993536019125128,0.5010219673367333,nan,nan,nan,10,50393,32796800,32796800,3153,13741859200,13741859200,1471218,False
420,1.6710273283917105,0.5093887335197763,1.6951140746458635,0.5063314850891653,5.447267324862441,10,42551,32796800,32796800,2663,13774656000,13774656000,1473881,False
421,1.6736226688341793,0.5111808441466655,nan,nan,nan,10,35373,32796800,32796800,2216,13807452800,13807452800,1476097,False
422,1.6763841201955656,0.5088774990088917,nan,nan,nan,10,70628,32796800,32796800,4418,13840249600,13840249600,1480515,False
423,1.6962401004174597,0.5077001650035358,nan,nan,nan,10,25454,32796800,32796800,1595,13873046400,13873046400,1482110,False
424,1.7157518761966715,0.49940500981733804,nan,nan,nan,10,67228,32796800,32796800,4205,13905843200,13905843200,1486315,False
425,1.6845496449598534,0.5069456386739276,nan,nan,nan,10,52335,32796800,32796800,3275,13938640000,13938640000,1489590,False
426,1.690008219923425,0.5073735414550045,nan,nan,nan,10,64962,32796800,32796800,4065,13971436800,13971436800,1493655,False
427,1.6990082219844675,0.5008059347872527,nan,nan,nan,10,51493,32796800,32796800,3223,14004233600,14004233600,1496878,False
428,1.6860723025559363,0.5060785895367597,nan,nan,nan,10,69424,32796800,32796800,4344,14037030400,14037030400,1501222,False
429,1.6764266174878317,0.5064590080419199,nan,nan,nan,10,54962,32796800,32796800,3439,14069827200,14069827200,1504661,False
430,1.6674104775084513,0.513785046728972,1.6861632124659147,0.5073242919226735,5.398727148074358,10,47080,32796800,32796800,2949,14102624000,14102624000,1507610,False
431,1.6911320104488106,0.5088372093023256,nan,nan,nan,10,32250,32796800,32796800,2021,14135420800,14135420800,1509631,False
432,1.6464484175954537,0.5147892999984792,nan,nan,nan,10,65757,32796800,32796800,4114,14168217600,14168217600,1513745,False
433,1.6895908286187824,0.5072804387173461,nan,nan,nan,10,37017,32796800,32796800,2319,14201014400,14201014400,1516064,False
434,1.706609356289067,0.5036268770679562,nan,nan,nan,10,47148,32796800,32796800,2952,14233811200,14233811200,1519016,False
435,1.647550754968819,0.5159871922070893,nan,nan,nan,10,88696,32796800,32796800,5550,14266608000,14266608000,1524566,False
436,1.6741384211473533,0.5101444517399869,nan,nan,nan,10,30460,32796800,32796800,1908,14299404800,14299404800,1526474,False
437,1.719594822715043,0.4987650885309771,nan,nan,nan,10,57494,32796800,32796800,3600,14332201600,14332201600,1530074,False
438,1.6725281236533607,0.5091218170028566,nan,nan,nan,10,57061,32796800,32796800,3570,14364998400,14364998400,1533644,False
439,1.7203761636722272,0.49765321475892116,nan,nan,nan,10,44529,32796800,32796800,2788,14397795200,14397795200,1536432,False
440,1.6744048816947377,0.5124746908518933,1.6794755279115698,0.5091413157500375,5.362742624601563,10,59761,32796800,32796800,3739,14430592000,14430592000,1540171,False
441,1.6904542345906097,0.5075594811808706,nan,nan,nan,10,50268,32796800,32796800,3146,14463388800,14463388800,1543317,False
442,1.6843385654488217,0.5054103833314147,nan,nan,nan,10,17374,32796800,32796800,1091,14496185600,14496185600,1544408,False
443,1.6439810984574048,0.5169622939224114,nan,nan,nan,10,73516,32796800,32796800,4599,14528982400,14528982400,1549007,False
444,1.6982643098388472,0.5025773563891308,nan,nan,nan,10,70033,32796800,32796800,4383,14561779200,14561779200,1553390,False
445,1.7272591351153521,0.49911001704222685,nan,nan,nan,10,26405,32796800,32796800,1655,14594576000,14594576000,1555045,False
446,1.6761369181922274,0.5091887441559587,nan,nan,nan,10,68018,32796800,32796800,4257,14627372800,14627372800,1559302,False
447,1.701732555670953,0.5033299233804464,nan,nan,nan,10,47899,32796800,32796800,2998,14660169600,14660169600,1562300,False
448,1.704240749280295,0.49989740959220313,nan,nan,nan,10,38990,32796800,32796800,2444,14692966400,14692966400,1564744,False
449,1.6828415002527384,0.5068530085831124,nan,nan,nan,10,44506,32796800,32796800,2786,14725763200,14725763200,1567530,False
450,1.6526199363844887,0.5126059712495392,1.671421135702752,0.5106773565113143,5.3197224753367065,10,54260,32796800,32796800,3395,14758560000,14758560000,1570925,False
451,1.6883441345737444,0.5039249422011937,nan,nan,nan,10,37198,32796800,32796800,2329,14791356800,14791356800,1573254,False
452,1.6735668014816585,0.5089203366382292,nan,nan,nan,10,69392,32796800,32796800,4341,14824153600,14824153600,1577595,False
453,1.7029247580194047,0.5051270941652224,nan,nan,nan,10,27696,32796800,32796800,1738,14856950400,14856950400,1579333,False
454,1.6334352979214515,0.5207306744687403,nan,nan,nan,10,51952,32796800,32796800,3251,14889747200,14889747200,1582584,False
455,1.6917225463954373,0.5020977128163486,nan,nan,nan,10,29556,32796800,32796800,1851,14922544000,14922544000,1584435,False
456,1.6326612374807805,0.5194353381949555,nan,nan,nan,10,59788,32796800,32796800,3741,14955340800,14955340800,1588176,False
457,1.6676219159976906,0.5104005475538627,nan,nan,nan,10,67208,32796800,32796800,4205,14988137600,14988137600,1592381,False
458,1.6914981085924499,0.5027046463635795,nan,nan,nan,10,63964,32796800,32796800,4003,15020934400,15020934400,1596384,False
459,1.6228917382771095,0.5235522829714757,nan,nan,nan,10,58126,32796800,32796800,3639,15053731200,15053731200,1600023,False
460,1.642884175500712,0.5171004017685894,1.6698789477937854,0.5122321294769968,5.3115247864692545,10,99062,32796800,32796800,6198,15086528000,15086528000,1606221,False
461,1.6769004970215844,0.5100479462724802,nan,nan,nan,10,57773,32796800,32796800,3615,15119324800,15119324800,1609836,False
462,1.6715310650334565,0.5110070257611241,nan,nan,nan,10,34160,32796800,32796800,2141,15152121600,15152121600,1611977,False
463,1.6814476903733726,0.5070556937134926,nan,nan,nan,10,34582,32796800,32796800,2167,15184918400,15184918400,1614144,False
464,1.7027761776598165,0.5022627037392138,nan,nan,nan,10,52150,32796800,32796800,3264,15217715200,15217715200,1617408,False
465,1.6557992614896484,0.5144478112307395,nan,nan,nan,10,77555,32796800,32796800,4851,15250512000,15250512000,1622259,False
466,1.6475589472284344,0.5171405388958382,nan,nan,nan,10,59158,32796800,32796800,3703,15283308800,15283308800,1625962,False
467,1.619587332964011,0.521123465455038,nan,nan,nan,10,81213,32796800,32796800,5081,15316105600,15316105600,1631043,False
468,1.6937672660891905,0.5054675881375208,nan,nan,nan,10,34293,32796800,32796800,2150,15348902400,15348902400,1633193,False
469,1.6756283135013539,0.5075233834892232,nan,nan,nan,10,63934,32796800,32796800,3999,15381699200,15381699200,1637192,False
470,1.6689090981558676,0.5084078439341597,1.6606891910372048,0.5134684549677806,5.2629367636747615,10,39368,32796800,32796800,2465,15414496000,15414496000,1639657,False
471,1.684847205796888,0.5089069331667707,nan,nan,nan,10,40025,32796800,32796800,2508,15447292800,15447292800,1642165,False
472,1.6720420233828985,0.5096659242761693,nan,nan,nan,10,56125,32796800,32796800,3512,15480089600,15480089600,1645677,False
473,1.6511065384328276,0.5151952443515906,nan,nan,nan,10,46429,32796800,32796800,2907,15512886400,15512886400,1648584,False
474,1.634928432330474,0.5199131406272128,nan,nan,nan,10,63551,32796800,32796800,3977,15545683200,15545683200,1652561,False
475,1.614866123123651,0.5239693596245713,nan,nan,nan,10,95038,32796800,32796800,5946,15578480000,15578480000,1658507,False
476,1.6686539578943673,0.5107183345357106,nan,nan,nan,10,38812,32796800,32796800,2430,15611276800,15611276800,1660937,False
477,1.6491124930128336,0.5150681235667072,nan,nan,nan,10,37065,32796800,32796800,2323,15644073600,15644073600,1663260,False
478,1.641443285642873,0.5179157369733561,nan,nan,nan,10,53333,32796800,32796800,3337,15676870400,15676870400,1666597,False
479,1.6719530704126784,0.5130124209472678,nan,nan,nan,10,43958,32796800,32796800,2751,15709667200,15709667200,1669348,False
480,1.6326270515714938,0.5203995460903069,1.6548649362943957,0.5177019331634947,5.232373170741364,10,75786,32796800,32796800,4742,15742464000,15742464000,1674090,False
481,1.6779749773130561,0.5115268018706084,nan,nan,nan,10,42553,32796800,32796800,2663,15775260800,15775260800,1676753,False
482,1.6584357295968781,0.5118231183609891,nan,nan,nan,10,46223,32796800,32796800,2892,15808057600,15808057600,1679645,False
483,1.6471140192892697,0.5164352814032754,nan,nan,nan,10,60145,32796800,32796800,3764,15840854400,15840854400,1683409,False
484,1.6657657869971827,0.5132449458341021,nan,nan,nan,10,37939,32796800,32796800,2375,15873651200,15873651200,1685784,False
485,1.6039397817986654,0.5273732061681077,nan,nan,nan,10,56095,32796800,32796800,3511,15906448000,15906448000,1689295,False
486,1.5977904663278728,0.5276862620569206,nan,nan,nan,10,75579,32796800,32796800,4729,15939244800,15939244800,1694024,False
487,1.6531757425319553,0.5142584727398803,nan,nan,nan,10,34611,32796800,32796800,2168,15972041600,15972041600,1696192,False
488,1.6443880412001204,0.5155137944822071,nan,nan,nan,10,75030,32796800,32796800,4694,16004838400,16004838400,1700886,False
489,1.6499231735459519,0.5142260385240195,nan,nan,nan,10,64635,32796800,32796800,4044,16037635200,16037635200,1704930,False
490,1.6415648172975148,0.5202883346306135,1.6495741392457466,0.5184886857485389,5.20476285091836,10,59098,32796800,32796800,3698,16070432000,16070432000,1708628,False
491,1.6333382662989164,0.5174769516482058,nan,nan,nan,10,45231,32796800,32796800,2832,16103228800,16103228800,1711460,False
492,1.679556041132456,0.5059695347879786,nan,nan,nan,10,41293,32796800,32796800,2584,16136025600,16136025600,1714044,False
493,1.6432222244529793,0.5170987432675045,nan,nan,nan,10,69625,32796800,32796800,4356,16168822400,16168822400,1718400,False
494,1.617900522614859,0.5254788579689194,nan,nan,nan,10,52573,32796800,32796800,3291,16201619200,16201619200,1721691,False
495,1.6557244373068414,0.514599714903205,nan,nan,nan,10,43494,32796800,32796800,2722,16234416000,16234416000,1724413,False
496,1.6261665793038715,0.5215135463702675,nan,nan,nan,10,46064,32796800,32796800,2884,16267212800,16267212800,1727297,False
497,1.670422115570304,0.5088492788310134,nan,nan,nan,10,63508,32796800,32796800,3975,16300009600,16300009600,1731272,False
498,1.632527212590181,0.5233304457394865,nan,nan,nan,10,50792,32796800,32796800,3181,16332806400,16332806400,1734453,False
499,1.6609065398552516,0.5131124913733609,nan,nan,nan,10,75348,32796800,32796800,4715,16365603200,16365603200,1739168,False
500,1.62585001187327,0.5237225165966258,1.6443630341162982,0.5160160347669713,5.17771083120555,10,32838,32796800,32796800,2057,16398400000,16398400000,1741225,False
501,1.622898753781122,0.5200791424782032,nan,nan,nan,10,45993,32796800,32796800,2879,16431196800,16431196800,1744104,False
502,1.647247238166935,0.5155552775345094,nan,nan,nan,10,47958,32796800,32796800,3003,16463993600,16463993600,1747107,False
503,1.6346599466055756,0.5187215138752669,nan,nan,nan,10,51999,32796800,32796800,3254,16496790400,16496790400,1750361,False
504,1.5908887400265412,0.5324467187763594,nan,nan,nan,10,35566,32796800,32796800,2227,16529587200,16529587200,1752588,False
505,1.6370874054719833,0.5222853820812609,nan,nan,nan,10,61924,32796800,32796800,3875,16562384000,16562384000,1756463,False
506,1.5922033061069638,0.5325637457617153,nan,nan,nan,10,51023,32796800,32796800,3194,16595180800,16595180800,1759657,False
507,1.624821764543411,0.520759367929214,nan,nan,nan,10,54361,32796800,32796800,3402,16627977600,16627977600,1763059,False
508,1.6439476659430718,0.5166353803521945,nan,nan,nan,10,55935,32796800,32796800,3501,16660774400,16660774400,1766560,False
509,1.6097389062901273,0.5265973402659734,nan,nan,nan,10,60006,32796800,32796800,3754,16693571200,16693571200,1770314,False
510,1.666917687770614,0.508379040063768,1.6379528888676382,0.5180953094560168,5.144627101761536,10,52691,32796800,32796800,3298,16726368000,16726368000,1773612,False
511,1.5660493532803508,0.5356136726453188,nan,nan,nan,10,85192,32796800,32796800,5329,16759164800,16759164800,1778941,False
512,1.6319748938619603,0.519691565780881,nan,nan,nan,10,39814,32796800,32796800,2493,16791961600,16791961600,1781434,False
513,1.593259458118042,0.5296435650615423,nan,nan,nan,10,84251,32796800,32796800,5270,16824758400,16824758400,1786704,False
514,1.6465106980266682,0.5147617916122134,nan,nan,nan,10,33668,32796800,32796800,2110,16857555200,16857555200,1788814,False
515,1.6298695296753918,0.518337734785318,nan,nan,nan,10,67402,32796800,32796800,4217,16890352000,16890352000,1793031,False
516,1.6597248120127674,0.5109612772162468,nan,nan,nan,10,80237,32796800,32796800,5020,16923148800,16923148800,1798051,False
517,1.6142931164334229,0.5280721254785723,nan,nan,nan,10,40485,32796800,32796800,2534,16955945600,16955945600,1800585,False
518,1.6325570697752896,0.5184792568769427,nan,nan,nan,10,55657,32796800,32796800,3482,16988742400,16988742400,1804067,False
519,1.6463426753146864,0.5136493844023295,nan,nan,nan,10,52713,32796800,32796800,3299,17021539200,17021539200,1807366,False
520,1.604547556608272,0.5258637453814741,1.6296165908417315,0.5215794994754983,5.101918221320426,10,61708,32796800,32796800,3861,17054336000,17054336000,1811227,False
521,1.6241902022604973,0.5216472382612485,nan,nan,nan,10,45895,32796800,32796800,2874,17087132800,17087132800,1814101,False
522,1.6480745534160717,0.5115652701522797,nan,nan,nan,10,67573,32796800,32796800,4229,17119929600,17119929600,1818330,False
523,1.6447125497106625,0.5156128301352404,nan,nan,nan,10,42369,32796800,32796800,2653,17152726400,17152726400,1820983,False
524,1.6531349826856527,0.5149733930042527,nan,nan,nan,10,44913,32796800,32796800,2812,17185523200,17185523200,1823795,False
525,1.6375244097147876,0.5176025528848628,nan,nan,nan,10,38858,32796800,32796800,2433,17218320000,17218320000,1826228,False
526,1.6366767389022505,0.5207400860963024,nan,nan,nan,10,35077,32796800,32796800,2197,17251116800,17251116800,1828425,False
527,1.6200645928394328,0.5216038435494792,nan,nan,nan,10,62026,32796800,32796800,3881,17283913600,17283913600,1832306,False
528,1.612498055644405,0.5223228833995959,nan,nan,nan,10,46029,32796800,32796800,2881,17316710400,17316710400,1835187,False
529,1.570186273434566,0.5355697024011867,nan,nan,nan,10,64718,32796800,32796800,4048,17349507200,17349507200,1839235,False
530,1.6068852757645635,0.5248232542248153,1.6243761588693577,0.522216394425296,5.075251898504453,10,38049,32796800,32796800,2382,17382304000,17382304000,1841617,False
531,1.5539139197782499,0.537237224094417,nan,nan,nan,10,68547,32796800,32796800,4289,17415100800,17415100800,1845906,False
532,1.6083264390017344,0.5261386795582729,nan,nan,nan,10,42198,32796800,32796800,2642,17447897600,17447897600,1848548,False
533,1.6234139749666925,0.5218263923733065,nan,nan,nan,10,51818,32796800,32796800,3243,17480694400,17480694400,1851791,False
534,1.6166599297685866,0.524735160585169,nan,nan,nan,10,59470,32796800,32796800,3721,17513491200,17513491200,1855512,False
535,1.5875023133617143,0.5296369217223289,nan,nan,nan,10,81773,32796800,32796800,5115,17546288000,17546288000,1860627,False
536,1.5884065664935934,0.5339235564079732,nan,nan,nan,10,58396,32796800,32796800,3653,17579084800,17579084800,1864280,False
537,1.6121360695046174,0.5236458139101249,nan,nan,nan,10,85808,32796800,32796800,5367,17611881600,17611881600,1869647,False
538,1.6031280407437287,0.5249472944483485,nan,nan,nan,10,56920,32796800,32796800,3562,17644678400,17644678400,1873209,False
539,1.6087739107528878,0.525183006944879,nan,nan,nan,10,63932,32796800,32796800,4000,17677475200,17677475200,1877209,False
540,1.5931349100755428,0.5287244157533904,1.618058931697135,0.524333133523153,5.043291436343412,10,39966,32796800,32796800,2502,17710272000,17710272000,1879711,False
541,1.5926186625940972,0.529012563109076,nan,nan,nan,10,42585,32796800,32796800,2666,17743068800,17743068800,1882377,False
542,1.5892905955906178,0.5313272733604987,nan,nan,nan,10,57426,32796800,32796800,3594,17775865600,17775865600,1885971,False
543,1.609945887221702,0.5275011458810783,nan,nan,nan,10,47998,32796800,32796800,3004,17808662400,17808662400,1888975,False
544,1.6258119086019953,0.5248659292776939,nan,nan,nan,10,47736,32796800,32796800,2988,17841459200,17841459200,1891963,False
545,1.5888599911372392,0.5299972429004687,nan,nan,nan,10,36270,32796800,32796800,2271,17874256000,17874256000,1894234,False
546,1.5940869563168514,0.5280757282691518,nan,nan,nan,10,34122,32796800,32796800,2135,17907052800,17907052800,1896369,False
547,1.571998356808827,0.5336750706140809,nan,nan,nan,10,47795,32796800,32796800,2991,17939849600,17939849600,1899360,False
548,1.5913937116127619,0.5268124765829899,nan,nan,nan,10,42704,32796800,32796800,2674,17972646400,17972646400,1902034,False
549,1.6194370419511737,0.5210786922418381,nan,nan,nan,10,86438,32796800,32796800,5407,18005443200,18005443200,1907441,False
550,1.6074722068893348,0.5269360269360269,1.6133160321551356,0.5256069234227484,5.019428246788925,10,35046,32796800,32796800,2194,18038240000,18038240000,1909635,False
551,1.5780604957561908,0.5355241417293923,nan,nan,nan,10,38129,32796800,32796800,2387,18071036800,18071036800,1912022,False
552,1.573803651179399,0.5317870547178508,nan,nan,nan,10,60748,32796800,32796800,3801,18103833600,18103833600,1915823,False
553,1.6010763589814077,0.5275794374663401,nan,nan,nan,10,57561,32796800,32796800,3602,18136630400,18136630400,1919425,False
554,1.606743062445999,0.5270452308170561,nan,nan,nan,10,38602,32796800,32796800,2418,18169427200,18169427200,1921843,False
555,1.5776619677978534,0.5337302043349346,nan,nan,nan,10,43507,32796800,32796800,2723,18202224000,18202224000,1924566,False
556,1.6180689383632825,0.5212400367045107,nan,nan,nan,10,55579,32796800,32796800,3477,18235020800,18235020800,1928043,False
557,1.5931615986723082,0.5280437250160391,nan,nan,nan,10,81052,32796800,32796800,5071,18267817600,18267817600,1933114,False
558,1.597965507878831,0.5260099085365854,nan,nan,nan,10,41984,32796800,32796800,2630,18300614400,18300614400,1935744,False
559,1.604191591798851,0.5260133276273156,nan,nan,nan,10,65428,32796800,32796800,4094,18333411200,18333411200,1939838,False
560,1.5847884895947106,0.530870563967934,1.6098709385666232,0.5251198861081973,5.002165599509365,10,63993,32796800,32796800,4004,18366208000,18366208000,1943842,False
561,1.6150213434471856,0.5266016685879525,nan,nan,nan,10,51181,32796800,32796800,3204,18399004800,18399004800,1947046,False
562,1.608621422265814,0.5281658769691816,nan,nan,nan,10,24693,32796800,32796800,1548,18431801600,18431801600,1948594,False
563,1.5489736355914558,0.5379543559494765,nan,nan,nan,10,64762,32796800,32796800,4052,18464598400,18464598400,1952646,False
564,1.6210698218591968,0.5199884626478223,nan,nan,nan,10,34670,32796800,32796800,2173,18497395200,18497395200,1954819,False
565,1.6363255491350164,0.5196763804885712,nan,nan,nan,10,50924,32796800,32796800,3186,18530192000,18530192000,1958005,False
566,1.6375262623961875,0.5203889027387015,nan,nan,nan,10,28079,32796800,32796800,1760,18562988800,18562988800,1959765,False
567,1.6024130840932145,0.5273028565416382,nan,nan,nan,10,38018,32796800,32796800,2380,18595785600,18595785600,1962145,False
568,1.5685670823929232,0.5370445139800142,nan,nan,nan,10,59442,32796800,32796800,3720,18628582400,18628582400,1965865,False
569,1.5590095152529773,0.5358878245175621,nan,nan,nan,10,79233,32796800,32796800,4958,18661379200,18661379200,1970823,False
570,1.621355068834635,0.520739135308845,1.6101806460337251,0.5261876217593286,5.00371504747263,10,53522,32796800,32796800,3350,18694176000,18694176000,1974173,False
571,1.6072725729942876,0.525470164847922,nan,nan,nan,10,43070,32796800,32796800,2699,18726972800,18726972800,1976872,False
572,1.5979969477883302,0.5281990212678861,nan,nan,nan,10,53743,32796800,32796800,3363,18759769600,18759769600,1980235,False
573,1.5959702550676118,0.5267387521263908,nan,nan,nan,10,51143,32796800,32796800,3200,18792566400,18792566400,1983435,False
574,1.5814628299554814,0.5327175020195989,nan,nan,nan,10,56942,32796800,32796800,3562,18825363200,18825363200,1986997,False
575,1.6131337481636445,0.5261639884631232,nan,nan,nan,10,38832,32796800,32796800,2431,18858160000,18858160000,1989428,False
576,1.6160905855984478,0.5253280275328027,nan,nan,nan,10,37192,32796800,32796800,2330,18890956800,18890956800,1991758,False
577,1.564124547009848,0.5353708975667401,nan,nan,nan,10,93085,32796800,32796800,5823,18923753600,18923753600,1997581,False
578,1.5733419515050429,0.53356882025824,nan,nan,nan,10,41899,32796800,32796800,2624,18956550400,18956550400,2000205,False
579,1.603045049939684,0.5286568119963712,nan,nan,nan,10,37478,32796800,32796800,2345,18989347200,18989347200,2002550,False
580,1.642304307257902,0.5180853491556366,1.601810593056961,0.5286040761276787,4.962008474048075,10,35056,32796800,32796800,2198,19022144000,19022144000,2004748,False
581,1.5960363167281761,0.5266820027832212,nan,nan,nan,10,70422,32796800,32796800,4405,19054940800,19054940800,2009153,False
582,1.574138985012069,0.5340685309176841,nan,nan,nan,10,68553,32796800,32796800,4289,19087737600,19087737600,2013442,False
583,1.5599340580645942,0.5373945512377265,nan,nan,nan,10,72310,32796800,32796800,4524,19120534400,19120534400,2017966,False
584,1.6089288862609588,0.5273333020505842,nan,nan,nan,10,42622,32796800,32796800,2668,19153331200,19153331200,2020634,False
585,1.5724948693950467,0.5336797661578434,nan,nan,nan,10,46185,32796800,32796800,2891,19186128000,19186128000,2023525,False
586,1.6306453795078857,0.523585021485574,nan,nan,nan,10,40725,32796800,32796800,2551,19218924800,19218924800,2026076,False
587,1.5914981408208841,0.5281268203378547,nan,nan,nan,10,48068,32796800,32796800,3009,19251721600,19251721600,2029085,False
588,1.541623336180095,0.5413860360223083,nan,nan,nan,10,65626,32796800,32796800,4106,19284518400,19284518400,2033191,False
589,1.594252719446817,0.528645244631035,nan,nan,nan,10,61930,32796800,32796800,3876,19317315200,19317315200,2037067,False
590,1.5705144429287674,0.5348556287261816,1.5960190910351932,0.5293158998950996,4.933354048114109,10,51326,32796800,32796800,3212,19350112000,19350112000,2040279,False
591,1.5965191998541677,0.5284039675383229,nan,nan,nan,10,35488,32796800,32796800,2222,19382908800,19382908800,2042501,False
592,1.5322427255370088,0.5459269307704688,nan,nan,nan,10,43493,32796800,32796800,2722,19415705600,19415705600,2045223,False
593,1.6083165508355752,0.5223515988414617,nan,nan,nan,10,68362,32796800,32796800,4278,19448502400,19448502400,2049501,False
594,1.521874857099031,0.5447412432204317,nan,nan,nan,10,63979,32796800,32796800,4003,19481299200,19481299200,2053504,False
595,1.558800630880736,0.5354422710749523,nan,nan,nan,10,69324,32796800,32796800,4338,19514096000,19514096000,2057842,False
596,1.6002961456631237,0.5322624770391214,nan,nan,nan,10,25587,32796800,32796800,1604,19546892800,19546892800,2059446,False
597,1.592061399306573,0.5269246869886213,nan,nan,nan,10,52554,32796800,32796800,3289,19579689600,19579689600,2062735,False
598,1.6013438353137308,0.5289049471928849,nan,nan,nan,10,46774,32796800,32796800,2930,19612486400,19612486400,2065665,False
599,1.565895281363286,0.5355192896142077,nan,nan,nan,10,66668,32796800,32796800,4172,19645283200,19645283200,2069837,False
600,1.6127087758410725,0.5236359526433274,1.5934811514856289,0.529990259253709,4.920849368535854,10,35391,32796800,32796800,2215,19678080000,19678080000,2072052,False
601,1.5373776622236301,0.5453710128077709,nan,nan,nan,10,53327,32796800,32796800,3338,19710876800,19710876800,2075390,False
602,1.5358364797651862,0.5446769818764641,nan,nan,nan,10,64888,32796800,32796800,4060,19743673600,19743673600,2079450,False
603,1.5610010280417206,0.5367108367480886,nan,nan,nan,10,56373,32796800,32796800,3528,19776470400,19776470400,2082978,False
604,1.5573581154147185,0.5364974068266796,nan,nan,nan,10,82910,32796800,32796800,5187,19809267200,19809267200,2088165,False
605,1.5655869574386772,0.5356697204654288,nan,nan,nan,10,93763,32796800,32796800,5865,19842064000,19842064000,2094030,False
606,1.5531689183355015,0.5371145793681005,nan,nan,nan,10,60421,32796800,32796800,3781,19874860800,19874860800,2097811,False
607,1.6232586549194983,0.5254476908576814,nan,nan,nan,10,29708,32796800,32796800,1861,19907657600,19907657600,2099672,False
608,1.5677604459841536,0.5350340817963112,nan,nan,nan,10,39904,32796800,32796800,2498,19940454400,19940454400,2102170,False
609,1.5636584842441272,0.5371745735448895,nan,nan,nan,10,100714,32796800,32796800,6300,19973251200,19973251200,2108470,False
610,1.5877424063519956,0.5300731341968455,1.5881647967013144,0.5296905439832159,4.894757804910594,10,56745,32796800,32796800,3550,20006048000,20006048000,2112020,False
611,1.5468058013738915,0.5418067276274653,nan,nan,nan,10,42541,32796800,32796800,2663,20038844800,20038844800,2114683,False
612,1.5698568761800245,0.5342467558131876,nan,nan,nan,10,75905,32796800,32796800,4750,20071641600,20071641600,2119433,False
613,1.5791418294322703,0.5320913016656384,nan,nan,nan,10,40525,32796800,32796800,2538,20104438400,20104438400,2121971,False
614,1.5559830478061982,0.5406371270088356,nan,nan,nan,10,45611,32796800,32796800,2856,20137235200,20137235200,2124827,False
615,1.5597682177404988,0.5365464131790239,nan,nan,nan,10,45709,32796800,32796800,2862,20170032000,20170032000,2127689,False
616,1.5669529524943602,0.5398004495367579,nan,nan,nan,10,36482,32796800,32796800,2286,20202828800,20202828800,2129975,False
617,1.5791219940945385,0.5330638969768082,nan,nan,nan,10,69033,32796800,32796800,4319,20235625600,20235625600,2134294,False
618,1.5853018409402004,0.5320217235372476,nan,nan,nan,10,39036,32796800,32796800,2444,20268422400,20268422400,2136738,False
619,1.556118710183849,0.5380821078431373,nan,nan,nan,10,65280,32796800,32796800,4085,20301219200,20301219200,2140823,False
620,1.5307466468592623,0.5446141757759239,1.5889131672893635,0.530083920275738,4.898422268704849,10,43271,32796800,32796800,2709,20334016000,20334016000,2143532,False
621,1.5447319541148377,0.540744903693864,nan,nan,nan,10,58719,32796800,32796800,3676,20366812800,20366812800,2147208,False
622,1.5761033074991402,0.5322500249227395,nan,nan,nan,10,40124,32796800,32796800,2513,20399609600,20399609600,2149721,False
623,1.5862681038308555,0.5307058581893699,nan,nan,nan,10,43819,32796800,32796800,2743,20432406400,20432406400,2152464,False
624,1.565717990455623,0.5366511338925132,nan,nan,nan,10,80475,32796800,32796800,5035,20465203200,20465203200,2157499,False
625,1.5856525915713289,0.5280583175936188,nan,nan,nan,10,64063,32796800,32796800,4009,20498000000,20498000000,2161508,False
626,1.5848750218154721,0.5325251601097896,nan,nan,nan,10,43720,32796800,32796800,2736,20530796800,20530796800,2164244,False
627,1.567153716974219,0.5364659813999021,nan,nan,nan,10,67419,32796800,32796800,4218,20563593600,20563593600,2168462,False
628,1.5546786653209492,0.5398442180946674,nan,nan,nan,10,35049,32796800,32796800,2195,20596390400,20596390400,2170657,False
629,1.5587366779816156,0.5386510003432056,nan,nan,nan,10,49533,32796800,32796800,3101,20629187200,20629187200,2173758,False
630,1.5733446392029136,0.5385348087967502,1.5802908574161048,0.532612767870523,4.856368116519769,10,35695,32796800,32796800,2236,20661984000,20661984000,2175994,False
631,1.5229702676151806,0.5486710862425496,nan,nan,nan,10,65768,32796800,32796800,4115,20694780800,20694780800,2180109,False
632,1.5027535083213013,0.5549712134632419,nan,nan,nan,10,54192,32796800,32796800,3392,20727577600,20727577600,2183501,False
633,1.5697051531223678,0.5331350821524098,nan,nan,nan,10,60193,32796800,32796800,3767,20760374400,20760374400,2187268,False
634,1.532274300465758,0.545444094074366,nan,nan,nan,10,60888,32796800,32796800,3810,20793171200,20793171200,2191078,False
635,1.5293851523412558,0.5453072281143051,nan,nan,nan,10,82691,32796800,32796800,5172,20825968000,20825968000,2196250,False
636,1.5315407059091808,0.5435171134715899,nan,nan,nan,10,59310,32796800,32796800,3712,20858764800,20858764800,2199962,False
637,1.5837831111247362,0.5307828861046078,nan,nan,nan,10,38869,32796800,32796800,2434,20891561600,20891561600,2202396,False
638,1.516487809388641,0.5486594170995862,nan,nan,nan,10,90856,32796800,32796800,5683,20924358400,20924358400,2208079,False
639,1.549034918086395,0.5407526430999954,nan,nan,nan,10,42942,32796800,32796800,2689,20957155200,20957155200,2210768,False
640,1.5521288582685167,0.5376800469589561,1.57900889495422,0.5332871272291323,4.850146423733673,10,44294,32796800,32796800,2772,20989952000,20989952000,2213540,False
641,1.5781027156870209,0.5311731315042574,nan,nan,nan,10,42280,32796800,32796800,2646,21022748800,21022748800,2216186,False
642,1.60981998829983,0.5266987386611139,nan,nan,nan,10,41781,32796800,32796800,2617,21055545600,21055545600,2218803,False
643,1.5737904884276637,0.5356494741675231,nan,nan,nan,10,45737,32796800,32796800,2864,21088342400,21088342400,2221667,False
644,1.5705121882758468,0.5358616668161837,nan,nan,nan,10,44588,32796800,32796800,2792,21121139200,21121139200,2224459,False
645,1.5435156709600364,0.5423481375031365,nan,nan,nan,10,43839,32796800,32796800,2743,21153936000,21153936000,2227202,False
646,1.5433544767566658,0.540508071033835,nan,nan,nan,10,45781,32796800,32796800,2866,21186732800,21186732800,2230068,False
647,1.6151563436023513,0.5266208728071295,nan,nan,nan,10,39161,32796800,32796800,2453,21219529600,21219529600,2232521,False
648,1.5693407805848538,0.5392200894339106,nan,nan,nan,10,51211,32796800,32796800,3206,21252326400,21252326400,2235727,False
649,1.5508157547232677,0.5372626100437407,nan,nan,nan,10,36122,32796800,32796800,2263,21285123200,21285123200,2237990,False
650,1.5322146658887237,0.5431756904466953,1.5763274738139412,0.5328000899145812,4.837158559328632,10,54892,32796800,32796800,3435,21317920000,21317920000,2241425,False
651,1.5202525579981447,0.5475250021010168,nan,nan,nan,10,47596,32796800,32796800,2979,21350716800,21350716800,2244404,False
652,1.5445919087210005,0.5416698765850577,nan,nan,nan,10,64903,32796800,32796800,4061,21383513600,21383513600,2248465,False
653,1.5203810059912537,0.5472980227938582,nan,nan,nan,10,65193,32796800,32796800,4080,21416310400,21416310400,2252545,False
654,1.5631590259269712,0.5375418785394807,nan,nan,nan,10,58801,32796800,32796800,3682,21449107200,21449107200,2256227,False
655,1.5425792986169475,0.542714701899799,nan,nan,nan,10,48742,32796800,32796800,3051,21481904000,21481904000,2259278,False
656,1.5589707494664198,0.5381449020650741,nan,nan,nan,10,43243,32796800,32796800,2707,21514700800,21514700800,2261985,False
657,1.5111739897724037,0.5504187203187967,nan,nan,nan,10,66751,32796800,32796800,4177,21547497600,21547497600,2266162,False
658,1.5688247300168519,0.537505376344086,nan,nan,nan,10,46500,32796800,32796800,2911,21580294400,21580294400,2269073,False
659,1.5720061174264972,0.5346969443980631,nan,nan,nan,10,59890,32796800,32796800,3747,21613091200,21613091200,2272820,False
660,1.5828687599680331,0.5326440407344666,1.569448612091085,0.5364154053649034,4.803998596623769,10,51357,32796800,32796800,3215,21645888000,21645888000,2276035,False
661,1.5515305958412051,0.537415610564965,nan,nan,nan,10,42215,32796800,32796800,2643,21678684800,21678684800,2278678,False
662,1.5558157796931253,0.5402118174556136,nan,nan,nan,10,38807,32796800,32796800,2431,21711481600,21711481600,2281109,False
663,1.506409595699268,0.550761205454597,nan,nan,nan,10,70546,32796800,32796800,4415,21744278400,21744278400,2285524,False
664,1.5662602653072586,0.5348362124578884,nan,nan,nan,10,55804,32796800,32796800,3492,21777075200,21777075200,2289016,False
665,1.5582448421469375,0.5375924164288456,nan,nan,nan,10,59919,32796800,32796800,3749,21809872000,21809872000,2292765,False
666,1.53690833592016,0.5436250521603885,nan,nan,nan,10,52722,32796800,32796800,3300,21842668800,21842668800,2296065,False
667,1.4891532208429226,0.5559477059203659,nan,nan,nan,10,80468,32796800,32796800,5034,21875465600,21875465600,2301099,False
668,1.5456418902619597,0.5402294672821333,nan,nan,nan,10,82539,32796800,32796800,5164,21908262400,21908262400,2306263,False
669,1.4934076435055466,0.5551406184223034,nan,nan,nan,10,73639,32796800,32796800,4607,21941059200,21941059200,2310870,False
670,1.5532834146366017,0.5371582679049132,1.5702571122699567,0.5349168290124382,4.8078842008926514,10,45979,32796800,32796800,2878,21973856000,21973856000,2313748,False
671,1.5120877440433675,0.5484205357629985,nan,nan,nan,10,73316,32796800,32796800,4586,22006652800,22006652800,2318334,False
672,1.513650150034763,0.5527333333333333,nan,nan,nan,10,60000,32796800,32796800,3756,22039449600,22039449600,2322090,False
673,1.5399797957324837,0.5430150517403575,nan,nan,nan,10,42520,32796800,32796800,2663,22072246400,22072246400,2324753,False
674,1.5472205808738002,0.540379108620417,nan,nan,nan,10,56923,32796800,32796800,3561,22105043200,22105043200,2328314,False
675,1.4848846318601625,0.5590237878813864,nan,nan,nan,10,58307,32796800,32796800,3649,22137840000,22137840000,2331963,False
676,1.539648282666836,0.5436552137777397,nan,nan,nan,10,46684,32796800,32796800,2923,22170636800,22170636800,2334886,False
677,1.5400871300855876,0.5432254802831142,nan,nan,nan,10,51428,32796800,32796800,3219,22203433600,22203433600,2338105,False
678,1.5835662071218617,0.5325388456717665,nan,nan,nan,10,50263,32796800,32796800,3147,22236230400,22236230400,2341252,False
679,1.5044807512743077,0.5536368393511251,nan,nan,nan,10,34398,32796800,32796800,2155,22269027200,22269027200,2343407,False
680,1.521658049047588,0.5476141102739568,1.565934441122858,0.5356286527798592,4.787146152751733,10,43401,32796800,32796800,2716,22301824000,22301824000,2346123,False
681,1.517309455154631,0.5486788721334361,nan,nan,nan,10,68767,32796800,32796800,4303,22334620800,22334620800,2350426,False
682,1.536031072639938,0.5447370096115084,nan,nan,nan,10,47131,32796800,32796800,2950,22367417600,22367417600,2353376,False
683,1.516127629819156,0.5525086406623875,nan,nan,nan,10,52658,32796800,32796800,3296,22400214400,22400214400,2356672,False
684,1.5372727113802567,0.5449491393751063,nan,nan,nan,10,41191,32796800,32796800,2578,22433011200,22433011200,2359250,False
685,1.5654244561398787,0.536276455026455,nan,nan,nan,10,60480,32796800,32796800,3783,22465808000,22465808000,2363033,False
686,1.5141653376644877,0.5473065823828501,nan,nan,nan,10,58216,32796800,32796800,3643,22498604800,22498604800,2366676,False
687,1.5369361498774088,0.5405000796305144,nan,nan,nan,10,62790,32796800,32796800,3930,22531401600,22531401600,2370606,False
688,1.547215476810094,0.5395382183767577,nan,nan,nan,10,61371,32796800,32796800,3840,22564198400,22564198400,2374446,False
689,1.554819732615042,0.5389267461669506,nan,nan,nan,10,35220,32796800,32796800,2205,22596995200,22596995200,2376651,False
690,1.5181236215729297,0.5480890963760089,1.5641193266628064,0.5354225985313952,4.778464815741153,10,50552,32796800,32796800,3165,22629792000,22629792000,2379816,False
691,1.5508135376118222,0.5382988721804511,nan,nan,nan,10,46816,32796800,32796800,2931,22662588800,22662588800,2382747,False
692,1.519120223687723,0.5459710461622508,nan,nan,nan,10,36610,32796800,32796800,2293,22695385600,22695385600,2385040,False
693,1.5335092710710692,0.5435695174831626,nan,nan,nan,10,43356,32796800,32796800,2715,22728182400,22728182400,2387755,False
694,1.5541766594798332,0.540106479983528,nan,nan,nan,10,67994,32796800,32796800,4254,22760979200,22760979200,2392009,False
695,1.5604584292355868,0.5398901685607506,nan,nan,nan,10,26222,32796800,32796800,1644,22793776000,22793776000,2393653,False
696,1.5524391509312867,0.5380173243503369,nan,nan,nan,10,62340,32796800,32796800,3903,22826572800,22826572800,2397556,False
697,1.5407297078725728,0.5449266947307302,nan,nan,nan,10,62001,32796800,32796800,3879,22859369600,22859369600,2401435,False
698,1.5211145137963717,0.5467265881209765,nan,nan,nan,10,41165,32796800,32796800,2577,22892166400,22892166400,2404012,False
699,1.5533520406536323,0.5353113567146168,nan,nan,nan,10,52207,32796800,32796800,3269,22924963200,22924963200,2407281,False
700,1.5379817476670834,0.5401882578174857,1.5583791575402526,0.5391128427993406,4.751114193251141,10,62680,32796800,32796800,3921,22957760000,22957760000,2411202,False
701,1.485671176116478,0.5572941976868501,nan,nan,nan,10,72023,32796800,32796800,4506,22990556800,22990556800,2415708,False
702,1.5205888002666832,0.5476218119896281,nan,nan,nan,10,51678,32796800,32796800,3232,23023353600,23023353600,2418940,False
703,1.5271481162582987,0.5449272544635624,nan,nan,nan,10,61722,32796800,32796800,3864,23056150400,23056150400,2422804,False
704,1.490663155186615,0.5550158078139062,nan,nan,nan,10,86666,32796800,32796800,5422,23088947200,23088947200,2428226,False
705,1.50978819183018,0.5496948218153179,nan,nan,nan,10,50790,32796800,32796800,3179,23121744000,23121744000,2431405,False
706,1.557115005691016,0.5392,nan,nan,nan,10,41875,32796800,32796800,2623,23154540800,23154540800,2434028,False
707,1.4951235566099343,0.5540457072266831,nan,nan,nan,10,53427,32796800,32796800,3344,23187337600,23187337600,2437372,False
708,1.5757167156717762,0.5330201151178636,nan,nan,nan,10,49167,32796800,32796800,3079,23220134400,23220134400,2440451,False
709,1.5386247895988006,0.5468112885407251,nan,nan,nan,10,49785,32796800,32796800,3118,23252931200,23252931200,2443569,False
710,1.4959280946193358,0.5546400752997668,1.5621305990662153,0.5366214596133673,4.768971194135358,10,73307,32796800,32796800,4587,23285728000,23285728000,2448156,False
711,1.5122090330681068,0.5520717261241492,nan,nan,nan,10,58333,32796800,32796800,3650,23318524800,23318524800,2451806,False
712,1.5491089654796053,0.5414293112377007,nan,nan,nan,10,38620,32796800,32796800,2418,23351321600,23351321600,2454224,False
713,1.5416214617331059,0.5409696222927823,nan,nan,nan,10,42202,32796800,32796800,2642,23384118400,23384118400,2456866,False
714,1.5415860889032387,0.5420320068673739,nan,nan,nan,10,48927,32796800,32796800,3061,23416915200,23416915200,2459927,False
715,1.53246810116161,0.5393659303077919,nan,nan,nan,10,54095,32796800,32796800,3385,23449712000,23449712000,2463312,False
716,1.5201318950132203,0.5507020945643605,nan,nan,nan,10,46931,32796800,32796800,2937,23482508800,23482508800,2466249,False
717,1.535688917072918,0.5449124980641165,nan,nan,nan,10,38742,32796800,32796800,2427,23515305600,23515305600,2468676,False
718,1.5207547207393852,0.5473092776383356,nan,nan,nan,10,43427,32796800,32796800,2719,23548102400,23548102400,2471395,False
719,1.509006602176028,0.5497392624674856,nan,nan,nan,10,80349,32796800,32796800,5028,23580899200,23580899200,2476423,False
720,1.4992053718239424,0.5530165088613741,1.5614976354862249,0.5366214596133673,4.7659535641811255,10,65904,32796800,32796800,4123,23613696000,23613696000,2480546,False
721,1.46429118889113,0.5616543461260384,nan,nan,nan,10,67773,32796800,32796800,4240,23646492800,23646492800,2484786,False
722,1.5677597707720778,0.5377176015473888,nan,nan,nan,10,27401,32796800,32796800,1717,23679289600,23679289600,2486503,False
723,1.527084428421469,0.5488112912866591,nan,nan,nan,10,51863,32796800,32796800,3246,23712086400,23712086400,2489749,False
724,1.511833016941334,0.549827888412561,nan,nan,nan,10,47353,32796800,32796800,2963,23744883200,23744883200,2492712,False
725,1.575529338721471,0.5301093355761144,nan,nan,nan,10,47560,32796800,32796800,2978,23777680000,23777680000,2495690,False
726,1.4857051999710795,0.5563033665089465,nan,nan,nan,10,73548,32796800,32796800,4600,23810476800,23810476800,2500290,False
727,1.5065187486937845,0.5508868197627946,nan,nan,nan,10,46289,32796800,32796800,2898,23843273600,23843273600,2503188,False
728,1.4493335019948812,0.5663869995519896,nan,nan,nan,10,49106,32796800,32796800,3074,23876070400,23876070400,2506262,False
729,1.5299967063579911,0.5432053625837904,nan,nan,nan,10,73845,32796800,32796800,4619,23908867200,23908867200,2510881,False
730,1.526249992601478,0.5466507423346992,1.5526744509036263,0.5387569309156302,4.724087643146643,10,48563,32796800,32796800,3040,23941664000,23941664000,2513921,False
731,1.500933051943409,0.552588949392041,nan,nan,nan,10,51237,32796800,32796800,3205,23974460800,23974460800,2517126,False
732,1.4948107864082005,0.5536576413789209,nan,nan,nan,10,35419,32796800,32796800,2218,24007257600,24007257600,2519344,False
733,1.5173944748326536,0.5486178467507274,nan,nan,nan,10,41240,32796800,32796800,2582,24040054400,24040054400,2521926,False
734,1.4988818054753825,0.5510783023007962,nan,nan,nan,10,63804,32796800,32796800,3993,24072851200,24072851200,2525919,False
735,1.5282755200018487,0.5465573540254907,nan,nan,nan,10,56962,32796800,32796800,3565,24105648000,24105648000,2529484,False
736,1.474550115968791,0.5614720644679484,nan,nan,nan,10,57579,32796800,32796800,3604,24138444800,24138444800,2533088,False
737,1.5313669063894726,0.5452191426105304,nan,nan,nan,10,52135,32796800,32796800,3264,24171241600,24171241600,2536352,False
738,1.4735319929699988,0.5576888818511114,nan,nan,nan,10,50521,32796800,32796800,3163,24204038400,24204038400,2539515,False
739,1.5018431537101427,0.5537282601452655,nan,nan,nan,10,75035,32796800,32796800,4695,24236835200,24236835200,2544210,False
740,1.486824820826709,0.5561038681176598,1.5564542741909853,0.5380076427393976,4.741977648862208,10,46405,32796800,32796800,2906,24269632000,24269632000,2547116,False
741,1.4857850493500218,0.5593184238551651,nan,nan,nan,10,75120,32796800,32796800,4699,24302428800,24302428800,2551815,False
742,1.5181415752743908,0.5494447472407685,nan,nan,nan,10,58712,32796800,32796800,3673,24335225600,24335225600,2555488,False
743,1.4946714099700407,0.5538770663987579,nan,nan,nan,10,54745,32796800,32796800,3427,24368022400,24368022400,2558915,False
744,1.5768634897739253,0.534498350238299,nan,nan,nan,10,40915,32796800,32796800,2562,24400819200,24400819200,2561477,False
745,1.514756600450145,0.5516696992400728,nan,nan,nan,10,37372,32796800,32796800,2341,24433616000,24433616000,2563818,False
746,1.5145675764747624,0.5489429452427498,nan,nan,nan,10,49619,32796800,32796800,3106,24466412800,24466412800,2566924,False
747,1.488063306470878,0.5590378609391267,nan,nan,nan,10,73004,32796800,32796800,4567,24499209600,24499209600,2571491,False
748,1.5329545071227513,0.5463577918282769,nan,nan,nan,10,37642,32796800,32796800,2358,24532006400,24532006400,2573849,False
749,1.5338358358121753,0.5448789496113806,nan,nan,nan,10,49277,32796800,32796800,3085,24564803200,24564803200,2576934,False
750,1.5280576746293935,0.5456966413370371,1.549298495773288,0.5393938258654278,4.708166225349103,10,43559,32796800,32796800,2727,24597600000,24597600000,2579661,False
751,1.4536846722158845,0.565406573059713,nan,nan,nan,10,97215,32796800,32796800,6080,24630396800,24630396800,2585741,False
752,1.4796688419051152,0.5589814304100018,nan,nan,nan,10,54390,32796800,32796800,3402,24663193600,24663193600,2589143,False
753,1.515128434642332,0.5479336932999979,nan,nan,nan,10,47597,32796800,32796800,2980,24695990400,24695990400,2592123,False
754,1.4945286637098874,0.552129756954224,nan,nan,nan,10,60359,32796800,32796800,3778,24728787200,24728787200,2595901,False
755,1.5012060687543227,0.5541167631590578,nan,nan,nan,10,67881,32796800,32796800,4249,24761584000,24761584000,2600150,False
756,1.4432790732508205,0.5667621582221619,nan,nan,nan,10,58993,32796800,32796800,3691,24794380800,24794380800,2603841,False
757,1.5509208240938526,0.5407720376416363,nan,nan,nan,10,26035,32796800,32796800,1631,24827177600,24827177600,2605472,False
758,1.4709082327294556,0.558700009544717,nan,nan,nan,10,41908,32796800,32796800,2623,24859974400,24859974400,2608095,False
759,1.4984021260688718,0.553036386580037,nan,nan,nan,10,95887,32796800,32796800,5997,24892771200,24892771200,2614092,False
760,1.4962297708080659,0.552214713687724,1.548700271563142,0.5389255207552824,4.705350528620655,10,36551,32796800,32796800,2289,24925568000,24925568000,2616381,False
761,1.5368128365261828,0.5452145971999082,nan,nan,nan,10,34856,32796800,32796800,2184,24958364800,24958364800,2618565,False
762,1.4647424355447751,0.5619992295839753,nan,nan,nan,10,51920,32796800,32796800,3250,24991161600,24991161600,2621815,False
763,1.4945406701949673,0.5554323474167779,nan,nan,nan,10,44189,32796800,32796800,2768,25023958400,25023958400,2624583,False
764,1.5003085259003481,0.5522648375790303,nan,nan,nan,10,59629,32796800,32796800,3732,25056755200,25056755200,2628315,False
765,1.505379380102065,0.5491422375401773,nan,nan,nan,10,51646,32796800,32796800,3233,25089552000,25089552000,2631548,False
766,1.4398357489764955,0.5697160586686725,nan,nan,nan,10,63816,32796800,32796800,3993,25122348800,25122348800,2635541,False
767,1.447523014271438,0.5658205210998236,nan,nan,nan,10,80522,32796800,32796800,5037,25155145600,25155145600,2640578,False
768,1.4959081564646661,0.5526526739411389,nan,nan,nan,10,61127,32796800,32796800,3826,25187942400,25187942400,2644404,False
769,1.4832262012728252,0.5600806064677094,nan,nan,nan,10,52105,32796800,32796800,3261,25220739200,25220739200,2647665,False
770,1.5628285877299093,0.5434245447057747,1.5444584691540584,0.5414543683500674,4.685433633044118,10,32781,32796800,32796800,2053,25253536000,25253536000,2649718,False
771,1.4748158992252323,0.5607847678284892,nan,nan,nan,10,60451,32796800,32796800,3784,25286332800,25286332800,2653502,False
772,1.4853267777191914,0.5564912165057183,nan,nan,nan,10,60682,32796800,32796800,3799,25319129600,25319129600,2657301,False
773,1.472168136620969,0.5622272186218754,nan,nan,nan,10,52927,32796800,32796800,3310,25351926400,25351926400,2660611,False
774,1.5210688992466708,0.5481278102741634,nan,nan,nan,10,50262,32796800,32796800,3146,25384723200,25384723200,2663757,False
775,1.457806222555911,0.5639812541843339,nan,nan,nan,10,67215,32796800,32796800,4206,25417520000,25417520000,2667963,False
776,1.5122517848268668,0.5476976788073221,nan,nan,nan,10,63588,32796800,32796800,3979,25450316800,25450316800,2671942,False
777,1.5252228611711467,0.5487451300172148,nan,nan,nan,10,44148,32796800,32796800,2763,25483113600,25483113600,2674705,False
778,1.5170646720365053,0.5487010362610537,nan,nan,nan,10,61857,32796800,32796800,3871,25515910400,25515910400,2678576,False
779,1.4932159779116563,0.5564358849341785,nan,nan,nan,10,41020,32796800,32796800,2568,25548707200,25548707200,2681144,False
780,1.5253152441055104,0.5503891050583658,1.5425969723656172,0.5407987411958639,4.676719826261658,10,25700,32796800,32796800,1612,25581504000,25581504000,2682756,False
781,1.5071005349064976,0.5552916120576671,nan,nan,nan,10,36624,32796800,32796800,2293,25614300800,25614300800,2685049,False
782,1.4800244559139566,0.5587688908972235,nan,nan,nan,10,39834,32796800,32796800,2494,25647097600,25647097600,2687543,False
783,1.4449065128307326,0.5667758662271887,nan,nan,nan,10,99512,32796800,32796800,6224,25679894400,25679894400,2693767,False
784,1.429621590063676,0.5719035499389463,nan,nan,nan,10,67973,32796800,32796800,4252,25712691200,25712691200,2698019,False
785,1.5233454135376445,0.5483667643023988,nan,nan,nan,10,26971,32796800,32796800,1690,25745488000,25745488000,2699709,False
786,1.4964437854474382,0.5517017908996872,nan,nan,nan,10,80239,32796800,32796800,5020,25778284800,25778284800,2704729,False
787,1.4461294295962512,0.5691014188124015,nan,nan,nan,10,81829,32796800,32796800,5120,25811081600,25811081600,2709849,False
788,1.4709903224532208,0.5601350947456513,nan,nan,nan,10,66916,32796800,32796800,4188,25843878400,25843878400,2714037,False
789,1.4722635603061849,0.5603886776510351,nan,nan,nan,10,59175,32796800,32796800,3702,25876675200,25876675200,2717739,False
790,1.4649534848168058,0.5614660114660115,1.5428026202342042,0.5404990259253709,4.677681682624373,10,73260,32796800,32796800,4584,25909472000,25909472000,2722323,False
791,1.5228576293766765,0.5490933379511664,nan,nan,nan,10,40423,32796800,32796800,2531,25942268800,25942268800,2724854,False
792,1.5139918560908328,0.547428389307199,nan,nan,nan,10,50202,32796800,32796800,3142,25975065600,25975065600,2727996,False
793,1.5096526455807322,0.553070144683636,nan,nan,nan,10,42783,32796800,32796800,2678,26007862400,26007862400,2730674,False
794,1.444144165713005,0.5684024246906406,nan,nan,nan,10,75721,32796800,32796800,4739,26040659200,26040659200,2735413,False
795,1.508979970657218,0.5498922514756863,nan,nan,nan,10,74711,32796800,32796800,4675,26073456000,26073456000,2740088,False
796,1.552116361389708,0.5378731301061398,nan,nan,nan,10,44187,32796800,32796800,2766,26106252800,26106252800,2742854,False
797,1.4863182989112722,0.5560457474060082,nan,nan,nan,10,77294,32796800,32796800,4836,26139049600,26139049600,2747690,False
798,1.4622645714035232,0.5633415949101873,nan,nan,nan,10,78274,32796800,32796800,4897,26171846400,26171846400,2752587,False
799,1.532381166728971,0.5454990386296102,nan,nan,nan,10,28605,32796800,32796800,1793,26204643200,26204643200,2754380,False
800,1.4934447229857402,0.5558441123249112,1.5395672863504795,0.5421474599130826,4.662572275746979,10,59684,32796800,32796800,3735,26237440000,26237440000,2758115,False
801,1.4917569234156516,0.557272102005185,nan,nan,nan,10,56703,32796800,32796800,3550,26270236800,26270236800,2761665,False
802,1.4899494597633098,0.556482046042549,nan,nan,nan,10,60683,32796800,32796800,3800,26303033600,26303033600,2765465,False
803,1.4747724556013775,0.5583117575388364,nan,nan,nan,10,52528,32796800,32796800,3289,26335830400,26335830400,2768754,False
804,1.4913746179913072,0.5568292857313092,nan,nan,nan,10,41959,32796800,32796800,2628,26368627200,26368627200,2771382,False
805,1.492823218344984,0.5542106807511737,nan,nan,nan,10,54528,32796800,32796800,3413,26401424000,26401424000,2774795,False
806,1.4762299295544838,0.5599820948970456,nan,nan,nan,10,44680,32796800,32796800,2797,26434220800,26434220800,2777592,False
807,1.4203357383677713,0.5759784433253821,nan,nan,nan,10,67914,32796800,32796800,4250,26467017600,26467017600,2781842,False
808,1.5113232055844061,0.5526509666438025,nan,nan,nan,10,39363,32796800,32796800,2465,26499814400,26499814400,2784307,False
809,1.4561289615224748,0.564032482305359,nan,nan,nan,10,63296,32796800,32796800,3961,26532611200,26532611200,2788268,False
810,1.495346965534036,0.5532840682580582,1.5384034761581467,0.5413232429192267,4.657149083005592,10,41138,32796800,32796800,2577,26565408000,26565408000,2790845,False
811,1.4889119264677566,0.5570831148568286,nan,nan,nan,10,78193,32796800,32796800,4892,26598204800,26598204800,2795737,False
812,1.4599812216988453,0.5632745024408562,nan,nan,nan,10,45271,32796800,32796800,2834,26631001600,26631001600,2798571,False
813,1.5090587193766551,0.5471559022163036,nan,nan,nan,10,42052,32796800,32796800,2634,26663798400,26663798400,2801205,False
814,1.5222649840642661,0.5494370689420167,nan,nan,nan,10,36683,32796800,32796800,2298,26696595200,26696595200,2803503,False
815,1.4205427141720546,0.5751052483861914,nan,nan,nan,10,71260,32796800,32796800,4459,26729392000,26729392000,2807962,False
816,1.481812084169023,0.5570727597145123,nan,nan,nan,10,40352,32796800,32796800,2528,26762188800,26762188800,2810490,False
817,1.480128966209788,0.5587146503490593,nan,nan,nan,10,59159,32796800,32796800,3702,26794985600,26794985600,2814192,False
818,1.4977683289282662,0.5519156675989126,nan,nan,nan,10,51131,32796800,32796800,3201,26827782400,26827782400,2817393,False
819,1.4422963749654003,0.5676130471364002,nan,nan,nan,10,51107,32796800,32796800,3200,26860579200,26860579200,2820593,False
820,1.475910751909841,0.5597822738009653,1.5331811756275233,0.5430278735201558,4.632891446342979,10,48685,32796800,32796800,3048,26893376000,26893376000,2823641,False
821,1.4828611808047576,0.557908234559174,nan,nan,nan,10,60829,32796800,32796800,3806,26926172800,26926172800,2827447,False
822,1.4597922334348854,0.5647758948719083,nan,nan,nan,10,45202,32796800,32796800,2829,26958969600,26958969600,2830276,False
823,1.4980476255462847,0.5525083003593032,nan,nan,nan,10,65961,32796800,32796800,4128,26991766400,26991766400,2834404,False
824,1.47332815650565,0.5593623028717031,nan,nan,nan,10,58084,32796800,32796800,3636,27024563200,27024563200,2838040,False
825,1.532533677514627,0.5471922484034354,nan,nan,nan,10,45410,32796800,32796800,2842,27057360000,27057360000,2840882,False
826,1.4948768519622428,0.5560607269149983,nan,nan,nan,10,37611,32796800,32796800,2356,27090156800,27090156800,2843238,False
827,1.4553344358053664,0.5626087883201307,nan,nan,nan,10,56302,32796800,32796800,3524,27122953600,27122953600,2846762,False
828,1.5251180053473155,0.5505187442579604,nan,nan,nan,10,44627,32796800,32796800,2794,27155750400,27155750400,2849556,False
829,1.4625314169878654,0.5651771273543069,nan,nan,nan,10,76668,32796800,32796800,4796,27188547200,27188547200,2854352,False
830,1.455532678813555,0.5651815336169894,1.5318682978718816,0.5422598531395174,4.626813017209062,10,53351,32796800,32796800,3339,27221344000,27221344000,2857691,False
831,1.4345122265239318,0.5712550242965985,nan,nan,nan,10,66676,32796800,32796800,4173,27254140800,27254140800,2861864,False
832,1.4795852358252761,0.5581882955431031,nan,nan,nan,10,53894,32796800,32796800,3374,27286937600,27286937600,2865238,False
833,1.4279742926842918,0.5705362939877938,nan,nan,nan,10,77010,32796800,32796800,4818,27319734400,27319734400,2870056,False
834,1.4746773950097531,0.5569797501077122,nan,nan,nan,10,37136,32796800,32796800,2325,27352531200,27352531200,2872381,False
835,1.5137188213591668,0.5508046746436839,nan,nan,nan,10,35853,32796800,32796800,2246,27385328000,27385328000,2874627,False
836,1.4477272652880786,0.5663322956301164,nan,nan,nan,10,86730,32796800,32796800,5427,27418124800,27418124800,2880054,False
837,1.5189390080138776,0.5495073833984695,nan,nan,nan,10,42731,32796800,32796800,2676,27450921600,27450921600,2882730,False
838,1.4823828780976993,0.5587472301788899,nan,nan,nan,10,37006,32796800,32796800,2318,27483718400,27483718400,2885048,False
839,1.4609274883754393,0.5622032288698955,nan,nan,nan,10,82134,32796800,32796800,5139,27516515200,27516515200,2890187,False
840,1.4473901470164294,0.5668852459016394,1.5290016792854162,0.5436460362655477,4.61356870128852,10,48800,32796800,32796800,3054,27549312000,27549312000,2893241,False
841,1.46722408630562,0.5609003108116565,nan,nan,nan,10,47939,32796800,32796800,3000,27582108800,27582108800,2896241,False
842,1.4982447017449458,0.5559445746669436,nan,nan,nan,10,33703,32796800,32796800,2111,27614905600,27614905600,2898352,False
843,1.441639997912774,0.5699495250586225,nan,nan,nan,10,50322,32796800,32796800,3150,27647702400,27647702400,2901502,False
844,1.4897240020508415,0.5551522832891654,nan,nan,nan,10,52074,32796800,32796800,3259,27680499200,27680499200,2904761,False
845,1.4509688125379778,0.5643008856650503,nan,nan,nan,10,24953,32796800,32796800,1564,27713296000,27713296000,2906325,False
846,1.4753593005212822,0.5570234442311471,nan,nan,nan,10,66157,32796800,32796800,4139,27746092800,27746092800,2910464,False
847,1.4612626322635542,0.564909322474752,nan,nan,nan,10,55747,32796800,32796800,3489,27778889600,27778889600,2913953,False
848,1.4979938040729808,0.5553192412865142,nan,nan,nan,10,46078,32796800,32796800,2886,27811686400,27811686400,2916839,False
849,1.4563068054265065,0.566040200817454,nan,nan,nan,10,53581,32796800,32796800,3354,27844483200,27844483200,2920193,False
850,1.4503211252131016,0.5617870877996891,1.5271258430110806,0.5454630600929118,4.604922513715968,10,61105,32796800,32796800,3824,27877280000,27877280000,2924017,False
851,1.46137937506742,0.5635236420838345,nan,nan,nan,10,54035,32796800,32796800,3382,27910076800,27910076800,2927399,False
852,1.4973199083259368,0.5572830220392041,nan,nan,nan,10,47597,32796800,32796800,2979,27942873600,27942873600,2930378,False
853,1.4896692393793396,0.5550417966881535,nan,nan,nan,10,43903,32796800,32796800,2748,27975670400,27975670400,2933126,False
854,1.5220883510103975,0.547954538416277,nan,nan,nan,10,32291,32796800,32796800,2022,28008467200,28008467200,2935148,False
855,1.4716328873914764,0.5590337549584612,nan,nan,nan,10,53444,32796800,32796800,3343,28041264000,28041264000,2938491,False
856,1.4335815204107667,0.5689738886491152,nan,nan,nan,10,74144,32796800,32796800,4639,28074060800,28074060800,2943130,False
857,1.4909982307788576,0.5562541121427005,nan,nan,nan,10,41037,32796800,32796800,2569,28106857600,28106857600,2945699,False
858,1.45845912873941,0.5661780141347701,nan,nan,nan,10,57164,32796800,32796800,3577,28139654400,28139654400,2949276,False
859,1.4971991361642518,0.5550676911818514,nan,nan,nan,10,38262,32796800,32796800,2397,28172451200,28172451200,2951673,False
860,1.4732997059109225,0.5576367460052281,1.5222824931805699,0.5457815075678106,4.582673187169403,10,50879,32796800,32796800,3184,28205248000,28205248000,2954857,False
861,1.413862876574762,0.5736411666787291,nan,nan,nan,10,69085,32796800,32796800,4322,28238044800,28238044800,2959179,False
862,1.4588836352769747,0.5644659760518133,nan,nan,nan,10,58209,32796800,32796800,3641,28270841600,28270841600,2962820,False
863,1.4852566515612247,0.5570306808062818,nan,nan,nan,10,37059,32796800,32796800,2320,28303638400,28303638400,2965140,False
864,1.4795097187431694,0.5559961954506618,nan,nan,nan,10,62031,32796800,32796800,3882,28336435200,28336435200,2969022,False
865,1.4219317129060016,0.5722144539299382,nan,nan,nan,10,54352,32796800,32796800,3402,28369232000,28369232000,2972424,False
866,1.4235680425706931,0.5722933856969894,nan,nan,nan,10,98287,32796800,32796800,6148,28402028800,28402028800,2978572,False
867,1.3769851303491578,0.5848949668171929,nan,nan,nan,10,54697,32796800,32796800,3423,28434825600,28434825600,2981995,False
868,1.4462990627317474,0.5634285984669253,nan,nan,nan,10,84536,32796800,32796800,5289,28467622400,28467622400,2987284,False
869,1.4413705907082446,0.5649117971334069,nan,nan,nan,10,50792,32796800,32796800,3179,28500419200,28500419200,2990463,False
870,1.4653895297233452,0.5616303092908793,1.5242406646833415,0.5450134871871722,4.591655638931348,10,65828,32796800,32796800,4118,28533216000,28533216000,2994581,False
871,1.410835445812955,0.5768237572627501,nan,nan,nan,10,83646,32796800,32796800,5233,28566012800,28566012800,2999814,False
872,1.4681194913656794,0.5642256632181576,nan,nan,nan,10,44367,32796800,32796800,2778,28598809600,28598809600,3002592,False
873,1.4372613551174966,0.5707828813502785,nan,nan,nan,10,59958,32796800,32796800,3753,28631606400,28631606400,3006345,False
874,1.4801180526564313,0.5594473666234032,nan,nan,nan,10,58556,32796800,32796800,3665,28664403200,28664403200,3010010,False
875,1.3931970398131157,0.5807477288609364,nan,nan,nan,10,57240,32796800,32796800,3581,28697200000,28697200000,3013591,False
876,1.4789354500879333,0.5586844711369517,nan,nan,nan,10,62606,32796800,32796800,3918,28729996800,28729996800,3017509,False
877,1.4584841081831321,0.5648157224073711,nan,nan,nan,10,40808,32796800,32796800,2555,28762793600,28762793600,3020064,False
878,1.4772487746877814,0.558621668343783,nan,nan,nan,10,77514,32796800,32796800,4850,28795590400,28795590400,3024914,False
879,1.4875439013280993,0.5566842170575618,nan,nan,nan,10,56409,32796800,32796800,3530,28828387200,28828387200,3028444,False
880,1.4484360842846105,0.5668438739043081,1.520628492102958,0.5477109246216094,4.57509970577925,10,56243,32796800,32796800,3520,28861184000,28861184000,3031964,False
881,1.4871092291628714,0.5560267350749525,nan,nan,nan,10,57303,32796800,32796800,3586,28893980800,28893980800,3035550,False
882,1.4480529850393253,0.5646669784220723,nan,nan,nan,10,59876,32796800,32796800,3747,28926777600,28926777600,3039297,False
883,1.4638695607458434,0.5625954089566718,nan,nan,nan,10,70093,32796800,32796800,4387,28959574400,28959574400,3043684,False
884,1.4119080634437966,0.5741496436772037,nan,nan,nan,10,84053,32796800,32796800,5259,28992371200,28992371200,3048943,False
885,1.4513522022891454,0.5648455488771269,nan,nan,nan,10,66882,32796800,32796800,4184,29025168000,29025168000,3053127,False
886,1.5099131061612465,0.5503214389713953,nan,nan,nan,10,44643,32796800,32796800,2796,29057964800,29057964800,3055923,False
887,1.4459686207657454,0.5663091615702106,nan,nan,nan,10,66386,32796800,32796800,4154,29090761600,29090761600,3060077,False
888,1.474226277919374,0.55927093800894,nan,nan,nan,10,28859,32796800,32796800,1808,29123558400,29123558400,3061885,False
889,1.4603897111736133,0.5626945673290733,nan,nan,nan,10,42723,32796800,32796800,2674,29156355200,29156355200,3064559,False
890,1.4316390032988553,0.5701021225189284,1.5194479102551017,0.5465120635396373,4.569701613186514,10,71189,32796800,32796800,4454,29189152000,29189152000,3069013,False
891,1.4355723270930487,0.5654745417515274,nan,nan,nan,10,61375,32796800,32796800,3841,29221948800,29221948800,3072854,False
892,1.4146917768054248,0.5742493143203163,nan,nan,nan,10,84223,32796800,32796800,5268,29254745600,29254745600,3078122,False
893,1.4791487725981194,0.5590905802344089,nan,nan,nan,10,55288,32796800,32796800,3461,29287542400,29287542400,3081583,False
894,1.5018623113874678,0.5544623857804482,nan,nan,nan,10,39945,32796800,32796800,2501,29320339200,29320339200,3084084,False
895,1.4677516254794143,0.5609876404019336,nan,nan,nan,10,70957,32796800,32796800,4440,29353136000,29353136000,3088524,False
896,1.4649234546311694,0.5600103299115501,nan,nan,nan,10,46467,32796800,32796800,2909,29385932800,29385932800,3091433,False
897,1.444006468262247,0.5639847771053028,nan,nan,nan,10,59647,32796800,32796800,3733,29418729600,29418729600,3095166,False
898,1.4617640211250864,0.5632877494911986,nan,nan,nan,10,56014,32796800,32796800,3506,29451526400,29451526400,3098672,False
899,1.48742016352381,0.5559337824279776,nan,nan,nan,10,27908,32796800,32796800,1749,29484323200,29484323200,3100421,False
900,1.4460092142546757,0.5642749139146898,1.5202563259709851,0.5463060092911733,4.573397325422165,10,78701,32796800,32796800,4923,29517120000,29517120000,3105344,False
901,1.421919116592492,0.5692660315071071,nan,nan,nan,10,58463,32796800,32796800,3659,29549916800,29549916800,3109003,False
902,1.503031220563328,0.5550166340204583,nan,nan,nan,10,32163,32796800,32796800,2016,29582713600,29582713600,3111019,False
903,1.437769779116539,0.5709781590965548,nan,nan,nan,10,52333,32796800,32796800,3274,29615510400,29615510400,3114293,False
904,1.451736791288567,0.5655137260613121,nan,nan,nan,10,68665,32796800,32796800,4296,29648307200,29648307200,3118589,False
905,1.4290449324139538,0.5748659370452326,nan,nan,nan,10,50163,32796800,32796800,3140,29681104000,29681104000,3121729,False
906,1.384833034629403,0.5833770021188854,nan,nan,nan,10,87782,32796800,32796800,5492,29713900800,29713900800,3127221,False
907,1.4475825030157752,0.5664856407864848,nan,nan,nan,10,66473,32796800,32796800,4158,29746697600,29746697600,3131379,False
908,1.4212604264512378,0.5728984134501539,nan,nan,nan,10,84460,32796800,32796800,5284,29779494400,29779494400,3136663,False
909,1.3979348557996587,0.5797883523722756,nan,nan,nan,10,71345,32796800,32796800,4464,29812291200,29812291200,3141127,False
910,1.4977809447834425,0.5527371969818591,1.523697949216835,0.5462498126779559,4.589164352490218,10,37374,32796800,32796800,2342,29845088000,29845088000,3143469,False
911,1.4525228556499292,0.565028687570131,nan,nan,nan,10,47233,32796800,32796800,2957,29877884800,29877884800,3146426,False
912,1.4736285539468201,0.5613760750586395,nan,nan,nan,10,62671,32796800,32796800,3923,29910681600,29910681600,3150349,False
913,1.4134470655192564,0.5742529176352177,nan,nan,nan,10,83458,32796800,32796800,5221,29943478400,29943478400,3155570,False
914,1.418510168069083,0.5740001451694854,nan,nan,nan,10,96439,32796800,32796800,6033,29976275200,29976275200,3161603,False
915,1.3945256785503026,0.5824739046190387,nan,nan,nan,10,47997,32796800,32796800,3006,30009072000,30009072000,3164609,False
916,1.4468782045292943,0.5692304185283122,nan,nan,nan,10,43868,32796800,32796800,2745,30041868800,30041868800,3167354,False
917,1.4295362689773408,0.5698673184357542,nan,nan,nan,10,85920,32796800,32796800,5375,30074665600,30074665600,3172729,False
918,1.403100909900418,0.5769537429601974,nan,nan,nan,10,79015,32796800,32796800,4943,30107462400,30107462400,3177672,False
919,1.4839948135122318,0.5617206862763934,nan,nan,nan,10,52049,32796800,32796800,3258,30140259200,30140259200,3180930,False
920,1.425553183478676,0.5717251701994109,1.5211108850607464,0.546343473699985,4.577307234063738,10,82844,32796800,32796800,5183,30173056000,30173056000,3186113,False
921,1.5255875742434415,0.5489574816026165,nan,nan,nan,10,29352,32796800,32796800,1840,30205852800,30205852800,3187953,False
922,1.3908337942362696,0.5828284474202675,nan,nan,nan,10,67507,32796800,32796800,4223,30238649600,30238649600,3192176,False
923,1.4705045209887428,0.5604156523855891,nan,nan,nan,10,65728,32796800,32796800,4112,30271446400,30271446400,3196288,False
924,1.5101164635996167,0.5539094966907804,nan,nan,nan,10,25988,32796800,32796800,1629,30304243200,30304243200,3197917,False
925,1.4605709973717325,0.5650669412976314,nan,nan,nan,10,48550,32796800,32796800,3040,30337040000,30337040000,3200957,False
926,1.3751738264957354,0.5862622658340767,nan,nan,nan,10,89680,32796800,32796800,5608,30369836800,30369836800,3206565,False
927,1.4417798237336965,0.5690207345863149,nan,nan,nan,10,54643,32796800,32796800,3421,30402633600,30402633600,3209986,False
928,1.479034793575596,0.5559915484455177,nan,nan,nan,10,46382,32796800,32796800,2904,30435430400,30435430400,3212890,False
929,1.4221327348927233,0.5709098870623438,nan,nan,nan,10,54809,32796800,32796800,3429,30468227200,30468227200,3216319,False
930,1.4263156458698683,0.5717868011023025,1.5151528945555846,0.5459875618162745,4.55011676174504,10,76567,32796800,32796800,4789,30501024000,30501024000,3221108,False
931,1.4265918861896751,0.5741640516921416,nan,nan,nan,10,59274,32796800,32796800,3710,30533820800,30533820800,3224818,False
932,1.3723707321816125,0.5885805589069684,nan,nan,nan,10,61334,32796800,32796800,3838,30566617600,30566617600,3228656,False
933,1.4416083058582843,0.5683730767512176,nan,nan,nan,10,67139,32796800,32796800,4201,30599414400,30599414400,3232857,False
934,1.4436620472042008,0.5657164788388402,nan,nan,nan,10,57322,32796800,32796800,3588,30632211200,30632211200,3236445,False
935,1.4615331634217519,0.5639130233491257,nan,nan,nan,10,64799,32796800,32796800,4056,30665008000,30665008000,3240501,False
936,1.4661851838467916,0.5619546679190252,nan,nan,nan,10,40457,32796800,32796800,2534,30697804800,30697804800,3243035,False
937,1.3833776040022303,0.584054523430773,nan,nan,nan,10,68521,32796800,32796800,4286,30730601600,30730601600,3247321,False
938,1.4387164137584607,0.5682300999390391,nan,nan,nan,10,54133,32796800,32796800,3388,30763398400,30763398400,3250709,False
939,1.4302776420725027,0.5750125860043631,nan,nan,nan,10,59590,32796800,32796800,3729,30796195200,30796195200,3254438,False
940,1.4486104113999307,0.5638987659485464,1.5186231124352858,0.5470740296718117,4.565934087195945,10,66934,32796800,32796800,4189,30828992000,30828992000,3258627,False
941,1.4143435958683996,0.577828943199341,nan,nan,nan,10,47341,32796800,32796800,2964,30861788800,30861788800,3261591,False
942,1.463696070413941,0.5606919504077826,nan,nan,nan,10,54686,32796800,32796800,3423,30894585600,30894585600,3265014,False
943,1.3757350410077784,0.5845240304323622,nan,nan,nan,10,86224,32796800,32796800,5393,30927382400,30927382400,3270407,False
944,1.438457780110766,0.5703495722706599,nan,nan,nan,10,60903,32796800,32796800,3812,30960179200,30960179200,3274219,False
945,1.462839727741819,0.5639696385286364,nan,nan,nan,10,56519,32796800,32796800,3537,30992976000,30992976000,3277756,False
946,1.3958035387421133,0.5795415868446899,nan,nan,nan,10,102833,32796800,32796800,6433,31025772800,31025772800,3284189,False
947,1.3672579894904793,0.5859356928059218,nan,nan,nan,10,82137,32796800,32796800,5139,31058569600,31058569600,3289328,False
948,1.4608239635313134,0.5614132262467607,nan,nan,nan,10,50551,32796800,32796800,3165,31091366400,31091366400,3292493,False
949,1.4561878243673014,0.562482083819061,nan,nan,nan,10,52327,32796800,32796800,3276,31124163200,31124163200,3295769,False
950,1.363681383908005,0.5905268732481691,1.521706207499196,0.5473924771467106,4.580033019047833,10,77419,32796800,32796800,4844,31156960000,31156960000,3300613,False
951,1.4423380578553395,0.5700886964174058,nan,nan,nan,10,43181,32796800,32796800,2703,31189756800,31189756800,3303316,False
952,1.445134799944379,0.5682570832822273,nan,nan,nan,10,32612,32796800,32796800,2043,31222553600,31222553600,3305359,False
953,1.4542670691512705,0.5639438777567229,nan,nan,nan,10,49606,32796800,32796800,3105,31255350400,31255350400,3308464,False
954,1.444891940040136,0.5684815976790474,nan,nan,nan,10,59286,32796800,32796800,3710,31288147200,31288147200,3312174,False
955,1.4014328971804642,0.5778756191524491,nan,nan,nan,10,52693,32796800,32796800,3298,31320944000,31320944000,3315472,False
956,1.4139256221680414,0.5778412698412698,nan,nan,nan,10,31500,32796800,32796800,1975,31353740800,31353740800,3317447,False
957,1.4122673592316792,0.5743667720379336,nan,nan,nan,10,74973,32796800,32796800,4690,31386537600,31386537600,3322137,False
958,1.4713308458010692,0.5637230239639878,nan,nan,nan,10,37765,32796800,32796800,2365,31419334400,31419334400,3324502,False
959,1.4202671832637876,0.572720916929726,nan,nan,nan,10,47201,32796800,32796800,2955,31452131200,31452131200,3327457,False
960,1.5401082909582895,0.5452751589563692,1.513914111563421,0.5485164094110595,4.54448364431364,10,45610,32796800,32796800,2857,31484928000,31484928000,3330314,False
961,1.4022531538140515,0.577675979439103,nan,nan,nan,10,37547,32796800,32796800,2351,31517724800,31517724800,3332665,False
962,1.447756459551636,0.5646923519263944,nan,nan,nan,10,33041,32796800,32796800,2069,31550521600,31550521600,3334734,False
963,1.4499234779366976,0.5654601576784696,nan,nan,nan,10,50863,32796800,32796800,3184,31583318400,31583318400,3337918,False
964,1.409028647480953,0.576731852833941,nan,nan,nan,10,30170,32796800,32796800,1890,31616115200,31616115200,3339808,False
965,1.4587439499078416,0.5638135787782023,nan,nan,nan,10,47913,32796800,32796800,3001,31648912000,31648912000,3342809,False
966,1.4758084754156775,0.5615503193129266,nan,nan,nan,10,54492,32796800,32796800,3409,31681708800,31681708800,3346218,False
967,1.5058743902881144,0.5514781926464819,nan,nan,nan,10,28041,32796800,32796800,1757,31714505600,31714505600,3347975,False
968,1.436414416017932,0.5687818216104092,nan,nan,nan,10,63636,32796800,32796800,3982,31747302400,31747302400,3351957,False
969,1.513355329465266,0.5493643321484613,nan,nan,nan,10,31227,32796800,32796800,1955,31780099200,31780099200,3353912,False
970,1.4273233862291905,0.5734985136880768,1.5106198422719064,0.5485351416154653,4.529537523188846,10,64253,32796800,32796800,4020,31812896000,31812896000,3357932,False
971,1.4461568623982797,0.5689175731081133,nan,nan,nan,10,77317,32796800,32796800,4836,31845692800,31845692800,3362768,False
972,1.451041357724929,0.5678084698688828,nan,nan,nan,10,46447,32796800,32796800,2907,31878489600,31878489600,3365675,False
973,1.4377064463913183,0.5695590232912566,nan,nan,nan,10,60366,32796800,32796800,3779,31911286400,31911286400,3369454,False
974,1.4473498221539607,0.5646895223832701,nan,nan,nan,10,56091,32796800,32796800,3509,31944083200,31944083200,3372963,False
975,1.4457415465155534,0.5697333204346845,nan,nan,nan,10,62022,32796800,32796800,3881,31976880000,31976880000,3376844,False
976,1.3742784028705246,0.5860880663688577,nan,nan,nan,10,62680,32796800,32796800,3922,32009676800,32009676800,3380766,False
977,1.3927853868012594,0.582126550754047,nan,nan,nan,10,86732,32796800,32796800,5425,32042473600,32042473600,3386191,False
978,1.407639837103446,0.5747089152183563,nan,nan,nan,10,58574,32796800,32796800,3666,32075270400,32075270400,3389857,False
979,1.3571165257183708,0.5902921183961453,nan,nan,nan,10,92976,32796800,32796800,5815,32108067200,32108067200,3395672,False
980,1.4203736106641407,0.5758266634327754,1.5164946558663785,0.5489472501123932,4.556226030048914,10,61845,32796800,32796800,3870,32140864000,32140864000,3399542,False
981,1.43380778125683,0.5707799701102892,nan,nan,nan,10,52861,32796800,32796800,3309,32173660800,32173660800,3402851,False
982,1.4357059326209887,0.5686626077085806,nan,nan,nan,10,77524,32796800,32796800,4849,32206457600,32206457600,3407700,False
983,1.4569224043229265,0.5641593331968967,nan,nan,nan,10,53749,32796800,32796800,3365,32239254400,32239254400,3411065,False
984,1.4296404772430138,0.5723554256532143,nan,nan,nan,10,62269,32796800,32796800,3896,32272051200,32272051200,3414961,False
985,1.4169032039134684,0.5716227907551601,nan,nan,nan,10,48546,32796800,32796800,3040,32304848000,32304848000,3418001,False
986,1.4388063706693375,0.5680127101813849,nan,nan,nan,10,37765,32796800,32796800,2366,32337644800,32337644800,3420367,False
987,1.4381737243948096,0.5696147742028568,nan,nan,nan,10,48517,32796800,32796800,3038,32370441600,32370441600,3423405,False
988,1.3971400820604405,0.579386724652637,nan,nan,nan,10,54266,32796800,32796800,3396,32403238400,32403238400,3426801,False
989,1.3908771131464581,0.578072632110555,nan,nan,nan,10,87124,32796800,32796800,5450,32436035200,32436035200,3432251,False
990,1.4681263906107398,0.5616460333163988,1.5121646558043305,0.5493218942005095,4.536540221589286,10,37399,32796800,32796800,2341,32468832000,32468832000,3434592,False
991,1.426510515752424,0.5768781808843442,nan,nan,nan,10,42834,32796800,32796800,2682,32501628800,32501628800,3437274,False
992,1.4306319038450492,0.5692887113173233,nan,nan,nan,10,69831,32796800,32796800,4370,32534425600,32534425600,3441644,False
993,1.482292223868703,0.5599062820325085,nan,nan,nan,10,34145,32796800,32796800,2138,32567222400,32567222400,3443782,False
994,1.3839679624487249,0.5819021281141324,nan,nan,nan,10,84253,32796800,32796800,5270,32600019200,32600019200,3449052,False
995,1.367654152465887,0.58801901948311,nan,nan,nan,10,92747,32796800,32796800,5801,32632816000,32632816000,3454853,False
996,1.4494197322161055,0.5695601787980796,nan,nan,nan,10,36242,32796800,32796800,2269,32665612800,32665612800,3457122,False
997,1.4599104604667439,0.5636539051879139,nan,nan,nan,10,45606,32796800,32796800,2856,32698409600,32698409600,3459978,False
998,1.4574197030876035,0.5639777071881004,nan,nan,nan,10,52573,32796800,32796800,3291,32731206400,32731206400,3463269,False
999,1.404671029473642,0.5781042431819958,nan,nan,nan,10,51188,32796800,32796800,3204,32764003200,32764003200,3466473,False
1000,1.405171171611275,0.5775628421108572,1.5132632287352872,0.5484789450022479,4.541526680369741,10,56451,32796800,32796800,3533,32796800000,32796800000,3470006,True
