round,train_loss,train_accuracy,test_loss,test_accuracy,test_perplexity,num_fit_clients,num_fit_examples,round_upload_bytes,round_download_bytes,round_local_steps,cumulative_upload_bytes,cumulative_download_bytes,cumulative_local_steps,run_completed
1,4.2175509282842425,0.1577932670917989,nan,nan,nan,10,40458,32796800,32796800,2532,32796800,32796800,2532,False
2,3.778616556047262,0.18760124971071512,nan,nan,nan,10,34568,32796800,32796800,2166,65593600,65593600,4698,False
3,3.260642427567539,0.18825399118688146,nan,nan,nan,10,96901,32796800,32796800,6062,98390400,98390400,10760,False
4,3.143996956544813,0.18958247634718223,nan,nan,nan,10,38896,32796800,32796800,2437,131187200,131187200,13197,False
5,3.130674710788268,0.18774507488071054,nan,nan,nan,10,42334,32796800,32796800,2652,163984000,163984000,15849,False
6,3.11533492533416,0.18982103032387632,nan,nan,nan,10,90127,32796800,32796800,5638,196780800,196780800,21487,False
7,3.1232457939856957,0.18805111421483814,nan,nan,nan,10,47971,32796800,32796800,3003,229577600,229577600,24490,False
8,3.100895475753981,0.19112523684371371,nan,nan,nan,10,49083,32796800,32796800,3072,262374400,262374400,27562,False
9,3.11944374892443,0.18729905604568017,nan,nan,nan,10,38879,32796800,32796800,2435,295171200,295171200,29997,False
10,3.111692836678027,0.18920736320080692,3.135610611456973,0.19211748838603326,23.002677252947045,10,47588,32796800,32796800,2978,327968000,327968000,32975,False
11,3.1062929977390885,0.18836495395299682,nan,nan,nan,10,59613,32796800,32796800,3731,360764800,360764800,36706,False
12,3.1033885719595364,0.18847368118936916,nan,nan,nan,10,87105,32796800,32796800,5449,393561600,393561600,42155,False
13,3.1042836323562977,0.1899238267231599,nan,nan,nan,10,43191,32796800,32796800,2703,426358400,426358400,44858,False
14,3.108515106531561,0.18784137460172964,nan,nan,nan,10,35152,32796800,32796800,2200,459155200,459155200,47058,False
15,3.099793151016278,0.1896691448504281,nan,nan,nan,10,56762,32796800,32796800,3553,491952000,491952000,50611,False
16,3.107836969245211,0.1867525801343308,nan,nan,nan,10,36626,32796800,32796800,2295,524748800,524748800,52906,False
17,3.094956399473307,0.1888934501649137,nan,nan,nan,10,70643,32796800,32796800,4420,557545600,557545600,57326,False
18,3.1025569996402793,0.18985883978809515,nan,nan,nan,10,30391,32796800,32796800,1904,590342400,590342400,59230,False
19,3.0820115398194696,0.19019111860595841,nan,nan,nan,10,35580,32796800,32796800,2228,623139200,623139200,61458,False
20,3.0982407024568372,0.18958894345002375,3.1267886025677303,0.19211748838603326,22.8006399276275,10,50504,32796800,32796800,3162,655936000,655936000,64620,False
21,3.0890882457323467,0.190253045923149,nan,nan,nan,10,57618,32796800,32796800,3606,688732800,688732800,68226,False
22,3.1045724507527344,0.19020816882004066,nan,nan,nan,10,59519,32796800,32796800,3725,721529600,721529600,71951,False
23,3.07713425288162,0.1897712737942969,nan,nan,nan,10,53164,32796800,32796800,3327,754326400,754326400,75278,False
24,3.07884631418881,0.18823456764711935,nan,nan,nan,10,48583,32796800,32796800,3041,787123200,787123200,78319,False
25,3.0875384218014803,0.1891550701661676,nan,nan,nan,10,68124,32796800,32796800,4263,819920000,819920000,82582,False
26,3.0610914562138287,0.19328616829295558,nan,nan,nan,10,62617,32796800,32796800,3918,852716800,852716800,86500,False
27,3.03600909226434,0.20018725958013245,nan,nan,nan,10,88647,32796800,32796800,5546,885513600,885513600,92046,False
28,3.0372680260428853,0.20333923240557014,nan,nan,nan,10,55941,32796800,32796800,3500,918310400,918310400,95546,False
29,2.985555863789293,0.21477239063888615,nan,nan,nan,10,60762,32796800,32796800,3802,951107200,951107200,99348,False
30,3.017571048430122,0.21542328443587355,3.0168708321502606,0.22105874419301663,20.427271210697878,10,46151,32796800,32796800,2889,983904000,983904000,102237,False
31,2.9777062354138386,0.2225078481312563,nan,nan,nan,10,84415,32796800,32796800,5281,1016700800,1016700800,107518,False
32,2.9733449159760914,0.22690695940560968,nan,nan,nan,10,38897,32796800,32796800,2436,1049497600,1049497600,109954,False
33,2.9534979187752306,0.23105156027118426,nan,nan,nan,10,62393,32796800,32796800,3904,1082294400,1082294400,113858,False
34,2.9590215294427837,0.22771599657827202,nan,nan,nan,10,40915,32796800,32796800,2562,1115091200,1115091200,116420,False
35,2.9642448520364755,0.22821966341895483,nan,nan,nan,10,56450,32796800,32796800,3533,1147888000,1147888000,119953,False
36,2.933624541137742,0.23048550529434925,nan,nan,nan,10,48259,32796800,32796800,3021,1180684800,1180684800,122974,False
37,2.9238848168756695,0.23249440828581217,nan,nan,nan,10,49627,32796800,32796800,3107,1213481600,1213481600,126081,False
38,2.904766647878513,0.23475256249710125,nan,nan,nan,10,43122,32796800,32796800,2700,1246278400,1246278400,128781,False
39,2.9018983525074553,0.23451996566804267,nan,nan,nan,10,48934,32796800,32796800,3062,1279075200,1279075200,131843,False
40,2.8956788405585296,0.23574586921107749,2.900339903939383,0.24009066386932415,18.180323883040124,10,68752,32796800,32796800,4301,1311872000,1311872000,136144,False
41,2.898784375722934,0.23891618699985961,nan,nan,nan,10,35615,32796800,32796800,2230,1344668800,1344668800,138374,False
42,2.8861491749529433,0.23308763308763308,nan,nan,nan,10,36630,32796800,32796800,2294,1377465600,1377465600,140668,False
43,2.857360798976588,0.24064385584337458,nan,nan,nan,10,54857,32796800,32796800,3432,1410262400,1410262400,144100,False
44,2.8673407152421544,0.2382166016066071,nan,nan,nan,10,61994,32796800,32796800,3879,1443059200,1443059200,147979,False
45,2.84894761181553,0.24221254997202932,nan,nan,nan,10,73291,32796800,32796800,4585,1475856000,1475856000,152564,False
46,2.866004644622138,0.24017638840377226,nan,nan,nan,10,45808,32796800,32796800,2868,1508652800,1508652800,155432,False
47,2.840205713150015,0.24721122706009355,nan,nan,nan,10,63917,32796800,32796800,4000,1541449600,1541449600,159432,False
48,2.827613881717935,0.24711507351619513,nan,nan,nan,10,55634,32796800,32796800,3481,1574246400,1574246400,162913,False
49,2.831921497504035,0.24851398873432298,nan,nan,nan,10,64266,32796800,32796800,4022,1607043200,1607043200,166935,False
50,2.8265554707923517,0.25170927595935816,2.833299763249472,0.2620822718417503,17.00146918976753,10,57773,32796800,32796800,3616,1639840000,1639840000,170551,False
51,2.8174033738871214,0.25335214406809803,nan,nan,nan,10,84349,32796800,32796800,5278,1672636800,1672636800,175829,False
52,2.807435842273534,0.25923199865410496,nan,nan,nan,10,47552,32796800,32796800,2977,1705433600,1705433600,178806,False
53,2.8179427030489568,0.25910044132836707,nan,nan,nan,10,31949,32796800,32796800,2002,1738230400,1738230400,180808,False
54,2.8059058577228546,0.25886481661798116,nan,nan,nan,10,49296,32796800,32796800,3085,1771027200,1771027200,183893,False
55,2.7816691679890515,0.25996995869320316,nan,nan,nan,10,53260,32796800,32796800,3333,1803824000,1803824000,187226,False
56,2.792763333953986,0.25887204600737795,nan,nan,nan,10,62077,32796800,32796800,3885,1836620800,1836620800,191111,False
57,2.77157275820287,0.2649858242203321,nan,nan,nan,10,29628,32796800,32796800,1856,1869417600,1869417600,192967,False
58,2.7980399687766204,0.2563977577382403,nan,nan,nan,10,45133,32796800,32796800,2825,1902214400,1902214400,195792,False
59,2.7841774449440555,0.26289053088105374,nan,nan,nan,10,49804,32796800,32796800,3119,1935011200,1935011200,198911,False
60,2.7792862950997197,0.26208651399491095,2.776783346754669,0.2714671062490634,16.067254948253712,10,57771,32796800,32796800,3616,1967808000,1967808000,202527,False
61,2.7962106460338254,0.2588803480248484,nan,nan,nan,10,54249,32796800,32796800,3394,2000604800,2000604800,205921,False
62,2.759582014051864,0.26444992005032897,nan,nan,nan,10,76298,32796800,32796800,4773,2033401600,2033401600,210694,False
63,2.7610682103349915,0.26600554927551123,nan,nan,nan,10,38924,32796800,32796800,2437,2066198400,2066198400,213131,False
64,2.752794053278271,0.26289914562550715,nan,nan,nan,10,62853,32796800,32796800,3932,2098995200,2098995200,217063,False
65,2.740813247613675,0.2654969375980117,nan,nan,nan,10,33797,32796800,32796800,2116,2131792000,2131792000,219179,False
66,2.7482266651104323,0.26752865618952426,nan,nan,nan,10,47023,32796800,32796800,2943,2164588800,2164588800,222122,False
67,2.7429784326848488,0.26560515416474917,nan,nan,nan,10,54325,32796800,32796800,3401,2197385600,2197385600,225523,False
68,2.7120325845579303,0.26848314796660017,nan,nan,nan,10,29581,32796800,32796800,1853,2230182400,2230182400,227376,False
69,2.7078176197653416,0.2719260562892341,nan,nan,nan,10,72163,32796800,32796800,4514,2262979200,2262979200,231890,False
70,2.719438371419955,0.26821829102341516,2.712187476589032,0.279278435486288,15.062187687393866,10,63933,32796800,32796800,3999,2295776000,2295776000,235889,False
71,2.7022886286195535,0.2661662366095864,nan,nan,nan,10,51156,32796800,32796800,3203,2328572800,2328572800,239092,False
72,2.6955678043431037,0.27408461430546927,nan,nan,nan,10,49897,32796800,32796800,3124,2361369600,2361369600,242216,False
73,2.7114010187616553,0.26999306752937413,nan,nan,nan,10,56257,32796800,32796800,3522,2394166400,2394166400,245738,False
74,2.665884396210441,0.2754681550258202,nan,nan,nan,10,57513,32796800,32796800,3598,2426963200,2426963200,249336,False
75,2.6310326107147595,0.28252330269520465,nan,nan,nan,10,77137,32796800,32796800,4826,2459760000,2459760000,254162,False
76,2.6110821617612525,0.2888509670079636,nan,nan,nan,10,17580,32796800,32796800,1103,2492556800,2492556800,255265,False
77,2.642799913618226,0.2827174215059739,nan,nan,nan,10,43188,32796800,32796800,2704,2525353600,2525353600,257969,False
78,2.691023511579192,0.2760824915119252,nan,nan,nan,10,47714,32796800,32796800,2987,2558150400,2558150400,260956,False
79,2.614947930316569,0.28742139022884466,nan,nan,nan,10,95567,32796800,32796800,5979,2590947200,2590947200,266935,False
80,2.6526369597006725,0.28291926969829045,2.6433729496242293,0.29137943953244416,14.060549239905924,10,41298,32796800,32796800,2584,2623744000,2623744000,269519,False
81,2.6086519745918104,0.2901397499641929,nan,nan,nan,10,48873,32796800,32796800,3060,2656540800,2656540800,272579,False
82,2.61360790726143,0.28656358034513185,nan,nan,nan,10,69133,32796800,32796800,4326,2689337600,2689337600,276905,False
83,2.6277290311280623,0.28579528790693126,nan,nan,nan,10,51145,32796800,32796800,3203,2722134400,2722134400,280108,False
84,2.6141663391293255,0.2867142828073174,nan,nan,nan,10,49143,32796800,32796800,3077,2754931200,2754931200,283185,False
85,2.5864525286930746,0.29148054118327604,nan,nan,nan,10,31117,32796800,32796800,1950,2787728000,2787728000,285135,False
86,2.566812944989789,0.2974298375184638,nan,nan,nan,10,50775,32796800,32796800,3177,2820524800,2820524800,288312,False
87,2.562660423201566,0.30191736429921684,nan,nan,nan,10,96278,32796800,32796800,6023,2853321600,2853321600,294335,False
88,2.5669346879823878,0.30315607124167676,nan,nan,nan,10,55417,32796800,32796800,3467,2886118400,2886118400,297802,False
89,2.5519036232565555,0.30381997449758447,nan,nan,nan,10,55681,32796800,32796800,3485,2918915200,2918915200,301287,False
90,2.5335334292997747,0.30822976407924485,2.567452949936665,0.31222838303611566,13.032587478037613,10,78289,32796800,32796800,4897,2951712000,2951712000,306184,False
91,2.556006951416339,0.3053286219081272,nan,nan,nan,10,35375,32796800,32796800,2215,2984508800,2984508800,308399,False
92,2.5500173609787393,0.30313047502561896,nan,nan,nan,10,60502,32796800,32796800,3784,3017305600,3017305600,312183,False
93,2.524802967326656,0.30873791197947503,nan,nan,nan,10,40536,32796800,32796800,2539,3050102400,3050102400,314722,False
94,2.517106380351261,0.310081331567997,nan,nan,nan,10,52870,32796800,32796800,3309,3082899200,3082899200,318031,False
95,2.5103111578202695,0.3193016736046215,nan,nan,nan,10,23542,32796800,32796800,1476,3115696000,3115696000,319507,False
96,2.5156384096807445,0.31516422082459816,nan,nan,nan,10,70119,32796800,32796800,4388,3148492800,3148492800,323895,False
97,2.5304227988938357,0.3112826924812127,nan,nan,nan,10,77579,32796800,32796800,4853,3181289600,3181289600,328748,False
98,2.4853513443001543,0.3208126965764072,nan,nan,nan,10,55322,32796800,32796800,3462,3214086400,3214086400,332210,False
99,2.497850934474124,0.31695532488386763,nan,nan,nan,10,69748,32796800,32796800,4365,3246883200,3246883200,336575,False
100,2.4725303466985125,0.32052654783649304,2.494021276832431,0.32612767870523,12.109875500968547,10,79385,32796800,32796800,4967,3279680000,3279680000,341542,False
101,2.4694350501536255,0.3218061096712193,nan,nan,nan,10,68678,32796800,32796800,4298,3312476800,3312476800,345840,False
102,2.466752818241799,0.32361729919301446,nan,nan,nan,10,55887,32796800,32796800,3498,3345273600,3345273600,349338,False
103,2.474597784423185,0.3247066036083377,nan,nan,nan,10,45672,32796800,32796800,2859,3378070400,3378070400,352197,False
104,2.4610747976728766,0.3257851711345744,nan,nan,nan,10,59573,32796800,32796800,3728,3410867200,3410867200,355925,False
105,2.472645350020671,0.3216131430540193,nan,nan,nan,10,55147,32796800,32796800,3450,3443664000,3443664000,359375,False
106,2.432880433370532,0.3302190074341973,nan,nan,nan,10,99540,32796800,32796800,6225,3476460800,3476460800,365600,False
107,2.466904467125148,0.3236243177371185,nan,nan,nan,10,58262,32796800,32796800,3646,3509257600,3509257600,369246,False
108,2.423676298814617,0.33016374517726405,nan,nan,nan,10,32917,32796800,32796800,2062,3542054400,3542054400,371308,False
109,2.4647133417517306,0.32740963855421684,nan,nan,nan,10,39840,32796800,32796800,2496,3574851200,3574851200,373804,False
110,2.4421995910442544,0.3287164979641228,2.4350174479482414,0.33729207253109544,11.416017897718659,10,61153,32796800,32796800,3827,3607648000,3607648000,377631,False
111,2.4017753619663393,0.33687458305537027,nan,nan,nan,10,59960,32796800,32796800,3751,3640444800,3640444800,381382,False
112,2.420171205566921,0.3325321226149144,nan,nan,nan,10,33699,32796800,32796800,2111,3673241600,3673241600,383493,False
113,2.407385149455218,0.3351962596498858,nan,nan,nan,10,45985,32796800,32796800,2879,3706038400,3706038400,386372,False
114,2.434670479125329,0.3325744331964603,nan,nan,nan,10,73791,32796800,32796800,4617,3738835200,3738835200,390989,False
115,2.392336739399859,0.3399164623626623,nan,nan,nan,10,44052,32796800,32796800,2758,3771632000,3771632000,393747,False
116,2.348261435638825,0.34927515221803423,nan,nan,nan,10,68980,32796800,32796800,4315,3804428800,3804428800,398062,False
117,2.403411996795211,0.3345875978326309,nan,nan,nan,10,33220,32796800,32796800,2081,3837225600,3837225600,400143,False
118,2.3934746087965526,0.33684923666351285,nan,nan,nan,10,85611,32796800,32796800,5356,3870022400,3870022400,405499,False
119,2.3806790530285964,0.3410700761794449,nan,nan,nan,10,44894,32796800,32796800,2812,3902819200,3902819200,408311,False
120,2.377705079109074,0.3439935361117627,2.3883784721945602,0.3486999850142365,10.895811749117781,10,38367,32796800,32796800,2402,3935616000,3935616000,410713,False
121,2.4256479194209066,0.3389605090150679,nan,nan,nan,10,66167,32796800,32796800,4140,3968412800,3968412800,414853,False
122,2.359856358859992,0.3526596016996877,nan,nan,nan,10,39066,32796800,32796800,2446,4001209600,4001209600,417299,False
123,2.367988000987623,0.3482805247962577,nan,nan,nan,10,27363,32796800,32796800,1714,4034006400,4034006400,419013,False
124,2.3388693745156575,0.35363899312070046,nan,nan,nan,10,51168,32796800,32796800,3203,4066803200,4066803200,422216,False
125,2.352215380867843,0.3499340425896421,nan,nan,nan,10,58371,32796800,32796800,3653,4099600000,4099600000,425869,False
126,2.3686386403425876,0.3466664080231227,nan,nan,nan,10,51551,32796800,32796800,3228,4132396800,4132396800,429097,False
127,2.3404131416543903,0.35501491751491754,nan,nan,nan,10,45584,32796800,32796800,2854,4165193600,4165193600,431951,False
128,2.3296306681383747,0.35729775810238845,nan,nan,nan,10,66863,32796800,32796800,4185,4197990400,4197990400,436136,False
129,2.326503512274642,0.3542453196613066,nan,nan,nan,10,64365,32796800,32796800,4027,4230787200,4230787200,440163,False
130,2.3343229612987506,0.3599459707180588,2.346484998775604,0.3651468604825416,10.44877763430933,10,41459,32796800,32796800,2596,4263584000,4263584000,442759,False
131,2.338110904143534,0.35338429464906185,nan,nan,nan,10,35975,32796800,32796800,2254,4296380800,4296380800,445013,False
132,2.3287889783079225,0.3592204278346157,nan,nan,nan,10,47308,32796800,32796800,2962,4329177600,4329177600,447975,False
133,2.3237921364231378,0.35959186558899076,nan,nan,nan,10,42437,32796800,32796800,2657,4361974400,4361974400,450632,False
134,2.3244075187009705,0.35829600202856904,nan,nan,nan,10,35493,32796800,32796800,2224,4394771200,4394771200,452856,False
135,2.31429744263906,0.3597806062636074,nan,nan,nan,10,47768,32796800,32796800,2989,4427568000,4427568000,455845,False
136,2.331067766883555,0.35942786026047785,nan,nan,nan,10,57049,32796800,32796800,3571,4460364800,4460364800,459416,False
137,2.311698330831105,0.3620251293422025,nan,nan,nan,10,67650,32796800,32796800,4233,4493161600,4493161600,463649,False
138,2.313179910797947,0.36401915721127576,nan,nan,nan,10,62222,32796800,32796800,3893,4525958400,4525958400,467542,False
139,2.3143709731332835,0.3589571632156929,nan,nan,nan,10,47716,32796800,32796800,2986,4558755200,4558755200,470528,False
140,2.2975957798176387,0.3635234065417422,2.305724874851176,0.37275213547130226,10.031447161350195,10,29778,32796800,32796800,1866,4591552000,4591552000,472394,False
141,2.307039100367345,0.365658106269838,nan,nan,nan,10,48518,32796800,32796800,3037,4624348800,4624348800,475431,False
142,2.2899441910863945,0.3680491061063385,nan,nan,nan,10,68912,32796800,32796800,4312,4657145600,4657145600,479743,False
143,2.272264556392419,0.3702325013730396,nan,nan,nan,10,65548,32796800,32796800,4101,4689942400,4689942400,483844,False
144,2.2875508730814618,0.36869306802765034,nan,nan,nan,10,77395,32796800,32796800,4843,4722739200,4722739200,488687,False
145,2.2855091175569386,0.3690974458038206,nan,nan,nan,10,37272,32796800,32796800,2335,4755536000,4755536000,491022,False
146,2.2915301709751152,0.36871806963766407,nan,nan,nan,10,63615,32796800,32796800,3982,4788332800,4788332800,495004,False
147,2.2602511908436203,0.37696825062586276,nan,nan,nan,10,42741,32796800,32796800,2676,4821129600,4821129600,497680,False
148,2.2694645332583416,0.369599086800253,nan,nan,nan,10,64827,32796800,32796800,4057,4853926400,4853926400,501737,False
149,2.277397572039185,0.373686436542278,nan,nan,nan,10,61474,32796800,32796800,3847,4886723200,4886723200,505584,False
150,2.2810177394746955,0.37287115604501414,2.2623825032511307,0.38271766821519554,9.605948127821687,10,49851,32796800,32796800,3120,4919520000,4919520000,508704,False
151,2.2538349149415167,0.37738340380715846,nan,nan,nan,10,63617,32796800,32796800,3982,4952316800,4952316800,512686,False
152,2.2335767544524905,0.3838104949407797,nan,nan,nan,10,63745,32796800,32796800,3989,4985113600,4985113600,516675,False
153,2.2498353538335514,0.3731563111494519,nan,nan,nan,10,47527,32796800,32796800,2976,5017910400,5017910400,519651,False
154,2.2245387947335913,0.3813449665422012,nan,nan,nan,10,54098,32796800,32796800,3386,5050707200,5050707200,523037,False
155,2.237063098150229,0.38564916977173247,nan,nan,nan,10,55286,32796800,32796800,3460,5083504000,5083504000,526497,False
156,2.2152113890120706,0.38581957918609044,nan,nan,nan,10,31748,32796800,32796800,1989,5116300800,5116300800,528486,False
157,2.2128020084862547,0.38501704030266076,nan,nan,nan,10,31983,32796800,32796800,2004,5149097600,5149097600,530490,False
158,2.256029184623276,0.3778516256511586,nan,nan,nan,10,44536,32796800,32796800,2789,5181894400,5181894400,533279,False
159,2.240775961717699,0.38071736410399,nan,nan,nan,10,43158,32796800,32796800,2701,5214691200,5214691200,535980,False
160,2.2049294939420654,0.3860663608236424,2.218744348518569,0.3890678855087667,9.195776922621523,10,46865,32796800,32796800,2933,5247488000,5247488000,538913,False
161,2.1637934354019293,0.3986949924127466,nan,nan,nan,10,65900,32796800,32796800,4123,5280284800,5280284800,543036,False
162,2.170662061903212,0.39379117811278613,nan,nan,nan,10,44775,32796800,32796800,2803,5313081600,5313081600,545839,False
163,2.1602820767239135,0.39762227148957696,nan,nan,nan,10,67207,32796800,32796800,4207,5345878400,5345878400,550046,False
164,2.164680572514231,0.39345818589798914,nan,nan,nan,10,46348,32796800,32796800,2901,5378675200,5378675200,552947,False
165,2.2119946621508118,0.38319107466899655,nan,nan,nan,10,59516,32796800,32796800,3724,5411472000,5411472000,556671,False
166,2.196220438454777,0.388496059805252,nan,nan,nan,10,42003,32796800,32796800,2629,5444268800,5444268800,559300,False
167,2.1855243394168626,0.38700251464535074,nan,nan,nan,10,71183,32796800,32796800,4453,5477065600,5477065600,563753,False
168,2.1779809920486293,0.39012336836827877,nan,nan,nan,10,55849,32796800,32796800,3495,5509862400,5509862400,567248,False
169,2.1552294321898384,0.3972747528995029,nan,nan,nan,10,35006,32796800,32796800,2193,5542659200,5542659200,569441,False
170,2.174103199019952,0.39080058067638046,2.183360597673928,0.39429417053798893,8.87608514435776,10,37198,32796800,32796800,2330,5575456000,5575456000,571771,False
171,2.1919689742385535,0.3855939547298,nan,nan,nan,10,57698,32796800,32796800,3611,5608252800,5608252800,575382,False
172,2.171825447367633,0.3936851738865162,nan,nan,nan,10,32780,32796800,32796800,2053,5641049600,5641049600,577435,False
173,2.1660181340173525,0.3924533822786157,nan,nan,nan,10,75186,32796800,32796800,4705,5673846400,5673846400,582140,False
174,2.1446422404170993,0.3989459595114606,nan,nan,nan,10,59770,32796800,32796800,3741,5706643200,5706643200,585881,False
175,2.151500595542776,0.39902643191847503,nan,nan,nan,10,43962,32796800,32796800,2753,5739440000,5739440000,588634,False
176,2.174852937347239,0.39228906106145806,nan,nan,nan,10,70601,32796800,32796800,4417,5772236800,5772236800,593051,False
177,2.154755055722376,0.3938728686265124,nan,nan,nan,10,60583,32796800,32796800,3791,5805033600,5805033600,596842,False
178,2.141431892947541,0.4002163735054373,nan,nan,nan,10,53611,32796800,32796800,3356,5837830400,5837830400,600198,False
179,2.1359605758421254,0.400830194903373,nan,nan,nan,10,36377,32796800,32796800,2278,5870627200,5870627200,602476,False
180,2.161626072438937,0.39191639842226955,2.146410546452142,0.40324816424396825,8.554098685051322,10,44114,32796800,32796800,2762,5903424000,5903424000,605238,False
181,2.1446068824685685,0.3983204568357407,nan,nan,nan,10,44655,32796800,32796800,2796,5936220800,5936220800,608034,False
182,2.1555930051520744,0.39743255910842623,nan,nan,nan,10,38404,32796800,32796800,2405,5969017600,5969017600,610439,False
183,2.137708254060612,0.3977780850965749,nan,nan,nan,10,43386,32796800,32796800,2715,6001814400,6001814400,613154,False
184,2.1113344539721832,0.40498884224062937,nan,nan,nan,10,52878,32796800,32796800,3310,6034611200,6034611200,616464,False
185,2.1237650214846933,0.40602565257877504,nan,nan,nan,10,33291,32796800,32796800,2084,6067408000,6067408000,618548,False
186,2.152096735902817,0.4015305181633782,nan,nan,nan,10,65076,32796800,32796800,4072,6100204800,6100204800,622620,False
187,2.119457089820596,0.4018318703812927,nan,nan,nan,10,86469,32796800,32796800,5409,6133001600,6133001600,628029,False
188,2.1278371345033267,0.3999956866804693,nan,nan,nan,10,46368,32796800,32796800,2903,6165798400,6165798400,630932,False
189,2.1500043945545757,0.3977147915607941,nan,nan,nan,10,61001,32796800,32796800,3817,6198595200,6198595200,634749,False
190,2.0791495512957225,0.41705157079054855,2.1150896668916483,0.41029147310055447,8.290329100833684,10,52394,32796800,32796800,3281,6231392000,6231392000,638030,False
191,2.090065755308664,0.4069046451341694,nan,nan,nan,10,57092,32796800,32796800,3572,6264188800,6264188800,641602,False
192,2.109834386875109,0.4067111534795043,nan,nan,nan,10,52450,32796800,32796800,3283,6296985600,6296985600,644885,False
193,2.1102508470128054,0.40585332419465386,nan,nan,nan,10,72950,32796800,32796800,4564,6329782400,6329782400,649449,False
194,2.089689110233017,0.4120962755077772,nan,nan,nan,10,42046,32796800,32796800,2632,6362579200,6362579200,652081,False
195,2.0997432937603397,0.4096584695979452,nan,nan,nan,10,39323,32796800,32796800,2462,6395376000,6395376000,654543,False
196,2.0988158026717723,0.4121267648648014,nan,nan,nan,10,42567,32796800,32796800,2665,6428172800,6428172800,657208,False
197,2.077433764039618,0.4136623624230869,nan,nan,nan,10,46156,32796800,32796800,2890,6460969600,6460969600,660098,False
198,2.108900929473567,0.40941275263850985,nan,nan,nan,10,52397,32796800,32796800,3281,6493766400,6493766400,663379,False
199,2.107815419761088,0.40730219734313644,nan,nan,nan,10,59845,32796800,32796800,3746,6526563200,6526563200,667125,False
200,2.084567218770046,0.41107638054019396,2.07729644263039,0.41840251760827213,7.982857600250462,10,62385,32796800,32796800,3904,6559360000,6559360000,671029,False
201,2.0627893902322905,0.41464489436188706,nan,nan,nan,10,40847,32796800,32796800,2555,6592156800,6592156800,673584,False
202,2.0894496047537015,0.4120487282571365,nan,nan,nan,10,49499,32796800,32796800,3098,6624953600,6624953600,676682,False
203,2.0876560013845564,0.4145715344307415,nan,nan,nan,10,37786,32796800,32796800,2366,6657750400,6657750400,679048,False
204,2.0655917133557686,0.4150059470349783,nan,nan,nan,10,41197,32796800,32796800,2579,6690547200,6690547200,681627,False
205,2.079853434643238,0.4158743759165582,nan,nan,nan,10,60689,32796800,32796800,3798,6723344000,6723344000,685425,False
206,2.071485112241444,0.4168393920068027,nan,nan,nan,10,75264,32796800,32796800,4708,6756140800,6756140800,690133,False
207,2.0712702144369053,0.41351133372951865,nan,nan,nan,10,94232,32796800,32796800,5895,6788937600,6788937600,696028,False
208,2.0731133115388105,0.41968229927336326,nan,nan,nan,10,55461,32796800,32796800,3472,6821734400,6821734400,699500,False
209,2.049444462437772,0.41928667626433846,nan,nan,nan,10,43066,32796800,32796800,2696,6854531200,6854531200,702196,False
210,2.051762170762839,0.416895645720933,2.0472839585705422,0.4257080773265398,7.746831790601436,10,49859,32796800,32796800,3120,6887328000,6887328000,705316,False
211,2.0218754887542394,0.4264002133123763,nan,nan,nan,10,71257,32796800,32796800,4458,6920124800,6920124800,709774,False
212,2.0170317556399997,0.42801848859494196,nan,nan,nan,10,79833,32796800,32796800,4994,6952921600,6952921600,714768,False
213,2.00758118041999,0.4315734873549038,nan,nan,nan,10,71332,32796800,32796800,4463,6985718400,6985718400,719231,False
214,2.003119390220126,0.4300492019680787,nan,nan,nan,10,41665,32796800,32796800,2608,7018515200,7018515200,721839,False
215,2.0472244993916715,0.4243439182600585,nan,nan,nan,10,47174,32796800,32796800,2953,7051312000,7051312000,724792,False
216,2.03882176367475,0.4220424005810786,nan,nan,nan,10,88112,32796800,32796800,5513,7084108800,7084108800,730305,False
217,2.0397567579213596,0.4221931520873621,nan,nan,nan,10,70328,32796800,32796800,4400,7116905600,7116905600,734705,False
218,2.000466245677175,0.43056497175141245,nan,nan,nan,10,70800,32796800,32796800,4429,7149702400,7149702400,739134,False
219,1.9961640188567178,0.43382850513969,nan,nan,nan,10,62066,32796800,32796800,3884,7182499200,7182499200,743018,False
220,2.033763834193495,0.4259154730826219,2.009627797909803,0.43329462011089465,7.460540001901668,10,56692,32796800,32796800,3548,7215296000,7215296000,746566,False
221,2.005603252043182,0.4297168114303336,nan,nan,nan,10,19457,32796800,32796800,1221,7248092800,7248092800,747787,False
222,2.018165116481992,0.4248683411809099,nan,nan,nan,10,60953,32796800,32796800,3815,7280889600,7280889600,751602,False
223,2.0241734258784123,0.4253777488861759,nan,nan,nan,10,63071,32796800,32796800,3948,7313686400,7313686400,755550,False
224,1.9777174269402902,0.43709212512945933,nan,nan,nan,10,80141,32796800,32796800,5014,7346483200,7346483200,760564,False
225,1.9939106484015372,0.43087026938678474,nan,nan,nan,10,67301,32796800,32796800,4210,7379280000,7379280000,764774,False
226,1.9909684138602426,0.4262654713863987,nan,nan,nan,10,36923,32796800,32796800,2312,7412076800,7412076800,767086,False
227,1.9672522270665143,0.4404497560285694,nan,nan,nan,10,70705,32796800,32796800,4424,7444873600,7444873600,771510,False
228,2.0101493694514825,0.4298526173676851,nan,nan,nan,10,62219,32796800,32796800,3893,7477670400,7477670400,775403,False
229,2.0118813371440902,0.4269963247577681,nan,nan,nan,10,50881,32796800,32796800,3185,7510467200,7510467200,778588,False
230,1.9792172322944965,0.4366055542662644,1.9834991537183009,0.43844597632249366,7.268130848321886,10,64635,32796800,32796800,4044,7543264000,7543264000,782632,False
231,1.972255889322726,0.4367130750605327,nan,nan,nan,10,66080,32796800,32796800,4134,7576060800,7576060800,786766,False
232,1.9654016031096757,0.4350540342041758,nan,nan,nan,10,76248,32796800,32796800,4770,7608857600,7608857600,791536,False
233,1.9745278898678982,0.4364316014952329,nan,nan,nan,10,47618,32796800,32796800,2980,7641654400,7641654400,794516,False
234,1.9958224586926978,0.42872155342526536,nan,nan,nan,10,85643,32796800,32796800,5358,7674451200,7674451200,799874,False
235,1.955715327204188,0.4393007491972886,nan,nan,nan,10,70075,32796800,32796800,4383,7707248000,7707248000,804257,False
236,1.9813478581124782,0.4359668807552426,nan,nan,nan,10,51692,32796800,32796800,3235,7740044800,7740044800,807492,False
237,1.9460464226053338,0.44431244866830927,nan,nan,nan,10,68184,32796800,32796800,4266,7772841600,7772841600,811758,False
238,1.9498100096442186,0.43908085769305666,nan,nan,nan,10,46217,32796800,32796800,2893,7805638400,7805638400,814651,False
239,1.9356016417840236,0.44636531959426823,nan,nan,nan,10,49688,32796800,32796800,3110,7838435200,7838435200,817761,False
240,1.995936714663335,0.4286438465535377,1.959132540231342,0.4440094410310205,7.093171354844594,10,78907,32796800,32796800,4937,7871232000,7871232000,822698,False
241,1.9684379435377728,0.4396191025825999,nan,nan,nan,10,48517,32796800,32796800,3038,7904028800,7904028800,825736,False
242,1.9235851671183475,0.44832625473809196,nan,nan,nan,10,65691,32796800,32796800,4110,7936825600,7936825600,829846,False
243,1.9756492851198428,0.4340669810871326,nan,nan,nan,10,41982,32796800,32796800,2629,7969622400,7969622400,832475,False
244,1.9678848274388698,0.43628520367289086,nan,nan,nan,10,81135,32796800,32796800,5076,8002419200,8002419200,837551,False
245,1.948299347314066,0.44002200522624124,nan,nan,nan,10,72710,32796800,32796800,4550,8035216000,8035216000,842101,False
246,1.955059444502646,0.44109937699437773,nan,nan,nan,10,52648,32796800,32796800,3295,8068012800,8068012800,845396,False
247,1.9444591951193595,0.43866187763935016,nan,nan,nan,10,66541,32796800,32796800,4163,8100809600,8100809600,849559,False
248,1.9403624691370263,0.44180687165603044,nan,nan,nan,10,62052,32796800,32796800,3884,8133606400,8133606400,853443,False
249,1.9642092499319994,0.44310831343607554,nan,nan,nan,10,46070,32796800,32796800,2884,8166403200,8166403200,856327,False
250,1.8986080683825013,0.4538261308745257,1.939534071626896,0.44777461411658925,6.955509446336401,10,77219,32796800,32796800,4831,8199200000,8199200000,861158,False
251,1.9648872292363018,0.4388828436706565,nan,nan,nan,10,46869,32796800,32796800,2935,8231996800,8231996800,864093,False
252,1.8988033092694854,0.4518988067921065,nan,nan,nan,10,34864,32796800,32796800,2184,8264793600,8264793600,866277,False
253,1.924121109246334,0.4499566868794563,nan,nan,nan,10,60028,32796800,32796800,3757,8297590400,8297590400,870034,False
254,1.953036654401028,0.4421655733621191,nan,nan,nan,10,36129,32796800,32796800,2262,8330387200,8330387200,872296,False
255,1.9162197174723041,0.44947181798035013,nan,nan,nan,10,54148,32796800,32796800,3391,8363184000,8363184000,875687,False
256,1.9203932937790475,0.4449858560753471,nan,nan,nan,10,61157,32796800,32796800,3828,8395980800,8395980800,879515,False
257,1.9473448008247338,0.44461397619774184,nan,nan,nan,10,49155,32796800,32796800,3077,8428777600,8428777600,882592,False
258,1.9425405665755837,0.44290100621485645,nan,nan,nan,10,54064,32796800,32796800,3382,8461574400,8461574400,885974,False
259,1.9171381306812445,0.446573134547053,nan,nan,nan,10,27299,32796800,32796800,1712,8494371200,8494371200,887686,False
260,1.9319193200444311,0.44687225210118403,1.9134476496400494,0.4532631500074929,6.77641126343918,10,97802,32796800,32796800,6117,8527168000,8527168000,893803,False
261,1.896943767306976,0.45513822815130245,nan,nan,nan,10,60118,32796800,32796800,3763,8559964800,8559964800,897566,False
262,1.925522238409001,0.44734180060694617,nan,nan,nan,10,62279,32796800,32796800,3898,8592761600,8592761600,901464,False
263,1.9343200378888303,0.44583979750142894,nan,nan,nan,10,61235,32796800,32796800,3833,8625558400,8625558400,905297,False
264,1.9210625476348466,0.44943234339077054,nan,nan,nan,10,42191,32796800,32796800,2640,8658355200,8658355200,907937,False
265,1.94998021810284,0.43898638852221333,nan,nan,nan,10,46211,32796800,32796800,2894,8691152000,8691152000,910831,False
266,1.8955835071725864,0.45327901544071564,nan,nan,nan,10,35102,32796800,32796800,2198,8723948800,8723948800,913029,False
267,1.899827163804749,0.4530105862169965,nan,nan,nan,10,47798,32796800,32796800,2992,8756745600,8756745600,916021,False
268,1.8851362267705474,0.4569498180978229,nan,nan,nan,10,51951,32796800,32796800,3251,8789542400,8789542400,919272,False
269,1.9095835138263164,0.45064957238424885,nan,nan,nan,10,64427,32796800,32796800,4033,8822339200,8822339200,923305,False
270,1.9025801808855567,0.4544939074487659,1.8947486323644318,0.4571969129327139,6.6508763794252115,10,86417,32796800,32796800,5407,8855136000,8855136000,928712,False
271,1.9186981520909179,0.44967623873873874,nan,nan,nan,10,56832,32796800,32796800,3557,8887932800,8887932800,932269,False
272,1.8928249563722992,0.45593704733195006,nan,nan,nan,10,51086,32796800,32796800,3199,8920729600,8920729600,935468,False
273,1.9239440584454055,0.4450829777145567,nan,nan,nan,10,52725,32796800,32796800,3300,8953526400,8953526400,938768,False
274,1.8816156985188508,0.45718823181071844,nan,nan,nan,10,37151,32796800,32796800,2327,8986323200,8986323200,941095,False
275,1.9058399480499977,0.45319100906188525,nan,nan,nan,10,62018,32796800,32796800,3880,9019120000,9019120000,944975,False
276,1.8944295331350347,0.4560455847962847,nan,nan,nan,10,60722,32796800,32796800,3800,9051916800,9051916800,948775,False
277,1.925517322297742,0.44714155704475883,nan,nan,nan,10,60435,32796800,32796800,3783,9084713600,9084713600,952558,False
278,1.8940265134748546,0.45530431591982756,nan,nan,nan,10,43606,32796800,32796800,2728,9117510400,9117510400,955286,False
279,1.896749610010932,0.45350983036411385,nan,nan,nan,10,56356,32796800,32796800,3527,9150307200,9150307200,958813,False
280,1.8843245743103048,0.45822114623164467,1.8793328776274523,0.4624793945751536,6.549134330480816,10,44197,32796800,32796800,2769,9183104000,9183104000,961582,False
281,1.8748904674056261,0.4602587549955971,nan,nan,nan,10,73815,32796800,32796800,4619,9215900800,9215900800,966201,False
282,1.9115384131948447,0.45156881885371636,nan,nan,nan,10,71710,32796800,32796800,4487,9248697600,9248697600,970688,False
283,1.8504417238822217,0.46403034259777404,nan,nan,nan,10,96498,32796800,32796800,6036,9281494400,9281494400,976724,False
284,1.8892729390725838,0.45649158324897837,nan,nan,nan,10,53346,32796800,32796800,3341,9314291200,9314291200,980065,False
285,1.8977094652496502,0.45647030991246745,nan,nan,nan,10,42270,32796800,32796800,2647,9347088000,9347088000,982712,False
286,1.843069810005431,0.46751474855396913,nan,nan,nan,10,52039,32796800,32796800,3258,9379884800,9379884800,985970,False
287,1.8761410903174094,0.46031796603689423,nan,nan,nan,10,31387,32796800,32796800,1966,9412681600,9412681600,987936,False
288,1.847433333664924,0.4648354564755839,nan,nan,nan,10,60288,32796800,32796800,3773,9445478400,9445478400,991709,False
289,1.8547955738869895,0.4649685728099864,nan,nan,nan,10,45502,32796800,32796800,2847,9478275200,9478275200,994556,False
290,1.8686288197584617,0.46283598464070214,1.862023025550139,0.46409036415405364,6.436745308910354,10,36460,32796800,32796800,2282,9511072000,9511072000,996838,False
291,1.8950524802535798,0.4522385408030321,nan,nan,nan,10,33772,32796800,32796800,2115,9543868800,9543868800,998953,False
292,1.870827799257129,0.46009420101979087,nan,nan,nan,10,46284,32796800,32796800,2898,9576665600,9576665600,1001851,False
293,1.8857255992990876,0.45606755360372,nan,nan,nan,10,61936,32796800,32796800,3876,9609462400,9609462400,1005727,False
294,1.870354094949713,0.4612987012987013,nan,nan,nan,10,48125,32796800,32796800,3013,9642259200,9642259200,1008740,False
295,1.872806593928721,0.46036876392075426,nan,nan,nan,10,59713,32796800,32796800,3737,9675056000,9675056000,1012477,False
296,1.840439804517743,0.4677187432597599,nan,nan,nan,10,83454,32796800,32796800,5222,9707852800,9707852800,1017699,False
297,1.8605971018498355,0.4637214464831385,nan,nan,nan,10,72977,32796800,32796800,4565,9740649600,9740649600,1022264,False
298,1.8819932305005729,0.45556799759330135,nan,nan,nan,10,59833,32796800,32796800,3745,9773446400,9773446400,1026009,False
299,1.8771806391276111,0.4609417793091262,nan,nan,nan,10,56595,32796800,32796800,3541,9806243200,9806243200,1029550,False
300,1.8509573195177156,0.4654104340693734,1.8463866251189902,0.4687921474599131,6.336880578950978,10,46329,32796800,32796800,2900,9839040000,9839040000,1032450,False
301,1.852025356091359,0.46272909075966356,nan,nan,nan,10,36503,32796800,32796800,2286,9871836800,9871836800,1034736,False
302,1.8611953555438325,0.46536172962494277,nan,nan,nan,10,74282,32796800,32796800,4649,9904633600,9904633600,1039385,False
303,1.8358099621915265,0.47040189739757626,nan,nan,nan,10,61558,32796800,32796800,3851,9937430400,9937430400,1043236,False
304,1.8287404412536035,0.4682551213133808,nan,nan,nan,10,68830,32796800,32796800,4306,9970227200,9970227200,1047542,False
305,1.8362940421036895,0.46811088354919667,nan,nan,nan,10,34667,32796800,32796800,2170,10003024000,10003024000,1049712,False
306,1.849466806149857,0.4663076334164918,nan,nan,nan,10,75759,32796800,32796800,4740,10035820800,10035820800,1054452,False
307,1.85432430362063,0.4634294616056841,nan,nan,nan,10,26319,32796800,32796800,1650,10068617600,10068617600,1056102,False
308,1.8048163813943165,0.4779376066360572,nan,nan,nan,10,72091,32796800,32796800,4510,10101414400,10101414400,1060612,False
309,1.8530951254577843,0.466592332103954,nan,nan,nan,10,34977,32796800,32796800,2191,10134211200,10134211200,1062803,False
310,1.8430488458136773,0.46730347972851655,1.8291547043684735,0.47414955791997604,6.22861940787045,10,55694,32796800,32796800,3485,10167008000,10167008000,1066288,False
311,1.8428648810573165,0.4678423057695954,nan,nan,nan,10,58011,32796800,32796800,3629,10199804800,10199804800,1069917,False
312,1.8107378453599965,0.47788285892663074,nan,nan,nan,10,43247,32796800,32796800,2706,10232601600,10232601600,1072623,False
313,1.831474887980827,0.469821017718947,nan,nan,nan,10,66934,32796800,32796800,4190,10265398400,10265398400,1076813,False
314,1.8563933341741445,0.4639956136788238,nan,nan,nan,10,49244,32796800,32796800,3083,10298195200,10298195200,1079896,False
315,1.8282030047315392,0.46713158096405855,nan,nan,nan,10,65245,32796800,32796800,4084,10330992000,10330992000,1083980,False
316,1.8249337387399858,0.47082010852871914,nan,nan,nan,10,39068,32796800,32796800,2445,10363788800,10363788800,1086425,False
317,1.8040798634201443,0.4768388848192356,nan,nan,nan,10,92828,32796800,32796800,5807,10396585600,10396585600,1092232,False
318,1.8570172555717224,0.4644289402845685,nan,nan,nan,10,36406,32796800,32796800,2281,10429382400,10429382400,1094513,False
319,1.8320872051984156,0.4741943408446301,nan,nan,nan,10,44777,32796800,32796800,2805,10462179200,10462179200,1097318,False
320,1.791342437678251,0.48244162964363363,1.8210600168830395,0.47495504270942607,6.1784041927262034,10,42316,32796800,32796800,2649,10494976000,10494976000,1099967,False
321,1.8412620065118024,0.4682413194133553,nan,nan,nan,10,55843,32796800,32796800,3494,10527772800,10527772800,1103461,False
322,1.8284003305833274,0.4719088489936659,nan,nan,nan,10,53362,32796800,32796800,3339,10560569600,10560569600,1106800,False
323,1.791804210181541,0.48023006706408344,nan,nan,nan,10,42944,32796800,32796800,2688,10593366400,10593366400,1109488,False
324,1.8196827793250163,0.4713045156310305,nan,nan,nan,10,51820,32796800,32796800,3243,10626163200,10626163200,1112731,False
325,1.7862755845105511,0.4798865306401449,nan,nan,nan,10,58518,32796800,32796800,3661,10658960000,10658960000,1116392,False
326,1.850674865300824,0.46864899806076277,nan,nan,nan,10,32487,32796800,32796800,2036,10691756800,10691756800,1118428,False
327,1.7994570287110492,0.4787264791744949,nan,nan,nan,10,69194,32796800,32796800,4329,10724553600,10724553600,1122757,False
328,1.8061764153217232,0.4769213200867877,nan,nan,nan,10,43785,32796800,32796800,2742,10757350400,10757350400,1125499,False
329,1.7766761719834752,0.4852950349301397,nan,nan,nan,10,64128,32796800,32796800,4013,10790147200,10790147200,1129512,False
330,1.793560256783367,0.47714185298331935,1.8089821055323827,0.4776150157350517,6.104230806066124,10,36989,32796800,32796800,2317,10822944000,10822944000,1131829,False
331,1.803777469856582,0.47984838704338184,nan,nan,nan,10,60417,32796800,32796800,3780,10855740800,10855740800,1135609,False
332,1.796497288155526,0.47966118009433056,nan,nan,nan,10,51945,32796800,32796800,3251,10888537600,10888537600,1138860,False
333,1.8102144992356846,0.4734837742575862,nan,nan,nan,10,49366,32796800,32796800,3091,10921334400,10921334400,1141951,False
334,1.7851676635497544,0.47958210411906926,nan,nan,nan,10,45083,32796800,32796800,2822,10954131200,10954131200,1144773,False
335,1.8354673131709787,0.4701797476833761,nan,nan,nan,10,44785,32796800,32796800,2804,10986928000,10986928000,1147577,False
336,1.8154805720227263,0.4726321025082305,nan,nan,nan,10,84442,32796800,32796800,5283,11019724800,11019724800,1152860,False
337,1.783452388815129,0.4830134243994348,nan,nan,nan,10,33968,32796800,32796800,2128,11052521600,11052521600,1154988,False
338,1.821710558913923,0.47352811950790863,nan,nan,nan,10,45520,32796800,32796800,2850,11085318400,11085318400,1157838,False
339,1.810002285058374,0.4729935916997254,nan,nan,nan,10,55709,32796800,32796800,3486,11118115200,11118115200,1161324,False
340,1.7707179236777273,0.48678040284042695,1.7932993445674394,0.48132399220740296,6.009246369337273,10,44782,32796800,32796800,2803,11150912000,11150912000,1164127,False
341,1.7729043551074821,0.48584462095596326,nan,nan,nan,10,49981,32796800,32796800,3129,11183708800,11183708800,1167256,False
342,1.8155543601794648,0.4740302432610125,nan,nan,nan,10,28899,32796800,32796800,1811,11216505600,11216505600,1169067,False
343,1.7587788261303916,0.4867817093719133,nan,nan,nan,10,68844,32796800,32796800,4308,11249302400,11249302400,1173375,False
344,1.7729191973028948,0.4833112714747285,nan,nan,nan,10,70257,32796800,32796800,4395,11282099200,11282099200,1177770,False
345,1.8088223855824248,0.4745969513087898,nan,nan,nan,10,61469,32796800,32796800,3848,11314896000,11314896000,1181618,False
346,1.797245391844783,0.4779353593825374,nan,nan,nan,10,51825,32796800,32796800,3243,11347692800,11347692800,1184861,False
347,1.8096576179986528,0.4772801131693143,nan,nan,nan,10,52311,32796800,32796800,3275,11380489600,11380489600,1188136,False
348,1.7918796760351063,0.4802092168504382,nan,nan,nan,10,35370,32796800,32796800,2215,11413286400,11413286400,1190351,False
349,1.796876922867033,0.4768332671636743,nan,nan,nan,10,68007,32796800,32796800,4256,11446083200,11446083200,1194607,False
350,1.7981259001773315,0.4779602599505845,1.7850438537902067,0.48207328038363556,5.95984130348201,10,48163,32796800,32796800,3016,11478880000,11478880000,1197623,False
351,1.7957699608817985,0.4808460389678047,nan,nan,nan,10,57586,32796800,32796800,3606,11511676800,11511676800,1201229,False
352,1.783812988903501,0.4830805545279994,nan,nan,nan,10,56769,32796800,32796800,3554,11544473600,11544473600,1204783,False
353,1.8235049183435341,0.4734132733269628,nan,nan,nan,10,64882,32796800,32796800,4061,11577270400,11577270400,1208844,False
354,1.804347017509938,0.47537251655629137,nan,nan,nan,10,43488,32796800,32796800,2723,11610067200,11610067200,1211567,False
355,1.7851892869306178,0.48012000897263346,nan,nan,nan,10,35664,32796800,32796800,2233,11642864000,11642864000,1213800,False
356,1.7925445125277117,0.47657786368602406,nan,nan,nan,10,59495,32796800,32796800,3723,11675660800,11675660800,1217523,False
357,1.7994259113746593,0.47754320103721193,nan,nan,nan,10,51677,32796800,32796800,3235,11708457600,11708457600,1220758,False
358,1.7680937706403157,0.485559598828437,nan,nan,nan,10,56335,32796800,32796800,3526,11741254400,11741254400,1224284,False
359,1.7975280345308995,0.4781173537694474,nan,nan,nan,10,43322,32796800,32796800,2713,11774051200,11774051200,1226997,False
360,1.7946292322048754,0.47783912525711814,1.7718682873290141,0.4851078974973775,5.8818320548116585,10,46185,32796800,32796800,2891,11806848000,11806848000,1229888,False
361,1.774622297841924,0.4860166675187893,nan,nan,nan,10,78236,32796800,32796800,4894,11839644800,11839644800,1234782,False
362,1.7634034791633564,0.48685320189658726,nan,nan,nan,10,53359,32796800,32796800,3340,11872441600,11872441600,1238122,False
363,1.746131434300613,0.49429864701080906,nan,nan,nan,10,40429,32796800,32796800,2531,11905238400,11905238400,1240653,False
364,1.7457989076428324,0.48796759590183464,nan,nan,nan,10,50364,32796800,32796800,3153,11938035200,11938035200,1243806,False
365,1.7261417702990771,0.4933110608700661,nan,nan,nan,10,69443,32796800,32796800,4344,11970832000,11970832000,1248150,False
366,1.7749309183932611,0.4851157843057033,nan,nan,nan,10,61105,32796800,32796800,3824,12003628800,12003628800,1251974,False
367,1.7827662747293886,0.48719563392107473,nan,nan,nan,10,19056,32796800,32796800,1197,12036425600,12036425600,1253171,False
368,1.784637945364669,0.477903816613494,nan,nan,nan,10,67704,32796800,32796800,4236,12069222400,12069222400,1257407,False
369,1.7892991159860305,0.4824049308059077,nan,nan,nan,10,42995,32796800,32796800,2692,12102019200,12102019200,1260099,False
370,1.779740683496645,0.48195101366201887,1.7633907880165687,0.4882549078375543,5.832179589350216,10,56873,32796800,32796800,3560,12134816000,12134816000,1263659,False
371,1.7683530255985715,0.48409261128659353,nan,nan,nan,10,61418,32796800,32796800,3843,12167612800,12167612800,1267502,False
372,1.77936599000156,0.4851362854901437,nan,nan,nan,10,59911,32796800,32796800,3750,12200409600,12200409600,1271252,False
373,1.7705814496558792,0.484575563889916,nan,nan,nan,10,75724,32796800,32796800,4737,12233206400,12233206400,1275989,False
374,1.7862731549087303,0.47903782828688457,nan,nan,nan,10,49804,32796800,32796800,3118,12266003200,12266003200,1279107,False
375,1.7334767977647918,0.4918271322889469,nan,nan,nan,10,73536,32796800,32796800,4602,12298800000,12298800000,1283709,False
376,1.7516893137327483,0.486203454634658,nan,nan,nan,10,59109,32796800,32796800,3700,12331596800,12331596800,1287409,False
377,1.7379995478666348,0.4920408240984044,nan,nan,nan,10,105036,32796800,32796800,6570,12364393600,12364393600,1293979,False
378,1.77059438242177,0.488616806062985,nan,nan,nan,10,66238,32796800,32796800,4145,12397190400,12397190400,1298124,False
379,1.7493448234161053,0.4900752681009792,nan,nan,nan,10,60052,32796800,32796800,3758,12429987200,12429987200,1301882,False
380,1.7063819906535342,0.4994799423208756,1.7474176152149419,0.4908212198411509,5.7397612489965715,10,84606,32796800,32796800,5292,12462784000,12462784000,1307174,False
381,1.7569717650063135,0.4897566065373116,nan,nan,nan,10,49837,32796800,32796800,3120,12495580800,12495580800,1310294,False
382,1.7422618688414557,0.49393106094519407,nan,nan,nan,10,78185,32796800,32796800,4891,12528377600,12528377600,1315185,False
383,1.7535794854023945,0.4877041846672972,nan,nan,nan,10,78238,32796800,32796800,4896,12561174400,12561174400,1320081,False
384,1.6987408023825714,0.5035910376573679,nan,nan,nan,10,72124,32796800,32796800,4510,12593971200,12593971200,1324591,False
385,1.7037607105027264,0.5058762013843932,nan,nan,nan,10,40162,32796800,32796800,2516,12626768000,12626768000,1327107,False
386,1.745247407351923,0.4921842713018111,nan,nan,nan,10,41135,32796800,32796800,2576,12659564800,12659564800,1329683,False
387,1.7371581438133359,0.49370202130402874,nan,nan,nan,10,50413,32796800,32796800,3156,12692361600,12692361600,1332839,False
388,1.689522539693932,0.5029200187754478,nan,nan,nan,10,91609,32796800,32796800,5729,12725158400,12725158400,1338568,False
389,1.7565119280776333,0.48939621931722,nan,nan,nan,10,42532,32796800,32796800,2664,12757955200,12757955200,1341232,False
390,1.6867003335956363,0.5068809091047944,1.7413445953377429,0.49237599280683353,5.705009196602643,10,65471,32796800,32796800,4096,12790752000,12790752000,1345328,False
391,1.7497018827167499,0.49301084830161834,nan,nan,nan,10,56230,32796800,32796800,3519,12823548800,12823548800,1348847,False
392,1.7513708103326573,0.4895324408833301,nan,nan,nan,10,81872,32796800,32796800,5122,12856345600,12856345600,1353969,False
393,1.7145498801633992,0.49700721742289045,nan,nan,nan,10,63319,32796800,32796800,3962,12889142400,12889142400,1357931,False
394,1.7283998261565803,0.49510867588765106,nan,nan,nan,10,82493,32796800,32796800,5160,12921939200,12921939200,1363091,False
395,1.7154245571240003,0.5005418032902236,nan,nan,nan,10,71059,32796800,32796800,4445,12954736000,12954736000,1367536,False
396,1.7672347181315424,0.48517683942392476,nan,nan,nan,10,51035,32796800,32796800,3195,12987532800,12987532800,1370731,False
397,1.748120527636328,0.4895781252693826,nan,nan,nan,10,58003,32796800,32796800,3630,13020329600,13020329600,1374361,False
398,1.750845373166676,0.4898036828488814,nan,nan,nan,10,65710,32796800,32796800,4112,13053126400,13053126400,1378473,False
399,1.7049878957284474,0.5009322062978256,nan,nan,nan,10,87427,32796800,32796800,5469,13085923200,13085923200,1383942,False
400,1.6999271789706085,0.5030090409895169,1.7212959801473664,0.4958414506219092,5.591770594112769,10,72116,32796800,32796800,4511,13118720000,13118720000,1388453,False
401,1.6998923665851808,0.500800048764877,nan,nan,nan,10,65621,32796800,32796800,4106,13151516800,13151516800,1392559,False
402,1.7089099133342045,0.4998253092027112,nan,nan,nan,10,57244,32796800,32796800,3582,13184313600,13184313600,1396141,False
403,1.7107686050771105,0.4980252554770381,nan,nan,nan,10,56463,32796800,32796800,3535,13217110400,13217110400,1399676,False
404,1.7293289999625057,0.49284417184146695,nan,nan,nan,10,78747,32796800,32796800,4927,13249907200,13249907200,1404603,False
405,1.682168270155164,0.506792629606496,nan,nan,nan,10,64040,32796800,32796800,4007,13282704000,13282704000,1408610,False
406,1.685588312744831,0.5045465354607118,nan,nan,nan,10,88309,32796800,32796800,5524,13315500800,13315500800,1414134,False
407,1.725750233882147,0.49620577679029226,nan,nan,nan,10,58510,32796800,32796800,3662,13348297600,13348297600,1417796,False
408,1.7026201493431214,0.4997849015739271,nan,nan,nan,10,67411,32796800,32796800,4217,13381094400,13381094400,1422013,False
409,1.7049949525678088,0.5024968009737524,nan,nan,nan,10,64082,32796800,32796800,4009,13413891200,13413891200,1426022,False
410,1.7124622428806824,0.5013997571505666,1.7097884987527134,0.500299715270493,5.527792219029472,10,59296,32796800,32796800,3711,13446688000,13446688000,1429733,False
411,1.7468484277409237,0.49289155909820953,nan,nan,nan,10,50433,32796800,32796800,3158,13479484800,13479484800,1432891,False
412,1.7322566610012244,0.4938633719501204,nan,nan,nan,10,61027,32796800,32796800,3819,13512281600,13512281600,1436710,False
413,1.7153637752652842,0.5013372884652791,nan,nan,nan,10,41128,32796800,32796800,2575,13545078400,13545078400,1439285,False
414,1.710310104417098,0.49763577010584625,nan,nan,nan,10,50545,32796800,32796800,3163,13577875200,13577875200,1442448,False
415,1.7051199699356112,0.5004681003386844,nan,nan,nan,10,72634,32796800,32796800,4543,13610672000,13610672000,1446991,False
416,1.6888430814949966,0.5042501595405233,nan,nan,nan,10,39175,32796800,32796800,2453,13643468800,13643468800,1449444,False
417,1.7084571387558103,0.4981323403707216,nan,nan,nan,10,85401,32796800,32796800,5343,13676265600,13676265600,1454787,False
418,1.66458017418576,0.5102822317820362,nan,nan,nan,10,61368,32796800,32796800,3840,13709062400,13709062400,1458627,False
419,1.7044106091450661,0.4986985944820406,nan,nan,nan,10,59551,32796800,32796800,3728,13741859200,13741859200,1462355,False
420,1.6857412166332968,0.5027691822535822,1.7029513784850463,0.5017046306009291,5.490126946537887,10,50737,32796800,32796800,3177,13774656000,13774656000,1465532,False
421,1.6891306375712662,0.5029715731436618,nan,nan,nan,10,41897,32796800,32796800,2624,13807452800,13807452800,1468156,False
422,1.7203998823707607,0.49765779520455256,nan,nan,nan,10,28819,32796800,32796800,1806,13840249600,13840249600,1469962,False
423,1.628013830450261,0.5203454861409818,nan,nan,nan,10,58121,32796800,32796800,3637,13873046400,13873046400,1473599,False
424,1.7157749262845905,0.4958964360206765,nan,nan,nan,10,44108,32796800,32796800,2760,13905843200,13905843200,1476359,False
425,1.701924641050638,0.501370646305982,nan,nan,nan,10,59461,32796800,32796800,3722,13938640000,13938640000,1480081,False
426,1.7041115188953997,0.4994539916087131,nan,nan,nan,10,52197,32796800,32796800,3267,13971436800,13971436800,1483348,False
427,1.6700622689783575,0.5065737974663322,nan,nan,nan,10,62597,32796800,32796800,3918,14004233600,14004233600,1487266,False
428,1.6736570760256781,0.5087347354138398,nan,nan,nan,10,82544,32796800,32796800,5164,14037030400,14037030400,1492430,False
429,1.6955644470647935,0.5035515135422198,nan,nan,nan,10,30128,32796800,32796800,1888,14069827200,14069827200,1494318,False
430,1.699495978415556,0.5014253135689852,1.6951235023445943,0.5032781357710175,5.447318680299767,10,42096,32796800,32796800,2637,14102624000,14102624000,1496955,False
431,1.6767935863537178,0.5060633393465624,nan,nan,nan,10,39912,32796800,32796800,2500,14135420800,14135420800,1499455,False
432,1.718188751620566,0.4978624384436387,nan,nan,nan,10,36958,32796800,32796800,2314,14168217600,14168217600,1501769,False
433,1.6815610513432249,0.506298482180068,nan,nan,nan,10,74383,32796800,32796800,4654,14201014400,14201014400,1506423,False
434,1.6884956175424752,0.5040477582328037,nan,nan,nan,10,56451,32796800,32796800,3533,14233811200,14233811200,1509956,False
435,1.6793470375364183,0.5076937366481934,nan,nan,nan,10,64598,32796800,32796800,4042,14266608000,14266608000,1513998,False
436,1.7014250762654681,0.5009342042278532,nan,nan,nan,10,64761,32796800,32796800,4053,14299404800,14299404800,1518051,False
437,1.696153490607747,0.50164284004613,nan,nan,nan,10,45957,32796800,32796800,2877,14332201600,14332201600,1520928,False
438,1.7073220404799347,0.49921466452316277,nan,nan,nan,10,54117,32796800,32796800,3388,14364998400,14364998400,1524316,False
439,1.6621407074394383,0.5124414676071365,nan,nan,nan,10,84355,32796800,32796800,5277,14397795200,14397795200,1529593,False
440,1.6759707925937664,0.5080489240080699,1.6885410704106096,0.5048703731455118,5.411579829183613,10,47584,32796800,32796800,2978,14430592000,14430592000,1532571,False
441,1.7084368845745685,0.4979055904623812,nan,nan,nan,10,37242,32796800,32796800,2332,14463388800,14463388800,1534903,False
442,1.7315624841531687,0.4936275257603284,nan,nan,nan,10,72107,32796800,32796800,4512,14496185600,14496185600,1539415,False
443,1.7007138895961789,0.5011710670397859,nan,nan,nan,10,65752,32796800,32796800,4114,14528982400,14528982400,1543529,False
444,1.641885375179405,0.5175176090848503,nan,nan,nan,10,76523,32796800,32796800,4788,14561779200,14561779200,1548317,False
445,1.6971366732801487,0.5023689508499463,nan,nan,nan,10,66063,32796800,32796800,4134,14594576000,14594576000,1552451,False
446,1.675432995845152,0.5114455154828366,nan,nan,nan,10,51767,32796800,32796800,3238,14627372800,14627372800,1555689,False
447,1.6916778940168815,0.507113075907729,nan,nan,nan,10,47729,32796800,32796800,2986,14660169600,14660169600,1558675,False
448,1.6498660516308197,0.514477182503551,nan,nan,nan,10,82371,32796800,32796800,5154,14692966400,14692966400,1563829,False
449,1.6953684186309157,0.5030696395846059,nan,nan,nan,10,65480,32796800,32796800,4099,14725763200,14725763200,1567928,False
450,1.6688234234359074,0.5094206014010774,1.6791530049188408,0.5070058444477746,5.361013295690199,10,39541,32796800,32796800,2475,14758560000,14758560000,1570403,False
451,1.6789489390407792,0.5097550850975509,nan,nan,nan,10,79497,32796800,32796800,4974,14791356800,14791356800,1575377,False
452,1.701699786107528,0.5005139379985198,nan,nan,nan,10,48644,32796800,32796800,3046,14824153600,14824153600,1578423,False
453,1.712704731872431,0.5013131679043652,nan,nan,nan,10,44168,32796800,32796800,2765,14856950400,14856950400,1581188,False
454,1.663427528941719,0.5111584786460874,nan,nan,nan,10,38939,32796800,32796800,2439,14889747200,14889747200,1583627,False
455,1.625664889629055,0.5214892893573615,nan,nan,nan,10,58820,32796800,32796800,3680,14922544000,14922544000,1587307,False
456,1.6679364212768344,0.5113945618477412,nan,nan,nan,10,42257,32796800,32796800,2645,14955340800,14955340800,1589952,False
457,1.6550359373915278,0.5137268303796645,nan,nan,nan,10,61449,32796800,32796800,3844,14988137600,14988137600,1593796,False
458,1.663220626130469,0.509582496335306,nan,nan,nan,10,55257,32796800,32796800,3459,15020934400,15020934400,1597255,False
459,1.674382586545417,0.5077719210495941,nan,nan,nan,10,51982,32796800,32796800,3254,15053731200,15053731200,1600509,False
460,1.6766767665841962,0.5089411242384628,1.6713411694038902,0.5082983665517758,5.319297093827701,10,40543,32796800,32796800,2538,15086528000,15086528000,1603047,False
461,1.6201934525763582,0.522722958865479,nan,nan,nan,10,73758,32796800,32796800,4614,15119324800,15119324800,1607661,False
462,1.6678727366732746,0.5113729181952847,nan,nan,nan,10,72233,32796800,32796800,4518,15152121600,15152121600,1612179,False
463,1.6200682444772048,0.5206393409334842,nan,nan,nan,10,34473,32796800,32796800,2157,15184918400,15184918400,1614336,False
464,1.676220370768709,0.5099199591280654,nan,nan,nan,10,46976,32796800,32796800,2940,15217715200,15217715200,1617276,False
465,1.678097493709423,0.5095777854774044,nan,nan,nan,10,40406,32796800,32796800,2529,15250512000,15250512000,1619805,False
466,1.6246285906867337,0.5188556566970091,nan,nan,nan,10,96125,32796800,32796800,6012,15283308800,15283308800,1625817,False
467,1.6408863602357278,0.5178193366266761,nan,nan,nan,10,56680,32796800,32796800,3548,15316105600,15316105600,1629365,False
468,1.6684075677209713,0.509534508049093,nan,nan,nan,10,53857,32796800,32796800,3371,15348902400,15348902400,1632736,False
469,1.6413498460053793,0.5165504528332131,nan,nan,nan,10,37431,32796800,32796800,2343,15381699200,15381699200,1635079,False
470,1.654224732065747,0.513944851266599,1.6630696273539602,0.5116326989360108,5.275479772473744,10,57082,32796800,32796800,3572,15414496000,15414496000,1638651,False
471,1.650897686342517,0.5131581353669464,nan,nan,nan,10,54681,32796800,32796800,3423,15447292800,15447292800,1642074,False
472,1.6660583164388152,0.5090781117527554,nan,nan,nan,10,62513,32796800,32796800,3912,15480089600,15480089600,1645986,False
473,1.621690304522244,0.5240332337447082,nan,nan,nan,10,94723,32796800,32796800,5925,15512886400,15512886400,1651911,False
474,1.6586131510666298,0.5106046380017749,nan,nan,nan,10,77749,32796800,32796800,4862,15545683200,15545683200,1656773,False
475,1.6556707152798253,0.5133271008621585,nan,nan,nan,10,48135,32796800,32796800,3013,15578480000,15578480000,1659786,False
476,1.644662415777636,0.5162109399920891,nan,nan,nan,10,78373,32796800,32796800,4903,15611276800,15611276800,1664689,False
477,1.6283664066804886,0.5230715805009333,nan,nan,nan,10,46074,32796800,32796800,2884,15644073600,15644073600,1667573,False
478,1.637705377609572,0.5161040030402838,nan,nan,nan,10,63152,32796800,32796800,3951,15676870400,15676870400,1671524,False
479,1.6462831819270782,0.5143442973088423,nan,nan,nan,10,58525,32796800,32796800,3663,15709667200,15709667200,1675187,False
480,1.613694896085655,0.5227473987159619,1.6550087575770989,0.5138243668514911,5.233125751479628,10,72272,32796800,32796800,4521,15742464000,15742464000,1679708,False
481,1.6044329187173143,0.5256250962673923,nan,nan,nan,10,97385,32796800,32796800,6091,15775260800,15775260800,1685799,False
482,1.6338357567960224,0.521132810702177,nan,nan,nan,10,65183,32796800,32796800,4078,15808057600,15808057600,1689877,False
483,1.6447104450369927,0.513422873958145,nan,nan,nan,10,60829,32796800,32796800,3806,15840854400,15840854400,1693683,False
484,1.6635752914425266,0.5088091065922273,nan,nan,nan,10,73617,32796800,32796800,4606,15873651200,15873651200,1698289,False
485,1.655873472041209,0.514671684072555,nan,nan,nan,10,47302,32796800,32796800,2961,15906448000,15906448000,1701250,False
486,1.662746385969576,0.5077980814083193,nan,nan,nan,10,49307,32796800,32796800,3087,15939244800,15939244800,1704337,False
487,1.6539300143097442,0.5121680812780575,nan,nan,nan,10,55021,32796800,32796800,3443,15972041600,15972041600,1707780,False
488,1.648433352712714,0.5159282390912521,nan,nan,nan,10,47714,32796800,32796800,2988,16004838400,16004838400,1710768,False
489,1.6431936595603895,0.5150395436276416,nan,nan,nan,10,61704,32796800,32796800,3862,16037635200,16037635200,1714630,False
490,1.6447301920640718,0.5149943589183681,1.6519725296284045,0.5130376142664469,5.217260885676189,10,54954,32796800,32796800,3440,16070432000,16070432000,1718070,False
491,1.6659354904992958,0.5100720175347041,nan,nan,nan,10,76648,32796800,32796800,4796,16103228800,16103228800,1722866,False
492,1.6928063487773115,0.506625429163238,nan,nan,nan,10,35243,32796800,32796800,2209,16136025600,16136025600,1725075,False
493,1.636135752900684,0.5150985812801896,nan,nan,nan,10,65834,32796800,32796800,4120,16168822400,16168822400,1729195,False
494,1.6540102195515693,0.5136643842493123,nan,nan,nan,10,49801,32796800,32796800,3117,16201619200,16201619200,1732312,False
495,1.6524315555958689,0.5139760810858205,nan,nan,nan,10,28513,32796800,32796800,1786,16234416000,16234416000,1734098,False
496,1.620367140087485,0.5242172211350293,nan,nan,nan,10,85848,32796800,32796800,5370,16267212800,16267212800,1739468,False
497,1.6474023351067748,0.5133992856207806,nan,nan,nan,10,53473,32796800,32796800,3347,16300009600,16300009600,1742815,False
498,1.6146258293096685,0.5247761518498892,nan,nan,nan,10,73599,32796800,32796800,4604,16332806400,16332806400,1747419,False
499,1.619224224258937,0.5222092924247155,nan,nan,nan,10,35233,32796800,32796800,2206,16365603200,16365603200,1749625,False
500,1.6249012699418275,0.5187834974448461,1.6450870363461851,0.5159973025625656,5.181460862744843,10,40115,32796800,32796800,2513,16398400000,16398400000,1752138,False
501,1.6200010568572276,0.5235632714624311,nan,nan,nan,10,64974,32796800,32796800,4066,16431196800,16431196800,1756204,False
502,1.680493186519024,0.5066550746237761,nan,nan,nan,10,48309,32796800,32796800,3023,16463993600,16463993600,1759227,False
503,1.6098854652726782,0.5263839845084861,nan,nan,nan,10,70232,32796800,32796800,4393,16496790400,16496790400,1763620,False
504,1.6314153077556932,0.518506894315067,nan,nan,nan,10,47793,32796800,32796800,2991,16529587200,16529587200,1766611,False
505,1.618271122845448,0.5253624973315598,nan,nan,nan,10,60897,32796800,32796800,3810,16562384000,16562384000,1770421,False
506,1.6194638038389235,0.5208545977544772,nan,nan,nan,10,43108,32796800,32796800,2700,16595180800,16595180800,1773121,False
507,1.6747020767400165,0.5102703800209807,nan,nan,nan,10,29551,32796800,32796800,1854,16627977600,16627977600,1774975,False
508,1.657871710418079,0.5118691608059892,nan,nan,nan,10,48487,32796800,32796800,3035,16660774400,16660774400,1778010,False
509,1.6388838561016494,0.5213038728233484,nan,nan,nan,10,44851,32796800,32796800,2808,16693571200,16693571200,1780818,False
510,1.6090221920258831,0.5247126687934275,1.6375205253314957,0.5167840551476097,5.142403233390124,10,68649,32796800,32796800,4295,16726368000,16726368000,1785113,False
511,1.6146370400906382,0.520969871564038,nan,nan,nan,10,41655,32796800,32796800,2609,16759164800,16759164800,1787722,False
512,1.6080162396597668,0.5225666122892877,nan,nan,nan,10,57009,32796800,32796800,3567,16791961600,16791961600,1791289,False
513,1.6403368686247586,0.5181274528125585,nan,nan,nan,10,64212,32796800,32796800,4019,16824758400,16824758400,1795308,False
514,1.647450717058317,0.5146109368112635,nan,nan,nan,10,38567,32796800,32796800,2415,16857555200,16857555200,1797723,False
515,1.645432755342037,0.5202423892656183,nan,nan,nan,10,34655,32796800,32796800,2171,16890352000,16890352000,1799894,False
516,1.6255903484015137,0.5190412782956059,nan,nan,nan,10,63835,32796800,32796800,3993,16923148800,16923148800,1803887,False
517,1.6741652639332434,0.5087121762787896,nan,nan,nan,10,48151,32796800,32796800,3014,16955945600,16955945600,1806901,False
518,1.6053490841000555,0.5269181856718949,nan,nan,nan,10,49539,32796800,32796800,3101,16988742400,16988742400,1810002,False
519,1.6579364555657214,0.5147229981378026,nan,nan,nan,10,34368,32796800,32796800,2151,17021539200,17021539200,1812153,False
520,1.5987068702237623,0.5286686617760005,1.6322490195186174,0.518676007792597,5.115366350007225,10,75518,32796800,32796800,4723,17054336000,17054336000,1816876,False
521,1.6271612862581482,0.5180479089947861,nan,nan,nan,10,54854,32796800,32796800,3434,17087132800,17087132800,1820310,False
522,1.5821833624397723,0.5323438812657519,nan,nan,nan,10,64278,32796800,32796800,4022,17119929600,17119929600,1824332,False
523,1.585112269922418,0.5295650786333576,nan,nan,nan,10,56401,32796800,32796800,3530,17152726400,17152726400,1827862,False
524,1.6050425137736803,0.524745014195086,nan,nan,nan,10,57062,32796800,32796800,3571,17185523200,17185523200,1831433,False
525,1.6198213355399056,0.5232856506307331,nan,nan,nan,10,65083,32796800,32796800,4072,17218320000,17218320000,1835505,False
526,1.5575297295067445,0.5383238154036116,nan,nan,nan,10,64790,32796800,32796800,4053,17251116800,17251116800,1839558,False
527,1.6427595769261951,0.5161431926428305,nan,nan,nan,10,45561,32796800,32796800,2852,17283913600,17283913600,1842410,False
528,1.609904183285991,0.5248545644391408,nan,nan,nan,10,53632,32796800,32796800,3357,17316710400,17316710400,1845767,False
529,1.6568340265027293,0.5115087230585168,nan,nan,nan,10,56001,32796800,32796800,3505,17349507200,17349507200,1849272,False
530,1.592429554522163,0.5302134482413068,1.6275561056304295,0.5197999400569459,5.091416617191592,10,49895,32796800,32796800,3123,17382304000,17382304000,1852395,False
531,1.6367514037959117,0.5153325526467261,nan,nan,nan,10,50383,32796800,32796800,3153,17415100800,17415100800,1855548,False
532,1.6075973270793191,0.5245642077326739,nan,nan,nan,10,66316,32796800,32796800,4150,17447897600,17447897600,1859698,False
533,1.6108225890365515,0.5246687632108058,nan,nan,nan,10,38794,32796800,32796800,2429,17480694400,17480694400,1862127,False
534,1.5849929838560648,0.530361478284327,nan,nan,nan,10,74140,32796800,32796800,4638,17513491200,17513491200,1866765,False
535,1.613855262308711,0.5227894142731719,nan,nan,nan,10,79730,32796800,32796800,4988,17546288000,17546288000,1871753,False
536,1.6212271056109828,0.5219456438912878,nan,nan,nan,10,39370,32796800,32796800,2466,17579084800,17579084800,1874219,False
537,1.6085267778613752,0.52333393862357,nan,nan,nan,10,66084,32796800,32796800,4135,17611881600,17611881600,1878354,False
538,1.5725763610959782,0.5340178405500836,nan,nan,nan,10,107620,32796800,32796800,6730,17644678400,17644678400,1885084,False
539,1.6028732745128826,0.5278457501695215,nan,nan,nan,10,67838,32796800,32796800,4245,17677475200,17677475200,1889329,False
540,1.597349950196118,0.5280983383082238,1.6201912160757936,0.5201371197362505,5.054056641050275,10,85094,32796800,32796800,5324,17710272000,17710272000,1894653,False
541,1.626681455055999,0.5196876557567702,nan,nan,nan,10,42133,32796800,32796800,2638,17743068800,17743068800,1897291,False
542,1.6024438949014737,0.527176852352623,nan,nan,nan,10,73960,32796800,32796800,4627,17775865600,17775865600,1901918,False
543,1.6027520780761635,0.5259787630704386,nan,nan,nan,10,61685,32796800,32796800,3859,17808662400,17808662400,1905777,False
544,1.633041198879126,0.5173149219201851,nan,nan,nan,10,55328,32796800,32796800,3464,17841459200,17841459200,1909241,False
545,1.6130325320818013,0.5255474452554745,nan,nan,nan,10,28907,32796800,32796800,1811,17874256000,17874256000,1911052,False
546,1.6100559558963978,0.5240644559861499,nan,nan,nan,10,75090,32796800,32796800,4698,17907052800,17907052800,1915750,False
547,1.6512082255467326,0.5118715862222718,nan,nan,nan,10,35884,32796800,32796800,2248,17939849600,17939849600,1917998,False
548,1.5818648376903282,0.5328942040331507,nan,nan,nan,10,37043,32796800,32796800,2320,17972646400,17972646400,1920318,False
549,1.6270113840821574,0.5193370165745856,nan,nan,nan,10,33485,32796800,32796800,2097,18005443200,18005443200,1922415,False
550,1.586265776412881,0.530216995932194,1.6156053508612485,0.5221040011988611,5.030932481173323,10,72029,32796800,32796800,4508,18038240000,18038240000,1926923,False
551,1.5998922553564023,0.5258239676726859,nan,nan,nan,10,39595,32796800,32796800,2479,18071036800,18071036800,1929402,False
552,1.5967403800086346,0.5283123286292858,nan,nan,nan,10,79506,32796800,32796800,4975,18103833600,18103833600,1934377,False
553,1.6047377146611217,0.527085041724953,nan,nan,nan,10,41462,32796800,32796800,2597,18136630400,18136630400,1936974,False
554,1.6157535422563145,0.5223569674875381,nan,nan,nan,10,80646,32796800,32796800,5046,18169427200,18169427200,1942020,False
555,1.5716868533522623,0.5380403347086723,nan,nan,nan,10,51866,32796800,32796800,3247,18202224000,18202224000,1945267,False
556,1.6034549118558008,0.5286857544542677,nan,nan,nan,10,73974,32796800,32796800,4628,18235020800,18235020800,1949895,False
557,1.6080822501295378,0.5265747414603572,nan,nan,nan,10,31910,32796800,32796800,1999,18267817600,18267817600,1951894,False
558,1.5991391088077707,0.5296872386686737,nan,nan,nan,10,71748,32796800,32796800,4490,18300614400,18300614400,1956384,False
559,1.5824652759898357,0.5280146867501229,nan,nan,nan,10,69178,32796800,32796800,4328,18333411200,18333411200,1960712,False
560,1.610572016156269,0.5252522497954731,1.6136858903109428,0.5237711673909786,5.021285066622301,10,36670,32796800,32796800,2298,18366208000,18366208000,1963010,False
561,1.597699998046742,0.5254974332866659,nan,nan,nan,10,47142,32796800,32796800,2950,18399004800,18399004800,1965960,False
562,1.5497954202379534,0.5428809133137668,nan,nan,nan,10,43271,32796800,32796800,2709,18431801600,18431801600,1968669,False
563,1.574448560034139,0.5338323069635244,nan,nan,nan,10,52775,32796800,32796800,3303,18464598400,18464598400,1971972,False
564,1.6033049284781544,0.5249545362699535,nan,nan,nan,10,44541,32796800,32796800,2788,18497395200,18497395200,1974760,False
565,1.5438031583213796,0.5399196673948277,nan,nan,nan,10,56764,32796800,32796800,3553,18530192000,18530192000,1978313,False
566,1.5974586703801377,0.5283596681667218,nan,nan,nan,10,69553,32796800,32796800,4351,18562988800,18562988800,1982664,False
567,1.5856394108642995,0.5330505673680731,nan,nan,nan,10,54462,32796800,32796800,3409,18595785600,18595785600,1986073,False
568,1.5875894575067484,0.5295506854798359,nan,nan,nan,10,49965,32796800,32796800,3130,18628582400,18628582400,1989203,False
569,1.5827122448459636,0.5309203051452687,nan,nan,nan,10,43127,32796800,32796800,2700,18661379200,18661379200,1991903,False
570,1.6027311583867019,0.5292985060777582,1.6063530144262006,0.5259253708976472,4.984599277003882,10,43108,32796800,32796800,2698,18694176000,18694176000,1994601,False
571,1.5750058002877283,0.5333586392639589,nan,nan,nan,10,55323,32796800,32796800,3463,18726972800,18726972800,1998064,False
572,1.5844560548556526,0.5312431447326235,nan,nan,nan,10,59261,32796800,32796800,3709,18759769600,18759769600,2001773,False
573,1.5655476958402792,0.5375114085792516,nan,nan,nan,10,65740,32796800,32796800,4112,18792566400,18792566400,2005885,False
574,1.5979939770992075,0.528977951834804,nan,nan,nan,10,39323,32796800,32796800,2462,18825363200,18825363200,2008347,False
575,1.5891213509078124,0.531186447371019,nan,nan,nan,10,50647,32796800,32796800,3170,18858160000,18858160000,2011517,False
576,1.6183713681388772,0.5224942885595454,nan,nan,nan,10,34142,32796800,32796800,2138,18890956800,18890956800,2013655,False
577,1.6015047284376291,0.5271974583614133,nan,nan,nan,10,20774,32796800,32796800,1304,18923753600,18923753600,2014959,False
578,1.5681133121548465,0.5365695050110932,nan,nan,nan,10,52284,32796800,32796800,3273,18956550400,18956550400,2018232,False
579,1.5791579363406318,0.5350358634823047,nan,nan,nan,10,50748,32796800,32796800,3176,18989347200,18989347200,2021408,False
580,1.5899773050698567,0.5306211458547874,1.5998045813103015,0.5265435336430391,4.952064603856896,10,82541,32796800,32796800,5166,19022144000,19022144000,2026574,False
581,1.6007513932077,0.5263100365083182,nan,nan,nan,10,45743,32796800,32796800,2864,19054940800,19054940800,2029438,False
582,1.552966771945242,0.5394010121784947,nan,nan,nan,10,86546,32796800,32796800,5416,19087737600,19087737600,2034854,False
583,1.6164891370226637,0.521073263867731,nan,nan,nan,10,49233,32796800,32796800,3081,19120534400,19120534400,2037935,False
584,1.5722135668967707,0.5340930424661134,nan,nan,nan,10,53266,32796800,32796800,3333,19153331200,19153331200,2041268,False
585,1.5940033453142692,0.5256047987309141,nan,nan,nan,10,40344,32796800,32796800,2526,19186128000,19186128000,2043794,False
586,1.559673516180734,0.5400608960417573,nan,nan,nan,10,45980,32796800,32796800,2879,19218924800,19218924800,2046673,False
587,1.552774555589734,0.5411566136626099,nan,nan,nan,10,56285,32796800,32796800,3521,19251721600,19251721600,2050194,False
588,1.5916972137389795,0.5312895217574594,nan,nan,nan,10,42698,32796800,32796800,2673,19284518400,19284518400,2052867,False
589,1.5898413310045547,0.5264989293361885,nan,nan,nan,10,41096,32796800,32796800,2574,19317315200,19317315200,2055441,False
590,1.5702957760866385,0.5348424097853118,1.5964970894701636,0.5279484489734751,4.935712747310614,10,59109,32796800,32796800,3700,19350112000,19350112000,2059141,False
591,1.5676106806030978,0.5338681229224611,nan,nan,nan,10,58964,32796800,32796800,3690,19382908800,19382908800,2062831,False
592,1.6065213231344164,0.5244334734999068,nan,nan,nan,10,69679,32796800,32796800,4360,19415705600,19415705600,2067191,False
593,1.5744727549309032,0.5342462911090362,nan,nan,nan,10,48195,32796800,32796800,3017,19448502400,19448502400,2070208,False
594,1.5605491117897423,0.5361078353051572,nan,nan,nan,10,78861,32796800,32796800,4934,19481299200,19481299200,2075142,False
595,1.543684274623645,0.5408867649011018,nan,nan,nan,10,75330,32796800,32796800,4712,19514096000,19514096000,2079854,False
596,1.5694511467140522,0.5378771101987974,nan,nan,nan,10,58703,32796800,32796800,3675,19546892800,19546892800,2083529,False
597,1.5248322857416152,0.5445465696035172,nan,nan,nan,10,62777,32796800,32796800,3928,19579689600,19579689600,2087457,False
598,1.5400533173733824,0.5440246195930928,nan,nan,nan,10,64339,32796800,32796800,4026,19612486400,19612486400,2091483,False
599,1.610390034317474,0.5241505662891406,nan,nan,nan,10,48032,32796800,32796800,3006,19645283200,19645283200,2094489,False
600,1.5485457714718354,0.5388407935090648,1.5941254583127527,0.5279484489734751,4.924020926997916,10,51518,32796800,32796800,3224,19678080000,19678080000,2097713,False
601,1.5212102014331739,0.5485582738304264,nan,nan,nan,10,51258,32796800,32796800,3206,19710876800,19710876800,2100919,False
602,1.5994701987731101,0.5277414694551459,nan,nan,nan,10,58144,32796800,32796800,3638,19743673600,19743673600,2104557,False
603,1.5642592566779252,0.5350251762336354,nan,nan,nan,10,49650,32796800,32796800,3107,19776470400,19776470400,2107664,False
604,1.5435115459002533,0.5425980775678999,nan,nan,nan,10,71576,32796800,32796800,4478,19809267200,19809267200,2112142,False
605,1.5425913301952991,0.5423547249414944,nan,nan,nan,10,60678,32796800,32796800,3797,19842064000,19842064000,2115939,False
606,1.5647079480211912,0.5374933047670059,nan,nan,nan,10,33606,32796800,32796800,2106,19874860800,19874860800,2118045,False
607,1.542966285486812,0.5418217697448087,nan,nan,nan,10,44594,32796800,32796800,2793,19907657600,19907657600,2120838,False
608,1.5618408749914634,0.5372295988197444,nan,nan,nan,10,56259,32796800,32796800,3520,19940454400,19940454400,2124358,False
609,1.5592103881642998,0.5362363519588953,nan,nan,nan,10,77850,32796800,32796800,4870,19973251200,19973251200,2129228,False
610,1.623703514419712,0.5201520391740575,1.5937149062893405,0.5256256556271542,4.92199977516539,10,29203,32796800,32796800,1830,20006048000,20006048000,2131058,False
611,1.5970963968776604,0.5267414451759733,nan,nan,nan,10,49212,32796800,32796800,3080,20038844800,20038844800,2134138,False
612,1.586766672573383,0.5314921018211087,nan,nan,nan,10,39756,32796800,32796800,2487,20071641600,20071641600,2136625,False
613,1.5962640086408908,0.526912286568939,nan,nan,nan,10,53823,32796800,32796800,3369,20104438400,20104438400,2139994,False
614,1.5706697098707676,0.5348630204727525,nan,nan,nan,10,60666,32796800,32796800,3796,20137235200,20137235200,2143790,False
615,1.5647773407679018,0.5363548230731944,nan,nan,nan,10,70142,32796800,32796800,4388,20170032000,20170032000,2148178,False
616,1.5646137267702727,0.5400664008015245,nan,nan,nan,10,50903,32796800,32796800,3187,20202828800,20202828800,2151365,False
617,1.5360735842488094,0.5430042627032329,nan,nan,nan,10,53018,32796800,32796800,3318,20235625600,20235625600,2154683,False
618,1.5388534902755213,0.5408652092502979,nan,nan,nan,10,82246,32796800,32796800,5145,20268422400,20268422400,2159828,False
619,1.5261118917204934,0.544721145456366,nan,nan,nan,10,69911,32796800,32796800,4374,20301219200,20301219200,2164202,False
620,1.5934568371887547,0.5281695340766448,1.5861189145475925,0.5311703881312753,4.8847539441202406,10,54172,32796800,32796800,3390,20334016000,20334016000,2167592,False
621,1.5423717144383924,0.5429841897233202,nan,nan,nan,10,62744,32796800,32796800,3927,20366812800,20366812800,2171519,False
622,1.5604966074635556,0.5385910884419209,nan,nan,nan,10,41564,32796800,32796800,2602,20399609600,20399609600,2174121,False
623,1.572539217556197,0.5368535524407927,nan,nan,nan,10,41380,32796800,32796800,2593,20432406400,20432406400,2176714,False
624,1.5472158876108129,0.541645217749408,nan,nan,nan,10,58278,32796800,32796800,3647,20465203200,20465203200,2180361,False
625,1.5345173840507775,0.5435252592102361,nan,nan,nan,10,90660,32796800,32796800,5671,20498000000,20498000000,2186032,False
626,1.5387992400076294,0.5434838500155613,nan,nan,nan,10,73901,32796800,32796800,4623,20530796800,20530796800,2190655,False
627,1.5499638112137983,0.5382499128808026,nan,nan,nan,10,54523,32796800,32796800,3412,20563593600,20563593600,2194067,False
628,1.5522997822245748,0.5374105253680277,nan,nan,nan,10,88852,32796800,32796800,5558,20596390400,20596390400,2199625,False
629,1.5157533976347035,0.5471643143856014,nan,nan,nan,10,92676,32796800,32796800,5797,20629187200,20629187200,2205422,False
630,1.5362294920265902,0.5452482588182431,1.5821979154840895,0.5305147609770717,4.865638329124805,10,44510,32796800,32796800,2787,20661984000,20661984000,2208209,False
631,1.5708097467624256,0.5341939091735209,nan,nan,nan,10,42917,32796800,32796800,2686,20694780800,20694780800,2210895,False
632,1.514020182054749,0.5487074342600942,nan,nan,nan,10,80963,32796800,32796800,5065,20727577600,20727577600,2215960,False
633,1.5551363072547228,0.5375084478486145,nan,nan,nan,10,75463,32796800,32796800,4722,20760374400,20760374400,2220682,False
634,1.5561756569898468,0.537513259367564,nan,nan,nan,10,69762,32796800,32796800,4364,20793171200,20793171200,2225046,False
635,1.5305183865470957,0.545453267151314,nan,nan,nan,10,71117,32796800,32796800,4450,20825968000,20825968000,2229496,False
636,1.5392001071883665,0.54205789345658,nan,nan,nan,10,41110,32796800,32796800,2574,20858764800,20858764800,2232070,False
637,1.5824505341315513,0.5336359051941503,nan,nan,nan,10,29745,32796800,32796800,1863,20891561600,20891561600,2233933,False
638,1.514680808460874,0.5475926094475289,nan,nan,nan,10,54935,32796800,32796800,3437,20924358400,20924358400,2237370,False
639,1.5313139829984037,0.5474474569813956,nan,nan,nan,10,62996,32796800,32796800,3943,20957155200,20957155200,2241313,False
640,1.5066113449337077,0.5500419571391686,1.5785906673746095,0.532106998351566,4.8481183828549925,10,61968,32796800,32796800,3878,20989952000,20989952000,2245191,False
641,1.5014933781301276,0.5489183556793242,nan,nan,nan,10,54223,32796800,32796800,3393,21022748800,21022748800,2248584,False
642,1.523387389869199,0.5437792449201975,nan,nan,nan,10,62404,32796800,32796800,3905,21055545600,21055545600,2252489,False
643,1.510671730400852,0.5483420497795789,nan,nan,nan,10,73042,32796800,32796800,4569,21088342400,21088342400,2257058,False
644,1.5510855371955372,0.5413972888425443,nan,nan,nan,10,57540,32796800,32796800,3602,21121139200,21121139200,2260660,False
645,1.5270506397278614,0.5465791505791506,nan,nan,nan,10,64750,32796800,32796800,4051,21153936000,21153936000,2264711,False
646,1.5350574728988364,0.5446756862885089,nan,nan,nan,10,56026,32796800,32796800,3506,21186732800,21186732800,2268217,False
647,1.5619268049901784,0.536489898989899,nan,nan,nan,10,39600,32796800,32796800,2479,21219529600,21219529600,2270696,False
648,1.543499425408102,0.5452346307748273,nan,nan,nan,10,54980,32796800,32796800,3440,21252326400,21252326400,2274136,False
649,1.5390254364577634,0.5428805348980009,nan,nan,nan,10,58628,32796800,32796800,3669,21285123200,21285123200,2277805,False
650,1.5418671990027015,0.5415806813656276,1.5732345616426244,0.5340176832009591,4.822220765296424,10,55242,32796800,32796800,3457,21317920000,21317920000,2281262,False
651,1.573062142900314,0.5333112700796823,nan,nan,nan,10,39281,32796800,32796800,2460,21350716800,21350716800,2283722,False
652,1.5254549437736993,0.5444669851449513,nan,nan,nan,10,45843,32796800,32796800,2869,21383513600,21383513600,2286591,False
653,1.5327302062380406,0.5457374406734128,nan,nan,nan,10,44668,32796800,32796800,2797,21416310400,21416310400,2289388,False
654,1.5117199028550063,0.5485762605930256,nan,nan,nan,10,108798,32796800,32796800,6805,21449107200,21449107200,2296193,False
655,1.5039409271262902,0.5519184019962186,nan,nan,nan,10,77747,32796800,32796800,4865,21481904000,21481904000,2301058,False
656,1.52101734022203,0.5449678991267851,nan,nan,nan,10,56229,32796800,32796800,3518,21514700800,21514700800,2304576,False
657,1.596342820196192,0.5279791243838794,nan,nan,nan,10,44837,32796800,32796800,2807,21547497600,21547497600,2307383,False
658,1.4982622857236423,0.554232769316052,nan,nan,nan,10,37883,32796800,32796800,2372,21580294400,21580294400,2309755,False
659,1.5451876629634913,0.5419537275064268,nan,nan,nan,10,58350,32796800,32796800,3652,21613091200,21613091200,2313407,False
660,1.598281333792763,0.5325282308657465,1.5708812067181064,0.5333058594335381,4.8108857112453265,10,31880,32796800,32796800,1998,21645888000,21645888000,2315405,False
661,1.4921013063500916,0.5546056028530602,nan,nan,nan,10,83279,32796800,32796800,5209,21678684800,21678684800,2320614,False
662,1.5313701771584296,0.5438489646772229,nan,nan,nan,10,47618,32796800,32796800,2980,21711481600,21711481600,2323594,False
663,1.5757429469888866,0.5338003166530729,nan,nan,nan,10,41686,32796800,32796800,2610,21744278400,21744278400,2326204,False
664,1.5595329252939583,0.535655737704918,nan,nan,nan,10,63440,32796800,32796800,3969,21777075200,21777075200,2330173,False
665,1.523945210091206,0.5455644078417331,nan,nan,nan,10,67026,32796800,32796800,4194,21809872000,21809872000,2334367,False
666,1.550379272917937,0.5399327937105057,nan,nan,nan,10,47317,32796800,32796800,2962,21842668800,21842668800,2337329,False
667,1.5072808230222612,0.5491182330226038,nan,nan,nan,10,81314,32796800,32796800,5087,21875465600,21875465600,2342416,False
668,1.5678671581579156,0.5363567164777052,nan,nan,nan,10,49922,32796800,32796800,3125,21908262400,21908262400,2345541,False
669,1.5868374337910631,0.5318491594729668,nan,nan,nan,10,44020,32796800,32796800,2757,21941059200,21941059200,2348298,False
670,1.5862058090535356,0.5323215976060338,1.5690868575944905,0.5348606323992208,4.802261042832703,10,32749,32796800,32796800,2051,21973856000,21973856000,2350349,False
671,1.531676025392886,0.5452510965893832,nan,nan,nan,10,44684,32796800,32796800,2799,22006652800,22006652800,2353148,False
672,1.5370511854858289,0.5423268022874285,nan,nan,nan,10,53335,32796800,32796800,3336,22039449600,22039449600,2356484,False
673,1.4836998204099694,0.5570014100913494,nan,nan,nan,10,65244,32796800,32796800,4083,22072246400,22072246400,2360567,False
674,1.5038910253922761,0.5488301119023398,nan,nan,nan,10,62912,32796800,32796800,3937,22105043200,22105043200,2364504,False
675,1.5381382208178274,0.5406814891800601,nan,nan,nan,10,53882,32796800,32796800,3372,22137840000,22137840000,2367876,False
676,1.5338796679207327,0.5449556491353821,nan,nan,nan,10,44644,32796800,32796800,2795,22170636800,22170636800,2370671,False
677,1.5131569818731394,0.5464955372587006,nan,nan,nan,10,86718,32796800,32796800,5424,22203433600,22203433600,2376095,False
678,1.5324112037497293,0.5465670877829739,nan,nan,nan,10,85962,32796800,32796800,5379,22236230400,22236230400,2381474,False
679,1.5096536463241625,0.5495501271612062,nan,nan,nan,10,93582,32796800,32796800,5854,22269027200,22269027200,2387328,False
680,1.5072364387073314,0.5493221131369799,1.5689823006504606,0.5343923272890754,4.801758959342246,10,62031,32796800,32796800,3882,22301824000,22301824000,2391210,False
681,1.4543443449688407,0.5668701167021213,nan,nan,nan,10,50299,32796800,32796800,3149,22334620800,22334620800,2394359,False
682,1.548948954904699,0.5393185990778243,nan,nan,nan,10,71353,32796800,32796800,4466,22367417600,22367417600,2398825,False
683,1.5531186459939277,0.5405272766533833,nan,nan,nan,10,50941,32796800,32796800,3188,22400214400,22400214400,2402013,False
684,1.4979897435287326,0.5524183526370732,nan,nan,nan,10,80468,32796800,32796800,5033,22433011200,22433011200,2407046,False
685,1.4856414752579084,0.5551167037154652,nan,nan,nan,10,100768,32796800,32796800,6303,22465808000,22465808000,2413349,False
686,1.5070508162195393,0.5479829113742581,nan,nan,nan,10,34877,32796800,32796800,2184,22498604800,22498604800,2415533,False
687,1.5426472853611939,0.5404321338025504,nan,nan,nan,10,52854,32796800,32796800,3308,22531401600,22531401600,2418841,False
688,1.49430125667204,0.553025924411802,nan,nan,nan,10,70937,32796800,32796800,4438,22564198400,22564198400,2423279,False
689,1.5344403543904082,0.5437764974453745,nan,nan,nan,10,45995,32796800,32796800,2880,22596995200,22596995200,2426159,False
690,1.5251565956963613,0.5458606003947232,1.5604029923708707,0.5358534392327289,4.760739400268965,10,67389,32796800,32796800,4217,22629792000,22629792000,2430376,False
691,1.539935149878994,0.54163623082542,nan,nan,nan,10,32856,32796800,32796800,2059,22662588800,22662588800,2432435,False
692,1.522598579112447,0.5452369662895978,nan,nan,nan,10,44289,32796800,32796800,2772,22695385600,22695385600,2435207,False
693,1.5377390756067764,0.5425501894702894,nan,nan,nan,10,49612,32796800,32796800,3106,22728182400,22728182400,2438313,False
694,1.4976656593665378,0.5540975256681768,nan,nan,nan,10,74606,32796800,32796800,4668,22760979200,22760979200,2442981,False
695,1.473130507667496,0.559606257041018,nan,nan,nan,10,54147,32796800,32796800,3389,22793776000,22793776000,2446370,False
696,1.5122566095091874,0.5495050726963047,nan,nan,nan,10,81022,32796800,32796800,5070,22826572800,22826572800,2451440,False
697,1.5611011642484136,0.5379588827639361,nan,nan,nan,10,59683,32796800,32796800,3736,22859369600,22859369600,2455176,False
698,1.4923129705291651,0.5557009858768392,nan,nan,nan,10,47369,32796800,32796800,2966,22892166400,22892166400,2458142,False
699,1.4779539145272966,0.5596028791263341,nan,nan,nan,10,100725,32796800,32796800,6301,22924963200,22924963200,2464443,False
700,1.5054905865129953,0.5518153974248416,1.5578746267224688,0.5373520155851941,4.748717714321408,10,33629,32796800,32796800,2105,22957760000,22957760000,2466548,False
701,1.5320569270686282,0.5419365004333097,nan,nan,nan,10,63465,32796800,32796800,3971,22990556800,22990556800,2470519,False
702,1.5833354217961941,0.5361964810352227,nan,nan,nan,10,30293,32796800,32796800,1898,23023353600,23023353600,2472417,False
703,1.5166092181165889,0.5508319401321551,nan,nan,nan,10,50244,32796800,32796800,3145,23056150400,23056150400,2475562,False
704,1.4867317833008398,0.5544161903093802,nan,nan,nan,10,62803,32796800,32796800,3931,23088947200,23088947200,2479493,False
705,1.567100021637613,0.5403333242706833,nan,nan,nan,10,36781,32796800,32796800,2304,23121744000,23121744000,2481797,False
706,1.5255590863810833,0.548654836863194,nan,nan,nan,10,38434,32796800,32796800,2407,23154540800,23154540800,2484204,False
707,1.4997758765235634,0.5497878328166568,nan,nan,nan,10,45483,32796800,32796800,2848,23187337600,23187337600,2487052,False
708,1.5200369149910404,0.5481728127861484,nan,nan,nan,10,60065,32796800,32796800,3758,23220134400,23220134400,2490810,False
709,1.512998749589373,0.5470964743657449,nan,nan,nan,10,47339,32796800,32796800,2963,23252931200,23252931200,2493773,False
710,1.5385386370826506,0.5437313462336687,1.5550765358095813,0.538063839352615,4.735448942708848,10,50593,32796800,32796800,3167,23285728000,23285728000,2496940,False
711,1.5260262752753855,0.54647497748617,nan,nan,nan,10,62184,32796800,32796800,3891,23318524800,23318524800,2500831,False
712,1.5118486372744664,0.549482803991822,nan,nan,nan,10,49401,32796800,32796800,3094,23351321600,23351321600,2503925,False
713,1.501135500660808,0.5519085555940423,nan,nan,nan,10,72175,32796800,32796800,4514,23384118400,23384118400,2508439,False
714,1.4907776974276403,0.5559905256924798,nan,nan,nan,10,60796,32796800,32796800,3805,23416915200,23416915200,2512244,False
715,1.4724809068999862,0.5590305382780714,nan,nan,nan,10,85532,32796800,32796800,5350,23449712000,23449712000,2517594,False
716,1.5301114150377335,0.5450100107808409,nan,nan,nan,10,25972,32796800,32796800,1627,23482508800,23482508800,2519221,False
717,1.4483420486406575,0.5664490240087057,nan,nan,nan,10,58812,32796800,32796800,3680,23515305600,23515305600,2522901,False
718,1.4764819633316912,0.5585289567878233,nan,nan,nan,10,88563,32796800,32796800,5541,23548102400,23548102400,2528442,False
719,1.5510218286721915,0.5414999280264863,nan,nan,nan,10,34735,32796800,32796800,2175,23580899200,23580899200,2530617,False
720,1.451193429512164,0.5657908551630006,1.5602271955588152,0.5375768020380638,4.75990255101924,10,76196,32796800,32796800,4767,23613696000,23613696000,2535384,False
721,1.5700411439944748,0.5367305414680069,nan,nan,nan,10,32929,32796800,32796800,2062,23646492800,23646492800,2537446,False
722,1.5313476562767998,0.54140789658564,nan,nan,nan,10,35585,32796800,32796800,2230,23679289600,23679289600,2539676,False
723,1.5120012395804372,0.5478672071028758,nan,nan,nan,10,51810,32796800,32796800,3244,23712086400,23712086400,2542920,False
724,1.5042930070730738,0.5568000543054,nan,nan,nan,10,29463,32796800,32796800,1846,23744883200,23744883200,2544766,False
725,1.5102597357661187,0.5490799978850526,nan,nan,nan,10,75652,32796800,32796800,4734,23777680000,23777680000,2549500,False
726,1.4727975979374988,0.5599392115378885,nan,nan,nan,10,67118,32796800,32796800,4198,23810476800,23810476800,2553698,False
727,1.5211048696481881,0.5496242876594887,nan,nan,nan,10,39658,32796800,32796800,2484,23843273600,23843273600,2556182,False
728,1.5370400297960543,0.5414314557666159,nan,nan,nan,10,48538,32796800,32796800,3037,23876070400,23876070400,2559219,False
729,1.4300404879270918,0.5719317112515123,nan,nan,nan,10,74390,32796800,32796800,4654,23908867200,23908867200,2563873,False
730,1.4748485423844109,0.5587160751565762,1.554350775256072,0.538363554623108,4.7320133875090935,10,65144,32796800,32796800,4077,23941664000,23941664000,2567950,False
731,1.4747871110048494,0.557432747773816,nan,nan,nan,10,53567,32796800,32796800,3353,23974460800,23974460800,2571303,False
732,1.5127188032258152,0.5495118889471182,nan,nan,nan,10,82051,32796800,32796800,5133,24007257600,24007257600,2576436,False
733,1.5388864875412989,0.5469152241455837,nan,nan,nan,10,33795,32796800,32796800,2117,24040054400,24040054400,2578553,False
734,1.521158069095922,0.5484796328169822,nan,nan,nan,10,43575,32796800,32796800,2729,24072851200,24072851200,2581282,False
735,1.5154876418445247,0.5525633769251392,nan,nan,nan,10,33569,32796800,32796800,2104,24105648000,24105648000,2583386,False
736,1.4921632137928997,0.5565178190101078,nan,nan,nan,10,42146,32796800,32796800,2637,24138444800,24138444800,2586023,False
737,1.5054074165086355,0.550665286127123,nan,nan,nan,10,64709,32796800,32796800,4049,24171241600,24171241600,2590072,False
738,1.5243868798479503,0.5462227074235808,nan,nan,nan,10,45800,32796800,32796800,2868,24204038400,24204038400,2592940,False
739,1.4984646168269176,0.5535975164353543,nan,nan,nan,10,32856,32796800,32796800,2059,24236835200,24236835200,2594999,False
740,1.5193075446017512,0.547738489347442,1.5478987233063173,0.5408549378090813,4.701580474248794,10,49237,32796800,32796800,3082,24269632000,24269632000,2598081,False
741,1.4903674706562346,0.5547528359691977,nan,nan,nan,10,48308,32796800,32796800,3024,24302428800,24302428800,2601105,False
742,1.504029539094067,0.5534413986251379,nan,nan,nan,10,58915,32796800,32796800,3687,24335225600,24335225600,2604792,False
743,1.4605664043942315,0.562678338562446,nan,nan,nan,10,77451,32796800,32796800,4845,24368022400,24368022400,2609637,False
744,1.4978935707817513,0.5525440581499006,nan,nan,nan,10,58332,32796800,32796800,3651,24400819200,24400819200,2613288,False
745,1.502190977615716,0.5519987668276641,nan,nan,nan,10,58386,32796800,32796800,3653,24433616000,24433616000,2616941,False
746,1.4237155102558052,0.5741956410929705,nan,nan,nan,10,64741,32796800,32796800,4051,24466412800,24466412800,2620992,False
747,1.4952274749379508,0.5552210974960042,nan,nan,nan,10,75080,32796800,32796800,4699,24499209600,24499209600,2625691,False
748,1.4353421660289458,0.5701182341432987,nan,nan,nan,10,70538,32796800,32796800,4413,24532006400,24532006400,2630104,False
749,1.521725623844275,0.5441517576193473,nan,nan,nan,10,55615,32796800,32796800,3482,24564803200,24564803200,2633586,False
750,1.517858517614787,0.5469985418848705,1.5436084468415092,0.5413607073280383,4.681452602134316,10,48693,32796800,32796800,3048,24597600000,24597600000,2636634,False
751,1.5390696563250006,0.5468439753370258,nan,nan,nan,10,38276,32796800,32796800,2398,24630396800,24630396800,2639032,False
752,1.4279225752474998,0.5703822080170462,nan,nan,nan,10,60072,32796800,32796800,3759,24663193600,24663193600,2642791,False
753,1.520906274485374,0.5468778226049257,nan,nan,nan,10,33214,32796800,32796800,2081,24695990400,24695990400,2644872,False
754,1.5712855480061314,0.535133033383325,nan,nan,nan,10,18003,32796800,32796800,1130,24728787200,24728787200,2646002,False
755,1.5464915922444333,0.5464128244809764,nan,nan,nan,10,34247,32796800,32796800,2145,24761584000,24761584000,2648147,False
756,1.4845413635703575,0.5522404159385584,nan,nan,nan,10,46353,32796800,32796800,2902,24794380800,24794380800,2651049,False
757,1.4321806884516564,0.5688165473904695,nan,nan,nan,10,91664,32796800,32796800,5733,24827177600,24827177600,2656782,False
758,1.4897037020018031,0.5541208144914657,nan,nan,nan,10,76514,32796800,32796800,4786,24859974400,24859974400,2661568,False
759,1.5204063017522687,0.5440937609478009,nan,nan,nan,10,31399,32796800,32796800,1966,24892771200,24892771200,2663534,False
760,1.5048541667434998,0.5543295164190404,1.5429183554652925,0.5398246665667615,4.678223086524017,10,52835,32796800,32796800,3307,24925568000,24925568000,2666841,False
761,1.526875268201694,0.5440243042369663,nan,nan,nan,10,36866,32796800,32796800,2309,24958364800,24958364800,2669150,False
762,1.4932866059232246,0.5537726336095401,nan,nan,nan,10,68427,32796800,32796800,4281,24991161600,24991161600,2673431,False
763,1.5360329691399444,0.5462868769074263,nan,nan,nan,10,37354,32796800,32796800,2340,25023958400,25023958400,2675771,False
764,1.4929243036282285,0.5543943985787438,nan,nan,nan,10,57414,32796800,32796800,3593,25056755200,25056755200,2679364,False
765,1.5244748103390875,0.5452676589096291,nan,nan,nan,10,36483,32796800,32796800,2284,25089552000,25089552000,2681648,False
766,1.530876381614453,0.5460510786951801,nan,nan,nan,10,42366,32796800,32796800,2652,25122348800,25122348800,2684300,False
767,1.4698398453761765,0.5600032412284256,nan,nan,nan,10,61705,32796800,32796800,3861,25155145600,25155145600,2688161,False
768,1.5213488259147316,0.5495762441853056,nan,nan,nan,10,31386,32796800,32796800,1967,25187942400,25187942400,2690128,False
769,1.5017986912419083,0.5495951826056499,nan,nan,nan,10,74231,32796800,32796800,4645,25220739200,25220739200,2694773,False
770,1.4882233169625045,0.5521039129537345,1.540272361939589,0.5406488835606175,4.665860900869475,10,67826,32796800,32796800,4244,25253536000,25253536000,2699017,False
771,1.4917226101839256,0.5542100551288697,nan,nan,nan,10,42446,32796800,32796800,2659,25286332800,25286332800,2701676,False
772,1.5024013403243115,0.5507251829417408,nan,nan,nan,10,53159,32796800,32796800,3329,25319129600,25319129600,2705005,False
773,1.4880815935691343,0.5526717224546722,nan,nan,nan,10,45888,32796800,32796800,2872,25351926400,25351926400,2707877,False
774,1.5238862128771264,0.5480714529525543,nan,nan,nan,10,35156,32796800,32796800,2201,25384723200,25384723200,2710078,False
775,1.4402783824288565,0.5695775552818976,nan,nan,nan,10,74708,32796800,32796800,4674,25417520000,25417520000,2714752,False
776,1.4882645110412793,0.5543978758444527,nan,nan,nan,10,29753,32796800,32796800,1865,25450316800,25450316800,2716617,False
777,1.4698538118828428,0.5572523073385386,nan,nan,nan,10,95673,32796800,32796800,5985,25483113600,25483113600,2722602,False
778,1.5153394166580336,0.5501724329736345,nan,nan,nan,10,53934,32796800,32796800,3377,25515910400,25515910400,2725979,False
779,1.5003265221045852,0.5528963591950681,nan,nan,nan,10,34388,32796800,32796800,2154,25548707200,25548707200,2728133,False
780,1.4677670491044872,0.5604524438573316,1.5377957627956573,0.542709426045257,4.654319731081308,10,60560,32796800,32796800,3789,25581504000,25581504000,2731922,False
781,1.4550006628567396,0.5646715552654816,nan,nan,nan,10,52094,32796800,32796800,3260,25614300800,25614300800,2735182,False
782,1.4533070625910947,0.5643711606854187,nan,nan,nan,10,46395,32796800,32796800,2904,25647097600,25647097600,2738086,False
783,1.4850615041063788,0.5558568329718004,nan,nan,nan,10,51632,32796800,32796800,3233,25679894400,25679894400,2741319,False
784,1.4936003195173118,0.5572655828646275,nan,nan,nan,10,51916,32796800,32796800,3249,25712691200,25712691200,2744568,False
785,1.4254108208558998,0.5735095415255336,nan,nan,nan,10,54027,32796800,32796800,3382,25745488000,25745488000,2747950,False
786,1.5059379710309795,0.5500475435816164,nan,nan,nan,10,47325,32796800,32796800,2962,25778284800,25778284800,2750912,False
787,1.4103832732904384,0.5748937196611089,nan,nan,nan,10,66334,32796800,32796800,4151,25811081600,25811081600,2755063,False
788,1.4035396438983947,0.5795942979065525,nan,nan,nan,10,64678,32796800,32796800,4046,25843878400,25843878400,2759109,False
789,1.4574029518622698,0.5634544410727467,nan,nan,nan,10,60965,32796800,32796800,3814,25876675200,25876675200,2762923,False
790,1.5020251888932685,0.5519601840076618,1.5370297031246811,0.5430278735201558,4.650755609778593,10,63693,32796800,32796800,3985,25909472000,25909472000,2766908,False
791,1.49133561536894,0.5569466601928279,nan,nan,nan,10,57668,32796800,32796800,3609,25942268800,25942268800,2770517,False
792,1.5120660261513952,0.5505510301868711,nan,nan,nan,10,48001,32796800,32796800,3004,25975065600,25975065600,2773521,False
793,1.4116044766923936,0.5769844170515334,nan,nan,nan,10,60194,32796800,32796800,3767,26007862400,26007862400,2777288,False
794,1.4544049774676662,0.5666401932022627,nan,nan,nan,10,61697,32796800,32796800,3862,26040659200,26040659200,2781150,False
795,1.4145055022686464,0.5778002515331855,nan,nan,nan,10,77127,32796800,32796800,4826,26073456000,26073456000,2785976,False
796,1.4498322195130837,0.5651640601042625,nan,nan,nan,10,55437,32796800,32796800,3470,26106252800,26106252800,2789446,False
797,1.5001236801308482,0.5506347002224216,nan,nan,nan,10,81377,32796800,32796800,5092,26139049600,26139049600,2794538,False
798,1.4784147431643537,0.5549630517275814,nan,nan,nan,10,50070,32796800,32796800,3135,26171846400,26171846400,2797673,False
799,1.4818631358372394,0.5565493969678867,nan,nan,nan,10,61937,32796800,32796800,3877,26204643200,26204643200,2801550,False
800,1.4734512119843497,0.5599020429206677,1.5384815584035822,0.542709426045257,4.657512737860631,10,46551,32796800,32796800,2914,26237440000,26237440000,2804464,False
801,1.496163121343778,0.5518494570912578,nan,nan,nan,10,44851,32796800,32796800,2808,26270236800,26270236800,2807272,False
802,1.5294597639281529,0.5462970908778855,nan,nan,nan,10,34959,32796800,32796800,2190,26303033600,26303033600,2809462,False
803,1.503201121483682,0.554079444726895,nan,nan,nan,10,45239,32796800,32796800,2833,26335830400,26335830400,2812295,False
804,1.527794723026653,0.5448182383788108,nan,nan,nan,10,45004,32796800,32796800,2818,26368627200,26368627200,2815113,False
805,1.4529809306199606,0.563250049183553,nan,nan,nan,10,40664,32796800,32796800,2547,26401424000,26401424000,2817660,False
806,1.501339275069702,0.5524821532362628,nan,nan,nan,10,67099,32796800,32796800,4199,26434220800,26434220800,2821859,False
807,1.5075782920076866,0.5500734278762904,nan,nan,nan,10,45623,32796800,32796800,2857,26467017600,26467017600,2824716,False
808,1.4589552812070634,0.5624591770084911,nan,nan,nan,10,36744,32796800,32796800,2301,26499814400,26499814400,2827017,False
809,1.4956367646455075,0.5543661333160588,nan,nan,nan,10,61748,32796800,32796800,3866,26532611200,26532611200,2830883,False
810,1.496029095798117,0.5511972471339169,1.5397829795266027,0.5408362056046756,4.663578069237536,10,56087,32796800,32796800,3509,26565408000,26565408000,2834392,False
811,1.4653617712613742,0.5615736797274276,nan,nan,nan,10,93920,32796800,32796800,5876,26598204800,26598204800,2840268,False
812,1.5245390075920797,0.5461541321238708,nan,nan,nan,10,53798,32796800,32796800,3368,26631001600,26631001600,2843636,False
813,1.4606819900763885,0.5617410714285714,nan,nan,nan,10,44800,32796800,32796800,2803,26663798400,26663798400,2846439,False
814,1.413633997739079,0.5750876858104078,nan,nan,nan,10,83822,32796800,32796800,5243,26696595200,26696595200,2851682,False
815,1.4834573968133102,0.5548518395059563,nan,nan,nan,10,56999,32796800,32796800,3568,26729392000,26729392000,2855250,False
816,1.4750761993046768,0.5560562761046384,nan,nan,nan,10,36392,32796800,32796800,2278,26762188800,26762188800,2857528,False
817,1.4781557688163407,0.5608430437162744,nan,nan,nan,10,51148,32796800,32796800,3203,26794985600,26794985600,2860731,False
818,1.3972820683057963,0.5781391041346728,nan,nan,nan,10,85303,32796800,32796800,5336,26827782400,26827782400,2866067,False
819,1.5041342467827221,0.5525645935169959,nan,nan,nan,10,44393,32796800,32796800,2779,26860579200,26860579200,2868846,False
820,1.4991019613798362,0.5550088834221676,1.527269569862448,0.5430466057245616,4.6055844122948155,10,51219,32796800,32796800,3206,26893376000,26893376000,2872052,False
821,1.472516197766646,0.5594721882196726,nan,nan,nan,10,48199,32796800,32796800,3017,26926172800,26926172800,2875069,False
822,1.4757917106694298,0.5599476582520037,nan,nan,nan,10,55023,32796800,32796800,3443,26958969600,26958969600,2878512,False
823,1.4853218056158246,0.5566907775768535,nan,nan,nan,10,33180,32796800,32796800,2078,26991766400,26991766400,2880590,False
824,1.5276842267807458,0.5476857559116889,nan,nan,nan,10,26769,32796800,32796800,1678,27024563200,27024563200,2882268,False
825,1.4613582001284966,0.5601868900754925,nan,nan,nan,10,43448,32796800,32796800,2719,27057360000,27057360000,2884987,False
826,1.3793899429536334,0.586664563078076,nan,nan,nan,10,50707,32796800,32796800,3172,27090156800,27090156800,2888159,False
827,1.3790859975498002,0.5831237686405792,nan,nan,nan,10,62431,32796800,32796800,3906,27122953600,27122953600,2892065,False
828,1.3912060110668254,0.5828580481622306,nan,nan,nan,10,75744,32796800,32796800,4738,27155750400,27155750400,2896803,False
829,1.5011836133472831,0.5514406396138181,nan,nan,nan,10,39774,32796800,32796800,2490,27188547200,27188547200,2899293,False
830,1.4768665838854398,0.5551620020903496,1.534226273822227,0.5422973175483291,4.6377358038034995,10,51666,32796800,32796800,3233,27221344000,27221344000,2902526,False
831,1.4937618642950772,0.5546130606553568,nan,nan,nan,10,51636,32796800,32796800,3230,27254140800,27254140800,2905756,False
832,1.4914656687042782,0.5503368859487934,nan,nan,nan,10,40815,32796800,32796800,2556,27286937600,27286937600,2908312,False
833,1.4976420508408819,0.5516253521793688,nan,nan,nan,10,42237,32796800,32796800,2645,27319734400,27319734400,2910957,False
834,1.464685800126958,0.5648028142936493,nan,nan,nan,10,54010,32796800,32796800,3380,27352531200,27352531200,2914337,False
835,1.4571680697648988,0.5631967249326284,nan,nan,nan,10,67907,32796800,32796800,4249,27385328000,27385328000,2918586,False
836,1.4386254891596784,0.5657170392652191,nan,nan,nan,10,68483,32796800,32796800,4284,27418124800,27418124800,2922870,False
837,1.4562326971742143,0.562231187680975,nan,nan,nan,10,82539,32796800,32796800,5163,27450921600,27450921600,2928033,False
838,1.4007049831440246,0.5800962369484478,nan,nan,nan,10,85622,32796800,32796800,5356,27483718400,27483718400,2933389,False
839,1.3858821467573756,0.5833661335146288,nan,nan,nan,10,83841,32796800,32796800,5245,27516515200,27516515200,2938634,False
840,1.4727672376905758,0.5605529193315453,1.5297649536428648,0.5429904091113442,4.617091464220821,10,67858,32796800,32796800,4246,27549312000,27549312000,2942880,False
841,1.5091240793310623,0.5526507930069363,nan,nan,nan,10,49306,32796800,32796800,3086,27582108800,27582108800,2945966,False
842,1.4603760005783377,0.5623926876073124,nan,nan,nan,10,39604,32796800,32796800,2481,27614905600,27614905600,2948447,False
843,1.4492555443756414,0.5670861111706574,nan,nan,nan,10,46649,32796800,32796800,2922,27647702400,27647702400,2951369,False
844,1.4811155929291826,0.5603560616692396,nan,nan,nan,10,49879,32796800,32796800,3123,27680499200,27680499200,2954492,False
845,1.4685263617684527,0.5605905735377626,nan,nan,nan,10,52830,32796800,32796800,3306,27713296000,27713296000,2957798,False
846,1.499439693650044,0.5535861878960419,nan,nan,nan,10,43556,32796800,32796800,2727,27746092800,27746092800,2960525,False
847,1.476964208152795,0.5557672977048081,nan,nan,nan,10,47752,32796800,32796800,2990,27778889600,27778889600,2963515,False
848,1.5183877302206987,0.5522591490425024,nan,nan,nan,10,44021,32796800,32796800,2757,27811686400,27811686400,2966272,False
849,1.4751529842258109,0.5585378488635627,nan,nan,nan,10,30886,32796800,32796800,1934,27844483200,27844483200,2968206,False
850,1.4702513850824592,0.5593500290165617,1.5233045960230107,0.5448636295519257,4.587359545021844,10,44802,32796800,32796800,2804,27877280000,27877280000,2971010,False
851,1.4629787490728612,0.5605427700714586,nan,nan,nan,10,76128,32796800,32796800,4763,27910076800,27910076800,2975773,False
852,1.4557807025821834,0.5635958808794879,nan,nan,nan,10,39523,32796800,32796800,2475,27942873600,27942873600,2978248,False
853,1.4663089430178213,0.5572815913398597,nan,nan,nan,10,51177,32796800,32796800,3203,27975670400,27975670400,2981451,False
854,1.4675366096543696,0.5603009693139828,nan,nan,nan,10,37346,32796800,32796800,2338,28008467200,28008467200,2983789,False
855,1.4576400553005564,0.5652974341272581,nan,nan,nan,10,52146,32796800,32796800,3265,28041264000,28041264000,2987054,False
856,1.5121535112191784,0.5474606289789862,nan,nan,nan,10,41782,32796800,32796800,2617,28074060800,28074060800,2989671,False
857,1.446248508115914,0.5654548792802717,nan,nan,nan,10,65358,32796800,32796800,4090,28106857600,28106857600,2993761,False
858,1.3946066931296148,0.5798451281775193,nan,nan,nan,10,111447,32796800,32796800,6971,28139654400,28139654400,3000732,False
859,1.4458444042985208,0.5662048404068748,nan,nan,nan,10,57020,32796800,32796800,3568,28172451200,28172451200,3004300,False
860,1.4733224749200151,0.5608699911825218,1.5210937318568927,0.5455192567061292,4.577228719253044,10,51035,32796800,32796800,3195,28205248000,28205248000,3007495,False
861,1.4753746943476675,0.5574556728999128,nan,nan,nan,10,41284,32796800,32796800,2586,28238044800,28238044800,3010081,False
862,1.4364893719468608,0.5704206387677061,nan,nan,nan,10,55701,32796800,32796800,3486,28270841600,28270841600,3013567,False
863,1.4417153487155352,0.5662034585395248,nan,nan,nan,10,54763,32796800,32796800,3427,28303638400,28303638400,3016994,False
864,1.4545068316047391,0.5617268512283807,nan,nan,nan,10,51979,32796800,32796800,3254,28336435200,28336435200,3020248,False
865,1.4046895059391231,0.5775516424769631,nan,nan,nan,10,85298,32796800,32796800,5337,28369232000,28369232000,3025585,False
866,1.4811573724868063,0.5583929838137616,nan,nan,nan,10,46521,32796800,32796800,2913,28402028800,28402028800,3028498,False
867,1.4466948947404301,0.5657891248442429,nan,nan,nan,10,37719,32796800,32796800,2364,28434825600,28434825600,3030862,False
868,1.48537588027353,0.5574548178308718,nan,nan,nan,10,52067,32796800,32796800,3258,28467622400,28467622400,3034120,False
869,1.4510096791476013,0.5635480945352374,nan,nan,nan,10,56233,32796800,32796800,3519,28500419200,28500419200,3037639,False
870,1.4422203121225194,0.5650597333814812,1.5158735888661357,0.5469241720365653,4.553397186957479,10,66462,32796800,32796800,4157,28533216000,28533216000,3041796,False
871,1.4963925197054126,0.5539944965211749,nan,nan,nan,10,44699,32796800,32796800,2798,28566012800,28566012800,3044594,False
872,1.4545428154813962,0.5646683361837284,nan,nan,nan,10,65488,32796800,32796800,4097,28598809600,28598809600,3048691,False
873,1.4436248330925043,0.5652867334339415,nan,nan,nan,10,58312,32796800,32796800,3650,28631606400,28631606400,3052341,False
874,1.4555568626834365,0.5637648097726102,nan,nan,nan,10,54356,32796800,32796800,3401,28664403200,28664403200,3055742,False
875,1.4777227753480222,0.560972334139135,nan,nan,nan,10,52122,32796800,32796800,3263,28697200000,28697200000,3059005,False
876,1.4343774681159165,0.5673041559396838,nan,nan,nan,10,70694,32796800,32796800,4423,28729996800,28729996800,3063428,False
877,1.5195019764887987,0.549762020990969,nan,nan,nan,10,32776,32796800,32796800,2052,28762793600,28762793600,3065480,False
878,1.4381393751111116,0.568614748931998,nan,nan,nan,10,57116,32796800,32796800,3576,28795590400,28795590400,3069056,False
879,1.4589847309893458,0.5624056776930293,nan,nan,nan,10,49034,32796800,32796800,3070,28828387200,28828387200,3072126,False
880,1.4565564866245766,0.562993512045466,1.5171874908248328,0.544320395624157,4.55938383651419,10,59649,32796800,32796800,3732,28861184000,28861184000,3075858,False
881,1.498157340588625,0.5528923558357333,nan,nan,nan,10,44099,32796800,32796800,2760,28893980800,28893980800,3078618,False
882,1.3827822981102167,0.5839009693476552,nan,nan,nan,10,61072,32796800,32796800,3823,28926777600,28926777600,3082441,False
883,1.4906007524999219,0.5580145431552324,nan,nan,nan,10,44282,32796800,32796800,2773,28959574400,28959574400,3085214,False
884,1.4490190811666046,0.5651915847787378,nan,nan,nan,10,75815,32796800,32796800,4745,28992371200,28992371200,3089959,False
885,1.447709355136152,0.5670942353329929,nan,nan,nan,10,66578,32796800,32796800,4165,29025168000,29025168000,3094124,False
886,1.4442004493609057,0.5691869871157632,nan,nan,nan,10,51303,32796800,32796800,3211,29057964800,29057964800,3097335,False
887,1.443971477831922,0.5664622144916922,nan,nan,nan,10,43694,32796800,32796800,2736,29090761600,29090761600,3100071,False
888,1.4399207269700052,0.5683449548810501,nan,nan,nan,10,58512,32796800,32796800,3662,29123558400,29123558400,3103733,False
889,1.4985574416323117,0.5558596174462562,nan,nan,nan,10,35446,32796800,32796800,2220,29156355200,29156355200,3105953,False
890,1.413816734022469,0.573825934879893,1.5157934744533492,0.5464184025176083,4.553032408827851,10,77764,32796800,32796800,4865,29189152000,29189152000,3110818,False
891,1.449570675462922,0.5658998945097854,nan,nan,nan,10,63513,32796800,32796800,3975,29221948800,29221948800,3114793,False
892,1.454803405703689,0.5627305930993567,nan,nan,nan,10,53937,32796800,32796800,3374,29254745600,29254745600,3118167,False
893,1.3959350824876486,0.5800434949469105,nan,nan,nan,10,78170,32796800,32796800,4890,29287542400,29287542400,3123057,False
894,1.4242668539021628,0.5705022148689758,nan,nan,nan,10,74948,32796800,32796800,4688,29320339200,29320339200,3127745,False
895,1.4531294375070505,0.56352,nan,nan,nan,10,43750,32796800,32796800,2739,29353136000,29353136000,3130484,False
896,1.469525187709408,0.5601559644206165,nan,nan,nan,10,41035,32796800,32796800,2570,29385932800,29385932800,3133054,False
897,1.4427560743922136,0.5662006926260664,nan,nan,nan,10,47356,32796800,32796800,2966,29418729600,29418729600,3136020,False
898,1.4928559269422927,0.5540263783075284,nan,nan,nan,10,36621,32796800,32796800,2293,29451526400,29451526400,3138313,False
899,1.43716001230164,0.5678087511866747,nan,nan,nan,10,57935,32796800,32796800,3625,29484323200,29484323200,3141938,False
900,1.448359115754229,0.5651417674301641,1.512957284694559,0.5454817922973175,4.540137439871836,10,47719,32796800,32796800,2987,29517120000,29517120000,3144925,False
901,1.4214724196194959,0.5755559812612111,nan,nan,nan,10,57421,32796800,32796800,3593,29549916800,29549916800,3148518,False
902,1.4219719163762674,0.5752290105231281,nan,nan,nan,10,66045,32796800,32796800,4132,29582713600,29582713600,3152650,False
903,1.5068108531771773,0.5502365348726184,nan,nan,nan,10,23041,32796800,32796800,1446,29615510400,29615510400,3154096,False
904,1.4470171571278283,0.5676001308112015,nan,nan,nan,10,58099,32796800,32796800,3637,29648307200,29648307200,3157733,False
905,1.471070061401696,0.5632801287348324,nan,nan,nan,10,45986,32796800,32796800,2879,29681104000,29681104000,3160612,False
906,1.490337386233675,0.5574270310466629,nan,nan,nan,10,26895,32796800,32796800,1686,29713900800,29713900800,3162298,False
907,1.4313778680233207,0.5704462978289935,nan,nan,nan,10,47121,32796800,32796800,2948,29746697600,29746697600,3165246,False
908,1.4245317685321022,0.5675494422774242,nan,nan,nan,10,73065,32796800,32796800,4571,29779494400,29779494400,3169817,False
909,1.42937394181941,0.5711851050963,nan,nan,nan,10,54569,32796800,32796800,3416,29812291200,29812291200,3173233,False
910,1.4293123927512374,0.5730295106462457,1.5148253093036632,0.5478045856436385,4.548626454714002,10,45509,32796800,32796800,2849,29845088000,29845088000,3176082,False
911,1.4517592486178101,0.5635807395583932,nan,nan,nan,10,45108,32796800,32796800,2824,29877884800,29877884800,3178906,False
912,1.4577578816003836,0.5647571446879406,nan,nan,nan,10,39015,32796800,32796800,2444,29910681600,29910681600,3181350,False
913,1.47575794914009,0.5580044128462859,nan,nan,nan,10,40790,32796800,32796800,2554,29943478400,29943478400,3183904,False
914,1.4763019517053055,0.5589529137022755,nan,nan,nan,10,36826,32796800,32796800,2307,29976275200,29976275200,3186211,False
915,1.4358562929035055,0.5684736940584123,nan,nan,nan,10,58789,32796800,32796800,3679,30009072000,30009072000,3189890,False
916,1.4626863354495867,0.5639357290088658,nan,nan,nan,10,40267,32796800,32796800,2520,30041868800,30041868800,3192410,False
917,1.4959066567471184,0.5527070462112901,nan,nan,nan,10,51957,32796800,32796800,3253,30074665600,30074665600,3195663,False
918,1.4091738275090635,0.5743590622429394,nan,nan,nan,10,58352,32796800,32796800,3650,30107462400,30107462400,3199313,False
919,1.3629266369171145,0.5885565669700911,nan,nan,nan,10,65365,32796800,32796800,4090,30140259200,30140259200,3203403,False
920,1.4469095238210343,0.5635528865457465,1.510284572888864,0.5469991008541886,4.528019162482131,10,57283,32796800,32796800,3584,30173056000,30173056000,3206987,False
921,1.4398623624591695,0.5672599818415996,nan,nan,nan,10,47361,32796800,32796800,2963,30205852800,30205852800,3209950,False
922,1.487733762461347,0.5593051118210862,nan,nan,nan,10,35056,32796800,32796800,2196,30238649600,30238649600,3212146,False
923,1.3492732299857004,0.5913766993333217,nan,nan,nan,10,57449,32796800,32796800,3595,30271446400,30271446400,3215741,False
924,1.4354472044541047,0.5680704722084803,nan,nan,nan,10,62663,32796800,32796800,3921,30304243200,30304243200,3219662,False
925,1.4186151171287493,0.5744676523825988,nan,nan,nan,10,98338,32796800,32796800,6152,30337040000,30337040000,3225814,False
926,1.45715424176045,0.5629881006765429,nan,nan,nan,10,45969,32796800,32796800,2879,30369836800,30369836800,3228693,False
927,1.4239705337531972,0.5705572004185125,nan,nan,nan,10,44921,32796800,32796800,2813,30402633600,30402633600,3231506,False
928,1.423392899463052,0.5721808302055907,nan,nan,nan,10,53553,32796800,32796800,3352,30435430400,30435430400,3234858,False
929,1.4377697148946509,0.5703383940981503,nan,nan,nan,10,74824,32796800,32796800,4681,30468227200,30468227200,3239539,False
930,1.4109469195290623,0.5774271557336851,1.511785664444793,0.547767121234827,4.534821237803685,10,59133,32796800,32796800,3700,30501024000,30501024000,3243239,False
931,1.3829251338846842,0.5839265557980284,nan,nan,nan,10,66445,32796800,32796800,4159,30533820800,30533820800,3247398,False
932,1.436782701505922,0.5691520575075185,nan,nan,nan,10,54532,32796800,32796800,3413,30566617600,30566617600,3250811,False
933,1.4289525752471455,0.5687637567101075,nan,nan,nan,10,63151,32796800,32796800,3951,30599414400,30599414400,3254762,False
934,1.4447818576776632,0.5660993179065468,nan,nan,nan,10,78435,32796800,32796800,4908,30632211200,30632211200,3259670,False
935,1.4268357786623782,0.5719368378972617,nan,nan,nan,10,50030,32796800,32796800,3131,30665008000,30665008000,3262801,False
936,1.3572154198093032,0.592053617714582,nan,nan,nan,10,81018,32796800,32796800,5068,30697804800,30697804800,3267869,False
937,1.4534670999229193,0.5633616450603487,nan,nan,nan,10,55925,32796800,32796800,3500,30730601600,30730601600,3271369,False
938,1.4369230277011182,0.5687246157134807,nan,nan,nan,10,51459,32796800,32796800,3221,30763398400,30763398400,3274590,False
939,1.3811168699571414,0.5839834740578809,nan,nan,nan,10,99722,32796800,32796800,6237,30796195200,30796195200,3280827,False
940,1.4351140458513019,0.5676037955483438,1.5138464135672045,0.5478045856436385,4.544176002290573,10,56698,32796800,32796800,3549,30828992000,30828992000,3284376,False
941,1.3549109289433496,0.5917356992304299,nan,nan,nan,10,81604,32796800,32796800,5104,30861788800,30861788800,3289480,False
942,1.4549947453301209,0.5636437083417492,nan,nan,nan,10,49510,32796800,32796800,3098,30894585600,30894585600,3292578,False
943,1.456904923294699,0.5625609359766006,nan,nan,nan,10,46155,32796800,32796800,2890,30927382400,30927382400,3295468,False
944,1.3708658848935695,0.5866212516827336,nan,nan,nan,10,110683,32796800,32796800,6923,30960179200,30960179200,3302391,False
945,1.4622626470949378,0.5608087091757388,nan,nan,nan,10,51440,32796800,32796800,3219,30992976000,30992976000,3305610,False
946,1.4675410704906198,0.5577040306259297,nan,nan,nan,10,41011,32796800,32796800,2568,31025772800,31025772800,3308178,False
947,1.4220381740592052,0.5725143903715332,nan,nan,nan,10,76440,32796800,32796800,4783,31058569600,31058569600,3312961,False
948,1.3537246753159744,0.593515213840663,nan,nan,nan,10,82655,32796800,32796800,5171,31091366400,31091366400,3318132,False
949,1.446962202012231,0.5671010919337796,nan,nan,nan,10,68136,32796800,32796800,4263,31124163200,31124163200,3322395,False
950,1.4301337219310184,0.5689716522357965,1.5104839855738885,0.5490221789300165,4.528922196976438,10,50586,32796800,32796800,3166,31156960000,31156960000,3325561,False
951,1.419026302256041,0.5737281581396568,nan,nan,nan,10,76287,32796800,32796800,4772,31189756800,31189756800,3330333,False
952,1.3472560555677797,0.5930117393457427,nan,nan,nan,10,68658,32796800,32796800,4296,31222553600,31222553600,3334629,False
953,1.4114442699033956,0.572844705505683,nan,nan,nan,10,81207,32796800,32796800,5080,31255350400,31255350400,3339709,False
954,1.4564192525703956,0.5624064210500479,nan,nan,nan,10,40741,32796800,32796800,2551,31288147200,31288147200,3342260,False
955,1.351189232424126,0.5945188555587362,nan,nan,nan,10,66373,32796800,32796800,4152,31320944000,31320944000,3346412,False
956,1.4548203454633575,0.5626386095208623,nan,nan,nan,10,38778,32796800,32796800,2428,31353740800,31353740800,3348840,False
957,1.3250262908990296,0.6019326363329766,nan,nan,nan,10,68197,32796800,32796800,4267,31386537600,31386537600,3353107,False
958,1.4482445973391755,0.5656395477721126,nan,nan,nan,10,45110,32796800,32796800,2824,31419334400,31419334400,3355931,False
959,1.424709055825056,0.5745567334845609,nan,nan,nan,10,43202,32796800,32796800,2704,31452131200,31452131200,3358635,False
960,1.4700774767753144,0.5612985987763963,1.5135242218165925,0.547148958489435,4.542712142103808,10,50670,32796800,32796800,3171,31484928000,31484928000,3361806,False
961,1.438019093284124,0.5673035856869627,nan,nan,nan,10,53853,32796800,32796800,3372,31517724800,31517724800,3365178,False
962,1.3995633361172986,0.5768755585931339,nan,nan,nan,10,76084,32796800,32796800,4760,31550521600,31550521600,3369938,False
963,1.4490553224075944,0.5674439596810591,nan,nan,nan,10,33235,32796800,32796800,2083,31583318400,31583318400,3372021,False
964,1.445247034206782,0.5697976128697457,nan,nan,nan,10,40467,32796800,32796800,2534,31616115200,31616115200,3374555,False
965,1.3445507680253752,0.5959618266424797,nan,nan,nan,10,63395,32796800,32796800,3965,31648912000,31648912000,3378520,False
966,1.338864346684658,0.5963748642003545,nan,nan,nan,10,69956,32796800,32796800,4376,31681708800,31681708800,3382896,False
967,1.489780078453441,0.555496157701303,nan,nan,nan,10,29930,32796800,32796800,1875,31714505600,31714505600,3384771,False
968,1.4669356231459107,0.5597524346955493,nan,nan,nan,10,43948,32796800,32796800,2749,31747302400,31747302400,3387520,False
969,1.3474060321907007,0.5914872612674185,nan,nan,nan,10,79011,32796800,32796800,4942,31780099200,31780099200,3392462,False
970,1.4126813090210615,0.5747910732730289,1.5158574456988505,0.5486849992507118,4.553323681298283,10,63898,32796800,32796800,3998,31812896000,31812896000,3396460,False
971,1.420220183773953,0.570727964235671,nan,nan,nan,10,59948,32796800,32796800,3751,31845692800,31845692800,3400211,False
972,1.3191857242216745,0.603796536380806,nan,nan,nan,10,62478,32796800,32796800,3909,31878489600,31878489600,3404120,False
973,1.4370340575542326,0.5690808171999866,nan,nan,nan,10,59814,32796800,32796800,3744,31911286400,31911286400,3407864,False
974,1.4586498878181005,0.5627373015635744,nan,nan,nan,10,33449,32796800,32796800,2096,31944083200,31944083200,3409960,False
975,1.4635467027028242,0.5623520617914538,nan,nan,nan,10,40135,32796800,32796800,2514,31976880000,31976880000,3412474,False
976,1.4365786452500748,0.570415364629051,nan,nan,nan,10,56962,32796800,32796800,3563,32009676800,32009676800,3416037,False
977,1.4106530975880238,0.5760804574792647,nan,nan,nan,10,65227,32796800,32796800,4081,32042473600,32042473600,3420118,False
978,1.4824500526183246,0.5593972324290517,nan,nan,nan,10,51164,32796800,32796800,3203,32075270400,32075270400,3423321,False
979,1.3959858460306656,0.5780513552492678,nan,nan,nan,10,67257,32796800,32796800,4208,32108067200,32108067200,3427529,False
980,1.3847572472894538,0.5828730896233307,1.5108254185934822,0.549883860332684,4.530468784570668,10,68442,32796800,32796800,4282,32140864000,32140864000,3431811,False
981,1.4137711607467223,0.5772794348888405,nan,nan,nan,10,41337,32796800,32796800,2589,32173660800,32173660800,3434400,False
982,1.33136250616324,0.5981488362665947,nan,nan,nan,10,59206,32796800,32796800,3705,32206457600,32206457600,3438105,False
983,1.3912525880271291,0.5803557409775026,nan,nan,nan,10,89166,32796800,32796800,5578,32239254400,32239254400,3443683,False
984,1.443803495171631,0.5677297637229359,nan,nan,nan,10,55655,32796800,32796800,3483,32272051200,32272051200,3447166,False
985,1.415184509613876,0.5721656422450536,nan,nan,nan,10,66867,32796800,32796800,4183,32304848000,32304848000,3451349,False
986,1.3989771856845554,0.5779380274593777,nan,nan,nan,10,63512,32796800,32796800,3975,32337644800,32337644800,3455324,False
987,1.4366715074150818,0.5701703163017031,nan,nan,nan,10,41100,32796800,32796800,2574,32370441600,32370441600,3457898,False
988,1.4170986352918873,0.5732548022220735,nan,nan,nan,10,29882,32796800,32796800,1873,32403238400,32403238400,3459771,False
989,1.3922908715388893,0.5807770961145194,nan,nan,nan,10,72861,32796800,32796800,4558,32436035200,32436035200,3464329,False
990,1.4581331638653983,0.5648935881057867,1.5081238454917052,0.5495092162445676,4.51824590989261,10,36791,32796800,32796800,2303,32468832000,32468832000,3466632,False
991,1.499334231205662,0.5535107991668806,nan,nan,nan,10,35049,32796800,32796800,2195,32501628800,32501628800,3468827,False
992,1.4656845080559147,0.560936465073623,nan,nan,nan,10,39254,32796800,32796800,2458,32534425600,32534425600,3471285,False
993,1.3953436409650242,0.5815874813404025,nan,nan,nan,10,38854,32796800,32796800,2433,32567222400,32567222400,3473718,False
994,1.441901526369298,0.5675249794076568,nan,nan,nan,10,55846,32796800,32796800,3496,32600019200,32600019200,3477214,False
995,1.4221577631474,0.5749434315586881,nan,nan,nan,10,38449,32796800,32796800,2409,32632816000,32632816000,3479623,False
996,1.3922996118379596,0.5779816513761468,nan,nan,nan,10,69869,32796800,32796800,4372,32665612800,32665612800,3483995,False
997,1.4282009666119706,0.5700806612228639,nan,nan,nan,10,40168,32796800,32796800,2516,32698409600,32698409600,3486511,False
998,1.4189650058339085,0.571792492619148,nan,nan,nan,10,59275,32796800,32796800,3709,32731206400,32731206400,3490220,False
999,1.3877868016809332,0.5819972922901525,nan,nan,nan,10,56136,32796800,32796800,3513,32764003200,32764003200,3493733,False
1000,1.4248216301729846,0.575294585487348,1.511142033803915,0.5490596433388281,4.531903427001077,10,47779,32796800,32796800,2991,32796800000,32796800000,3496724,True
