round,train_loss,train_accuracy,test_loss,test_accuracy,num_fit_clients,num_fit_examples,tau_eff,mean_local_normalizer,mean_local_steps,run_completed
1,4.058059900848021,0.04238980187375211,nan,nan,20,6511,47.1603921775892,46.348632352681534,10.7,False
2,3.8289409084734642,0.0563223861653181,nan,nan,20,6303,45.76712106265353,44.687029661902,10.45,False
3,3.7577023679553103,0.05286205817954332,nan,nan,20,6394,48.308786186270794,45.71045390426954,10.5,False
4,3.7570679617148683,0.059180092518743024,nan,nan,20,6269,44.02495087347575,42.98066053361849,10.2,False
5,3.7397075820115306,0.06302058777306302,nan,nan,20,6363,46.47052822509316,44.5901449853786,10.4,False
6,3.7419049450596855,0.06462228870605834,nan,nan,20,6685,48.811160843639115,48.368652225756044,11.0,False
7,3.7143413088652304,0.06575386085018309,nan,nan,20,6281,46.08105421818972,43.769656873960095,10.25,False
8,3.7098920603056214,0.06031641397495056,nan,nan,20,6068,42.7207418950571,41.12008571512799,9.9,False
9,3.747542348557858,0.06524258983275377,nan,nan,20,6039,43.40097052410721,41.26614539181704,9.9,False
10,3.7311897983055764,0.06976380416080087,3.7228244265803982,0.05907911070985216,20,6393,44.99801129378674,44.26005842407849,10.4,False
11,3.716582027160459,0.05572916666666667,nan,nan,20,5760,41.429781460302266,39.061005613273,9.55,False
12,3.7392578897583686,0.058077645585472765,nan,nan,20,6388,47.55045522124155,45.658106809210544,10.55,False
13,3.7227496732365,0.05877742946708464,nan,nan,20,6380,45.765162868612215,44.455062461693,10.4,False
14,3.714772700643306,0.06701346389228886,nan,nan,20,6536,47.869850935226815,46.51619171417405,10.7,False
15,3.690720850188407,0.06214775323686215,nan,nan,20,6565,49.13054177447896,47.364404458679545,10.8,False
16,3.7121329224869717,0.06512191428138725,nan,nan,20,6603,47.578102337020155,47.00500974996299,10.8,False
17,3.6970325813226363,0.059801726894787334,nan,nan,20,6254,45.86266084622523,43.99118309199054,10.3,False
18,3.686180431843886,0.06793766076562263,nan,nan,20,6609,48.23332725891135,46.9091821095886,10.75,False
19,3.6986896475371607,0.06429124709527498,nan,nan,20,6455,46.97257589017596,45.7688092440265,10.6,False
20,3.69080685279857,0.06052507467379343,3.6970191331765894,0.05930481886920212,20,6361,46.0139593494369,44.76141654812604,10.45,False
21,3.6948439896225063,0.06469225678358703,nan,nan,20,6044,43.101243498297784,41.489615647597546,9.95,False
22,3.691435680971801,0.07557251908396946,nan,nan,20,6550,48.27867514394411,46.5845520594581,10.7,False
23,3.688003855250135,0.06829679595278246,nan,nan,20,5930,42.1971194146724,40.268106535813494,9.75,False
24,3.7087007536706076,0.06539976031501456,nan,nan,20,5841,42.351408736427075,39.63063823126349,9.6,False
25,3.6874360923633605,0.06516329704510108,nan,nan,20,6430,47.59774035761584,45.6396634415981,10.55,False
26,3.68033257945593,0.07061676011516896,nan,nan,20,6599,48.27214331123066,47.14196504516054,10.8,False
27,3.6690026866420107,0.07089435961358678,nan,nan,20,6418,45.98828672822078,45.02487481623105,10.5,False
28,3.6657345814770714,0.07001496757026443,nan,nan,20,6013,43.98540480688949,41.67244968631204,9.95,False
29,3.6638372981559733,0.08176301501117854,nan,nan,20,6262,43.84790966899867,42.9419184847185,10.2,False
30,3.6609776672429564,0.0810328028580708,3.6474518016907314,0.05907911070985216,20,6158,46.227372437624965,43.377599021767,10.15,False
31,3.63365599542127,0.07148568687030225,nan,nan,20,6253,45.45391720535234,43.8316801369096,10.3,False
32,3.6435491436227894,0.0986129905277402,nan,nan,20,5912,42.04088943900696,40.237134420054,9.75,False
33,3.645421367178485,0.07551207581779272,nan,nan,20,6542,47.60002666784066,46.42900273312459,10.7,False
34,3.6194734673859923,0.0866263753293042,nan,nan,20,6453,51.62476569845234,47.14028678309505,10.65,False
35,3.5949687526259355,0.08591617151116107,nan,nan,20,6227,44.28459600965417,43.58297340165999,10.3,False
36,3.560415037540146,0.09749880516170145,nan,nan,20,6277,45.918485018098586,44.002265470312,10.3,False
37,3.554832896466584,0.11254491996079713,nan,nan,20,6122,44.5637015582571,42.37258622782604,10.05,False
38,3.4909983089180785,0.10777811275248719,nan,nan,20,6634,48.31405846212981,46.85928641612905,10.75,False
39,3.446487209329775,0.12603901611535198,nan,nan,20,5895,42.76135325091047,40.385994525092535,9.75,False
40,3.434464223415331,0.1363359707851491,3.3913469231165014,0.13818982056201332,20,6572,48.73939101602784,47.22731162655119,10.8,False
41,3.34844666629157,0.143722652305621,nan,nan,20,5942,42.71787161524442,40.67593104681349,9.8,False
42,3.3630745159693003,0.1621106166560712,nan,nan,20,6292,45.65550742788441,44.15273276537655,10.35,False
43,3.265953377825142,0.16155191604388616,nan,nan,20,6289,44.98192303384026,43.98689312038799,10.35,False
44,3.144198448391375,0.1937248592115849,nan,nan,20,6215,45.39155148202359,43.30134377786459,10.2,False
45,3.1177462707575687,0.2084244279259583,nan,nan,20,6861,53.12586106600544,50.59345118097404,11.25,False
46,2.940416044318973,0.26422570930416867,nan,nan,20,6309,46.2060610680937,44.078964420131044,10.3,False
47,2.8848196260258745,0.26770991081945145,nan,nan,20,5943,41.633475498491016,39.86726680997304,9.7,False
48,2.884571632237265,0.26786276361347183,nan,nan,20,6354,45.65427483740343,44.16433385668604,10.35,False
49,2.728100730061262,0.2987667187771409,nan,nan,20,5757,42.64091933199218,39.013892379382504,9.45,False
50,2.808966699873914,0.28370126820103336,2.6977290331194004,0.3376594063875409,20,6387,45.40825514041833,44.3650493765975,10.4,False
51,2.63603260297874,0.32722929936305734,nan,nan,20,6280,44.13703242402578,43.30516120443754,10.25,False
52,2.540996013535151,0.3382151029748284,nan,nan,20,6555,46.54843868018993,45.69713645356149,10.6,False
53,2.5102350558628888,0.36484490398818314,nan,nan,20,6093,42.45197579731017,41.61392084624949,10.0,False
54,2.466034562840015,0.3598254636122799,nan,nan,20,6417,46.23559613238532,45.336782168821536,10.55,False
55,2.405784072344188,0.37353159851301115,nan,nan,20,6725,50.8844350893903,49.1330339966478,11.05,False
56,2.3210473065578947,0.40304731355252604,nan,nan,20,6235,44.88770579335578,43.1795602994835,10.2,False
57,2.2901502666487206,0.4158750603767509,nan,nan,20,6211,44.079687442909645,42.49849106388799,10.1,False
58,2.2332303037796635,0.4081927710843373,nan,nan,20,6225,44.038318417658566,42.709705463817734,10.15,False
59,2.1241881597777943,0.44823045267489714,nan,nan,20,6075,43.67241905559238,41.63025143744059,9.95,False
60,2.1901849527260264,0.4200278164116829,2.142406334956119,0.45615619004627017,20,6471,49.236833517064625,46.411206592001534,10.65,False
61,2.0452680474550915,0.46931980339305535,nan,nan,20,6307,46.41610090452789,44.35773825689055,10.35,False
62,1.9485301191960611,0.48129032258064514,nan,nan,20,6200,45.480893657054594,42.88930536168604,10.1,False
63,2.0160267749476506,0.4694589877835951,nan,nan,20,6303,44.443750185419,43.362712518078496,10.25,False
64,1.9067005527402938,0.4991198591774684,nan,nan,20,6249,44.872741034754505,43.44133950632105,10.25,False
65,1.875825065264621,0.4964589235127479,nan,nan,20,5648,40.8982979702608,38.007951928603994,9.35,False
66,1.8563231403450655,0.5173129088878251,nan,nan,20,6267,45.017915060588685,43.45993353745699,10.25,False
67,1.834639393714764,0.5160045037799582,nan,nan,20,6217,44.949506874989375,43.2218943581025,10.2,False
68,1.809485452017974,0.5264303482587065,nan,nan,20,6432,45.656756955431014,44.96193835779299,10.5,False
69,1.7012254591907436,0.5482753189478659,nan,nan,20,6349,45.44374164512412,44.35805643677104,10.4,False
70,1.7430565548067036,0.5356749094345566,1.7755255806514687,0.5329533912650942,20,6349,46.18403057947144,44.55688472382155,10.4,False
71,1.725981141243842,0.5518753044325377,nan,nan,20,6159,43.905127398283746,42.693548092323994,10.15,False
72,1.6790633840398397,0.5521301316808676,nan,nan,20,6455,46.92023522018377,45.52005573581509,10.55,False
73,1.641322529510665,0.5693123343209107,nan,nan,20,6413,46.63080198164042,45.69731079278155,10.6,False
74,1.6600117042875038,0.557002271006813,nan,nan,20,6605,48.05907967864521,47.1063202078365,10.8,False
75,1.5748166989837111,0.5750698898207531,nan,nan,20,6081,44.04994493238258,41.9955900807475,10.0,False
76,1.5645138144397353,0.5824899598393575,nan,nan,20,6225,45.139644665194645,43.211972088912,10.2,False
77,1.542738573891776,0.5894836870446627,nan,nan,20,6314,45.16267794076857,43.76291084777604,10.3,False
78,1.495488633280215,0.6085392555520801,nan,nan,20,6394,47.524839176442214,45.38864931357574,10.5,False
79,1.6075249557361906,0.569351413167783,nan,nan,20,6121,42.504689754767675,41.881253319244486,10.05,False
80,1.489657868334505,0.6123604594725772,1.547785669064067,0.5819884888838731,20,6181,44.609618072737334,42.8603153941501,10.15,False
81,1.3590574455194502,0.6322028317418505,nan,nan,20,6074,44.008426069336956,41.703766414988,9.95,False
82,1.4624898892776579,0.6081578067535941,nan,nan,20,5982,41.833083300327594,39.879948825704496,9.7,False
83,1.4060444634803486,0.6278998778998779,nan,nan,20,6552,46.793556194045756,45.739774230712,10.6,False
84,1.442747765074768,0.6111111111111112,nan,nan,20,6318,45.06205882435086,44.014034077978486,10.35,False
85,1.3601532960570344,0.6308489559518367,nan,nan,20,6561,47.439351981314026,46.70741758444104,10.75,False
86,1.394755778873954,0.6198243412797992,nan,nan,20,6376,45.69172108427514,44.6767630189435,10.45,False
87,1.276008709802974,0.6629623486482004,nan,nan,20,6029,43.58864514375716,40.85560354006655,9.8,False
88,1.352717824965412,0.6364189086487309,nan,nan,20,6579,46.84678793849303,46.0208601310665,10.65,False
89,1.263172363802236,0.6587203937250077,nan,nan,20,6502,46.721767158627834,44.90710817535056,10.45,False
90,1.3830635748378464,0.6280217069560927,1.3597933764302184,0.6315878569010269,20,6081,43.5304190390365,42.11702236249754,10.05,False
91,1.308981159199269,0.6451460885956645,nan,nan,20,6366,44.75701551799858,43.68736385242105,10.3,False
92,1.3527497782861764,0.6254706171222786,nan,nan,20,6109,42.20934203606526,41.29019716874449,9.95,False
93,1.2931337536857834,0.6463494132985659,nan,nan,20,6136,44.83209001006925,42.672115495792994,10.1,False
94,1.220307217909731,0.6636701797892126,nan,nan,20,6452,46.09317882873265,45.05298217270799,10.5,False
95,1.2914116158839444,0.6443928847641145,nan,nan,20,6465,46.916565299888845,45.73820517773155,10.6,False
96,1.2469586155907886,0.6578545232273839,nan,nan,20,6544,46.7749941843346,45.461417277235284,10.55,False
97,1.278177050934508,0.6529411764705882,nan,nan,20,6120,43.43723750022449,42.079440422728496,10.05,False
98,1.108545166576947,0.696196278610242,nan,nan,20,6073,43.67154546491049,41.34145993487864,9.9,False
99,1.1804740223668244,0.6733754050827222,nan,nan,20,5863,42.60229870040695,40.092226821583,9.7,False
100,1.213804890788137,0.6627287853577372,1.245356386421685,0.6520144453221984,20,6010,44.02236053467182,41.48007277093559,9.9,False
101,1.2049442702590005,0.6691461335812801,nan,nan,20,6453,46.425706061748194,45.392590090262004,10.55,False
102,1.1324038703464767,0.6891585760517799,nan,nan,20,6180,46.0476357084179,42.810705689261994,10.05,False
103,1.1243932985722802,0.6883362191090823,nan,nan,20,6353,45.15045498731041,44.28987043070704,10.4,False
104,1.1036188201365218,0.6954840705227343,nan,nan,20,6466,46.49816003861415,45.95286783524699,10.65,False
105,1.111758916215623,0.6955632473253619,nan,nan,20,6356,48.49112024647813,45.14566294940809,10.4,False
106,1.114369123165564,0.6894817073170731,nan,nan,20,6560,46.8051022980069,46.01929107808604,10.65,False
107,1.0728254771062746,0.7049870466321243,nan,nan,20,6176,44.49144278455816,42.291574663816505,10.05,False
108,1.0461483888647818,0.7140080971659919,nan,nan,20,6175,44.32616874719214,42.265514418071554,10.05,False
109,1.0389874641937444,0.7063797079169869,nan,nan,20,6505,47.76590717944959,46.465807679579584,10.7,False
110,0.9403880178438264,0.7329511164755582,1.117825024903675,0.6855321069856676,20,6628,49.71986001533845,47.84740791557,10.85,False
111,1.1157894544942624,0.6918325326012355,nan,nan,20,5828,39.96061192945787,38.47762863194449,9.5,False
112,1.0076871749759704,0.7185747278126031,nan,nan,20,6062,44.33435787175108,41.8804492931285,9.95,False
113,1.0278722196503791,0.7181479682693864,nan,nan,20,6177,43.35746663075325,42.07438458534704,10.05,False
114,1.0483090472451073,0.7085583374243168,nan,nan,20,6111,43.168268224149436,42.28093293595399,10.1,False
115,0.9896390638002706,0.7193629505448449,nan,nan,20,5965,44.16834372306307,40.81674369439559,9.75,False
116,1.0230214871555925,0.7114457831325302,nan,nan,20,6640,50.16162762471253,47.990133750428484,10.9,False
117,1.0525942777927797,0.7062460367786937,nan,nan,20,6308,44.70467268272498,43.950456223397545,10.35,False
118,0.9221487370511303,0.740167046317388,nan,nan,20,6585,48.0918801252884,47.37249257170055,10.85,False
119,1.0339477052033568,0.7133652734181397,nan,nan,20,6053,43.22729952659113,42.02520155426849,10.05,False
120,1.0496584160320792,0.7079381805409203,1.0396973995952006,0.7046608734905767,20,5694,41.572029399904864,38.460622059192545,9.4,False
121,0.9564467791849859,0.7225366178428761,nan,nan,20,6008,42.861771736808876,40.685220074528,9.8,False
122,0.8236876986343585,0.7606824229143841,nan,nan,20,6389,47.08225875589572,44.991159050439094,10.45,False
123,0.9777058478269943,0.717559664928086,nan,nan,20,6327,44.97431297720998,44.2619955265235,10.4,False
124,1.0018241157437242,0.719359756097561,nan,nan,20,6560,51.116262255499755,47.92288030822028,10.85,False
125,0.9296622678829112,0.734256511704583,nan,nan,20,6066,44.09097712255548,41.92538754838104,10.0,False
126,0.8327088011976882,0.7669844151914057,nan,nan,20,6609,47.72761776810977,47.0327103149265,10.8,False
127,0.9740562819978782,0.7215293731539218,nan,nan,20,6094,45.341565110816916,42.10141480785005,9.95,False
128,1.017168372154185,0.712999150382328,nan,nan,20,5885,42.86513230526649,40.164805984673485,9.7,False
129,0.8315320243419144,0.7651731808071179,nan,nan,20,6294,45.2795268084834,43.7720561236525,10.3,False
130,0.8715060531793575,0.7489401789919925,0.9378516587402788,0.7289809276605349,20,6369,47.02932610017987,45.258900467283596,10.5,False
131,0.9988966341432547,0.7226442540811379,nan,nan,20,6187,44.151922544935786,42.74488345945254,10.15,False
132,0.8848647852105,0.7396024464831804,nan,nan,20,6540,47.75167878315662,46.75971935045604,10.75,False
133,0.9318419831693172,0.7381666666666666,nan,nan,20,6000,41.891253577834235,40.42597571455399,9.8,False
134,0.8351608210174418,0.7596394591887832,nan,nan,20,5991,42.882396255807485,41.16466059472349,9.9,False
135,0.8775099147288287,0.7503626107977438,nan,nan,20,6205,43.84681797359673,42.94191848471849,10.2,False
136,0.7398733959123437,0.7736411020104245,nan,nan,20,6715,50.772625008493144,48.40141445844748,10.95,False
137,0.7592602436322479,0.7843137254901961,nan,nan,20,6477,48.00155626657969,46.26491782044809,10.65,False
138,0.9492972191458151,0.7397215927484623,nan,nan,20,6178,44.332112483715015,43.07017618993799,10.2,False
139,0.8542339105791404,0.7497478991596639,nan,nan,20,5950,43.36150097299551,40.80648483992105,9.8,False
140,0.793355540725773,0.7724247226624406,0.8666250268488218,0.7491253808825189,20,6310,44.873740108503114,43.69298144951154,10.3,False
141,0.7716297964808865,0.779762821500077,nan,nan,20,6493,47.27251728771838,46.10859150080054,10.65,False
142,0.8192655223387258,0.7596600929934263,nan,nan,20,6237,48.091247768288916,44.00455944645604,10.25,False
143,0.8776462423696012,0.7493569131832798,nan,nan,20,6220,44.58442693276517,43.103300641747495,10.2,False
144,0.7284931610948744,0.788573174457684,nan,nan,20,6546,49.25503411484704,46.701805817697036,10.7,False
145,0.8629985540926234,0.7506088650754993,nan,nan,20,6159,43.68981122632619,42.45124492267804,10.1,False
146,0.7757418238055799,0.773202722895567,nan,nan,20,6023,43.442328755866356,41.0614392282925,9.85,False
147,0.7933991178668256,0.7726403061224489,nan,nan,20,6272,44.841564697823436,43.4483324461475,10.25,False
148,0.7203370103951335,0.7953952417498081,nan,nan,20,6515,47.10585030489182,46.05766507752149,10.65,False
149,0.8278299790309838,0.762970329852478,nan,nan,20,6033,44.01505906650278,41.662144513881046,9.95,False
150,0.768873646768515,0.7765002362576784,0.8113297425709087,0.7651506601963661,20,6349,45.40486896779106,44.34604640161204,10.4,False
151,0.6514807017259846,0.813774354327141,nan,nan,20,6621,48.336653628309485,47.41973850033409,10.85,False
152,0.7340739462966892,0.7889721961886911,nan,nan,20,6402,48.459345114249224,45.435001245465585,10.5,False
153,0.7382892690865879,0.7836627547869055,nan,nan,20,6476,48.43603717103799,46.35112103158664,10.65,False
154,0.8861239382308891,0.7446705426356589,nan,nan,20,6192,42.886768055498116,41.72259229341399,10.0,False
155,0.7971260522151397,0.7721445221445221,nan,nan,20,6864,52.05470273973044,50.36562641008153,11.25,False
156,0.8019139178816983,0.7700147953312511,nan,nan,20,6083,46.44965709471437,43.1231633463836,10.1,False
157,0.703883703212944,0.7961055680720953,nan,nan,20,6214,46.265628114810696,44.115769366586036,10.3,False
158,0.7611000497850974,0.778957376010141,nan,nan,20,6311,47.16650001957234,44.26044463651765,10.3,False
159,0.8256104893862221,0.7631368790927967,nan,nan,20,6261,45.08781570122785,43.75923035313054,10.3,False
160,0.7951966605165345,0.7699391290775714,0.7743445919176456,0.7740661324906896,20,6407,45.47325765548797,44.386572737097495,10.4,False
161,0.7085092883304908,0.7918461538461539,nan,nan,20,6500,46.76746418404693,45.74980626904105,10.6,False
162,0.7740637040596273,0.7781564150621911,nan,nan,20,5869,42.35950570494033,39.31356075195204,9.55,False
163,0.7005777040566511,0.7950924155513066,nan,nan,20,6276,44.648942461527625,43.66316944288299,10.3,False
164,0.6497994930969452,0.8060933513432388,nan,nan,20,6663,48.203648141165125,47.3932389388865,10.85,False
165,0.8032213002504115,0.7781948751428105,nan,nan,20,6127,44.02528063130567,42.72124865728749,10.15,False
166,0.7405527271300982,0.7912001261630658,nan,nan,20,6341,45.318545834510225,44.07871392861705,10.35,False
167,0.6759858043569148,0.8059654132952562,nan,nan,20,6303,45.700993444895545,44.1625261335525,10.35,False
168,0.713296324523436,0.7943204202232436,nan,nan,20,6092,45.49356723054313,42.22379448659749,9.95,False
169,0.7121703089951309,0.7894566098945661,nan,nan,20,6165,43.66912442394363,42.15294724265654,10.05,False
170,0.7787395041255404,0.7748104187273327,0.7207081454653945,0.7874393409321747,20,6066,43.63078322407409,42.156627737302045,10.05,False
171,0.7196549306282226,0.7871733966745843,nan,nan,20,6315,45.912381747470064,44.48999463663605,10.4,False
172,0.7205566772826468,0.7934799563250663,nan,nan,20,6411,47.140332813905474,45.55474924060505,10.55,False
173,0.6651972514322421,0.806858924395947,nan,nan,20,6415,46.46356163674546,45.414113450761995,10.55,False
174,0.717688004222302,0.7946074544012688,nan,nan,20,6305,43.54697474778893,42.645142054559486,10.15,False
175,0.697729603156698,0.7902097902097902,nan,nan,20,6721,51.02629144575319,48.72008229857104,11.0,False
176,0.6814162145581992,0.8058113686884726,nan,nan,20,6298,44.34842605046076,43.5932400446185,10.3,False
177,0.6207608035384399,0.8159790438768828,nan,nan,20,6108,44.71755101184675,42.15991063116205,10.0,False
178,0.6169364850576521,0.8109663738261133,nan,nan,20,6602,47.278438253717546,46.65492210818154,10.75,False
179,0.5993415821879986,0.8203631647211413,nan,nan,20,6168,44.741059229801735,42.863627839331045,10.15,False
180,0.6699887621260939,0.8059556562550575,0.7060908631067111,0.7916149418801489,20,6179,43.72813234585683,41.93302167177399,10.0,False
181,0.6797721226647626,0.800452050371327,nan,nan,20,6194,44.79027735452346,43.388435086212034,10.25,False
182,0.6239039882063934,0.8143231727302523,nan,nan,20,6102,45.31161512886935,42.327334182906995,10.0,False
183,0.6878721363205458,0.8051040312093628,nan,nan,20,6152,45.17038858734521,42.780490159731045,10.1,False
184,0.6435109897296178,0.8058143270157404,nan,nan,20,6226,44.098539618945196,43.01624104000949,10.2,False
185,0.6493904870902504,0.8130871396177518,nan,nan,20,6174,43.81662250300415,42.42079173248299,10.1,False
186,0.6579089597633798,0.8043755988502076,nan,nan,20,6262,44.2105873112797,43.0370517381285,10.2,False
187,0.7317761199603829,0.7891045506442669,nan,nan,20,6131,44.94567162795011,42.473712039476545,10.05,False
188,0.630423242022076,0.8150918848593267,nan,nan,20,6149,44.49058351618023,42.86434050171204,10.15,False
189,0.6064868023614031,0.818124107284558,nan,nan,20,6301,44.855882764952035,43.430898524142506,10.25,False
190,0.6740420545767812,0.793042071197411,0.6717023897717223,0.8017153820110597,20,6180,45.006280375854736,43.02161169983799,10.15,False
191,0.6534703149446934,0.8142067620286085,nan,nan,20,6152,43.95157308087972,41.9822455972375,10.0,False
192,0.7172736813082159,0.7939422473320779,nan,nan,20,6372,46.56202051083298,45.1368587085765,10.5,False
193,0.6758586544755802,0.8078637376631645,nan,nan,20,6282,44.99581646821172,44.00800753703849,10.35,False
194,0.5625262760330032,0.8268131868131868,nan,nan,20,6825,50.316067604597734,49.50463193429164,11.15,False
195,0.5731788623205925,0.8303584599498451,nan,nan,20,6779,50.12332509695117,48.9091182958321,11.05,False
196,0.7213300070407679,0.7886614684860299,nan,nan,20,6156,43.32771230710027,42.072576862213495,10.05,False
197,0.5405654612105574,0.8365794278758368,nan,nan,20,6572,46.73479244802135,45.99141617390249,10.65,False
198,0.5890764908550088,0.8281045751633986,nan,nan,20,6120,46.1316991536797,42.75856919844555,10.05,False
199,0.6805503109455945,0.8016643550624133,nan,nan,20,6489,47.93523768375622,46.599588066527005,10.7,False
200,0.6185079317420846,0.8086858249919276,0.647994150447867,0.8094458864687959,20,6194,44.575661994952604,42.869590049337994,10.15,False
201,0.5383019212323932,0.8386304314448026,nan,nan,20,6513,47.99671738120765,46.81961671039151,10.75,False
202,0.6464381682276539,0.8040075140889167,nan,nan,20,6388,45.31032396846225,44.34935884679299,10.4,False
203,0.6344702624140985,0.8116634799235182,nan,nan,20,6276,44.840069661252805,43.96945919838299,10.35,False
204,0.5115647049881816,0.8469403806827119,nan,nan,20,6357,47.28982812075145,44.835571587060045,10.4,False
205,0.537270285872705,0.8397494653223343,nan,nan,20,6546,47.21229843858093,46.08553998170505,10.65,False
206,0.5617953846220365,0.8309998352824906,nan,nan,20,6071,45.72351997793954,42.36305844113605,10.0,False
207,0.5589419732023577,0.8316221765913757,nan,nan,20,6331,45.55031203162937,44.1450922115475,10.35,False
208,0.6006964734759197,0.8245288847698486,nan,nan,20,6474,47.20201547518901,46.09290097099604,10.65,False
209,0.6208285208620083,0.8195813873032347,nan,nan,20,5781,42.07198233649577,39.489952483013994,9.6,False
210,0.5406570542359108,0.8394312190445758,0.6166670472623801,0.819941315878569,20,6259,44.66523795796852,43.39078113250655,10.25,False
211,0.5964468475926461,0.8172043010752689,nan,nan,20,6324,46.45316408539626,44.8417869285691,10.45,False
212,0.6280349698398826,0.8138068880688807,nan,nan,20,6504,46.599299393119246,45.403031072440555,10.55,False
213,0.6246186170568478,0.8253108065030283,nan,nan,20,6274,44.06833992918193,42.996157353178496,10.2,False
214,0.5149730025115159,0.8461877479065668,nan,nan,20,6807,48.78714946415217,48.36865222575604,11.0,False
215,0.5389283785732416,0.8364254792826221,nan,nan,20,6468,47.6589340462933,46.20372475421055,10.65,False
216,0.5298317494829692,0.8346762160549089,nan,nan,20,6702,48.70059208087459,47.80295059392505,10.9,False
217,0.6426504149476436,0.8112511527820473,nan,nan,20,6506,48.39134606470909,47.423050945515044,10.85,False
218,0.6240732996780282,0.8182881979271147,nan,nan,20,5982,42.34977854297398,40.5972541001645,9.8,False
219,0.6446769079238818,0.8088581749646615,nan,nan,20,6367,46.2674191587318,44.80742466829724,10.45,False
220,0.6318255988195972,0.8126838836220988,0.5953125061858064,0.8234397923484934,20,6118,44.702883573383346,42.88831967764509,10.15,False
221,0.5680996005041161,0.8346944948578342,nan,nan,20,6612,48.863209229309646,47.522792350408096,10.85,False
222,0.5464884695660617,0.8376921857663655,nan,nan,20,6309,45.57038994607624,43.87547802319104,10.3,False
223,0.5893138897705406,0.8293559986923831,nan,nan,20,6118,44.12197547637203,42.003360013888,10.0,False
224,0.45151572669581813,0.8605420737472423,nan,nan,20,6346,46.21172599271741,44.529081298452496,10.4,False
225,0.5735489863157516,0.8235870630512905,nan,nan,20,6122,44.90866565067527,42.44107595242154,10.05,False
226,0.6205721204969245,0.8179968701095461,nan,nan,20,6390,48.63175912801024,45.74828394079204,10.55,False
227,0.6405290030809705,0.8079086415544572,nan,nan,20,5867,40.25328067384167,39.0512508604395,9.6,False
228,0.6311988648600303,0.8192845079072624,nan,nan,20,6513,46.83171835699046,46.02297157273154,10.65,False
229,0.589193632535737,0.8255412613743333,nan,nan,20,6374,45.28235043527617,44.35519167748849,10.4,False
230,0.5508181887267094,0.8322818895214649,0.5838201288148575,0.8270511228980928,20,6499,47.660750772820144,45.96763753107699,10.6,False
231,0.5836838444079934,0.8291735166641757,nan,nan,20,6691,50.68668181708613,48.39442151862103,10.95,False
232,0.604122365250577,0.822771046908978,nan,nan,20,6438,46.31027887884908,44.884288895972034,10.45,False
233,0.5267222601354894,0.8401516348128257,nan,nan,20,6331,44.56823150735551,43.647478913078494,10.3,False
234,0.5830797677532346,0.8198059448636994,nan,nan,20,6493,46.0549843966485,45.58187885808399,10.6,False
235,0.5403199141981484,0.8357321652065082,nan,nan,20,6392,45.66551796003039,44.961938357792995,10.5,False
236,0.5322245395176032,0.8390357698289269,nan,nan,20,6430,46.834763788832134,45.24638657291249,10.5,False
237,0.6194721965655293,0.8186069817938868,nan,nan,20,5987,42.44968326114808,40.32643484276849,9.75,False
238,0.5254041005911654,0.832030600365874,nan,nan,20,6013,43.8251809226176,41.20234815223749,9.85,False
239,0.5460116943455283,0.8328611898016998,nan,nan,20,6354,44.133798023909215,43.54074456835899,10.3,False
240,0.5370765306470768,0.837685364281109,0.5716109983122735,0.8280103825753301,20,6204,45.181912633823316,43.2242858426025,10.2,False
241,0.5287197167348776,0.8352452202826268,nan,nan,20,6015,45.522148548087344,42.315948322250044,10.0,False
242,0.6382148398684002,0.8150508007577062,nan,nan,20,5807,40.52621723815422,38.63229098324901,9.5,False
243,0.5273967207535842,0.8333881038448899,nan,nan,20,6086,44.39870906850196,42.05800782619749,10.0,False
244,0.5520354047172951,0.8345750342101262,nan,nan,20,6577,46.62125969561996,45.97030175725199,10.65,False
245,0.5604060789918103,0.8338767272162708,nan,nan,20,6441,46.48542456127109,45.392590090262,10.55,False
246,0.5136287237947792,0.8427653237184511,nan,nan,20,6379,46.62855925104176,44.938353425211986,10.45,False
247,0.48366024145555114,0.8484748010610079,nan,nan,20,6032,44.23184852397403,41.73551552406154,9.95,False
248,0.5292769116562556,0.845230369889682,nan,nan,20,6164,44.16764286465435,43.013784985427996,10.2,False
249,0.5539134759280285,0.8317617866004963,nan,nan,20,6045,43.392140226121136,41.36628931012349,9.9,False
250,0.6139937874849942,0.812678661510005,0.5601541376883418,0.8313960049655795,20,5947,42.59991937728641,39.850746296032995,9.65,False
251,0.5211666041095533,0.8445814406229721,nan,nan,20,6164,44.30759970201503,42.36062615107349,10.05,False
252,0.4908148889343229,0.8557229383444634,nan,nan,20,6439,46.87197527284036,45.47879330140056,10.55,False
253,0.5758068774827134,0.8268017270009963,nan,nan,20,6022,43.20530498159961,40.991100886178494,9.85,False
254,0.5555175675767444,0.8267383162351408,nan,nan,20,6141,44.04411271716784,41.983988989438,10.0,False
255,0.5262444206827463,0.8369945877109201,nan,nan,20,6282,46.49811810754196,44.043405434148106,10.3,False
256,0.571659228401484,0.8290795323563313,nan,nan,20,6073,43.16965675702515,41.50076235685204,9.95,False
257,0.500502078400487,0.8454183266932271,nan,nan,20,6275,44.82353734384333,43.407904902886735,10.25,False
258,0.5515515001239131,0.8386176284083703,nan,nan,20,6308,46.62532782438678,44.887153867830996,10.45,False
259,0.5330396526442626,0.8389057750759878,nan,nan,20,6251,44.44709339708739,43.06843279773751,10.2,False
260,0.5022001843193832,0.8402659656718726,0.5384497898868857,0.8364180115111162,20,6467,46.485816018310224,45.11417523894555,10.5,False
261,0.41634730223349153,0.8761384335154827,nan,nan,20,6588,48.726002652211605,47.222335425603596,10.8,False
262,0.5196683513349584,0.8420971472629144,nan,nan,20,6485,46.56484428840998,45.67987687077653,10.6,False
263,0.5083537710822785,0.8481659185884538,nan,nan,20,6461,46.323458292368876,45.37864295265799,10.55,False
264,0.573906822951589,0.8282862459820673,nan,nan,20,5911,42.22113947021688,39.789249298687544,9.65,False
265,0.4649960589722686,0.8604231589306216,nan,nan,20,6097,43.80461033900831,41.697854163387504,9.95,False
266,0.524772622614665,0.8394852692177447,nan,nan,20,5906,43.20616868498232,40.29559892918349,9.7,False
267,0.49908517183243,0.8511885895404121,nan,nan,20,6310,46.0505071232063,44.23504024826459,10.35,False
268,0.547043124889672,0.8335834583958646,nan,nan,20,5997,42.235258982435745,40.4959051128185,9.8,False
269,0.5461157589708107,0.8347621448983022,nan,nan,20,5949,43.191446630192004,40.685355884275545,9.8,False
270,0.591033222207276,0.8204259438528557,0.5279735709175731,0.8392957905428281,20,6198,43.635053002793676,42.403357810478,10.1,False
271,0.5422378314478599,0.8351969723034578,nan,nan,20,5813,42.043454609665524,38.75707779095204,9.45,False
272,0.4614999898931611,0.8526871401151631,nan,nan,20,6252,45.43315989772659,43.61496393822604,10.25,False
273,0.5126479035496508,0.8451622922814102,nan,nan,20,6439,45.27506227794411,44.353448285287996,10.4,False
274,0.49696587027668904,0.8504078303425775,nan,nan,20,6130,43.50358245028819,42.09181850735204,10.05,False
275,0.5097468213219657,0.8424813251055537,nan,nan,20,6158,43.06761819887156,42.011448126908995,10.05,False
276,0.5215697059315402,0.8445612882024318,nan,nan,20,6086,43.819060089861416,41.411598136312044,9.9,False
277,0.4659514223369384,0.8603271327774215,nan,nan,20,6236,44.31493610220231,43.32590757162349,10.25,False
278,0.5540612404119535,0.8341180163214061,nan,nan,20,6372,46.18052949154745,45.06944969582655,10.5,False
279,0.5479281866120832,0.8281043593130779,nan,nan,20,6056,42.197333244296914,41.0307852924135,9.9,False
280,0.4488744827233458,0.8638921800947867,0.5161361018578956,0.8438663807696648,20,6752,49.40592123957761,48.49977469025809,11.0,False
281,0.4688934120336679,0.8506313520172467,nan,nan,20,6494,49.16352603925996,46.367365771436646,10.6,False
282,0.5402411524156574,0.8315094667361473,nan,nan,20,5757,39.57816500820171,38.38832820922999,9.5,False
283,0.5257303380653129,0.8375673595073133,nan,nan,20,6495,48.69071996542495,46.30253514483703,10.65,False
284,0.4774431358932517,0.8573707721761328,nan,nan,20,6268,45.290809400040956,43.566220435426544,10.25,False
285,0.47731350073148815,0.8468222043443282,nan,nan,20,6215,44.17307690645362,42.77288774294754,10.15,False
286,0.45326129448406155,0.8590095176641394,nan,nan,20,6199,43.14647192301276,42.27316300281349,10.1,False
287,0.5225025437884243,0.8404821540388228,nan,nan,20,6388,46.18396223277304,44.801533939761995,10.45,False
288,0.5562026987924645,0.8306518493945928,nan,nan,20,6029,42.41591065819784,41.07996832349205,9.9,False
289,0.4733200846591452,0.8525838328203467,nan,nan,20,6173,43.64807942038756,42.216677916049484,10.05,False
290,0.5955472603938715,0.8271893244370309,0.5095938430886118,0.8482112628371515,20,5995,43.018314868117606,41.229613579463994,9.9,False
291,0.45611598010576065,0.8673644743008905,nan,nan,20,6401,45.010728387916714,44.28310994317398,10.4,False
292,0.5299192827592302,0.8422087497951827,nan,nan,20,6103,43.775484945839295,42.198825986173496,10.05,False
293,0.4754734386286327,0.8539636127355426,nan,nan,20,6156,44.67847997847345,42.4053516941925,10.05,False
294,0.43320694232542384,0.8650582362728786,nan,nan,20,6010,44.879538849783394,41.9685489511475,9.95,False
295,0.486828527403925,0.854691435768262,nan,nan,20,6352,45.05407340581542,44.02369806684298,10.35,False
296,0.40348713415718107,0.8730133998130258,nan,nan,20,6418,47.35162064625857,45.641976751127,10.55,False
297,0.4974691011563255,0.8451061133987964,nan,nan,20,6314,47.20486033581425,44.4942846082386,10.35,False
298,0.511946827034607,0.8424584413603782,nan,nan,20,6557,48.32531444893652,46.8878027164555,10.75,False
299,0.42830668329146393,0.8650325313965804,nan,nan,20,6609,47.08899161195632,46.33257377341249,10.7,False
300,0.4709393292998268,0.8513817480719794,0.4999628333189245,0.8468005868412143,20,6224,44.53831296743257,42.58626332800701,10.1,False
301,0.5361872864498043,0.8436092560956671,nan,nan,20,6439,48.466600872668934,46.180923726629054,10.6,False
302,0.44328340188999055,0.8566953797963978,nan,nan,20,6385,46.00553392192127,44.745084622178645,10.45,False
303,0.4700139471924721,0.8465857359635812,nan,nan,20,6590,49.79125523378726,47.09408355073058,10.75,False
304,0.4846342275097555,0.850487012987013,nan,nan,20,6160,45.09767096227109,43.040982724287986,10.15,False
305,0.5111407311614172,0.8372422477569652,nan,nan,20,6353,45.965261100829146,44.741404127533144,10.45,False
306,0.4571080582591148,0.8601232811759127,nan,nan,20,6327,45.307340257027434,44.06459245179299,10.35,False
307,0.4786754356931035,0.855638857872069,nan,nan,20,6269,46.60301783830779,44.43250010426459,10.35,False
308,0.4789268736178965,0.8570516911295469,nan,nan,20,6268,46.34907144269671,44.02020325152909,10.3,False
309,0.5386783791978119,0.8372925479986983,nan,nan,20,6146,44.396074227221916,42.56919745546655,10.1,False
310,0.482226431183517,0.8509375,0.5009745539358057,0.8436406726103148,20,6400,46.118181751937044,45.05569626846704,10.5,False
311,0.4291707558893184,0.8631741140215716,nan,nan,20,6490,48.067775508713694,46.540754173176644,10.7,False
312,0.5203045722417959,0.8438617401668653,nan,nan,20,6712,49.427619126268425,48.20094471627379,10.95,False
313,0.4209505117257698,0.8676673303721857,nan,nan,20,6529,47.76329381498714,46.50937311356764,10.7,False
314,0.4514227726076936,0.8583602703496914,nan,nan,20,6806,49.495190140670665,48.777995831330045,11.05,False
315,0.48352855713279647,0.8546829739298358,nan,nan,20,6214,46.66274446979025,43.335957772927145,10.15,False
316,0.43334386202759434,0.8626995196032853,nan,nan,20,6453,47.45298398586137,45.89201111186455,10.6,False
317,0.40739618322290133,0.8727554179566563,nan,nan,20,6460,47.98653617398507,46.04008731485604,10.6,False
318,0.5012252661054989,0.8487090680100756,nan,nan,20,6352,45.942335665459396,44.46479078149055,10.4,False
319,0.5067592736551666,0.8468601410067225,nan,nan,20,6099,42.52248718310642,41.34536369404205,9.95,False
320,0.4465843888154464,0.862690019828156,0.48149397389074305,0.8535718316217131,20,6052,42.46959015525152,41.37069692849899,9.95,False
321,0.5561506000440767,0.8366409709693292,nan,nan,20,6097,44.614117259024816,42.092731702840595,10.0,False
322,0.4623096172447781,0.8535736875395319,nan,nan,20,6324,46.487050015890695,44.5897360415291,10.4,False
323,0.4434117217223798,0.8684456928838952,nan,nan,20,6408,47.663022357875434,46.175208453884096,10.65,False
324,0.44887460963131715,0.8565379403794038,nan,nan,20,5904,44.104225386792045,40.25822871263555,9.65,False
325,0.5427831162395697,0.8328445747800587,nan,nan,20,6479,47.14024686046309,45.802768586989785,10.6,False
326,0.4858178184607605,0.8532383634255425,nan,nan,20,6037,43.844397973410956,40.89281743037104,9.8,False
327,0.45442124495888525,0.8596518020769701,nan,nan,20,6548,47.71276060072584,46.47146617105504,10.7,False
328,0.458697497632073,0.8635622395361479,nan,nan,20,5519,38.5759402075689,36.42502945308449,9.15,False
329,0.4709885163304,0.8550089300211073,nan,nan,20,6159,44.783921650986116,42.41307166892655,10.05,False
330,0.44944920150860956,0.8550519357884797,0.4803242362819586,0.8536282586615506,20,6354,45.35212901330236,44.358230775991096,10.4,False
331,0.4435127317754762,0.8701891715590345,nan,nan,20,6132,46.31716562139644,42.8227064215791,10.05,False
332,0.4722766067350626,0.8525610339875539,nan,nan,20,6267,45.549594928421925,43.83692968453555,10.3,False
333,0.5479002121591563,0.8417157275021027,nan,nan,20,5945,43.01355011802965,41.001398116518985,9.85,False
334,0.4507576910745883,0.862400733048259,nan,nan,20,6548,47.05579855928976,46.06181241385624,10.65,False
335,0.4569342804557843,0.8620415939037942,nan,nan,20,6299,44.71096430173704,43.67903431190753,10.3,False
336,0.457270634452122,0.8631840796019901,nan,nan,20,6432,46.24701029991554,45.34183800620299,10.55,False
337,0.5114822360307268,0.8505197162184458,nan,nan,20,6061,43.718275080395614,41.87517378748301,10.0,False
338,0.4804388176767347,0.8500899133562204,nan,nan,20,6117,43.55690375917042,41.38558091366849,9.9,False
339,0.4157191343977417,0.8682532275626069,nan,nan,20,6429,46.90970217568167,45.760247251219596,10.6,False
340,0.500177217531887,0.8466407010710808,0.46612054277066384,0.8580295677688748,20,6162,46.74022513018046,43.8787372649741,10.25,False
341,0.468049424801497,0.8523658251128574,nan,nan,20,5981,43.90391709041774,40.73661222292605,9.75,False
342,0.4170461985445628,0.8743228602383532,nan,nan,20,6461,45.95121639744129,44.497396520311995,10.4,False
343,0.47483936559724604,0.8491525423728814,nan,nan,20,5900,42.96169785700353,40.14227317856604,9.7,False
344,0.44289086004228967,0.8610588972431078,nan,nan,20,6384,45.683798731931226,44.6887730541025,10.45,False
345,0.4970470363309224,0.848347375243033,nan,nan,20,6172,44.92493201298782,42.54589232985254,10.05,False
346,0.4325925763696432,0.8686495176848874,nan,nan,20,6220,46.936080182819815,44.02206132549604,10.25,False
347,0.41646311729066143,0.8652173913043478,nan,nan,20,6210,45.40883455913183,43.81611898641655,10.3,False
348,0.4218542121709399,0.865500696486612,nan,nan,20,6461,46.25795518393317,45.35789658547204,10.55,False
349,0.475370418816002,0.8589743589743589,nan,nan,20,6162,44.08624927478345,42.508796236318986,10.1,False
350,0.4666657010700133,0.8590286004400067,0.46827521768518715,0.8561110484144002,20,5909,43.67010454741679,40.93521606235204,9.8,False
351,0.4697981117879382,0.8572783309625415,nan,nan,20,6327,44.87880338837358,43.99251071747849,10.35,False
352,0.5015868136613425,0.8508403361344538,nan,nan,20,6664,48.61376408764843,47.47969375810929,10.85,False
353,0.42324318563936336,0.8647912885662432,nan,nan,20,6612,48.700559048250646,47.764402255269545,10.9,False
354,0.48196120080205807,0.8472541926997698,nan,nan,20,6082,42.92703580949651,41.465830181909,9.95,False
355,0.4768755578626875,0.8525409130060293,nan,nan,20,5805,40.92134434678343,38.96163225784449,9.55,False
356,0.4596315280090314,0.8595703751202308,nan,nan,20,6238,44.557316537597615,42.8379052711975,10.15,False
357,0.42895092293352455,0.8726322664924886,nan,nan,20,6124,44.73219124849469,42.258605549337986,10.0,False
358,0.45923574621953345,0.860135551447936,nan,nan,20,6492,48.06261463091671,46.54098662547005,10.7,False
359,0.41950334117082533,0.8696792103639729,nan,nan,20,6484,48.19599251289523,46.137358292641004,10.6,False
360,0.42973804055947085,0.8636659083522912,0.4578082864325682,0.8589888274461122,20,6154,42.53725209626578,41.627459040003984,10.0,False
361,0.4007400524405872,0.8776470588235294,nan,nan,20,6375,45.79690647135576,44.187017326317005,10.35,False
362,0.4444551872917027,0.8636222910216719,nan,nan,20,6460,48.567413486519726,45.9664547793581,10.55,False
363,0.5226979833414876,0.8424342105263158,nan,nan,20,6080,43.1730257888635,41.50724327984704,9.95,False
364,0.44092672449968906,0.8619899128839982,nan,nan,20,6543,47.11784769431251,46.36569822522198,10.7,False
365,0.4222358438418425,0.8690168175937905,nan,nan,20,6184,43.84590945814415,42.169517838757045,10.05,False
366,0.5373885662460172,0.8349959116925593,nan,nan,20,6115,43.13441121190845,41.282109055723495,9.9,False
367,0.3878265261896886,0.8753846153846154,nan,nan,20,6500,48.39900493835127,46.89161880827215,10.75,False
368,0.3693379772414198,0.8819211744056167,nan,nan,20,6267,46.71585197902408,43.97694381839555,10.25,False
369,0.5747485158088093,0.83026920551543,nan,nan,20,6092,42.271522592605706,41.30588769854899,9.95,False
370,0.4337519668740185,0.8639412328329608,0.46595739260872526,0.8551517887371628,20,6262,46.26013684257131,44.075875363221996,10.3,False
371,0.4253908930252223,0.868681943767268,nan,nan,20,6153,43.56029663444916,42.09297861648299,10.05,False
372,0.3517267298626989,0.8904003710001546,nan,nan,20,6469,46.55926713674614,45.6831893159575,10.6,False
373,0.39676060207857067,0.871517027863777,nan,nan,20,6460,46.29269284508469,45.340094614002496,10.55,False
374,0.37530498557126346,0.878955223880597,nan,nan,20,6700,50.30127769983415,48.298360608373486,10.95,False
375,0.4324262010962294,0.8627334716869256,nan,nan,20,6746,49.284262203713396,48.74312798732005,11.05,False
376,0.45479167946807325,0.8622179548727796,nan,nan,20,6249,45.17189500984285,43.22824590178605,10.2,False
377,0.4323750964831942,0.8672348795279462,nan,nan,20,6101,43.31236746906271,41.0341476071785,9.85,False
378,0.391277358112978,0.8802603693611868,nan,nan,20,6606,47.15682096974132,46.36238578004104,10.7,False
379,0.4737851553205795,0.8602675059008654,nan,nan,20,6355,45.333416185961696,44.09597351140199,10.35,False
380,0.39263360930543334,0.8770028994353731,0.4457703506807995,0.8626001579957115,20,6553,47.547166738998726,46.443397556627,10.7,False
381,0.44361040392116907,0.8650701899256813,nan,nan,20,6055,43.920324023911355,41.49483564390255,9.9,False
382,0.4646611059596169,0.8562923763849843,nan,nan,20,6047,43.768705860136286,41.212092683937996,9.85,False
383,0.3776809383397923,0.8789798827815618,nan,nan,20,6313,43.95960393222869,42.98281286966849,10.2,False
384,0.432688785307323,0.8693435309114086,nan,nan,20,6276,46.72140574052809,44.9039463936931,10.45,False
385,0.440849443085931,0.8663300163374424,nan,nan,20,6733,49.94391124124033,49.411883469225046,11.15,False
386,0.4093704255062714,0.87408,nan,nan,20,6250,45.17544462060383,43.2406239864096,10.2,False
387,0.4647716497492481,0.857006824313601,nan,nan,20,6301,45.70904984616753,44.21553341406704,10.35,False
388,0.3691189922015853,0.8803507728894173,nan,nan,20,6728,49.61879239420797,48.53621158724856,11.0,False
389,0.4285989732176765,0.8735332464146024,nan,nan,20,6136,42.380836493148,41.063909744223,9.9,False
390,0.39600425005108464,0.8752505782575174,0.4376763859750078,0.8658164992664484,20,6485,47.598018036331794,45.927655949188605,10.6,False
391,0.4238965885787557,0.866377874041986,nan,nan,20,6002,43.22732255530156,41.0109523332925,9.85,False
392,0.3456416009129448,0.8880303030303031,nan,nan,20,6600,51.14254678074398,47.90058638749955,10.85,False
393,0.38766029759342174,0.8764588196065355,nan,nan,20,5998,44.89093059494671,41.2473954268646,9.8,False
394,0.4100646039508745,0.8685499673416068,nan,nan,20,6124,43.18000520726994,42.01411917594704,10.05,False
395,0.399474807413258,0.869894801980198,nan,nan,20,6464,47.600946292348674,46.1792978923791,10.65,False
396,0.4134333672368375,0.8675127689212196,nan,nan,20,6461,46.42861690499296,45.92323016783848,10.65,False
397,0.40663515881330026,0.8739495798319328,nan,nan,20,5950,43.64529974376181,40.41583270231705,9.7,False
398,0.4565868338450859,0.8572542901716068,nan,nan,20,6410,45.97266899920605,44.749038463502494,10.45,False
399,0.35877462252146924,0.8827093366475066,nan,nan,20,6437,47.12345887087996,45.798621250655046,10.6,False
400,0.45587169785517545,0.8613399658013369,0.43961458488829636,0.865985780385961,20,6433,46.60212662373889,44.9117163268336,10.45,False
401,0.36273470133218827,0.8873348873348873,nan,nan,20,6435,46.758858190380835,45.445668849591044,10.55,False
402,0.40247377935145295,0.8741840731070496,nan,nan,20,6128,42.59692512138748,41.379497591458986,9.95,False
403,0.4643207734653644,0.860491432266408,nan,nan,20,6186,43.733072501796265,42.430305057824,10.1,False
404,0.44941168659046654,0.8631480616534329,nan,nan,20,6423,44.719828023915944,44.21318054490949,10.4,False
405,0.4456002293100279,0.8565239126812197,nan,nan,20,6001,42.22367264551601,40.508218866509,9.8,False
406,0.38651783332337375,0.8755060728744939,nan,nan,20,5928,42.76563422554191,40.41276743321849,9.75,False
407,0.40953398125209944,0.870893936917797,nan,nan,20,6119,44.004428554314664,41.691308906507,9.95,False
408,0.43330183888469376,0.8653846153846154,nan,nan,20,6292,45.89191427169375,44.45318969018105,10.4,False
409,0.4415523122945892,0.8636790974616108,nan,nan,20,6382,45.44441111220454,44.34236590696654,10.4,False
410,0.4054841876904713,0.8771901097101686,0.4231952589584142,0.8703870894932851,20,6107,44.83594587269191,42.44107595242154,10.05,False
411,0.3930876438836192,0.8756556618327677,nan,nan,20,6482,46.87352243842199,46.02628401791249,10.65,False
412,0.3819629117597438,0.8747266479225242,nan,nan,20,6402,45.87520442598313,44.74710136105749,10.45,False
413,0.3984011353693704,0.8768680961663418,nan,nan,20,6156,43.533760124826934,42.0579170622285,10.05,False
414,0.49868285815391994,0.8542600896860987,nan,nan,20,6244,45.53307707277989,43.162183158748,10.15,False
415,0.3903107477690478,0.8712400245549416,nan,nan,20,6516,47.92116622253373,46.25635582764119,10.65,False
416,0.4360483798454041,0.8690591658583899,nan,nan,20,6186,44.00790060169244,42.7413323441185,10.15,False
417,0.46499675334885543,0.8625424251774144,nan,nan,20,6482,48.28309625587756,46.57651502141379,10.7,False
418,0.4595117284457109,0.8548652202498357,nan,nan,20,6084,43.47562410802943,41.834279402533,10.0,False
419,0.4240271777833445,0.865038996269922,nan,nan,20,5898,41.758892498103926,39.66403090454704,9.65,False
420,0.4081226249099471,0.8758961287239126,0.425796788065176,0.8686378512583229,20,6277,45.589434965250256,43.86667736023104,10.3,False
421,0.4560164663312166,0.859270168548519,nan,nan,20,6111,42.950444791730234,41.45351642821849,9.95,False
422,0.4298911019249691,0.8725336673974319,nan,nan,20,6386,45.29626276135185,44.3282444301425,10.4,False
423,0.3896861182634464,0.8765451416053825,nan,nan,20,6391,46.461574380041775,44.62473326485055,10.4,False
424,0.35318875460437676,0.8862084660901229,nan,nan,20,6591,48.30243943131814,47.4126099633365,10.85,False
425,0.4271945033315369,0.8675037171650422,nan,nan,20,6053,43.16909265080984,41.26467513371849,9.9,False
426,0.4086801680501136,0.8675617437427482,nan,nan,20,6033,41.676366747856484,40.41308561309899,9.8,False
427,0.45003913011369234,0.852832097100472,nan,nan,20,5932,41.76751364335773,39.710399134749494,9.65,False
428,0.4146082419422846,0.8694838609075316,nan,nan,20,6413,45.805826886224644,44.69292039043724,10.45,False
429,0.3880672307125841,0.8778300499852985,nan,nan,20,6802,50.76729799361866,48.68658979729699,11.0,False
430,0.497191346022657,0.8486320220171605,0.42045193978874024,0.8714592032501975,20,6177,43.397778249937964,41.8011549507235,10.0,False
431,0.45700362094935953,0.8545686493382235,nan,nan,20,6271,44.66304878403953,43.44321227783299,10.25,False
432,0.4802347164914372,0.8497918401332223,nan,nan,20,6005,42.940391784447776,40.94536589745204,9.85,False
433,0.3416882236092888,0.8897128431681919,nan,nan,20,6338,46.780206272655064,44.95254638085054,10.45,False
434,0.3925413256256856,0.8787260746783809,nan,nan,20,6374,48.72757389235366,46.2494777821576,10.6,False
435,0.3695591181488483,0.8804885141029369,nan,nan,20,6878,50.437008578679006,49.539499778301646,11.15,False
436,0.4086873867443363,0.8673402868318123,nan,nan,20,6136,44.18951038037553,41.978595687021546,10.0,False
437,0.36865111029925823,0.8835509950248757,nan,nan,20,6432,48.26420779314183,45.84969633574285,10.55,False
438,0.40904050057893954,0.8677256999056308,nan,nan,20,6358,45.32263630936293,44.07503343397154,10.35,False
439,0.4312029399849646,0.8657501697216565,nan,nan,20,5892,43.391739681720466,41.05158152918351,9.85,False
440,0.39945749667087493,0.8770087509944312,0.4132078113075358,0.8735470037241846,20,6285,44.73138176845748,43.66316944288299,10.3,False
441,0.3626383872467615,0.8804489264801562,nan,nan,20,6148,44.195746851515715,42.05239929312849,10.0,False
442,0.40977884254971286,0.8748372395833334,nan,nan,20,6144,44.77335918897721,42.22180060288299,10.0,False
443,0.42260066525823414,0.8711475917608796,nan,nan,20,6457,47.822945461449336,46.48149820938409,10.7,False
444,0.38635516905703515,0.8766062858027558,nan,nan,20,6459,45.8406932700098,44.98130938224299,10.5,False
445,0.3924026328517791,0.8743781094527363,nan,nan,20,6432,46.74825260327655,45.21987885384554,10.5,False
446,0.42884990211623986,0.8629807692307693,nan,nan,20,6240,45.17929323236566,43.56614895661204,10.25,False
447,0.3781734383278272,0.8811608300907912,nan,nan,20,6168,45.01697008141642,42.97977243640959,10.15,False
448,0.39116302574554734,0.8734483802603693,nan,nan,20,6606,49.22789125346055,47.906781437313086,10.9,False
449,0.3573400654140193,0.8804861580013504,nan,nan,20,5924,42.725300689900585,39.901233191033,9.65,False
450,0.3684777953612381,0.8864839613827468,0.40808614508291224,0.8760297934770342,20,6422,45.69091556762654,44.681780114276044,10.45,False
451,0.42535317739480993,0.8661672058573131,nan,nan,20,5873,41.05317586493538,39.247326309682045,9.6,False
452,0.38912418680143385,0.876951905059338,nan,nan,20,6404,46.658742414844575,45.143987245574095,10.5,False
453,0.4239263918790696,0.8719806763285024,nan,nan,20,6210,44.36182653813034,43.06802385388799,10.2,False
454,0.3541245955936888,0.8866315136476427,nan,nan,20,6448,46.3373013044741,45.359465638452505,10.55,False
455,0.358199552176874,0.886513916653852,nan,nan,20,6503,47.58888221264895,46.256493364571995,10.65,False
456,0.4342834147939025,0.8603974793989336,nan,nan,20,6189,45.44233389002514,43.02357032269104,10.15,False
457,0.33648559301802394,0.8866246158822578,nan,nan,20,6183,44.88320987169184,42.95183320129299,10.15,False
458,0.388271580618491,0.8745229007633588,nan,nan,20,6288,44.53307678379213,43.11387100323749,10.2,False
459,0.395442083466172,0.8737525740535403,nan,nan,20,6313,44.99113325072796,43.212684751293,10.2,False
460,0.3286943347985486,0.8910843373493976,0.4067986028927092,0.8745626904412594,20,6225,44.825667497086066,42.911924107957006,10.15,False
461,0.401080769637946,0.8772120459484632,nan,nan,20,6442,46.358128201699685,45.10257414763604,10.5,False
462,0.38693778329251105,0.8799389778794813,nan,nan,20,6555,47.51570293330376,46.23749038958654,10.65,False
463,0.42550161759594257,0.8684077506318449,nan,nan,20,5935,40.8141842694877,39.427470014204,9.65,False
464,0.456340161943957,0.8552715654952077,nan,nan,20,6260,44.99915398268437,43.4892268310975,10.25,False
465,0.4267175587099497,0.8636434714620798,nan,nan,20,6395,45.82177888480004,44.71527261555009,10.45,False
466,0.3629359058367346,0.8870894505827153,nan,nan,20,6607,47.40458866982689,46.688046559991044,10.75,False
467,0.3684081341224248,0.887693962206176,nan,nan,20,6509,47.55690281182402,46.43057178610504,10.7,False
468,0.41482322179981584,0.8755812089145423,nan,nan,20,6237,45.0021305962098,43.25774775944699,10.2,False
469,0.3696012093016689,0.8819497334348819,nan,nan,20,6565,47.14543825931529,46.35194479786249,10.7,False
470,0.41341786398731145,0.8680898518400509,0.40510968789466684,0.8752398149193094,20,6277,46.33778793278512,44.06888242339554,10.3,False
471,0.369437264890575,0.8837249185388442,nan,nan,20,5831,41.502205619163945,39.541094225768,9.65,False
472,0.34467608793443666,0.8905480295566502,nan,nan,20,6496,47.19572407709911,46.3519447978625,10.7,False
473,0.37834298639079433,0.881549698316926,nan,nan,20,6298,44.75808076491122,43.67535381726204,10.3,False
474,0.3759685254822646,0.8773353751914242,nan,nan,20,6530,46.79022427124911,45.47203281386749,10.55,False
475,0.4071388017495748,0.8799614333922545,nan,nan,20,6223,44.447612793162094,42.82538321920704,10.15,False
476,0.39428133745296656,0.8731577296958294,nan,nan,20,6378,45.39643874956368,44.3691388150925,10.4,False
477,0.36964937588481755,0.8842513576415826,nan,nan,20,6445,47.22526287835339,45.55649263280555,10.55,False
478,0.41209671383708013,0.8653309246181639,nan,nan,20,6089,44.82042684782928,42.39570922573605,10.05,False
479,0.329994085481784,0.8908009006111289,nan,nan,20,6218,43.469589561587966,41.59501554396605,9.95,False
480,0.41290004023345317,0.868331791551033,0.40075874329622274,0.8758040853176843,20,6486,46.29127886806411,45.373219065811995,10.55,False
481,0.45409288999478675,0.8550351689826728,nan,nan,20,5829,41.13930708813195,39.004918127294495,9.55,False
482,0.3561650777613004,0.8825514138817481,nan,nan,20,6224,45.290373755801646,43.57990238397154,10.25,False
483,0.3171294293135114,0.8973743435858965,nan,nan,20,6665,48.16272280187722,47.379485511526994,10.85,False
484,0.4042038236602257,0.8717908822156527,nan,nan,20,6427,46.42817305528757,45.373219065811995,10.55,False
485,0.35759588664427244,0.8839343206696716,nan,nan,20,6212,44.33517685783978,43.32007474092799,10.25,False
486,0.3735746855745999,0.8825157619560203,nan,nan,20,6503,46.87030220921468,45.746125774395544,10.6,False
487,0.35333764922926025,0.8882909328114807,nan,nan,20,6132,43.96848825013978,42.20926696835204,10.05,False
488,0.42070465864333517,0.868382710053424,nan,nan,20,6177,46.67177006223143,43.427324680350544,10.15,False
489,0.48137087838011244,0.853900438680145,nan,nan,20,5243,38.067880908656896,34.1879288834895,8.7,False
490,0.3811404544768278,0.8787546933667084,0.39265865213297085,0.8798104051461461,20,6392,45.45494443359288,44.66010609025254,10.45,False
491,0.38413620479074345,0.8759179926560587,nan,nan,20,6536,47.21006840805234,46.37807630984555,10.7,False
492,0.41684751220125876,0.8692368214004721,nan,nan,20,6355,45.49622176482828,44.11009498822604,10.35,False
493,0.41298669156291956,0.8707132018209408,nan,nan,20,6590,49.245544043456896,46.98022066901349,10.75,False
494,0.36716870736661567,0.8867953667953667,nan,nan,20,6475,46.507883839606535,45.676196376131045,10.6,False
495,0.35415759549118186,0.8900531748514232,nan,nan,20,6394,47.45086885313046,45.85520616540955,10.6,False
496,0.347559761985307,0.88659628918746,nan,nan,20,6252,46.58240428367117,44.325845393026505,10.35,False
497,0.43111443684758494,0.8685677871594711,nan,nan,20,6277,47.41543701504003,45.040225640137336,10.45,False
498,0.3683829344683282,0.8790996784565916,nan,nan,20,6220,43.84312252019349,42.450539408178486,10.1,False
499,0.32555716195579526,0.891539789671951,nan,nan,20,6371,45.39388787378146,44.36872987124299,10.4,False
500,0.33353166143215995,0.8929618768328446,0.3962958956589455,0.8760297934770342,20,6820,50.8902990066494,49.910994339202794,11.2,False
501,0.3602682499506576,0.8834346504559271,nan,nan,20,6580,47.86711908448059,47.048575183951044,10.8,False
502,0.3729458752128741,0.8798136645962733,nan,nan,20,6440,45.13553852576468,44.300543865178994,10.4,False
503,0.3783653131148278,0.8771537970644544,nan,nan,20,6268,43.617088560788346,42.3917567191685,10.1,False
504,0.37445631725302087,0.8777812597931682,nan,nan,20,6382,46.24420582597092,45.08688361783155,10.5,False
505,0.3518325136916481,0.892989524576954,nan,nan,20,6205,44.3051983377152,43.0449723347925,10.2,False
506,0.3512468408698915,0.887856456264018,nan,nan,20,6242,45.42104332481612,43.55915622936199,10.25,False
507,0.4516640645272055,0.8589336453284305,nan,nan,20,5983,41.86108064730273,40.673937163098984,9.85,False
508,0.39105276130210437,0.8829568788501027,nan,nan,20,6331,47.18127309253767,44.74555850196455,10.4,False
509,0.4253909941922887,0.8726430697982137,nan,nan,20,6046,42.51400119496838,40.8196287903235,9.85,False
510,0.3755267223756506,0.8834688346883469,0.3901752057402145,0.8791897077079336,20,6273,46.486633529232094,44.3483992707696,10.35,False
511,0.34258444637427715,0.8861557868180385,nan,nan,20,6342,45.975457640707674,44.475873159812,10.4,False
512,0.3775935375541539,0.8770094024871095,nan,nan,20,6594,50.49743297111096,47.50720644317478,10.8,False
513,0.38363681040435305,0.8859403329487391,nan,nan,20,6067,45.0880750930851,42.20816363753814,10.0,False
514,0.3643631284753932,0.8881690575350918,nan,nan,20,6483,47.585175407936454,46.444693262929086,10.7,False
515,0.3177773280921005,0.8954048843187661,nan,nan,20,6224,43.68265060880703,42.38532123437899,10.1,False
516,0.34915857112388593,0.889719341061623,nan,nan,20,6556,47.243782655813,46.09855946247149,10.65,False
517,0.3878957633899208,0.8770251504397469,nan,nan,20,6481,48.77630114944019,45.784914548027,10.55,False
518,0.3577876951571327,0.884811102544333,nan,nan,20,6485,47.69902461156919,45.944442257191,10.6,False
519,0.3280053668313404,0.8935899475107364,nan,nan,20,6287,46.82080592177415,44.712434050155046,10.4,False
520,0.37198082449984304,0.8853673919899085,0.387270263632161,0.882349621938833,20,6342,45.731131215472274,44.43937193188849,10.4,False
521,0.34038699770473213,0.8905779650812763,nan,nan,20,6644,49.5977934470211,48.23705036874615,10.95,False
522,0.3708246927717264,0.8816521048451151,nan,nan,20,6295,46.26133410952039,44.544642448945545,10.4,False
523,0.39783334695751416,0.8803460659484166,nan,nan,20,6126,45.79483110934557,43.2667752385525,10.15,False
524,0.3009429391055359,0.902127659574468,nan,nan,20,6815,49.75209128274717,49.103656611280044,11.1,False
525,0.38618302272095206,0.8817497195962185,nan,nan,20,6241,44.72624109647823,43.680603364888,10.3,False
526,0.3791031487511516,0.8777346780449962,nan,nan,20,6445,46.25155249342082,45.33678216882154,10.55,False
527,0.3517116498481705,0.8883074162679426,nan,nan,20,6688,49.1375914424457,47.87826513698664,10.9,False
528,0.38793853339114476,0.8728658536585366,nan,nan,20,6560,47.364259842138814,46.67235603018654,10.75,False
529,0.4196555388875617,0.8612595110895257,nan,nan,20,6177,43.792393940049294,42.6650726863825,10.15,False
530,0.34285417151704073,0.8937431736620377,0.3874099771381299,0.8798104051461461,20,6409,45.78201200583851,44.423377683552495,10.4,False
531,0.36950280490650533,0.8856555432547841,nan,nan,20,6323,46.05695680126122,44.19377781385005,10.35,False
532,0.3667552083540614,0.8818947703067874,nan,nan,20,6291,45.632962739490154,44.42000090743849,10.4,False
533,0.3588574940430892,0.884860743737358,nan,nan,20,6427,46.03086509999598,45.014801883517045,10.5,False
534,0.37594876845402303,0.8739144419427468,nan,nan,20,6218,44.78872663511608,43.154356444337985,10.2,False
535,0.34494394693588654,0.8878945655711031,nan,nan,20,6146,44.8657980289515,42.49342767684299,10.05,False
536,0.3355481625617597,0.888409462877548,nan,nan,20,6721,49.05111349105534,47.8484531303581,10.9,False
537,0.3407565918286466,0.8895976447497547,nan,nan,20,6114,44.80166583410141,42.86556494177604,10.15,False
538,0.3269762293257907,0.8966949011792061,nan,nan,20,6021,42.1828634809889,41.0293456187445,9.9,False
539,0.3935319367218281,0.8742285237698082,nan,nan,20,5995,43.687207914622434,41.07296113489299,9.85,False
540,0.34537351623200546,0.88742062811052,0.38499453672570605,0.882236767859158,20,5827,41.20259911173889,39.49408696728754,9.65,False
541,0.414600950967254,0.8688833124215809,nan,nan,20,6376,45.82695325340168,44.46888021998555,10.4,False
542,0.3785854146015832,0.8814162028447743,nan,nan,20,6468,46.98779531986236,46.0456550423625,10.65,False
543,0.3466029019466353,0.881869542886492,nan,nan,20,5841,41.45109702646848,39.31093474869254,9.6,False
544,0.3728120310587978,0.8789541639767592,nan,nan,20,6196,43.466142640681085,42.08598567665654,10.05,False
545,0.4288685239384231,0.8710225517454433,nan,nan,20,6474,46.52684423291637,45.665755393952495,10.6,False
546,0.3647294659947003,0.8857234830194753,nan,nan,20,6213,45.09743317424921,43.06209714093849,10.15,False
547,0.29860625351753173,0.9040171726464274,nan,nan,20,6522,46.93686035001779,46.05435263234054,10.65,False
548,0.358550798778001,0.888837424733673,nan,nan,20,6477,46.20211238286294,45.615003309893495,10.6,False
549,0.40687565743937193,0.874959136972867,nan,nan,20,6118,44.610729390468066,42.92007694433799,10.15,False
550,0.3353060541241909,0.8913008778930567,0.37909085407387305,0.8808825189030584,20,6265,44.82236314560597,43.208932777833,10.2,False
551,0.32933095890514635,0.892172879845537,nan,nan,20,6733,48.11892906490373,47.377548409081996,10.85,False
552,0.3699672037952631,0.8855165906589086,nan,nan,20,6359,45.81869083491983,44.426416782055085,10.4,False
553,0.39731720540152554,0.8774269795711632,nan,nan,20,5923,42.27257098082028,40.286388929947044,9.75,False
554,0.3770778836671359,0.8840052875082617,nan,nan,20,6052,46.30972614102853,42.05887698244849,9.95,False
555,0.3552558216959395,0.8815650865312264,nan,nan,20,6645,49.21380416121674,47.91203098493905,10.9,False
556,0.35620339428984504,0.8922367409684858,nan,nan,20,6505,46.31410991259423,45.36198602396705,10.55,False
557,0.39477282182570195,0.8752387014640356,nan,nan,20,6284,45.848594552959455,44.23664783071754,10.35,False
558,0.3266324189981997,0.8968769325912183,nan,nan,20,6468,47.03583206789715,45.797052197674596,10.6,False
559,0.3982083542842167,0.8739699466795928,nan,nan,20,6189,45.71629642137291,43.11127110799555,10.15,False
560,0.33496937207310623,0.8867713004484304,0.37984056689241186,0.8805439566640334,20,6244,45.661227895940215,43.37860358099054,10.2,False
561,0.35266159371035816,0.8882517048977061,nan,nan,20,6452,47.67741022978637,46.47320956325554,10.7,False
562,0.31475242561539946,0.8963289743185757,nan,nan,20,6347,45.15913786587278,44.023698066843,10.35,False
563,0.34234769951070304,0.8928022147031682,nan,nan,20,6502,48.18071252556934,46.313907141282144,10.65,False
564,0.3554419360878338,0.8820082356667722,nan,nan,20,6314,45.00823506349031,44.00704113815204,10.35,False
565,0.27783232491016757,0.9100741656365884,nan,nan,20,6472,49.248142033522576,46.16395780583754,10.6,False
566,0.40112391362066957,0.8686233403214535,nan,nan,20,5724,40.66700457702772,38.33220901664204,9.45,False
567,0.36731925363844586,0.883375104427736,nan,nan,20,5985,42.67204545380321,40.62689176757299,9.8,False
568,0.3458553979525037,0.8857056237683796,nan,nan,20,6597,47.51163045830291,46.70373708979555,10.75,False
569,0.3162465230801649,0.8977445900640049,nan,nan,20,6562,48.860577508629284,46.50905493368714,10.65,False
570,0.309594489295759,0.8956376855498334,0.3791678443798267,0.8807696648233834,20,6602,48.13447972034119,46.569270473503096,10.7,False
571,0.4005403999484618,0.8706143597335307,nan,nan,20,6755,49.33420757668164,48.46996268362955,11.0,False
572,0.35017570809680665,0.8871538956857695,nan,nan,20,6212,44.034832574935194,42.446514300616556,10.1,False
573,0.33054928933287664,0.8881254667662435,nan,nan,20,6695,48.35215041965199,47.7188997188365,10.9,False
574,0.33210515106005306,0.889750348891301,nan,nan,20,6449,47.72933898318216,45.2809622809315,10.45,False
575,0.3867796071434402,0.8743619298534497,nan,nan,20,6073,43.58651181489215,41.6684102062235,9.95,False
576,0.42378022168158547,0.8634829564630442,nan,nan,20,5926,41.689070933956735,40.4048612979035,9.8,False
577,0.34358583717538527,0.8904153354632588,nan,nan,20,6260,45.77781427872913,43.98074210981199,10.3,False
578,0.3160618831829234,0.8959911616161617,nan,nan,20,6336,47.15584128355747,44.522800908565046,10.35,False
579,0.3697104433047288,0.8870888561610211,nan,nan,20,6111,44.31728429821323,41.78521057197155,9.95,False
580,0.29418768330545325,0.9022785622593068,0.37744212542063443,0.8815032163412707,20,6232,44.900028092472844,42.92021275408554,10.15,False
581,0.3824784365575353,0.8832684824902723,nan,nan,20,6425,46.277056181102466,45.35053559618105,10.55,False
582,0.356752834983819,0.8853646755755917,nan,nan,20,6211,44.35551250655866,43.04942982275203,10.2,False
583,0.3061445500249228,0.8992459489812289,nan,nan,20,6233,46.123061970439224,43.59878756218605,10.2,False
584,0.36292096771789933,0.883476898981989,nan,nan,20,6385,46.409304859230794,45.1368587085765,10.5,False
585,0.3297621980876402,0.8917579942951509,nan,nan,20,6661,47.851468243683065,47.336055674710096,10.85,False
586,0.3595184047382415,0.8899141978306622,nan,nan,20,6177,45.76410075982375,42.95771566537654,10.1,False
587,0.3785883956747375,0.8765787370103917,nan,nan,20,6255,44.86896212633508,42.89752928445459,10.15,False
588,0.3446300601307303,0.89234375,nan,nan,20,6400,45.987683807284235,45.01112138887154,10.5,False
589,0.3492323223887929,0.8876080691642652,nan,nan,20,5899,40.64628728226809,39.64230701093949,9.7,False
590,0.3639695000096191,0.883501464367068,0.37455599245927146,0.8834217356957454,20,6146,45.123047863520114,42.983013402776045,10.15,False
591,0.4033797534048158,0.874382273234497,nan,nan,20,6273,45.319171336851085,43.789741653741736,10.3,False
592,0.31852981511579276,0.8985214007782101,nan,nan,20,6425,46.67322407381363,45.449349344236545,10.55,False
593,0.4145728067831261,0.8701742954878645,nan,nan,20,6139,44.864406087572995,42.682556477971545,10.1,False
594,0.39333890826467677,0.8732974342730441,nan,nan,20,6314,45.569234657961736,44.15396414074559,10.35,False
595,0.3829390999977298,0.8753628137271641,nan,nan,20,5857,41.37832530915088,39.5469270564635,9.65,False
596,0.3717128123975735,0.8739319442362464,nan,nan,20,6671,48.25833562285603,47.68577526702699,10.9,False
597,0.2888416050592254,0.9059987631416203,nan,nan,20,6468,47.31790579417749,45.58040747780554,10.55,False
598,0.33890274243944124,0.8947451976504207,nan,nan,20,6299,45.71909186520616,44.40185432305249,10.4,False
599,0.3760440075371763,0.880321665089877,nan,nan,20,6342,44.85054838343655,43.95376866857849,10.35,False
600,0.3888418259130517,0.8839187273586392,0.3685922158913343,0.8867509310461573,20,6349,45.705080765549944,44.43749916037654,10.4,False
601,0.3195489213836091,0.8967993754879001,nan,nan,20,6405,46.01027311646753,44.513390768647994,10.4,False
602,0.31638983609067767,0.894585166085242,nan,nan,20,6593,47.96787912096614,47.07995624356004,10.8,False
603,0.2952020774630364,0.90671875,nan,nan,20,6400,45.92076746362233,44.76647238550749,10.45,False
604,0.307548326192217,0.8991813220133414,nan,nan,20,6596,47.470767059515296,46.693296107616995,10.75,False
605,0.3785370795561564,0.8758719086873811,nan,nan,20,6308,44.59995235848001,43.365383567116545,10.25,False
606,0.32264824390474867,0.8938053097345132,nan,nan,20,6102,43.53052192601235,42.36246342552799,10.1,False
607,0.3014429123855039,0.9030131826741996,nan,nan,20,6372,46.53625982533022,44.881904320205045,10.45,False
608,0.37389246550251226,0.8749180327868853,nan,nan,20,6100,44.329239691352115,42.356536712578496,10.05,False
609,0.37739795621480293,0.8792738275340394,nan,nan,20,6610,48.51975059843044,47.22129132738574,10.8,False
610,0.3389619154282642,0.8908782219478315,0.3621440993018861,0.8866380769664823,20,6479,46.923432918214395,45.537179508852496,10.55,False
611,0.3339041553518935,0.8931285100759828,nan,nan,20,6054,43.91078555370346,41.941726409633496,10.0,False
612,0.3400094590713258,0.8881233595800525,nan,nan,20,6096,43.460642323178156,41.586246475173496,9.95,False
613,0.38690598460564896,0.8773538562305551,nan,nan,20,6107,42.99218946700754,41.96162369968754,10.05,False
614,0.3533612164811244,0.8879443585780525,nan,nan,20,6470,47.18005455761136,45.36554896066199,10.5,False
615,0.3392478303052777,0.8930699278770775,nan,nan,20,6378,45.22891563192365,44.312553900337996,10.4,False
616,0.39913604656775,0.8737879767291532,nan,nan,20,6188,43.52972832350632,42.371976750868996,10.1,False
617,0.3125382931839011,0.8937242327072835,nan,nan,20,6549,48.76795931908181,46.984231676167596,10.75,False
618,0.37927262470248707,0.8785679729075956,nan,nan,20,6201,45.52157332227231,43.826430589283646,10.3,False
619,0.33810651430533945,0.8943023632243444,nan,nan,20,6178,45.47984458325228,43.298304679362005,10.2,False
620,0.32779550522481515,0.896970705725699,0.36405973387832713,0.8852838280103825,20,6008,43.11542202194572,40.69157161821155,9.8,False
621,0.3199237383672946,0.8972882896530828,nan,nan,20,6601,47.4940181746266,46.445334659071996,10.7,False
622,0.30089677335829834,0.8979841172877214,nan,nan,20,6548,46.82916735278217,46.017547685885546,10.65,False
623,0.3682830587299043,0.88282605267308,nan,nan,20,6341,46.67417317840286,44.955787347217,10.45,False
624,0.3223260770823331,0.8885785682787005,nan,nan,20,6803,51.31250953860022,49.08586047015699,11.05,False
625,0.3008379506066738,0.9052024874867284,nan,nan,20,6593,47.993185099243,47.08363673820555,10.8,False
626,0.3432122030088553,0.8912252964426878,nan,nan,20,6325,44.388744246721195,43.60736152144254,10.3,False
627,0.3200781412270237,0.8935244845360825,nan,nan,20,6208,43.700306320744644,42.37658490235204,10.1,False
628,0.3676990250553981,0.8824858757062147,nan,nan,20,6195,44.74286979886121,42.863627839331045,10.15,False
629,0.32941502089693825,0.889087656529517,nan,nan,20,6708,48.12042270399656,47.10107066021054,10.8,False
630,0.34549192066488177,0.8897180762852405,0.36069609764776306,0.8857352443290825,20,6030,42.97827059526238,41.257682193892045,9.9,False
631,0.3287485446894752,0.8957864265036989,nan,nan,20,6218,43.79760671666857,42.692213643973,10.15,False
632,0.3205052959513647,0.8949228791773779,nan,nan,20,6224,44.99190885207257,42.896752291140544,10.15,False
633,0.3485816195687146,0.8876053699656572,nan,nan,20,6406,46.87513080761859,45.50593425899104,10.55,False
634,0.3339105730733317,0.8864384463462804,nan,nan,20,6076,42.55956464443041,41.061757408172994,9.9,False
635,0.28423746035820463,0.9076219512195122,nan,nan,20,6560,48.24660521813077,46.35255427481954,10.65,False
636,0.3635451462003331,0.8839668914776211,nan,nan,20,6524,46.86695315067394,46.02454062571199,10.65,False
637,0.3009953915643632,0.900281778334377,nan,nan,20,6388,46.47916150812204,45.148718080212,10.5,False
638,0.36483933072403657,0.8853346456692913,nan,nan,20,6096,42.33283389817536,41.055989147558996,9.9,False
639,0.3291441158209722,0.8848700145325368,nan,nan,20,6193,45.73328865962361,42.45887477903849,10.05,False
640,0.3632591151928628,0.8827942647549183,0.3594272384429917,0.8852274009705451,20,5998,41.70717908024986,40.40466758765899,9.8,False
641,0.31288343039604083,0.9033386327503975,nan,nan,20,6290,44.93427983626044,43.73381150352849,10.3,False
642,0.3762180145194959,0.8752308984047019,nan,nan,20,5955,42.09510664061613,40.25824883670449,9.75,False
643,0.33789059125609533,0.8940041132732163,nan,nan,20,6321,45.42345717064172,43.35094391041199,10.2,False
644,0.40234092743792704,0.8732747804265998,nan,nan,20,6376,44.78902639009537,43.952025276377995,10.35,False
645,0.3042287853023222,0.8992334717342702,nan,nan,20,6262,45.67935228444874,43.64443847981959,10.25,False
646,0.3238231785723724,0.890789267221089,nan,nan,20,6373,47.123692254470065,45.03485386373859,10.45,False
647,0.3151888900130172,0.9017684648536186,nan,nan,20,6729,50.016761920141356,48.629601448458054,11.0,False
648,0.34256543244817195,0.8915903413821815,nan,nan,20,6005,43.88550328878925,41.40693787438174,9.9,False
649,0.3533670466677979,0.8833676214590916,nan,nan,20,6319,45.1026053155286,43.76506318382606,10.3,False
650,0.28244698258791495,0.9082397003745318,0.35906219486794183,0.8862995147274574,20,6408,46.570082706864824,45.42823492758605,10.55,False
651,0.31343203492343036,0.8952140309155767,nan,nan,20,6728,49.12310079421806,48.417467207370045,11.0,False
652,0.31582717368791485,0.894345718901454,nan,nan,20,6190,45.257503221995925,42.528439272691045,10.05,False
653,0.30375061561049144,0.8995895168929586,nan,nan,20,6334,46.651443101996925,44.674060050719596,10.4,False
654,0.32986280983262384,0.888695652173913,nan,nan,20,6325,46.45876429867216,44.833089338591044,10.45,False
655,0.3440123744009659,0.8867864015394483,nan,nan,20,6236,45.451927637919205,43.546266127906996,10.25,False
656,0.3653027346776382,0.875,nan,nan,20,6264,43.74718483834393,42.94191848471849,10.2,False
657,0.3463273172856479,0.8867233050141596,nan,nan,20,6003,43.9117958320748,40.9763644462475,9.8,False
658,0.34159228160698074,0.8930170840935479,nan,nan,20,6029,44.74741471828423,41.700673850647505,9.9,False
659,0.40271264972560256,0.8716836309027198,nan,nan,20,5993,42.40834430592722,40.3070638183185,9.75,False
660,0.3680493530488247,0.8855878634639697,0.35523067414928755,0.8897415641575442,20,6328,45.0136334708582,43.74606020884059,10.3,False
661,0.3179692720351717,0.8940972222222222,nan,nan,20,6336,44.83712679018196,43.415207994338004,10.25,False
662,0.3103078723221031,0.8978845236201686,nan,nan,20,6287,44.137234831838754,43.27995734929205,10.25,False
663,0.298939204211065,0.9014379868184542,nan,nan,20,6676,48.173379796940424,47.389926493705545,10.85,False
664,0.32990363016745816,0.8912229278619117,nan,nan,20,6141,44.89428242980238,42.74476590150199,10.1,False
665,0.32517894057576685,0.8981873111782477,nan,nan,20,6620,48.60570747337779,47.752024170646,10.9,False
666,0.3139695708989008,0.8977484340612832,nan,nan,20,5907,43.374573599114505,40.355761003161554,9.7,False
667,0.3121773839452592,0.9000497265042268,nan,nan,20,6033,43.68018784945404,40.905722385602004,9.8,False
668,0.32276474010077866,0.8948681952893465,nan,nan,20,6411,44.72635179167651,43.932654251928,10.35,False
669,0.3259474110349974,0.8988946684005201,nan,nan,20,6152,45.301321442488884,42.488659558666505,10.05,False
670,0.3124927791126501,0.8967425679949399,0.3538152270843907,0.8882744611217696,20,6324,46.572559462221605,44.39454320334555,10.35,False
671,0.3137394083364543,0.8982831227729187,nan,nan,20,6174,43.589115607371156,42.09513095253299,10.05,False
672,0.34777026374889497,0.8908641975308642,nan,nan,20,6075,43.28235724828156,41.767726780382496,10.0,False
673,0.28654626782774145,0.909846346817184,nan,nan,20,6378,47.868207638931516,45.51253629418859,10.5,False
674,0.31437090395146294,0.9017549357568161,nan,nan,20,6382,46.37419099620884,45.086300334762,10.5,False
675,0.3661500612605467,0.8825127334465195,nan,nan,20,5890,41.37708010471385,40.0535877189585,9.75,False
676,0.2794788251741092,0.907704280155642,nan,nan,20,6425,47.462119535685375,45.88495384110505,10.6,False
677,0.3073155400998751,0.9021457921168772,nan,nan,20,6571,49.00933566644207,47.284227785823795,10.8,False
678,0.3343065695397145,0.8918110236220472,nan,nan,20,6350,45.75988894942208,44.43709021652704,10.4,False
679,0.35345840364172265,0.8892195767195767,nan,nan,20,6048,42.810993102429464,41.190656296959,9.9,False
680,0.34116686479908986,0.8936768149882904,0.35185357071976403,0.8886694504006319,20,6405,45.601946764083735,44.679109065237995,10.45,False
681,0.31630172771136816,0.8954657873042045,nan,nan,20,6065,43.98997007238671,41.543514815768994,9.9,False
682,0.3956438675050789,0.8695581546458739,nan,nan,20,6156,43.59247718026093,41.853002334683495,10.0,False
683,0.35575958554216636,0.8804909560723514,nan,nan,20,6192,42.97330474898845,42.24003855100399,10.1,False
684,0.3144703791421757,0.8982797307404637,nan,nan,20,6685,48.84379738512911,47.27519895132765,10.8,False
685,0.36672048291441584,0.8849671105406707,nan,nan,20,6233,44.45748499710905,42.59311230046655,10.1,False
686,0.3381342835737244,0.8905316137150047,nan,nan,20,6358,46.64454986322988,44.161271903019085,10.3,False
687,0.33395129199899454,0.8918017159199237,nan,nan,20,6294,45.39389202907533,44.0802829815975,10.35,False
688,0.32424991150709154,0.898548412825012,nan,nan,20,6269,46.56390271914006,44.589367992064545,10.4,False
689,0.2900009749974946,0.9051470588235294,nan,nan,20,6800,51.83459281090792,49.76137643959504,11.15,False
690,0.30797081523511777,0.8979654275661618,0.35185417761289833,0.8879358988827446,20,6537,47.130031526166334,46.07178655434554,10.65,False
691,0.29283148538096254,0.9037286063569682,nan,nan,20,6544,48.368400813478154,46.89861174809859,10.75,False
692,0.34501459273086166,0.8847137831787656,nan,nan,20,6254,45.06447784979747,43.737188279642496,10.3,False
693,0.35443340889787533,0.8863419293218721,nan,nan,20,6282,45.17490345663717,43.27562120973106,10.2,False
694,0.3148440268602014,0.9035679845708775,nan,nan,20,6222,43.06759436764179,41.99207710245899,10.05,False
695,0.34942636045675285,0.8826059254539662,nan,nan,20,6278,45.64747793510579,44.419697188906994,10.4,False
696,0.38311730902763586,0.878392305049811,nan,nan,20,5822,40.62422843184192,38.8521043935085,9.55,False
697,0.32503875971820206,0.896633475580844,nan,nan,20,6327,45.11329650725183,44.03781954366705,10.35,False
698,0.35360182672229473,0.8820039551746869,nan,nan,20,6068,43.40622771853764,42.0660959392185,10.05,False
699,0.33490120120797334,0.8907077515647569,nan,nan,20,6231,43.79439533920243,42.43030505782399,10.1,False
700,0.38146366489375116,0.8768875466335051,0.3613975997461367,0.8870894932851823,20,5629,41.46265567782762,37.977012679597046,9.3,False
701,0.3367673615852637,0.8859993952222558,nan,nan,20,6614,49.710044698189485,47.62261218664204,10.85,False
702,0.3171035800785733,0.8963546493666975,nan,nan,20,6474,47.16419000340508,45.830176649484095,10.6,False
703,0.33683240882097193,0.8867716535433071,nan,nan,20,6350,46.982589842643506,44.94852127328859,10.45,False
704,0.32920202238540086,0.8959214501510574,nan,nan,20,6620,47.2769373891774,46.39376683965004,10.7,False
705,0.3702676061775918,0.8827609541532736,nan,nan,20,5911,42.73222275732508,40.84769740475154,9.85,False
706,0.36220301743492944,0.8804398327396624,nan,nan,20,6457,48.19958170478574,46.109842373900506,10.6,False
707,0.31449403971645035,0.8940991345397324,nan,nan,20,6355,45.01874824006749,43.50963552067204,10.25,False
708,0.3788678426491587,0.8772501285787759,nan,nan,20,5833,41.83647950895606,39.447306763773,9.6,False
709,0.3242702871906007,0.8963549920760697,nan,nan,20,6310,45.774476070185216,43.94761765800249,10.3,False
710,0.3518497538512979,0.8863450531479967,0.34523647188494566,0.8908136779144566,20,6115,43.35462696492925,42.08721035586899,10.05,False
711,0.338124807718949,0.8934939005317485,nan,nan,20,6394,48.41313369647013,45.20590696215849,10.45,False
712,0.36570214856896766,0.8844423015107682,nan,nan,20,6222,45.579751263537084,43.5935763874736,10.25,False
713,0.28554561180090476,0.9082335329341318,nan,nan,20,6680,48.18907793378412,47.67008473722249,10.9,False
714,0.3038434795221972,0.9033026357573833,nan,nan,20,6298,45.096935127531395,43.75053276315249,10.3,False
715,0.3106239451412423,0.8995733508368887,nan,nan,20,6094,42.24332727683069,41.048412924663,9.9,False
716,0.3280031249282739,0.8931142410015649,nan,nan,20,6390,45.53582713339857,44.3650493765975,10.4,False
717,0.3607824359433037,0.8843179200263288,nan,nan,20,6077,42.283033253046355,41.56336247243498,10.0,False
718,0.3041752202620928,0.9025182778229082,nan,nan,20,6155,43.710802162062905,42.3876672806735,10.1,False
719,0.29411382326532126,0.9052698614870244,nan,nan,20,6281,45.20713616682051,43.510341247747995,10.25,False
720,0.32737350127124804,0.895930620413609,0.35826623938231905,0.8864123688071324,20,5996,44.03609381589202,40.722858795566545,9.75,False
721,0.3185252220257584,0.9012261580381471,nan,nan,20,5872,42.19392141563092,39.28742923996899,9.55,False
722,0.3371085761604735,0.890120800926692,nan,nan,20,6043,42.74998337904506,41.16466059472349,9.9,False
723,0.3046280997420948,0.9014701282452299,nan,nan,20,6394,47.975985977413366,46.2472901881986,10.65,False
724,0.28063600005122535,0.9086621600377299,nan,nan,20,6361,46.054367661891085,44.466943117540545,10.4,False
725,0.29527236438170196,0.9106578115117014,nan,nan,20,6324,46.36631641948331,44.82940884394555,10.45,False
726,0.3057990918619218,0.8965344048216977,nan,nan,20,5973,44.37678378794305,40.80967948833105,9.75,False
727,0.3057192497146598,0.896315617867623,nan,nan,20,6134,44.098994850013426,42.00744945238299,10.0,False
728,0.33190384845545184,0.894173023859763,nan,nan,20,6161,44.83859441963159,43.153643781957,10.2,False
729,0.3464541915102197,0.8836591086786552,nan,nan,20,6395,45.83534150298416,44.73334793369799,10.45,False
730,0.32820160164798534,0.8888346354166666,0.3480394391164111,0.8905879697551067,20,6144,43.72054738019056,41.63550098506654,9.95,False
731,0.2917251371680507,0.9016418364244452,nan,nan,20,6578,50.01745332022296,47.39494941938459,10.8,False
732,0.3344270071412763,0.896037296037296,nan,nan,20,6435,47.201930999804745,45.34806508025055,10.5,False
733,0.34831495603667295,0.8871096877502002,nan,nan,20,6245,45.44347878641716,43.32610810473104,10.2,False
734,0.3200443662335497,0.8967332404396966,nan,nan,20,6459,47.72092277233124,45.73141277101264,10.55,False
735,0.3310728191182063,0.8884792626728111,nan,nan,20,6510,49.56266436982898,47.027466597647035,10.75,False
736,0.3456431201717766,0.8908176508760545,nan,nan,20,6164,44.858490485137644,42.5091182066475,10.05,False
737,0.3047161400149788,0.8999178307313065,nan,nan,20,6085,44.61664160419165,42.110503302457,10.0,False
738,0.3060517254251335,0.8971141781681304,nan,nan,20,6376,45.72091847292185,44.710664464067044,10.45,False
739,0.285244448212225,0.9096028001826206,nan,nan,20,6571,47.21270272997684,46.36569822522199,10.7,False
740,0.3281218944477526,0.8953222113182859,0.34586564408657905,0.8925064891095813,20,6114,43.968692176314754,42.28835070651449,10.05,False
741,0.34205343787604486,0.8887355528721753,nan,nan,20,5797,41.46859818107567,38.58115614922799,9.45,False
742,0.2685595018643715,0.9073230021270131,nan,nan,20,6582,46.85910392024555,46.3031298162485,10.7,False
743,0.375619580599881,0.8802375453645661,nan,nan,20,6062,44.007220957357625,41.30876416707849,9.85,False
744,0.3596211965391419,0.8835341365461847,nan,nan,20,5976,44.81302074940555,41.88120715128605,9.95,False
745,0.3352755198925587,0.8865642366786531,nan,nan,20,6118,44.44548192937685,42.30231936452655,10.05,False
746,0.3352746164109154,0.887299035369775,nan,nan,20,6220,44.74307906363845,43.42564897651654,10.25,False
747,0.29616442280549454,0.9011808576755749,nan,nan,20,6436,47.34110066455833,45.88338478812459,10.6,False
748,0.2884559129929491,0.9068493150684932,nan,nan,20,6935,50.33305370285517,50.082382343330536,11.25,False
749,0.30725237386857446,0.8979095770539621,nan,nan,20,6171,43.4303280672989,42.583133252958994,10.15,False
750,0.291408313798889,0.9072908672294705,0.34101429963714586,0.8918857916713689,20,6515,46.906646482162756,45.760888647362485,10.6,False
751,0.2980612695583232,0.904213963613746,nan,nan,20,6431,45.57956405570924,44.679109065237995,10.45,False
752,0.3679547636558089,0.8826044064452483,nan,nan,20,6082,43.31270784895268,41.61591472996399,9.95,False
753,0.31474792081314074,0.8954166010395338,nan,nan,20,6349,44.94234779716154,44.00432704239299,10.35,False
754,0.28351797889633884,0.905455722842804,nan,nan,20,6177,45.510001030326734,43.35923255654055,10.2,False
755,0.29028059206457374,0.9063795853269537,nan,nan,20,6270,44.78865088605692,43.42564897651655,10.25,False
756,0.3147506947081544,0.897157457681252,nan,nan,20,6262,45.50291794978277,43.60827492950749,10.25,False
757,0.3083581960825165,0.9039314670338076,nan,nan,20,6537,48.64719452842493,47.50231932990051,10.85,False
758,0.27333370018710834,0.9117825690859399,nan,nan,20,6586,48.179676712256956,47.10263971319101,10.8,False
759,0.3385250664996627,0.8895934959349594,nan,nan,20,6150,45.3361052793095,43.0108883069596,10.15,False
760,0.3063127901929745,0.8980268112667571,0.34574834534417237,0.8907008238347817,20,6639,48.88527861045441,47.81864112372955,10.9,False
761,0.3500817630693687,0.8866930171277997,nan,nan,20,6072,44.05243930308936,42.029132540427995,10.0,False
762,0.30602582165942016,0.8974636560470152,nan,nan,20,6466,46.89157285499235,45.51747101936749,10.55,False
763,0.3830187034162762,0.8783002655835026,nan,nan,20,6401,45.78499479724545,44.706206976107495,10.45,False
764,0.35199250560772327,0.8862732622872594,nan,nan,20,6287,45.6187293833225,44.12421646505009,10.35,False
765,0.3161729625714112,0.8971212836243511,nan,nan,20,6357,45.21281654422071,44.06827294643849,10.35,False
766,0.32352594853227357,0.8937637104356001,nan,nan,20,6382,46.50645673220729,45.11417523894554,10.5,False
767,0.28561040982262537,0.9041679823176507,nan,nan,20,6334,46.317816959535044,44.334277793945546,10.35,False
768,0.2772651267324828,0.9094897627559311,nan,nan,20,6154,42.91161749884842,41.69622832913755,10.0,False
769,0.3188354939283396,0.8910705139149735,nan,nan,20,5857,42.34755855466554,39.15046137331849,9.5,False
770,0.3317556907780923,0.8900281131139408,0.3363771165934794,0.8928450513486063,20,6047,42.25671440824811,40.75021810504704,9.85,False
771,0.3289641447976852,0.8912860273049048,nan,nan,20,5933,40.91336063917076,39.69889192569399,9.7,False
772,0.2931047433185348,0.9019516003122561,nan,nan,20,6405,46.466821863287166,45.131609160950546,10.5,False
773,0.354291640186757,0.881442501160811,nan,nan,20,6461,47.413089715724624,46.414881256300546,10.7,False
774,0.34981925911630046,0.8848167539267016,nan,nan,20,6494,47.1006874137108,46.34863235268154,10.7,False
775,0.32770916021420166,0.8889061770655049,nan,nan,20,6427,45.672925018047295,44.65390521009249,10.45,False
776,0.3509674646207918,0.8840356286399452,nan,nan,20,5838,41.91070986138867,39.488201148723,9.6,False
777,0.30150496063319965,0.9008763977032336,nan,nan,20,6618,48.493361938787004,47.467625825110545,10.85,False
778,0.34292572306843067,0.8853151397011046,nan,nan,20,6156,44.00898715437324,42.746452512432995,10.15,False
779,0.34097956646468947,0.8898671096345515,nan,nan,20,6020,44.62345765654958,41.81782300694959,9.95,False
780,0.3582844829078278,0.8890434782608696,0.33532575823197636,0.8925064891095813,20,5750,41.44548241923724,38.38949189623254,9.4,False
781,0.2820263457286813,0.9048366834170855,nan,nan,20,6368,44.984586677134665,43.71740831134299,10.3,False
782,0.39587360278466005,0.8749117854622441,nan,nan,20,5668,40.17406751130366,37.80934681724899,9.35,False
783,0.3294389057439899,0.8939794905722792,nan,nan,20,6046,42.79201979697543,41.137519637132996,9.9,False
784,0.28121626272362804,0.9036803713527851,nan,nan,20,6032,43.645813525091775,41.35824624288104,9.9,False
785,0.2724450540923771,0.9138056975894814,nan,nan,20,6845,50.67482584747779,49.86516055825164,11.2,False
786,0.3150639911311852,0.8986987316751771,nan,nan,20,6071,42.763958361345914,41.17322237495399,9.9,False
787,0.3401364721214518,0.8840943301555444,nan,nan,20,5979,42.45940742777245,40.353950761509,9.75,False
788,0.3192654975509478,0.8926030117491313,nan,nan,20,6043,42.0728660613538,40.9937651123535,9.9,False
789,0.33223509641076493,0.8951219512195122,nan,nan,20,6150,43.869551606057065,42.241463763324,10.05,False
790,0.3325200622607554,0.8869687062120505,0.332982329439194,0.8940300191851935,20,6423,44.94205803110808,44.24436789427399,10.4,False
791,0.3497224322847998,0.8808676495509236,nan,nan,20,5901,40.73734091985328,39.390665067749,9.65,False
792,0.2859969707046462,0.9104681108922891,nan,nan,20,6601,49.183868753808014,47.1384850836226,10.75,False
793,0.31682120734787955,0.9021840873634945,nan,nan,20,6410,46.419092617118324,45.11086279376459,10.5,False
794,0.2912921504228945,0.9146933819064966,nan,nan,20,6588,47.6067004518923,46.71942761960004,10.75,False
795,0.33155422916490873,0.8943194691697686,nan,nan,20,6179,45.68357195232772,43.204885266831546,10.15,False
796,0.25837605851780693,0.9121275955461932,nan,nan,20,6646,49.24594696646317,48.1566799883031,10.95,False
797,0.35588380497665245,0.8822204344328238,nan,nan,20,6215,44.71614124189821,43.419297432833,10.25,False
798,0.32476234191463416,0.8953120050681026,nan,nan,20,6314,46.146194822050795,44.79802778433654,10.45,False
799,0.32289451488741916,0.8912210561385974,nan,nan,20,6003,42.816336407397,40.900128550077994,9.85,False
800,0.288382377726932,0.9079891564343805,0.34111874826456784,0.8904751156754317,20,6271,45.26130853398556,43.7914271481025,10.3,False
801,0.2807153639130257,0.9016057934508817,nan,nan,20,6352,45.38085576368433,44.34567835214749,10.4,False
802,0.28919499398573434,0.9019391455147406,nan,nan,20,6343,44.65212975265256,43.92064421676899,10.35,False
803,0.31733936122024353,0.8974742439348621,nan,nan,20,6018,44.67076122884364,41.64869708737605,9.9,False
804,0.30083117530202774,0.9040275490342866,nan,nan,20,6679,49.2326404179229,48.1547428858581,10.95,False
805,0.28578016444011345,0.9025518341307815,nan,nan,20,6270,45.68189666128384,44.12946601267605,10.35,False
806,0.3207227073534565,0.892141266306077,nan,nan,20,6286,44.93588679330714,43.460646199837996,10.25,False
807,0.2995812875950726,0.9010035720360605,nan,nan,20,5879,42.553370604873294,40.04996424177849,9.7,False
808,0.3187345046403113,0.8964720382067478,nan,nan,20,6491,46.10434737594108,45.59756938788849,10.6,False
809,0.33950378521120733,0.8955367141257399,nan,nan,20,6251,44.36484950968464,43.06686374475704,10.2,False
810,0.36518616283667243,0.8821257531283794,0.33285789501988555,0.8935786028664936,20,6473,46.926413232922954,45.75726605055674,10.6,False
811,0.3403295040291575,0.8897106109324758,nan,nan,20,6220,45.33267020705192,43.8088610701075,10.3,False
812,0.27984688832844884,0.9058786741713571,nan,nan,20,6396,45.179544143267776,44.31449100278299,10.4,False
813,0.3298588970784418,0.8911520286785074,nan,nan,20,6137,46.251710330985546,43.03556589650105,10.1,False
814,0.3183546834045127,0.8986618798955613,nan,nan,20,6128,44.33772405299218,43.04574932810655,10.2,False
815,0.24637993732898095,0.9161594643944004,nan,nan,20,6572,48.09496241424185,46.7926694630455,10.75,False
816,0.32806823003005653,0.8947368421052632,nan,nan,20,6555,48.545179058209214,47.1892109737941,10.8,False
817,0.2965835335443089,0.90291415901172,nan,nan,20,6314,44.61265513447502,43.661232340438,10.3,False
818,0.3123309209314542,0.8994206630189894,nan,nan,20,6214,44.438872177843464,43.078464836066544,10.2,False
819,0.27807564805193424,0.9094899349175117,nan,nan,20,6607,47.11319536292173,46.07178655434554,10.65,False
820,0.28383453697588357,0.9026734755181737,0.32816273513489796,0.8958921114998307,20,6658,48.813982936787184,48.088493982239086,10.95,False
821,0.30306113368923115,0.9023817510902382,nan,nan,20,5962,43.644799827411845,40.80849342118056,9.8,False
822,0.2890252657730341,0.909415231890802,nan,nan,20,6447,47.674001007187876,46.191611646069596,10.65,False
823,0.3171447205483791,0.8990058387249488,nan,nan,20,6337,45.86173546818888,44.46881588905249,10.4,False
824,0.2677404519682233,0.9097873671044403,nan,nan,20,6396,46.35841268890256,45.10451125008104,10.5,False
825,0.2995273783689727,0.9017395392571698,nan,nan,20,6381,45.29098044060725,44.110030657292995,10.35,False
826,0.30036692080422495,0.9018720748829954,nan,nan,20,6410,47.022387690197185,45.25020287730555,10.5,False
827,0.3350423727574585,0.8860435339308579,nan,nan,20,6248,44.724803825587074,43.383011199366045,10.25,False
828,0.3143924010918295,0.8975020145044319,nan,nan,20,6205,44.200557321084794,42.7716563675785,10.15,False
829,0.28280946146274444,0.9080792682926829,nan,nan,20,6560,47.66792414933319,47.013707339941035,10.8,False
830,0.3199595969142287,0.898525721455458,0.3282090796162132,0.8940300191851935,20,6376,46.03473138811347,44.75616700050009,10.45,False
831,0.3084283335628486,0.899163642101941,nan,nan,20,6337,44.906261210823274,43.727849293521544,10.3,False
832,0.2662803363125264,0.9084128360797918,nan,nan,20,5765,41.62802306378313,38.638044782513994,9.45,False
833,0.3005993052261657,0.8962826984855439,nan,nan,20,6537,47.44085606318828,46.14948588575055,10.65,False
834,0.24745977434096994,0.9180376028202115,nan,nan,20,6808,49.796198390333345,48.84986233203955,11.05,False
835,0.2605877391749506,0.9099112878556134,nan,nan,20,6538,47.786281644742665,46.499573527532,10.7,False
836,0.31436996614795754,0.8965457083042568,nan,nan,20,5732,42.12746869305342,38.974923750532994,9.5,False
837,0.35009759899313153,0.8877871426210544,nan,nan,20,6051,43.21434309993984,41.228374046475594,9.9,False
838,0.26355100014371907,0.9092067537432303,nan,nan,20,6278,46.292302635357046,44.0456228185765,10.3,False
839,0.27071303389365414,0.9073275862068966,nan,nan,20,6496,47.30770236217965,46.11728909077859,10.65,False
840,0.3029186791674971,0.9013282732447818,0.33062298450105654,0.8942557273445435,20,6324,46.92614881162309,44.45554255933859,10.35,False
841,0.3229548497357851,0.8997314234556849,nan,nan,20,6702,49.60153482743247,48.49977469025809,11.0,False
842,0.3112864458228164,0.8978529603122967,nan,nan,20,6148,41.88926685605796,41.228188367144,9.95,False
843,0.3152597254584666,0.8934198331788693,nan,nan,20,6474,46.13598343607359,45.04424584068104,10.5,False
844,0.27828343670383143,0.9105015673981192,nan,nan,20,6380,46.225346069320295,44.2825595235765,10.35,False
845,0.2976290088306896,0.9019387918602788,nan,nan,20,6241,45.96780499929682,43.75273496878655,10.25,False
846,0.32499510389312347,0.8904131961456803,nan,nan,20,6123,44.795544335536285,42.65735262282605,10.1,False
847,0.31427162971388606,0.8997858017135862,nan,nan,20,6536,46.94001888472075,46.022971572731535,10.65,False
848,0.28243377227690786,0.9006131010003227,nan,nan,20,6198,46.329683247544786,43.63384911644055,10.2,False
849,0.34099294343299563,0.8908045977011494,nan,nan,20,6090,43.846720435814426,41.681788672432994,9.95,False
850,0.2752359398396968,0.9030927835051547,0.32974640312548376,0.8939171651055186,20,6305,45.50537053953558,44.37047326344349,10.4,False
851,0.264247465962637,0.9100537221795856,nan,nan,20,6515,46.833602755796406,45.76024725121958,10.6,False
852,0.2685151416755476,0.910080454330336,nan,nan,20,6339,45.87891735748778,44.2345363890525,10.35,False
853,0.2359894012257734,0.9234220297029703,nan,nan,20,6464,46.73860356861538,45.45804693421459,10.55,False
854,0.36191541408132627,0.8862870890136327,nan,nan,20,6235,45.86922820033851,43.132981745646745,10.15,False
855,0.34461014062778406,0.8886876337889017,nan,nan,20,6073,44.772547526628074,42.50131745025705,10.05,False
856,0.3493895989772424,0.8841899804814574,nan,nan,20,6148,43.08949678187176,41.987987663963985,10.05,False
857,0.24765840309622125,0.9218337218337218,nan,nan,20,6435,46.61422455011835,44.913221048881,10.45,False
858,0.3382121309541263,0.8893011750154607,nan,nan,20,6468,46.05904015710623,45.03963768919799,10.5,False
859,0.31384550519640136,0.8965299684542587,nan,nan,20,6340,47.73488528436693,44.665748762003105,10.35,False
860,0.30927195958879944,0.9034011492467775,0.3280829131374536,0.8937478839860061,20,6439,45.65187698532903,44.96193835779299,10.5,False
861,0.27873547522969,0.9058289174867524,nan,nan,20,6605,51.171428639045075,47.9536651468286,10.85,False
862,0.32507189662824343,0.8976415851115033,nan,nan,20,6233,44.848310059031164,43.183800401502,10.2,False
863,0.3193864107483794,0.8950787721292838,nan,nan,20,6157,43.1424240471493,41.75571674522349,10.0,False
864,0.2913574603558638,0.9031373221326933,nan,nan,20,5833,42.22417202850096,39.25868976394705,9.55,False
865,0.28865114805578784,0.905359355638166,nan,nan,20,6456,47.46282492485939,46.402871221141545,10.7,False
866,0.29092094291605536,0.9051697290563687,nan,nan,20,6422,47.13920614414532,45.259996245481496,10.5,False
867,0.2850567495039416,0.904708340028925,nan,nan,20,6223,44.355916238204216,43.321818133128495,10.25,False
868,0.28230422364195773,0.9075171553337492,nan,nan,20,6412,46.507888962434706,44.89421807389555,10.45,False
869,0.26052366512891617,0.9124267653407339,nan,nan,20,6486,46.43629513975288,45.662249238527046,10.6,False
870,0.2876623183300333,0.9029712163416899,0.3257464341514066,0.8961742466990181,20,6462,45.744293630833965,44.6887730541025,10.45,False
871,0.26761673529616,0.9127769919849128,nan,nan,20,6363,45.222831332899645,44.33192492478799,10.4,False
872,0.299316243306823,0.8957567657868359,nan,nan,20,5986,42.50234117289229,40.59960014645899,9.8,False
873,0.3015382317565908,0.8984301412872842,nan,nan,20,6370,45.33928859863657,44.34236590696655,10.4,False
874,0.29947044581881266,0.9055793991416309,nan,nan,20,6291,45.77067851192044,43.92824663355249,10.3,False
875,0.3304030173708531,0.8931197908154928,nan,nan,20,6119,45.72397131781855,42.5831514159336,10.05,False
876,0.29540085447472453,0.8958698772125657,nan,nan,20,6271,45.19386848431465,43.770312731451995,10.3,False
877,0.23470656013622807,0.9172501591343094,nan,nan,20,6284,47.953017157040904,44.786335090143595,10.35,False
878,0.2569045006232917,0.9142726161369193,nan,nan,20,6544,47.7495639836976,46.273927286577,10.65,False
879,0.293460001997782,0.9007478965409785,nan,nan,20,6418,45.47669957981402,44.402566985433495,10.4,False
880,0.28619564126371627,0.9041418261688108,0.32271083435360054,0.8961742466990181,20,6374,45.60510757557685,44.39486138322604,10.4,False
881,0.2760662796338772,0.9093260061419105,nan,nan,20,6187,44.528169380762996,42.81365274858609,10.15,False
882,0.28881736433277705,0.9057660626029654,nan,nan,20,6070,44.59892457758263,42.31994699677604,10.05,False
883,0.3374770964500027,0.8933866400133267,nan,nan,20,6003,41.90364797969768,40.510299723744495,9.8,False
884,0.2961242105509994,0.9005053145147238,nan,nan,20,5739,40.46788810473073,38.070838753654,9.4,False
885,0.3145238804728167,0.8941681233116161,nan,nan,20,6293,44.65109235507685,43.69011669022899,10.3,False
886,0.3198264015681989,0.8989737010904426,nan,nan,20,6236,44.90970938799943,43.42564897651654,10.25,False
887,0.27599095529371787,0.9068877551020408,nan,nan,20,6272,45.39466816090247,43.89512218174299,10.3,False
888,0.26009105744124295,0.9180480247869869,nan,nan,20,6455,46.14293804790788,45.3207235895525,10.55,False
889,0.3025380938818296,0.8998767714109673,nan,nan,20,6492,46.72677128738625,45.99141617390249,10.65,False
890,0.2662569649691376,0.9131020041878553,0.3268664908918997,0.8940300191851935,20,6686,48.968449349666834,48.11863723338574,10.95,False
891,0.2955721700524872,0.9033033033033033,nan,nan,20,6660,48.742619177983144,47.512351368229545,10.85,False
892,0.2678571878242487,0.9093475012452267,nan,nan,20,6023,44.87114043529186,41.66046584504055,9.9,False
893,0.33710453343734503,0.8896907216494845,nan,nan,20,5820,41.55334170351628,39.101899998223004,9.55,False
894,0.25761215554357597,0.9155461550083094,nan,nan,20,6619,48.17632233587504,47.66677229204154,10.9,False
895,0.2826387133791228,0.9037416053725615,nan,nan,20,6254,46.32017235919775,43.82021524777459,10.25,False
896,0.32428793155175023,0.8926271732131359,nan,nan,20,6212,45.441444790105464,42.85402063173604,10.1,False
897,0.2539523447850104,0.9111111111111111,nan,nan,20,6480,47.17076040769078,46.0750989995265,10.65,False
898,0.303855479941283,0.8988675684177414,nan,nan,20,6358,45.044520958308006,44.275748953882996,10.4,False
899,0.3219638481895035,0.890326862452298,nan,nan,20,6027,44.21942690029047,41.50498799752155,9.9,False
900,0.2994228434411581,0.9013073979591837,0.3278495034842173,0.8958356844599932,20,6272,45.40222898865091,43.875751157292996,10.3,False
901,0.2883242067080924,0.904143475572047,nan,nan,20,6468,46.97926665273741,45.51385485565504,10.55,False
902,0.3187628113217058,0.8964312832194381,nan,nan,20,6585,50.73723143731233,48.09927203928224,10.9,False
903,0.3375486168012754,0.8848250395639177,nan,nan,20,5687,40.6967794799945,37.95812750138254,9.35,False
904,0.28374281691509606,0.9009256580850449,nan,nan,20,6914,53.37215856493049,51.182938278493594,11.35,False
905,0.27118643783288093,0.9082364186713399,nan,nan,20,6277,44.92879195326359,43.44495567003349,10.25,False
906,0.22714852671485497,0.9266563944530046,nan,nan,20,6490,46.653366877263004,45.714570375566495,10.6,False
907,0.3204047694461804,0.8961398649818245,nan,nan,20,5777,40.83578583144233,38.6756483315135,9.5,False
908,0.3064887282819142,0.8953045685279187,nan,nan,20,6304,45.280704771106315,44.0609119571475,10.35,False
909,0.3006175273640625,0.9039203084832905,nan,nan,20,6224,45.66530885867042,43.615403466505086,10.25,False
910,0.27849064307677485,0.9069410319410319,0.32303118776042766,0.8954406951811308,20,6512,47.2301391726373,46.64080063135749,10.75,False
911,0.2585474598865393,0.9121682075753057,nan,nan,20,6706,48.687829261809995,47.7785237320936,10.9,False
912,0.3128799632446206,0.89587852494577,nan,nan,20,5993,43.12203161873566,41.239910806852045,9.9,False
913,0.24968357321625514,0.9153307392996108,nan,nan,20,6425,47.12464208211633,45.557724008174596,10.55,False
914,0.25682250621378233,0.9109555591730425,nan,nan,20,6143,43.941889690056776,41.98241993645754,10.0,False
915,0.2697917893224594,0.9140612725844461,nan,nan,20,6365,44.54942908239278,43.37063311474249,10.25,False
916,0.2952560971640956,0.9032009849184365,nan,nan,20,6498,50.53721279332683,47.01937848462603,10.7,False
917,0.26504745426115645,0.9157625075346595,nan,nan,20,6636,50.870846438684225,47.8915056817046,10.85,False
918,0.3005967971922481,0.8943287213015052,nan,nan,20,6577,47.55902257840438,46.724851506446036,10.75,False
919,0.2887650856361451,0.906123717749456,nan,nan,20,6434,45.969572513970704,45.04157479164299,10.5,False
920,0.2836261185796154,0.9040944881889764,0.3231328870134609,0.8975849226949554,20,6350,45.36740835365123,44.08857162772604,10.35,False
921,0.30497062413805315,0.900094547746612,nan,nan,20,6346,46.03272225088942,44.236783640465084,10.35,False
922,0.27886150475693666,0.9077167859984089,nan,nan,20,6285,45.56876538276646,44.116446531909595,10.35,False
923,0.2825022358199871,0.9061124694376528,nan,nan,20,6135,44.14773290955284,42.479120039438,10.1,False
924,0.34902371618156086,0.8888888888888888,nan,nan,20,6066,44.38443875443394,42.06261597768055,10.0,False
925,0.2736605061235682,0.9096045197740112,nan,nan,20,6372,45.0959929163095,44.2914394836875,10.4,False
926,0.31851456402624817,0.8975560763307666,nan,nan,20,5974,43.737952020246674,40.94294533992799,9.8,False
927,0.27983798677444033,0.9113535629048756,nan,nan,20,5866,42.96132584248164,40.21161238502799,9.7,False
928,0.3073135229151683,0.8968744776867792,nan,nan,20,5983,44.90618876324104,41.31075805079299,9.8,False
929,0.25197759875930775,0.9182277728218852,nan,nan,20,6726,48.58221558366438,47.769651802895496,10.9,False
930,0.28232942697332886,0.9019607843137255,0.32204667704730416,0.8989391716510552,20,6579,48.27453024738261,46.85808541261314,10.75,False
931,0.3251159286734644,0.8976289650752963,nan,nan,20,6242,45.38445902811515,43.2826141495575,10.2,False
932,0.2720412582396678,0.9118198874296435,nan,nan,20,6396,45.82566944044432,44.725578000557505,10.45,False
933,0.31101435432083147,0.895641107222399,nan,nan,20,6286,46.788179229143296,43.75050573035055,10.2,False
934,0.32324309277562147,0.8953846153846153,nan,nan,20,5850,40.66642559897362,39.1409602270035,9.6,False
935,0.3823178374983589,0.880944678097703,nan,nan,20,6182,44.515757091810045,42.79941483038174,10.15,False
936,0.24550259120260262,0.9151624548736462,nan,nan,20,6648,48.559360229255184,47.500750276920044,10.85,False
937,0.3303543279975065,0.8907425580634609,nan,nan,20,6114,44.386952933124114,42.03324349933105,10.0,False
938,0.3427661890162434,0.8949158306410474,nan,nan,20,5881,41.390590294696835,39.2750507629185,9.6,False
939,0.24390466947854442,0.9184952978056427,nan,nan,20,6380,46.57684643575018,44.89298669852651,10.45,False
940,0.25453518417995274,0.9148381156974068,0.31786030589787556,0.8981491930933303,20,6517,46.443859193728514,45.66050584632654,10.6,False
941,0.2688268089279973,0.9120267260579065,nan,nan,20,6286,46.853624648026994,44.39829517680555,10.35,False
942,0.2883689124613667,0.9048713235294118,nan,nan,20,6528,48.6493252031753,46.94002484603665,10.75,False
943,0.24795182370141652,0.9140649637338379,nan,nan,20,6342,46.63833473937322,44.92577347272459,10.45,False
944,0.301112360344286,0.8955269143290372,nan,nan,20,6595,47.832001219977535,46.4863797075455,10.7,False
945,0.25362828992928915,0.9138270483113736,nan,nan,20,6603,47.58556314456255,47.001329255317486,10.8,False
946,0.3301082905368668,0.8922283478570159,nan,nan,20,5623,39.448124682879936,37.1012511495985,9.25,False
947,0.28295010537028,0.912672045562411,nan,nan,20,6321,47.60546636710615,44.985481557074586,10.4,False
948,0.28661301946520495,0.9037839586028461,nan,nan,20,6184,44.1800976097386,42.74314006725204,10.15,False
949,0.28814858333028737,0.898539218799619,nan,nan,20,6298,43.69691466957379,42.67458601172349,10.15,False
950,0.2809742812608339,0.9070116861435726,0.31778441485399694,0.8986570364518678,20,5990,42.41030381310044,40.30123098762299,9.75,False
951,0.3004524716403709,0.9014016433059449,nan,nan,20,6207,44.63682545240529,42.876005923954594,10.15,False
952,0.30109034647869737,0.9030744336569579,nan,nan,20,6180,43.99816854145003,42.231950437982995,10.05,False
953,0.254349589338342,0.9182616881079385,nan,nan,20,6374,45.28812436514831,44.60509022847849,10.45,False
954,0.25123767665886193,0.9155793114290206,nan,nan,20,6361,46.269462262478086,44.5451611619336,10.4,False
955,0.2699134967472502,0.9107274605282574,nan,nan,20,6777,51.11029550229867,48.74323260989123,11.0,False
956,0.2931752165474888,0.905188679245283,nan,nan,20,6360,45.165378544906744,44.29318287588799,10.4,False
957,0.28762210212312517,0.9022997620935765,nan,nan,20,6305,45.256035065268954,43.80186813028105,10.3,False
958,0.2667911513299763,0.9100884376023584,nan,nan,20,6106,43.265740201350845,41.792930635527995,10.0,False
959,0.2632625623505162,0.9086229086229086,nan,nan,20,6216,44.842561012869645,42.904522224281045,10.15,False
960,0.2875956775420957,0.9045930701047542,0.3181228679400402,0.8979799119738179,20,6205,45.1047540698552,43.51126890458555,10.25,False
961,0.30131229206708426,0.897100987575661,nan,nan,20,6278,44.17939010894461,42.7710149714356,10.15,False
962,0.2887156048692847,0.8994238683127572,nan,nan,20,6075,43.13439201331412,42.01144812690899,10.05,False
963,0.23601594651706878,0.920065011820331,nan,nan,20,6768,48.190185151917646,47.40929751815555,10.85,False
964,0.30516321792345313,0.8991947509692813,nan,nan,20,6706,48.67021135852028,47.5053584284031,10.85,False
965,0.2799880647401998,0.9042127182444337,nan,nan,20,6243,44.024689177564,42.742772017787495,10.15,False
966,0.2522000410525086,0.9159781761496493,nan,nan,20,6415,46.74157089057288,45.46265508569765,10.55,False
967,0.2792300106077346,0.9021858782827489,nan,nan,20,6359,45.37352300294912,44.361368881952,10.4,False
968,0.2711794925065899,0.9077924139025552,nan,nan,20,6301,45.13310057989829,43.78365721496199,10.3,False
969,0.26693570509695586,0.9113447356033265,nan,nan,20,6373,45.19744179049671,44.076906205483496,10.35,False
970,0.32344711937635445,0.8905236513209935,0.31003125907403195,0.9002369935673175,20,6321,45.03901194271527,44.024475060157044,10.35,False
971,0.22994013690897336,0.9209939471169162,nan,nan,20,6278,46.35309732550436,44.28753572452409,10.35,False
972,0.2972178479934421,0.8995042812077513,nan,nan,20,6657,48.53248276955719,47.74714267248458,10.9,False
973,0.26279379881927034,0.9104403760514597,nan,nan,20,6063,42.84931871205154,41.683850244514,10.0,False
974,0.29475475870903434,0.9055933250927071,nan,nan,20,6472,48.12621647933277,46.2961051698126,10.65,False
975,0.24229339505492903,0.9158238680566361,nan,nan,20,6427,46.89481703115189,45.498164325850546,10.55,False
976,0.28739641177102826,0.904550499445061,nan,nan,20,6307,45.885453973752504,44.018259718648,10.3,False
977,0.2586492234903689,0.9101850458853619,nan,nan,20,6647,48.871861506384846,48.1059279042441,10.95,False
978,0.32730845166727135,0.8956565152271593,nan,nan,20,6009,43.98478160158794,41.268412409633484,9.85,False
979,0.25746453297380334,0.9157204541819927,nan,nan,20,6253,43.712883413484356,42.66083258436399,10.15,False
980,0.2807721186996192,0.9061091248251205,0.3123055479049198,0.8994470150095926,20,6433,46.92118188343188,45.48247379604605,10.55,False
981,0.2650407568107027,0.910385661705873,nan,nan,20,6249,46.165424916604834,43.802118621795046,10.25,False
982,0.29421340128746204,0.9000355113636364,nan,nan,20,5632,39.929877293360285,37.248102673377545,9.25,False
983,0.29884524689782227,0.8993157380254154,nan,nan,20,6138,44.220591887287334,42.7406196817375,10.15,False
984,0.250944766443103,0.9135625596943648,nan,nan,20,6282,45.77908034651179,43.64983178223605,10.25,False
985,0.32661951665423283,0.8922604841459256,nan,nan,20,5866,40.76656683424995,39.1765407333945,9.6,False
986,0.25404362747849607,0.9167473378509197,nan,nan,20,6198,44.401971260936826,43.08074655142799,10.2,False
987,0.2496947866581008,0.9148458545345705,nan,nan,20,6682,47.471702065053904,46.96820480350799,10.8,False
988,0.3070892447879982,0.8957909560319199,nan,nan,20,6391,45.27387641243256,43.829872413776044,10.3,False
989,0.2526507902487331,0.9113071371291098,nan,nan,20,6235,46.776811862323456,44.00214767354104,10.25,False
990,0.2546000297621422,0.9063279301745636,0.3096819298690604,0.9006319828461798,20,6416,46.53556084374082,45.12655332356909,10.5,False
991,0.3175214244060095,0.8911093627065303,nan,nan,20,6355,45.017739818099066,44.275748953882996,10.4,False
992,0.26306807359720497,0.9097082883160982,nan,nan,20,6479,46.510751969170414,45.42997831978654,10.55,False
993,0.2334718615765435,0.9197766676461945,nan,nan,20,6806,49.442974149997426,48.779564884310496,11.05,False
994,0.31426729896362077,0.9020427112349118,nan,nan,20,6462,45.61151879426097,44.685460608921545,10.45,False
995,0.28475377775073873,0.8988339111251182,nan,nan,20,6346,45.555352817818985,44.40069421392154,10.4,False
996,0.2901475267992818,0.9001233045622689,nan,nan,20,6488,47.40182233586714,46.20767838295799,10.65,False
997,0.2597168344146486,0.9138088012139606,nan,nan,20,6590,48.44988030374396,47.49298034377955,10.85,False
998,0.28750280174776854,0.9027255639097744,nan,nan,20,6384,45.21294480532662,44.0374514942025,10.35,False
999,0.2508458698317283,0.9170581327069877,nan,nan,20,6812,51.016708630176986,49.67761518263015,11.15,False
1000,0.2674868511990978,0.9125979505726342,0.3107312513069084,0.9004062746868299,20,6636,49.054832381354835,47.84845313035809,10.9,True
