round,train_loss,train_accuracy,test_loss,test_accuracy,num_fit_clients,num_fit_examples,tau_eff,mean_local_normalizer,mean_local_steps,run_completed
1,4.088422492188467,0.042723004694835684,nan,nan,20,6390,45.95263780287518,44.759070501831545,10.45,False
2,3.907355738848272,0.0611611300838249,nan,nan,20,6442,46.144328173035944,45.31741114437155,10.55,False
3,3.769805142855477,0.05157155935306683,nan,nan,20,6554,47.53866351362791,46.710730029622,10.75,False
4,3.758601629518803,0.06095742918668213,nan,nan,20,6037,43.58794047923163,41.339212683466044,9.9,False
5,3.756778288413781,0.05469003570269393,nan,nan,20,6162,46.37554162918864,42.35731047221754,10.0,False
6,3.7414409267142257,0.05467648441171863,nan,nan,20,6383,46.06851259641226,45.030124363857006,10.5,False
7,3.723391457551542,0.06134969325153374,nan,nan,20,6683,50.92455313801858,48.41950893238623,10.95,False
8,3.721510780298616,0.06170406306852638,nan,nan,20,6596,48.675236968288104,47.487924506398095,10.85,False
9,3.708625221836697,0.06185414821375849,nan,nan,20,6774,50.64325219776004,49.32135033638519,11.1,False
10,3.723436540586878,0.0615094931743292,3.7161669902803665,0.05907911070985216,20,6373,45.52926111328421,44.3650493765975,10.4,False
11,3.713966571161839,0.0662111599154059,nan,nan,20,6147,43.419654230952446,42.056173670028,10.05,False
12,3.742938005665033,0.05856213299476273,nan,nan,20,6301,46.63091414304588,43.99515473371459,10.25,False
13,3.7240688847189487,0.05944600062247121,nan,nan,20,6426,48.12142621354119,46.2840951346536,10.65,False
14,3.7365195317978714,0.05923678748203736,nan,nan,20,6263,44.4726273279215,43.089547214388006,10.2,False
15,3.7202511441962636,0.06482226154093615,nan,nan,20,6217,44.96294937439788,43.986893120388,10.35,False
16,3.6857032676990444,0.07399842890809112,nan,nan,20,6365,45.9821864882253,44.224231216621504,10.35,False
17,3.7426700780544,0.05676786843769766,nan,nan,20,6324,46.88133773105045,44.775594806219594,10.4,False
18,3.6925456622333375,0.06747804652595903,nan,nan,20,6491,46.367083364723165,45.65006486414799,10.6,False
19,3.708317232088537,0.05782364546972226,nan,nan,20,6589,48.55648954658686,47.454800054588596,10.85,False
20,3.6746972521880243,0.06555423122765197,3.6946291905226523,0.09524884324568333,20,6712,48.22775108585297,47.42498804796004,10.85,False
21,3.705297492330592,0.07201834862385322,nan,nan,20,6540,47.93366375655595,46.519504159355,10.7,False
22,3.698270843374078,0.06817835945822553,nan,nan,20,6571,47.53856813725842,46.414881256300546,10.7,False
23,3.6935583854039096,0.06365703150373497,nan,nan,20,6158,44.43473994064503,42.8163819106975,10.15,False
24,3.66351918491939,0.07029548989113531,nan,nan,20,6430,47.58785137163855,45.162975759210546,10.45,False
25,3.6813569076314145,0.06491691256406275,nan,nan,20,6439,48.47337528043957,45.92964983290311,10.55,False
26,3.650670432003205,0.06710232706407396,nan,nan,20,6274,47.054354253485364,44.28615283212459,10.3,False
27,3.695706852978314,0.06383652779977823,nan,nan,20,6313,43.85712553052964,42.970802834509485,10.2,False
28,3.6590060691086967,0.0695455280608119,nan,nan,20,6183,44.75542874938098,42.699622350512,10.1,False
29,3.691893390711519,0.06269430051813471,nan,nan,20,5790,41.82184115155174,39.051088017889995,9.5,False
30,3.655507479076581,0.0687990343995172,3.659358279401811,0.060433359665951925,20,6628,47.79942654219874,47.04683179175054,10.8,False
31,3.662200331645215,0.06861340021497671,nan,nan,20,5582,38.397874509660646,36.603709329943996,9.2,False
32,3.6447246207958726,0.0794489828608041,nan,nan,20,6243,44.16629725272324,42.774456795927996,10.15,False
33,3.6446199351206197,0.07923497267759563,nan,nan,20,6222,46.35868247397554,43.8588778757696,10.25,False
34,3.601228760151962,0.09011164274322168,nan,nan,20,6270,44.78771262801975,43.4698558066475,10.25,False
35,3.6039612877761305,0.08076009501187649,nan,nan,20,5894,41.02994928517773,39.733759769704,9.7,False
36,3.5921396038992155,0.09426612651916486,nan,nan,20,6418,46.96822710058576,45.22499902216005,10.5,False
37,3.5700186368294213,0.10044902710793281,nan,nan,20,6013,42.506561269987934,40.84957017626349,9.85,False
38,3.52939277754267,0.10296709753231492,nan,nan,20,6808,52.23458113640013,49.83907577100004,11.15,False
39,3.528836727479136,0.11002982263380945,nan,nan,20,6371,46.05656575277335,45.03012436385699,10.5,False
40,3.4496039467384327,0.12981386392811298,3.4322410835771526,0.11877891885791671,20,6232,44.6449435756617,43.15435644433799,10.2,False
41,3.3707112929967553,0.13572444303997472,nan,nan,20,6329,45.68229871384804,44.146531885216504,10.35,False
42,3.3604675460848124,0.1470248887423768,nan,nan,20,6067,47.462025268210915,42.41143178272699,9.95,False
43,3.342229002319783,0.15522107243650046,nan,nan,20,6378,45.91371188225991,44.48825124443555,10.4,False
44,3.308219590831489,0.16712196689699502,nan,nan,20,6223,44.64140820029843,43.41520799433799,10.25,False
45,3.2085693261735226,0.17840655249441548,nan,nan,20,6715,50.98623286063581,49.38953634244919,11.1,False
46,3.190764320231287,0.19486768243785085,nan,nan,20,6235,44.77162850048182,43.175879804838004,10.2,False
47,3.053045707732494,0.20917740945365254,nan,nan,20,6516,46.70462133375411,45.4483398986291,10.55,False
48,2.988206812584869,0.2437539038101187,nan,nan,20,6404,48.39588618970703,45.14484970566849,10.45,False
49,2.903641325428576,0.25155988434028304,nan,nan,20,6571,49.22890557673275,46.95716914991799,10.75,False
50,2.800624943678779,0.29146320929449404,2.7682095368254767,0.2996840085769101,20,5939,41.767094823770826,40.669847724604,9.85,False
51,2.7182770761905273,0.29893683552220135,nan,nan,20,6396,48.63707857290701,45.7576998329031,10.5,False
52,2.6608582155067064,0.3075924724205062,nan,nan,20,6164,44.5686385052963,43.3620711219356,10.25,False
53,2.585258563175833,0.33323389021479716,nan,nan,20,6704,48.638570447164824,47.500750276920044,10.85,False
54,2.5700630540902085,0.3377095855741854,nan,nan,20,6322,45.10847985088302,43.75130975646654,10.3,False
55,2.3466566001543483,0.39420289855072466,nan,nan,20,6210,44.71170784096745,42.58534236732605,10.1,False
56,2.4025276667162556,0.3729950900163666,nan,nan,20,6110,45.39510503385583,42.366659514876545,10.0,False
57,2.390412900352666,0.3617545588960079,nan,nan,20,6087,43.76204034765925,41.89915296341604,10.0,False
58,2.387981270613539,0.37315823190262654,nan,nan,20,6244,45.119791086700246,43.22241307109054,10.2,False
59,2.2532311345061244,0.39743156471781005,nan,nan,20,5918,43.01753811745471,40.664177136692004,9.8,False
60,2.274538934189484,0.4043327556325823,2.3363139735106597,0.38765376368355714,20,5770,41.89194206555775,39.06677854769449,9.5,False
61,2.2134482441547596,0.42122984228247384,nan,nan,20,5643,39.892184571226565,37.75022666320399,9.35,False
62,2.2146843046447917,0.4021529562982005,nan,nan,20,6224,45.446351631300544,43.62195687805249,10.25,False
63,2.1052953906482768,0.4497934540832539,nan,nan,20,6294,46.12883407606796,44.23310314581959,10.35,False
64,2.087002100826533,0.4488533494266747,nan,nan,20,6628,49.08875380644345,47.605741229439055,10.85,False
65,2.0454901924941953,0.4698060075093867,nan,nan,20,6392,45.94693143419052,44.26959794330699,10.35,False
66,1.9258353155876033,0.4829672078955747,nan,nan,20,6282,45.67746343828961,43.706057711547494,10.25,False
67,1.8713563938729776,0.5105212042732276,nan,nan,20,6178,46.2859007230087,43.1635538721215,10.1,False
68,2.022040109794422,0.4665196155664093,nan,nan,20,6347,45.472011279681354,44.3650493765975,10.4,False
69,1.8193689718506458,0.5196169292554834,nan,nan,20,6474,46.65406568382898,45.698879845761994,10.6,False
70,1.91058487667455,0.4929701230228471,1.8773875566519567,0.5099875860512357,20,5690,39.60562347439248,38.38249537853449,9.5,False
71,1.9085527665993247,0.49342666894314496,nan,nan,20,5857,41.7178622559992,38.989150695104,9.5,False
72,1.7348540813101552,0.535100710900474,nan,nan,20,6752,51.17977414001727,49.427910341884655,11.1,False
73,1.7020477133337026,0.5473580893178472,nan,nan,20,6113,44.19745005909173,42.06243133145754,10.0,False
74,1.6295200660339622,0.5604651162790698,nan,nan,20,6450,46.12507086958941,45.06167976268605,10.5,False
75,1.7723238196732554,0.525053392475768,nan,nan,20,6087,45.12671286969331,42.30747842879174,10.0,False
76,1.6040437083180472,0.5631830075419424,nan,nan,20,6497,46.55978102825236,45.686869810603,10.6,False
77,1.6199534633396295,0.5675143560295324,nan,nan,20,6095,44.87200943707098,42.171935756292996,10.0,False
78,1.7237477293501695,0.5283884232168274,nan,nan,20,6323,45.16554716657893,43.779826056792984,10.3,False
79,1.6436536990671742,0.566530612244898,nan,nan,20,6125,43.63884190577705,41.61244946597104,9.95,False
80,1.7065389263268445,0.5391331957453565,1.615806105524056,0.5718880487529624,20,6299,45.480088334308775,43.6866866870975,10.25,False
81,1.5212236789730047,0.5927488670104704,nan,nan,20,6399,46.275196703778164,44.59332162081199,10.4,False
82,1.5068968940964167,0.599713284485505,nan,nan,20,6278,44.80732373172303,43.696293894692495,10.3,False
83,1.403488384576694,0.6134020618556701,nan,nan,20,6596,48.126316774424986,47.11040964633149,10.8,False
84,1.4004412148433811,0.619807244931871,nan,nan,20,6018,43.770828008013495,41.5138941282285,9.9,False
85,1.4930357133464776,0.5946534037923531,nan,nan,20,6434,47.197299235672936,45.79879558987509,10.6,False
86,1.409092159747085,0.6162503854455751,nan,nan,20,6486,49.614646941928584,46.50517973628059,10.65,False
87,1.325338868705959,0.6418232214351709,nan,nan,20,6494,47.693397648012606,45.893638062684744,10.6,False
88,1.4650109915106784,0.5999015748031497,nan,nan,20,6096,43.58583594709338,41.5740042002975,9.95,False
89,1.295207897992008,0.6499222395023329,nan,nan,20,6430,47.18566782417253,45.81605517266005,10.6,False
90,1.3724171064563633,0.6270369138676422,1.4140620753480166,0.6122898092766054,20,6014,42.8115654106277,40.676225701323496,9.8,False
91,1.4124798306471025,0.6152630747353453,nan,nan,20,6329,46.66900477296327,44.42766765515504,10.35,False
92,1.3268175631603027,0.6396276595744681,nan,nan,20,6768,49.17605008380552,48.440150677001,11.0,False
93,1.2597818802116496,0.6601515151515152,nan,nan,20,6600,48.845524256416326,47.5458438695036,10.85,False
94,1.2641408368588407,0.6484200446856049,nan,nan,20,6266,44.35781483529114,42.809324639938,10.15,False
95,1.2276297605541784,0.6613938919342208,nan,nan,20,6385,48.62800513775687,45.21712515022749,10.45,False
96,1.2926913048826165,0.650258661232168,nan,nan,20,6379,44.95701777399537,44.248048388919486,10.4,False
97,1.2410270207882812,0.6602129719264279,nan,nan,20,6198,44.60412171567978,42.841585765842986,10.15,False
98,1.2097725976214475,0.6675879011208352,nan,nan,20,6513,48.41842320869975,46.701072863620546,10.7,False
99,1.264355839432763,0.653876898481215,nan,nan,20,6255,43.95898542812345,42.98281286966849,10.2,False
100,1.2316372642712572,0.6700015632327654,1.2897017333593908,0.6370048527254261,20,6397,46.57305114332079,44.60794695684814,10.4,False
101,1.1381182472753113,0.6836688360829424,nan,nan,20,6607,48.08912099047509,47.09932726801004,10.8,False
102,1.256612149347087,0.6546587627298982,nan,nan,20,6579,48.077403958856046,46.58123961427715,10.7,False
103,1.106294420006683,0.6955107351984385,nan,nan,20,6148,44.90346373942347,42.66304169873105,10.1,False
104,1.1049856176001531,0.6943408464407329,nan,nan,20,6167,47.66406073917603,43.14849082864654,10.1,False
105,1.0315380579266729,0.7119174225836722,nan,nan,20,6394,46.673602481438635,44.73534181741249,10.4,False
106,1.0663467513817932,0.7043548387096774,nan,nan,20,6200,43.7363545500554,42.38665783506605,10.1,False
107,1.1243535326258411,0.6863550221099178,nan,nan,20,6332,46.50239610036387,44.38520421722459,10.35,False
108,1.0829018903360312,0.6986343409544269,nan,nan,20,6517,45.831501116476076,45.004769845187994,10.5,False
109,1.0376968320962545,0.7086148648648649,nan,nan,20,5920,41.38064794083661,39.833774308699,9.7,False
110,1.0080130157710296,0.7072463768115942,1.1253119194807606,0.6867170748222549,20,6210,44.01450084937119,42.1691497892925,10.05,False
111,1.0647696151682233,0.6916894664842681,nan,nan,20,5848,40.878720070709555,39.16207464365399,9.6,False
112,1.0683482251861778,0.6941380397100536,nan,nan,20,6346,46.13909230514652,44.56033297875005,10.4,False
113,1.0915622709259236,0.6925819046002376,nan,nan,20,5891,42.882549624529865,40.235815858587536,9.7,False
114,1.0562833890264713,0.7053250571708592,nan,nan,20,6122,44.3551482334604,42.77957696424249,10.15,False
115,0.9990019685103,0.7222759509993553,nan,nan,20,6204,44.55880923431394,42.858139621552,10.15,False
116,1.0407683827836611,0.7096721843557287,nan,nan,20,6162,44.74244690550077,42.64166209302155,10.1,False
117,1.0546011922010345,0.6973418311829629,nan,nan,20,6433,46.90134544203128,45.77925022620505,10.6,False
118,0.9513677909811007,0.727583135391924,nan,nan,20,6736,51.07659989880317,48.283279555526036,10.9,False
119,0.9906056613695869,0.7160883280757098,nan,nan,20,6340,46.80048673098553,45.16860781765005,10.5,False
120,1.053637671192204,0.7072050673000791,1.0307448787595574,0.7059022683670014,20,6315,45.49557256729413,44.10840949386529,10.35,False
121,1.0078781886972945,0.7126436781609196,nan,nan,20,6003,43.606726407013284,41.100396510797495,9.85,False
122,0.867765444427834,0.7508033419023136,nan,nan,20,6224,45.31783841686813,43.306737080281046,10.2,False
123,0.9231998020989964,0.7382294682309919,nan,nan,20,6563,47.35827080397128,46.67392508316699,10.75,False
124,0.8235288978844785,0.7694533762057878,nan,nan,20,6220,45.78209984814472,43.411209319811995,10.2,False
125,0.9635605805627401,0.7216769256363333,nan,nan,20,6011,43.54495417088566,41.91231619897299,10.0,False
126,0.8465514995550346,0.7611355081555834,nan,nan,20,6376,45.018311338968054,44.03781954366705,10.35,False
127,0.8449825345363998,0.7603031738512553,nan,nan,20,6333,45.866749193836355,44.44541975704055,10.4,False
128,0.9234693649719041,0.7440038375439718,nan,nan,20,6254,46.507452619167324,43.9453884195665,10.25,False
129,0.953134131827425,0.7219302436693741,nan,nan,20,6279,44.06266255058023,43.008535437802045,10.2,False
130,0.915781971123338,0.7445937090432503,0.9449049099319582,0.725990294549148,20,6104,43.08501369162499,42.007767632263494,10.05,False
131,1.0519827249904237,0.7027164685908319,nan,nan,20,5890,42.10753627073727,40.00940732186349,9.7,False
132,0.8179836350811958,0.7640984908657665,nan,nan,20,6295,46.7802776594538,44.658634709974095,10.4,False
133,0.7369204435833229,0.7729965700031182,nan,nan,20,6414,46.665298982791626,45.16510166222459,10.5,False
134,0.8440060870097261,0.7626756261453879,nan,nan,20,6548,47.74919237248363,46.7666735482336,10.75,False
135,0.9200026869342093,0.7379102584429998,nan,nan,20,6307,45.202576206008594,43.23018300423104,10.2,False
136,0.8209712972056604,0.7607001029563171,nan,nan,20,6799,49.13627959956428,48.43315773717454,11.0,False
137,0.7619497160209119,0.7801924353019244,nan,nan,20,6028,44.772358058209704,41.64793585095959,9.9,False
138,0.7953205046401195,0.7697863376467048,nan,nan,20,6646,49.02445139030317,48.12686798167455,10.95,False
139,0.9184113682246016,0.7431011826544021,nan,nan,20,6088,44.18021496843467,41.71815308087105,9.95,False
140,0.7844270945440389,0.7766738000611434,0.9015313791321949,0.7391942218711206,20,6542,47.3382686839281,46.10859150080054,10.65,False
141,0.8391232559676486,0.762853470437018,nan,nan,20,6224,45.16995846848926,43.552027479787995,10.25,False
142,0.8292113809378835,0.7671441633648278,nan,nan,20,6562,50.25785101007217,47.44049069786654,10.8,False
143,0.8897565848340802,0.7438266687908236,nan,nan,20,6277,45.401311045147445,43.826488702357,10.3,False
144,0.8403347507937379,0.7560732113144759,nan,nan,20,6010,43.71444966820939,41.57349218346605,9.95,False
145,0.8777569782048227,0.7512350597609562,nan,nan,20,6275,45.01834034859618,43.53808034218399,10.25,False
146,0.7708320302732912,0.7773521299417714,nan,nan,20,6526,47.552860732233086,46.44643665512959,10.7,False
147,0.7835053140221181,0.7711226367743015,nan,nan,20,5977,43.42248999764192,40.797554797649596,9.8,False
148,0.7722841998346174,0.7775862068965518,nan,nan,20,6380,45.47791210141678,44.638214680287994,10.45,False
149,0.7564419752563892,0.7858747993579455,nan,nan,20,6230,44.98321624687481,42.932526507776046,10.15,False
150,0.8550608348664909,0.7523427041499331,0.8275643998311155,0.7593386750931046,20,5976,43.172893226439186,40.728843406355786,9.8,False
151,0.7738842556717354,0.7759952465834818,nan,nan,20,6732,52.93922397262977,48.99253873032855,10.95,False
152,0.7725447372519698,0.7780556423882463,nan,nan,20,6398,46.16016184395885,45.06499220786699,10.5,False
153,0.8179364730823323,0.7595212187159956,nan,nan,20,6433,45.89391843619493,44.71417061949249,10.45,False
154,0.7377160212347628,0.7840946434439697,nan,nan,20,6086,45.1791672048097,42.20686793123603,10.0,False
155,0.695579839245191,0.7980392156862746,nan,nan,20,6120,45.83847792031679,43.27138339003555,10.15,False
156,0.7989971220407878,0.7708296004300305,nan,nan,20,5581,40.64166977074639,36.765311547664,9.1,False
157,0.7557775640496537,0.7795522154376077,nan,nan,20,6387,45.025421256786004,44.27417990090254,10.4,False
158,0.8433790675184031,0.7595741299856984,nan,nan,20,6293,44.643617495604104,43.390587422262044,10.25,False
159,0.7792712899938399,0.7785357737104825,nan,nan,20,6010,44.4457650322736,41.30852164365009,9.85,False
160,0.7258012290002193,0.7889178019286698,0.7724411973981768,0.7751946732874393,20,6533,47.46035408331679,46.688046559991044,10.75,False
161,0.6947041698752204,0.8041958041958042,nan,nan,20,6292,46.438683884368054,44.21661662081199,10.3,False
162,0.7064534636558077,0.7830513784461153,nan,nan,20,6384,46.51749218266994,44.86925288890314,10.45,False
163,0.6947641015990415,0.797480024585126,nan,nan,20,6508,47.93948189763431,46.78567652321905,10.75,False
164,0.6700851614935703,0.7977883096366508,nan,nan,20,6330,45.01271161941042,44.00258365019249,10.35,False
165,0.8010139100475403,0.7719789842381787,nan,nan,20,5710,42.41831717623192,38.8890659492235,9.45,False
166,0.7443226421940878,0.7826305220883534,nan,nan,20,5976,43.386346025765334,40.997846519935585,9.85,False
167,0.6933545614112637,0.8009171410499684,nan,nan,20,6324,46.310802939579794,44.299409949935544,10.35,False
168,0.7910882257148006,0.7716422660725653,nan,nan,20,6284,45.78542358778705,43.93738375180959,10.3,False
169,0.6922135679818385,0.799267846247712,nan,nan,20,6556,48.20251609174985,47.11676119001504,10.8,False
170,0.6503868744223195,0.805642144638404,0.7474635236151075,0.7810630854305383,20,6416,46.960362033876265,45.22764878698604,10.5,False
171,0.6986472582687179,0.7912161038096822,nan,nan,20,6011,42.499679793402365,41.0869612633185,9.9,False
172,0.6983154978665452,0.7940797940797941,nan,nan,20,6216,44.471580754988004,42.635310549338,10.1,False
173,0.6380137926387597,0.8105179282868525,nan,nan,20,6275,44.9616866649603,43.19705855242155,10.2,False
174,0.7335992984136629,0.7812294543063774,nan,nan,20,6084,42.578023384813555,40.855403006958994,9.85,False
175,0.7409135926466404,0.787672428845818,nan,nan,20,5727,42.509906208377515,39.16458285014254,9.5,False
176,0.7367389960870652,0.7858119398450555,nan,nan,20,6583,48.296082516097506,46.8366029464981,10.75,False
177,0.6939104487926583,0.7980115990057995,nan,nan,20,6035,43.03583027885725,41.19447260135204,9.9,False
178,0.6478899486613424,0.8026636348871203,nan,nan,20,6157,43.9661343844561,42.282926819668496,10.05,False
179,0.7106184635112893,0.7892503536067893,nan,nan,20,6363,48.555333303460195,45.17098121765154,10.45,False
180,0.7264853855215793,0.7898293630680858,0.7609229755380086,0.7724297483354023,20,5919,42.89419263100324,40.48804129742399,9.75,False
181,0.6458383762712612,0.8027703447190304,nan,nan,20,6353,45.477060431672875,44.37549035877605,10.4,False
182,0.7159717195643422,0.7977766879189145,nan,nan,20,6117,43.473165488080866,42.087210355869,10.05,False
183,0.6982130699814771,0.7954472069744914,nan,nan,20,6194,43.61257589904007,42.658895481919,10.15,False
184,0.6520820174225828,0.8016038492381716,nan,nan,20,6235,45.785769463444105,43.93206293794555,10.3,False
185,0.6135893085038008,0.8118188795088258,nan,nan,20,6515,47.637699748062246,45.91721496701005,10.6,False
186,0.6346868670905269,0.8063534978033119,nan,nan,20,5918,43.977079948188816,40.81363311707849,9.75,False
187,0.714831870073641,0.794195688225539,nan,nan,20,6030,44.70579675297583,41.67638067247154,9.9,False
188,0.6498289180143065,0.8085073472544471,nan,nan,20,6465,47.03255425166463,45.52131463717075,10.55,False
189,0.5795670932443271,0.8251231527093597,nan,nan,20,6090,43.20833394186179,41.25533614759754,9.9,False
190,0.6144670326039979,0.8149008674101611,0.6637435693219397,0.8062859722378964,20,6456,46.74812710565231,45.74806287684055,10.6,False
191,0.6287987123707675,0.8107717041800643,nan,nan,20,6220,46.100023441040896,43.459615357576496,10.2,False
192,0.7211066142313736,0.7918675666988106,nan,nan,20,6222,44.512539825668085,42.86583807587799,10.15,False
193,0.649086507641371,0.8069020866773676,nan,nan,20,6230,45.27783236704054,43.12905870693849,10.15,False
194,0.6362611687538573,0.8061600267827251,nan,nan,20,5974,41.67021274115711,40.402924195458496,9.8,False
195,0.6197208294776886,0.8163748225272125,nan,nan,20,6339,45.234704761371624,44.33192492478799,10.4,False
196,0.6065717311874732,0.8172687510124736,nan,nan,20,6173,44.816841661267674,42.92007694433799,10.15,False
197,0.6757870805101005,0.8019246190858059,nan,nan,20,6235,44.273663914890626,42.83077652162349,10.15,False
198,0.6592859128273288,0.8028004667444574,nan,nan,20,5999,41.58915470917204,40.63304277814898,9.85,False
199,0.7453205474268865,0.7820855614973262,nan,nan,20,5984,43.47894810403554,41.33266742953799,9.9,False
200,0.6094958963418985,0.8237905695039804,0.6463615732205908,0.811307978783433,20,6532,47.8236605897942,46.50459062286455,10.7,False
201,0.6423261688789652,0.8133848133848134,nan,nan,20,6216,45.623629089993194,43.636078354876545,10.25,False
202,0.587952601748147,0.8211822660098522,nan,nan,20,6090,44.43868681134932,41.847419995501994,9.95,False
203,0.6299326301044531,0.8152246814218645,nan,nan,20,5964,44.15945460279567,41.06203409390254,9.8,False
204,0.626471312325632,0.8115471942912748,nan,nan,20,6166,44.75456636672106,43.161996998167055,10.2,False
205,0.6160481489184488,0.8193579300431241,nan,nan,20,6261,45.18704466446462,43.49557837478104,10.25,False
206,0.698728380141704,0.8008651073373919,nan,nan,20,6242,45.3425660100698,43.33019754322605,10.2,False
207,0.607088621652605,0.8196150016594757,nan,nan,20,6026,42.56235785977259,40.638557428964,9.8,False
208,0.5425608844504765,0.8362796623666189,nan,nan,20,6279,44.65956827685,43.40296550688559,10.25,False
209,0.6383473747695037,0.8117647058823529,nan,nan,20,6630,49.79847863489514,47.379258889580086,10.8,False
210,0.53269467607796,0.8425099969240234,0.6330644413669092,0.8118158221419705,20,6502,46.495593251456455,45.676196376131045,10.6,False
211,0.6439458476600292,0.8085792614094501,nan,nan,20,6201,45.84672312935205,43.421241358141046,10.2,False
212,0.5954449772870022,0.8167770419426048,nan,nan,20,6342,44.95718477472107,43.727849293521544,10.3,False
213,0.6265283548531847,0.8131944444444444,nan,nan,20,5760,39.776931353817695,37.69461959988949,9.35,False
214,0.5321771569529785,0.8378133494412564,nan,nan,20,6622,47.416169283492415,46.96646141130749,10.8,False
215,0.5904665915172649,0.8167061210686507,nan,nan,20,5914,42.71362204662658,39.90007308190204,9.65,False
216,0.5884638274293678,0.8228036271740746,nan,nan,20,6727,49.745025561838375,48.83620769690474,11.05,False
217,0.6912422611834963,0.7991995823908126,nan,nan,20,5747,40.217972979680226,38.525412883739,9.5,False
218,0.5468295774515648,0.8351249053747162,nan,nan,20,6605,47.281772454060544,46.39587828131509,10.7,False
219,0.5459122487082253,0.8418756815703381,nan,nan,20,6419,46.78647742500573,45.465039874041054,10.55,False
220,0.6498802170183372,0.8061402120588701,0.610876550457572,0.8210134296354813,20,6319,45.123410064020824,43.780344769781045,10.3,False
221,0.5271674185154297,0.8397790055248618,nan,nan,20,6516,47.22828676928058,46.10491100615505,10.65,False
222,0.5566516622216785,0.8362645914396887,nan,nan,20,6425,45.927788628946075,44.996999912047485,10.5,False
223,0.6480592429115061,0.8054845852495316,nan,nan,20,5871,42.294307112489946,40.02838186209823,9.7,False
224,0.5246863847709157,0.8410678255471054,nan,nan,20,6443,47.339747929114885,45.640233358926494,10.55,False
225,0.5122877388411812,0.8401770722027171,nan,nan,20,6551,46.82817769104818,45.749806269041045,10.6,False
226,0.606264692629417,0.8253318040308045,nan,nan,20,6103,43.157704559030364,41.73460232857299,10.0,False
227,0.5535708965770241,0.8321156031823348,nan,nan,20,6159,43.44375069923553,42.349118942017995,10.1,False
228,0.4798533805909682,0.8532465519913218,nan,nan,20,6453,45.39271094105229,44.89568945417399,10.5,False
229,0.5323048076409771,0.8343958948841549,nan,nan,20,6431,46.16134962161192,45.333101674176035,10.55,False
230,0.5391675039098985,0.841559647222652,0.6045494879923964,0.8186999210021443,20,6463,48.01884359501957,46.0723960313026,10.6,False
231,0.5080624949716593,0.8470333745364648,nan,nan,20,6472,46.306087200232135,45.35946563845249,10.55,False
232,0.6568590994956691,0.8105841085862437,nan,nan,20,6557,48.688236127459454,46.67536966385425,10.7,False
233,0.5781871927958363,0.8212515489467163,nan,nan,20,6456,45.97532211314049,44.73795608518104,10.45,False
234,0.5637565928143125,0.8288372093023256,nan,nan,20,6450,48.254061191608656,46.09351044795309,10.6,False
235,0.5358719529515303,0.8389038492000633,nan,nan,20,6313,44.36826023758639,43.34118915757849,10.25,False
236,0.5321357486100523,0.8391119221411192,nan,nan,20,6576,48.135278465030495,47.124531123155535,10.8,False
237,0.6032774244012795,0.819128171763175,nan,nan,20,6148,43.50920358529342,42.35086233421849,10.1,False
238,0.5157790571227278,0.8380165289256198,nan,nan,20,6655,47.40775765193838,46.6950394998175,10.75,False
239,0.5544843993508085,0.8284831734677288,nan,nan,20,6151,44.42038540688923,42.56965183752155,10.1,False
240,0.5067259055987007,0.8454667262170612,0.58221460970163,0.8263739984200429,20,6717,49.105802070878134,47.8910909075086,10.9,False
241,0.6281496544819868,0.8123985718922427,nan,nan,20,6162,43.074151897727056,42.26115296765449,10.1,False
242,0.61107131766485,0.813517338995046,nan,nan,20,5652,39.447268779572276,37.8323336129845,9.4,False
243,0.6079408679520416,0.8286512239198291,nan,nan,20,6087,42.40887562211695,41.07127073351399,9.9,False
244,0.5938248366903921,0.8229568719583823,nan,nan,20,5959,44.42661953212346,41.6518588690335,9.9,False
245,0.5132513741133438,0.8462528144097781,nan,nan,20,6218,47.07062007229507,44.05187333212459,10.25,False
246,0.5277804225538306,0.8403565640194489,nan,nan,20,6170,42.95899556754556,41.964936144868496,10.05,False
247,0.4916906377038548,0.8484419263456091,nan,nan,20,6354,47.694672648159106,45.640369168674056,10.55,False
248,0.5445906655824431,0.8332273449920509,nan,nan,20,6290,44.06288086807817,42.72299204948799,10.15,False
249,0.593136259764776,0.8260936300844206,nan,nan,20,6515,47.23555312239904,45.82188800335555,10.6,False
250,0.5612114228314138,0.8406374501992032,0.5627529086962791,0.834330211037129,20,6275,45.506674605087696,44.1170879280525,10.35,False
251,0.5221585214004477,0.8369183829138063,nan,nan,20,6555,48.212588404166674,46.85965446559359,10.75,False
252,0.5632583372001652,0.8261555450386496,nan,nan,20,6339,45.8635188590779,44.482937365876545,10.4,False
253,0.46434959224928185,0.8568764568764569,nan,nan,20,6435,46.84020563932829,45.484042849026494,10.55,False
254,0.5008583703366958,0.8528125,nan,nan,20,6400,47.30137608417635,45.5804718087386,10.55,False
255,0.4872386425524196,0.8546809501630181,nan,nan,20,6441,45.882677034744795,44.97782259784199,10.5,False
256,0.5210136293313029,0.8432983417008976,nan,nan,20,6573,47.73374921481729,46.46406428737909,10.7,False
257,0.5608155326510225,0.8302400817299507,nan,nan,20,5873,43.87634447011191,40.902409940421045,9.8,False
258,0.5344880569914955,0.8348017621145375,nan,nan,20,6356,46.48368109920921,45.166152002217004,10.5,False
259,0.5747920281292422,0.8251251412885516,nan,nan,20,6193,45.81820803093336,43.685360178179785,10.25,False
260,0.5192205879164842,0.8399745991427211,0.5445517262410478,0.836982281909491,20,6299,45.90142416236967,44.452412696867,10.4,False
261,0.46275846398290454,0.8525439698492462,nan,nan,20,6368,44.291917042738405,43.59498343681899,10.3,False
262,0.5612183779675439,0.8298522669383597,nan,nan,20,5889,42.51230576346341,39.83331237402798,9.65,False
263,0.5352120847664403,0.833795465666286,nan,nan,20,6131,43.33522504839412,42.3140573877635,10.1,False
264,0.46371449628211237,0.8568271507498026,nan,nan,20,6335,45.2712729656703,44.080282981597506,10.35,False
265,0.4967487352536878,0.8511596863006842,nan,nan,20,5993,42.87427894231499,40.41911897690204,9.75,False
266,0.5659355484457178,0.831993006993007,nan,nan,20,5720,40.620016482092595,38.360653838154,9.45,False
267,0.5065173491249435,0.8470993117010817,nan,nan,20,6102,44.66538083954695,41.85425990394005,9.95,False
268,0.5391786184180435,0.8333333333333334,nan,nan,20,6030,43.02541268596554,41.206418305578,9.9,False
269,0.5315743768506015,0.8341622629779297,nan,nan,20,6434,46.239663701968794,45.31934824681653,10.55,False
270,0.5250395039008209,0.8411300121506683,0.5286338869396094,0.8440920889290148,20,6584,47.844243389870186,46.777346982705545,10.75,False
271,0.5358065147515682,0.8346958796599084,nan,nan,20,6116,43.43704481586789,41.838368841027986,10.0,False
272,0.58406006511851,0.8294766268054046,nan,nan,20,6439,46.356825272329225,45.080682737671495,10.5,False
273,0.5220188809678891,0.8494450699694386,nan,nan,20,6217,44.7264098874796,42.86362783933105,10.15,False
274,0.46482467623068735,0.8574638844301765,nan,nan,20,6230,44.91280936822131,43.17884763710249,10.2,False
275,0.5459469507939442,0.834332257568772,nan,nan,20,6507,47.14986218643217,45.882017603007995,10.6,False
276,0.439636502453601,0.8632877124379605,nan,nan,20,6649,48.56462929818751,47.47223397659359,10.85,False
277,0.5200388587173044,0.8385021445067634,nan,nan,20,6062,42.56133424946046,41.124175153623,9.9,False
278,0.49980974911597975,0.8482384823848238,nan,nan,20,6642,47.98238817516636,47.36011448707699,10.85,False
279,0.5915506672943575,0.8275418275418276,nan,nan,20,6216,44.27833356333775,42.57330174773749,10.1,False
280,0.4832859309204665,0.8537516600265604,0.5226365396379415,0.8418350073355152,20,6024,43.2782277396183,41.5531935021785,9.95,False
281,0.523309413582542,0.845185071417601,nan,nan,20,6511,47.34748812775469,46.39744733429554,10.7,False
282,0.5700198469788788,0.8296478296478297,nan,nan,20,6105,44.41314178628418,42.352856217932995,10.05,False
283,0.4853899775185672,0.8452179269983059,nan,nan,20,6493,47.67090264340105,46.18261033756005,10.65,False
284,0.5541136962153752,0.8374546653478404,nan,nan,20,6066,43.73623088489845,42.1377687296835,10.05,False
285,0.5262570421009795,0.8377899484536082,nan,nan,20,6208,45.13768248217559,43.49557837478105,10.25,False
286,0.449013959494549,0.858133574551485,nan,nan,20,6633,48.37562368967445,47.165944221093596,10.8,False
287,0.4696825844063805,0.8548956661316212,nan,nan,20,6230,44.62640802384439,43.13427275750699,10.2,False
288,0.48028362378289574,0.8547782635852592,nan,nan,20,6404,46.54346862277526,45.15506962389555,10.5,False
289,0.47909007193685915,0.8521894839654892,nan,nan,20,6143,44.6002464422173,42.5957833495046,10.1,False
290,0.47529950115994185,0.8512780790085205,0.5066927176352723,0.8495090847534138,20,6455,46.07274879186368,44.77885047013105,10.45,False
291,0.5424278862658709,0.8342532723545182,nan,nan,20,6341,46.03874973287857,44.73795608518105,10.45,False
292,0.46181056506143386,0.859684405940594,nan,nan,20,6464,46.076319804677794,45.328084578843495,10.55,False
293,0.4690453000451392,0.8535698044565712,nan,nan,20,6597,48.67397455144544,47.22018308955359,10.8,False
294,0.46421044886842944,0.8589230769230769,nan,nan,20,6500,47.437154828820795,45.87294380594604,10.6,False
295,0.4010383903262524,0.8753866548828988,nan,nan,20,6789,50.040057911572696,49.45581695267764,11.15,False
296,0.5674824940808564,0.8231338264963013,nan,nan,20,5948,42.06153726507128,39.731698197623004,9.65,False
297,0.42001880730556757,0.8665442301805938,nan,nan,20,6534,47.71576051899112,46.499573527532,10.7,False
298,0.5158674445762426,0.8390251723585057,nan,nan,20,6237,45.11395656561834,43.48182494742154,10.25,False
299,0.5877998631119224,0.8217821782178217,nan,nan,20,6161,42.96420613105074,41.964936144868496,10.05,False
300,0.419426958992947,0.8730665770006725,0.5094536082791147,0.8449949215664146,20,5948,41.381793695395785,39.811459101108994,9.7,False
301,0.47470732449807906,0.8537337662337663,nan,nan,20,6160,43.83539022163608,42.417479287302044,10.1,False
302,0.5166369975321532,0.835525273332277,nan,nan,20,6311,44.82916241902272,43.458709097393,10.25,False
303,0.4851702876507516,0.8551158757685637,nan,nan,20,6343,45.45736217412499,44.370473263443486,10.4,False
304,0.39297997369363774,0.8744789996793845,nan,nan,20,6238,45.9860187924654,43.77773050201249,10.25,False
305,0.49412870551909743,0.8479883192731992,nan,nan,20,6164,43.52868607147781,41.86725319081899,10.0,False
306,0.47588697509981376,0.8571653791581271,nan,nan,20,6343,45.332898090989985,43.82894475693849,10.3,False
307,0.47833893156549734,0.850171499844091,nan,nan,20,6414,45.990870395273305,44.73795608518104,10.45,False
308,0.4113819246925615,0.8760228500849159,nan,nan,20,6477,45.80094946580992,44.712233517047494,10.45,False
309,0.44107562223340196,0.8586649952992792,nan,nan,20,6382,46.559086117148944,44.8755527765215,10.45,False
310,0.5255382276810874,0.8410113230960137,0.4949802902344589,0.851484031147726,20,6447,46.54719289134478,45.67288393095009,10.6,False
311,0.47965393660639905,0.8480129764801297,nan,nan,20,6165,44.514110795623,42.84619391732605,10.15,False
312,0.47476188594011604,0.8547945205479452,nan,nan,20,6205,44.34828692377054,42.848210443628496,10.15,False
313,0.4279584498667,0.8678789829417445,nan,nan,20,6214,45.35665640932774,43.539785204912,10.25,False
314,0.45608834690806704,0.8598285456459618,nan,nan,20,6649,47.01182716946352,46.315139851407494,10.7,False
315,0.462542085600866,0.8552736556566141,nan,nan,20,6267,45.84619482920751,44.722265555376545,10.45,False
316,0.5056151807922328,0.8493763991045731,nan,nan,20,6254,44.47053952673761,42.84088003876705,10.15,False
317,0.40071681229259837,0.8747520976353929,nan,nan,20,6555,47.71656052260195,46.20004425956505,10.65,False
318,0.4429873431127238,0.8658434840647422,nan,nan,20,5993,43.150226598120966,41.225789330028,9.9,False
319,0.5218437918759757,0.8447811447811447,nan,nan,20,5940,43.164201631134,40.57759093972349,9.75,False
320,0.5229776730919038,0.8323362974939369,0.4840697600265454,0.8559981943347252,20,6185,42.86556225463595,41.9494393253085,10.05,False
321,0.49770747877334226,0.8464756003098374,nan,nan,20,6455,46.42027336020182,45.6463843695025,10.6,False
322,0.48176427378835324,0.8530959752321982,nan,nan,20,6460,47.48161882012711,45.90606825775554,10.6,False
323,0.42282575466624933,0.8711927854347457,nan,nan,20,5877,41.96098229467353,39.42015889449704,9.6,False
324,0.4172657215031813,0.8715206563140931,nan,nan,20,6826,49.96494587196164,49.1685301721631,11.1,False
325,0.5348406867618486,0.8379750982961992,nan,nan,20,6104,42.646433378955784,41.097402245497044,9.9,False
326,0.38094345184556244,0.8821338101624199,nan,nan,20,6711,50.87827268950047,48.16546304506149,10.9,False
327,0.46976544572816986,0.8537871524448706,nan,nan,20,6258,46.345056481467324,44.363162143736545,10.35,False
328,0.4701657837688073,0.8575503355704698,nan,nan,20,5960,42.26328780169641,39.983411619628,9.7,False
329,0.5565446088479443,0.8304552590266876,nan,nan,20,6370,46.03939775407848,44.52311908844555,10.4,False
330,0.45012903668078613,0.8634940513462742,0.47784740497559836,0.8561674754542377,20,6388,45.55449908083029,44.655648602292985,10.45,False
331,0.5261603485990544,0.8375510204081633,nan,nan,20,6125,44.858642595262225,42.87968641860009,10.15,False
332,0.4536047229022008,0.8560419740941138,nan,nan,20,6099,46.37919405485916,42.99216358567074,10.1,False
333,0.4368821929509166,0.8604616080856841,nan,nan,20,6629,48.266303799189465,47.12983856862124,10.8,False
334,0.4956770305881745,0.8544478527607362,nan,nan,20,6520,47.19072481617993,46.095421356510585,10.65,False
335,0.4938322984854655,0.8490596367143546,nan,nan,20,6221,45.27880134017049,43.517101735281045,10.25,False
336,0.5517080241385426,0.8328036723163842,nan,nan,20,5664,40.63607553212028,38.16481960382754,9.4,False
337,0.39231346941998846,0.8761361885687875,nan,nan,20,6491,47.91787649366897,46.27593586783651,10.65,False
338,0.4583472737682612,0.8522022332506204,nan,nan,20,6448,47.58201938134095,45.73845566924554,10.55,False
339,0.4753099663674915,0.859375,nan,nan,20,5696,39.838228585922515,38.171747820293994,9.45,False
340,0.45087688318186725,0.8594473726241815,0.48605618957417934,0.8502426362713013,20,6261,46.26594252975911,44.09639834213604,10.3,False
341,0.44963951602840524,0.8617541571568308,nan,nan,20,6134,44.76936113344452,42.674987402957,10.1,False
342,0.439931195605118,0.8645982498011138,nan,nan,20,6285,45.00153691463382,43.99057361503349,10.35,False
343,0.40677327561389726,0.8720326992611225,nan,nan,20,6361,45.09609359679121,44.295119978333,10.4,False
344,0.44835611273688014,0.8613048194638153,nan,nan,20,6453,46.72631287067155,45.446828958721994,10.55,False
345,0.49588425056820745,0.8537992946457198,nan,nan,20,6238,44.84088772227036,43.42564897651654,10.25,False
346,0.45995611530959113,0.8586094260382641,nan,nan,20,6429,45.72985911284528,45.23878415612899,10.55,False
347,0.4103235092205289,0.8707092091335249,nan,nan,20,6613,48.215310654333436,46.865487296289096,10.75,False
348,0.46252015699119553,0.8576297443841983,nan,nan,20,6455,46.42697903593817,45.66749878615299,10.6,False
349,0.4253206772516065,0.8691747948598855,nan,nan,20,6459,46.930761053667084,45.51747101936749,10.55,False
350,0.4736738284904575,0.8586058804096465,0.46129396827209346,0.8618101794379867,20,6054,44.038644101136384,41.913786457071545,10.0,False
351,0.4753811751260487,0.8546981460941214,nan,nan,20,6311,45.8791393707222,43.97374916998555,10.3,False
352,0.4955505333325321,0.8416803953871499,nan,nan,20,6070,43.451143001287925,41.81497270901604,10.0,False
353,0.4615785225563423,0.8546968268928684,nan,nan,20,6366,45.64435810134552,44.696542987242985,10.45,False
354,0.4259063581234846,0.8686107995513539,nan,nan,20,6241,45.15815401951396,42.973420892726054,10.15,False
355,0.36852962322313026,0.8870584508157769,nan,nan,20,6313,45.60797390845728,44.201411937242995,10.35,False
356,0.3831040510047012,0.8820067676916287,nan,nan,20,6797,51.874885742395996,49.750935457416496,11.15,False
357,0.3918459657840191,0.8753732516108754,nan,nan,20,6363,46.29092008427565,44.54657955139054,10.4,False
358,0.44302392956237496,0.8690896259703599,nan,nan,20,5668,39.28133669994818,37.36471848172499,9.3,False
359,0.4421289303530744,0.8628837807426458,nan,nan,20,6221,44.6046837970955,43.12980020319509,10.2,False
360,0.4381153503453543,0.8605596373299984,0.45575241931686683,0.8619794605574992,20,6397,46.18879413089132,45.06692931031199,10.5,False
361,0.455595133785085,0.853639608877852,nan,nan,20,6443,45.949634728427654,45.02524286569559,10.5,False
362,0.5079626287043355,0.8508416458852868,nan,nan,20,6416,49.872703134025215,46.53421474959508,10.65,False
363,0.43248411380390955,0.8679072605247102,nan,nan,20,6556,49.5169183586394,47.16893848639405,10.75,False
364,0.45458420292029794,0.8576361638675247,nan,nan,20,6371,46.776477696698095,45.75563909973654,10.6,False
365,0.4466154906813235,0.8683690530475756,nan,nan,20,6579,48.1563219034597,47.12453112315554,10.8,False
366,0.4098514871521984,0.8726799088244871,nan,nan,20,6142,44.70677108476271,42.35890427928104,10.05,False
367,0.4702725106730823,0.8582879612825166,nan,nan,20,6612,47.64798311765741,47.001329255317486,10.8,False
368,0.41727523784180287,0.8682847896440129,nan,nan,20,6180,43.56072847293388,42.371976750868996,10.1,False
369,0.36048146071882475,0.8841894801599508,nan,nan,20,6502,46.842996788487426,45.014115654172,10.45,False
370,0.4128382909249393,0.870342522974102,0.4530536228694815,0.8622615957566866,20,5985,44.852803385558815,41.71479532747155,9.9,False
371,0.4472675457098956,0.8584040159252208,nan,nan,20,5777,42.331725701076856,39.28173221902104,9.55,False
372,0.44453377637810576,0.8595268956578095,nan,nan,20,6172,43.215912561931844,42.30665550408754,10.1,False
373,0.3992464522720662,0.8769180003299786,nan,nan,20,6061,44.53458748650658,41.85979808012554,9.95,False
374,0.4076915796419565,0.8677175088857981,nan,nan,20,6471,46.70394863155711,46.00691299346249,10.65,False
375,0.4137145967964504,0.8722377840024899,nan,nan,20,6426,46.269130139915035,45.08105078713604,10.5,False
376,0.4160519825691267,0.8681506849315068,nan,nan,20,6424,45.67896443245341,44.96056301505704,10.5,False
377,0.393088085669282,0.8702228004553586,nan,nan,20,6149,43.58814493778125,42.3876672806735,10.1,False
378,0.4357351061193682,0.8664836938973199,nan,nan,20,6194,45.73032459413451,43.37666647854556,10.2,False
379,0.3840705751972909,0.8809241706161137,nan,nan,20,6752,52.06894694074049,49.518023142533096,11.1,False
380,0.45740581750458287,0.8691064952192549,0.44937647775365464,0.8630515743144115,20,6066,42.12527142490123,41.2613128189535,9.95,False
381,0.43963999268607207,0.8643404532855047,nan,nan,20,6133,43.56577331477225,41.896625669168486,10.0,False
382,0.39391259828346975,0.8734525447042641,nan,nan,20,6543,46.806897890453605,46.02628401791249,10.65,False
383,0.4012526005690248,0.8773316471704078,nan,nan,20,6326,46.225768518143994,44.0332375860715,10.3,False
384,0.40815434734017575,0.8729582577132486,nan,nan,20,6612,50.1420293049531,47.1824972109925,10.75,False
385,0.3966286411610617,0.8721417069243156,nan,nan,20,6210,44.740518866883946,43.1441950266975,10.2,False
386,0.40098818946288955,0.8766872187968672,nan,nan,20,6001,44.1551387067879,41.247433802730555,9.85,False
387,0.48524668819459527,0.8452817605868623,nan,nan,20,5998,42.13322302900996,40.560858097559,9.8,False
388,0.3981034384309017,0.8777641277641277,nan,nan,20,6512,47.60627953971919,46.46369623791455,10.7,False
389,0.36595822744453216,0.8818237267459591,nan,nan,20,6558,48.79482858218165,46.5400770078531,10.65,False
390,0.3832421031942522,0.8835986782817663,0.4437345148020788,0.8650829477485611,20,6658,48.29078451749038,47.428300493140995,10.85,False
391,0.38085721443589565,0.8830663971388587,nan,nan,20,6431,46.849913033617646,45.23912049898409,10.5,False
392,0.4020047738598369,0.8722494855152763,nan,nan,20,6317,45.688421999397285,44.40263131636654,10.4,False
393,0.401730354257413,0.8728580171358629,nan,nan,20,6536,47.9701770779815,47.065834766736,10.8,False
394,0.34890597104832005,0.8890440720049658,nan,nan,20,6444,46.157928038834996,45.32109163901704,10.55,False
395,0.37310600621924267,0.8816104809074932,nan,nan,20,6259,46.024440316525265,43.501252753141046,10.2,False
396,0.4387970227998452,0.863013698630137,nan,nan,20,6132,44.076776489641574,42.24432852260655,10.05,False
397,0.40875007342201247,0.8737739186364367,nan,nan,20,6219,44.56124809735878,42.92007694433799,10.15,False
398,0.40926109899340246,0.8697238971754998,nan,nan,20,6302,45.64317318621291,44.130841355411995,10.35,False
399,0.4871434959227663,0.8490119912176997,nan,nan,20,5921,42.44238955380721,40.32527473363754,9.75,False
400,0.4358174395473564,0.8651960784313726,0.43396941581088283,0.8691456946168604,20,6528,48.23378953898636,46.86879974147005,10.75,False
401,0.43118882986355095,0.862605528885946,nan,nan,20,6041,42.139714343547894,41.002268992087046,9.9,False
402,0.35472425621371456,0.8844919786096257,nan,nan,20,6545,48.563590198336364,46.939506133048596,10.75,False
403,0.4113056508139767,0.8726194192944114,nan,nan,20,6406,45.15347680572554,44.60509022847849,10.45,False
404,0.40545310371516974,0.8749594024033778,nan,nan,20,6158,44.314758394289754,42.29064679440254,10.05,False
405,0.3568140446059475,0.8814561294337274,nan,nan,20,6428,46.13574216197031,45.0338048585025,10.5,False
406,0.39744891989333075,0.8729885955319482,nan,nan,20,6401,45.46059374177691,44.36348032361703,10.4,False
407,0.47327200933331803,0.8567746093120671,nan,nan,20,6207,44.6073594080788,43.18956175338299,10.2,False
408,0.49065994937687196,0.8441994247363375,nan,nan,20,6258,45.23181595950804,44.04982957882604,10.35,False
409,0.33743175706046086,0.8963167053364269,nan,nan,20,6896,49.898961832773765,49.43262983641099,11.15,False
410,0.35751037592459256,0.8839537065999374,0.43569689146916224,0.8644058232705112,20,6394,45.47586399102342,44.911379983978485,10.5,False
411,0.4170268659779929,0.8667406116304864,nan,nan,20,6311,45.27469028329238,44.053142024007,10.35,False
412,0.4687780587482848,0.8544921875,nan,nan,20,6144,43.51881285873432,42.35721387790205,10.1,False
413,0.48151450501685716,0.856635453664837,nan,nan,20,6194,42.94610602348797,42.243719045649485,10.1,False
414,0.4941507927478724,0.8488985417313062,nan,nan,20,6446,46.06901300225611,45.58013546588349,10.6,False
415,0.42699820624099954,0.8713441194772868,nan,nan,20,6428,48.04966653817038,45.54041119837215,10.5,False
416,0.4201769251922705,0.870330348873109,nan,nan,20,6478,46.7276119547411,45.713001322586045,10.6,False
417,0.44167200221297265,0.8543274757759894,nan,nan,20,6089,43.07523651365583,42.009511024464,10.05,False
418,0.3539535220474862,0.8852766489527978,nan,nan,20,6398,45.64986623757219,44.419288245057494,10.4,False
419,0.3951221176889451,0.8713321826455358,nan,nan,20,6373,46.432668211877605,45.11826467744054,10.5,False
420,0.373692420127534,0.8831689272503083,0.43312132579184404,0.8662679155851484,20,6488,47.32845195318626,45.83542619711005,10.6,False
421,0.37068416945496746,0.8847940074906367,nan,nan,20,6675,47.66539787547408,47.017019785122,10.8,False
422,0.39996413184401886,0.8751804909353441,nan,nan,20,6233,45.27112268354881,43.80380523272605,10.3,False
423,0.463887197954568,0.8520690232869828,nan,nan,20,5969,43.19024986571504,40.501988435028,9.75,False
424,0.43035809897557925,0.8741018941868061,nan,nan,20,6124,45.48283183373337,42.69315301005749,10.05,False
425,0.435996402905028,0.8701232899847998,nan,nan,20,5921,41.58919261495861,39.94092666128949,9.7,False
426,0.40686457463430137,0.8763779527559055,nan,nan,20,6350,45.73971495283055,44.45312535924799,10.4,False
427,0.3795942345307328,0.8755797217335679,nan,nan,20,6253,44.78955125586898,43.42564897651654,10.25,False
428,0.415870734049548,0.8759013919168204,nan,nan,20,5963,41.730476138954984,40.186647525054,9.75,False
429,0.41365776735110277,0.8664683234161709,nan,nan,20,5714,40.87674996134008,38.67291223409705,9.5,False
430,0.4607445980349354,0.8610185625892433,0.4249285770423148,0.8720799006884099,20,6303,45.897414827194076,44.166328856970786,10.35,False
431,0.38435382193025097,0.8778975343274767,nan,nan,20,6773,49.60258815088975,48.79977079991428,11.05,False
432,0.4492803432195217,0.8596460487121079,nan,nan,20,5707,42.217462481782015,38.26156383771154,9.35,False
433,0.4519972987670776,0.8551127082652727,nan,nan,20,6122,43.230832437238625,42.0271386567135,10.05,False
434,0.4625210684247307,0.8578018132654684,nan,nan,20,6287,43.71434596625061,43.19764986640399,10.25,False
435,0.4235927542111625,0.8680195060563158,nan,nan,20,6357,46.029047742976935,45.016370936497495,10.5,False
436,0.44108413192899315,0.8621064060803475,nan,nan,20,6447,46.18469173835952,45.0706098049575,10.5,False
437,0.354252326372702,0.8852137139404924,nan,nan,20,6621,48.11070825564787,47.11501779781455,10.8,False
438,0.4427876179649174,0.8687330623306233,nan,nan,20,5904,42.94518823644234,40.27754295876849,9.7,False
439,0.3945576179631953,0.8751522533495737,nan,nan,20,6568,46.879536904044514,46.29613687642204,10.7,False
440,0.37621280344077956,0.8758234519104084,0.419701403318228,0.87140277621036,20,6072,44.80160205878678,41.7205875026025,9.9,False
441,0.3754488922946114,0.8810828230744441,nan,nan,20,6206,45.70154193744085,43.64808839003554,10.25,False
442,0.36136143737421633,0.8842188739095955,nan,nan,20,6305,46.04463172654788,44.206971633836545,10.35,False
443,0.42145367669344774,0.8674261185405316,nan,nan,20,6057,43.540936467384505,41.61981045526204,9.95,False
444,0.3884872843609171,0.8763723868250864,nan,nan,20,6649,49.97129305432875,47.69254158490654,10.85,False
445,0.3878913254474118,0.8796178343949045,nan,nan,20,6280,47.49351642688711,44.84478119386955,10.4,False
446,0.3242945327559229,0.9007039089411413,nan,nan,20,6677,47.6467495032729,46.99958586311699,10.8,False
447,0.3482300055212143,0.8838570548367222,nan,nan,20,6492,48.49057542726422,46.18129177609359,10.6,False
448,0.36846461549117077,0.8823073344704605,nan,nan,20,6449,48.00626087092227,46.032582570774544,10.6,False
449,0.39243156859419637,0.8796189850550172,nan,nan,20,6089,43.44287894452199,42.06702359605605,10.05,False
450,0.48278161385162416,0.8503740648379052,0.4121838911380688,0.8762555016363841,20,6015,42.10434026565478,40.999597943049,9.9,False
451,0.4358700484454295,0.8623298033282905,nan,nan,20,5949,44.413191127852,41.26873549653224,9.85,False
452,0.4363843694154123,0.8633070359040412,nan,nan,20,6211,44.772114876968146,43.13504975082104,10.2,False
453,0.34297318384473374,0.8925107330259183,nan,nan,20,6289,45.18182272659462,44.30556096051154,10.4,False
454,0.39765499226779516,0.8800505050505051,nan,nan,20,6336,44.712216920373905,43.41520799433799,10.25,False
455,0.44472179615611246,0.8632537364713967,nan,nan,20,5821,40.9034489605102,39.15099226533253,9.6,False
456,0.4206443587688034,0.8687264999182606,nan,nan,20,6117,45.26181555284285,42.52301538584505,10.05,False
457,0.3835856731445836,0.8871511806194419,nan,nan,20,6522,47.4572296804671,46.707417584441046,10.75,False
458,0.4065931311354233,0.8754253587808848,nan,nan,20,6759,48.95585191868957,48.38608614776105,11.0,False
459,0.4219624486204009,0.8645542603841734,nan,nan,20,6091,44.0088034580874,41.75771062893799,9.95,False
460,0.4043268268427083,0.8709575642845875,0.40462694940240373,0.8743369822819095,20,6339,45.48860552809951,44.370882207292986,10.4,False
461,0.41753391542061136,0.8662875710804224,nan,nan,20,6155,43.53987731905377,42.345029503522994,10.1,False
462,0.43176957735577537,0.8705681994116736,nan,nan,20,6459,47.310178605001404,46.12933786798649,10.65,False
463,0.3624593471725521,0.8812615955473099,nan,nan,20,5929,41.3953017553012,39.8472333177445,9.7,False
464,0.40023397746569367,0.8797521353207168,nan,nan,20,5971,43.00839305059688,40.488458183363996,9.75,False
465,0.3942753281110893,0.8719167904903418,nan,nan,20,6730,49.57077380882406,48.528290990584544,11.0,False
466,0.36856961181396003,0.8833122229259025,nan,nan,20,6316,46.275675815405364,44.33795828859105,10.35,False
467,0.39695662886426675,0.8769970528928184,nan,nan,20,6447,48.071028238718526,45.78722069245309,10.55,False
468,0.47151833018300376,0.8611479761114798,nan,nan,20,6028,42.416543834557835,41.060229249577496,9.9,False
469,0.43103340110285754,0.8623910336239103,nan,nan,20,6424,47.14499074192823,45.79705219767459,10.6,False
470,0.39256675713552924,0.8776119402985074,0.40374262523817944,0.8766504909152466,20,6365,46.2917084684336,45.08279417933654,10.5,False
471,0.39670673831511816,0.8708999838423008,nan,nan,20,6189,45.38093104573369,43.30717660856009,10.2,False
472,0.38724844812293685,0.8813279254919634,nan,nan,20,6657,49.872755200083006,48.59058605287969,11.0,False
473,0.3921836638291809,0.871458710066305,nan,nan,20,6636,47.3347979507166,46.67566847536751,10.75,False
474,0.3954664607139144,0.874260118381059,nan,nan,20,6251,45.136551596964566,43.49413870111205,10.25,False
475,0.37900424580000897,0.8853894607466585,nan,nan,20,6509,48.16944592447122,46.84280382665814,10.75,False
476,0.36949559592149694,0.8876587430804298,nan,nan,20,6142,43.9094108232689,42.700308579857044,10.15,False
477,0.3636913615051524,0.8896429148489255,nan,nan,20,6189,45.190771854776834,43.27361262847155,10.2,False
478,0.3323949761694551,0.8930531597930061,nan,nan,20,6377,45.34898361857394,44.331924924787984,10.4,False
479,0.398674338887849,0.8739963952154678,nan,nan,20,6103,44.94902712577939,42.6437350052141,10.1,False
480,0.38288918455191223,0.878652722239311,0.40510298388562077,0.8761990745965467,20,6502,46.66695988261404,45.4502770010741,10.55,False
481,0.3341227103050273,0.8919908466819222,nan,nan,20,6555,47.78585817666597,46.75797595825555,10.75,False
482,0.38002713642617114,0.8804575479297567,nan,nan,20,6207,43.81384170412589,42.43310548617349,10.1,False
483,0.3311541876533174,0.891442394919867,nan,nan,20,6614,48.79789825743354,47.778523732093596,10.9,False
484,0.323649017517,0.8957475994513031,nan,nan,20,6561,49.463602874275395,46.9531011080726,10.7,False
485,0.3950314758254409,0.8738170347003155,nan,nan,20,6340,45.45646349826752,44.361368881952,10.4,False
486,0.3428770258146304,0.8900935689885638,nan,nan,20,6733,50.560003614853706,48.362866119791995,10.95,False
487,0.3604887285400365,0.8835855646100116,nan,nan,20,6013,43.05727906573421,41.44049694745205,9.95,False
488,0.3985290644153081,0.8740607644560601,nan,nan,20,6122,43.090627745062406,41.9843071693185,10.05,False
489,0.38539407413884164,0.8760249262053132,nan,nan,20,6098,43.16279106584705,41.769470172583,10.0,False
490,0.37267306881992185,0.883495145631068,0.39829675011583165,0.8795846969867961,20,6283,45.14390864919339,44.2914394836875,10.4,False
491,0.36847691239050695,0.8789707750952986,nan,nan,20,6296,45.07827021742043,43.56246846196653,10.25,False
492,0.3918309815882793,0.8757406188281764,nan,nan,20,6076,43.77847881963262,41.91774008581899,10.0,False
493,0.38267017197001907,0.881723763757557,nan,nan,20,6451,46.45449537723786,45.11669562446009,10.5,False
494,0.357122499324151,0.8842628553674072,nan,nan,20,6437,46.77255014998859,45.751375322021495,10.6,False
495,0.3493880020501136,0.8907190370605005,nan,nan,20,6314,45.035681898000874,43.50789212847154,10.25,False
496,0.32459888170086076,0.8933251117619855,nan,nan,20,6487,47.447360774645944,45.85694955761005,10.6,False
497,0.3571772663707301,0.8858872845831393,nan,nan,20,6441,46.54961742695769,45.4352278674125,10.55,False
498,0.40539903718584797,0.8734436564223799,nan,nan,20,6345,45.6470333794679,44.396604775426546,10.4,False
499,0.4072762374580608,0.8758087423070854,nan,nan,20,6337,44.66602331093628,43.663169442882996,10.3,False
500,0.35718704988021727,0.8820375335120644,0.39428465163353915,0.8773276153932965,20,6341,45.26133068247113,44.31081050813749,10.4,False
501,0.3847343865300597,0.8763690673747095,nan,nan,20,6026,42.19057692664663,41.02706390338304,9.9,False
502,0.36105085988636143,0.8786477435815659,nan,nan,20,6271,45.80237812552875,43.69901481331459,10.25,False
503,0.38612830839152956,0.8765693541067917,nan,nan,20,6611,48.065784287109274,47.09932726801005,10.8,False
504,0.4063667082355046,0.8686721656153971,nan,nan,20,6183,44.15605989952983,43.031218907432994,10.2,False
505,0.39924457438998423,0.8770009800718719,nan,nan,20,6122,43.17682063504412,42.014119175947044,10.05,False
506,0.3685305734242386,0.8836573999678612,nan,nan,20,6223,45.15184630239639,43.008217257921544,10.15,False
507,0.4477802686194381,0.8640637450199203,nan,nan,20,6275,45.678223964150995,44.153251478364595,10.35,False
508,0.3634790108720009,0.8872413793103449,nan,nan,20,5800,42.541593191721645,39.9303588183185,9.65,False
509,0.42687746195710025,0.8713153724247227,nan,nan,20,6310,44.54671383972763,43.6474789130785,10.3,False
510,0.4183367799932025,0.8655931646401578,0.3884483646315977,0.8802053944250084,20,6086,42.05857420948547,41.25513561449,9.95,False
511,0.37230301538583827,0.8816646919431279,nan,nan,20,6752,52.78306713217215,49.933451186886835,11.15,False
512,0.381223400692862,0.8823982737361282,nan,nan,20,6488,47.0863318477281,46.35194479786249,10.7,False
513,0.4251898646227389,0.8664192949907236,nan,nan,20,6468,47.68461341837901,46.451686202755546,10.7,False
514,0.3152893950622506,0.8974127557160048,nan,nan,20,6648,48.843040291483796,47.824842003889586,10.9,False
515,0.452438802032581,0.8584041857423153,nan,nan,20,6116,44.18237376443757,42.51435593291254,10.1,False
516,0.38607433311343947,0.8763601955527519,nan,nan,20,6341,45.32835465962047,44.069200603276045,10.35,False
517,0.4064963856113552,0.8789185602919224,nan,nan,20,6029,43.13974963541915,40.989572727583,9.85,False
518,0.3791880885405551,0.8772247857613711,nan,nan,20,6068,43.58460973586754,41.64089428748299,9.95,False
519,0.3696008722902538,0.8830087939698492,nan,nan,20,6368,46.92215744200049,44.765153824041036,10.4,False
520,0.4063118646397165,0.8716510903426792,0.3912035402925003,0.880036113305496,20,6420,46.292405678417886,45.08105078713604,10.5,False
521,0.39165394911671675,0.8792325056433409,nan,nan,20,6202,44.788754698961704,43.16724654579299,10.2,False
522,0.4364921062602025,0.8649248633879781,nan,nan,20,5856,41.104774850954904,39.03581082214899,9.55,False
523,0.37872138186084864,0.8792393026941363,nan,nan,20,6310,44.88440810534432,43.97897252372399,10.35,False
524,0.35078214105552175,0.8872534142640364,nan,nan,20,6590,48.682853698894704,47.21319014972714,10.8,False
525,0.37486880114755444,0.8873684210526316,nan,nan,20,5700,41.46588246082344,37.64507977686849,9.25,False
526,0.3911298256422076,0.8782565951171555,nan,nan,20,6103,44.669378552489256,42.1554531432025,10.0,False
527,0.39957237091792597,0.8719723183391004,nan,nan,20,6069,43.18836645157625,41.56356300554254,9.95,False
528,0.3487037060574228,0.8876458366629375,nan,nan,20,6257,45.15818943003319,43.48780844164055,10.25,False
529,0.35670217211560407,0.885978670012547,nan,nan,20,6376,45.51901592692159,44.377427461221046,10.4,False
530,0.39595751355381376,0.8787427626137304,0.38964681870013645,0.8809389459428958,20,6045,42.87265249147373,41.428312573073,9.95,False
531,0.3996248485871269,0.8752989953755382,nan,nan,20,6271,44.60692843629045,43.654607450076085,10.3,False
532,0.33156482337895204,0.8915997529339098,nan,nan,20,6476,46.651292804841255,45.69556740058104,10.6,False
533,0.35422860522856886,0.8854513723623672,nan,nan,20,6303,44.38731664762104,43.61067396662349,10.3,False
534,0.34113358968919566,0.8847462871287128,nan,nan,20,6464,47.47328749435455,45.61798941757459,10.55,False
535,0.3786381965883402,0.8789954337899544,nan,nan,20,6132,43.748407995511556,41.931493513178495,10.0,False
536,0.33388873496280813,0.8904931862426996,nan,nan,20,6164,45.487143784328765,42.42121908173605,10.0,False
537,0.3513600278860357,0.8842934515017233,nan,nan,20,6093,45.565009637278344,42.40903470735699,10.0,False
538,0.30924311355760037,0.900375939849624,nan,nan,20,6384,45.82568880199637,44.488186913502496,10.4,False
539,0.4117862661323485,0.8714033113647324,nan,nan,20,6221,44.27676876338558,42.779945013707035,10.15,False
540,0.3694504677427725,0.88127565519419,0.3813862402987203,0.8813339352217583,20,6334,45.44660387204261,44.096341560866534,10.35,False
541,0.3036881886636499,0.904266873545384,nan,nan,20,6445,46.45281276176469,45.40671156708605,10.55,False
542,0.3543780586206009,0.88380892322245,nan,nan,20,6343,46.17764150217191,44.31684387194054,10.35,False
543,0.3417599614714845,0.8886289190453908,nan,nan,20,6411,46.61503722739121,45.22895265090749,10.5,False
544,0.3388334421427263,0.8978247549019608,nan,nan,20,6528,48.41001230356609,46.45951291716555,10.65,False
545,0.3247979936429296,0.8970094354709739,nan,nan,20,6253,44.1128703678094,43.02155491856849,10.2,False
546,0.3357635377608751,0.8949361097964978,nan,nan,20,6339,44.822145522534996,43.40821505451154,10.25,False
547,0.3590243766275562,0.8861232109520847,nan,nan,20,6428,45.6518548794034,44.944504435788,10.5,False
548,0.3528432994307404,0.8884311140408702,nan,nan,20,6068,44.24742079913299,42.011720138831045,10.0,False
549,0.3408395554140199,0.8916218293620292,nan,nan,20,6505,47.56540305137644,46.16821551405764,10.65,False
550,0.40997906660842937,0.8705496308449548,0.38127927858651106,0.8802053944250084,20,6095,44.147501779354,42.25132146243298,10.05,False
551,0.3929455481165332,0.8730057434588385,nan,nan,20,6268,44.843324396020385,43.4308985241425,10.25,False
552,0.3204707564517815,0.8916149068322982,nan,nan,20,6440,47.516679926161544,45.8867615642386,10.6,False
553,0.3958736012104618,0.8738570944801897,nan,nan,20,5906,40.93377559783934,39.698891925693985,9.7,False
554,0.36297108665317424,0.8887007389162561,nan,nan,20,6496,48.07260240443027,46.0429520741386,10.6,False
555,0.3168741589490715,0.8944754810676598,nan,nan,20,6444,45.98616241273784,45.299977222366536,10.55,False
556,0.3191984372948845,0.900265749570111,nan,nan,20,6397,46.32769561224794,45.07737029249055,10.5,False
557,0.34072829156911855,0.8880666049953746,nan,nan,20,6486,49.04452522176717,45.84167380200154,10.55,False
558,0.40886933165078765,0.8724463519313305,nan,nan,20,5825,41.04619870278165,39.20348774159204,9.6,False
559,0.4025704549180741,0.8741080530071356,nan,nan,20,5886,41.9111987328531,40.42597571455399,9.8,False
560,0.43283056440015943,0.8639972968406825,0.37438049959202757,0.8834781627355829,20,5919,41.16309539249228,39.25840868800349,9.6,False
561,0.36813805475585515,0.882173284037936,nan,nan,20,6221,43.64077835790093,42.36655286402299,10.1,False
562,0.34784410976103397,0.8900196979645436,nan,nan,20,6092,42.72181477839351,41.68987678545399,10.0,False
563,0.3486528011733222,0.8866436668309512,nan,nan,20,6087,42.79200475274087,41.666416322508994,10.0,False
564,0.3373137343248298,0.892668428005284,nan,nan,20,6056,44.60643305757514,41.9577009386351,9.95,False
565,0.3867442156235056,0.8779079359841611,nan,nan,20,6061,42.08391111905742,40.997660840604,9.9,False
566,0.30713551283527385,0.9007220216606499,nan,nan,20,6648,47.88011572785454,46.78505258491298,10.75,False
567,0.3231243142118275,0.8952735513111039,nan,nan,20,6178,44.13295181388358,43.0370517381285,10.2,False
568,0.3586342805904685,0.891835084882781,nan,nan,20,6185,43.75767866352353,42.18139206416849,10.05,False
569,0.28739002890214843,0.9051614946168461,nan,nan,20,6316,45.20826010113231,44.05351007347154,10.35,False
570,0.36860590100807855,0.8830146231721034,0.37486296889811815,0.882575330098183,20,6223,43.65513767712209,42.37658490235204,10.1,False
571,0.35197692176700107,0.8928963462443155,nan,nan,20,6377,45.27989579610387,43.78968375590199,10.3,False
572,0.3255405846895175,0.8964673497476678,nan,nan,20,6539,48.243297045822466,46.65208354278649,10.7,False
573,0.4006722902157713,0.8671454219030521,nan,nan,20,6127,43.41620339132134,41.845729830318994,10.0,False
574,0.3558863462927803,0.8879609202647337,nan,nan,20,6346,45.5907722750184,44.38326029191654,10.4,False
575,0.3707075468607211,0.8812973328943036,nan,nan,20,6074,43.03661248951003,41.722592293413996,10.0,False
576,0.4279632094933222,0.8624731715370646,nan,nan,20,6057,42.72935089509107,41.401020951958984,9.95,False
577,0.3965533568635607,0.8716637366149912,nan,nan,20,6257,48.02315751007088,44.51419487652059,10.35,False
578,0.4091745530551579,0.8676496097137901,nan,nan,20,5765,40.29623109067591,38.583332246844485,9.5,False
579,0.3507644228984179,0.8878405113376959,nan,nan,20,6571,48.94373867158616,47.83801214817955,10.9,False
580,0.4283588494488548,0.8639380530973452,0.3862945053408181,0.8765940638754091,20,6328,44.89737119191813,43.986893120388,10.35,False
581,0.37325445139789043,0.8791037809242259,nan,nan,20,6427,46.09639434982266,45.0378942969975,10.5,False
582,0.36137791483975545,0.8822839919624916,nan,nan,20,5972,43.01541466104312,40.44769960816155,9.75,False
583,0.4004081873186123,0.8708578507277795,nan,nan,20,6458,46.73956320491815,45.43652357371459,10.55,False
584,0.44115476132774967,0.8627174424071462,nan,nan,20,6381,45.13595152783855,44.29511997833299,10.4,False
585,0.36782862686112033,0.883322559793148,nan,nan,20,6188,45.05215852672364,42.731739509050094,10.1,False
586,0.3002645147743468,0.9033653846153846,nan,nan,20,6240,44.03860880128749,43.01359127518349,10.2,False
587,0.36056737153405766,0.8858307849133538,nan,nan,20,5886,43.23908751037813,39.83989073385705,9.6,False
588,0.31055697304757446,0.9006316438145124,nan,nan,20,6491,47.38589179823354,46.40631926349364,10.7,False
589,0.32745485159279125,0.8951572641038442,nan,nan,20,6009,42.10263056313002,41.26499331359899,9.95,False
590,0.3995327819748302,0.8770764119601329,0.3780128490223921,0.882236767859158,20,6020,44.32988810338593,41.548194446066546,9.9,False
591,0.38193920667064246,0.8795219638242894,nan,nan,20,6192,44.727476761349436,42.8800953624496,10.15,False
592,0.35705971624953325,0.8796193497224425,nan,nan,20,6305,45.152126623510334,44.03146799998349,10.35,False
593,0.36499846301776095,0.8821323769155527,nan,nan,20,6134,43.787982536638864,41.71759323730204,9.95,False
594,0.3657880754256007,0.8809377873122893,nan,nan,20,6526,46.11238463490453,45.047558285862,10.5,False
595,0.36224384262436704,0.8824578469520103,nan,nan,20,6168,43.44142346334867,42.09375560979704,10.05,False
596,0.32721266284547124,0.894119462880074,nan,nan,20,6479,47.154613035749165,46.07004316214505,10.65,False
597,0.3130971813892113,0.9017912291537986,nan,nan,20,6476,47.382975858767814,45.6019951692386,10.55,False
598,0.41020875427461667,0.8676651982378855,nan,nan,20,5675,40.42427588096615,38.13140764538949,9.4,False
599,0.321206112443476,0.895000783576242,nan,nan,20,6381,45.6331702355893,44.398173828406996,10.4,False
600,0.36861286083230466,0.8874538745387454,0.3624495392916044,0.88624308768762,20,6504,46.145424591884264,45.597569387888484,10.6,False
601,0.3393217001659768,0.8896755162241888,nan,nan,20,6780,49.92170631025423,49.13835011607001,11.1,False
602,0.37303659404825,0.8788449466415568,nan,nan,20,6372,47.77512385615279,45.25219676102005,10.45,False
603,0.3917667007534788,0.8819962686567164,nan,nan,20,6432,45.47919296564085,44.91137998397849,10.5,False
604,0.2972977183293131,0.90147412755716,nan,nan,20,6648,49.09496071638496,47.852133625003596,10.9,False
605,0.3150882991576653,0.8976617066504707,nan,nan,20,6586,48.02924009063583,47.08363673820554,10.8,False
606,0.39613530169605937,0.8730108211330363,nan,nan,20,6284,45.207713677021815,43.79394753361704,10.3,False
607,0.33383990218053683,0.8930489731437599,nan,nan,20,6330,45.27464558418827,44.329987822343,10.4,False
608,0.3121752928185892,0.8952442159383034,nan,nan,20,6224,45.257105379167136,43.79394753361704,10.3,False
609,0.33282204229437556,0.8984821282846418,nan,nan,20,6127,44.32787466897841,42.29280603918555,10.05,False
610,0.3076974629174116,0.8970816516609749,0.3665578839216823,0.8835910168152579,20,6442,46.63783407022242,45.433484475212,10.55,False
611,0.3657616983283346,0.884788189987163,nan,nan,20,6232,43.773488334057305,42.697637530818994,10.15,False
612,0.35185261244353977,0.8859919028340081,nan,nan,20,6175,44.721735536717574,42.86959004933799,10.15,False
613,0.35106981506014545,0.8850500484339684,nan,nan,20,6194,45.53176179420974,43.53226687985574,10.25,False
614,0.3614748125268922,0.8892274874295292,nan,nan,20,6563,47.16096256987419,46.351944797862494,10.7,False
615,0.34898359087034436,0.8869621066152859,nan,nan,20,6228,45.20617786816083,43.55202747978799,10.25,False
616,0.3523344387888757,0.8832250541395968,nan,nan,20,6003,41.681308763873716,40.37983178197804,9.8,False
617,0.3478928179255245,0.8886994264455124,nan,nan,20,6451,46.97728761527598,45.778322569367496,10.6,False
618,0.3682463437884918,0.8806556257469694,nan,nan,20,5857,41.84218353474769,39.92675522605899,9.7,False
619,0.3869500947150269,0.8748221906116643,nan,nan,20,6327,44.67834954444823,43.425648976516534,10.25,False
620,0.3846310494687604,0.8846528228423102,0.3645932970009597,0.8847759846518451,20,6164,43.361874860418546,42.06568699536899,10.05,False
621,0.3631642818655479,0.8796412838263058,nan,nan,20,6356,45.1951910763932,44.03082660384059,10.35,False
622,0.35497201863176225,0.8850720278613265,nan,nan,20,6317,46.124094695429406,44.51157589497579,10.4,False
623,0.36704356036127866,0.8870599739243807,nan,nan,20,6136,46.76758877678506,43.194965516160046,10.1,False
624,0.3144133369546379,0.8950695322376738,nan,nan,20,6328,47.307499878872235,44.936298525996044,10.4,False
625,0.36593557966324425,0.8877084014383786,nan,nan,20,6118,43.19242723955254,41.53575958017349,9.95,False
626,0.3202007818096662,0.8987596379483741,nan,nan,20,5966,44.09641045752093,40.8078717651975,9.75,False
627,0.3339555169276502,0.8926205515328917,nan,nan,20,6491,47.514489493999484,45.63621539924599,10.55,False
628,0.39500102265867176,0.8799612778315585,nan,nan,20,6198,44.371839539126036,43.339252055133485,10.25,False
629,0.3874808701069507,0.8753588920790407,nan,nan,20,5921,43.610830194844745,40.34458633417274,9.7,False
630,0.276289280945224,0.9098600215351484,0.3632163717668437,0.8835910168152579,20,6501,47.43066690358708,45.6037385614391,10.55,False
631,0.371130546909518,0.8849137248694,nan,nan,20,6317,46.12543310206858,44.76408759716409,10.45,False
632,0.35677507187946794,0.8869115029930432,nan,nan,20,6181,44.118123536677096,42.799660651073495,10.15,False
633,0.32393226657827373,0.8902777777777777,nan,nan,20,6480,47.302913423316625,45.84125902780554,10.6,False
634,0.3349369915876661,0.8940615232768547,nan,nan,20,6079,43.084312034038945,41.449835933573,9.95,False
635,0.32915520976963225,0.8903544929925804,nan,nan,20,6065,42.643638754502994,40.91749099326849,9.85,False
636,0.3560177253605413,0.8816528925619834,nan,nan,20,6050,44.76585049065924,41.69207120227604,9.9,False
637,0.2966923668379769,0.8995215311004785,nan,nan,20,6270,45.03067506864168,43.72978639596654,10.3,False
638,0.39768100361941083,0.877886744701044,nan,nan,20,6322,44.02008810683174,43.54442506300448,10.3,False
639,0.3227073522903723,0.8977309044423138,nan,nan,20,6258,45.114268456324574,43.47037451963555,10.25,False
640,0.4052642699245003,0.8682634730538922,0.3625753238257376,0.8853966820900575,20,5845,39.88968076169492,38.709899550684995,9.55,False
641,0.35150780848964175,0.8894407947444319,nan,nan,20,6241,45.639401039590204,43.42303470874799,10.2,False
642,0.34183849916769954,0.8807473598700244,nan,nan,20,6155,43.03823237383334,41.995757597104486,10.05,False
643,0.38043862834410624,0.8776990844705476,nan,nan,20,5789,42.249596761106034,38.83717867799205,9.45,False
644,0.374291247638574,0.8817480719794345,nan,nan,20,6224,45.02562350003133,43.24380062184299,10.2,False
645,0.3370389786077821,0.8909944930353093,nan,nan,20,6174,45.40310342694665,43.100238688080545,10.15,False
646,0.3714845264932244,0.8847226526185311,nan,nan,20,6454,46.444646767050315,44.91566995558104,10.45,False
647,0.3057507953331927,0.8966162482457508,nan,nan,20,6413,46.32077685325974,44.82357601325005,10.45,False
648,0.2755064374513301,0.9094827586206896,nan,nan,20,6264,46.039582286871415,43.9366710894286,10.3,False
649,0.314022962620052,0.8999238385377,nan,nan,20,6565,47.850337989701266,46.520455491889095,10.7,False
650,0.36466551622559995,0.8820097244732577,0.36022377965977925,0.8866945040063199,20,6170,43.27537867918268,42.095772136099484,10.05,False
651,0.3466654562362118,0.885929073378003,nan,nan,20,6119,43.08814124926942,41.5122991172285,9.95,False
652,0.31577440875421875,0.8984908657664813,nan,nan,20,6295,45.68472618762333,44.427058178197996,10.4,False
653,0.3652720497581972,0.8808699950568463,nan,nan,20,6069,43.40443853238207,41.799282179211545,10.0,False
654,0.33302364308152244,0.8970144752714113,nan,nan,20,6632,48.772690060849456,47.285913280184545,10.8,False
655,0.3386037997559832,0.8894861660079051,nan,nan,20,6325,46.03242215711624,44.269597943307005,10.35,False
656,0.302403888455755,0.8991481594158808,nan,nan,20,6574,47.591371154028224,46.74228542845104,10.75,False
657,0.3154728415922524,0.8973731440691793,nan,nan,20,6129,44.65116063344319,42.85396385046655,10.15,False
658,0.3005520590201885,0.901595744680851,nan,nan,20,6392,46.419095981133644,44.848715537462496,10.45,False
659,0.3453333487513348,0.8855864493448387,nan,nan,20,6258,44.06944802639229,43.003927286318984,10.2,False
660,0.3203388610257992,0.8932070017665007,0.3573114985086998,0.8856223902494075,20,6227,45.27946479561272,43.3610259071475,10.2,False
661,0.3097020365805416,0.8996697593961315,nan,nan,20,6359,48.316985520667856,46.104592826274555,10.6,False
662,0.31297873984423435,0.8994229183841714,nan,nan,20,6065,43.84931660925158,41.63506145678749,9.95,False
663,0.3035113826702363,0.899734084154544,nan,nan,20,6393,46.16430550694512,45.047926335326544,10.5,False
664,0.3439269762694492,0.8828213879408419,nan,nan,20,6153,44.123669458079135,42.18852081374249,10.05,False
665,0.28643134002002485,0.9090909090909091,nan,nan,20,6105,45.98816145569338,43.10219731093359,10.15,False
666,0.31597844990142643,0.8958883994126284,nan,nan,20,6810,49.757718671572164,48.823498367763094,11.05,False
667,0.3494623560755586,0.8869133429440974,nan,nan,20,6243,44.1654006130281,42.78489777810655,10.15,False
668,0.37309626789986233,0.8843365368403304,nan,nan,20,5931,43.58471427759413,40.629468934357035,9.75,False
669,0.3772947608602743,0.8798336157756894,nan,nan,20,6491,46.87649874023547,46.001857156081044,10.65,False
670,0.3304463358938703,0.8930595985904703,0.3595789859020714,0.8855095361697325,20,6527,46.331935625835456,45.64832147194749,10.6,False
671,0.35070354964412215,0.8922186276179125,nan,nan,20,5873,40.2062542801832,38.782174995243984,9.55,False
672,0.29465647671547696,0.9050393700787401,nan,nan,20,6350,45.93926040699567,44.21870210445749,10.35,False
673,0.2890613515054835,0.9007070396557024,nan,nan,20,6506,46.64910709862222,45.6951993511165,10.6,False
674,0.3436409098327833,0.8896081771720613,nan,nan,20,5870,41.81523904139844,40.13979093009705,9.75,False
675,0.32403688380959056,0.8859123857548061,nan,nan,20,6346,46.5706668373237,44.8629013452196,10.45,False
676,0.28683590047956625,0.9082125603864735,nan,nan,20,6417,46.0868752559306,45.03380485850249,10.5,False
677,0.3470444056358526,0.8843317972350231,nan,nan,20,6510,46.63100724226882,45.46323215090749,10.55,False
678,0.31988619295045967,0.8966676857230205,nan,nan,20,6542,47.92625006361684,46.5067020645296,10.7,False
679,0.3594380344111877,0.8782239634345413,nan,nan,20,6126,43.03639322301747,41.74043515926849,10.0,False
680,0.32808070416235224,0.8971180164224762,0.3501983848843426,0.8893465748786819,20,6211,44.26811251695782,43.033739292947544,10.2,False
681,0.34776642493813154,0.8882049575777741,nan,nan,20,6011,42.9040622296895,40.6955967257735,9.8,False
682,0.3526657039685616,0.8859547780161743,nan,nan,20,6059,42.00338819915976,40.70706161490849,9.85,False
683,0.2987242618364793,0.8996194100856327,nan,nan,20,6306,44.17836659983971,43.30612760332399,10.25,False
684,0.37142999883064937,0.8861378331493456,nan,nan,20,6341,45.01866957074809,44.296863370533494,10.4,False
685,0.3069967251712067,0.9009130369705134,nan,nan,20,6681,49.5916859477297,47.4404897745383,10.8,False
686,0.31695229008340664,0.8974358974358975,nan,nan,20,6708,47.822114392167,47.306243668081535,10.85,False
687,0.318657929943377,0.8920589633856396,nan,nan,20,6309,45.71056475895196,44.4233776835525,10.4,False
688,0.2914689744471361,0.9034030215168625,nan,nan,20,6553,47.912406946662585,47.341111512091544,10.85,False
689,0.34325887223562596,0.8901029295328583,nan,nan,20,6315,46.145263372720045,44.27009536942579,10.35,False
690,0.36397701543271493,0.8800127815945039,0.3539918300099465,0.8872587744046947,20,6259,44.47857939093395,43.362712518078496,10.25,False
691,0.33637702805780306,0.896921862667719,nan,nan,20,6335,45.04990551222484,43.735444887442,10.3,False
692,0.3320457288484059,0.8924237454903247,nan,nan,20,6098,44.50909156082261,42.30821652615509,10.05,False
693,0.3071409159744691,0.8987075928917609,nan,nan,20,6190,43.85447782665321,42.43082377081204,10.1,False
694,0.2956582963830087,0.9049405878674172,nan,nan,20,6396,46.579105414825214,45.12893811191249,10.5,False
695,0.3419729321641238,0.8883441404396647,nan,nan,20,6323,45.86305617126472,44.46479078149055,10.4,False
696,0.37540715671204444,0.8830556957765439,nan,nan,20,5943,41.51768623377625,40.073542026478044,9.75,False
697,0.3180499123230208,0.8982741453700631,nan,nan,20,6026,42.86937475440778,40.97069913190899,9.85,False
698,0.34630433279547473,0.8888888888888888,nan,nan,20,6255,44.8985102497924,42.92144412945459,10.15,False
699,0.30221556841852604,0.9006653992395437,nan,nan,20,6312,46.727690838407156,44.6351742470291,10.4,False
700,0.339448720352238,0.8876729964596073,0.3599323302779829,0.8848888387315201,20,6214,45.779318846497596,43.15856699503556,10.15,False
701,0.37185796967232465,0.8839474111345561,nan,nan,20,6161,42.88844327409337,42.22434802119949,10.1,False
702,0.32415858819250387,0.8994700497832022,nan,nan,20,6227,43.792897082946695,42.407038305123486,10.1,False
703,0.3202310914771772,0.9009933774834437,nan,nan,20,6040,42.36255918007472,41.28436433804899,9.95,False
704,0.31157365839315365,0.9025316455696203,nan,nan,20,6320,45.17143962435456,43.7720561236525,10.3,False
705,0.25402799955415944,0.9162385178265608,nan,nan,20,6423,48.19346834911734,45.577857540970044,10.5,False
706,0.2969765082842847,0.9019007731958762,nan,nan,20,6208,44.9930710646706,43.46245392297154,10.25,False
707,0.3255599363647045,0.8923382780241628,nan,nan,20,6539,46.72802812181472,45.447237902571494,10.55,False
708,0.33417354560590135,0.8941065237945163,nan,nan,20,6346,45.40061620658596,44.110094988226045,10.35,False
709,0.32605742484412104,0.8918032786885246,nan,nan,20,6405,47.821987802665326,45.92687895587455,10.6,False
710,0.31545990566538734,0.8954070031832652,0.3460912106268805,0.8904751156754317,20,6597,48.69823773153767,47.226676472182845,10.8,False
711,0.3441719245750092,0.8869995362498068,nan,nan,20,6469,47.723335861364966,46.46737673256005,10.7,False
712,0.3267160648198278,0.8958551548705671,nan,nan,20,6683,47.941040254611565,47.339368119891034,10.85,False
713,0.36035551635146784,0.8848445804477372,nan,nan,20,6209,45.01787416199267,43.49557837478105,10.25,False
714,0.35364005397384757,0.8876492771841609,nan,nan,20,6364,46.711431424852464,45.2463865729125,10.5,False
715,0.31571341073795933,0.8991816693944353,nan,nan,20,6110,42.959325203463926,41.245304109268496,9.9,False
716,0.3593543293769765,0.8831760494630654,nan,nan,20,6146,44.2860804805257,42.27328435121204,10.05,False
717,0.3742623985871088,0.881531914893617,nan,nan,20,5875,42.64035700694388,40.116141666583,9.7,False
718,0.33158830083736907,0.8922701383238405,nan,nan,20,6145,43.24745381082434,42.023049218218496,10.05,False
719,0.33454518050968207,0.8949983969220904,nan,nan,20,6238,45.11919078467107,42.69681376454315,10.1,False
720,0.3001213625114697,0.8955856002606287,0.34407172217122617,0.8903622615957567,20,6139,44.02245085725486,42.72492915193298,10.15,False
721,0.27322798730543857,0.9105925140172754,nan,nan,20,6599,47.85038865056978,46.786492258582,10.75,False
722,0.27216023978199905,0.9011479591836735,nan,nan,20,6272,44.46578078308285,43.122671666197505,10.2,False
723,0.3792793265402172,0.8732302685109845,nan,nan,20,6145,43.25581046749055,42.27684349745899,10.1,False
724,0.3511242143545224,0.8868571428571429,nan,nan,20,6125,43.62551890052268,42.18313545636899,10.05,False
725,0.3332649537870046,0.8882241813602015,nan,nan,20,6352,46.51798588827302,44.86253329575504,10.45,False
726,0.3603535428601133,0.8862209667294413,nan,nan,20,6372,45.83538632217249,44.44910025168604,10.4,False
727,0.26398708627519973,0.9051290119572057,nan,nan,20,6356,45.28585975181161,44.32630732769749,10.4,False
728,0.3205529797397717,0.8943562332966515,nan,nan,20,6361,46.140889319754066,44.77108053699054,10.45,False
729,0.3379163679186287,0.8842312100867856,nan,nan,20,6107,43.81095175947078,42.176919722433,10.05,False
730,0.3246259311022136,0.893352931569492,0.3413617576894662,0.8909265319941316,20,6123,44.27525980819129,42.07177031757849,10.0,False
731,0.34947398532823004,0.8928117048346056,nan,nan,20,6288,45.487649895256546,44.10600554973104,10.35,False
732,0.25918066063830236,0.9140524967989757,nan,nan,20,6248,45.31248540159365,43.80380523272604,10.3,False
733,0.30992420888246386,0.898142509135201,nan,nan,20,6568,46.93983597929332,46.29770592940249,10.7,False
734,0.35520563981213404,0.8857412653446648,nan,nan,20,6354,45.810549225090135,44.4408116055575,10.4,False
735,0.3256413514930582,0.8922600619195047,nan,nan,20,6460,46.52770023458724,45.40339912190508,10.55,False
736,0.30514971665151724,0.8971000935453695,nan,nan,20,6414,46.250565008916595,45.066929310312,10.5,False
737,0.27105477191930827,0.9065859197577593,nan,nan,20,6605,47.07043471034033,46.06543501066199,10.65,False
738,0.3242046480098784,0.8918663303909206,nan,nan,20,6344,45.61198111986252,44.1170879280525,10.35,False
739,0.32447842411933603,0.8922079974711553,nan,nan,20,6327,46.30228535089079,44.6090121506165,10.4,False
740,0.32515000770413116,0.8929702343255225,0.3397771938601058,0.8907572508746191,20,6316,45.31985604811178,43.81663100324799,10.3,False
741,0.30739197246753713,0.902542372881356,nan,nan,20,6372,46.06161231744216,44.01229750864105,10.3,False
742,0.35679027269876035,0.8858098423315814,nan,nan,20,6279,44.59622068293393,43.367320669561536,10.25,False
743,0.29463530042362296,0.9018591892715635,nan,nan,20,6562,48.172686359798305,46.851365819465045,10.75,False
744,0.2885716101166817,0.9045210727969348,nan,nan,20,6525,47.61858721364516,46.18564943606265,10.65,False
745,0.3155346074500474,0.8981338811847286,nan,nan,20,5841,42.106920092748666,39.460276286132995,9.6,False
746,0.33641056420544196,0.8966314398943197,nan,nan,20,6056,43.72097301267747,41.376426573770544,9.9,False
747,0.292108733188504,0.9030089628681178,nan,nan,20,6248,43.740968538460876,42.92448456271349,10.2,False
748,0.34264647418609523,0.8835443037974684,nan,nan,20,6320,45.77859291465225,44.429729227236045,10.4,False
749,0.36091971128842254,0.8845843422114609,nan,nan,20,6195,49.09380759881847,44.13907178156223,10.2,False
750,0.29278092462662947,0.8999388004895961,0.34494543491603424,0.8892901478388444,20,6536,47.013681747741444,45.80632685286249,10.6,False
751,0.33680024295245287,0.8885776532835357,nan,nan,20,6426,46.5533397644493,45.135756497285286,10.5,False
752,0.30772331999301833,0.9036144578313253,nan,nan,20,6308,44.359176847218144,43.054485660133494,10.2,False
753,0.3494683350921837,0.8864686468646865,nan,nan,20,6060,42.89916492040975,41.68210685231349,10.0,False
754,0.3476276990237557,0.8837925445705024,nan,nan,20,6170,43.829447939731374,42.43082377081204,10.1,False
755,0.32190559865125723,0.8983870967741936,nan,nan,20,6200,45.004052400436926,42.98475679497654,10.15,False
756,0.35844135577582514,0.8816254416961131,nan,nan,20,6226,45.18196717303825,43.29707309141654,10.2,False
757,0.36404435617503683,0.8796457377826981,nan,nan,20,6323,45.66107864651482,44.15021237986199,10.35,False
758,0.27664254305538466,0.9063014518784613,nan,nan,20,6681,48.162183103364825,47.389926493705545,10.85,False
759,0.26956268792986754,0.9119047619047619,nan,nan,20,6300,46.58897877925514,44.375172178895546,10.35,False
760,0.4044021743281743,0.8708167157967748,0.3429429745609558,0.8904751156754317,20,5767,39.34400425204567,38.08203845372999,9.45,False
761,0.3064641759049894,0.8949599623174753,nan,nan,20,6369,45.75724095557397,44.419697188906994,10.4,False
762,0.359346145932419,0.8838375396958048,nan,nan,20,5983,43.39769939724152,40.9054040557235,9.8,False
763,0.34596700793991225,0.8890001669170422,nan,nan,20,5991,42.373470715452925,40.5327100592735,9.8,False
764,0.36723713387637846,0.8815108658157985,nan,nan,20,5798,40.60213235252724,38.899623456244,9.55,False
765,0.3057200985813792,0.9019607843137255,nan,nan,20,5967,44.63517209054581,41.2487492491925,9.8,False
766,0.33999501878275185,0.8877301613166042,nan,nan,20,6137,45.139774786465864,42.59774640996914,10.05,False
767,0.3226035634455533,0.8949541284403669,nan,nan,20,6540,48.626218162503214,47.20683860604359,10.8,False
768,0.2906336745668592,0.9096723868954758,nan,nan,20,6410,46.84796015859424,44.84893520572655,10.4,False
769,0.29148957390086516,0.9062552126772311,nan,nan,20,5995,45.4055530330474,41.15150446529505,9.75,False
770,0.32382394725149255,0.8958927074601845,0.341662335844479,0.8907572508746191,20,5965,43.76257862821168,40.902409940421045,9.8,False
771,0.25551882162023704,0.9096236890808143,nan,nan,20,6484,46.564236547297874,45.40303107244055,10.55,False
772,0.32855751592460675,0.8999509563511525,nan,nan,20,6117,44.504682512301706,42.55402563865009,10.1,False
773,0.29778141338018865,0.9014778325123153,nan,nan,20,6293,45.175215899301044,43.784434208276046,10.3,False
774,0.37520739759222915,0.8809291747888239,nan,nan,20,6156,44.33926349776284,42.785928507926045,10.15,False
775,0.272733362105475,0.907821672219578,nan,nan,20,6303,44.809621816789814,43.97897252372399,10.35,False
776,0.36957310514535235,0.8812207386856251,nan,nan,20,5767,39.1121286854979,37.784381957274995,9.4,False
777,0.32271821270861784,0.8958980733374767,nan,nan,20,6436,46.963309785287684,45.79070065399104,10.6,False
778,0.30650300689504195,0.9065073470046827,nan,nan,20,6193,44.26242845175802,43.04656506346949,10.2,False
779,0.37586182731340395,0.8797615104339185,nan,nan,20,6038,42.39299330130387,41.34443603720449,9.95,False
780,0.3145227592482758,0.8968887440951295,0.33512546905221713,0.8920550727908814,20,6139,44.570009835435165,43.093227709033485,10.2,False
781,0.3387725267727159,0.889935625686921,nan,nan,20,6369,46.58451766185766,44.710914955581046,10.4,False
782,0.2940574992495807,0.901124648547329,nan,nan,20,6402,45.775547508894554,44.979565990042495,10.5,False
783,0.29847526040831784,0.9031013732448696,nan,nan,20,6481,47.27499679168721,45.87083236428099,10.6,False
784,0.2973143766466429,0.900752361133344,nan,nan,20,6247,44.15144733213125,42.9961573531785,10.2,False
785,0.27321111972662987,0.9125123803235391,nan,nan,20,6058,46.48292909541617,42.82675520450955,10.05,False
786,0.2927113452122666,0.8978090766823161,nan,nan,20,6390,46.16229534961235,44.77476103163604,10.45,False
787,0.36691965800003806,0.8832092078537577,nan,nan,20,5908,43.403349175865436,40.52819936791605,9.75,False
788,0.2843665481494808,0.901923683380637,nan,nan,20,6342,45.803319647169566,43.92868616183155,10.3,False
789,0.3250499205628656,0.8946540880503144,nan,nan,20,6360,46.239609227284845,44.04210951526959,10.3,False
790,0.31500021368017667,0.8961966450755688,0.3350000110453911,0.8943685814242185,20,6021,42.390179260542666,40.595510707963996,9.8,False
791,0.32817280031799756,0.8902816465490561,nan,nan,20,6462,46.843751947240534,45.735684792217,10.6,False
792,0.31857158510115346,0.8949096880131363,nan,nan,20,6090,42.308878251082696,41.592397485749494,10.0,False
793,0.31361242246266574,0.8962784286698828,nan,nan,20,5804,41.36628034068732,38.795640827152546,9.5,False
794,0.30520468134953993,0.8970515565804645,nan,nan,20,6071,43.20299748266097,41.726832395432496,10.0,False
795,0.3040299858108861,0.8997336675544415,nan,nan,20,6383,45.06159426416931,44.293182875888,10.4,False
796,0.3362514120617508,0.8883264304341156,nan,nan,20,6519,47.69111368180572,46.21416573638909,10.65,False
797,0.31288268235991595,0.8967128836267332,nan,nan,20,6419,47.0307203563761,46.05278357936008,10.65,False
798,0.35061322993509997,0.88427846934071,nan,nan,20,6507,47.24490811723447,46.09336781268529,10.65,False
799,0.34915831453916474,0.8887423767924839,nan,nan,20,6067,44.29352736384,41.80747694308609,9.95,False
800,0.29557695935315514,0.9037145650048876,0.3367476359122414,0.8917165105518564,20,6138,43.11565442720123,42.27510010525849,10.1,False
801,0.35604679858534866,0.88511406532086,nan,nan,20,6093,42.70747152971333,41.4212553023135,9.95,False
802,0.33664589069973844,0.8909512761020881,nan,nan,20,6465,44.93169053338928,44.263738918723995,10.4,False
803,0.3440600318632945,0.8881909547738693,nan,nan,20,6368,45.02492750338637,44.277686056327994,10.4,False
804,0.27478834794235,0.9097190234914786,nan,nan,20,6513,47.05405226594016,46.078779494172,10.65,False
805,0.31947340459853046,0.8990156143923965,nan,nan,20,5892,43.441536763665525,40.41096050699754,9.7,False
806,0.3265380803271092,0.8955177743431221,nan,nan,20,6470,45.959948358413065,45.28428669256204,10.55,False
807,0.3263724057492767,0.8979236012046283,nan,nan,20,6309,44.34685303060374,43.07794612307849,10.2,False
808,0.2841668204334039,0.9040858179523584,nan,nan,20,6339,47.02433259659965,44.682757853274055,10.4,False
809,0.29922767197422695,0.9004258106780216,nan,nan,20,6106,43.05291265709714,41.276276225027985,9.9,False
810,0.30560863052551057,0.8970611851613939,0.3335959386434072,0.8927886243087687,20,6227,44.70945731974096,43.408215054511544,10.25,False
811,0.311321491256918,0.9000649983750406,nan,nan,20,6154,44.67531864043968,42.3499027581951,10.05,False
812,0.2853991193293183,0.9054450100262225,nan,nan,20,6483,46.10879704764434,45.334845066376545,10.55,False
813,0.2857593389519553,0.9056190327124746,nan,nan,20,6389,46.46953425700467,45.37533050747704,10.55,False
814,0.3149883436410986,0.8943075615972812,nan,nan,20,5885,42.42966991622488,39.923301547559,9.65,False
815,0.32864594566431643,0.8915265985097903,nan,nan,20,5771,40.797359932540665,38.70783797860399,9.5,False
816,0.28380483067428136,0.9123102866779089,nan,nan,20,6523,47.64378062928535,46.46212718493409,10.7,False
817,0.29348955165555474,0.9038180341186027,nan,nan,20,6155,44.84116415328396,42.344782802457004,10.05,False
818,0.32037927388149295,0.8900481540930979,nan,nan,20,6230,44.0206420477339,42.72975253702105,10.15,False
819,0.296535034913852,0.9030596315953794,nan,nan,20,6406,46.16710330233232,45.03380485850249,10.5,False
820,0.30145364743083863,0.9033364515123168,0.3317253885063599,0.8924500620697439,20,6414,46.32419405603375,45.065185918111496,10.5,False
821,0.31433898153421236,0.8960731745781423,nan,nan,20,6341,44.70200454743377,43.210676170033494,10.2,False
822,0.3266351549502681,0.8952941176470588,nan,nan,20,5950,42.37296787198552,40.346957821682544,9.75,False
823,0.2949307569421501,0.9042221126991951,nan,nan,20,6087,44.941937626109365,42.656560775736054,10.1,False
824,0.2913384996680941,0.9065034655655508,nan,nan,20,6781,51.62760890819319,49.855329053030154,11.15,False
825,0.29807887633809166,0.899984800121599,nan,nan,20,6579,47.40982537994006,46.705480481996034,10.75,False
826,0.2700082847474417,0.9111895309513307,nan,nan,20,6801,49.70275490207725,48.814626438565,11.05,False
827,0.31827415322444347,0.8968765493306892,nan,nan,20,6051,43.83066517820821,41.192785990421044,9.85,False
828,0.3391263185751335,0.8896940418679549,nan,nan,20,6210,44.36741849070485,42.55811507714509,10.1,False
829,0.3077883425688265,0.8936241610738255,nan,nan,20,5960,43.54826074515806,41.075560705116544,9.85,False
830,0.30847359129987195,0.897982062780269,0.33003495233872315,0.8948764247827559,20,6244,43.71567094262516,42.668753181027995,10.15,False
831,0.30742713893775964,0.8991492652745553,nan,nan,20,6465,46.767213059825586,45.993159566102996,10.65,False
832,0.27537734254812957,0.9069563949248942,nan,nan,20,6857,49.85357027210277,48.85819187255305,11.05,False
833,0.28163446223849364,0.9044191496484767,nan,nan,20,5974,43.94403575296845,41.00762519056654,9.8,False
834,0.2990633191764086,0.899819765695404,nan,nan,20,6658,48.82820200930516,47.81864112372954,10.9,False
835,0.3055338308758879,0.905811623246493,nan,nan,20,5988,43.804746549643006,40.751624315478,9.75,False
836,0.3008294562761446,0.9013452914798207,nan,nan,20,6690,48.75463175014977,48.07437250541504,10.95,False
837,0.3196722041643861,0.895392077607114,nan,nan,20,6185,45.024384811438296,42.99041528645199,10.15,False
838,0.28526892671872484,0.9056603773584906,nan,nan,20,6307,45.54457582017539,43.637647407856996,10.25,False
839,0.2935417051298109,0.9060686843343265,nan,nan,20,6377,45.58485159081848,44.69071015654749,10.45,False
840,0.26608875978616875,0.9130906274206042,0.3279229802944606,0.8960613926193431,20,6455,47.93868389313519,46.01314006751004,10.6,False
841,0.2656998660900006,0.9093549373280342,nan,nan,20,6542,49.848679404065805,46.84401066052054,10.7,False
842,0.27660819486160226,0.9028436018957346,nan,nan,20,6330,45.578210591363245,43.61864443287154,10.25,False
843,0.30548092308476066,0.8990454618993691,nan,nan,20,6181,45.44821595728778,42.78249874099054,10.1,False
844,0.3086108941503997,0.8974872822568213,nan,nan,20,6487,47.98337308200983,46.79146845952959,10.75,False
845,0.27857762956782167,0.9091639871382636,nan,nan,20,6220,43.659740015987225,42.412871135819,10.1,False
846,0.2799710998438008,0.9093866171003717,nan,nan,20,6456,45.855818213132146,44.7316045414975,10.45,False
847,0.29962902788267065,0.9010309278350516,nan,nan,20,6305,46.26565077508975,44.03207747694054,10.3,False
848,0.2858546201054289,0.9010656911086369,nan,nan,20,6287,45.633994131247064,44.13984266392155,10.35,False
849,0.27727884823399307,0.9049429657794676,nan,nan,20,6312,46.885061582011,44.656288663679604,10.4,False
850,0.29810413742659636,0.9019321318395843,0.3262251183876616,0.8931271865477937,20,6159,44.17962660864097,42.267451520516545,10.05,False
851,0.2716737705288632,0.9088171323406391,nan,nan,20,5977,42.52535056164786,40.359559294578,9.75,False
852,0.33691289959885623,0.886853950023281,nan,nan,20,6443,46.41163669152002,45.3840280974551,10.55,False
853,0.3317235003725083,0.8892960757367537,nan,nan,20,6549,47.21996161008518,46.08765142337009,10.65,False
854,0.3378481521050164,0.8906064209274673,nan,nan,20,5887,41.941506003644236,40.185934862672994,9.75,False
855,0.27354246716919944,0.9040189125295508,nan,nan,20,6345,45.00938867293238,44.01403407797849,10.35,False
856,0.309545253684809,0.9005634736493205,nan,nan,20,6034,44.24288116680523,41.12392281903348,9.8,False
857,0.31980146339364524,0.8964124111182935,nan,nan,20,6188,44.87701224625329,42.7290753716975,10.1,False
858,0.29716447345239755,0.9017772135829896,nan,nan,20,6302,46.064748668610235,44.22215014680959,10.35,False
859,0.319864440424204,0.8957338672416448,nan,nan,20,6493,46.87228563406572,46.032310558852494,10.65,False
860,0.30013020506550264,0.8993186979560939,0.32262558133442587,0.897302787495768,20,6605,49.03509589460215,47.582416363665196,10.85,False
861,0.2661127198678196,0.9097020626432392,nan,nan,20,6545,47.608340703882796,46.4621271849341,10.7,False
862,0.27065186790309825,0.9054941257774707,nan,nan,20,5788,40.58306018627969,38.675576852698995,9.5,False
863,0.3402612081627117,0.8908974564069749,nan,nan,20,6251,46.354735291263175,44.5744544555741,10.4,False
864,0.2985041778260425,0.897223955084217,nan,nan,20,6412,46.761510455945796,45.48073040384554,10.55,False
865,0.2814685378872917,0.9057425079524527,nan,nan,20,5973,43.34598847358781,40.601594030173494,9.75,False
866,0.30698978679525485,0.8959005066789498,nan,nan,20,6513,46.563651093021754,45.956354619647996,10.65,False
867,0.3123284744817297,0.8917163917163917,nan,nan,20,5698,39.2997455561961,37.3417463835345,9.3,False
868,0.30998874678916477,0.895405669599218,nan,nan,20,6138,44.591802899182355,42.415353384288,10.05,False
869,0.3032578302702987,0.901665344964314,nan,nan,20,6305,44.471948869674,43.626364496427996,10.3,False
870,0.2939611731372427,0.9006653992395437,0.324329971163984,0.8960613926193431,20,6312,45.2296081397165,43.78443420827605,10.3,False
871,0.32756877407234575,0.8974861247143323,nan,nan,20,6126,44.16356938754145,42.48740868556654,10.1,False
872,0.28556161646129574,0.9030023094688222,nan,nan,20,6062,43.26793842728896,42.03155309795204,10.05,False
873,0.2886349873833843,0.8988617886178861,nan,nan,20,6150,44.27824323076613,42.255137766826046,10.05,False
874,0.26093065239311236,0.9139216904909881,nan,nan,20,6436,46.56323455570876,45.40671156708604,10.55,False
875,0.35106211936993964,0.8856524633821571,nan,nan,20,6008,41.58765839078695,40.613671753698995,9.85,False
876,0.2961323489168193,0.902502437439064,nan,nan,20,6154,46.62381606091522,43.36961411480429,10.15,False
877,0.30539624708271274,0.9046058023274873,nan,nan,20,6101,42.61511584253511,41.629202432204494,10.0,False
878,0.23967942825347732,0.9233644859813084,nan,nan,20,6420,46.78424635701385,45.46835231922199,10.55,False
879,0.3198324957947092,0.8973548494426884,nan,nan,20,6011,42.80734236199511,40.4161442093325,9.75,False
880,0.3284202099357343,0.8913666772857598,0.3230501395519774,0.8954406951811308,20,6278,44.032722208633444,43.25556922950948,10.25,False
881,0.3158227290741732,0.8950704225352113,nan,nan,20,5680,41.81541054539544,38.25559519726849,9.35,False
882,0.3155555429748063,0.8967655438243674,nan,nan,20,5967,42.1492256035258,40.740186066717996,9.85,False
883,0.3310854636188421,0.8899337135810081,nan,nan,20,6487,47.5133137465776,46.45577564125054,10.7,False
884,0.27422947666657344,0.9104810449187639,nan,nan,20,6278,45.875001440059876,43.9691410185025,10.3,False
885,0.31081320817706765,0.9015493867010975,nan,nan,20,6196,44.71989545767916,43.15091461984559,10.2,False
886,0.29152443726743715,0.9032669322709164,nan,nan,20,6275,45.08583041735352,43.48765777811705,10.25,False
887,0.2544173205873548,0.9148489255130069,nan,nan,20,6189,44.70242961052958,42.885280579142496,10.15,False
888,0.2800597387633076,0.9077564894932015,nan,nan,20,6472,46.07865075667685,45.31065065683849,10.55,False
889,0.28831396481137395,0.9046450768727511,nan,nan,20,6114,43.433935885422336,41.80121928165654,10.0,False
890,0.3192063362872942,0.901291060630822,0.32106593273089873,0.8957792574201557,20,6119,43.9089018604248,41.73725891626204,9.95,False
891,0.29945048083953074,0.9057340138096668,nan,nan,20,6662,48.2604082726023,47.12913927463859,10.8,False
892,0.2548234120820859,0.9154196486662329,nan,nan,20,6148,43.90090459646371,41.624930623576546,9.95,False
893,0.2965136511379193,0.9032801961986512,nan,nan,20,6524,46.51163930529776,45.94434458448899,10.65,False
894,0.3372754795334471,0.8874226132290648,nan,nan,20,6138,43.17885941103735,41.776831161873986,10.0,False
895,0.2404728723944919,0.9196428571428571,nan,nan,20,6720,51.32145048575676,48.5559330549615,10.95,False
896,0.28168850515517,0.908518343567942,nan,nan,20,6351,44.65584619324246,43.66316944288299,10.3,False
897,0.3463764640713143,0.8908737177219668,nan,nan,20,5654,39.86066194156303,37.733167702349,9.35,False
898,0.2737809106767025,0.9005227308728021,nan,nan,20,6313,44.77498748652921,43.70884631853609,10.3,False
899,0.30102991410872426,0.8979057591623036,nan,nan,20,6112,42.89529043855112,41.496946052458995,9.95,False
900,0.32056320956128326,0.8944176644378791,0.31876864400059035,0.8976977767746304,20,6431,49.13928494489236,45.878478748456544,10.55,False
901,0.3544937765548447,0.8850321972671588,nan,nan,20,6367,45.786566125230905,44.434978774861996,10.4,False
902,0.30154214689597786,0.9013910899806304,nan,nan,20,5679,39.43328923767856,37.409444024843985,9.3,False
903,0.3054859498626716,0.9004846526655896,nan,nan,20,6190,44.30544146778203,42.791178055551995,10.15,False
904,0.29886504272147774,0.9049520766773163,nan,nan,20,6260,44.656921182500774,43.67268276822399,10.3,False
905,0.2858058191322487,0.8992175273865415,nan,nan,20,6390,47.444225152788896,45.587931590254286,10.55,False
906,0.2895529732357781,0.9043381535038932,nan,nan,20,6293,46.02567039586286,44.225462591990535,10.35,False
907,0.29775171942664747,0.9047109207708779,nan,nan,20,6538,48.16405534811154,46.35255427481955,10.65,False
908,0.294338506663207,0.9018987341772152,nan,nan,20,6004,43.71609775006142,40.640327015052,9.75,False
909,0.2713684102865098,0.9088569265707798,nan,nan,20,6605,48.627774446884885,47.49334839324409,10.85,False
910,0.2955249073982952,0.8980953931303923,0.320623725827587,0.8960049655795057,20,6143,43.310714996976884,42.31190505171349,10.1,False
911,0.29495489640074596,0.9011335012594458,nan,nan,20,6352,45.36220083278105,44.35712877993349,10.4,False
912,0.3050193189196815,0.8993247391037447,nan,nan,20,6516,46.85991791544241,45.765128749381,10.6,False
913,0.2906959224599277,0.9065652646282788,nan,nan,20,6443,47.01322148983412,45.5064529719791,10.55,False
914,0.28117342134684803,0.9058047097645118,nan,nan,20,6667,49.68543261115772,48.54572491258955,11.0,False
915,0.31175978554846,0.8964028776978418,nan,nan,20,6255,43.85899096149815,42.68812420547799,10.15,False
916,0.30888186122422817,0.9019157088122606,nan,nan,20,6525,47.39323504912321,45.860262002791,10.6,False
917,0.24297854788711942,0.9175074183976261,nan,nan,20,6740,49.973706371408475,48.16520599669574,10.9,False
918,0.2818808778381045,0.9009319986192613,nan,nan,20,5794,41.472998418273704,39.0510041593735,9.55,False
919,0.2728041541208198,0.9146973130462933,nan,nan,20,6178,45.05041135030536,43.210228696711496,10.2,False
920,0.2779046369706498,0.9099113362887904,0.32254016563849586,0.8954971222209683,20,6316,46.618253480091965,44.65669760752911,10.4,False
921,0.31090221857254957,0.8931502260927818,nan,nan,20,5971,42.18087191907622,40.466611819178,9.8,False
922,0.2872418373251219,0.905422446406053,nan,nan,20,6344,47.144644973491054,45.05804913762459,10.45,False
923,0.2755983508051039,0.9099288486416559,nan,nan,20,6184,46.090744725244654,43.099048360703,10.1,False
924,0.3090240900247802,0.8981540420114577,nan,nan,20,6284,45.83296085686977,43.9770616151665,10.3,False
925,0.26840045880634217,0.9108464757000322,nan,nan,20,6214,44.10841585375001,42.51173247441604,10.1,False
926,0.3273638619649204,0.8889944576405384,nan,nan,20,6315,46.77599217296336,44.969908824041035,10.45,False
927,0.24664278792460592,0.9168307086614174,nan,nan,20,6096,44.13105871142663,41.758198993692496,9.95,False
928,0.28926692670745147,0.9026521060842434,nan,nan,20,6410,48.8379698583139,45.79572357967008,10.55,False
929,0.3045870128434769,0.9003868471953579,nan,nan,20,6204,44.30931690302347,42.86058852825204,10.15,False
930,0.27744422701204785,0.9104037267080746,0.32185301010434586,0.8958356844599932,20,6440,47.10681927025231,45.3320065009815,10.5,False
931,0.27723353903541803,0.9095523765574527,nan,nan,20,6501,46.77555177785266,46.00516960126199,10.65,False
932,0.3378359910667783,0.8888008870584508,nan,nan,20,6313,44.34675442414046,43.605424418997536,10.3,False
933,0.31226683698621,0.8951950983553693,nan,nan,20,6202,44.54558905504438,42.84158576584299,10.15,False
934,0.2844924928300954,0.9047174217655302,nan,nan,20,6423,46.20101286482271,45.59756938788849,10.6,False
935,0.31009610153682665,0.9028704422032583,nan,nan,20,6445,46.276368233871025,45.349607939343485,10.55,False
936,0.2478347094528872,0.9159028782762502,nan,nan,20,6219,45.7154209023896,43.64307129470299,10.25,False
937,0.2627304367688819,0.9104227071570273,nan,nan,20,6553,46.75034269390681,45.74786916659604,10.6,False
938,0.27908741090878203,0.9114614918132201,nan,nan,20,6596,48.16945709512384,47.112153038532,10.8,False
939,0.29406598569226416,0.9082325658439623,nan,nan,20,6037,41.49525558593168,40.60207066238949,9.85,False
940,0.28845762513242423,0.9045461646617716,0.3172971737020213,0.8979799119738179,20,6401,46.808949215702306,45.468352319222,10.55,False
941,0.2895947312602919,0.9032160652272384,nan,nan,20,6623,49.9844411603938,48.11721081567309,10.9,False
942,0.289783596842,0.9039756332157742,nan,nan,20,6238,45.88812243617436,43.435124164811995,10.2,False
943,0.29713783194037047,0.8977272727272727,nan,nan,20,5984,42.5155534849751,40.562522065902044,9.8,False
944,0.2742208523702708,0.9112359550561798,nan,nan,20,6230,45.28852716354192,43.31625040562204,10.2,False
945,0.2728136686455997,0.9057182278092902,nan,nan,20,6523,47.04385784320153,45.776579177166994,10.6,False
946,0.2812450991192745,0.9079029247044181,nan,nan,20,6428,45.95352321569733,45.28953624018799,10.55,False
947,0.2647404978894639,0.9129394166043381,nan,nan,20,6685,51.377860637325256,48.800452679014086,11.0,False
948,0.29331198770958383,0.9047907822922984,nan,nan,20,6596,48.26952993019942,47.40561702351003,10.85,False
949,0.25967545545608456,0.9080339842003279,nan,nan,20,6709,48.94625746782771,48.10749695722455,10.95,False
950,0.2954183344796319,0.9051943913320586,0.3155069468979534,0.8970206522965806,20,6276,43.551901635390195,42.88942300845899,10.2,False
951,0.34628498639324656,0.8881050041017228,nan,nan,20,6095,45.619600802363344,42.15636633869104,9.95,False
952,0.27987950512470827,0.907890696960393,nan,nan,20,6514,47.7809614551979,45.684238321193604,10.55,False
953,0.2913317573324452,0.9028091701646755,nan,nan,20,6194,43.159078385030504,42.548265408948986,10.15,False
954,0.2909045644495397,0.8981144034225955,nan,nan,20,6311,45.720423951512295,44.17490421817605,10.35,False
955,0.29967076194328357,0.901323706377858,nan,nan,20,5817,42.11743924447278,39.02481920779654,9.5,False
956,0.26124454131845837,0.9070184009119036,nan,nan,20,6141,44.09781436940248,42.214243381876045,10.05,False
957,0.28483993923056394,0.90492850623669,nan,nan,20,6574,48.073855435403104,47.102639713191,10.8,False
958,0.29294440336113,0.9042752512348833,nan,nan,20,5871,41.735418706491394,39.36708013516799,9.6,False
959,0.29360315570544376,0.906265416872225,nan,nan,20,6081,42.68085492449086,41.65533394418754,10.0,False
960,0.25566523725163953,0.9125596184419714,0.3144669447684043,0.897189933416093,20,6290,45.4275282926944,43.3546244050575,10.2,False
961,0.24362999301588456,0.9131773399014779,nan,nan,20,6496,47.19194819467488,45.84125902780554,10.6,False
962,0.26132948115745086,0.9083265966046887,nan,nan,20,6185,44.437754175598286,42.88327199788299,10.15,False
963,0.302183701370441,0.8994757940178847,nan,nan,20,6486,46.29160364565139,45.0921331654575,10.5,False
964,0.269425113571216,0.9107958251793868,nan,nan,20,6132,43.96167107053999,41.97873944181204,10.0,False
965,0.26497489161081067,0.9068156776326145,nan,nan,20,6353,46.74261043899395,45.18410463721005,10.5,False
966,0.28172130927951783,0.9046748895995127,nan,nan,20,6567,46.8289333616371,46.303129816248486,10.7,False
967,0.2417220334889364,0.9193776520509194,nan,nan,20,6363,44.345427424775615,43.589559549972996,10.3,False
968,0.2569065562968817,0.9094977623073098,nan,nan,20,6033,42.827835708529555,41.67664207108253,10.0,False
969,0.31601135221047166,0.8910874625872963,nan,nan,20,6014,45.306448602173674,41.52468099230005,9.85,False
970,0.31225878608948604,0.902067095899695,0.31196466283703506,0.8987134634917052,20,5902,40.96609865583649,39.476997658199,9.65,False
971,0.2867239773570721,0.9080923921822,nan,nan,20,6191,45.37860534904944,43.546266127907,10.25,False
972,0.2954000598148317,0.899482033020395,nan,nan,20,6178,43.92559801196562,42.4505394081785,10.1,False
973,0.2504412153390106,0.9173396674584323,nan,nan,20,6315,45.4452645496574,44.358056436771044,10.4,False
974,0.27255573010210143,0.9074911204391346,nan,nan,20,6194,44.14705612076531,42.74645251243299,10.15,False
975,0.2956481525486611,0.9013754298218193,nan,nan,20,6398,46.249788722281366,45.33678216882154,10.55,False
976,0.2465913038332292,0.9164662497995831,nan,nan,20,6237,46.14282295472593,44.020995098619096,10.3,False
977,0.26540062582288626,0.9115030435461214,nan,nan,20,6407,46.957373622825656,45.01384230749364,10.45,False
978,0.2750723757481824,0.9098373598610453,nan,nan,20,6333,46.21560445406375,44.03395024845249,10.3,False
979,0.24712200178264696,0.9178235200255306,nan,nan,20,6267,45.43876151799343,44.09771690360249,10.35,False
980,0.28571007854085845,0.9058842920718642,0.31140757816166925,0.90018056652748,20,6067,44.21295301627477,41.483010254966544,9.9,False
981,0.2693410142446586,0.9102022336251132,nan,nan,20,6626,47.05482984280411,45.77925022620506,10.6,False
982,0.24371907878589405,0.922266139657444,nan,nan,20,6831,50.24187842677942,49.773981146165504,11.2,False
983,0.2742561493607005,0.9119847206748368,nan,nan,20,6283,44.932741407971974,43.7197543576375,10.3,False
984,0.2744043118069193,0.9083646616541353,nan,nan,20,6384,46.469716057961115,44.84100993525505,10.45,False
985,0.2970098075270653,0.8989387755102041,nan,nan,20,6125,44.70824300042797,42.594551974135555,10.1,False
986,0.3245047343035967,0.8952871410736579,nan,nan,20,6408,46.93692606278308,45.19900310734814,10.5,False
987,0.3111549624186082,0.8947859922178988,nan,nan,20,6425,46.001736488908364,45.03963768919799,10.5,False
988,0.23538570377277757,0.921583972452653,nan,nan,20,6389,49.155393398487696,45.650312121987,10.5,False
989,0.259057354757461,0.9097603007989974,nan,nan,20,6383,45.74002877940815,44.439068213357,10.4,False
990,0.2454395128612391,0.9194748358862145,0.3178464650650377,0.8993905879697551,20,6855,50.09474147252975,49.4765633198636,11.15,False
991,0.26768074846874634,0.9022848808945065,nan,nan,20,6171,43.22071061149808,42.01936872357299,10.05,False
992,0.2242934620239608,0.920345926263086,nan,nan,20,6591,48.511801716765525,46.48045299459601,10.65,False
993,0.27084801850610474,0.9074772227458373,nan,nan,20,6366,46.21937727627928,44.331606744907496,10.35,False
994,0.3226636207079067,0.8951809183839039,nan,nan,20,6163,43.32720176906604,42.327769920738035,10.1,False
995,0.2909945377971745,0.9038214515093128,nan,nan,20,6228,44.369543952594995,43.321818133128495,10.25,False
996,0.2731307269881396,0.9066711029778739,nan,nan,20,6011,44.38160342180139,41.29007952197155,9.85,False
997,0.3393817536568836,0.8926610084872691,nan,nan,20,6009,41.97774463600399,40.70880500710899,9.85,False
998,0.2781641855543571,0.9083920563741191,nan,nan,20,6244,44.06628763679498,42.992476858532996,10.2,False
999,0.26801679519610033,0.9074530335694487,nan,nan,20,6494,46.61885796596546,45.443925457390534,10.55,False
1000,0.266112734198016,0.9118141525294208,0.312994148839934,0.8994470150095926,20,6543,47.021225800267224,45.797052197674596,10.6,True
