round,train_loss,train_accuracy,test_loss,test_accuracy,num_fit_clients,num_fit_examples,tau_eff,mean_local_normalizer,mean_local_steps,run_completed
1,4.085221354016718,0.038050314465408804,nan,nan,20,6360,45.75801488043992,44.195650585362,10.35,False
2,3.8585389936182932,0.06651108518086347,nan,nan,20,5999,43.63133736954939,41.375498916933,9.9,False
3,3.770977239741198,0.061036654287098334,nan,nan,20,6193,43.56176175608993,42.62187530185899,10.15,False
4,3.7764120632773563,0.06163278476928041,nan,nan,20,6198,43.59380488286539,42.619938199413994,10.15,False
5,3.7684839364169074,0.05201208843645618,nan,nan,20,6287,45.09160838644484,44.000840257991996,10.35,False
6,3.7725938254810125,0.05232463955937146,nan,nan,20,6173,43.953151221686014,42.1885208137425,10.05,False
7,3.750130550344872,0.051734917161613006,nan,nan,20,6398,46.068525644463705,45.04598923288154,10.5,False
8,3.7386312331081877,0.058879694462126035,nan,nan,20,6284,46.23854433814089,43.6123496704575,10.2,False
9,3.7325779818226423,0.05822994210090984,nan,nan,20,6045,43.751872902377926,41.38185046061654,9.9,False
10,3.731431213076878,0.059608675868345215,3.7270817369199096,0.05907911070985216,20,6593,48.79751631373161,47.5053584284031,10.85,False
11,3.715615254887567,0.06104262587256795,nan,nan,20,6733,49.50695101256432,48.51684056279855,11.0,False
12,3.7471197170092636,0.05387603445363959,nan,nan,20,5921,40.633216961473124,39.410748754579984,9.65,False
13,3.7147053549501687,0.06147091108671789,nan,nan,20,6377,45.08968579282889,44.293182875888,10.4,False
14,3.7272313787717026,0.06353677621283255,nan,nan,20,6390,47.729267550197534,45.210393875023335,10.45,False
15,3.7287997776278194,0.05926840561815095,nan,nan,20,6479,47.27747026019716,45.83951563560505,10.6,False
16,3.731179783453735,0.05942689677629437,nan,nan,20,6142,45.45845959482462,43.55513805710509,10.25,False
17,3.7279531593141466,0.058029014507253625,nan,nan,20,5997,41.46728610009533,40.346339280703994,9.8,False
18,3.718970405760177,0.05973773676542011,nan,nan,20,6177,44.45695350710074,42.6434554436285,10.1,False
19,3.7186175379298447,0.06356661969625803,nan,nan,20,6387,47.09938342178766,45.53322588010505,10.55,False
20,3.6973083567453546,0.06558154235145386,3.7118708395874536,0.056427039837490124,20,6328,45.9324809160682,44.741268530362,10.45,False
21,3.7086203859247853,0.06813116841770137,nan,nan,20,6282,45.49831579226703,43.59934488723605,10.25,False
22,3.6935315371126776,0.06235134216785593,nan,nan,20,5886,42.11432981496862,39.493704456474,9.6,False
23,3.722903642872875,0.07124802527646129,nan,nan,20,6330,45.78442770138621,44.20890873628154,10.35,False
24,3.6950683270547007,0.06462799495586381,nan,nan,20,6344,45.404090633254945,44.34062251476605,10.4,False
25,3.708282457034355,0.05797334189818532,nan,nan,20,6227,44.70890922463511,43.21261327247849,10.2,False
26,3.6920334573869735,0.07894736842105263,nan,nan,20,6460,47.72720448461043,45.64491298922405,10.55,False
27,3.6981559392373846,0.06953242835595777,nan,nan,20,6630,47.925322798307064,47.06794620840104,10.8,False
28,3.706335169923323,0.060089686098654706,nan,nan,20,6690,50.218065806170934,47.73091558434199,10.85,False
29,3.7194665771665876,0.06173855778729009,nan,nan,20,6074,43.69405325723967,41.698222212852045,9.95,False
30,3.7031748463161795,0.07172657252888319,3.6959762901501603,0.06793815596433811,20,6232,45.0399787959879,43.245809203102496,10.2,False
31,3.701473710783544,0.0686839577329491,nan,nan,20,6246,45.167906102696186,43.506148736271044,10.25,False
32,3.6745088702959583,0.06948164487159288,nan,nan,20,6347,45.44957036890207,44.08663452528104,10.35,False
33,3.665474171701474,0.07443667443667444,nan,nan,20,6435,47.22072385280724,45.617549889295546,10.55,False
34,3.691624671601698,0.07075471698113207,nan,nan,20,6572,48.09418775609064,46.83199479501506,10.75,False
35,3.680627343822393,0.07405032857829781,nan,nan,20,6239,44.51947397629073,43.37646594543799,10.25,False
36,3.6667259571658084,0.06964690638160026,nan,nan,20,6174,45.233326334115574,42.9972063584146,10.15,False
37,3.6975458907339447,0.06072137657180675,nan,nan,20,6044,43.45471772720654,41.32761159215655,9.9,False
38,3.673659807604962,0.06759474091260634,nan,nan,20,6465,46.66898235762932,45.698879845762,10.6,False
39,3.672230423843953,0.07033349138612296,nan,nan,20,6327,46.89780025765115,44.9526107117836,10.45,False
40,3.6492079130580426,0.07208409811446688,3.6499458573873795,0.09287890757250875,20,5993,42.47436747051441,40.36596079666799,9.75,False
41,3.624003138859864,0.0822441823398151,nan,nan,20,6274,46.98323289168326,43.8497432760315,10.2,False
42,3.6743465180766237,0.07087428867046043,nan,nan,20,5799,41.517842424381094,39.113804808064,9.55,False
43,3.6196060747619603,0.09046677816633723,nan,nan,20,6577,46.77348787976889,46.00516960126199,10.65,False
44,3.6182752101744176,0.0828983727356463,nan,nan,20,6514,47.229496434023886,45.82382510580054,10.6,False
45,3.617434914332969,0.09417574931880109,nan,nan,20,5872,40.17954937525728,38.743432946344,9.55,False
46,3.579947652917251,0.08947930981829287,nan,nan,20,6549,47.83824216682552,46.786492258581994,10.75,False
47,3.571431347718834,0.11211116374546029,nan,nan,20,6333,46.298387433075376,44.50159572794555,10.4,False
48,3.5262294372083463,0.11429015705178044,nan,nan,20,6431,45.3475705506719,44.62078075828299,10.45,False
49,3.5200667152229506,0.11094402673350041,nan,nan,20,5985,45.20261807595265,41.493299932691045,9.85,False
50,3.4672655800130765,0.1260978670012547,3.4358791825787747,0.16544408080352105,20,6376,45.95408247458772,44.48631414199054,10.4,False
51,3.407457304858238,0.14073305670816044,nan,nan,20,5784,42.748130991385764,39.34414996447105,9.55,False
52,3.357600063156797,0.1751394422310757,nan,nan,20,6275,45.30125854015899,43.766223292957,10.3,False
53,3.317266578772273,0.1587674247982392,nan,nan,20,6815,50.294067419492436,49.51650637227951,11.15,False
54,3.238020604367097,0.1900520920853638,nan,nan,20,5951,43.445454388802276,41.16748698109254,9.85,False
55,3.124709402487642,0.20955829109341056,nan,nan,20,6905,50.463197401049854,50.099641926115495,11.25,False
56,3.024595376587313,0.2387925881649731,nan,nan,20,6692,48.55510420500116,47.74871172546504,10.9,False
57,2.9109341322393623,0.26013941698352344,nan,nan,20,6312,45.07780725608986,43.23192639643154,10.2,False
58,2.854609781182109,0.27426089861366293,nan,nan,20,5987,43.16543164979674,40.79043532467349,9.8,False
59,2.865735676035329,0.2628730477810422,nan,nan,20,6467,46.162189501164974,45.31741114437155,10.55,False
60,2.7506977461766735,0.295076826591408,2.7070017228773895,0.33980363390136553,20,6378,46.300341165285026,44.59700211545749,10.4,False
61,2.6888908264332247,0.3125,nan,nan,20,6384,46.02037093732161,44.0317184914975,10.3,False
62,2.5931818054356706,0.33746177370030583,nan,nan,20,6540,47.898973332553325,46.30548268540604,10.65,False
63,2.4891346530270932,0.35877985797288575,nan,nan,20,6196,44.16049751076723,42.7602059397925,10.15,False
64,2.470627004575759,0.3739170792079208,nan,nan,20,6464,46.44669642157302,45.376899560457495,10.55,False
65,2.397123894753762,0.38405581947743467,nan,nan,20,6736,51.16729871661249,48.754775803361,11.0,False
66,2.4365562287534583,0.3674677812608847,nan,nan,20,5742,39.57271519311428,38.068435689893995,9.45,False
67,2.2776661236314353,0.4111698817672682,nan,nan,20,6428,46.204653855440185,45.063248815666505,10.5,False
68,2.2405582849311827,0.40816,nan,nan,20,6250,45.37611675955748,43.78443420827605,10.3,False
69,2.1648801998606007,0.4250809061488673,nan,nan,20,6180,43.7952622210103,42.672842619522996,10.15,False
70,2.2090518756949695,0.4239277652370203,2.163008220765381,0.4504570590226837,20,6645,47.83117507544322,47.053824731576995,10.8,False
71,2.1731581531971447,0.43195541105434276,nan,nan,20,6459,45.97728371063428,45.02524286569558,10.5,False
72,2.0954903849560744,0.45254777070063695,nan,nan,20,6280,45.533494306755074,43.89512218174299,10.3,False
73,2.020683030776063,0.47269914926527457,nan,nan,20,6465,46.37551643289775,45.65876245412605,10.6,False
74,1.9782587636409033,0.4847948511665326,nan,nan,20,6215,44.413389956740026,42.88170294490254,10.15,False
75,2.007882622925632,0.477429718875502,nan,nan,20,6225,44.24607456511365,43.313897536464495,10.25,False
76,1.8151302349108915,0.5191529118654624,nan,nan,20,6422,46.59392582398334,45.144628641717,10.5,False
77,1.815929404713077,0.5135175728446981,nan,nan,20,6658,52.101620147025805,48.52292971535454,10.9,False
78,1.804054092054247,0.5225667792447037,nan,nan,20,6514,46.48372409787799,45.3943334824625,10.55,False
79,1.927578654764647,0.4877885580461693,nan,nan,20,5978,42.65371966593217,40.59448640858059,9.8,False
80,1.7139088980625699,0.5564667691781993,1.8634146946088117,0.5051348606252116,20,5853,42.319223494455834,39.37559559744204,9.55,False
81,1.771375029060059,0.525173064820642,nan,nan,20,6356,45.751286257213096,44.445787806505095,10.4,False
82,1.7374997983368277,0.5387677121477472,nan,nan,20,6281,47.0783116669819,43.81295633894899,10.25,False
83,1.6327863849347337,0.5693543404386778,nan,nan,20,6474,46.76537714632561,45.71999426241249,10.6,False
84,1.60858362675246,0.5801404853128991,nan,nan,20,6264,45.18107782015023,43.78443420827605,10.3,False
85,1.665987599383887,0.556076226179319,nan,nan,20,6402,45.664174134969706,44.71397690924799,10.45,False
86,1.466937960928271,0.599040544722996,nan,nan,20,6462,47.37614123853594,46.13840350742909,10.65,False
87,1.5308547768512706,0.5914711477488903,nan,nan,20,6308,46.198436041847934,44.545802558076495,10.4,False
88,1.5567304199295384,0.5709965437788018,nan,nan,20,6944,52.07964442723801,50.10180009251199,11.2,False
89,1.546726038755335,0.5985778926955397,nan,nan,20,6188,43.96153557231761,42.97872343117349,10.2,False
90,1.451730508153403,0.6085099652008858,1.5557252767056162,0.5789414287326486,20,6322,47.669208602449295,44.87485195646379,10.4,False
91,1.4311238127072505,0.6172087806441275,nan,nan,20,6241,45.339503481490794,43.51126890458555,10.25,False
92,1.5044504507141865,0.5905897729129227,nan,nan,20,6121,42.19178755436347,41.030785292413505,9.9,False
93,1.4608356430599183,0.6053169734151329,nan,nan,20,6357,44.207812876008106,43.570556574987535,10.3,False
94,1.3445171167461,0.6314371731896689,nan,nan,20,6311,45.991235199237025,44.48631414199055,10.4,False
95,1.3498362623988305,0.6361318830727396,nan,nan,20,5884,42.68066902184603,40.12759209436901,9.7,False
96,1.369227851278134,0.632844007097919,nan,nan,20,6199,43.92171464871329,42.695894138618485,10.15,False
97,1.3733406596537927,0.633289124668435,nan,nan,20,6032,44.25859357348132,41.56562836807154,9.9,False
98,1.336719453487788,0.6414821944177094,nan,nan,20,6234,45.030956091416336,43.514885068298,10.25,False
99,1.3610330802621144,0.6273040611419152,nan,nan,20,6673,47.64864180064843,46.738972983270095,10.75,False
100,1.3656873761743327,0.6263543658381134,1.3516399550553626,0.6319264191400519,20,6276,45.80928913833552,44.43166632968104,10.4,False
101,1.3140508904686568,0.6439114391143912,nan,nan,20,6504,46.78034020305088,45.48441089849104,10.55,False
102,1.2986079523734206,0.6474203461103024,nan,nan,20,6183,45.015343154419504,42.971412311466544,10.15,False
103,1.1865608429320478,0.6770770163735598,nan,nan,20,6596,47.14390516398871,46.625110101552984,10.75,False
104,1.2555803679235351,0.6563091482649842,nan,nan,20,6340,45.682728045218255,44.42337768355249,10.4,False
105,1.1863360131420149,0.6699243379571248,nan,nan,20,6344,44.81235761805998,44.225190580068485,10.4,False
106,1.2456092529680574,0.654769630110318,nan,nan,20,6164,43.12013207566367,41.76435000426849,10.0,False
107,1.1090070639573784,0.7037732894942853,nan,nan,20,6387,46.69083407395822,45.19187457035054,10.5,False
108,1.197319162149148,0.6690151181564655,nan,nan,20,6813,48.99861276449588,48.401776677565536,11.0,False
109,1.1573356831607189,0.6885603112840467,nan,nan,20,6425,45.6612488560105,44.44274870800249,10.4,False
110,1.3219561135250915,0.6409005037783375,1.232148200027992,0.6600835120189595,20,6352,45.22694888834739,44.05922646278675,10.35,False
111,1.2063126019584354,0.6696169938847764,nan,nan,20,6214,44.2271678703781,42.77626451906154,10.15,False
112,1.2257401656303133,0.6689231738035264,nan,nan,20,6352,45.566399867616916,44.08663452528104,10.35,False
113,1.1722199666416617,0.672057352450817,nan,nan,20,5998,44.22032870823483,41.48316091849004,9.9,False
114,1.096161645376706,0.6993712772998014,nan,nan,20,6044,43.71194437031449,40.829168309552,9.8,False
115,1.0348891862571212,0.7224435590969456,nan,nan,20,6777,49.22220884856315,48.190503734095245,10.95,False
116,1.0387618176799749,0.7039194081536282,nan,nan,20,6353,46.56314758745469,44.64093559891009,10.4,False
117,1.0635521608315974,0.7002619818153799,nan,nan,20,6489,47.885163426862235,46.51001450971054,10.7,False
118,1.03286593596838,0.7158444022770398,nan,nan,20,6324,46.23147347706967,44.30316192339554,10.35,False
119,1.1673219130521089,0.677744708994709,nan,nan,20,6048,43.91398116132739,41.9371825890835,10.0,False
120,0.9814766897211393,0.7300476947535771,1.1279266701502315,0.6821464845954182,20,6290,44.819467019189794,43.69881428020704,10.3,False
121,1.060496448484916,0.7007203667321545,nan,nan,20,6108,44.80607914909914,41.716364380452,9.9,False
122,1.0034130029171946,0.7193909260410193,nan,nan,20,6436,45.52428382163693,44.93249440062899,10.5,False
123,1.1002527543118492,0.6903765690376569,nan,nan,20,6214,44.1379418038989,42.50497198688299,10.1,False
124,0.9866637763285813,0.7285012285012284,nan,nan,20,6512,47.23386464926705,45.837946582624596,10.6,False
125,0.9167412226905428,0.7374549032469662,nan,nan,20,6098,45.08837339425648,42.311101025597495,10.0,False
126,1.087425414998315,0.6982406534715677,nan,nan,20,6366,44.7077135384061,44.20950005026399,10.4,False
127,1.0063480381225496,0.724301279014685,nan,nan,20,6333,46.0889840261651,44.497396520311995,10.4,False
128,1.1036800272100473,0.7041880483363682,nan,nan,20,6041,43.48734985121607,41.120408718813984,9.85,False
129,0.961965601178991,0.7237324373854612,nan,nan,20,6548,47.50908069697718,46.9838953333125,10.8,False
130,0.9271709603030788,0.7373021853805577,1.0445160161640343,0.7031373434149645,20,6635,47.88294854013139,47.06159466471749,10.8,False
131,0.9483426470012593,0.7344360902255639,nan,nan,20,6650,48.59559462666423,47.76283320228909,10.9,False
132,0.9968727798997846,0.7099211563731932,nan,nan,20,6088,43.71923723759149,41.89929671820655,10.0,False
133,0.8478203302331381,0.7644402926981162,nan,nan,20,6423,46.593188867757874,45.21326212110299,10.5,False
134,0.850467231953619,0.7577266483516484,nan,nan,20,5824,42.817058659119816,39.637140674666554,9.6,False
135,0.9385491070331154,0.7434003771213074,nan,nan,20,6364,46.23938482465016,44.31353142675959,10.35,False
136,0.9684525163101605,0.7328431372549019,nan,nan,20,6120,43.70280032027601,42.38766728067349,10.1,False
137,1.0140480754336236,0.713944766450733,nan,nan,20,5866,42.25774653106319,39.767797417002036,9.65,False
138,0.8429145703233032,0.760141364474493,nan,nan,20,6508,47.18475803694715,46.36064238784054,10.7,False
139,0.9520887377797421,0.7337185694205841,nan,nan,20,6403,46.16466996235626,45.071076646646745,10.5,False
140,0.8495564192712628,0.762733312242961,0.96527105536879,0.7193883308881616,20,6322,44.00920788582749,42.994413960977994,10.2,False
141,0.9280881480541313,0.7411985604756689,nan,nan,20,6391,46.93090721256521,45.20930849235555,10.5,False
142,0.8761150021272459,0.7603838892385147,nan,nan,20,6356,44.91324449583029,43.719560647393,10.3,False
143,0.8905530360893552,0.75,nan,nan,20,5900,42.15893057097114,40.22612352054705,9.75,False
144,0.8939025587384751,0.7505141591520329,nan,nan,20,6321,46.81706991126245,44.985599353845544,10.45,False
145,0.8695623500329356,0.757302672467371,nan,nan,20,6436,45.77161285038037,44.70892107186654,10.45,False
146,0.950231178546167,0.725512715340443,nan,nan,20,6095,43.08437266365874,41.22625617171724,9.9,False
147,0.9422109275174,0.7369179068650984,nan,nan,20,6249,44.464284924216855,43.111070574888004,10.2,False
148,0.83348037716934,0.7639685895499849,nan,nan,20,6622,48.50140885688823,47.19446052142005,10.8,False
149,0.8800003311845467,0.7494086106292382,nan,nan,20,6341,45.61040099547537,44.12421646505009,10.35,False
150,0.890947588122065,0.7516259448057655,0.9044796440432107,0.7366550050784336,20,5689,40.1136457699153,37.52833239570899,9.3,False
151,0.8268938252560294,0.7602552415679125,nan,nan,20,6582,49.64458046914912,46.84063388440653,10.7,False
152,0.8395119139280673,0.7581153482508667,nan,nan,20,6346,45.08227749149516,44.05947228347849,10.35,False
153,0.8720084176941371,0.7539901780233272,nan,nan,20,6516,47.25262885080035,46.375463158647236,10.7,False
154,0.7656691991456954,0.775843802028152,nan,nan,20,6607,49.95266068005002,48.096096399022606,10.9,False
155,0.8088994052252539,0.7684972048668202,nan,nan,20,6082,42.84283796452535,41.438689224318495,9.95,False
156,0.8134862766889899,0.7724723601986861,nan,nan,20,6241,45.86392049507082,43.7751950501456,10.25,False
157,0.8447383997165197,0.7602081034210941,nan,nan,20,6343,49.08225365059975,45.123985780531996,10.4,False
158,0.8253603529321282,0.7565170166545981,nan,nan,20,5524,39.568483061262306,36.20252235119899,9.05,False
159,0.7443206312987626,0.7860635696821516,nan,nan,20,6544,47.38233116423121,46.67392508316699,10.75,False
160,0.8496375860217178,0.7596685082872928,0.847399815118228,0.7566301771809051,20,6154,42.758820854944226,41.402764344159486,9.95,False
161,0.8728665919851454,0.7508509189925119,nan,nan,20,5876,41.96388566775666,39.909457113801544,9.7,False
162,0.8586744813451891,0.7587380142282709,nan,nan,20,6466,47.903200513351315,46.50418167901505,10.7,False
163,0.7658317758132053,0.7783136278780336,nan,nan,20,6428,44.85568053899193,44.26005842407848,10.4,False
164,0.7867283788627188,0.7738446411012783,nan,nan,20,6102,42.58325550653202,41.631139534649485,10.0,False
165,0.7671831884238318,0.7775410833840536,nan,nan,20,6572,47.84284446771439,46.494149640686,10.7,False
166,0.6472683310797657,0.8040368722186904,nan,nan,20,6292,46.13552978110379,44.5176308706665,10.4,False
167,0.7196863528674616,0.7917991631799163,nan,nan,20,5975,42.90737692524746,40.67588108840705,9.8,False
168,0.7912449082029437,0.7765940531086023,nan,nan,20,6289,45.30748996266881,43.588832426242995,10.25,False
169,0.7833470999065139,0.7754618664140218,nan,nan,20,6333,46.736289713360556,44.3746603746405,10.35,False
170,0.8112072045765336,0.7644764476447645,0.8203624486250555,0.7614829026069292,20,6666,47.853076801935636,47.05051228639604,10.8,False
171,0.8084473548317402,0.7733652312599681,nan,nan,20,6270,44.78766298526525,43.411118555843,10.25,False
172,0.7344617438391309,0.7842377260981912,nan,nan,20,6192,45.10278245639059,43.28295161459249,10.2,False
173,0.78690457959926,0.7663934426229508,nan,nan,20,6344,45.356509918315126,44.344109299167044,10.4,False
174,0.820843963034046,0.7674457709769632,nan,nan,20,5947,42.28687592295147,40.4959051128185,9.8,False
175,0.7617917052653779,0.7788535423390195,nan,nan,20,6507,46.92553609970505,46.051487873057994,10.65,False
176,0.7316844512605327,0.7886115444617785,nan,nan,20,6410,48.72620464135245,46.17535711569284,10.6,False
177,0.7093901414642688,0.7954220314735336,nan,nan,20,6291,43.64587645479261,42.64975020604253,10.15,False
178,0.6760482314260478,0.8006033182503771,nan,nan,20,6630,47.982298848522746,47.086949183386494,10.8,False
179,0.7218646342614261,0.7838441890166028,nan,nan,20,6264,46.22160569499851,44.51571720476959,10.4,False
180,0.7528556666313921,0.7779010779961953,0.7536094634463779,0.7803295339126509,20,6308,44.59522271533914,43.68138035820205,10.3,False
181,0.7055472497866578,0.7987235367372354,nan,nan,20,6424,46.463438711248806,45.15506962389554,10.5,False
182,0.6384477136814091,0.8082934609250398,nan,nan,20,6270,45.95947178928499,43.708425278250054,10.25,False
183,0.7173618297604873,0.7935052827843381,nan,nan,20,6436,45.99508048481721,45.0318677560575,10.5,False
184,0.674863709478912,0.8028354764259809,nan,nan,20,6066,40.911815595898055,40.49318398161999,9.85,False
185,0.7462349603941772,0.7804686271426325,nan,nan,20,6359,45.096681075377106,44.57002867422399,10.45,False
186,0.7103140493215352,0.7983732207101517,nan,nan,20,6393,45.227955125663776,43.82887327812399,10.3,False
187,0.6749398859884984,0.8046730542948395,nan,nan,20,5949,41.34067775758898,39.60518388460399,9.65,False
188,0.745936820944297,0.7830415930624699,nan,nan,20,6227,44.61210967775046,43.10698113639299,10.2,False
189,0.6999430847039536,0.7954619653934052,nan,nan,20,6126,43.82879431755078,42.235630932628496,10.05,False
190,0.7291121808008645,0.7851437699680511,0.7086502315228282,0.7959598239476358,20,6260,47.15320609190146,44.330479502529094,10.3,False
191,0.6887549990737193,0.807023355971509,nan,nan,20,6037,43.75915895705002,41.866949472287494,10.0,False
192,0.6330393743075187,0.8178494266245637,nan,nan,20,6017,42.72273067943138,40.835319320128,9.85,False
193,0.6685789649742581,0.8015506433520291,nan,nan,20,6062,42.7428693347831,40.8703808743825,9.85,False
194,0.6860706503253905,0.7995061728395062,nan,nan,20,6075,45.139874625008325,42.49398037253055,10.05,False
195,0.6986855478751943,0.7995790836975878,nan,nan,20,6177,43.71712778482123,42.15171586728749,10.05,False
196,0.6981186410978597,0.7955337345581248,nan,nan,20,6314,45.62477933924713,44.12421646505009,10.35,False
197,0.6231872833728862,0.8173018753781004,nan,nan,20,6612,48.499816385178654,47.74539928028409,10.9,False
198,0.6719723630118388,0.8031105228325612,nan,nan,20,6044,44.86179149048199,42.40939117428105,10.05,False
199,0.6493196579508823,0.8099362640954404,nan,nan,20,6119,43.98843167004315,42.23972037112348,10.05,False
200,0.5801750464739704,0.8344086021505376,0.7064550861240362,0.7920099311590114,20,6510,46.82273116782944,45.468352319222,10.55,False
201,0.6804997575939863,0.7977511244377811,nan,nan,20,6670,51.46105579394947,48.40418533547603,10.9,False
202,0.7003352959269541,0.7903305377405032,nan,nan,20,6081,43.1987577450403,41.80115495072349,10.0,False
203,0.6210266794407606,0.8154554109806411,nan,nan,20,6302,45.287847379212344,44.585719204028486,10.45,False
204,0.6530867743512289,0.8021907216494846,nan,nan,20,6208,44.869250461425324,43.24573772428799,10.2,False
205,0.6671818473420067,0.801194126190092,nan,nan,20,6197,44.36978036974411,42.848210443628496,10.15,False
206,0.568310151507871,0.8248456790123457,nan,nan,20,6480,48.77613878672916,46.98500866948165,10.75,False
207,0.6574751921183803,0.8042539049518113,nan,nan,20,6018,41.386277986193505,40.32890535869899,9.8,False
208,0.5628532114684898,0.831359102244389,nan,nan,20,6416,48.23192447299015,45.671302911520044,10.5,False
209,0.6716528226103534,0.8005269683818971,nan,nan,20,6452,49.07810537510369,46.38217157868703,10.65,False
210,0.5866656253779416,0.8231582036982683,0.6688431444817614,0.8030696309671594,20,6814,49.925948619552756,49.156152087539546,11.1,False
211,0.6242674224396683,0.8207472804666561,nan,nan,20,6343,46.13147377728153,44.49791523330005,10.4,False
212,0.5441473559851154,0.8373797526339899,nan,nan,20,6549,48.437123140277436,47.1700336595886,10.8,False
213,0.6082855129934661,0.825024279702169,nan,nan,20,6178,45.016160360308746,42.46151860107601,10.05,False
214,0.6499799120083213,0.8073379667043802,nan,nan,20,6187,44.02940867103496,42.73076198262849,10.15,False
215,0.6536906974771696,0.8046575762218477,nan,nan,20,6527,46.94166793329751,46.0262840179125,10.65,False
216,0.69254479260642,0.7999648135116115,nan,nan,20,5684,40.83464568825084,37.800940374349494,9.3,False
217,0.5831185945225246,0.8252518891687658,nan,nan,20,6352,45.67717489243552,44.39660477542654,10.4,False
218,0.6318300682817797,0.8045920859794822,nan,nan,20,6141,43.36385917868975,42.05092412240204,10.05,False
219,0.6901830289875363,0.7902210747135711,nan,nan,20,6197,43.51180709105052,42.33977995589704,10.1,False
220,0.5795032590356485,0.8289927831816756,0.635301772761918,0.8148628822931949,20,6374,47.27872466989265,45.32869405580054,10.5,False
221,0.5767881083691598,0.8272325654780688,nan,nan,20,6338,47.20018548051916,44.81831200427509,10.4,False
222,0.5887631226364193,0.8221461527012949,nan,nan,20,6719,49.34628273866875,48.215008295258095,10.95,False
223,0.5401525072064371,0.8386947107949273,nan,nan,20,6466,46.552682222411,45.4177939454075,10.55,False
224,0.6161551027809541,0.8149606299212598,nan,nan,20,6350,45.49747159672735,44.110094988226045,10.35,False
225,0.5823995856516846,0.8213511000929656,nan,nan,20,6454,46.3039595989838,45.1375713709575,10.5,False
226,0.5935877901793213,0.8243222777525367,nan,nan,20,6603,48.036662519722945,47.37580501688149,10.85,False
227,0.5846832707615839,0.8188610327079529,nan,nan,20,6023,43.21499253413764,41.036948035528,9.85,False
228,0.5514703291124771,0.8346481539917955,nan,nan,20,6338,45.19409510413781,44.05351007347154,10.35,False
229,0.6497181043814778,0.8059480775550444,nan,nan,20,6086,43.870129304925605,42.18105459913349,10.05,False
230,0.5090876961702091,0.8452872104093938,0.6200398042581109,0.8168378286875071,20,6302,46.1223459972192,43.99817603181699,10.3,False
231,0.5746425761658133,0.8306861989205859,nan,nan,20,6485,46.82097662454725,45.2831915193675,10.5,False
232,0.705034223928389,0.7953699206734661,nan,nan,20,6177,44.343319202203425,42.292287326197496,10.05,False
233,0.5422074912993194,0.8362435110901368,nan,nan,20,6357,47.18036495197025,45.006849580243596,10.45,False
234,0.5519579711320373,0.8394361881415658,nan,nan,20,6527,46.33138895951722,45.371650012831545,10.55,False
235,0.5063180471482706,0.8439878234398782,nan,nan,20,6570,47.17338893085471,46.36238578004104,10.7,False
236,0.6324919796316321,0.8171347428210792,nan,nan,20,6338,45.373600806946165,44.062849059592494,10.35,False
237,0.5584044031662945,0.8352101506740682,nan,nan,20,6305,45.70248260096195,44.14165038705509,10.35,False
238,0.5378734107897223,0.8432869330938483,nan,nan,20,6681,49.80742549037464,48.374511250339054,10.95,False
239,0.5905867789690077,0.8332564930075304,nan,nan,20,6507,47.83343781032543,46.27218389437649,10.65,False
240,0.6133552137968643,0.8162134944612286,0.6059996434116912,0.8194898995598691,20,5958,41.41187581107077,40.059420549654,9.75,False
241,0.5740897103416487,0.8259605081891933,nan,nan,20,6533,47.74379796088121,46.75162441457199,10.75,False
242,0.5823152767942886,0.8275917839236616,nan,nan,20,6183,43.590852813690915,42.349118942017995,10.1,False
243,0.6102309341273152,0.8213879408418657,nan,nan,20,6153,44.58787704967018,42.09680777293723,10.0,False
244,0.515207751021434,0.8431156569630213,nan,nan,20,6355,45.205012363754236,44.58571920402849,10.45,False
245,0.6278489409606295,0.817121236008198,nan,nan,20,6343,46.734492529705875,44.47124215316459,10.35,False
246,0.7148038031587629,0.7949371119248527,nan,nan,20,6281,45.175952750456574,44.03745149420249,10.35,False
247,0.5144969367746753,0.8378912184746278,nan,nan,20,6582,48.13688959663532,46.84359588632455,10.75,False
248,0.5440144877145954,0.8472308649657747,nan,nan,20,6428,47.021985316640055,45.22499902216005,10.5,False
249,0.5658052679955577,0.8300774671606601,nan,nan,20,5938,42.109201265883726,40.465387379114006,9.8,False
250,0.493110529299358,0.8510773130544994,0.58084858205111,0.8294210585712674,20,6312,46.47718954381464,44.21504756783155,10.3,False
251,0.5631600402755502,0.8296296296296296,nan,nan,20,6480,47.468058425637096,45.240844889295545,10.45,False
252,0.5485319494524731,0.840937306021105,nan,nan,20,6444,46.9932078024916,45.52162478879554,10.55,False
253,0.5408534657629904,0.8332802040165763,nan,nan,20,6274,46.253972899793126,43.485682538626506,10.2,False
254,0.5463821046527509,0.8375354554049795,nan,nan,20,6346,47.3646882673677,45.307306505048096,10.5,False
255,0.6086523486803773,0.8201066499372648,nan,nan,20,6376,45.22539831388059,44.31061679789299,10.4,False
256,0.5648423425041239,0.8282345442957297,nan,nan,20,6276,45.57894897847105,43.6393908000575,10.25,False
257,0.5524565251630466,0.8278145695364238,nan,nan,20,6040,42.722081081644546,40.935701908587546,9.85,False
258,0.5511109764051872,0.8375533862111043,nan,nan,20,6556,47.36384873606727,46.39095997820724,10.7,False
259,0.5740586887700089,0.8371537726838586,nan,nan,20,6282,45.24100554450315,44.0707696562565,10.35,False
260,0.6172425038895654,0.8213853599516031,0.5695550468782985,0.8289696422525674,20,6612,47.864455400439105,46.79887034320555,10.75,False
261,0.5405725865632659,0.8369479183156562,nan,nan,20,6317,45.46722065567534,44.097716903602496,10.35,False
262,0.5592151514578879,0.8254043020882399,nan,nan,20,6369,46.76229356883573,44.92583780365764,10.45,False
263,0.5648834676268311,0.8360528360528361,nan,nan,20,6435,45.93973583066756,44.73795608518104,10.45,False
264,0.5836729404193998,0.8239299610894941,nan,nan,20,6168,43.996580290476764,42.22287664092105,10.05,False
265,0.5262023349365723,0.8480210265924552,nan,nan,20,6468,49.67621825656883,45.810175184441995,10.5,False
266,0.5893309721521542,0.8254016832440704,nan,nan,20,6535,47.46610489891861,46.4416541644265,10.7,False
267,0.567956260640224,0.8316959252697697,nan,nan,20,6209,46.582313853329325,43.69217742339555,10.2,False
268,0.5169038111853839,0.844671201814059,nan,nan,20,6174,44.899211983355485,42.967322872971536,10.15,False
269,0.4813055827583809,0.8473981382572867,nan,nan,20,6553,47.485593502079176,46.96820480350799,10.8,False
270,0.4808199220997856,0.852294154619736,0.5886846499200358,0.8221419704322311,20,6364,46.79714386292462,44.4819564820215,10.35,False
271,0.5171236159935345,0.8386020651310564,nan,nan,20,6295,44.97580200336178,43.50283629109009,10.25,False
272,0.481158305867814,0.8547073023536512,nan,nan,20,6628,48.61230261294174,47.48494330573524,10.85,False
273,0.5374687362770524,0.8396651641983258,nan,nan,20,6212,44.92005083341922,43.440930562471536,10.25,False
274,0.5462436089635034,0.8359153756455105,nan,nan,20,6003,45.03355168671489,41.74791977928105,9.9,False
275,0.5370998759833118,0.8421290031574199,nan,nan,20,6651,47.93543706352889,47.065834766736,10.8,False
276,0.39766405447070236,0.8754415604361849,nan,nan,20,6511,46.990985213230836,45.7728986825215,10.6,False
277,0.4797055902165194,0.8489541753153441,nan,nan,20,6263,44.511183162855254,43.358623079583495,10.25,False
278,0.501045416615062,0.8461414531980023,nan,nan,20,6207,44.48028520834324,43.070176189938,10.2,False
279,0.45737453182667026,0.86092006724744,nan,nan,20,6543,48.00829943616488,46.814560873010045,10.75,False
280,0.530918683389601,0.8428661219358894,0.5384268674714855,0.8408193206184403,20,6364,44.731057780477386,43.932654251927985,10.35,False
281,0.5073898206610341,0.8425183415799352,nan,nan,20,5861,42.07520313569744,39.77152787005399,9.65,False
282,0.49277721300092897,0.8511111111111112,nan,nan,20,6300,45.463837135203775,44.118015584890045,10.35,False
283,0.5272587356066533,0.8420795306388527,nan,nan,20,6136,44.71460131252515,42.14853962428104,10.0,False
284,0.5399205944887444,0.8344965104685942,nan,nan,20,6018,42.310342483918504,41.06615056519949,9.9,False
285,0.5367229167599925,0.8411957029425502,nan,nan,20,6423,46.104965921254625,45.04230873823603,10.5,False
286,0.5221112407004617,0.8407413482040348,nan,nan,20,6097,44.844190601338184,42.392396780555096,10.05,False
287,0.47452156935788453,0.8564516129032258,nan,nan,20,6200,44.39960871877219,42.80938897087104,10.15,False
288,0.5612023035594291,0.8367658276125095,nan,nan,20,6555,47.98137527009874,46.7926694630455,10.75,False
289,0.5441771108668799,0.8380877742946709,nan,nan,20,6380,45.300578848997695,44.339694857928485,10.4,False
290,0.499375016758125,0.8462268628381585,0.5320617339234631,0.839860060941203,20,6321,45.015562836909446,44.006264144838,10.35,False
291,0.4837682239366075,0.8547100337526848,nan,nan,20,6518,46.905694922731506,45.753118714222,10.6,False
292,0.5377130746086775,0.837656608434798,nan,nan,20,5667,40.70048568525435,37.468238056918,9.25,False
293,0.4296549105501495,0.8674329501915709,nan,nan,20,6525,47.957810554548225,46.81630426521054,10.75,False
294,0.5280882063652429,0.8360603653693407,nan,nan,20,6295,44.885731657522214,43.735444887442,10.3,False
295,0.5885555154360756,0.8235007313505607,nan,nan,20,6153,43.86484252642931,42.44729129393059,10.1,False
296,0.5535725997063439,0.8340221524218879,nan,nan,20,6049,44.53258536131639,42.4540715216235,10.05,False
297,0.43986653215801225,0.8670475602223595,nan,nan,20,6476,46.41206225927584,45.100053762121505,10.5,False
298,0.5267471210199088,0.8407377706495589,nan,nan,20,6235,46.89522333140157,44.22882490675555,10.3,False
299,0.45187643881618605,0.8613719560719402,nan,nan,20,6283,46.23941980677271,44.07945278488555,10.3,False
300,0.47685506605556416,0.8587147185456865,0.5197620901656789,0.8421735695745401,20,6271,45.163471239715655,43.51903883772605,10.25,False
301,0.5291980784107854,0.8443479659109182,nan,nan,20,6219,45.45390878865923,43.53401027205624,10.25,False
302,0.5157975986374147,0.8433811802232855,nan,nan,20,6270,44.586084642432326,43.64825590639254,10.3,False
303,0.5131828642913785,0.8470298553401047,nan,nan,20,6498,47.14276865182206,46.079246335861235,10.65,False
304,0.4854728142936263,0.8523033085325312,nan,nan,20,6317,45.06126439566493,43.7365468834996,10.3,False
305,0.5532764630195254,0.83250266998932,nan,nan,20,5618,40.18948908591425,37.3024629790585,9.25,False
306,0.5499823621967668,0.8391998759497596,nan,nan,20,6449,45.96668670650141,44.99175036442154,10.5,False
307,0.49917572722486403,0.8437156755060411,nan,nan,20,6373,45.22530120110886,44.3282444301425,10.4,False
308,0.5525391601403011,0.8254433056775663,nan,nan,20,6147,42.22927257010714,41.31994484443999,9.95,False
309,0.5222782354629957,0.842905982905983,nan,nan,20,5850,41.86720075058686,39.4097179123185,9.6,False
310,0.4547527600297883,0.8629976580796253,0.5064063519794373,0.8474777113192642,20,5978,42.09691796247098,40.708805007108985,9.85,False
311,0.5088268798395954,0.8448876226654004,nan,nan,20,6318,45.47078689497481,44.38657273709751,10.4,False
312,0.4937794363183804,0.8585230063861143,nan,nan,20,6107,47.44692619181175,43.1445282545481,10.05,False
313,0.46390020214430094,0.8605754968851973,nan,nan,20,6742,49.49714432836875,48.481972718788555,11.0,False
314,0.4250002497222935,0.8735423292442829,nan,nan,20,6603,48.03844597851954,46.5477471130031,10.7,False
315,0.4328433239070977,0.8596433289299867,nan,nan,20,6056,44.0822220962945,41.572958772932985,9.9,False
316,0.4456600175476568,0.8622811168954093,nan,nan,20,6339,44.9242985529184,43.969459198383,10.35,False
317,0.5537075283282855,0.835529693650522,nan,nan,20,5843,41.80929864234143,39.51208517047304,9.6,False
318,0.5311534836642402,0.8339185393258427,nan,nan,20,5696,40.666739967917025,37.228054483604,9.2,False
319,0.4575364982578621,0.8596965600120174,nan,nan,20,6657,48.64638856450587,47.4896678985986,10.85,False
320,0.5377038608904033,0.8379629629629629,0.5094938522374814,0.8465748786818643,20,6264,46.076055732901295,43.960131552373596,10.3,False
321,0.46276706668118267,0.8635547576301615,nan,nan,20,6127,43.60349093622386,42.11859141547801,10.05,False
322,0.4691879365144822,0.8592413236481034,nan,nan,20,6195,45.10128762948557,43.21111569831254,10.2,False
323,0.4604321387713384,0.8606622940329547,nan,nan,20,6251,45.60109580237412,43.65701843230699,10.25,False
324,0.4515066116336303,0.8569830616810482,nan,nan,20,6258,43.73766743357771,42.668753181027995,10.15,False
325,0.4260630838344001,0.8655634357762018,nan,nan,20,6345,45.038746104107965,43.75305314866704,10.3,False
326,0.48654844106027956,0.8493808049535604,nan,nan,20,6460,45.861216592236744,44.710664464067044,10.45,False
327,0.40973005163145904,0.8759941089837997,nan,nan,20,6790,50.30181414464366,49.784790177808596,11.2,False
328,0.4802029859805662,0.8517491138850363,nan,nan,20,6489,45.94898617017494,45.29127963238849,10.55,False
329,0.4889636478442222,0.8526134044890912,nan,nan,20,6371,46.52380949710308,44.42012201964104,10.35,False
330,0.41278860305943227,0.8686868686868687,0.49358380935273094,0.8513147500282136,20,6435,46.016570967169926,45.29127963238848,10.55,False
331,0.4314910242322973,0.8698160274399751,nan,nan,20,6414,46.23748493291859,45.066929310312,10.5,False
332,0.47497440168015154,0.8560680405626431,nan,nan,20,6114,43.773024680708424,41.8628600337925,10.0,False
333,0.36951783865672744,0.8838028169014085,nan,nan,20,6816,50.20168289994214,49.48181286748955,11.15,False
334,0.42289868805211367,0.8678455095393206,nan,nan,20,6447,46.36879526614703,45.64675241896704,10.6,False
335,0.4682991083318018,0.8506722151088348,nan,nan,20,6248,45.37527785937551,43.35771346196655,10.2,False
336,0.4491746544604272,0.8582928311057109,nan,nan,20,6584,48.512491313618156,47.46353638661554,10.85,False
337,0.4663117102967748,0.8533355966728908,nan,nan,20,5891,42.8222844996301,39.96596300007799,9.65,False
338,0.398421254857671,0.8745740710692844,nan,nan,20,6163,44.65203966229719,42.89408124210249,10.15,False
339,0.44212747430063776,0.8613374327440431,nan,nan,20,6505,47.13129506766213,46.07178655434554,10.65,False
340,0.45259448512956696,0.8676973148901546,0.4876340952095524,0.8530639882631758,20,6145,45.10063030257753,43.19985898077105,10.2,False
341,0.42317086022331646,0.8707810993249759,nan,nan,20,6222,44.939392205241354,43.478448171307534,10.25,False
342,0.471203443394973,0.8587147185456865,nan,nan,20,6271,45.59850913719668,43.85623637805249,10.3,False
343,0.4599356320726398,0.8575255315586807,nan,nan,20,5973,43.69950051897294,41.38185046061655,9.9,False
344,0.44181384076796487,0.8643764246173885,nan,nan,20,6142,42.8275014210237,42.220667526553996,10.1,False
345,0.4911801030974538,0.8563544879078072,nan,nan,20,6161,45.143613617830596,43.00044732478105,10.15,False
346,0.48689096190187947,0.8458870168483648,nan,nan,20,6054,42.285972260499534,41.039073938542046,9.9,False
347,0.4635683043702651,0.8598613126915013,nan,nan,20,6201,44.472840874110894,42.865838075877996,10.15,False
348,0.36454117170537825,0.8881381381381381,nan,nan,20,6660,48.3477256092279,47.17665854995051,10.8,False
349,0.4478561274953149,0.8581580855692531,nan,nan,20,6895,50.91735835725564,50.18609674533828,11.25,False
350,0.4710475759062226,0.845942450695118,0.4761456750529222,0.8560546213745627,20,6186,44.10976415199253,43.017680713678494,10.2,False
351,0.48295010429811075,0.8502786564241602,nan,nan,20,6639,50.15663166820763,48.62634690111684,11.0,False
352,0.48323914227471976,0.859654680817361,nan,nan,20,6313,45.624610880665834,44.12343947173605,10.35,False
353,0.40160181032973546,0.8705679322246627,nan,nan,20,6374,46.654704765183574,45.151389129250056,10.5,False
354,0.46430269514480454,0.8574341279799247,nan,nan,20,6376,46.96441648902341,45.510542410474095,10.55,False
355,0.43593483279205153,0.8598686268376603,nan,nan,20,6394,46.362378165165836,45.107823695261985,10.5,False
356,0.3900797696873532,0.8779052218533051,nan,nan,20,6626,47.71507281832842,47.013707339941035,10.8,False
357,0.5054100997838656,0.8450977225004038,nan,nan,20,6191,44.707766787045074,43.10938508052725,10.2,False
358,0.4631174025993655,0.8600223964165733,nan,nan,20,6251,46.27151167475971,43.633849116440544,10.2,False
359,0.40778466463393975,0.8691693290734824,nan,nan,20,6260,44.64995038195142,43.66684993752849,10.3,False
360,0.47483604879200786,0.8609851446442534,0.46949605156909585,0.8557724861753753,20,6395,45.957400978668524,45.010753339406996,10.5,False
361,0.4538666345167544,0.8649736760606999,nan,nan,20,6458,46.61073830161371,45.42414548909105,10.55,False
362,0.38366868131208914,0.8769768856447688,nan,nan,20,6576,48.60769311179992,47.21650259490809,10.8,False
363,0.4839972415825457,0.8522352235223523,nan,nan,20,6666,49.44543735831515,48.47742246514524,11.0,False
364,0.4918731665972507,0.8442260442260442,nan,nan,20,6105,43.30268273804192,41.5068752303825,9.95,False
365,0.4057882243251155,0.875,nan,nan,20,6336,44.99720029178117,44.020017572197496,10.35,False
366,0.46313472562291924,0.8595356550580431,nan,nan,20,6030,43.493247524903936,41.151372892482996,9.85,False
367,0.45896051625848133,0.8537505897153641,nan,nan,20,6359,45.90185563621996,44.76279189086201,10.45,False
368,0.5082659304179545,0.8406324110671937,nan,nan,20,6325,46.89676382493672,44.695071606964554,10.4,False
369,0.41003396474900977,0.8736924277907885,nan,nan,20,6405,46.23572626290274,44.794347289691046,10.45,False
370,0.4827763689137494,0.8497800125707102,0.4689684673620796,0.856901026972125,20,6364,46.75012759424993,44.935176789778595,10.45,False
371,0.4685660960699129,0.852068203347016,nan,nan,20,6334,45.46715374593921,43.616707330426536,10.25,False
372,0.4729062084789117,0.8581102362204724,nan,nan,20,6350,46.92395360514857,44.50767905015505,10.35,False
373,0.4631985734823244,0.8578455484505657,nan,nan,20,6099,44.5665547381721,42.5501064738515,10.1,False
374,0.4472626893938521,0.8615004122011541,nan,nan,20,6065,43.52815927385143,41.81865320366154,10.0,False
375,0.4626476349450483,0.8606625603462627,nan,nan,20,6007,43.98029938349612,41.434345936876035,9.9,False
376,0.4934867814319221,0.8439000960614793,nan,nan,20,6246,43.62310198254753,42.67417706787399,10.15,False
377,0.4737649358333309,0.8542260208926875,nan,nan,20,6318,45.792590670228606,44.72925849520299,10.45,False
378,0.4351313237048764,0.8711507293354943,nan,nan,20,6170,44.68880311875928,43.11935922101654,10.2,False
379,0.3799637144270363,0.8817905918057664,nan,nan,20,6590,47.31871404180947,46.95077088150298,10.8,False
380,0.42514031786830603,0.8727108976283399,0.45255760871560885,0.8620358875973366,20,6662,47.414655946587736,46.95077088150299,10.8,False
381,0.43474939000685164,0.8655374006895518,nan,nan,20,6671,49.440228947039614,47.559675728203985,10.85,False
382,0.4794603228609502,0.8575433677939373,nan,nan,20,5707,41.43963022147732,38.38362845486349,9.4,False
383,0.3955723297295424,0.8768801364552644,nan,nan,20,6449,47.34908850306482,45.84586717928859,10.6,False
384,0.42333369615482147,0.8661417322834646,nan,nan,20,6477,46.85761740223689,45.47296047070505,10.55,False
385,0.4761769051651292,0.8562323995850007,nan,nan,20,6747,48.57367618642692,48.044560498786495,10.95,False
386,0.49259213013406,0.850758309131978,nan,nan,20,6198,46.14280568203524,43.71391349602909,10.25,False
387,0.446102944777651,0.8606460341620159,nan,nan,20,5913,42.15687730925717,39.8001085013135,9.65,False
388,0.4762963716794501,0.8566377370620379,nan,nan,20,6222,44.33670892905218,43.04865282943799,10.2,False
389,0.41036917357166175,0.8720729215778721,nan,nan,20,6363,47.35558029769511,45.078989215055046,10.45,False
390,0.4324748089654704,0.8632400183570446,0.44967651934242187,0.8639544069518114,20,6537,46.60218676235887,45.97378854165299,10.65,False
391,0.4090039965890005,0.8739007303622001,nan,nan,20,6709,48.33886650263271,47.71227482847459,10.9,False
392,0.4377854090640183,0.8635510830632782,nan,nan,20,5863,41.94493752540811,39.675378471927495,9.65,False
393,0.4158255204942117,0.8729338842975206,nan,nan,20,6776,49.28268065108551,48.45758459900599,11.0,False
394,0.3505580244032712,0.8913723737147966,nan,nan,20,6711,49.740430004538254,48.56666499002,11.0,False
395,0.4916750277760121,0.8498186613913616,nan,nan,20,6066,45.557537294472915,41.39457898850304,9.85,False
396,0.42777722537442314,0.8635216156516251,nan,nan,20,6338,45.71234908976862,43.88150456413104,10.3,False
397,0.35671080466739874,0.8813104988830975,nan,nan,20,6715,49.36497081322944,48.767554849151495,11.05,False
398,0.4639814803674222,0.851962741184298,nan,nan,20,6012,41.54395094796549,39.894039718098995,9.7,False
399,0.41894336366615276,0.870300443276966,nan,nan,20,6091,41.807309792233156,41.19874440997999,9.95,False
400,0.3932632695410175,0.8811252268602541,0.44053007443512743,0.8649136666290487,20,6612,49.11794809698322,47.159649458679546,10.75,False
401,0.4580854968237476,0.8630932058723114,nan,nan,20,5858,43.305859114957734,40.298975705297494,9.7,False
402,0.42532149330299296,0.8636205698401668,nan,nan,20,5756,41.66931056678573,38.6445177634185,9.45,False
403,0.3859786514897159,0.8752171852787869,nan,nan,20,6331,45.15564098019495,43.78443420827604,10.3,False
404,0.4104923703380658,0.8706776244378973,nan,nan,20,6449,46.858680583729594,45.47664096535054,10.55,False
405,0.4524336415845329,0.8570072761784245,nan,nan,20,6322,45.43973314983228,43.826488702357,10.3,False
406,0.4417419790327726,0.8636363636363636,nan,nan,20,5984,43.099412663709,40.672977799652,9.8,False
407,0.43780572930281025,0.8642070996744691,nan,nan,20,6451,45.87155302266533,45.26685277055704,10.55,False
408,0.39841865872752624,0.8695856873822976,nan,nan,20,6372,45.89948182518442,44.22266216364105,10.35,False
409,0.41082786884713424,0.8687702265372168,nan,nan,20,6180,45.0196985053585,42.656560775736054,10.1,False
410,0.4428483706724032,0.8604537293944834,0.43222526991532817,0.8670014671030358,20,6127,44.724534815187376,42.43229894153849,10.05,False
411,0.4554420127362204,0.8554669169404036,nan,nan,20,6393,47.33462618379835,44.92513924168449,10.45,False
412,0.4282556074592049,0.8700460829493087,nan,nan,20,6510,46.80489115956709,46.00885009590749,10.65,False
413,0.3694378763412334,0.8852883006237638,nan,nan,20,6573,47.02430998939967,46.32577454383055,10.7,False
414,0.3584856467615523,0.8824564209179594,nan,nan,20,6253,44.723748046510636,42.84619391732603,10.15,False
415,0.3809122991667725,0.8823244552058112,nan,nan,20,6195,44.439045144624075,43.07385668458349,10.2,False
416,0.4173545267877188,0.8717332532291979,nan,nan,20,6658,49.98413641871357,47.69411063788699,10.85,False
417,0.45695318993248635,0.8591115434500648,nan,nan,20,6168,43.69670254898764,41.904720605052546,10.0,False
418,0.38388481788185086,0.8844864370618714,nan,nan,20,6562,48.98778260379983,47.02635743648665,10.75,False
419,0.418618350166073,0.8665620094191523,nan,nan,20,6370,48.06487854887353,45.63486601452959,10.5,False
420,0.4691629176095564,0.8501554065107149,0.4289797867290216,0.8700485272542603,20,6113,43.083654355498496,42.009511024464,10.05,False
421,0.4167690331385895,0.8676786261882858,nan,nan,20,6522,46.81502249693322,46.02454062571199,10.65,False
422,0.5060057428060734,0.8402025847013622,nan,nan,20,5726,40.42813322429589,38.845047122748994,9.55,False
423,0.4460811854302932,0.8592075349139331,nan,nan,20,6158,44.841402911368974,42.700119779287995,10.1,False
424,0.4359291024106025,0.8653181189488244,nan,nan,20,5784,42.026204894070794,39.305298149712996,9.55,False
425,0.4264411848632841,0.8691269964335556,nan,nan,20,6449,47.49535283306037,45.460682214071994,10.5,False
426,0.42351180698280383,0.8685422836459361,nan,nan,20,6078,43.81813009769152,41.963178291319,10.0,False
427,0.45501227342707323,0.8572524942440521,nan,nan,20,6515,47.13653624031498,45.51216936129429,10.55,False
428,0.43143738404828674,0.8690737833594977,nan,nan,20,6370,45.92199287969045,44.49186740814799,10.4,False
429,0.38634870503643065,0.8825201326385599,nan,nan,20,6333,44.96083089097984,43.98689312038799,10.35,False
430,0.40042367524124073,0.8802868432606469,0.4261412089813537,0.8694842568558854,20,6833,51.08079489106213,49.963489815462296,11.2,False
431,0.404970960661732,0.8779521056977705,nan,nan,20,6055,44.672483498006265,41.62949372928105,9.9,False
432,0.4091528420482483,0.8690585709904937,nan,nan,20,6522,46.183742557201526,45.595825995687996,10.6,False
433,0.46720902205920684,0.8537530266343826,nan,nan,20,6195,44.5823105158126,42.8443861941925,10.15,False
434,0.476457491973324,0.8498371335504886,nan,nan,20,6140,43.145313833282685,41.720655190969,10.0,False
435,0.45549650334276504,0.8588419405320814,nan,nan,20,6390,45.17381252128395,44.295119978333,10.4,False
436,0.4364224764723101,0.8688065843621399,nan,nan,20,6075,43.694925728823335,42.38398678602799,10.1,False
437,0.37472540971845186,0.881684593243448,nan,nan,20,6601,49.63045039628484,47.95596446839165,10.9,False
438,0.3974345599436481,0.8772932330827068,nan,nan,20,6650,48.597591510929576,47.467509383730246,10.85,False
439,0.3826562096455549,0.8831636648394675,nan,nan,20,6385,45.641234771714316,44.1659029096665,10.35,False
440,0.4370206669602656,0.8642810026385225,0.42289165845238563,0.8698228190949103,20,6064,43.99513626350268,41.89797948588673,10.0,False
441,0.38164695215937483,0.8760074395536268,nan,nan,20,6452,47.159294943141255,45.798253201190505,10.6,False
442,0.4185133300285365,0.8677560901800575,nan,nan,20,6609,48.14997874222791,47.389926493705545,10.85,False
443,0.343011469232436,0.890238416554206,nan,nan,20,6669,48.99223119239578,48.391335695386985,11.0,False
444,0.39045134434650697,0.881621975147155,nan,nan,20,6116,44.39279375801723,42.276596796393,10.05,False
445,0.4662854392296656,0.8572607260726073,nan,nan,20,6060,43.825252368785556,41.90181731629751,10.0,False
446,0.39301364851333415,0.8777529524417491,nan,nan,20,6266,45.062631586718965,44.00295169965703,10.35,False
447,0.4184112748282169,0.8652866765237391,nan,nan,20,6087,44.58989922293512,41.623142185597494,9.9,False
448,0.36984703760381304,0.8838423801234373,nan,nan,20,6319,47.20016287594709,44.56600735711005,10.35,False
449,0.4079855217995053,0.8671775223499362,nan,nan,20,6264,45.1035488734246,43.779826056793,10.3,False
450,0.42387351394246375,0.8683227796720246,0.41435289785186885,0.8719670466087349,20,6159,43.81725875981236,42.6958941386185,10.15,False
451,0.3336599178629818,0.8907946498819826,nan,nan,20,6355,46.4370242360566,45.101990864566496,10.5,False
452,0.3849385700933069,0.8785714285714286,nan,nan,20,6580,47.165981392806245,46.079556487486045,10.65,False
453,0.34679149056400704,0.8961097033835147,nan,nan,20,6709,49.78656130990257,48.80937689093905,11.05,False
454,0.41896924406775543,0.8670766319772942,nan,nan,20,6342,45.23526859879272,44.06265534934799,10.35,False
455,0.46033044916306154,0.8514694201747418,nan,nan,20,6295,44.60519416512011,43.66316944288299,10.3,False
456,0.379945996791101,0.8768989819890368,nan,nan,20,6385,45.90309120503842,44.44910025168604,10.4,False
457,0.4080727770065641,0.8708827404479579,nan,nan,20,6072,43.83240955878136,42.15662773730204,10.05,False
458,0.43358173462323807,0.8639291465378421,nan,nan,20,6210,43.871765751139044,42.970802834509485,10.2,False
459,0.4197375673420428,0.8695371714239639,nan,nan,20,6201,43.994767701630295,42.98281286966849,10.2,False
460,0.3830303531656437,0.8811276429130775,0.42114817710725144,0.8695971109355604,20,6385,45.6886900711582,44.40185432305249,10.4,False
461,0.4019281493142635,0.8729281767955801,nan,nan,20,6335,44.91961102791234,43.71041537151654,10.3,False
462,0.3718095236574716,0.8831027514378983,nan,nan,20,6433,46.18411152367708,45.07101874880699,10.5,False
463,0.4318611942380289,0.8695290397736728,nan,nan,20,6009,42.85593293506652,41.148970064919,9.9,False
464,0.3753359623607912,0.8831474791895713,nan,nan,20,6367,47.56145101508944,44.43345644661299,10.35,False
465,0.3638674106863166,0.886367193614024,nan,nan,20,6389,45.79894887944443,44.98130938224298,10.5,False
466,0.3995646149559284,0.8687520688513737,nan,nan,20,6042,43.20371795039294,41.507755296678496,9.95,False
467,0.4318728612537592,0.862057503739405,nan,nan,20,6017,42.13386239941073,41.268673808244486,9.95,False
468,0.34999448832532604,0.8874902874902875,nan,nan,20,6435,46.770299206210844,45.20101984622701,10.5,False
469,0.3504662748226355,0.8914266799073155,nan,nan,20,6042,43.10086423753473,40.735778448342494,9.8,False
470,0.3699992610642897,0.8776758409785933,0.4152904631032482,0.87162848436971,20,6540,47.8057135765901,46.5030215698841,10.7,False
471,0.402073385367059,0.873380829015544,nan,nan,20,6176,44.11940758183485,42.75876626612349,10.15,False
472,0.35771947800911985,0.8842305859933302,nan,nan,20,6297,46.44604792293285,44.323266894438596,10.35,False
473,0.3688796462612337,0.8792932628797886,nan,nan,20,6056,43.6857660816299,41.6391508952825,9.95,False
474,0.39150218493594074,0.8794520547945206,nan,nan,20,6205,44.53630219217371,42.880031031516545,10.15,False
475,0.388515875878511,0.8783244680851063,nan,nan,20,6016,43.89142858062931,40.92185244368555,9.8,False
476,0.3950942866868931,0.870846292355541,nan,nan,20,6109,44.75109657702906,42.88883169447655,10.15,False
477,0.38262448659037007,0.8798842257597684,nan,nan,20,6219,45.382995336108024,43.600842461401996,10.25,False
478,0.4811207632852009,0.8539196310935442,nan,nan,20,6072,43.09875668342045,41.454035141206546,9.95,False
479,0.38499274863319183,0.8744510071179766,nan,nan,20,6603,47.125982171747374,46.34495185803604,10.7,False
480,0.3938319697134425,0.8758283370148312,0.408116174425609,0.8747883986006094,20,6338,44.98274378143927,43.98689312038799,10.35,False
481,0.37475032508093953,0.886754139331459,nan,nan,20,6402,45.95392919124641,44.73702842834349,10.45,False
482,0.3352957158883987,0.8950491956895206,nan,nan,20,6403,44.46051399129979,43.90127319231899,10.35,False
483,0.3261556085720739,0.8982920449299893,nan,nan,20,6499,47.125251737104165,45.804045137501035,10.6,False
484,0.40521396252753505,0.8735219278551115,nan,nan,20,6681,48.43154929339853,47.45811249976955,10.85,False
485,0.3672937197944057,0.881981843360517,nan,nan,20,6499,47.711578157600215,46.185922782741,10.65,False
486,0.31179637692049245,0.8949248400059533,nan,nan,20,6719,52.153037230926095,49.24679494128759,11.05,False
487,0.33076873498096676,0.891871625674865,nan,nan,20,6668,52.77581046731796,49.20580667408359,11.0,False
488,0.4078932213134318,0.8758169934640523,nan,nan,20,6120,44.043326876748125,42.4244722271285,10.1,False
489,0.4297989318866413,0.8644815631894106,nan,nan,20,6346,45.727387488573925,44.42337768355249,10.4,False
490,0.3835579605420718,0.8826832599787525,0.4042613468748925,0.874280555242072,20,6589,47.72151826643261,46.47624866175815,10.7,False
491,0.3933151762616199,0.8807261621988463,nan,nan,20,5894,41.37514882631184,39.814259529458496,9.7,False
492,0.3314923070283214,0.8906715183592457,nan,nan,20,6046,42.968343994581616,41.69545133582349,10.0,False
493,0.33814897124969034,0.886314820497085,nan,nan,20,6518,47.726246527658866,46.2596039418891,10.65,False
494,0.39272696345660985,0.8745277078085643,nan,nan,20,6352,46.39875916694525,45.099261702455095,10.5,False
495,0.375135613817031,0.8818067359143846,nan,nan,20,6354,45.01981752655584,44.020385621662044,10.35,False
496,0.41872207980716963,0.870649182451028,nan,nan,20,6177,44.01770908741831,42.71332806062348,10.15,False
497,0.33550379278107745,0.8850897736143638,nan,nan,20,6405,47.14937343605559,45.33043744800104,10.5,False
498,0.3951570749807722,0.883572319201995,nan,nan,20,6416,48.291156860606826,45.66014362720849,10.55,False
499,0.3644609327485502,0.8826306364968256,nan,nan,20,6143,43.51207539499598,41.581774133437996,9.95,False
500,0.32750910317037124,0.8929547525053143,0.40062575735258554,0.8745626904412594,20,6586,48.12684259405503,46.83199479501504,10.75,False
501,0.402374130620292,0.8694328740788209,nan,nan,20,6242,45.301650622009305,43.308745661540556,10.2,False
502,0.36926300148021357,0.8851016162586014,nan,nan,20,6249,44.66890283086676,42.87797748769124,10.15,False
503,0.401823411985194,0.8726084183673469,nan,nan,20,6272,44.33185470634459,43.59324004461849,10.3,False
504,0.3400362757328881,0.8881129979368354,nan,nan,20,6301,45.21560177085555,43.78443420827604,10.3,False
505,0.4385061132912949,0.8605285592497869,nan,nan,20,5865,42.91631440059589,40.186783727228494,9.7,False
506,0.30266116491216816,0.9016271085236602,nan,nan,20,6699,50.30763437894115,48.7036781830573,11.0,False
507,0.3796459123727307,0.8811156835848194,nan,nan,20,6561,47.784886983457355,46.47326746109529,10.7,False
508,0.3487144393013119,0.8905526397036122,nan,nan,20,6478,47.59348520096119,45.3540337206936,10.5,False
509,0.3373533676141434,0.8906495136491999,nan,nan,20,6374,46.08754235876044,45.0553282190025,10.5,False
510,0.3889498611313147,0.8722346906059635,0.39716804754033125,0.8777226046721589,20,6238,45.020606634598884,43.4651249720096,10.25,False
511,0.3333567832296547,0.8913367566672188,nan,nan,20,6037,42.92692024347526,41.208355408023,9.9,False
512,0.40742252165276305,0.8743806936231421,nan,nan,20,6257,47.735521618801506,43.72174500767699,10.2,False
513,0.3154048126729703,0.9018691588785047,nan,nan,20,6634,49.241337223355764,47.6809914415676,10.85,False
514,0.3544440336899714,0.887901792925214,nan,nan,20,6191,46.832432449492835,43.40295592893525,10.15,False
515,0.33653260052737083,0.8958965352067699,nan,nan,20,6263,46.343693389405416,44.05481884441124,10.3,False
516,0.35155399340935817,0.8835696413678065,nan,nan,20,5995,43.46590536143873,40.83206365621655,9.8,False
517,0.3776073552175199,0.8809523809523809,nan,nan,20,6258,46.92366884950315,44.27207428958398,10.35,False
518,0.3657927111301536,0.8860994886099489,nan,nan,20,6453,46.21124520179561,45.33678216882154,10.55,False
519,0.3732185263879358,0.8816213726393367,nan,nan,20,6513,46.351719845050624,45.65006486414799,10.6,False
520,0.41879985737255776,0.8729922172545124,0.404823107360085,0.8730955874054848,20,6039,43.14705368765013,41.28404615816849,9.9,False
521,0.3298650981862969,0.8928130783466995,nan,nan,20,6484,48.58136097082951,46.009264870103486,10.6,False
522,0.4209883726149469,0.8747915971990664,nan,nan,20,5998,43.20267828021849,41.197143650390096,9.9,False
523,0.34619432260790045,0.8898541731306236,nan,nan,20,6446,46.03572915407436,45.30871355439349,10.55,False
524,0.38361967268113445,0.882998454404946,nan,nan,20,6470,47.37551326708078,45.84586717928859,10.6,False
525,0.41962496907319813,0.8649837133550489,nan,nan,20,6140,44.10833903518107,42.44283380597105,10.1,False
526,0.4001692394700766,0.8733388022969647,nan,nan,20,6095,44.35684150008055,42.59267277218749,10.1,False
527,0.3374402909538917,0.8935278596926898,nan,nan,20,6443,45.57785647833382,44.657585704738,10.45,False
528,0.3936646485642967,0.8780289477963896,nan,nan,20,6149,46.379330497080716,42.860226309133985,10.1,False
529,0.29843603343091496,0.901840490797546,nan,nan,20,6520,46.57221713615099,45.69556740058104,10.6,False
530,0.38807867969596516,0.8737846915326145,0.38624075308379896,0.8790768536282587,20,5657,39.857529871662976,37.46826069655349,9.3,False
531,0.4108703307786678,0.8699786850303328,nan,nan,20,6099,43.757824486415544,42.14840342210654,10.05,False
532,0.3338725896421837,0.892760588765395,nan,nan,20,6658,48.48017963499983,47.73495829810554,10.9,False
533,0.3415737186161346,0.8898845686512759,nan,nan,20,6584,47.108441384443765,46.35020140566199,10.7,False
534,0.341128251811166,0.8893318450007973,nan,nan,20,6271,45.28683382940261,43.36296300959249,10.2,False
535,0.40715911605790056,0.8692737430167597,nan,nan,20,6265,43.350673578223294,42.581196150513996,10.15,False
536,0.3276312315831449,0.9030119613777201,nan,nan,20,6939,51.03643779608596,50.5041040335281,11.3,False
537,0.32173579865116125,0.9034017971758665,nan,nan,20,6232,44.6701097955127,43.39078113250655,10.25,False
538,0.38555196403326675,0.8765590022385673,nan,nan,20,6254,44.71079158417456,43.68138035820205,10.3,False
539,0.3039240510492616,0.9031763081172318,nan,nan,20,6517,47.16999140537354,46.082868932667,10.65,False
540,0.3597577410127524,0.8857006975269499,0.3873650189810743,0.8800925403453335,20,6308,45.81427479658632,44.70289453092654,10.45,False
541,0.297094300385504,0.9011637175195282,nan,nan,20,6273,44.97081531315869,43.72978639596654,10.3,False
542,0.34904218356985744,0.8911028730305839,nan,nan,20,6474,45.478360230011525,44.92881390598349,10.5,False
543,0.40917379938351,0.8754098360655738,nan,nan,20,6405,46.174173238496955,45.060304419950086,10.5,False
544,0.3957476492201483,0.877599727241732,nan,nan,20,5866,42.700495753021684,39.741517523818494,9.6,False
545,0.358028241473221,0.8816332547169812,nan,nan,20,6784,50.150395855709796,48.91992732747519,11.05,False
546,0.3699925361929773,0.8809148264984227,nan,nan,20,6340,45.6772917538811,44.40263131636654,10.4,False
547,0.39933451934834313,0.8782637075718016,nan,nan,20,6128,43.872884767808834,41.9508645376285,10.0,False
548,0.39384251919094115,0.8767249310027599,nan,nan,20,6522,47.137337941389454,46.071786554345536,10.65,False
549,0.3597085570598277,0.8932527693856999,nan,nan,20,5958,45.15494142983278,41.304823390392244,9.8,False
550,0.3385952242768907,0.8925747946054875,0.3812354708038083,0.8811082270624083,20,6451,47.119341856801555,45.53496927230554,10.55,False
551,0.33464139950947147,0.8890871245911388,nan,nan,20,6726,48.05664854841276,47.65265081521749,10.9,False
552,0.2957203149574341,0.9034525855335104,nan,nan,20,6401,47.6123605322599,45.68554218511504,10.55,False
553,0.4003398387272433,0.8793103448275862,nan,nan,20,6322,45.90265135431025,43.958058640181044,10.3,False
554,0.34459462015311004,0.8859399684044234,nan,nan,20,6330,44.97491454022027,43.740868774287996,10.3,False
555,0.3726070123106482,0.8789548244923658,nan,nan,20,6353,45.97476153498254,45.03554825070299,10.5,False
556,0.41147938742693085,0.8674621089970977,nan,nan,20,6202,44.26554765612596,42.8133425996185,10.15,False
557,0.3833400572855019,0.8804828289697382,nan,nan,20,5882,43.21592504545022,40.27454884346604,9.7,False
558,0.34302560327677184,0.887948922585794,nan,nan,20,6265,44.481749090953976,43.375090602702045,10.25,False
559,0.3246947911260933,0.8957131722525331,nan,nan,20,6415,46.760515773121355,45.422402096890536,10.55,False
560,0.43197485129607754,0.8645686550806325,0.37801561917869597,0.8824060489786706,20,6387,45.0005314406359,44.006264144838,10.35,False
561,0.35110131959312896,0.8849030941856512,nan,nan,20,5882,42.93479692082326,40.6463342708375,9.8,False
562,0.37980789293941336,0.8797234282038913,nan,nan,20,6219,44.4193172375159,43.089547214388,10.2,False
563,0.3559411365148331,0.8853577371048252,nan,nan,20,6010,42.65190062977468,40.871093536763496,9.85,False
564,0.3763201117433089,0.8808855628313065,nan,nan,20,6414,45.86124454374963,44.9950628096025,10.5,False
565,0.3272281143418456,0.8948095823095823,nan,nan,20,6512,47.621145877348916,45.93464888901505,10.6,False
566,0.3697220114264594,0.8824907934382323,nan,nan,20,5974,42.37659995727188,40.51549137087349,9.8,False
567,0.3565614990474748,0.8873770491803279,nan,nan,20,6100,43.953333196292746,41.9628745727875,10.0,False
568,0.3560845267823378,0.8867359798361689,nan,nan,20,6348,45.37148394485462,43.872438712112036,10.3,False
569,0.3614447605512412,0.8807609031858955,nan,nan,20,6466,48.11914079104789,46.02558963094809,10.6,False
570,0.3315441327822563,0.8891916439600364,0.37662170005563067,0.8827446112176955,20,6606,47.67860591449867,47.029397869745544,10.8,False
571,0.35968471943254615,0.8846771602955349,nan,nan,20,6226,44.72790101238974,43.14839423433104,10.2,False
572,0.3095393714673702,0.8957259775689603,nan,nan,20,6598,47.30430838372406,46.656491161161995,10.75,False
573,0.3208128838940492,0.8990338164251208,nan,nan,20,6210,44.68921817021355,43.13642509355701,10.2,False
574,0.3709894369560986,0.8838265226240801,nan,nan,20,6387,46.460707383893016,44.924406287607994,10.45,False
575,0.3571016651630067,0.8867318862733109,nan,nan,20,6542,47.93528145913362,46.25668707215929,10.65,False
576,0.3370881229900978,0.8916586768935763,nan,nan,20,6258,45.51454933563315,43.39451840842153,10.2,False
577,0.36223909834635143,0.8812926274764534,nan,nan,20,6158,43.09999875106365,42.007767632263494,10.05,False
578,0.3644550505975194,0.880811078140455,nan,nan,20,6066,42.892861348597805,41.175101576902044,9.9,False
579,0.3415128739240022,0.8874224837017014,nan,nan,20,6289,45.46073185470756,43.343542026736046,10.2,False
580,0.34372140264634643,0.8897307754312429,0.39235307297269645,0.8765940638754091,20,6203,45.15591089882207,42.51208603891199,10.05,False
581,0.3769823863839472,0.8758620689655172,nan,nan,20,6235,45.34838510311912,43.58183948641654,10.25,False
582,0.33791069413728536,0.8903276131045241,nan,nan,20,6410,46.89435770157061,45.03675007475108,10.45,False
583,0.3990451904025947,0.8717866836979083,nan,nan,20,6263,46.63927673811848,43.673248205943494,10.25,False
584,0.33594399532394903,0.8918581028285669,nan,nan,20,6399,45.351279598165846,44.333668316988486,10.4,False
585,0.33116877063127204,0.8948926720947447,nan,nan,20,6755,50.6312044097884,49.01254019537065,11.05,False
586,0.35685200186917054,0.8863379143088116,nan,nan,20,6185,46.02064872039145,43.4905793186691,10.2,False
587,0.3238617686625406,0.8951211932877564,nan,nan,20,6436,46.74556428117005,45.450918397216995,10.55,False
588,0.2951825403989992,0.9029497172550818,nan,nan,20,6543,47.505132814361346,46.420130803926504,10.7,False
589,0.38549014495340533,0.8806343906510852,nan,nan,20,5990,41.98468722414265,40.97245698545849,9.9,False
590,0.3231669375505463,0.8954587016153611,0.3784563207536206,0.8802053944250084,20,6562,47.86757927170009,46.529017484696006,10.7,False
591,0.3338095040704295,0.8899171943497322,nan,nan,20,6159,44.23389994510792,42.47171815576204,10.1,False
592,0.31299635017070715,0.9003149606299212,nan,nan,20,6350,45.067800786773645,44.004327042393,10.35,False
593,0.36366344552777596,0.8827034388832141,nan,nan,20,5874,41.9738782580836,39.49865007299204,9.6,False
594,0.3362687550007503,0.8926912356766801,nan,nan,20,6458,46.243121783675996,45.371650012831545,10.55,False
595,0.35195207758647656,0.88804192472606,nan,nan,20,6297,46.30651453066824,44.59194627807604,10.4,False
596,0.3415671656745347,0.8920537303770837,nan,nan,20,6179,43.434861758002924,42.335171804413996,10.1,False
597,0.3856556132315239,0.8744336569579289,nan,nan,20,6180,43.72134383513217,42.94968841785899,10.2,False
598,0.31864982515110063,0.8970728603245307,nan,nan,20,6286,46.59224474593705,44.36077756796955,10.35,False
599,0.34636649677590586,0.8880063542494043,nan,nan,20,6295,45.55946866233833,43.89525799149055,10.3,False
600,0.34328062876921495,0.8888005090677696,0.379788491163172,0.8795846969867961,20,6286,45.07715301781466,43.342022932162045,10.2,False
601,0.3055490354653729,0.8984906777153003,nan,nan,20,6758,49.223982143481706,48.17742635548905,10.95,False
602,0.35134357402659955,0.8870769230769231,nan,nan,20,6500,47.205595874289955,45.82201738266699,10.6,False
603,0.3372230791263318,0.8930847673677501,nan,nan,20,6276,45.238142195020274,43.36139395661204,10.2,False
604,0.3865237821347283,0.8817045080618624,nan,nan,20,6078,45.31123968428844,42.5306559396741,10.05,False
605,0.3686153108250744,0.8787189074947163,nan,nan,20,6151,46.76633516028613,43.16984990646455,10.1,False
606,0.3329095895537869,0.8966416693837627,nan,nan,20,6134,42.2229542093559,41.26499331359899,9.95,False
607,0.3520960060274952,0.8896156991005724,nan,nan,20,6115,44.60151706205663,42.325411778006995,10.05,False
608,0.31212259783619684,0.9030483972344437,nan,nan,20,6364,47.45946450112337,45.394015302582,10.5,False
609,0.3172544477258654,0.8977840199750312,nan,nan,20,6408,46.513551397386145,45.39842292095749,10.55,False
610,0.3284846111633099,0.8960426179604262,0.37432196674450785,0.8822931948989956,20,6570,47.59582760888746,46.473209563255544,10.7,False
611,0.3671015015430185,0.8860416998249244,nan,nan,20,6283,47.14541928374394,44.30071872087525,10.3,False
612,0.31086569169193756,0.893901906563819,nan,nan,20,6871,54.064615408520446,51.17858061852455,11.3,False
613,0.3849883261616929,0.8749591903362717,nan,nan,20,6126,44.358116247546306,42.510869148511546,10.1,False
614,0.36595153620272214,0.8850832266325224,nan,nan,20,6248,46.96358780567106,44.1893553416986,10.3,False
615,0.3743383295025263,0.8828890799656062,nan,nan,20,5815,40.63140489201892,39.36798159811805,9.65,False
616,0.39596938396209214,0.8740765614506381,nan,nan,20,5956,41.89548405879521,40.19817713754899,9.75,False
617,0.3323476964553941,0.8866384047731198,nan,nan,20,6369,45.556308597933004,44.40400665910251,10.4,False
618,0.33279660700018904,0.8907805974943784,nan,nan,20,6226,43.87800769456819,42.96712233986399,10.2,False
619,0.3179302360670546,0.8910529519172246,nan,nan,20,6572,48.17292170437706,47.12453112315554,10.8,False
620,0.4119208065505493,0.8706896551724138,0.3667056803650302,0.8852274009705451,20,5800,41.519940655084746,39.13770456309204,9.55,False
621,0.33735546052981263,0.8946886446886447,nan,nan,20,6552,46.76312792629222,45.753118714222,10.6,False
622,0.35941288914937486,0.8900556881463803,nan,nan,20,6285,46.572309339836515,44.31885245320005,10.35,False
623,0.35981407630416745,0.885360054347826,nan,nan,20,5888,42.75166089931544,40.167405554897044,9.7,False
624,0.43140310286206224,0.8720818676047329,nan,nan,20,6254,45.069493303045505,44.020385621662044,10.35,False
625,0.3163323480251333,0.9000317863954228,nan,nan,20,6292,46.71483634297068,44.6269499318336,10.4,False
626,0.31494179283215745,0.9067257945306726,nan,nan,20,6765,49.34673661567864,48.75012092714649,11.05,False
627,0.34722731595813744,0.8882194387188838,nan,nan,20,6307,44.84107089775452,43.443082898521546,10.25,False
628,0.377398685034712,0.88089131131773,nan,nan,20,6238,45.4992355052853,43.83536063155509,10.3,False
629,0.38680299833838944,0.87546875,nan,nan,20,6400,47.45514817598228,45.855264063249294,10.6,False
630,0.3499201858028501,0.8859090909090909,0.3619672805255859,0.8865252228868074,20,6600,48.26434264767062,47.130882666839085,10.8,False
631,0.2741055202741185,0.9082541567695962,nan,nan,20,6736,49.297585532605574,48.19311688529355,10.95,False
632,0.36182742249330757,0.8766721044045677,nan,nan,20,6130,43.19192537872293,42.028882048913985,10.05,False
633,0.3035115873201041,0.9050431621990005,nan,nan,20,6603,48.55012619265157,47.4807959694005,10.85,False
634,0.35824405627302924,0.8866645140458508,nan,nan,20,6194,43.23316288263562,42.56569933095399,10.15,False
635,0.35311971642714796,0.8879471096796067,nan,nan,20,5899,40.639724674513005,39.392602170193996,9.65,False
636,0.3598418900773692,0.8852975302502901,nan,nan,20,6033,41.840327048686746,40.939332533648994,9.9,False
637,0.3109092050446914,0.8985576923076923,nan,nan,20,6240,44.184167605454064,43.288693681318996,10.25,False
638,0.3309014489076473,0.8931623931623932,nan,nan,20,6318,45.37454194355363,44.08700257474559,10.35,False
639,0.33676119037218927,0.8902284263959391,nan,nan,20,6304,47.35558959401018,44.86185613043149,10.4,False
640,0.3218781679572019,0.9009177165966713,0.3629236520749292,0.8864687958469699,20,6429,47.75925300499164,45.67554073121554,10.55,False
641,0.3200771137854094,0.8940886699507389,nan,nan,20,6496,46.65958014065549,45.69556740058104,10.6,False
642,0.32159650102292003,0.8984818279404999,nan,nan,20,6521,49.6072274912753,46.559108455772986,10.65,False
643,0.3389632547610414,0.89214463840399,nan,nan,20,6416,47.22322798350471,45.55065980211005,10.55,False
644,0.3292067121067885,0.8971345782356729,nan,nan,20,6212,45.02712186487941,42.765880318152504,10.1,False
645,0.30510167261226134,0.8982763927362265,nan,nan,20,6498,46.97592765645471,45.76549679884555,10.6,False
646,0.3075611668374244,0.9012420478642835,nan,nan,20,6602,48.30073357853283,47.699896743851035,10.9,False
647,0.3397754753242833,0.8926010430247718,nan,nan,20,6136,44.79001255677119,41.977670312506994,9.95,False
648,0.3196264708273259,0.898771644220808,nan,nan,20,6757,49.33012297129243,48.181106850134555,10.95,False
649,0.3395699478655144,0.8883759274525969,nan,nan,20,6065,42.72101022943338,41.38410574294204,9.95,False
650,0.35330656963515156,0.8888010123378678,0.36024967960667736,0.8861866606477824,20,6322,45.424741669381135,44.36348032361703,10.4,False
651,0.27181836062472714,0.9108940646130729,nan,nan,20,6655,49.09496863525595,47.63548890513455,10.85,False
652,0.2870073833606506,0.9062797335870599,nan,nan,20,6306,47.04528677852113,44.2400579486005,10.3,False
653,0.35840813459689763,0.8883532887575805,nan,nan,20,6431,46.349447051916194,45.35421609082654,10.55,False
654,0.3280178156084334,0.8952795231190591,nan,nan,20,6207,45.580192846915395,43.341870113350055,10.2,False
655,0.35375107687004037,0.8889632107023412,nan,nan,20,5980,42.4945465865555,40.60918495061449,9.8,False
656,0.38202784850867405,0.8788686509699393,nan,nan,20,6753,48.969330423405204,48.38765520074149,11.0,False
657,0.3471985393768591,0.892779671521537,nan,nan,20,6454,45.730855986780725,44.981309382243,10.5,False
658,0.37521265340930965,0.8717641008057603,nan,nan,20,5833,41.67548068765536,39.37926450954704,9.6,False
659,0.32741828961093017,0.8950697372688939,nan,nan,20,6166,46.34125947909418,43.570070878750045,10.2,False
660,0.345421111451996,0.8887457736274352,0.3637587568006805,0.8859609524884324,20,6211,46.46545113034368,43.5878728502196,10.2,False
661,0.3629639651821851,0.883216237314598,nan,nan,20,6405,46.48824303520765,45.11785573359105,10.5,False
662,0.3538885456452082,0.8862068965517241,nan,nan,20,5800,43.18310344275551,39.832970282583,9.6,False
663,0.3637137300209334,0.8791654157910538,nan,nan,20,6662,48.8487982002848,47.82641105687004,10.9,False
664,0.4157538932144098,0.8737397983677389,nan,nan,20,6249,44.85488314611332,43.460646199837996,10.25,False
665,0.3497655606112386,0.891662421463746,nan,nan,20,5889,42.56949479197497,40.60926413532349,9.8,False
666,0.3171334772371852,0.8938769502502207,nan,nan,20,6794,48.907002453790845,48.371964670937,11.0,False
667,0.30732359269401305,0.9020081534048014,nan,nan,20,6623,48.56310937197884,47.73302119566054,10.9,False
668,0.4546703130897281,0.8602514506769826,nan,nan,20,6204,44.09189186620399,43.28501318667349,10.25,False
669,0.31233869223897825,0.8979338201025322,nan,nan,20,6437,46.06700928202706,45.04598923288154,10.5,False
670,0.38075131301446946,0.8741946422516107,0.3790256987743003,0.8811646541022458,20,5898,42.51982784481334,39.89466540695899,9.65,False
671,0.40484847061868223,0.8694099378881988,nan,nan,20,6440,48.061538431775055,45.34686093188204,10.5,False
672,0.3751951000622575,0.8841433480608738,nan,nan,20,6111,43.62890049309117,41.410784768814,9.9,False
673,0.3622191343919497,0.8832058636073933,nan,nan,20,6276,45.07202150240174,43.75655930409249,10.3,False
674,0.3345136972522374,0.8923833656282606,nan,nan,20,6709,50.53760166297202,48.36129706681154,10.95,False
675,0.3475587976231921,0.8871448752158216,nan,nan,20,6371,47.28844275207886,45.586608357965595,10.55,False
676,0.3509180256620533,0.882818685669042,nan,nan,20,6315,44.76497640596551,43.421559538021555,10.25,False
677,0.32515199495815617,0.8924525291207914,nan,nan,20,6267,45.005534200115974,43.73561922666204,10.3,False
678,0.3055088203301552,0.901318781264211,nan,nan,20,6597,47.70599434825466,47.017019785121995,10.8,False
679,0.29082599917829055,0.903452490070272,nan,nan,20,6546,47.34483543594673,46.39551023185054,10.7,False
680,0.31537384516991795,0.8954403683350661,0.3553952741550277,0.888330888161607,20,6733,49.35300228832736,48.19763227109284,10.95,False
681,0.314306954213995,0.8986143967556607,nan,nan,20,5918,43.14127821050291,40.80634903017349,9.8,False
682,0.3463297975871032,0.8913937798255718,nan,nan,20,6077,42.84958206515469,41.46556499284999,9.95,False
683,0.3869005978109874,0.8823529411764706,nan,nan,20,6154,44.16388957402148,42.49849106388799,10.1,False
684,0.30803507028918564,0.8950915750915751,nan,nan,20,6825,50.16819175753643,49.47481992766309,11.15,False
685,0.35817718152436623,0.8842333954065797,nan,nan,20,6444,46.56111636514008,45.40671156708604,10.55,False
686,0.3099240878791656,0.9052199968459234,nan,nan,20,6341,45.4745706852304,43.848012062856995,10.3,False
687,0.30576664465030906,0.8964082010174195,nan,nan,20,6487,47.45945651232887,45.67178875775554,10.55,False
688,0.3065539143795819,0.9005506964690638,nan,nan,20,6174,44.29563756781541,42.79001794642105,10.15,False
689,0.3376681741079611,0.8897802021498475,nan,nan,20,6233,45.860403255540604,43.715346739261996,10.25,False
690,0.3386226052943185,0.8875528111797205,0.35841698369946495,0.8869766392055073,20,6154,45.142621572123595,42.294209731097496,10.0,False
691,0.3328298094173417,0.8918298653610771,nan,nan,20,6536,47.301060510631444,45.860262002791,10.6,False
692,0.3011993796019198,0.8994157587241434,nan,nan,20,6333,45.5714621173066,44.14509221154749,10.35,False
693,0.36989293990184247,0.882774340605666,nan,nan,20,6142,43.79958384598437,42.3996773158325,10.1,False
694,0.303700984320967,0.9014947683109118,nan,nan,20,6690,49.00143933718636,48.10749695722454,10.95,False
695,0.3028726954292446,0.899165061014772,nan,nan,20,6228,47.72252007908332,43.66385622900104,10.2,False
696,0.2701329615648172,0.9079086647512475,nan,nan,20,6613,50.54065746729214,47.32723729310649,10.75,False
697,0.34581519077694606,0.8893650793650794,nan,nan,20,6300,44.77069225689106,43.42390558431604,10.25,False
698,0.3311894122685343,0.8950786549285611,nan,nan,20,6929,52.81953604892373,51.083196873600535,11.35,False
699,0.3920458341749934,0.8765312701482915,nan,nan,20,6204,44.643188554625596,43.11935922101655,10.2,False
700,0.3190138509821664,0.898260329294812,0.3521269232576177,0.8894030019185194,20,6438,48.08854457607288,46.6152785963315,10.7,False
701,0.3356364587903783,0.8870361288213177,nan,nan,20,6117,42.93515689538372,41.97464318045398,10.05,False
702,0.33292900543549747,0.8964675240110695,nan,nan,20,6143,43.34112796474145,41.79928217921155,10.0,False
703,0.32125882852034776,0.8949651432997676,nan,nan,20,6455,47.36496402722256,45.842828080786006,10.6,False
704,0.27735169559593614,0.9094185094185094,nan,nan,20,6105,44.58722103282919,42.358464751002,10.05,False
705,0.29656069595805484,0.8978723404255319,nan,nan,20,6580,47.77194046244972,47.03445370712699,10.8,False
706,0.32547973482310527,0.902264212412445,nan,nan,20,6139,45.73267878224724,42.6969284463096,10.05,False
707,0.3101650399117861,0.8987465407781214,nan,nan,20,6143,44.069460666738614,42.474064202056546,10.1,False
708,0.3185249036373301,0.8937559732398853,nan,nan,20,6278,45.808354635312625,43.889360829862,10.3,False
709,0.36609234350070247,0.8839962121212122,nan,nan,20,6336,46.854601664572066,44.9175491575291,10.45,False
710,0.38547164473176176,0.8729342064234487,0.3516251239116326,0.8891772937591694,20,6414,48.60775362162564,45.48340728323008,10.5,False
711,0.2958735104638203,0.9059870550161813,nan,nan,20,6180,44.004772041308996,42.449676082273996,10.1,False
712,0.30287678516506766,0.8969716391603909,nan,nan,20,6241,44.885030260409955,43.983580675207044,10.35,False
713,0.292326811167009,0.905690794776721,nan,nan,20,6203,45.80179279890257,43.62949457147601,10.25,False
714,0.3410660362185445,0.89171875,nan,nan,20,6400,45.40607497569955,44.63995807248848,10.45,False
715,0.32230472428101287,0.8940151637360865,nan,nan,20,6199,46.55482916894456,43.58559613069879,10.2,False
716,0.287896267127754,0.9043824701195219,nan,nan,20,6024,42.0748664824112,40.521900815053996,9.8,False
717,0.3157201644183128,0.8992260061919505,nan,nan,20,6460,46.58154468305431,45.702560340407494,10.6,False
718,0.2775966390144543,0.9071149335418296,nan,nan,20,6395,46.46346724603722,44.84672632457024,10.45,False
719,0.31850787517488127,0.8995709518512633,nan,nan,20,6293,44.783033234763444,43.96945919838299,10.35,False
720,0.3034879365949753,0.8994430693069307,0.3490302658837128,0.8903058345559192,20,6464,46.91920520769513,45.74980626904104,10.6,False
721,0.2717253459048413,0.9135705289672544,nan,nan,20,6352,46.56175418192684,45.12655332356909,10.5,False
722,0.3791830969751865,0.8783009863188037,nan,nan,20,6286,46.14046137723349,44.24470423712909,10.35,False
723,0.3775580819087477,0.8789482387960973,nan,nan,20,6047,43.68741116849913,42.11859141547801,10.05,False
724,0.3516121722039035,0.8860572180203881,nan,nan,20,6082,44.278678499275905,41.75475716920009,9.95,False
725,0.3160189570619278,0.8987699468085106,nan,nan,20,6016,45.20870072999491,41.773306154557496,9.9,False
726,0.30349325791615417,0.8964617642263166,nan,nan,20,6133,44.10534985977638,42.200121905052,10.05,False
727,0.3003466748133214,0.9029301031265347,nan,nan,20,6109,41.44997937069632,40.87308363002999,9.9,False
728,0.3054807720647539,0.8966777936735019,nan,nan,20,6291,44.73055789534091,43.402188513571545,10.25,False
729,0.3592188890023819,0.8912780133252575,nan,nan,20,6604,48.462555317713345,47.442421969965054,10.85,False
730,0.34638183711247333,0.8889420775490665,0.34835824084502554,0.8893465748786819,20,6267,45.54377138480527,43.85804410118604,10.3,False
731,0.3036960909903295,0.8976581508515815,nan,nan,20,6576,48.29233113893652,46.87625952298575,10.75,False
732,0.3054237318570952,0.9015434606011373,nan,nan,20,6155,43.51629232742767,42.60056717496399,10.15,False
733,0.26778769218849213,0.9144657863145258,nan,nan,20,6664,46.93003455726887,46.315139851407494,10.7,False
734,0.3165351096876233,0.8968046951418324,nan,nan,20,6134,44.095280939890436,42.46659798744754,10.1,False
735,0.287576394946095,0.9052718286655683,nan,nan,20,6070,42.14584735672714,40.74969939205899,9.85,False
736,0.3694840456682994,0.883855421686747,nan,nan,20,6225,43.9779653045838,42.68986759767849,10.15,False
737,0.3400247248519972,0.8894703457025056,nan,nan,20,6306,43.99421867473619,43.2656421622235,10.25,False
738,0.34856201572697637,0.8870331005162466,nan,nan,20,6586,48.42502242125282,47.1465731966436,10.8,False
739,0.31329353048403136,0.9003707136237257,nan,nan,20,6474,47.34656431133745,46.1227129776246,10.65,False
740,0.326226289240247,0.8995605775266792,0.3540109901217814,0.8876537636835572,20,6372,46.03762913713639,45.289536240187985,10.55,False
741,0.3280433319632452,0.8924061013613253,nan,nan,20,6097,44.090796981464784,41.52975232438799,9.9,False
742,0.2910776952016609,0.9067419067419067,nan,nan,20,6734,49.93290547599641,48.88707622234405,11.05,False
743,0.2794618091592435,0.9049317617866005,nan,nan,20,6448,46.77663391941619,45.98984712092204,10.65,False
744,0.36170658965905506,0.8808971384377416,nan,nan,20,6465,47.44010926551274,45.60887166768474,10.55,False
745,0.29166470489862684,0.9070343972730089,nan,nan,20,6454,46.70481969414404,44.968165431840546,10.45,False
746,0.32149576591968576,0.8956436931079323,nan,nan,20,6152,44.478450271759755,42.825015169742485,10.15,False
747,0.3157739368916763,0.8968047699128574,nan,nan,20,6541,47.711144543053976,46.74753497607699,10.75,False
748,0.3217400132616853,0.9005442850074221,nan,nan,20,6063,43.17739031640581,41.05992013371849,9.85,False
749,0.33851013859468726,0.8823626464279822,nan,nan,20,6061,42.82971173665809,41.67995451626349,10.0,False
750,0.32999822523342126,0.8908444745303774,0.3429910779443286,0.8909829590339691,20,5909,41.91162553775055,39.963969116363494,9.7,False
751,0.3288211354700571,0.8928864793822902,nan,nan,20,6087,44.55420930044579,42.323907055959594,10.05,False
752,0.30839371661975096,0.8984044285249104,nan,nan,20,6142,44.4744254291201,42.34738237268054,10.05,False
753,0.3289067162703591,0.8933518005540166,nan,nan,20,6498,46.543807941625815,45.393056931951236,10.55,False
754,0.2676258277462118,0.9081763015011178,nan,nan,20,6262,44.73735861199721,42.88975935131409,10.15,False
755,0.29728361922896024,0.9010898282694848,nan,nan,20,6056,44.35661131587252,41.824736525871046,9.95,False
756,0.35627538996077646,0.887238352464551,nan,nan,20,5924,42.30769629760607,39.571741252914,9.6,False
757,0.2927868541945908,0.9050911376492772,nan,nan,20,6364,45.939983750112056,44.726354993871546,10.45,False
758,0.28563031241973885,0.9064445828144458,nan,nan,20,6424,49.44561303067093,45.55758145732059,10.45,False
759,0.2904676266177688,0.9036125817502336,nan,nan,20,6422,46.25214276555973,45.066929310312,10.5,False
760,0.3250363130379085,0.8927589367552704,0.3507505459981072,0.8893465748786819,20,6546,47.76371675946734,46.740542036250545,10.75,False
761,0.29192339396081124,0.9031244833856836,nan,nan,20,6049,43.58751856456972,41.589694517525594,9.95,False
762,0.32583814208440626,0.8970074434148565,nan,nan,20,6583,49.039321368644856,47.381838380684556,10.8,False
763,0.3366733143300248,0.892040849408332,nan,nan,20,6169,43.12575194014272,42.27684349745899,10.1,False
764,0.3439896465895085,0.8881789137380192,nan,nan,20,6260,44.26014340232723,43.3043842111235,10.25,False
765,0.3385966079096062,0.8893085892593201,nan,nan,20,6089,44.45315654957058,42.33277276729799,10.05,False
766,0.34762010962135503,0.8905839032088374,nan,nan,20,5703,42.30141562017021,38.405625482573,9.35,False
767,0.2936719275023898,0.9024201054917779,nan,nan,20,6446,48.0339626163811,45.76978677044809,10.55,False
768,0.31886713040456655,0.8920401128172987,nan,nan,20,6382,45.49967889235961,44.40069421392155,10.4,False
769,0.3529523536095994,0.8915855021555166,nan,nan,20,6263,46.408425137160116,43.58787285021959,10.2,False
770,0.2961220733305787,0.9010802469135802,0.3377726502080034,0.8919422187112064,20,6480,47.149293312342905,46.08553998170505,10.65,False
771,0.3229220164212579,0.8953352282227053,nan,nan,20,5981,43.173825957823944,40.94445760898174,9.85,False
772,0.287799166529997,0.9051842789417343,nan,nan,20,6539,47.84845479299132,46.308988840831496,10.65,False
773,0.3152956173933599,0.8975462077756533,nan,nan,20,6276,47.050237366627364,44.328736110328606,10.3,False
774,0.3536632770427108,0.8841194711930798,nan,nan,20,6127,42.61352706501462,41.101082740142544,9.9,False
775,0.3103318160391337,0.9001047851903597,nan,nan,20,5726,39.62438131313498,37.409284297299,9.3,False
776,0.33580384286857556,0.8929302472051646,nan,nan,20,6351,45.00677788849593,44.281172840728985,10.4,False
777,0.32327348919532484,0.8958300301252576,nan,nan,20,6307,44.55630366726385,43.64747891307849,10.3,False
778,0.3514289036450636,0.8892497564144203,nan,nan,20,6158,43.56757517564838,42.62361869405949,10.15,False
779,0.29499821263157555,0.902547065337763,nan,nan,20,6321,46.82160369374903,44.457479661783594,10.35,False
780,0.2982940566278167,0.903976572133169,0.3443602007885117,0.8903622615957567,20,6488,46.83512049348933,45.73568479221699,10.6,False
781,0.3022598653695673,0.8991423125794155,nan,nan,20,6296,45.122768768764985,43.49889081996201,10.25,False
782,0.3224214685972385,0.8915998035041756,nan,nan,20,6107,42.84863114772559,41.703221268963986,10.0,False
783,0.3127797960266953,0.9008951406649617,nan,nan,20,6256,45.675051809280305,43.882879906867,10.3,False
784,0.32287055655278235,0.8921069382558879,nan,nan,20,6284,44.924564511263405,43.47185080693224,10.25,False
785,0.3463572290662457,0.8825098039215686,nan,nan,20,6375,45.528719423498046,44.66802668691655,10.45,False
786,0.2679587677368649,0.9076603325415677,nan,nan,20,6736,51.19874232980784,49.042062583875534,11.05,False
787,0.28677900928665395,0.9075962855838027,nan,nan,20,6569,47.815155207168196,47.309556113262495,10.85,False
788,0.3216857437783875,0.8987603305785123,nan,nan,20,6292,44.79468609992094,43.950088173933,10.35,False
789,0.28444562919670036,0.9029535864978903,nan,nan,20,6162,45.6296714961897,43.1498694050575,10.15,False
790,0.2737360384672522,0.907496977025393,0.33525948440190456,0.8914908023925064,20,6616,50.17360888437484,47.43220205173799,10.8,False
791,0.3175631523754331,0.9003623188405797,nan,nan,20,6624,49.26416541182403,47.90840838813329,10.9,False
792,0.33748702937837083,0.8926507018992568,nan,nan,20,6055,44.272888712248,41.78521057197155,9.95,False
793,0.34751442239823604,0.8816097332709406,nan,nan,20,6411,45.920293054276186,45.000680406692986,10.5,False
794,0.3113029011585069,0.9002664002664003,nan,nan,20,6006,42.91316181571587,40.90776910390705,9.85,False
795,0.30595622715012,0.8927292542425658,nan,nan,20,6423,47.12817870382913,45.529545385459556,10.55,False
796,0.2734193295550362,0.9131853785900783,nan,nan,20,6128,43.538802923332284,42.36829625622349,10.1,False
797,0.31185409220967025,0.895908940943583,nan,nan,20,6062,43.285799868935534,41.766157727402046,10.0,False
798,0.2902396644279909,0.9027713268307788,nan,nan,20,6459,45.7216001931957,45.238784156128986,10.55,False
799,0.28367638555531305,0.9029555149299208,nan,nan,20,6564,47.85678294712145,46.76322550588149,10.75,False
800,0.28616288072020335,0.9036791410074214,0.3356842295255232,0.8927321972689313,20,6333,46.00825675429958,44.74572601832154,10.45,False
801,0.2531010154906899,0.913832897368826,nan,nan,20,6499,47.586899005852636,46.44469326292909,10.7,False
802,0.32856981817962055,0.891566265060241,nan,nan,20,5976,42.48588626032264,40.33052428126349,9.75,False
803,0.3172036908728133,0.8966962938118397,nan,nan,20,5963,43.64453650494982,41.209541475173495,9.85,False
804,0.3231164598113282,0.8973865640532307,nan,nan,20,6237,45.29113527390621,43.06934599322604,10.15,False
805,0.3251476851087912,0.8918100701083492,nan,nan,20,6276,45.05464246848288,43.98883022283299,10.35,False
806,0.27623987872459327,0.9061359867330017,nan,nan,20,6030,43.39434973500932,41.54548789997105,9.95,False
807,0.30434555675742053,0.8937190082644628,nan,nan,20,6050,42.46833105302924,41.369639892349994,9.95,False
808,0.30713734573072304,0.8954406315450298,nan,nan,20,6207,45.482351007067436,44.13529884337155,10.35,False
809,0.285766022576905,0.9002732240437158,nan,nan,20,6588,49.41827993041481,46.99223070417249,10.75,False
810,0.2881521357573645,0.9057435090479937,0.34078147778351225,0.8881051800022571,20,6355,45.74956738412157,44.16894200816909,10.35,False
811,0.29343272128367737,0.9030645161290323,nan,nan,20,6200,45.13860405782565,43.05510420111204,10.15,False
812,0.34125954229609656,0.8931197908154928,nan,nan,20,6119,43.010891770982234,41.97638657265449,10.05,False
813,0.27777866504894233,0.9072031148604802,nan,nan,20,6164,43.771484421639336,42.670496573228505,10.15,False
814,0.32233054960708507,0.8967604712041884,nan,nan,20,6112,44.46268047052904,41.7937144517051,9.95,False
815,0.26430707908244166,0.910527139058345,nan,nan,20,6393,47.18465747386762,45.294928420424554,10.5,False
816,0.2687997087780332,0.9100658801899801,nan,nan,20,6527,47.54792623892337,46.43057178610504,10.7,False
817,0.28944854983613627,0.905340183714775,nan,nan,20,6423,46.69506466044485,45.183312577543646,10.5,False
818,0.2849318253375142,0.9030444964871195,nan,nan,20,6405,49.51691592988599,45.984844831135085,10.55,False
819,0.30785049294313577,0.9022907900888265,nan,nan,20,6417,45.730146087476164,44.698286379443495,10.45,False
820,0.26144364074332654,0.9144612476370511,0.3359620856681805,0.8912650942331565,20,6348,46.02836574885185,44.48999463663604,10.4,False
821,0.2881180132811523,0.904777019520711,nan,nan,20,6301,46.78488879605887,44.733598425212,10.4,False
822,0.3284001525046213,0.8931476846057572,nan,nan,20,6392,46.0766405028921,44.06501728252703,10.3,False
823,0.32149623586401027,0.8961673537944724,nan,nan,20,6549,46.53164314381472,45.95304217446703,10.65,False
824,0.29078929809701104,0.9089789003542277,nan,nan,20,6493,47.18121416418866,45.626286221322495,10.55,False
825,0.2657317330479421,0.9140392156862746,nan,nan,20,6375,45.21251856085702,44.589399698673994,10.45,False
826,0.31369115972404854,0.8956303049355548,nan,nan,20,6362,46.16638903993198,44.778073476817,10.45,False
827,0.2920918051561836,0.903951975987994,nan,nan,20,5997,43.40060663055117,40.78905091791605,9.8,False
828,0.32011477744196737,0.8954821308159137,nan,nan,20,5932,41.586180656094754,40.365710305153996,9.8,False
829,0.28709368588479584,0.9020041028878018,nan,nan,20,6337,45.667881632099,43.87956746168605,10.3,False
830,0.274072047992548,0.9050201425472575,0.32913633606905,0.8938607380656811,20,6454,46.09996786491435,45.05123878050749,10.5,False
831,0.2682596093861253,0.9073262366938009,nan,nan,20,6388,46.617401939493654,45.41953733760799,10.55,False
832,0.2971540096828965,0.9029885776873728,nan,nan,20,6391,46.46586492587999,45.12194517208604,10.5,False
833,0.31608949939595027,0.8919332619011174,nan,nan,20,6533,49.32153093292678,46.69444482840605,10.7,False
834,0.3229896170441187,0.8899448191293685,nan,nan,20,6524,47.44698132835357,46.151229277951046,10.65,False
835,0.33120607368864036,0.8861318830727396,nan,nan,20,5884,43.6045957638799,40.08551495770009,9.65,False
836,0.3370241462128188,0.8936825885978429,nan,nan,20,6490,47.08624081203451,46.05609602454105,10.65,False
837,0.250247963492244,0.919069069069069,nan,nan,20,6660,48.34770893375852,47.995745517172494,10.95,False
838,0.31221038326921724,0.8937853107344633,nan,nan,20,6195,44.13991916458992,42.79939546201449,10.15,False
839,0.327350129034103,0.8943251788983192,nan,nan,20,6009,42.35171702719588,40.500513264301546,9.8,False
840,0.26009064075806126,0.909536612367547,0.3326329122566636,0.8936350299063311,20,6323,45.65918073735987,44.415975799876534,10.4,False
841,0.27780843484321854,0.9063829787234042,nan,nan,20,6345,45.82941923479707,44.433818665731046,10.4,False
842,0.31891352408787854,0.8949880668257757,nan,nan,20,6285,44.848392067989494,43.97897252372399,10.35,False
843,0.26979368947185434,0.9075486381322957,nan,nan,20,6425,46.51937653351355,45.40303107244055,10.55,False
844,0.28305255616731134,0.9044153323629306,nan,nan,20,6183,46.04080290622928,43.28881731204054,10.15,False
845,0.26751736155342004,0.9106890598022288,nan,nan,20,6371,45.90404004182547,44.74378891587654,10.45,False
846,0.2578342449676822,0.9159263959390863,nan,nan,20,6304,45.53621906564387,43.91255610374799,10.3,False
847,0.27174408594361243,0.9078773895847067,nan,nan,20,6068,45.81583528397053,41.72970992331459,9.85,False
848,0.313578615933821,0.8934929888136127,nan,nan,20,6347,44.88743026771831,43.98689312038799,10.35,False
849,0.2849100425760144,0.9086561453849833,nan,nan,20,6273,44.89083286427625,43.226366699837996,10.2,False
850,0.3028965009802674,0.9028509451502944,0.32773777368630774,0.8960049655795057,20,6454,46.10496570923499,44.79628439213604,10.45,False
851,0.273431856235182,0.907182320441989,nan,nan,20,6335,45.93086273730796,44.50374806399555,10.4,False
852,0.312512112937514,0.8966677886233592,nan,nan,20,5942,41.51776530337116,39.35722243605899,9.6,False
853,0.28588019751113536,0.9022785622593068,nan,nan,20,6232,44.10390943571674,43.0449723347925,10.2,False
854,0.2521827223619388,0.9189469013459547,nan,nan,20,6761,49.428019280835244,48.49977469025809,11.0,False
855,0.33532370756734253,0.8897226753670473,nan,nan,20,6130,42.98041256317583,41.97229713415949,10.05,False
856,0.2991131709823795,0.9038069873100423,nan,nan,20,6383,45.76145720011752,44.98498987688849,10.5,False
857,0.39924499760624127,0.87233691164327,nan,nan,20,6055,44.094110366036794,42.482159137940585,10.1,False
858,0.2886696654381386,0.9104624467038374,nan,nan,20,6098,44.088363176857555,41.837811515978,9.95,False
859,0.2693062796447101,0.9071451054453887,nan,nan,20,6354,46.20782492531288,45.06361686513104,10.5,False
860,0.3065986329787901,0.8971276927880112,0.3261674418465277,0.8962306737388557,20,6406,46.27205924894263,45.07737029249055,10.5,False
861,0.30886132226911106,0.9031284738764491,nan,nan,20,6297,46.80997157013958,44.51567215899104,10.35,False
862,0.3074562913443438,0.8974732750242954,nan,nan,20,6174,43.99657978871047,42.76050965832399,10.15,False
863,0.31453749704447087,0.8940634595701126,nan,nan,20,5862,41.50864472522937,39.365143032723,9.6,False
864,0.2911909600990699,0.903525641025641,nan,nan,20,6240,44.142121046947274,43.26757926466849,10.25,False
865,0.2745104365780587,0.9142125480153649,nan,nan,20,6248,45.12580765656113,43.014568801605094,10.15,False
866,0.32194589667748674,0.8947622884770347,nan,nan,20,6205,45.76740025818966,43.706057711547494,10.25,False
867,0.31040206797713044,0.8952053724816492,nan,nan,20,6403,45.85152542409728,44.974316442416544,10.5,False
868,0.2962369894876197,0.9024886523712631,nan,nan,20,6389,47.19464818637023,45.02487972324929,10.45,False
869,0.33710959001699903,0.8918442557282487,nan,nan,20,6241,44.2875586845357,42.7787849045761,10.15,False
870,0.2721998657259644,0.9111650485436893,0.3235430080053056,0.8952714140616184,20,6180,46.75539559236429,43.44475860235554,10.15,False
871,0.295907026755044,0.9054010866091403,nan,nan,20,6258,45.190333238113446,43.77703232460009,10.3,False
872,0.28094875443671724,0.905911330049261,nan,nan,20,6090,45.062864596293586,41.769884946778994,9.95,False
873,0.264049375935543,0.913968688250494,nan,nan,20,6579,47.696262816426355,47.0187631773225,10.8,False
874,0.2766137360999756,0.9105921601334446,nan,nan,20,5995,42.82117082523198,40.8878147963875,9.85,False
875,0.2615583650328622,0.9141624287255355,nan,nan,20,6489,47.025625366446356,45.79244404619154,10.6,False
876,0.3109170527773398,0.9013285565009703,nan,nan,20,6699,48.568927513054035,48.028869968982,10.95,False
877,0.288571706399685,0.9058536585365854,nan,nan,20,6150,42.99843710761091,41.99207710245899,10.05,False
878,0.2973679403928963,0.9026460309535697,nan,nan,20,6009,44.86251747229256,41.94103303240699,9.95,False
879,0.28874721401592046,0.9072662206317099,nan,nan,20,6427,46.911505009141536,45.48189051297649,10.55,False
880,0.28539048913719606,0.9070749736008448,0.3258479750865389,0.8938043110258436,20,6629,47.89850560005966,47.06951526138149,10.8,False
881,0.2842762656746633,0.902135231316726,nan,nan,20,6182,44.16820137365604,42.758053603742496,10.15,False
882,0.2672650702794162,0.9084146908414691,nan,nan,20,6453,50.10852917437529,46.199076141361545,10.55,False
883,0.30292312568038926,0.8964702174598173,nan,nan,20,6346,45.47284192564836,44.38500368411703,10.4,False
884,0.2914515344846992,0.9038791088954666,nan,nan,20,6419,46.052266239290525,45.303289667547496,10.55,False
885,0.2773452152383615,0.909718875502008,nan,nan,20,6225,43.933140947450056,42.448796015978,10.1,False
886,0.33422277859542415,0.8957232918725507,nan,nan,20,5869,41.16243320525843,39.04956424950849,9.55,False
887,0.2829595639361461,0.9018366054464851,nan,nan,20,6316,44.58073485734107,43.378403047883,10.25,False
888,0.29283671297582353,0.9042432124857747,nan,nan,20,6151,43.25240714325706,41.759806183718496,10.0,False
889,0.2566493832967453,0.9060535891498511,nan,nan,20,6046,45.4050881637259,41.82729229305304,9.95,False
890,0.29165922266609823,0.8990193073858412,0.3270929283790913,0.8943685814242185,20,6526,49.48917234261929,47.01917795151849,10.75,False
891,0.36331864687446097,0.8811129848229342,nan,nan,20,5930,40.67124631953266,39.390665067749,9.65,False
892,0.2646887084711835,0.9133476088508209,nan,nan,20,7005,52.27636989575356,51.89199903193255,11.5,False
893,0.29674765165555456,0.903257328990228,nan,nan,20,6140,44.47549055157809,42.28458172399005,10.05,False
894,0.31830701970479985,0.8984213044171584,nan,nan,20,6271,44.71122575763455,43.66725888137799,10.3,False
895,0.2926605997837193,0.9075965528247686,nan,nan,20,6266,44.5950020237446,42.74835124196449,10.1,False
896,0.28468672775457204,0.9081106422878574,nan,nan,20,6399,46.0982794209999,44.57431864582655,10.4,False
897,0.2751452568396859,0.9074074074074074,nan,nan,20,6642,47.85544792684654,47.32699003526749,10.85,False
898,0.2713271782010561,0.9124254928931683,nan,nan,20,6543,46.66039386738837,45.986166626276535,10.65,False
899,0.3005116518513539,0.8950099191210132,nan,nan,20,6553,49.4107672917389,46.719065400481995,10.7,False
900,0.2457465283849392,0.9210739123402879,0.32335145715504277,0.8978670578941429,20,6183,44.07501371176045,43.01787442392299,10.2,False
901,0.28138457298634817,0.9064291247095275,nan,nan,20,6455,46.448238172972076,45.67987687077654,10.6,False
902,0.22932723679419031,0.9269179894179894,nan,nan,20,6048,42.933751120482306,41.23155068190899,9.9,False
903,0.2670878083727416,0.9086842511183094,nan,nan,20,6483,47.10481649488345,45.82569787731249,10.6,False
904,0.29068603577103314,0.9057750759878419,nan,nan,20,6251,45.812339415418414,43.6802851850075,10.25,False
905,0.3346764992988776,0.8936515668127943,nan,nan,20,6159,43.60439887420426,42.37658490235204,10.1,False
906,0.2761088491549398,0.9058101227912548,nan,nan,20,6678,47.62921723546397,46.726420559426494,10.75,False
907,0.28793896225395665,0.8980733374766936,nan,nan,20,6436,47.48651023244568,45.86192575855764,10.6,False
908,0.3065146028623975,0.8983590887366576,nan,nan,20,6277,44.542648595848505,43.63178838327399,10.3,False
909,0.31409284590588477,0.9009340070433318,nan,nan,20,6531,48.342564170745256,46.8792407236486,10.75,False
910,0.29444881973495896,0.9036935286935287,0.3216441120860297,0.8961742466990181,20,6552,47.3108038988195,46.40075977947651,10.7,False
911,0.29891213025537117,0.9043077412176125,nan,nan,20,6291,45.209190245897034,43.82117482379799,10.3,False
912,0.2915585733347559,0.9043083900226757,nan,nan,20,6615,47.23499915048248,46.38175680449104,10.7,False
913,0.2983305273800661,0.9032984714400644,nan,nan,20,6215,44.17898992105044,42.73711352631204,10.15,False
914,0.3468962566070598,0.8886403578846461,nan,nan,20,6259,44.59915639037262,42.8852805791425,10.15,False
915,0.30501120526172165,0.902948801036941,nan,nan,20,6172,43.99756257667909,42.257154293128494,10.05,False
916,0.3106937235800665,0.8964026555504091,nan,nan,20,6477,47.425663369409335,45.888330617219054,10.6,False
917,0.31773018746406523,0.8950718015665796,nan,nan,20,6128,44.359208759629546,42.37222724238299,10.05,False
918,0.30853981143764125,0.9021685961193543,nan,nan,20,6133,43.912799181752256,42.198825986173496,10.05,False
919,0.31613862620261785,0.8953283030984106,nan,nan,20,6229,46.25298164875458,44.100078836781535,10.3,False
920,0.3185815563664137,0.8963365861462166,0.31829922450959663,0.8966820900575556,20,6251,44.173175378053095,43.02753841278749,10.2,False
921,0.34230384732925845,0.8842052649116962,nan,nan,20,6002,42.9488364009731,40.691916231128,9.8,False
922,0.30642959675653475,0.8957064793130367,nan,nan,20,6405,46.00784944815219,45.0239471593935,10.5,False
923,0.3034009505550303,0.8959420777908739,nan,nan,20,5939,42.135117550600754,40.250744092623,9.75,False
924,0.28633425445799915,0.9000331016219795,nan,nan,20,6042,42.59990475424355,40.90588990195899,9.85,False
925,0.26254748130172945,0.9155696777122107,nan,nan,20,6609,48.467889001962064,47.175089496970045,10.8,False
926,0.27209200042620624,0.9069729015201586,nan,nan,20,6052,42.667950837970196,40.89811996881849,9.85,False
927,0.278231463550839,0.9090760157273918,nan,nan,20,6104,43.74753951331269,41.455510311933,9.9,False
928,0.26645645473305324,0.9089545522723864,nan,nan,20,6667,48.98279064317587,48.12161843404859,10.95,False
929,0.29298241576110245,0.8990033222591363,nan,nan,20,6020,42.323900314148865,40.517882855373486,9.8,False
930,0.27317167116647173,0.9083621502672116,0.32024526770625317,0.8969077982169056,20,6362,46.73590268157732,44.63977570235555,10.4,False
931,0.2979043822931802,0.8982755893054897,nan,nan,20,6321,44.872879513145904,43.478080121843,10.25,False
932,0.30120746817864547,0.9013242894056848,nan,nan,20,6192,43.58462489849537,42.61819480721349,10.15,False
933,0.26370618175859784,0.9089586028460543,nan,nan,20,6184,43.88043950269083,42.69027654152799,10.15,False
934,0.2769147830148451,0.9063725490196078,nan,nan,20,6120,43.30515400443933,41.79293063552801,10.0,False
935,0.30780597317595176,0.8966036473147063,nan,nan,20,5977,42.58975532995816,40.597928233073,9.8,False
936,0.3216209791101515,0.8943672721721875,nan,nan,20,6551,47.10766652382872,46.366066274686546,10.7,False
937,0.3126396460956283,0.8994627782041443,nan,nan,20,6515,49.27897000471448,46.97828356656849,10.75,False
938,0.2826112356067689,0.9070637767035709,nan,nan,20,6413,46.51687088484987,44.66361906854104,10.4,False
939,0.25590804458838873,0.9095607235142119,nan,nan,20,5805,43.37090907571749,40.08668513796605,9.65,False
940,0.2547242952780586,0.9160714285714285,0.3186596732634129,0.897302787495768,20,6160,43.910669753568136,42.47199128986399,10.1,False
941,0.3127069915052594,0.8985624293329026,nan,nan,20,6191,44.206748505010154,42.78222672906849,10.15,False
942,0.279216855770819,0.9058528165699042,nan,nan,20,6373,45.46737862076192,44.371250256757534,10.4,False
943,0.2658059943247188,0.9066816575650498,nan,nan,20,6226,43.97875103777698,42.729018590428,10.15,False
944,0.3382271470725518,0.8878120893561103,nan,nan,20,6088,43.32206293508813,41.59848080795899,9.95,False
945,0.2941936530813156,0.9012087026591459,nan,nan,20,6205,47.62628760044625,43.45248449625849,10.15,False
946,0.3652112249966997,0.8907139372255651,nan,nan,20,6149,43.47061750266892,42.34152334809754,10.1,False
947,0.2707443839969029,0.9080045834015387,nan,nan,20,6109,43.083472326321406,41.4924737107235,9.95,False
948,0.2749272381254909,0.9055857637172516,nan,nan,20,6069,43.144736043402425,41.79122577279999,10.0,False
949,0.2823924777335864,0.9075490522115065,nan,nan,20,6014,42.23106449616763,40.75163649450399,9.85,False
950,0.28172824807987484,0.9045226130653267,0.3254222785823838,0.8966256630177181,20,6368,45.72777375602731,44.96561885243848,10.5,False
951,0.28259507398481915,0.9028701151289119,nan,nan,20,6167,44.36576981724831,42.076737454504595,10.0,False
952,0.30908170265015555,0.9041603503452922,nan,nan,20,5937,41.464834462436116,40.07879157410399,9.75,False
953,0.26369168789702874,0.9081781376518219,nan,nan,20,6175,44.052509400320915,42.44016275693299,10.1,False
954,0.3335456670572731,0.8951993490642799,nan,nan,20,6145,44.300636434752555,42.517156361262046,10.1,False
955,0.2676691325274996,0.9088575096277278,nan,nan,20,6232,44.479959329448796,42.612627079707046,10.1,False
956,0.27192350779089053,0.9111957349581112,nan,nan,20,6565,47.55630094317313,46.45577564125055,10.7,False
957,0.3577102578167253,0.8831269349845201,nan,nan,20,6460,46.61791224054742,45.426082591536044,10.55,False
958,0.29717400628276913,0.8997107039537127,nan,nan,20,6222,44.444956889660425,43.36445591027899,10.25,False
959,0.3320450132536279,0.8953180899051174,nan,nan,20,6429,46.0916318604135,45.047558285861996,10.5,False
960,0.25993493884188645,0.9162139917695473,0.3157908549737667,0.8983184742128428,20,6075,45.505082590618386,42.12841089167149,9.95,False
961,0.25153991601231024,0.9166132135984606,nan,nan,20,6236,45.64509883384341,43.59940921816909,10.25,False
962,0.2639373195381212,0.9134373427277303,nan,nan,20,5961,42.50435635795904,39.889873377217995,9.65,False
963,0.26540172238367615,0.9116250574360545,nan,nan,20,6529,47.42355394000443,46.693296107616995,10.75,False
964,0.3248909504795671,0.89749430523918,nan,nan,20,6146,44.28481953081736,43.025795020587,10.2,False
965,0.27537266667638066,0.9055092889173607,nan,nan,20,6244,45.579638698394945,44.38850983954249,10.4,False
966,0.23743141840962806,0.9194834183673469,nan,nan,20,6272,45.234041205130865,43.027220232907,10.15,False
967,0.2966486023069569,0.9016022010033986,nan,nan,20,6179,44.55501077839344,42.61010669419249,10.1,False
968,0.2945620425047469,0.899329955875143,nan,nan,20,6119,44.60301698077798,43.10891823883798,10.2,False
969,0.25063003997727584,0.9196554424432263,nan,nan,20,6385,46.625950691258716,44.63394287166004,10.4,False
970,0.2626851707122459,0.9129313124798452,0.3137753963093768,0.8983749012526803,20,6202,44.5654424441365,43.0714718962401,10.2,False
971,0.24760497427004996,0.9191726332537788,nan,nan,20,6285,45.656798148368324,43.9282466335525,10.3,False
972,0.3060086509798808,0.8975776296537148,nan,nan,20,6151,45.35747152318788,42.835017656750594,10.1,False
973,0.2765652551691234,0.9067374175912526,nan,nan,20,6219,45.619728458052876,43.83692968453555,10.3,False
974,0.254616777020158,0.9142942316291549,nan,nan,20,6709,49.568201388420405,48.51720861226309,11.0,False
975,0.30289068860082113,0.9057599751591368,nan,nan,20,6441,46.59879754619505,45.68144592375698,10.6,False
976,0.27742655565071717,0.9104352209712653,nan,nan,20,5951,42.42727529145968,40.32118529514254,9.75,False
977,0.27645471105921876,0.9081419624217119,nan,nan,20,6227,44.58209481799473,42.83452849508349,10.15,False
978,0.2677646523010836,0.9076898883472244,nan,nan,20,6359,44.89989313129066,44.004327042393,10.35,False
979,0.274135409515781,0.9072276159654801,nan,nan,20,6489,46.240798924258996,45.3346707271565,10.55,False
980,0.2919416445553896,0.9058548009367682,0.31572992183354676,0.8988827446112176,20,6405,47.78651485109041,45.95208281102005,10.6,False
981,0.2969874624387573,0.9059898808552309,nan,nan,20,6127,43.91459036890455,42.24607191480705,10.05,False
982,0.34217960835811384,0.8921404682274248,nan,nan,20,5980,42.855908579366925,41.42125530231349,9.95,False
983,0.23965504478262944,0.9232092586800125,nan,nan,20,6394,45.69896757752857,44.72997115758399,10.45,False
984,0.3045219525241084,0.8989140849568827,nan,nan,20,6262,45.483579189564416,43.553394664904594,10.25,False
985,0.3035758271642088,0.899888232476449,nan,nan,20,6263,45.64065289359547,43.8919455463096,10.3,False
986,0.3073816964038377,0.8928914505283382,nan,nan,20,6246,43.83186079290737,42.442315092982994,10.1,False
987,0.24900144640615426,0.9164611083703338,nan,nan,20,6081,44.24061302032515,42.01380099606655,10.0,False
988,0.28431595619147226,0.902482848742241,nan,nan,20,6122,43.55958874297769,42.10750903715655,10.05,False
989,0.2595614600925415,0.9145187601957586,nan,nan,20,6130,42.37280996496694,41.3270021151995,9.95,False
990,0.2822769608886819,0.9055169066494094,0.31398900519670125,0.897302787495768,20,6181,44.75397173134417,42.887023971343,10.15,False
991,0.3071071555863903,0.9009161859518154,nan,nan,20,5894,41.00809581083661,39.26617862114399,9.6,False
992,0.25590180368530613,0.9123703112529928,nan,nan,20,6265,45.25670896561383,43.788114702921554,10.3,False
993,0.25832495915850306,0.9137178135822919,nan,nan,20,6641,48.02558950329161,47.36011448707699,10.85,False
994,0.24082215006621188,0.917982048901269,nan,nan,20,6462,46.471464630797016,45.40671156708604,10.55,False
995,0.26424582427332355,0.9105390185036203,nan,nan,20,6215,44.61799960739414,43.39252452470704,10.25,False
996,0.314833014692619,0.8987163431433939,nan,nan,20,6388,44.4535500288101,43.88383927031399,10.35,False
997,0.2735741028658359,0.9108330693696547,nan,nan,20,6314,45.084320278229335,43.502980258456994,10.25,False
998,0.23968364211835083,0.9188021454112039,nan,nan,20,6712,50.01804881155773,49.18228359952259,11.1,False
999,0.270152960228305,0.9109724547253082,nan,nan,20,6571,47.79627948536026,46.76841694043409,10.75,False
1000,0.27283510519636256,0.9093704482926039,0.31556723081437316,0.8988263175713802,20,6179,45.87020344998943,42.7469441926191,10.05,True
