round,train_loss,train_accuracy,test_loss,test_accuracy,num_fit_clients,num_fit_examples,tau_eff,mean_local_normalizer,mean_local_steps,run_completed
1,4.034422412959597,0.048912228057014256,nan,nan,20,6665,51.387502822981375,48.26189200477359,10.9,False
2,3.8009702258099893,0.058564040158198966,nan,nan,20,6574,48.71464994403372,47.23815533471956,10.8,False
3,3.768424996470559,0.05294029177319898,nan,nan,20,6649,48.05702848736621,46.831994795015056,10.75,False
4,3.7203028716640443,0.06155088852988692,nan,nan,20,6190,44.49774572545844,42.55961979919249,10.1,False
5,3.747326908418491,0.05769551442387861,nan,nan,20,5997,44.768861569659116,41.269863665843,9.8,False
6,3.7571005222220926,0.05848421727287294,nan,nan,20,6241,44.11437420398413,43.291039727613494,10.25,False
7,3.7386596784728843,0.058894776684330054,nan,nan,20,6605,47.611560342614354,47.00132925531749,10.8,False
8,3.7504424034229946,0.05902079141515761,nan,nan,20,5964,43.5611900039695,40.8414820632425,9.8,False
9,3.729558439423927,0.06267553584626756,nan,nan,20,6765,51.21436258611402,49.06317700052604,11.05,False
10,3.7447987045658215,0.05598309944167799,3.7349198652355065,0.05907911070985216,20,6627,47.96613039602217,47.07995624356005,10.8,False
11,3.7265583921553183,0.05699481865284974,nan,nan,20,6369,46.167777689649505,44.0408138089675,10.3,False
12,3.7077295129915693,0.06779661016949153,nan,nan,20,6431,46.78178156928583,45.72537940720959,10.6,False
13,3.722084115253402,0.05379948914431673,nan,nan,20,6264,44.55960645209339,43.41183121822399,10.25,False
14,3.713245291060208,0.06754283813009483,nan,nan,20,6011,44.087695559031076,41.90427313173055,10.0,False
15,3.7206780782887634,0.05727699530516432,nan,nan,20,6390,48.01751909758913,46.060017946679054,10.6,False
16,3.735050118961804,0.059732732249235226,nan,nan,20,6211,44.76088993869822,43.144563076162044,10.2,False
17,3.7163358438520206,0.07068909737948884,nan,nan,20,6182,44.58181305290147,42.925909775033496,10.15,False
18,3.7194881150952352,0.06251988545975183,nan,nan,20,6286,45.38331487761889,43.834064925252996,10.3,False
19,3.69873280789948,0.0603063178047224,nan,nan,20,6268,44.88075032855651,43.6962938946925,10.3,False
20,3.7034476141181867,0.058786446020488575,3.7097660712498386,0.05907911070985216,20,6345,47.6812142851551,45.16635253532455,10.45,False
21,3.691864040344182,0.059108365336450155,nan,nan,20,5989,41.97552062386629,40.48710444985849,9.8,False
22,3.7065904817996853,0.06452116856741134,nan,nan,20,6401,45.884245080200856,44.250226918857,10.35,False
23,3.6945334157671668,0.06522744795682343,nan,nan,20,6485,48.092144560788945,46.52700074581714,10.7,False
24,3.720388834238015,0.0714172855111392,nan,nan,20,6329,48.240252957960934,44.84629034791879,10.35,False
25,3.693672945057279,0.06423052157115261,nan,nan,20,6212,43.65734300993854,42.64606971139704,10.15,False
26,3.6852714279320726,0.06706145966709347,nan,nan,20,6248,44.51615399053401,43.08623476920704,10.2,False
27,3.7127243842320707,0.0657979407979408,nan,nan,20,6216,44.371333956486005,42.81255075252849,10.15,False
28,3.689298242557696,0.07170633068906518,nan,nan,20,6429,45.412249970409356,44.6171002636375,10.45,False
29,3.7016794981746908,0.06448328525369082,nan,nan,20,5893,42.52499806469642,40.30382285195205,9.75,False
30,3.6832953124087804,0.07431710666870135,3.6815907023128194,0.056427039837490124,20,6553,48.002390525739415,46.81461877084979,10.75,False
31,3.697529648742664,0.07240393775801841,nan,nan,20,6298,44.16788150545415,43.03705173812849,10.2,False
32,3.679401518810751,0.07702000315010238,nan,nan,20,6349,45.39900045959821,44.09771690360249,10.35,False
33,3.6702290431865414,0.06920048455481527,nan,nan,20,6604,47.482950327268725,46.710730029621985,10.75,False
34,3.6741164553368,0.07702080355724948,nan,nan,20,6297,44.907490726637995,43.473536301292995,10.25,False
35,3.6687940519826783,0.06630490079701543,nan,nan,20,5897,40.5079461547796,39.3616300544345,9.65,False
36,3.643187306437136,0.08693713776192599,nan,nan,20,6729,50.3660760213586,48.33148506018299,10.95,False
37,3.643507849804134,0.07185339977495579,nan,nan,20,6221,44.45728311289459,43.106981136392996,10.2,False
38,3.644262337264702,0.08153659277254782,nan,nan,20,6586,48.815810707056116,47.25441577919524,10.8,False
39,3.637154211893523,0.078899687036732,nan,nan,20,6071,43.69809145458281,41.6480228244806,9.95,False
40,3.6209445158862636,0.0864772550846142,3.6108726484890434,0.07623293082044916,20,6441,47.176104669835084,45.820144611155044,10.6,False
41,3.5898619471212756,0.0888212927756654,nan,nan,20,6575,49.71963837482875,47.09197210906554,10.75,False
42,3.557856057739374,0.11929397443700548,nan,nan,20,6572,47.74875035867848,47.020700279767496,10.8,False
43,3.5239999546290672,0.1191623732757188,nan,nan,20,6017,44.97621935851329,41.697392228716495,9.9,False
44,3.491507166898906,0.1205831088575503,nan,nan,20,6311,45.13022413630804,44.01035358333299,10.35,False
45,3.482127875614484,0.12676503252419483,nan,nan,20,6303,45.46278962215307,44.36756976211204,10.4,False
46,3.442795499906547,0.119938884644767,nan,nan,20,6545,47.82493107136436,46.21941528401506,10.65,False
47,3.3560029192666843,0.15337139330350255,nan,nan,20,6481,47.463949671108324,46.155837429434094,10.65,False
48,3.304473445737887,0.16226415094339622,nan,nan,20,6360,45.87387440263046,44.25233836052204,10.35,False
49,3.2246234854191593,0.18176188264437218,nan,nan,20,6459,47.07060127614159,45.79530880547409,10.6,False
50,3.2220483381981944,0.18352941176470589,3.1087022704580893,0.2565737501410676,20,6375,47.58571835015276,45.196100211020045,10.45,False
51,3.0435318346725615,0.2238616531810249,nan,nan,20,6303,45.67971049991762,44.12752891023104,10.35,False
52,3.028446996280827,0.23903885161491653,nan,nan,20,6409,45.034436719608216,44.27942944852849,10.4,False
53,2.8813326925621894,0.26150375939849624,nan,nan,20,6650,48.88289999771547,47.83433165353405,10.9,False
54,2.7719486447098927,0.2858974358974359,nan,nan,20,6240,44.02449978977427,42.98916441335204,10.2,False
55,2.722720954511364,0.30355568615927125,nan,nan,20,6806,50.092804020478475,49.46244184303954,11.15,False
56,2.659416412950662,0.32007636016544705,nan,nan,20,6286,46.03848123365242,43.97225159581959,10.3,False
57,2.60699380243792,0.32477094240837695,nan,nan,20,6112,43.81240838393497,42.42079173248299,10.1,False
58,2.607749950840244,0.3212921705919796,nan,nan,20,6284,45.82315427382654,43.73062017055009,10.25,False
59,2.467616233889383,0.3598918575063613,nan,nan,20,6288,44.68264319327861,43.40360690302849,10.25,False
60,2.3923258129668254,0.39120188531029065,2.409785132768151,0.3816724974607832,20,6365,45.84127890005756,44.4408116055575,10.4,False
61,2.2913126156677897,0.38659628918746003,nan,nan,20,6252,45.42668073091169,43.323508534507496,10.2,False
62,2.3403252473044427,0.3964663143989432,nan,nan,20,6056,42.97102629984422,40.701493887402044,9.8,False
63,2.3208986767024733,0.39486768243785086,nan,nan,20,6235,46.13133047013141,43.7874284735765,10.25,False
64,2.1861389930748696,0.4255879255879256,nan,nan,20,5698,39.67183586268935,37.466741601979486,9.3,False
65,2.1481336867112257,0.42216240466576943,nan,nan,20,6687,48.00950103273136,47.090629678032,10.8,False
66,2.157053746805924,0.44257376229371564,nan,nan,20,5999,44.293811932405625,42.255073435893,10.05,False
67,2.1588627382714103,0.43326039387308535,nan,nan,20,5941,42.68463522568882,40.59605546156105,9.8,False
68,2.0285570200640466,0.4768877911079746,nan,nan,20,5668,40.856870198397296,37.96337704900849,9.35,False
69,2.032559109478853,0.4686889923411924,nan,nan,20,6659,49.08309743485159,47.5974525833105,10.85,False
70,1.9370307331710077,0.5003120124804992,2.037941941449745,0.4605574991535944,20,6410,46.74842205266566,44.93108735128359,10.45,False
71,1.9211217941665903,0.4854660875375877,nan,nan,20,5986,44.52128046809525,41.6117723006475,9.9,False
72,1.992921861233194,0.4729208455485265,nan,nan,20,6481,50.43027111375663,47.20192613328224,10.75,False
73,1.9130762978522051,0.4944047248989742,nan,nan,20,6434,46.60221147213721,45.1409481470715,10.5,False
74,1.7643175443579573,0.5363180964308077,nan,nan,20,6388,46.00251288866991,44.76309560939349,10.45,False
75,1.7139289099072357,0.5500548331505561,nan,nan,20,6383,46.914514468489635,44.9608350269791,10.45,False
76,1.7915022841017558,0.5288328463785945,nan,nan,20,6503,47.106793054776226,45.79070065399104,10.6,False
77,1.697529574983215,0.5455276705276705,nan,nan,20,6216,44.72505422340756,43.41327089189299,10.25,False
78,1.685113142638088,0.5574628085662907,nan,nan,20,6117,43.30288859159768,41.81036455753299,10.0,False
79,1.6265012727831234,0.5643261434908979,nan,nan,20,6537,46.74540779013571,45.72408370090749,10.6,False
80,1.641374271376058,0.5601336302895323,1.6869905765028896,0.5552984990407404,20,6286,44.48858244097981,43.606993471978,10.3,False
81,1.53291553572728,0.5946796788918621,nan,nan,20,6353,46.2379601675498,44.80420498880005,10.45,False
82,1.5060214208009461,0.591915750348459,nan,nan,20,6457,46.4667199180931,45.10613820090124,10.5,False
83,1.5651491104926862,0.58050576184379,nan,nan,20,6248,44.549816323240755,43.09363665288299,10.2,False
84,1.5501816039300778,0.5822521223770624,nan,nan,20,6243,45.22427030868453,43.59292186473799,10.25,False
85,1.526937557598311,0.581489286968739,nan,nan,20,5694,41.75308655373933,38.647031213628,9.45,False
86,1.4186521226023843,0.6162448499117128,nan,nan,20,6796,49.67541090822313,48.80606444575808,11.05,False
87,1.5136089479368373,0.6037767102865662,nan,nan,20,6037,45.037576038841756,42.4392031809096,10.05,False
88,1.4597951586409177,0.6060653676932747,nan,nan,20,6364,46.845164600678174,45.45395749571959,10.55,False
89,1.442557077620683,0.6077446532728451,nan,nan,20,6172,45.030851157101225,42.987102841271046,10.15,False
90,1.4240788550827161,0.6160619401852133,1.4443471176793001,0.6109355603205056,20,6587,47.63228544132277,47.01545073214154,10.8,False
91,1.3710289654512302,0.6238689547581904,nan,nan,20,6410,45.52926062445758,44.386572737097495,10.4,False
92,1.4096557398935836,0.6206678271878462,nan,nan,20,6319,44.81414497941123,43.69850412858224,10.3,False
93,1.301102194105744,0.6502795133179875,nan,nan,20,6082,42.67099754111733,41.3758170968135,9.95,False
94,1.2467803171645533,0.6581079015742014,nan,nan,20,6543,46.38268279663566,45.374962458012504,10.55,False
95,1.1736187120072707,0.6784774872350302,nan,nan,20,6463,48.43097347399019,46.38567872662905,10.65,False
96,1.2706804212377723,0.6468191789407709,nan,nan,20,6382,45.75389808851445,44.96387546023799,10.5,False
97,1.3113424706843368,0.6348541278708877,nan,nan,20,6444,46.17689247731105,45.31934824681654,10.55,False
98,1.3011174245599084,0.6410579345088161,nan,nan,20,6352,45.443349747428115,43.837706677849596,10.3,False
99,1.333243272507016,0.641677897574124,nan,nan,20,5936,42.852780946230524,40.71856882396399,9.8,False
100,1.2504504382336488,0.6591798536668368,1.3337280424705895,0.6250423202798782,20,5877,40.94929903247065,39.211602287649,9.6,False
101,1.16918589566444,0.6823238566131026,nan,nan,20,6472,48.071412536526516,46.545542905654294,10.7,False
102,1.1530588066541207,0.6869654464591174,nan,nan,20,5846,42.06797500212872,39.685755123172996,9.65,False
103,1.1741116407694012,0.6768384192096047,nan,nan,20,5997,43.22823427103395,41.227597053161546,9.9,False
104,1.2441547039641507,0.6574136763710223,nan,nan,20,5908,41.630293089826296,39.880357769554,9.7,False
105,1.0641042710357633,0.7097601448182229,nan,nan,20,6629,46.97473189235543,46.315139851407494,10.7,False
106,1.1398248873825971,0.6799033149171271,nan,nan,20,5792,40.32339691283471,38.62687616042449,9.5,False
107,1.1002799026422925,0.6993073047858942,nan,nan,20,6352,46.59404265840798,44.67930959834554,10.4,False
108,1.1153537628271664,0.6834155824734559,nan,nan,20,6687,49.041366839139506,48.1252989286941,10.95,False
109,1.098429445817681,0.7015153834379305,nan,nan,20,6533,46.27340470978907,45.905796245833486,10.65,False
110,1.0233011627338457,0.7157427208422438,1.1719670925058585,0.671199638866945,20,6079,43.78870993918837,41.63349240380704,9.95,False
111,1.2568933961963724,0.6507782101167315,nan,nan,20,6168,45.350738612089344,43.33153199157704,10.2,False
112,1.1937935593846205,0.6734090555469114,nan,nan,20,6427,44.93715879313158,44.24630499671899,10.4,False
113,1.060174826488441,0.708671646638519,nan,nan,20,6158,44.047205503821196,42.508796236318986,10.1,False
114,1.0467501967589905,0.7162661737523105,nan,nan,20,6492,47.188507554594125,46.0684741091646,10.65,False
115,0.9701336934172795,0.73133626097867,nan,nan,20,6376,47.311932935565274,45.2842549859526,10.5,False
116,0.9535642371353116,0.7307446468520294,nan,nan,20,6258,46.5075682134814,43.84848573006649,10.25,False
117,0.9613710515651505,0.7336272040302267,nan,nan,20,6352,47.40360771933335,44.634193363174056,10.35,False
118,1.0405904762579208,0.7141312741312741,nan,nan,20,6475,45.957300985780535,45.287599137742994,10.55,False
119,0.9807774236410238,0.7240265261010033,nan,nan,20,5881,42.3878394197142,40.274075176256545,9.75,False
120,0.9899821206339885,0.7181013676588898,1.09099041142941,0.6895948538539668,20,6215,48.608948117233254,43.69644727027749,10.15,False
121,1.085846977321156,0.6940764428201615,nan,nan,20,6567,47.630551532911895,46.723108114245534,10.75,False
122,1.0503529991648106,0.7078843851547802,nan,nan,20,5847,42.29804701259695,39.25444059790705,9.55,False
123,1.0754851036802402,0.706097358365177,nan,nan,20,6019,42.18900310132775,40.751636494503984,9.85,False
124,0.9627957252223903,0.7314392017588365,nan,nan,20,5913,42.21935942106754,40.23505356281849,9.75,False
125,0.7983027368387274,0.7757557527447736,nan,nan,20,6649,49.23817777442713,48.17742635548905,10.95,False
126,0.908848223571692,0.7447263833690003,nan,nan,20,6542,46.926518488136594,46.0382940530715,10.65,False
127,0.9633068288820286,0.7197153240460327,nan,nan,20,6604,47.640209033339964,46.728163951626996,10.75,False
128,0.9211231385565114,0.7457653949659648,nan,nan,20,6317,45.53869175245814,44.41229530523105,10.4,False
129,0.9624979115228721,0.7329123914759273,nan,nan,20,6335,44.90453238512041,43.71624820221204,10.3,False
130,0.997055972480096,0.7272266351191482,0.960619326343306,0.7217582665613362,20,5917,42.78802601068956,40.90264893559255,9.85,False
131,0.9159668748471917,0.7480229492944642,nan,nan,20,6449,46.83743504395914,46.01929107808605,10.65,False
132,0.9267002565210154,0.7374749498997996,nan,nan,20,5988,42.35781972882669,40.62711606519949,9.8,False
133,0.8377417323718225,0.7562802309252613,nan,nan,20,6409,46.26890038792337,45.36529846914799,10.55,False
134,0.8372728487634329,0.754692130391834,nan,nan,20,6074,43.48498280767106,41.54794395455254,9.95,False
135,0.9212898595417354,0.7473718259744461,nan,nan,20,6183,44.00449560911487,42.43491320930705,10.1,False
136,0.8906984545022704,0.7517389864193441,nan,nan,20,6038,44.601544975736,41.6225007894546,9.9,False
137,0.9068903354093165,0.7464788732394366,nan,nan,20,6248,44.04939191975749,43.26932265686899,10.25,False
138,0.863168556220445,0.7486093943139679,nan,nan,20,6472,45.90608543062948,45.273652000138995,10.55,False
139,0.8642818239703715,0.7556524547803618,nan,nan,20,6192,43.818698422346785,42.9438555871635,10.2,False
140,0.8249934937156184,0.7556510665393187,0.9246066966910836,0.7327615393296467,20,6282,44.193986759367256,43.037051738128504,10.2,False
141,0.875538740137999,0.7530806426454532,nan,nan,20,6411,45.73983942871958,44.974316442416544,10.5,False
142,0.8712989597077377,0.7517619420516837,nan,nan,20,6385,49.50283872504409,45.930332828573135,10.55,False
143,0.8778027893579382,0.7506561679790026,nan,nan,20,6096,43.06390161934735,41.45812457970155,9.95,False
144,0.7377139487898082,0.7888227210261108,nan,nan,20,6549,46.96598359130988,45.81870493748604,10.6,False
145,0.777492570120475,0.774581093898198,nan,nan,20,6326,45.37893587883886,44.62446125292849,10.45,False
146,0.8223765614262712,0.7690297288467821,nan,nan,20,6122,44.202009889301365,42.00603106292605,10.0,False
147,0.8270704031174234,0.7616471295461377,nan,nan,20,6654,49.19560412362138,47.62032954795234,10.85,False
148,0.8676563654838396,0.7522313459478758,nan,nan,20,5602,39.28606925501684,37.31976864097949,9.3,False
149,0.8609420702407498,0.7570997937490084,nan,nan,20,6303,44.80748455353491,43.4169513865385,10.25,False
150,0.7715571923976408,0.7793966403839562,0.847770550035486,0.754316668547568,20,5834,41.045044644720875,38.9554165239085,9.55,False
151,0.8671740897005893,0.7591869918699187,nan,nan,20,6150,43.64326835322705,42.391347775319,10.1,False
152,0.7756737803385405,0.771243842364532,nan,nan,20,6496,47.01350670552314,45.7922697069715,10.6,False
153,0.7662149553614904,0.7776085300837776,nan,nan,20,6565,47.341424565876196,46.656491161161995,10.75,False
154,0.7612615629823337,0.7793296089385475,nan,nan,20,6802,49.566804207230945,49.07053215947054,11.1,False
155,0.7579426698677113,0.7860130500250962,nan,nan,20,5977,42.688379117693984,40.57995598790704,9.8,False
156,0.8901195504251143,0.7411656723267553,nan,nan,20,6537,48.57878586258292,47.203216009237835,10.8,False
157,0.7291268473062879,0.7851213282247765,nan,nan,20,6264,45.42981540697176,43.55175434568604,10.25,False
158,0.7548680530269205,0.7762087490406754,nan,nan,20,6515,46.652312666818624,45.71999426241249,10.6,False
159,0.788579239148808,0.7698649359761446,nan,nan,20,5701,40.775243870241596,38.18555111723755,9.4,False
160,0.7212772804737745,0.7906976744186046,0.8437424089136114,0.7523981491930933,20,6106,46.06346962259426,42.97470211405955,10.1,False
161,0.7412022176282845,0.7820796460176991,nan,nan,20,6328,45.88133226923748,44.97956599004249,10.5,False
162,0.7360685862532315,0.7880827314510834,nan,nan,20,6092,44.358690057765486,42.1164958606975,10.0,False
163,0.6254739994975342,0.8150191570881226,nan,nan,20,6525,47.25301398045999,46.100302854671995,10.65,False
164,0.7036310650177152,0.7995090016366612,nan,nan,20,6110,42.66234867854113,41.91263437885349,10.05,False
165,0.6836766585880405,0.803386211104332,nan,nan,20,6556,48.46024654825724,46.92224655026364,10.75,False
166,0.7474196959650247,0.7871985439102078,nan,nan,20,6593,47.5049284950417,46.72117101180054,10.75,False
167,0.761651605797729,0.7743418966064066,nan,nan,20,6306,45.14356793089395,43.784434208276046,10.3,False
168,0.7783613248410504,0.7721264848586247,nan,nan,20,5977,43.487490228594744,41.31734494919804,9.9,False
169,0.6902830243118087,0.8046946916231973,nan,nan,20,6518,46.9923169264845,46.03672500009105,10.65,False
170,0.8052605330681486,0.7758590308370044,0.7960427516793682,0.7640785464394538,20,5675,44.542382021357774,39.200391205459596,9.4,False
171,0.7611593235521048,0.7730274591588461,nan,nan,20,5754,40.50857101909385,38.1131013334585,9.4,False
172,0.7147214200506822,0.7939460822954438,nan,nan,20,6343,45.35628403840855,43.834064925252996,10.3,False
173,0.6406576538099286,0.8038661008958039,nan,nan,20,6363,45.631231076852806,44.419697188906994,10.4,False
174,0.6390612458551992,0.8065294306851077,nan,nan,20,6218,44.75368591005774,43.13348069784059,10.2,False
175,0.6768467716595089,0.7958635933059678,nan,nan,20,6334,46.15793137441951,44.76284978870175,10.45,False
176,0.6857406227645745,0.8058188950637464,nan,nan,20,6118,42.18533252911203,41.53815861728949,10.0,False
177,0.7564341035539167,0.7768886043533931,nan,nan,20,6248,45.486067008271824,43.849755455057505,10.3,False
178,0.6916650747402299,0.7961879284400601,nan,nan,20,5981,42.07856970413575,40.262488938722996,9.75,False
179,0.6739499515916242,0.8047402291633966,nan,nan,20,6371,45.181438511398774,44.05351007347154,10.35,False
180,0.6479989479586957,0.8060227454749319,0.727600769471428,0.782643042545988,20,6243,45.02249327062588,43.22680622811704,10.2,False
181,0.6203903642006491,0.820324695597877,nan,nan,20,6406,47.13567198709851,44.998048917283604,10.45,False
182,0.6665796572395598,0.8098480050664978,nan,nan,20,6316,46.07305233836505,44.34168874164298,10.35,False
183,0.7010654291238295,0.791927409261577,nan,nan,20,6392,44.8904218570774,44.25831503187799,10.4,False
184,0.7436493742771685,0.7816339066339066,nan,nan,20,6512,47.35808605447781,46.10665439835554,10.65,False
185,0.6633889003837038,0.8051015732396517,nan,nan,20,6547,47.38009103787438,46.42265118944104,10.7,False
186,0.7675897219792126,0.7801516195727085,nan,nan,20,5804,42.40712825976778,39.89024142668254,9.65,False
187,0.7564955190383772,0.7826961770623743,nan,nan,20,5964,42.986303893624424,40.283703183364,9.7,False
188,0.6623567843880942,0.7998989388580091,nan,nan,20,5937,41.86756449792131,40.435639703418495,9.8,False
189,0.6444547665056781,0.8147754854368932,nan,nan,20,6592,47.78269943648365,46.75797595825554,10.75,False
190,0.5354630630811468,0.8396618214179769,0.7069231515045885,0.7919535041191739,20,6742,49.34963025284949,48.207879758260496,10.95,False
191,0.6589451590705936,0.8102018463464247,nan,nan,20,6391,45.15316197023053,44.31255390033799,10.4,False
192,0.6834764716964913,0.7985927880386984,nan,nan,20,5685,41.46524520653006,38.3928043414135,9.4,False
193,0.5354175112420289,0.8366428793049954,nan,nan,20,6446,46.99309550520412,45.26432435412959,10.5,False
194,0.6562848492583043,0.8079749804534793,nan,nan,20,6395,45.82277580133651,44.47430410683154,10.4,False
195,0.6667359659075287,0.8097178210351592,nan,nan,20,6627,48.76160162688757,47.52186469357055,10.85,False
196,0.668706020404312,0.8018560729404103,nan,nan,20,6142,43.36416463176676,42.06452688623805,10.05,False
197,0.6189992756211311,0.818815331010453,nan,nan,20,6601,47.58171381297056,46.9838953333125,10.8,False
198,0.5716256928918977,0.8257502420135527,nan,nan,20,6198,45.869232413454654,43.24081014699054,10.15,False
199,0.647370338826551,0.8043336591723689,nan,nan,20,6138,44.10102716440426,42.99441396097799,10.2,False
200,0.6954754552744518,0.7932359723289777,0.6644293451037449,0.8044803069630967,20,6505,48.89630901987648,46.07357667127749,10.6,False
201,0.6938795944746858,0.7951024487756122,nan,nan,20,6003,43.19185544138668,41.04515726075154,9.85,False
202,0.5645147380329135,0.8355140186915888,nan,nan,20,6420,45.80516101495536,44.71260156651204,10.45,False
203,0.627341923265311,0.8181818181818182,nan,nan,20,6347,45.973581566378634,44.04547191885699,10.3,False
204,0.727004807531606,0.7952461799660442,nan,nan,20,5890,42.579529696524126,40.359559294578,9.75,False
205,0.6285775856702269,0.8163197885695408,nan,nan,20,6054,44.24921895150417,41.839499398837994,9.95,False
206,0.5729814730892774,0.8253890253890254,nan,nan,20,6105,44.651646072493016,42.10893424947654,10.0,False
207,0.5558912982835694,0.8333333333333334,nan,nan,20,6396,45.50282725525002,44.63627757784299,10.45,False
208,0.701033171008753,0.7919310232633805,nan,nan,20,6147,44.21151894166612,42.76582353688299,10.15,False
209,0.522589017405571,0.84388965942364,nan,nan,20,6489,46.7097957947187,45.73043524459105,10.6,False
210,0.6000757399599845,0.8228303362001563,0.6505296413414958,0.8074145130346462,20,6395,46.514166439175774,45.133546263395544,10.5,False
211,0.6000386140959796,0.8129711055276382,nan,nan,20,6368,47.75893562655916,45.009599060622534,10.45,False
212,0.6283103245934059,0.8138393587436611,nan,nan,20,6113,44.024023517612214,41.69974130742605,9.95,False
213,0.5928662019594226,0.8196962273395394,nan,nan,20,6123,44.57773792187206,42.141699715843,10.0,False
214,0.6311361314264272,0.8136769078295342,nan,nan,20,6054,43.50754468152529,41.17079942627349,9.85,False
215,0.6601968557108819,0.7990591397849462,nan,nan,20,5952,42.70941258719811,40.65062536196274,9.8,False
216,0.5029912806800177,0.8446526151444185,nan,nan,20,6405,46.33613550768374,45.09848470914105,10.5,False
217,0.55807279851927,0.8291473892927957,nan,nan,20,6052,44.296581030030275,42.241016290002,10.05,False
218,0.6266457772280027,0.8120187479075996,nan,nan,20,5974,42.315647861967854,40.520099522356546,9.8,False
219,0.5632690779819177,0.8338368580060423,nan,nan,20,6289,44.65375193148828,43.38475459156654,10.25,False
220,0.6356474574812456,0.8074037018509255,0.6336037055618162,0.8096715946281458,20,5997,41.29462925345201,40.307381998199,9.8,False
221,0.615956174733592,0.8183529411764706,nan,nan,20,6375,45.67921476116524,44.22078296169299,10.35,False
222,0.5466740687282056,0.8332037929426395,nan,nan,20,6433,46.09775136205387,45.026811918676046,10.5,False
223,0.588431019988493,0.82484375,nan,nan,20,6400,45.29750728647266,44.3282444301425,10.4,False
224,0.5674467202647697,0.8284888662247153,nan,nan,20,5883,40.236446431453814,39.57237761267499,9.7,False
225,0.598974823044637,0.8221430993557138,nan,nan,20,5898,42.794374964236,40.41457515635204,9.75,False
226,0.5656867354656011,0.8377206565500155,nan,nan,20,6458,47.07278935487558,45.51422290511959,10.55,False
227,0.5964066803589668,0.8204817451901227,nan,nan,20,6601,47.009328921166585,46.60941957174849,10.75,False
228,0.6087155945740066,0.8237101730551513,nan,nan,20,6183,45.62506292943315,42.91919791115059,10.1,False
229,0.5980286103429516,0.827215297934096,nan,nan,20,5857,40.813143034982545,39.433496555143996,9.65,False
230,0.5928751204954064,0.8226039492695457,0.6165974044783661,0.8140164766956326,20,6229,43.72120707083847,42.684811760297045,10.15,False
231,0.6375165782719477,0.8143796992481203,nan,nan,20,6384,46.17542394887977,44.28877525751249,10.35,False
232,0.6175599085464384,0.8209072359127295,nan,nan,20,6371,47.02609315162098,45.2903200563651,10.5,False
233,0.5855009366487993,0.8282189180639038,nan,nan,20,6322,44.99316740462318,43.72610590132105,10.3,False
234,0.5449701426581752,0.8389830508474576,nan,nan,20,6608,48.063515810128244,46.81630426521055,10.75,False
235,0.5382589607567866,0.8418704560475876,nan,nan,20,6052,43.25025774215386,41.49895463371849,9.95,False
236,0.5946404733667412,0.8212048192771084,nan,nan,20,6225,45.16403356597749,43.002046962191045,10.15,False
237,0.5373815397024154,0.8429230769230769,nan,nan,20,6500,48.96304367640053,46.14957113995448,10.6,False
238,0.5924669419955402,0.8199723034312971,nan,nan,20,6499,47.428109278561834,46.67235603018654,10.75,False
239,0.6353574969092203,0.8047604700210906,nan,nan,20,6638,47.57025528995497,46.99801681013654,10.8,False
240,0.5183118866495445,0.8393887416185872,0.5896777629300711,0.823044803069631,20,6413,46.55936556498308,45.15506962389554,10.5,False
241,0.6997952213921973,0.7990463215258855,nan,nan,20,5872,43.41672641991573,40.05796202143674,9.65,False
242,0.5511470869244993,0.8376355582709638,nan,nan,20,6547,46.572595202311426,45.412544397781545,10.55,False
243,0.5293241849193169,0.8382258064516129,nan,nan,20,6200,44.408456846202384,42.62602152162349,10.1,False
244,0.5251162034407036,0.8430833872010343,nan,nan,20,6188,43.571244484751475,42.376066189363996,10.1,False
245,0.4837057077342063,0.8565008987417615,nan,nan,20,6676,49.5018393760001,48.2091754645626,10.95,False
246,0.6049162226635889,0.815445232466509,nan,nan,20,6345,45.75696869977695,44.42163429135199,10.4,False
247,0.49782254243755275,0.8512260765550239,nan,nan,20,6688,48.511189090071554,47.73827074328649,10.9,False
248,0.6314184684242725,0.8135680109364319,nan,nan,20,5852,46.46271452346781,40.516153521578985,9.6,False
249,0.5935263206973841,0.8168107100491442,nan,nan,20,5901,43.49152847202751,40.8433397447825,9.8,False
250,0.5395003905630403,0.8435281679504607,0.5615829984822374,0.8350637625550164,20,6621,47.57613040136387,46.73860493380555,10.75,False
251,0.5142999001232023,0.8424136838770985,nan,nan,20,6314,45.469134064239626,44.103743444542495,10.35,False
252,0.5936441014813525,0.8261904761904761,nan,nan,20,6300,44.45479831651029,43.36271251807849,10.25,False
253,0.5298652289358698,0.8444173276388042,nan,nan,20,6556,48.03941632101727,47.08363673820554,10.8,False
254,0.5346511821377451,0.8421310671678379,nan,nan,20,6119,43.540255491894534,42.354542828863984,10.1,False
255,0.5374391392503461,0.8427387838049085,nan,nan,20,6397,46.196092332288416,45.05836731750509,10.5,False
256,0.5084554445508681,0.8484604223762695,nan,nan,20,6203,45.37496200779488,43.54178020519674,10.25,False
257,0.5658063320123601,0.8352585747289852,nan,nan,20,5627,41.20200569048822,37.79765875241849,9.3,False
258,0.5140409715840493,0.8491741975693362,nan,nan,20,6418,46.248327061425584,44.808662476759594,10.45,False
259,0.46345289362288666,0.8566050090031102,nan,nan,20,6109,43.754210370429,42.16570153436398,10.05,False
260,0.5473615444215589,0.8300744878957169,0.558355535896916,0.8326373998420042,20,6444,47.05504946663296,45.80271068915004,10.6,False
261,0.4666608051104891,0.8561878362954508,nan,nan,20,6133,43.39401220306416,42.03680264557799,10.05,False
262,0.5045704715519074,0.8505709624796085,nan,nan,20,6130,43.9991957549957,41.955472689111545,10.0,False
263,0.5535934476274064,0.8336466165413534,nan,nan,20,6384,45.73298422244206,44.45084364388654,10.4,False
264,0.5158649029986093,0.8454559674644142,nan,nan,20,6393,46.2421805360375,45.0758012395101,10.5,False
265,0.515652107981777,0.8389240995517081,nan,nan,20,6469,46.11853961094196,45.34183800620299,10.55,False
266,0.554063690915441,0.8356423173803527,nan,nan,20,6352,45.61776796790913,44.419697188907,10.4,False
267,0.5216027578704251,0.8433375235700817,nan,nan,20,6364,46.024554618718184,44.783906307512495,10.45,False
268,0.5968392754521366,0.8257446080109552,nan,nan,20,5842,41.67720933153584,39.687347615654005,9.65,False
269,0.5674919619055102,0.8416666666666667,nan,nan,20,6360,45.39588497448792,44.36311227415249,10.4,False
270,0.5136230446623998,0.8410882671201113,0.5443758292952101,0.834555919196479,20,6469,47.5513658941302,46.18104128457959,10.65,False
271,0.5155325251757215,0.8448087431693989,nan,nan,20,6405,47.15257854811222,45.02247577911505,10.45,False
272,0.5315117589649808,0.8423332817576976,nan,nan,20,6463,50.09853602734156,46.434723836216044,10.6,False
273,0.5909260889557225,0.8273561301084237,nan,nan,20,5995,41.30364724312902,40.067190482794494,9.75,False
274,0.4961814589899134,0.85,nan,nan,20,6660,49.04711743156176,47.8562230634986,10.9,False
275,0.5709312049404385,0.8307495604922487,nan,nan,20,6257,45.89214213405573,43.9051735884393,10.3,False
276,0.4745939364585759,0.8568414218471028,nan,nan,20,6161,44.773654331195175,42.6779483264885,10.1,False
277,0.4671883015774496,0.8581744656268053,nan,nan,20,6924,51.121306478351194,50.51491306517119,11.3,False
278,0.49782030161516244,0.8472135253600501,nan,nan,20,6388,45.43032190484401,44.37281930973799,10.4,False
279,0.5203630589953925,0.8483420026007802,nan,nan,20,6152,44.17816278026869,42.493241516262046,10.1,False
280,0.4717467187204675,0.8555139019056545,0.5298371822459207,0.8383929579054282,20,6402,46.5426783638867,45.41411345076199,10.55,False
281,0.4897148335550837,0.8465592531245294,nan,nan,20,6641,48.50816304766644,47.74871172546504,10.9,False
282,0.5394779530510689,0.8306374881065651,nan,nan,20,6306,44.79025737080405,44.24262450207348,10.4,False
283,0.5294808546958298,0.8429319371727748,nan,nan,20,6494,46.756678209676124,46.00553765072654,10.65,False
284,0.5664012223551474,0.8249958451055344,nan,nan,20,6017,42.82455093137835,40.904217988572995,9.85,False
285,0.4354943472884702,0.8666564838857492,nan,nan,20,6547,48.529773176036464,47.165944221093596,10.8,False
286,0.5653916288700511,0.8395388689827076,nan,nan,20,6419,45.90954055905234,45.01286478107205,10.5,False
287,0.42549007672618866,0.86704933291964,nan,nan,20,6446,46.35328487686068,44.61112359228154,10.4,False
288,0.6003632736120257,0.822692633361558,nan,nan,20,5905,42.63914984069362,40.42284942995399,9.75,False
289,0.5642671745517387,0.8278781957335939,nan,nan,20,6141,43.94270152921731,42.468167040427986,10.1,False
290,0.505781575293185,0.8419111752445085,0.5187111820139797,0.8438099537298274,20,6237,44.74025879220071,43.432641916343,10.25,False
291,0.485801517524607,0.8589298123697012,nan,nan,20,5756,43.50982387880718,39.080380428171,9.45,False
292,0.5161044645261507,0.8463452566096423,nan,nan,20,6430,47.188968748101,45.5927855624291,10.55,False
293,0.47474686732035104,0.8514757219930181,nan,nan,20,6302,46.030960266025346,44.24851411108604,10.35,False
294,0.49051880656184077,0.8580190125728304,nan,nan,20,6522,48.00323910216037,46.5361460216936,10.7,False
295,0.495710150091851,0.8463111530596193,nan,nan,20,6357,45.786149922879346,44.710081180997484,10.45,False
296,0.4617191816731541,0.8592747111681643,nan,nan,20,6232,44.631038242179436,43.203683230207034,10.2,False
297,0.5261253943877597,0.8460926309088015,nan,nan,20,6283,45.3331252751552,43.58340853939699,10.25,False
298,0.534503230862745,0.8370617166428684,nan,nan,20,6303,44.95917130141273,43.72784929352154,10.3,False
299,0.45067860381584973,0.863448275862069,nan,nan,20,6525,47.734146596701905,46.740542036250545,10.75,False
300,0.4905574381572707,0.8510671203216826,0.5062991979966757,0.851032614829026,20,6466,46.320965647089295,45.36796951818604,10.55,False
301,0.38628486856942434,0.8799748308950763,nan,nan,20,6357,46.09996393012706,44.2808546608485,10.35,False
302,0.5178723254009249,0.848271341962969,nan,nan,20,6103,46.841619330084995,42.71735663361505,10.0,False
303,0.5020627274948494,0.8472898903775883,nan,nan,20,6568,47.64673470227773,46.4698971180746,10.7,False
304,0.4715010599844907,0.8532215647600263,nan,nan,20,6084,42.87688803578713,41.430055965273496,9.95,False
305,0.49461125960631985,0.8479027141346492,nan,nan,20,5674,41.84344436083255,38.022011593014,9.3,False
306,0.5476272535241772,0.8372776236330994,nan,nan,20,6127,43.90907162013362,42.21625990817849,10.05,False
307,0.5011668160239756,0.8490506825670798,nan,nan,20,6373,46.047590350854094,44.511517997136046,10.4,False
308,0.45832122081300397,0.8583002382843526,nan,nan,20,6295,45.15871499129269,43.5260317775525,10.25,False
309,0.4419575705034724,0.8640563821456538,nan,nan,20,6385,45.92065244918366,44.71858506073104,10.45,False
310,0.5111958476226892,0.8455056179775281,0.5146793390205597,0.8445435052477147,20,5696,41.495327336542964,37.93069464399705,9.3,False
311,0.44890684587030755,0.8629827112619163,nan,nan,20,6189,44.62361499588497,43.1267611046925,10.2,False
312,0.5332157939608494,0.8351029601029601,nan,nan,20,6216,45.49037370427699,43.2985433495151,10.2,False
313,0.5014832611032327,0.8496458467482292,nan,nan,20,6212,45.298054497059915,43.3137300201075,10.2,False
314,0.49803533211567724,0.8463545663852647,nan,nan,20,6515,47.57407967135509,46.44837375757459,10.7,False
315,0.5237115110807838,0.8371939113170086,nan,nan,20,6044,43.34476601349307,41.7966111301735,10.0,False
316,0.42532385184029275,0.868785399622404,nan,nan,20,6356,44.70271343115733,43.19130514558349,10.2,False
317,0.4805796489147415,0.8487020226150661,nan,nan,20,6279,44.27533044504463,43.579292907014484,10.3,False
318,0.5524184730879677,0.834714620797498,nan,nan,20,6395,45.56815524061666,44.38442040104751,10.4,False
319,0.49070918003952196,0.8491261824595158,nan,nan,20,6237,45.44744835021886,43.670996157293,10.25,False
320,0.4385463863297167,0.869455803711859,0.48731535875612964,0.8528382801038258,20,6358,45.444573591676544,44.63647128808749,10.45,False
321,0.3664129014219601,0.8837061716642869,nan,nan,20,6303,45.814808841603316,43.6882057816715,10.25,False
322,0.5422582477995979,0.8421787709497207,nan,nan,20,6444,47.95745792925374,45.98948397847575,10.6,False
323,0.5099027069532475,0.8391928109727258,nan,nan,20,6343,45.559284464949485,43.86019643723604,10.3,False
324,0.4503685075003787,0.8603361070321422,nan,nan,20,6129,43.646525051752604,42.1108214823375,10.05,False
325,0.4433034578503346,0.8648400428593296,nan,nan,20,6533,48.66367807007397,46.94953817137765,10.75,False
326,0.44330755944551853,0.863594890510949,nan,nan,20,6576,47.20533123668935,46.10859150080055,10.65,False
327,0.5209484156019629,0.8494590417310665,nan,nan,20,6470,46.91924546122514,45.76724019104604,10.6,False
328,0.43688427646106115,0.8641172914147521,nan,nan,20,6616,49.4485814180919,47.92777941258329,10.9,False
329,0.47699076999190215,0.848809333546428,nan,nan,20,6257,44.39760392384163,43.070176189938,10.2,False
330,0.4290790965825696,0.8708185601973177,0.4786747289946999,0.8545310912989504,20,6487,47.768397658040286,46.50633401506504,10.7,False
331,0.38697182945009523,0.8809264728742422,nan,nan,20,6433,46.87971587733863,45.2657575973625,10.5,False
332,0.5224683464257466,0.8347687400318979,nan,nan,20,6270,44.62076082104795,43.91696372212349,10.35,False
333,0.44681522226661524,0.8632142294978751,nan,nan,20,6353,45.53742119603102,44.132778457857,10.35,False
334,0.4549047606862749,0.8574475065616798,nan,nan,20,6096,45.23689185106687,42.7454929364096,10.1,False
335,0.49767123852541906,0.8478476821192052,nan,nan,20,6040,43.03340323413426,41.4569644705706,9.95,False
336,0.454444732978207,0.8657972928359194,nan,nan,20,6058,43.64562195882873,41.371409478438,9.9,False
337,0.47906723171679183,0.8561014263074485,nan,nan,20,6310,46.13853549256077,44.281782317686044,10.35,False
338,0.43985704091328826,0.8606266399135669,nan,nan,20,6479,47.32932751969618,46.10859150080054,10.65,False
339,0.49677280325051876,0.8500412881915772,nan,nan,20,6055,44.212091131192366,41.789804350927994,9.95,False
340,0.6024542520483362,0.8169161155586495,0.47216643106989875,0.8566188917729376,20,5746,39.96917295707874,38.215033689744,9.45,False
341,0.43503200925096314,0.8691447567240859,nan,nan,20,6618,51.96035619416666,48.42799219781419,10.85,False
342,0.47246306769338065,0.8503292114983138,nan,nan,20,6227,45.85424713847983,43.89940532782529,10.3,False
343,0.3862624974443177,0.8814031997651548,nan,nan,20,6813,49.56262628496323,48.5249785454036,11.0,False
344,0.45825975424989135,0.8643035602748282,nan,nan,20,6404,47.74160808449592,45.731686117691,10.55,False
345,0.4898511894176516,0.8543689320388349,nan,nan,20,6283,45.367118586318774,44.073290041771045,10.35,False
346,0.4879715154370471,0.8495395660995786,nan,nan,20,6407,46.8811998805162,45.46964802552409,10.55,False
347,0.4572986232424336,0.85969868173258,nan,nan,20,6372,47.259685866736696,44.86028707745105,10.4,False
348,0.38474189190471175,0.8812392426850258,nan,nan,20,6391,47.48168771482784,45.34813655906505,10.5,False
349,0.4461955119105556,0.8610926049300467,nan,nan,20,6004,43.38770403126386,41.10716606235205,9.85,False
350,0.4474056699530618,0.8617021276595744,0.4663593372067941,0.8592709626452997,20,6486,47.16832141434793,45.831595038941046,10.6,False
351,0.4775223797814331,0.8559463986599665,nan,nan,20,5970,42.49458123684463,40.54724047994704,9.8,False
352,0.46434364865624317,0.8575125589891917,nan,nan,20,6569,47.781550823158994,46.49432397990605,10.7,False
353,0.42262993267168053,0.8681265984654731,nan,nan,20,6256,44.70932070484913,43.40954950286254,10.25,False
354,0.43642179450365265,0.86607436656795,nan,nan,20,6078,44.34909173943549,42.085523744938,10.0,False
355,0.47083537764208655,0.8527346938775511,nan,nan,20,6125,45.77809790908668,42.657034442945545,10.05,False
356,0.4120893334564955,0.8736572890025576,nan,nan,20,5865,40.961826019681,39.2175143030535,9.6,False
357,0.4457878594098853,0.859542697153523,nan,nan,20,6429,46.54596840126489,45.404774464641044,10.55,False
358,0.45175801269224053,0.8549715009499683,nan,nan,20,6316,45.31111045998698,43.81943143159749,10.3,False
359,0.46490729925581453,0.8616342412451362,nan,nan,20,6425,47.68420935202815,45.9515707941886,10.6,False
360,0.41271018227538436,0.863560982963968,0.4611167003521598,0.8591581085656247,20,6633,51.63371621346419,48.59170012105833,10.95,False
361,0.4396354890665795,0.8623556581986144,nan,nan,20,6495,49.96564799999818,46.62903785403749,10.65,False
362,0.4682820367409718,0.8567835246030499,nan,nan,20,6361,45.84671268195885,44.4427487080025,10.4,False
363,0.4445876907047874,0.8650247881017111,nan,nan,20,6253,48.084127579881105,44.04174729615154,10.25,False
364,0.47193077749209644,0.8536668368215076,nan,nan,20,5877,43.26447903668235,39.59738691866155,9.55,False
365,0.4492488641335891,0.8609929078014185,nan,nan,20,6345,46.13490392393621,44.023379886962495,10.3,False
366,0.4570905380827098,0.8615409156165258,nan,nan,20,6269,44.970845843855265,43.47814445277604,10.25,False
367,0.4980232635613064,0.8448905109489051,nan,nan,20,6028,42.81093974705355,41.15766765489705,9.9,False
368,0.46224331247533873,0.8592139175257731,nan,nan,20,6208,42.83724752679895,42.218924134353486,10.1,False
369,0.43997526187286823,0.8607313195548489,nan,nan,20,6290,45.568208557939315,43.84392262436201,10.3,False
370,0.4471548967041994,0.866235167206041,0.4992289332675686,0.8444870782078772,20,5562,40.67883243777303,36.9218362069185,9.15,False
371,0.4519436056299516,0.8577737170701994,nan,nan,20,6567,46.76312668429024,46.0069129934625,10.65,False
372,0.3792967132569606,0.8820181510536841,nan,nan,20,6501,47.50618570950263,46.16691980775555,10.65,False
373,0.41833634051198293,0.8742734781278678,nan,nan,20,6538,47.12369829774937,46.09367796431008,10.65,False
374,0.44385424414544206,0.8596030834836805,nan,nan,20,6097,43.49785793662732,42.33803656369654,10.1,False
375,0.43320556986064446,0.8650491595306058,nan,nan,20,6306,46.277505641391286,43.99831184156456,10.3,False
376,0.41316203053305345,0.8655408634698104,nan,nan,20,6277,46.395602571741605,44.32209341956649,10.35,False
377,0.4310074498769705,0.8708881578947368,nan,nan,20,6080,44.863496969161204,42.72944342116204,10.1,False
378,0.42481297992928657,0.8670408981555734,nan,nan,20,6235,44.238568580167765,43.02753841278749,10.2,False
379,0.4661977520870664,0.8586022377168802,nan,nan,20,6167,45.27220757326944,42.74880538159054,10.1,False
380,0.37462654878640866,0.8781741704315313,0.4457893066462216,0.8637851258322988,20,6419,46.88791465879369,45.19596400884554,10.5,False
381,0.4461447364554323,0.859717868338558,nan,nan,20,6380,46.468871068779876,45.13937909409104,10.5,False
382,0.427163864808283,0.8738099080200097,nan,nan,20,6197,45.059318837046156,43.500827922407,10.25,False
383,0.4399609873450091,0.8691248615287229,nan,nan,20,6319,45.785516023752,44.16433385668605,10.35,False
384,0.4044982767587394,0.8719484108705665,nan,nan,20,6513,46.27768654359321,45.35578514380698,10.55,False
385,0.3962248547072989,0.8723370927318296,nan,nan,20,6384,46.10583855901669,44.778073476817,10.45,False
386,0.4010410410538777,0.8765283018867924,nan,nan,20,6625,47.684285396274454,46.740542036250545,10.75,False
387,0.36498345086480133,0.8848438690022848,nan,nan,20,6565,46.63560172535405,45.713001322586045,10.6,False
388,0.44753522060797885,0.8650806854100815,nan,nan,20,6011,44.03969598760496,41.95915318375704,10.0,False
389,0.48198785652956505,0.854519322900032,nan,nan,20,6262,44.000009534604686,42.722841385964486,10.15,False
390,0.41467776765944486,0.8681284743668931,0.44576445336589937,0.8635029906331114,20,6476,46.59135426668768,45.67445298393055,10.6,False
391,0.43786880194420197,0.8633093525179856,nan,nan,20,6255,44.96501408007638,43.0353651271975,10.15,False
392,0.39387311628411525,0.8758675078864353,nan,nan,20,6340,45.1626513805307,44.020017572197496,10.35,False
393,0.44329956838713513,0.8582413908391843,nan,nan,20,5982,45.61840922714512,41.44909663081699,9.8,False
394,0.45060430377675437,0.8698289269051321,nan,nan,20,6430,46.816392112717985,45.199644503491044,10.5,False
395,0.4211369119504814,0.8642201834862385,nan,nan,20,6540,47.90009763123688,46.5223925943341,10.7,False
396,0.47279123113474,0.8508158508158508,nan,nan,20,6435,45.373859834096024,44.36154322117204,10.4,False
397,0.43321146687136414,0.8692266855423819,nan,nan,20,5651,40.189762709070024,37.16315700820399,9.2,False
398,0.4424741869347619,0.8603546548448385,nan,nan,20,6316,47.347345580742115,44.87229711261005,10.4,False
399,0.4410198484388313,0.8626692456479691,nan,nan,20,6204,44.39641288896631,42.52421363202154,10.1,False
400,0.446364959461654,0.8589190981432361,0.43996603222413144,0.8663807696648234,20,6032,42.85764105540892,41.477575028008985,9.95,False
401,0.39286059499243997,0.8736166800320769,nan,nan,20,6235,47.251932222702166,44.087401728068336,10.25,False
402,0.4554299780780579,0.8624735212644614,nan,nan,20,6137,44.65642191901395,42.84619391732604,10.15,False
403,0.40855698321364,0.8779602147142406,nan,nan,20,6334,44.92645827985304,43.738931671843,10.3,False
404,0.36622147264648824,0.8808489304812834,nan,nan,20,5984,41.68964916746191,40.127606555718,9.75,False
405,0.46831533621599714,0.8522319973932877,nan,nan,20,6138,44.71949505386225,41.919949200186046,9.95,False
406,0.43838509062560593,0.8616179557564992,nan,nan,20,6193,43.90447727059275,42.72744953744754,10.15,False
407,0.42927630375496256,0.8688357905439756,nan,nan,20,5901,45.80371489850074,40.86977174162204,9.75,False
408,0.40399893599141784,0.8716183768208741,nan,nan,20,6247,45.89252115363259,43.753303640181045,10.25,False
409,0.38379812925819823,0.8805624483043838,nan,nan,20,6045,44.16162179166597,41.79161207406155,9.95,False
410,0.419126791039513,0.861599734483903,0.43432245968480826,0.8644622503103487,20,6026,43.539902338114615,41.66841020622349,9.95,False
411,0.5125586249720334,0.8429269831256899,nan,nan,20,6341,45.61012312349731,44.66608958447154,10.45,False
412,0.4000971762057219,0.8726778432260988,nan,nan,20,6621,47.95039802023843,47.07995624356005,10.8,False
413,0.4153820416230474,0.866045142296369,nan,nan,20,6114,44.85339433474175,42.66843500114749,10.1,False
414,0.4459580758154446,0.8622295673076923,nan,nan,20,6656,47.808247134501535,47.038134201772486,10.8,False
415,0.48213932045291674,0.8489938203137379,nan,nan,20,6311,46.6349204968102,44.38677327020505,10.35,False
416,0.41810120321403216,0.8654230512991339,nan,nan,20,6004,43.00374987674585,41.463548466547536,9.95,False
417,0.3972337987541971,0.8696911196911197,nan,nan,20,6216,43.98324895267929,42.70807851299754,10.15,False
418,0.48128463937893295,0.851668911839545,nan,nan,20,6681,48.112132312511875,47.652650815217484,10.9,False
419,0.4313539476489277,0.8619338661651779,nan,nan,20,6381,46.346726897014165,44.834658391571494,10.45,False
420,0.40195034010946346,0.8800908402725208,0.42478395659624085,0.8714592032501975,20,6605,48.19217188648071,47.1043831053915,10.8,False
421,0.44191490191773664,0.8671733024946308,nan,nan,20,6053,42.65448415796825,41.3951881212635,9.95,False
422,0.36409577330548565,0.8897226753670473,nan,nan,20,6130,44.83035278676534,42.657352622826046,10.1,False
423,0.45005159752577095,0.8575608253772713,nan,nan,20,6494,46.257957518742984,45.63069383969799,10.6,False
424,0.4296269597515832,0.862233589087809,nan,nan,20,5865,42.94557724144109,39.76698656802299,9.6,False
425,0.36776213823041426,0.8776351970669111,nan,nan,20,6546,47.05749422617693,46.061345572167,10.65,False
426,0.3608231140169425,0.8938446346280448,nan,nan,20,6076,42.95631555701873,40.79089977786349,9.8,False
427,0.4372246295156806,0.8627158034528553,nan,nan,20,6024,42.33016239451728,41.05015631686349,9.9,False
428,0.4283711907119378,0.8664495114006515,nan,nan,20,6140,45.22341591563463,43.22241307109054,10.2,False
429,0.3954873061606209,0.8749389350268686,nan,nan,20,6141,43.69126561932423,42.11334186785204,10.05,False
430,0.40152116799630466,0.8731530965105313,0.4330308725516127,0.8676221645412482,20,6362,45.53335879744496,44.3824832986025,10.4,False
431,0.3701460756930978,0.8830511156828612,nan,nan,20,6319,44.71587144219986,43.680603364887986,10.3,False
432,0.4256900498482287,0.8729994837377387,nan,nan,20,5811,41.73729043125938,39.2953689717895,9.55,False
433,0.4498623909247562,0.8584185744439032,nan,nan,20,6159,43.9503427607035,42.72708148798299,10.15,False
434,0.4239187554296388,0.8690417285172357,nan,nan,20,6063,43.35270024173174,41.55988251089705,9.95,False
435,0.43444079873732216,0.8612591605596269,nan,nan,20,6004,43.07121538120263,40.710423929673496,9.8,False
436,0.40148617956885735,0.8729488982653539,nan,nan,20,6399,47.49152406592563,44.71439168344399,10.4,False
437,0.41929215794705704,0.8691464629691132,nan,nan,20,6022,44.97747981322944,41.25284662712079,9.8,False
438,0.3953680734490917,0.8757956839000155,nan,nan,20,6441,46.847992693814945,45.47296047070505,10.55,False
439,0.4135464129755888,0.8726777706598334,nan,nan,20,6244,45.1518592770379,42.78934078109749,10.1,False
440,0.43174727723962303,0.8674968071519795,0.4175781912848584,0.871741338449385,20,6264,44.58395038178878,43.37509060270204,10.25,False
441,0.40801642605858673,0.8726033909047695,nan,nan,20,6311,45.43984815661751,44.638214680288,10.45,False
442,0.38986071591951876,0.8760466261697587,nan,nan,20,6091,43.1019089605803,42.00367819376849,10.05,False
443,0.43951409952826576,0.8579507651363939,nan,nan,20,6012,43.28431359752692,41.49492952615654,9.95,False
444,0.37927519424714085,0.878851019496949,nan,nan,20,6719,49.16596356210552,48.4315886841941,11.0,False
445,0.4330151225192918,0.8629057674125433,nan,nan,20,6346,45.11362087975897,44.04190898216205,10.35,False
446,0.3833995957197209,0.8811708860759494,nan,nan,20,6320,46.384381725420255,44.298250053381004,10.35,False
447,0.43557681548934596,0.8669576462980925,nan,nan,20,6186,44.95026218155306,42.736924725742995,10.1,False
448,0.38982907808574274,0.8806728578938147,nan,nan,20,5707,41.007118396481296,38.080089172258994,9.35,False
449,0.42758093950910764,0.8689263650025046,nan,nan,20,5989,43.87191492684664,41.18281184993174,9.85,False
450,0.4329522727389107,0.8697519083969466,0.4169490753111028,0.8728134522062972,20,6288,45.70710279296958,43.924934188371545,10.3,False
451,0.435540777419555,0.8652153033456059,nan,nan,20,6247,43.67980512127618,42.933588944204985,10.2,False
452,0.4186517960718486,0.8682845188284519,nan,nan,20,5975,41.21308205936401,40.27057705174399,9.8,False
453,0.42745141310017554,0.8643374252439409,nan,nan,20,6354,45.61025249751391,44.13120940487654,10.35,False
454,0.4148630547489268,0.8763440860215054,nan,nan,20,6138,42.77639626608996,41.46014110600399,9.95,False
455,0.4179414154022102,0.8687529937729522,nan,nan,20,6263,45.46337497092117,43.53914380876909,10.25,False
456,0.39305622344605945,0.8729919678714859,nan,nan,20,5976,43.11608032872936,40.47621590848801,9.75,False
457,0.4016279519830153,0.8776246719160105,nan,nan,20,6096,43.43522796979339,41.3275472612235,9.9,False
458,0.44503709465008273,0.8616986657988935,nan,nan,20,6146,44.83102370690959,43.19525082928799,10.2,False
459,0.4027588984813955,0.8687937489825818,nan,nan,20,6143,42.95786692948921,41.99207710245899,10.05,False
460,0.3834121794125596,0.8774331903662158,0.4264845343216482,0.8682428619794605,20,6062,43.891862337210924,41.50275624056654,9.9,False
461,0.40585169536674787,0.869233119462267,nan,nan,20,6546,47.44373677777064,46.693296107616995,10.75,False
462,0.3394769441706675,0.8890123848840902,nan,nan,20,6298,45.824419221894466,44.017771353893494,10.3,False
463,0.399784496592161,0.8725151963200263,nan,nan,20,6087,44.84020074712946,42.54005949915704,10.05,False
464,0.42966562965704047,0.8644867983913271,nan,nan,20,5719,39.66802808082337,38.130853435344,9.45,False
465,0.3875129485301495,0.871321847842659,nan,nan,20,6559,47.62353315084537,46.74054203625054,10.75,False
466,0.3827240381541116,0.8862140908361419,nan,nan,20,6231,43.979728700525236,42.96128950916849,10.2,False
467,0.4123052737868799,0.8780057710804745,nan,nan,20,6238,45.86250733978955,43.678541792806996,10.25,False
468,0.4764705848010737,0.8512471655328798,nan,nan,20,6615,48.53459140909049,47.74871172546504,10.9,False
469,0.4110630763412531,0.8712762621511445,nan,nan,20,6378,46.311068950417294,44.329669642462505,10.35,False
470,0.3708192589456691,0.8824001283491095,0.40594115073693526,0.8756348041981717,20,6233,44.3313731949159,42.58742322456154,10.1,False
471,0.3752683787183328,0.8818342151675485,nan,nan,20,6237,44.463612218703936,42.86390097343299,10.15,False
472,0.4356048862966273,0.8634643855897352,nan,nan,20,6079,42.14930525701703,40.99766084060399,9.9,False
473,0.42219885019231373,0.8589699274109921,nan,nan,20,5786,43.10741340851462,39.780331051533,9.6,False
474,0.38665221096852964,0.8764714875401315,nan,nan,20,6541,47.260180554780995,46.364322882486036,10.7,False
475,0.37412141146347455,0.87825682382134,nan,nan,20,6448,45.875456983279854,45.270165215738,10.55,False
476,0.40237794535386123,0.8727034120734908,nan,nan,20,6096,43.13065190573428,41.26641852591899,9.9,False
477,0.4336905603360145,0.8645150445453017,nan,nan,20,5949,42.235089343053986,40.518659848687534,9.8,False
478,0.3831393497942694,0.8766102747167469,nan,nan,20,6443,46.40529141171784,45.396679528757,10.55,False
479,0.4143414710386315,0.8709729642221143,nan,nan,20,6177,45.30443619512014,43.027220232907,10.15,False
480,0.37479055440389275,0.8821181887950883,0.4010312943597933,0.8747883986006094,20,6515,47.69086404685343,46.457402592070736,10.7,False
481,0.3683828446968133,0.8778097008619232,nan,nan,20,5917,41.842493270734366,40.4462100649085,9.8,False
482,0.3640134678705492,0.8805295447206974,nan,nan,20,6194,43.81933919374686,42.17003655174509,10.05,False
483,0.353814565556258,0.8842987804878049,nan,nan,20,6560,48.3398457449285,46.90048451961054,10.75,False
484,0.4093911335700221,0.8753618526857511,nan,nan,20,6218,45.13522923504163,43.028963625107494,10.15,False
485,0.3590928819330392,0.8876160990712074,nan,nan,20,6460,46.567802948080775,44.670612008367485,10.4,False
486,0.40131598293127196,0.8686639958195437,nan,nan,20,5741,41.47279795790123,38.58193314254204,9.45,False
487,0.36732195885914776,0.8833307197741885,nan,nan,20,6377,45.09951561531144,44.0393885966475,10.35,False
488,0.3660233100312478,0.8860658357302652,nan,nan,20,6258,45.30089187538696,43.292615603457,10.2,False
489,0.4040168616550004,0.8719412724306689,nan,nan,20,6130,43.23535543007191,42.02111211577349,10.05,False
490,0.3608617908128591,0.881619937694704,0.4141160437719317,0.8723620358875973,20,6741,51.57045083531788,48.4231883104615,10.9,False
491,0.41693986703832003,0.8663118851798097,nan,nan,20,6201,43.961683863401255,42.45428423375704,10.1,False
492,0.3989810105249626,0.8735430304965671,nan,nan,20,6263,46.362911217134126,43.862319700262,10.25,False
493,0.4134779904439726,0.8738043813637766,nan,nan,20,6482,46.94945546352409,45.74786916659605,10.6,False
494,0.36208893842789347,0.8860299921073401,nan,nan,20,6335,45.86152364111385,44.191106764812,10.35,False
495,0.4084700107291561,0.8674395161290323,nan,nan,20,5952,42.94507002382722,40.92793197544704,9.85,False
496,0.38931519339686793,0.8757575757575757,nan,nan,20,5940,40.326617446766605,39.3207356694845,9.65,False
497,0.32773275838977256,0.8923566878980892,nan,nan,20,6280,46.07485285700196,44.30892327527654,10.35,False
498,0.34793818330924875,0.8900303132367801,nan,nan,20,5938,42.35794153462918,40.0829377938685,9.7,False
499,0.38983446624136453,0.8767101745557477,nan,nan,20,6359,46.21820262124166,44.8073667704575,10.45,False
500,0.37730192520532263,0.8827309236947791,0.3922859480729182,0.8781740209908588,20,6225,45.114446704078254,43.21449247442654,10.2,False
501,0.3574799544013801,0.8840356813288219,nan,nan,20,6502,46.93409468555204,45.757208152717,10.6,False
502,0.38021411906054337,0.883779133427186,nan,nan,20,6393,45.741451273964685,44.713976909248004,10.45,False
503,0.40918500153070053,0.871521413097817,nan,nan,20,6001,41.75593216285513,40.229782494784494,9.75,False
504,0.44265172717784446,0.8657183054556824,nan,nan,20,6397,49.60020939813222,45.721192852785585,10.5,False
505,0.42203454668346513,0.8690726654798511,nan,nan,20,6179,44.54638552927217,42.89933772503349,10.15,False
506,0.3543606219302605,0.88854393045638,nan,nan,20,6442,47.53294182257988,45.679558690896044,10.55,False
507,0.3231204435016695,0.8945443462359037,nan,nan,20,6562,47.27906627202949,46.65492210818154,10.75,False
508,0.3678534442477715,0.8788966867961482,nan,nan,20,6127,44.24176766571598,42.53284689106655,10.1,False
509,0.34275151105047025,0.8905015320109659,nan,nan,20,6201,43.97132840748604,42.70964756597799,10.15,False
510,0.35933419374929915,0.8805970149253731,0.397091600103473,0.8749576797201218,20,6499,46.08182142683007,45.04157479164299,10.5,False
511,0.38713468175019666,0.8755165289256198,nan,nan,20,5808,40.678376786648855,39.125269697198995,9.6,False
512,0.3752280710661244,0.8793768317137128,nan,nan,20,6483,47.653730262374516,46.174840404419555,10.65,False
513,0.3600560929199014,0.8819015846538782,nan,nan,20,5995,42.05556862210642,40.53141414039499,9.8,False
514,0.32103833990970876,0.8980487067009529,nan,nan,20,6611,48.23427560702407,47.416290457981994,10.85,False
515,0.3262864769317229,0.8990435706695006,nan,nan,20,6587,47.01618186046357,46.31008401402604,10.7,False
516,0.3510231952406742,0.8835594824865888,nan,nan,20,6338,45.41691381288878,44.3650493765975,10.4,False
517,0.3774974648650207,0.8783698065334602,nan,nan,20,6306,45.05764346283931,43.51696592553348,10.25,False
518,0.3598287466325258,0.88821477324435,nan,nan,20,6593,47.56620369850349,46.71785856661959,10.75,False
519,0.35613632371095355,0.8841564468014584,nan,nan,20,6034,43.20343502128911,40.99474978665655,9.85,False
520,0.3477043767077865,0.8833523933997712,0.3897536094887452,0.8793589888274461,20,6121,44.38763257676785,41.9077409142425,9.95,False
521,0.38393133818637876,0.8803377947737412,nan,nan,20,6276,44.42308213395532,42.889298538822985,10.15,False
522,0.40798337092766396,0.8656871218668971,nan,nan,20,5785,41.471235016046094,38.59985655123255,9.45,False
523,0.36881957541585636,0.8841585685639365,nan,nan,20,6483,47.58463145052386,46.185922782741,10.65,False
524,0.3835536417474159,0.8761552680221811,nan,nan,20,6492,46.43248817137146,45.392590090262,10.55,False
525,0.3702936845653647,0.8850882723833543,nan,nan,20,6344,46.61400849159335,44.93852776443204,10.45,False
526,0.3396279971699815,0.8893393393393393,nan,nan,20,6660,48.662481738715556,48.04124805360554,10.95,False
527,0.34480757541131457,0.8867217974723046,nan,nan,20,6409,46.65512064792391,45.42083304391009,10.55,False
528,0.39333223337469175,0.8774425511958731,nan,nan,20,6397,45.76162157417143,44.715914011692995,10.45,False
529,0.40255589143661336,0.8749805870476782,nan,nan,20,6439,46.338299546859396,45.084363232316996,10.5,False
530,0.39062953598750777,0.8735241792010351,0.39730959961853185,0.8752962419591468,20,6183,45.10036888538575,43.245809203102496,10.2,False
531,0.3768550995061377,0.8747342848466444,nan,nan,20,6586,47.880137028946905,47.06620281620053,10.8,False
532,0.31283716846876763,0.8978274559193955,nan,nan,20,6352,45.889732026882086,43.990255435152996,10.3,False
533,0.33298488546284294,0.8957055214723927,nan,nan,20,6357,47.10740375996843,45.16221790105298,10.45,False
534,0.37461701762505445,0.88243103702611,nan,nan,20,6779,49.646915457619855,48.827178862408594,11.05,False
535,0.4807449252693084,0.8540643321185232,nan,nan,20,6311,46.10996000828503,44.497396520312,10.4,False
536,0.3178999569537868,0.8957771787960467,nan,nan,20,6678,48.29641775740448,47.685775267027,10.9,False
537,0.38394385165063516,0.8838116032439176,nan,nan,20,6412,46.896962673124875,45.76724019104604,10.6,False
538,0.37720227516350835,0.8803286312199659,nan,nan,20,6451,48.15828560224617,46.12202674827956,10.6,False
539,0.3510056432994559,0.8867568417741428,nan,nan,20,6358,45.07790258367867,43.773993226097495,10.3,False
540,0.3386477536317408,0.8928905519176801,0.3949968235720874,0.874506263401422,20,6414,46.3351572418257,45.090389773256994,10.5,False
541,0.4399779932865669,0.8586065573770492,nan,nan,20,5856,40.93977395594706,39.23531627452304,9.6,False
542,0.37581752969025606,0.8781627719580983,nan,nan,20,6205,44.560778682350175,43.13167297470704,10.2,False
543,0.27575917059628885,0.9097836025601951,nan,nan,20,6562,47.468939938881405,46.201917031077,10.65,False
544,0.3712653849487792,0.8820529692383615,nan,nan,20,6079,42.782744843469246,41.4212553023135,9.95,False
545,0.3682235238523476,0.8852797873911118,nan,nan,20,6773,50.04135305930292,48.94733519865074,11.05,False
546,0.33963143469415413,0.8938459104572062,nan,nan,20,6321,44.69104152276048,43.684283859533494,10.3,False
547,0.3631311583530595,0.8807028360049322,nan,nan,20,6488,46.54369349943171,45.96003511429349,10.65,False
548,0.3326590405736305,0.8912550974173086,nan,nan,20,6621,48.47194291922487,47.45356224612623,10.85,False
549,0.36241557480921127,0.880571249215317,nan,nan,20,6372,46.78485381522322,44.5459578954075,10.35,False
550,0.3437427990980766,0.8890892696122633,0.3785457313834323,0.8820674867396456,20,6654,48.98407725363556,48.101203311380736,10.95,False
551,0.35587613111856936,0.8866699139470693,nan,nan,20,6159,45.1094083738237,42.7226738696075,10.1,False
552,0.422224178007503,0.8718080548414738,nan,nan,20,5835,42.03734663819097,39.275724813237545,9.55,False
553,0.3298054331394109,0.8938442211055276,nan,nan,20,6368,47.35068344405507,45.153751062429095,10.45,False
554,0.30988364726828055,0.901594114040466,nan,nan,20,6524,47.48610434399282,46.1401468996296,10.65,False
555,0.40337566406544406,0.8715492042871062,nan,nan,20,6158,43.73522472528122,42.12279062311154,10.05,False
556,0.3547953343456439,0.8880200187675946,nan,nan,20,6394,45.52094064574024,44.39025323174299,10.4,False
557,0.32893178144447466,0.8878405113376959,nan,nan,20,6571,47.38796056175838,46.41856175094604,10.7,False
558,0.3966472835292227,0.8761389961389962,nan,nan,20,6475,46.63375437811308,45.70256034040749,10.6,False
559,0.3481708521786466,0.8893740902474527,nan,nan,20,6183,44.29983713619013,42.790017946421045,10.15,False
560,0.3211214651284618,0.8938716884774977,0.37888961442167207,0.882801038257533,20,6266,48.72054213677884,44.936557962861045,10.4,False
561,0.3407064437186605,0.8888369920597852,nan,nan,20,6423,46.71463866500872,45.69731079278155,10.6,False
562,0.43275346196226533,0.8661290322580645,nan,nan,20,6200,45.695382390611115,43.6639532590601,10.25,False
563,0.3311754799382276,0.8959656925031766,nan,nan,20,6296,45.852644413381526,43.756616085362005,10.25,False
564,0.29822091033751236,0.9048209579910091,nan,nan,20,6451,46.37828131381148,45.357896585472034,10.55,False
565,0.4079624221788663,0.8744659875123234,nan,nan,20,6086,43.21872604771964,41.771407275028,10.0,False
566,0.3487084913646243,0.8879012345679013,nan,nan,20,6075,43.44118305304765,41.56888403198299,9.95,False
567,0.36465530430697357,0.8849893649346703,nan,nan,20,6582,48.72851733658631,47.24695599767954,10.8,False
568,0.34391000320557574,0.8919076833187263,nan,nan,20,6846,49.60559093404917,49.08622268927505,11.1,False
569,0.3874544673824872,0.8818845388188454,nan,nan,20,6028,43.428257274980524,41.284485686447546,9.9,False
570,0.34783422914891754,0.8880756328148826,0.37808277864997536,0.8822931948989956,20,6558,49.19245745837425,46.39708511517749,10.65,False
571,0.2908509820607396,0.9058532053267265,nan,nan,20,6458,47.84224232898008,45.50015820956504,10.5,False
572,0.33735600163390955,0.8925204274041484,nan,nan,20,6364,47.09852264675172,45.01217039410764,10.45,False
573,0.3888410834966384,0.8732210044168166,nan,nan,20,6113,44.09479683123089,41.983988989438004,10.0,False
574,0.3224985573465941,0.8900926362066258,nan,nan,20,6369,46.14759287103196,45.06944969582655,10.5,False
575,0.36655349274546045,0.8845503458877786,nan,nan,20,6505,47.02746698260372,46.05435263234055,10.65,False
576,0.31136080650968007,0.8959705837291252,nan,nan,20,6527,47.372987006434435,46.67760557781249,10.75,False
577,0.34902097383711284,0.8894431927904731,nan,nan,20,6214,44.2587384623499,42.850147546073494,10.15,False
578,0.2949775250126729,0.902975033637315,nan,nan,20,6689,48.83256506291512,47.82798010985051,10.9,False
579,0.3260825811447798,0.8924680246328754,nan,nan,20,6333,45.515618927238705,44.37456270193849,10.4,False
580,0.33794933348992634,0.890602864788289,0.3716455849732385,0.8851145468908701,20,6353,45.289144520717066,44.07094399547655,10.35,False
581,0.331624673497949,0.8942054433713784,nan,nan,20,6834,51.69346613726871,49.44307664893604,11.1,False
582,0.3201282621815055,0.8965361445783132,nan,nan,20,6640,48.27007725215087,47.13245171981955,10.8,False
583,0.32604305711615994,0.8949397590361445,nan,nan,20,6225,44.6893243770518,42.651001079142496,10.1,False
584,0.34366493024117634,0.8905228758169934,nan,nan,20,6120,45.58899583113338,42.3323013198331,10.0,False
585,0.35815005374762826,0.8896987366375122,nan,nan,20,6174,43.658544876245536,42.385730178228506,10.1,False
586,0.2924066014147356,0.906491002570694,nan,nan,20,6224,44.27714170955424,42.80146837420705,10.15,False
587,0.35262666111298496,0.8864502362444749,nan,nan,20,6561,48.725269003223126,47.5391242763555,10.85,False
588,0.3424337467024812,0.8900284001262228,nan,nan,20,6338,48.6599745852247,44.962553665096536,10.4,False
589,0.368053359157599,0.8828666064438422,nan,nan,20,6642,48.782388465351566,47.79595765409859,10.9,False
590,0.3491260352402104,0.8895676691729323,0.375478922910446,0.8807696648233834,20,6384,46.94536189834733,45.012170394107635,10.45,False
591,0.43931143356878327,0.861478467277043,nan,nan,20,5898,42.738625696260584,40.18223990667849,9.7,False
592,0.31274922497853175,0.9030350194552529,nan,nan,20,6425,47.54298229333281,45.90763731073601,10.6,False
593,0.2977561010574901,0.8992050874403815,nan,nan,20,6290,46.27444975248352,44.56401347339555,10.4,False
594,0.3845711229463147,0.8798383335924141,nan,nan,20,6433,48.28562201185038,45.581385004227144,10.5,False
595,0.4017362385730676,0.8773658689191303,nan,nan,20,6393,45.89963278591644,44.77721708621753,10.45,False
596,0.34740632464491494,0.8833306949501346,nan,nan,20,6317,44.73786889738405,43.67692287024251,10.3,False
597,0.34933175563641544,0.882782666445293,nan,nan,20,6023,41.60462803127251,40.36355796910399,9.8,False
598,0.33424247898308695,0.8940013633265167,nan,nan,20,5868,41.56154796080834,39.3320185809135,9.6,False
599,0.3215763598089851,0.8924492385786802,nan,nan,20,6304,46.32365132241407,44.82609639876459,10.45,False
600,0.32907059545355155,0.8936524768974398,0.3668732023066934,0.8845502764924952,20,6601,48.94446469905394,46.750153034293554,10.7,False
601,0.3247519518701126,0.8943298969072165,nan,nan,20,6596,50.84202438178215,47.616532654880544,10.8,False
602,0.4481371233779908,0.8603391015556721,nan,nan,20,5721,40.23461803428706,38.32793833019399,9.45,False
603,0.36708134817777477,0.87945981993998,nan,nan,20,5998,42.570996361041175,41.34536369404204,9.95,False
604,0.3519443908834725,0.8870967741935484,nan,nan,20,6324,45.08832755806917,43.74086877428799,10.3,False
605,0.38813984814881886,0.8786874378521711,nan,nan,20,6034,44.350984662100046,41.502071127791744,9.9,False
606,0.35971841953688904,0.8886417791898332,nan,nan,20,6295,44.62747768118045,43.93108519894754,10.35,False
607,0.31468608102128676,0.9003060074086005,nan,nan,20,6209,44.3174553651841,43.07385668458349,10.2,False
608,0.38246663474514,0.8790155026370465,nan,nan,20,6257,46.138705021337515,43.79342103181699,10.25,False
609,0.3702905864562665,0.8811644925230672,nan,nan,20,6286,45.45560132247012,44.386876455628986,10.4,False
610,0.38344962995596726,0.8771088322858088,0.36670837081080027,0.8837038708949329,20,6046,40.87075230331438,40.220018677929495,9.8,False
611,0.3671208201149996,0.8824380829848826,nan,nan,20,6218,43.34914937269721,42.095772136099484,10.05,False
612,0.313701066000182,0.8975397539753975,nan,nan,20,6666,49.22665260696271,47.62726458993905,10.85,False
613,0.357132481632216,0.8815929472564219,nan,nan,20,6579,48.261577981603764,47.12983856862123,10.8,False
614,0.3539125170609219,0.8885635018495684,nan,nan,20,6488,45.613180661200616,44.65233615711204,10.45,False
615,0.31118218937151004,0.9014219523885605,nan,nan,20,6259,44.13069734881859,42.74645251243299,10.15,False
616,0.3339875665166646,0.8913697545526524,nan,nan,20,6315,45.42237183403759,43.89512218174299,10.3,False
617,0.2969845629146077,0.9012830188679245,nan,nan,20,6625,50.10426694922526,47.430458659537486,10.8,False
618,0.33527475221347325,0.8906966425085047,nan,nan,20,6761,48.7796762599475,48.0710600602341,10.95,False
619,0.3665360931466949,0.878068218042716,nan,nan,20,6274,45.78360599900625,43.46493617144055,10.2,False
620,0.31639913024132904,0.8956043956043956,0.37178715739612345,0.8848888387315201,20,6552,47.80197775303466,46.770354042879084,10.75,False
621,0.34150567573124946,0.8951749653152459,nan,nan,20,6487,47.75142184589108,46.46737673256005,10.7,False
622,0.3359627670701621,0.8932111745268849,nan,nan,20,6658,48.36556635022624,47.17113565564618,10.8,False
623,0.3390068755045896,0.8876013904982619,nan,nan,20,6041,42.41928937498974,41.061757408172994,9.9,False
624,0.30717965907892475,0.8999693157410249,nan,nan,20,6518,47.537383548240236,46.70741758444103,10.75,False
625,0.3008701557991267,0.898238747553816,nan,nan,20,6132,43.85227770144204,42.69763753081899,10.15,False
626,0.36463360573207215,0.8803851174934726,nan,nan,20,6128,43.729943638905254,42.12156618304755,10.05,False
627,0.2830628402977124,0.9028718941594063,nan,nan,20,6198,45.324508086989546,43.030460189535546,10.15,False
628,0.3253354245278154,0.8936170212765957,nan,nan,20,6486,46.83345501745887,46.00360054828154,10.65,False
629,0.37660842147261436,0.8810198300283286,nan,nan,20,6001,43.914784235686575,41.289911855616545,9.85,False
630,0.36635215269209614,0.8805237315875614,0.3646633216253375,0.8838731520144453,20,6110,45.00627434805763,42.97840525129299,10.15,False
631,0.34767218693310986,0.887431360585723,nan,nan,20,6556,49.561715658110316,46.758390732451545,10.7,False
632,0.34414685672129547,0.8916175507531107,nan,nan,20,6108,44.43398148533829,42.57330174773749,10.1,False
633,0.34668861652967464,0.8878444084278768,nan,nan,20,6170,45.21555983853561,43.299976592747996,10.2,False
634,0.3748785729966245,0.8803058676654182,nan,nan,20,6408,46.30102907298134,45.353848041362,10.55,False
635,0.30957681040179125,0.8975749840459477,nan,nan,20,6268,46.37551391612846,44.029996619705045,10.3,False
636,0.31310569559609414,0.8980462978164505,nan,nan,20,6091,41.936947832151915,40.691371085103995,9.85,False
637,0.33901787652045673,0.8885355648535564,nan,nan,20,5975,45.06204950453615,41.5086559207141,9.85,False
638,0.3244848451943394,0.8877247849882721,nan,nan,20,6395,44.28138051053137,43.579292907014484,10.3,False
639,0.3183748207203934,0.8973936488915518,nan,nan,20,6676,48.43107386220017,47.70929362781173,10.9,False
640,0.28310132678598166,0.9081196581196581,0.3617088150768218,0.88601737952827,20,6552,47.003187757041594,46.33625426805799,10.7,False
641,0.35021540238611715,0.8956096020214782,nan,nan,20,6332,45.55405998072855,44.122920758748,10.35,False
642,0.3129587357108265,0.8933400946585531,nan,nan,20,5916,43.07473935411997,40.23733495316155,9.7,False
643,0.3010358478781287,0.9006511938554016,nan,nan,20,5989,43.21700984541592,40.98826886366155,9.85,False
644,0.42445199201973355,0.8693484042553191,nan,nan,20,6016,40.426446769118485,39.86123344616999,9.75,False
645,0.26114721555845616,0.9183453790558204,nan,nan,20,6503,46.99499961289444,46.31882034605299,10.7,False
646,0.3458244371758767,0.8822892498066512,nan,nan,20,6465,47.523849781903124,45.882672125743596,10.6,False
647,0.3123258301144373,0.8938382740959181,nan,nan,20,6443,45.61257908263083,44.9481849304335,10.5,False
648,0.32311859109124513,0.8903028350515464,nan,nan,20,6208,45.42275054682718,43.59927340842155,10.25,False
649,0.34002850959952463,0.8922136422136422,nan,nan,20,6216,45.483771672488004,43.20513448641654,10.15,False
650,0.31694159720546805,0.8961207596169453,0.3572576425909902,0.888330888161607,20,6161,44.024131044640846,42.50511574167349,10.1,False
651,0.3499104254481293,0.890986988257696,nan,nan,20,6302,45.948793722524734,43.92091622869104,10.3,False
652,0.30866573627163896,0.9002969213939678,nan,nan,20,6399,45.95798614402263,45.011121388871544,10.5,False
653,0.35666389909019036,0.8838334946757018,nan,nan,20,6198,44.61013764365426,42.85396385046654,10.15,False
654,0.32632662588257744,0.8921617573639541,nan,nan,20,6009,42.58207096013803,41.12086270844205,9.9,False
655,0.33591141216626597,0.8897266729500471,nan,nan,20,6366,46.59988379427153,44.66168196609605,10.4,False
656,0.31572872767839866,0.8931297709923665,nan,nan,20,6550,47.112188376523925,46.351944797862494,10.7,False
657,0.30272187768096426,0.9007228915662651,nan,nan,20,6225,44.76883988453015,43.43356957318055,10.25,False
658,0.33165472022747305,0.8909786420146637,nan,nan,20,6274,45.75796033945567,44.13913000154055,10.35,False
659,0.26246910845805455,0.9162621359223301,nan,nan,20,6592,48.51577309121089,46.92842375472715,10.75,False
660,0.33177400862226175,0.891493325054331,0.35820888220127084,0.8880487529624196,20,6442,46.30413532191257,45.37165001283153,10.55,False
661,0.3362511019314092,0.893015873015873,nan,nan,20,6300,45.04566617966248,43.766935955338,10.3,False
662,0.3419670047623041,0.8872437357630979,nan,nan,20,6146,43.33607772154492,42.03873974802299,10.05,False
663,0.3175040108301192,0.9006960556844548,nan,nan,20,6465,46.97765086859345,45.7688092440265,10.6,False
664,0.2927856114977138,0.9039539227895392,nan,nan,20,6424,47.24174087722417,45.587737882667,10.55,False
665,0.33810475360584585,0.8900140208755258,nan,nan,20,6419,45.06185222756502,44.55259475221899,10.45,False
666,0.31858611696091726,0.8979928100659077,nan,nan,20,6676,48.37551676012563,47.71558727365554,10.9,False
667,0.3638180525349372,0.8831879596374209,nan,nan,20,5847,40.633628898297374,38.39593062601349,9.45,False
668,0.28887311307729013,0.9036968002485244,nan,nan,20,6438,46.788302862453634,45.726948460190044,10.6,False
669,0.35678299530519075,0.8839314067958082,nan,nan,20,6298,45.94083434711579,43.706416696990544,10.25,False
670,0.33937847269792903,0.8935608999224205,0.3571152516182787,0.8888951585599819,20,6445,45.61526252770944,44.398173828406996,10.4,False
671,0.32561200259501416,0.8941781923448054,nan,nan,20,6218,44.49189403523921,43.095380045083495,10.2,False
672,0.3975927889925449,0.8698983841412627,nan,nan,20,6003,45.07863741272954,41.5180642595575,9.85,False
673,0.31362579903269816,0.8983385425234414,nan,nan,20,6079,42.93910961877609,41.23155068190899,9.9,False
674,0.2929064651741937,0.9021580399156255,nan,nan,20,6163,43.97700327652819,42.249384359988,10.05,False
675,0.358428023439559,0.8865426512485336,nan,nan,20,5967,42.98660450252061,41.42265408159754,9.95,False
676,0.33211411530741364,0.8946328613763582,nan,nan,20,6074,44.10592932983027,41.73428414869249,9.95,False
677,0.31689807132173753,0.9004778381941012,nan,nan,20,6069,43.09694059145198,41.752036250577994,10.0,False
678,0.327081848901731,0.8922705314009662,nan,nan,20,6210,44.735293036060895,42.649432026162046,10.1,False
679,0.2799443372919592,0.9112915820709042,nan,nan,20,6403,47.433543617550534,45.17182638057699,10.45,False
680,0.305414113880681,0.8992423021118814,0.35174955513579304,0.8881051800022571,20,6203,43.80022102249232,42.68890119879204,10.15,False
681,0.2921278280979394,0.9034081731545792,nan,nan,20,6191,43.13123425661132,42.28728447963754,10.1,False
682,0.34622348844064305,0.8914141414141414,nan,nan,20,6336,46.08331747334313,44.7490384635025,10.45,False
683,0.3288123276737167,0.8981318856777902,nan,nan,20,6263,43.62610451755425,42.63562872921849,10.15,False
684,0.32971114622255876,0.8921044353570305,nan,nan,20,6358,46.36491012973948,44.568557293945545,10.4,False
685,0.33486751216352617,0.8855608009116067,nan,nan,20,6143,45.1096209543594,43.056967908602495,10.15,False
686,0.3269432955212566,0.8977094446187637,nan,nan,20,6374,45.67185790934101,44.673082524297996,10.45,False
687,0.31942460065205236,0.895661312115298,nan,nan,20,6661,49.212362193065175,48.194860277494044,10.95,False
688,0.31479459575195184,0.8976093111041208,nan,nan,20,6358,45.94094985354437,45.0144338340525,10.5,False
689,0.3287007628213481,0.8870779976717112,nan,nan,20,6013,42.206367639389825,41.0307852924135,9.9,False
690,0.34810991583280965,0.8889767515419895,0.34729168126766335,0.891095813113644,20,6323,44.65331547138025,43.92064421676899,10.35,False
691,0.3135977693250328,0.8955223880597015,nan,nan,20,6365,45.927131286635515,44.434978774861996,10.4,False
692,0.30969957054038916,0.9012546846993645,nan,nan,20,6137,44.7735612613546,42.93576747414249,10.15,False
693,0.3271856527952099,0.8965570480160568,nan,nan,20,6477,47.26639940497739,46.392839182812494,10.7,False
694,0.33749226124071247,0.8882521489971347,nan,nan,20,6282,44.007004461933114,42.986493364314,10.2,False
695,0.3586479069700072,0.8863015898506504,nan,nan,20,6227,43.77385304429751,42.68194700101449,10.15,False
696,0.30661021575941083,0.8965946198102939,nan,nan,20,6431,47.09359202153447,45.299321577451046,10.5,False
697,0.3202078737975247,0.8978808353808354,nan,nan,20,6512,46.46611551392621,45.662074899306994,10.6,False
698,0.3857124140204162,0.8784386045796834,nan,nan,20,6507,46.3814990160974,45.90753963803399,10.65,False
699,0.308883599449569,0.8978113936272932,nan,nan,20,6214,45.023155662527934,43.25501880991199,10.2,False
700,0.3059010606684482,0.9003897116134061,0.3467926321032623,0.8895722830380318,20,6415,45.87755122771803,44.72557800055749,10.45,False
701,0.34073035338705066,0.8889618922470434,nan,nan,20,6088,44.98160261473612,42.278519201292994,10.0,False
702,0.3037114774604003,0.8985397018557956,nan,nan,20,6574,47.50536198149819,46.240802834767486,10.65,False
703,0.28395214032134636,0.9081320697034546,nan,nan,20,6542,49.88717982129286,47.10148543440654,10.75,False
704,0.33636295237050334,0.8941349452703806,nan,nan,20,6121,44.81783248886489,42.6297878676101,10.1,False
705,0.3641522792833192,0.8853595614317962,nan,nan,20,6202,45.61853116966042,42.87846664935834,10.1,False
706,0.30772185960854703,0.901082915791175,nan,nan,20,6187,44.78252374756649,42.72944342116204,10.1,False
707,0.34400711127320666,0.8879763469119579,nan,nan,20,6088,43.96464482682755,41.0278289302475,9.8,False
708,0.32442398071542483,0.8984230055658627,nan,nan,20,6468,47.20666746239142,45.53911660864029,10.55,False
709,0.33623933453572546,0.8937431736620377,nan,nan,20,6409,47.29072468718635,45.62086233447649,10.55,False
710,0.30802529552314545,0.8944616892664597,0.35173870595028056,0.8869766392055073,20,6121,44.76517702566098,42.231658301992,10.0,False
711,0.28891189793812483,0.9060834117278144,nan,nan,20,6378,47.85925952238587,45.69111481963975,10.55,False
712,0.30074240643337524,0.8994073848959124,nan,nan,20,6581,48.111929068764,46.823297205037,10.75,False
713,0.3076932504224196,0.8971539456662354,nan,nan,20,6184,45.288802531252635,42.343507175273984,10.05,False
714,0.3014533227122923,0.8984160828510509,nan,nan,20,6566,47.725299128278394,46.4698971180746,10.7,False
715,0.3135146403307073,0.8958333333333334,nan,nan,20,6624,48.45945848596306,47.74001413548699,10.9,False
716,0.29314722731950377,0.9062355658198614,nan,nan,20,6495,46.04696396934702,45.30697016219299,10.55,False
717,0.33629808017216045,0.8892669347355397,nan,nan,20,6466,49.163714708708035,46.66868136588754,10.7,False
718,0.3447441921863423,0.8866599799398195,nan,nan,20,5982,41.48987696920802,39.826637614082046,9.7,False
719,0.3773485824996643,0.8798380566801619,nan,nan,20,6175,43.92448451124193,42.73153897594254,10.15,False
720,0.3189707551113208,0.9000642673521851,0.34549454334842045,0.8912650942331565,20,6224,43.69000158151373,42.38204968358299,10.1,False
721,0.32617938379805234,0.8980477223427332,nan,nan,20,6454,47.108418692331554,45.5294810545265,10.55,False
722,0.29588098050513356,0.8969056603773585,nan,nan,20,6625,48.427197007116426,47.445734415146,10.85,False
723,0.3489607453953554,0.8882433356117566,nan,nan,20,5852,41.90071252501925,39.47084664762299,9.6,False
724,0.31513479356510393,0.8971050975456262,nan,nan,20,6356,46.385086246323844,44.5529310950741,10.4,False
725,0.25931963178811684,0.9140326767445411,nan,nan,20,6549,47.87038956516715,46.49258058770555,10.7,False
726,0.29611215423048026,0.8956141770513028,nan,nan,20,6179,44.67182759623203,42.42170492797155,10.05,False
727,0.3383095522572716,0.893365307753797,nan,nan,20,6255,44.31088108856646,43.08248994362849,10.2,False
728,0.3351573358543681,0.8886959267445532,nan,nan,20,6334,45.597218339554345,44.12946601267605,10.35,False
729,0.3175787584395189,0.8960094941403353,nan,nan,20,6741,49.49567095651728,48.48408416045359,11.0,False
730,0.3054164353831139,0.9030390738060782,0.34142879726870334,0.891547229432344,20,6219,44.64723427182427,43.1635660511475,10.2,False
731,0.297900243785341,0.9001272264631043,nan,nan,20,6288,46.75671718490443,44.4165852768336,10.35,False
732,0.2854051209205319,0.9071110377825441,nan,nan,20,6061,43.49036161496176,41.31984165901605,9.9,False
733,0.33449932255979337,0.890521556596157,nan,nan,20,6193,46.418536148360474,43.423285200261994,10.15,False
734,0.3285124516412316,0.8883614088820827,nan,nan,20,6530,47.244901190021366,46.36937871986749,10.7,False
735,0.28653607512982293,0.9038838120104439,nan,nan,20,6128,44.65175478162879,42.12850589585649,10.0,False
736,0.3277740113131678,0.8936466223527593,nan,nan,20,6469,46.574312116116474,45.149949455581044,10.5,False
737,0.3232319136988792,0.8926907630522088,nan,nan,20,6225,45.465685371122085,43.588262508914596,10.25,False
738,0.27952408288337277,0.9094716494845361,nan,nan,20,6208,46.389563680670484,43.09154361662151,10.1,False
739,0.29169220609377,0.9048820299747737,nan,nan,20,6739,48.527885152477765,47.74871172546504,10.9,False
740,0.35177151259359385,0.8892639022822244,0.34627834653601447,0.8920550727908814,20,6222,45.877393601550025,43.39603750299554,10.2,False
741,0.30052290140848287,0.9012269938650307,nan,nan,20,6520,49.11444714646897,46.82888288294164,10.7,False
742,0.3557555897724054,0.8847948511665326,nan,nan,20,6215,44.13703281620474,43.03193156981399,10.2,False
743,0.3063743030929334,0.8993340560631873,nan,nan,20,6457,45.74908105327789,44.976253544861535,10.5,False
744,0.3279093027697355,0.8915411727010574,nan,nan,20,6242,44.45469708833704,43.123448659511546,10.2,False
745,0.3133947857045827,0.8961060480530241,nan,nan,20,6035,44.36642111786909,41.74294799216704,9.95,False
746,0.35330293192374723,0.8932384341637011,nan,nan,20,6463,46.81646004210318,45.469648025524094,10.55,False
747,0.33490117655401885,0.888006230529595,nan,nan,20,6420,49.34193693782976,45.7650406974735,10.5,False
748,0.2911763305629038,0.9076829638627392,nan,nan,20,6586,50.530512513899474,47.51082903998054,10.8,False
749,0.31135864731553753,0.8929984779299848,nan,nan,20,6570,47.396451069667485,46.691359005171996,10.75,False
750,0.352153891264014,0.8817168524371984,0.3374705078800676,0.8934657487868186,20,6011,42.10752317064233,40.738248964273,9.85,False
751,0.33074779900054946,0.8965352828989193,nan,nan,20,6292,44.944028451258106,43.4657663681525,10.25,False
752,0.28699782226523685,0.905620036652413,nan,nan,20,6548,46.30325337587848,45.905796245833486,10.65,False
753,0.30931024730350204,0.9002196422968308,nan,nan,20,6374,48.08981843558428,46.02402057796765,10.6,False
754,0.3315479406757308,0.892328398384926,nan,nan,20,5944,42.08512215865436,39.9973972867045,9.7,False
755,0.3151125190894332,0.8966420209488601,nan,nan,20,6492,47.30622828156991,46.40852971261699,10.7,False
756,0.3491678297434385,0.8863094291620289,nan,nan,20,6289,44.96543448732486,43.466543361466535,10.25,False
757,0.34131565544557385,0.8920031670625495,nan,nan,20,6315,45.75241228693966,44.150212379862,10.35,False
758,0.30373924405979785,0.9025802183261661,nan,nan,20,6046,43.4175349964117,41.037978765347496,9.85,False
759,0.28005133994454473,0.9042989518456631,nan,nan,20,6583,49.1889409118802,46.687684340872984,10.7,False
760,0.3039082325403836,0.9037025513378967,0.33879857069481956,0.8941428732648685,20,6428,46.15010696175484,44.511109053286546,10.4,False
761,0.3493432674029076,0.8857004675157182,nan,nan,20,6203,44.359791699441374,42.815221801566544,10.15,False
762,0.3093724178317875,0.9030293804231999,nan,nan,20,6569,47.78918900132254,46.7703540428791,10.75,False
763,0.32473120830344326,0.8954900981860543,nan,nan,20,6009,42.46152656024448,40.38131489479498,9.75,False
764,0.4050911609873829,0.8743061772605193,nan,nan,20,5585,40.37230535944511,37.9441760594345,9.35,False
765,0.2778380812070836,0.9043224866440019,nan,nan,20,6177,43.186242350432096,42.04263547627349,10.05,False
766,0.34791287892455924,0.8910415375077495,nan,nan,20,6452,47.15504661490603,45.278271491733605,10.5,False
767,0.3159318667375835,0.8980574731096485,nan,nan,20,6229,44.19171289682212,42.7602059397925,10.15,False
768,0.29416613826466853,0.9027991387265457,nan,nan,20,6502,46.31751783177836,45.35421609082655,10.55,False
769,0.28550926915429353,0.9078823897403816,nan,nan,20,6394,46.91217028787095,45.242800993629594,10.5,False
770,0.2891861905248585,0.9023935343487721,0.3380603394387552,0.8921114998307189,20,6434,50.15857570185022,46.377395910847,10.6,False
771,0.28717590636421153,0.9075033298801243,nan,nan,20,6757,49.36906039975731,48.46453879678355,11.0,False
772,0.3200492093676741,0.8961922030825022,nan,nan,20,6618,48.061286722756954,47.102639713190996,10.8,False
773,0.29494539910170725,0.9075526842024304,nan,nan,20,6501,48.61223823308663,46.7008985244005,10.7,False
774,0.2950869466591197,0.9056061332055583,nan,nan,20,6261,45.20505261751478,43.54834698514249,10.25,False
775,0.34841808620352843,0.888390092879257,nan,nan,20,6460,47.776560170247166,45.94702054054528,10.6,False
776,0.32278729082496316,0.9013668841255048,nan,nan,20,6438,46.0722126336009,45.044245840681036,10.5,False
777,0.3447391426074358,0.888279643591501,nan,nan,20,5836,40.918936529723204,39.227221338638984,9.6,False
778,0.30747303340070364,0.8961199567166487,nan,nan,20,6469,47.4536553830967,45.913528039271235,10.6,False
779,0.37212693171435013,0.8772053634438955,nan,nan,20,5668,40.18113926655941,38.0354020020535,9.4,False
780,0.2886746160450366,0.9040790312300828,0.33596124473550143,0.8921114998307189,20,6276,44.867530454748035,44.24262450207349,10.4,False
781,0.3030165667215656,0.8975617479417353,nan,nan,20,6316,45.690926806252186,43.72717212819799,10.25,False
782,0.26192070572097154,0.9132143937103114,nan,nan,20,6614,49.23282033654125,46.717128298037,10.7,False
783,0.278930047432745,0.9072950692176077,nan,nan,20,6429,47.04412148683022,45.52545594696455,10.55,False
784,0.2828780619135495,0.9075725636452083,nan,nan,20,6167,44.26013118389305,42.305560330892995,10.05,False
785,0.3125402663372702,0.8975334957369062,nan,nan,20,6568,48.33279638548249,46.60426769682455,10.7,False
786,0.3557440068716535,0.8854519091348477,nan,nan,20,6207,45.971312967377514,44.000696417331554,10.3,False
787,0.31542405944509194,0.8983906595140423,nan,nan,20,6338,46.342786125137,44.03920622651456,10.3,False
788,0.3122056201615433,0.8974200525258768,nan,nan,20,6473,45.41343177253238,44.91312337617899,10.5,False
789,0.30006499249543717,0.8980597014925373,nan,nan,20,6700,50.52790014838723,48.34018265016104,10.95,False
790,0.3748643436381074,0.8803981377428158,0.3355660331819655,0.8929579054282812,20,6229,44.84221973421958,43.223054254657036,10.2,False
791,0.3025271718195966,0.9022779795311984,nan,nan,20,6058,43.625959820386484,41.320922583438,9.9,False
792,0.3506521068694168,0.8832437713727406,nan,nan,20,6141,43.70515382082595,42.11450197698299,10.05,False
793,0.3153129742545033,0.8995381062355658,nan,nan,20,6062,43.619568261792914,41.62714086012349,9.95,False
794,0.29949489492850423,0.9038492510871315,nan,nan,20,6209,43.60832493426361,42.38766728067349,10.1,False
795,0.3520451574080362,0.8898598516075845,nan,nan,20,6065,42.47921547937468,41.0580769135275,9.9,False
796,0.2965726495067834,0.9009932713873758,nan,nan,20,6242,44.728875959349566,43.14917122764509,10.2,False
797,0.3076725428547328,0.8982267918343019,nan,nan,20,6711,48.40710148395116,48.01143604697699,10.95,False
798,0.28805597939800126,0.908543350768743,nan,nan,20,6309,44.826061532185555,43.969459198382985,10.35,False
799,0.33297767670687656,0.8926509595880793,nan,nan,20,6409,46.460364933676885,45.11832257528029,10.5,False
800,0.3012921363290207,0.9033772527638952,0.3326729479081985,0.8920550727908814,20,6603,49.006249277472946,48.11274650485049,10.95,False
801,0.2864799238585211,0.9030350194552529,nan,nan,20,6425,46.924831058491684,46.026284017912495,10.65,False
802,0.2892494763478099,0.9017396907216495,nan,nan,20,6208,44.96454087976933,42.926564297769104,10.15,False
803,0.3141301042222158,0.8970156177516623,nan,nan,20,6467,49.60361300597547,46.19268910062054,10.6,False
804,0.2861783574001605,0.9102602905569007,nan,nan,20,6608,48.990691503694016,47.8562230634986,10.9,False
805,0.31407099743999317,0.8991583541147132,nan,nan,20,6416,46.483926793356986,45.39102103728153,10.55,False
806,0.32584726716773016,0.8983525023313647,nan,nan,20,6434,45.55683627192398,44.64865566246654,10.45,False
807,0.27349434648519294,0.9065881604073839,nan,nan,20,6284,46.0757390574219,43.70982405753409,10.25,False
808,0.2859335118317944,0.9032529917411091,nan,nan,20,5933,40.895627242043595,39.69183465493449,9.7,False
809,0.28889331838224924,0.9022116903633491,nan,nan,20,6330,45.63658389570837,44.144962832236054,10.35,False
810,0.2931129512237049,0.8995545999078483,0.33196062643672475,0.8949892788624308,20,6511,47.671038483679,46.193750613721235,10.65,False
811,0.33312762715344835,0.8948429363346212,nan,nan,20,5953,42.512292173997224,40.566547173463995,9.8,False
812,0.2952699998701024,0.8962655601659751,nan,nan,20,6266,44.740035601794816,43.95376866857849,10.35,False
813,0.2670091854439896,0.9111415942691663,nan,nan,20,6561,48.27773862900577,46.89506063276455,10.75,False
814,0.2557604151357035,0.9141381536475145,nan,nan,20,6196,45.891227674038625,43.93206293794555,10.3,False
815,0.3148851658285949,0.8937150378413952,nan,nan,20,6078,44.1066143576715,41.470191632326056,9.9,False
816,0.2627259415736471,0.9152215799614644,nan,nan,20,6228,45.189923928845595,43.22843961203055,10.2,False
817,0.2726505030784189,0.9068788020589612,nan,nan,20,6411,47.548256222864595,45.925071232741004,10.6,False
818,0.3013135115819369,0.9024313230186296,nan,nan,20,6334,46.57979536862838,44.65662612871459,10.4,False
819,0.2963442290459931,0.8992747784045125,nan,nan,20,6205,44.48190086151625,43.34794964511154,10.25,False
820,0.27906775219751495,0.9109117128665278,0.3319095399824764,0.8935786028664936,20,6241,44.60445794015936,43.354942584938,10.25,False
821,0.32157059518858816,0.8959537572254336,nan,nan,20,5882,43.11598994821677,40.47744728385705,9.75,False
822,0.3245820044955951,0.890790825059911,nan,nan,20,5842,42.307765759060835,39.1504613733185,9.5,False
823,0.29672674792361287,0.9013015184381779,nan,nan,20,6454,46.763288051788386,45.19187457035055,10.5,False
824,0.32691730003756514,0.8921974522292994,nan,nan,20,6280,45.21430621126917,43.75130975646654,10.3,False
825,0.27449348650499705,0.9048073861827444,nan,nan,20,6282,45.105847751590545,43.552027479787995,10.25,False
826,0.32373780259854024,0.8941463414634147,nan,nan,20,6150,44.01025817427282,42.755453820942535,10.15,False
827,0.32912195071658823,0.89713400464756,nan,nan,20,6455,46.447261357553636,45.37165001283155,10.55,False
828,0.33719055022212785,0.8937040065412919,nan,nan,20,6115,44.72669454132929,42.146307867326044,10.0,False
829,0.2584245421154554,0.9147862232779097,nan,nan,20,6736,48.928951592941665,48.10749695722455,10.95,False
830,0.2922661679904223,0.9046728971962616,0.32768672889006245,0.8949328518225934,20,6420,45.18805017903412,44.092596735288,10.35,False
831,0.3312109530857081,0.8893428063943162,nan,nan,20,5630,41.87773459869332,38.19733836912799,9.35,False
832,0.3438580537130742,0.8923556942277691,nan,nan,20,6410,45.98304354009803,45.02855531087654,10.5,False
833,0.30595241218696956,0.8985845388085238,nan,nan,20,6429,46.18817556309299,45.322660691997484,10.55,False
834,0.2826369722078085,0.9048665620094192,nan,nan,20,6370,46.666968708320624,45.13937909409104,10.5,False
835,0.33739391046960243,0.8922498364944408,nan,nan,20,6116,42.558594355464024,41.90062434369449,10.05,False
836,0.34804655408757584,0.8872180451127819,nan,nan,20,6251,44.462483777545,43.351262090292494,10.25,False
837,0.28341834413257627,0.9082990180551156,nan,nan,20,6314,45.67706902790196,44.14689993468104,10.35,False
838,0.27255328854814603,0.9063016995036848,nan,nan,20,6649,48.620637190471996,47.4982298914055,10.85,False
839,0.3106517649230638,0.8934665641813989,nan,nan,20,6505,47.583056067832764,46.166278411612645,10.65,False
840,0.306385834204305,0.9001125944989545,0.32821391070014183,0.8952149870217808,20,6217,44.88886723058432,43.69803728689299,10.3,False
841,0.3266451004641107,0.8945812807881773,nan,nan,20,6090,47.06222315126174,42.481679597067995,10.0,False
842,0.26110949351421103,0.9138500235811979,nan,nan,20,6361,45.649524144859555,44.67501962674299,10.45,False
843,0.3115630310852339,0.902633679169992,nan,nan,20,6265,45.04284781108791,43.476207350331045,10.25,False
844,0.3387973848036304,0.8927757891311422,nan,nan,20,6146,44.94996549814822,42.924295759487244,10.15,False
845,0.26490310646911547,0.9143304620203602,nan,nan,20,6385,46.04241203035679,44.530112028272,10.4,False
846,0.3059785065718944,0.8972700015780337,nan,nan,20,6337,45.529752456148074,44.40437470856703,10.4,False
847,0.29892951143515734,0.8978884336589978,nan,nan,20,6346,46.28280672219457,44.54832294359104,10.4,False
848,0.33759901576835927,0.8899743754003844,nan,nan,20,6244,45.13190424576524,43.298816483617045,10.2,False
849,0.2961509878962559,0.9041780932408453,nan,nan,20,6199,47.712170007518885,43.93165757196765,10.2,False
850,0.2857626063355332,0.9092022661154494,0.3314061252772976,0.8931836135876312,20,6531,46.11547674475253,45.326341186642985,10.55,False
851,0.2804152658526233,0.9061212028697909,nan,nan,20,6551,46.433760592506495,45.662074899306994,10.6,False
852,0.2867926756497105,0.9047007861382962,nan,nan,20,6233,44.93282711785532,43.4524218846425,10.25,False
853,0.26207217218756235,0.9131028207461328,nan,nan,20,6594,47.60310996335873,46.7264205594265,10.75,False
854,0.30613435096826236,0.9018542199488491,nan,nan,20,6256,44.24435650295623,43.0275384127875,10.2,False
855,0.328502592916984,0.8866516229821212,nan,nan,20,5761,39.835204982202484,38.23454846898449,9.45,False
856,0.2491644922503148,0.9163122980098656,nan,nan,20,5879,44.347531253057554,40.654380653511545,9.7,False
857,0.282452770674107,0.9072653061224489,nan,nan,20,6125,44.75561262486555,42.60277628933105,10.1,False
858,0.2902839389037058,0.9032897999669367,nan,nan,20,6049,43.881119800915414,41.460118463416045,9.9,False
859,0.273446313407059,0.9102499580607281,nan,nan,20,5961,41.99283546735629,40.521900815053996,9.8,False
860,0.27623034944775704,0.9109082323311821,0.3249472706430371,0.8956664033404808,20,6353,45.794010031908044,44.448581538698,10.4,False
861,0.30801014549452244,0.9020061728395061,nan,nan,20,6480,46.464284166900754,45.41080100558104,10.55,False
862,0.3372898753943726,0.8913773796192609,nan,nan,20,6251,44.6000866306012,43.38014644008349,10.25,False
863,0.34648295148225566,0.889030612244898,nan,nan,20,6272,44.85558639725442,43.42487198320249,10.25,False
864,0.3411118116659246,0.8918178705922629,nan,nan,20,5842,41.11093685187584,39.75313079415399,9.7,False
865,0.2989321059421264,0.9037520391517129,nan,nan,20,6130,45.195073855700784,42.5124949827615,10.05,False
866,0.30233015546332886,0.9001201304273211,nan,nan,20,5827,40.32009665357565,38.80544174794449,9.55,False
867,0.31629864431769095,0.8992116246715103,nan,nan,20,6469,46.64515635623323,45.449349344236545,10.55,False
868,0.27656613463083507,0.9027844841461452,nan,nan,20,6213,44.78682968203533,43.423905584316046,10.25,False
869,0.30329717047174376,0.8978058310790502,nan,nan,20,6654,47.559756501433164,46.983895333312496,10.8,False
870,0.3995037191239998,0.8759741336428453,0.32445359924229444,0.8962871007786931,20,6031,43.429271856738474,41.0461576423375,9.85,False
871,0.31271865448367786,0.8908816627556152,nan,nan,20,5966,41.2753559559442,40.30931910064399,9.8,False
872,0.2685618523432198,0.9121128587643911,nan,nan,20,6167,45.92263517301953,43.551541633552496,10.2,False
873,0.2574044105973242,0.9130218687872763,nan,nan,20,6036,43.169973240556125,41.47503978871849,9.95,False
874,0.2961205829996564,0.8960697253741161,nan,nan,20,6081,43.982991842489994,41.718593618887994,9.95,False
875,0.27438917004766783,0.9087745839636914,nan,nan,20,6610,48.35887382577761,47.16133606961055,10.8,False
876,0.29345457994828644,0.8989503368322106,nan,nan,20,6383,46.324777313278744,45.09517226396009,10.5,False
877,0.333395685744355,0.8936721152290015,nan,nan,20,6179,44.66974715335,42.645751531516545,10.1,False
878,0.3001168824524996,0.9002681863895408,nan,nan,20,5966,41.64507943941332,40.119685959053996,9.75,False
879,0.279042293719805,0.9093949044585987,nan,nan,20,6280,44.482400911789966,43.36271251807849,10.25,False
880,0.29162570601191845,0.9000155255395125,0.32201885754630794,0.896738517097393,20,6441,48.078742365084466,45.62333868075349,10.55,False
881,0.34517764087532615,0.889280785155651,nan,nan,20,6521,48.623037447117575,47.204959401438344,10.8,False
882,0.2959521043270329,0.9042151620006291,nan,nan,20,6358,47.371583358372995,44.668133337770094,10.35,False
883,0.26670061241521714,0.9094966907803602,nan,nan,20,6497,46.65790098815532,45.17379925220264,10.5,False
884,0.28232027342275234,0.9075829383886256,nan,nan,20,6330,45.641118534836714,43.910884190362,10.3,False
885,0.2729358813065128,0.9136065823556301,nan,nan,20,6563,47.7846755093269,47.020700279767496,10.8,False
886,0.3146804193271928,0.8985187519697447,nan,nan,20,6346,47.38827040641498,44.658734425527044,10.4,False
887,0.28968925555466335,0.9029468289557976,nan,nan,20,6244,45.46760650383571,43.5905370763946,10.25,False
888,0.3127210626884334,0.8983050847457628,nan,nan,20,6431,47.011962858198444,45.77925022620504,10.6,False
889,0.2884101706259309,0.9045719035743973,nan,nan,20,6015,41.65061455347058,40.1293499479185,9.75,False
890,0.28274965289248044,0.9053511168246826,0.32837456981036106,0.8939171651055186,20,6223,43.908048916029664,42.96979338890204,10.2,False
891,0.30959076435494864,0.9010136205258157,nan,nan,20,6314,46.12231882600981,43.80754250864105,10.25,False
892,0.26756704959097677,0.9093904448105437,nan,nan,20,6677,47.890988899327084,47.06794620840104,10.8,False
893,0.3122676951391203,0.8951678951678952,nan,nan,20,6105,44.33917346453262,42.56538115107349,10.1,False
894,0.29326445705899823,0.9014968614196041,nan,nan,20,6213,45.2527929819876,43.05877563173604,10.15,False
895,0.2755301142868612,0.9059107358262968,nan,nan,20,6632,47.156939536171556,46.35194479786249,10.7,False
896,0.28951715247157794,0.9018654961592726,nan,nan,20,6379,48.01462422438781,46.09915863242559,10.6,False
897,0.2942328510164633,0.9036291552302531,nan,nan,20,6558,47.38816313963466,46.69172705463654,10.75,False
898,0.3012228608190456,0.8999841496275163,nan,nan,20,6309,46.007804215016556,44.54450663919799,10.4,False
899,0.2839513168280321,0.9063462723351817,nan,nan,20,6492,46.2300666284272,45.3695385711665,10.55,False
900,0.3476087672507528,0.8911520286785074,0.3225804490518952,0.8958921114998307,20,6137,44.311550630558635,42.300575972326044,10.05,False
901,0.25613445429546755,0.9168173598553345,nan,nan,20,6083,44.36057352141289,42.51541296906154,10.1,False
902,0.27969848612248566,0.9101968945093645,nan,nan,20,6247,43.13548676786317,42.27510010525849,10.1,False
903,0.25493083342326406,0.9199021207177814,nan,nan,20,6130,43.9417407925722,42.45176384824249,10.1,False
904,0.30585085238881815,0.8973459426479561,nan,nan,20,6556,47.55577626953955,46.448005708110045,10.7,False
905,0.2740590506567976,0.9103437831288808,nan,nan,20,6603,48.06506320948351,47.098959218545495,10.8,False
906,0.32306090851645775,0.8970345963756178,nan,nan,20,6070,42.941393358067856,41.72065519096899,10.0,False
907,0.3144663553070505,0.9010367577756834,nan,nan,20,6366,47.24500146799784,45.27827149173359,10.5,False
908,0.3087466218080248,0.9003322259136213,nan,nan,20,6020,43.748470768127284,41.44851737210654,9.9,False
909,0.2796230290774444,0.9063900414937759,nan,nan,20,6025,41.94257853434874,40.97439408790349,9.9,False
910,0.27185797999211603,0.9087072065030483,0.31961341826994577,0.897302787495768,20,6397,45.845192945205305,44.963875460237986,10.5,False
911,0.3004466368044628,0.8990320427236315,nan,nan,20,5992,42.63220033084061,40.93534292314449,9.85,False
912,0.3161157777508152,0.89971572962729,nan,nan,20,6332,45.25515321474865,44.32824443014249,10.4,False
913,0.2921069663009908,0.9090762012619317,nan,nan,20,6181,44.61482735410824,42.70197746082799,10.1,False
914,0.27560113955787785,0.9077165354330708,nan,nan,20,6350,45.291910119003916,44.33366831698849,10.4,False
915,0.26781481312863237,0.9077203445990722,nan,nan,20,6036,41.965825169635245,40.687690590458494,9.85,False
916,0.27281520996873776,0.9071475195822454,nan,nan,20,6128,44.86341260648644,42.432787306292994,10.05,False
917,0.2824979939516389,0.9044407894736842,nan,nan,20,6080,44.44730315632436,42.08157805828104,10.0,False
918,0.2658648083744661,0.9077246768860836,nan,nan,20,6654,48.330214395191085,47.43874147531955,10.85,False
919,0.3039894114106392,0.8996875,nan,nan,20,6400,47.92249714585422,45.50064657431954,10.5,False
920,0.3110465375299568,0.8974530831099196,0.31933502211028303,0.8972463604559305,20,5968,42.88319415710376,40.954704883572994,9.85,False
921,0.3019126201227582,0.8962866023229183,nan,nan,20,6113,46.19833440374416,42.34918155363398,10.0,False
922,0.28420748250409505,0.9094424750241702,nan,nan,20,6206,43.845890400216874,42.420791732482996,10.1,False
923,0.2996822959461293,0.8983966244725738,nan,nan,20,5925,40.8163346059343,39.4352399473445,9.65,False
924,0.285445568732418,0.9000491561527117,nan,nan,20,6103,42.62793488719618,41.896943849048995,10.05,False
925,0.2906250404626392,0.9041738314835079,nan,nan,20,6397,46.4459302533763,45.11785573359104,10.5,False
926,0.31520762303932764,0.8939592908732764,nan,nan,20,6092,44.062974343651675,41.923988769097,10.0,False
927,0.3167448527847762,0.8971101937122896,nan,nan,20,6298,45.748673425177714,43.92169322200509,10.3,False
928,0.27330605719530754,0.9084539223153084,nan,nan,20,6565,47.22205973844631,46.12602542280554,10.65,False
929,0.2735304974428048,0.9114631873252563,nan,nan,20,6438,47.55852062439048,45.86366915075814,10.6,False
930,0.26911365248450636,0.9115667553607764,0.31942320447476075,0.896738517097393,20,6389,45.404505623916265,44.37088220729301,10.4,False
931,0.30874233060813355,0.8950457448644916,nan,nan,20,5793,41.585540614939305,38.98144509289655,9.5,False
932,0.3165834828320602,0.8947539386064642,nan,nan,20,6157,45.280062700628285,43.03802926455009,10.15,False
933,0.273284980149195,0.9093163850565804,nan,nan,20,6451,49.997568045436864,46.58035868217105,10.65,False
934,0.2893191234729063,0.906453614644741,nan,nan,20,6446,48.60410408141135,45.89331988280425,10.55,False
935,0.30324308007458867,0.8988001263024945,nan,nan,20,6334,46.31308653510474,45.099261702455095,10.5,False
936,0.3188918684675122,0.8988004730528806,nan,nan,20,5919,44.44852421282417,41.130732116798,9.8,False
937,0.26934872128456505,0.9055484284797948,nan,nan,20,6236,43.94899490477381,42.727081487983,10.15,False
938,0.2815626010752676,0.9043422528440955,nan,nan,20,6241,45.60214220525811,43.424330415050086,10.2,False
939,0.2628399675353632,0.9095728094792641,nan,nan,20,6414,45.487788345722095,44.648655662466545,10.45,False
940,0.2639055678605692,0.9085106382978724,0.3183170153895319,0.8971335063762556,20,6110,44.11759447434183,42.51254820977899,10.1,False
941,0.25755428833884697,0.9133966891477621,nan,nan,20,6524,48.32235849560907,46.65921207978409,10.7,False
942,0.2606056984682126,0.9156905055487053,nan,nan,20,6488,47.410957912322814,46.41451320683599,10.7,False
943,0.29394522331435907,0.9046138743455497,nan,nan,20,6112,44.12009356466832,42.24607191480705,10.05,False
944,0.3016672915169645,0.900613303978613,nan,nan,20,6359,44.679604360769744,43.93633474657349,10.35,False
945,0.30225419571213996,0.8938379102478232,nan,nan,20,5972,41.901946868793374,40.224308649532034,9.75,False
946,0.3032571075897524,0.8957316112773666,nan,nan,20,6349,45.29406631028339,44.337757755483494,10.4,False
947,0.3199759371069064,0.8977254131893307,nan,nan,20,6111,44.344612631812026,41.96039723133675,10.0,False
948,0.28573883050298254,0.904017508206972,nan,nan,20,6397,46.50368228072418,45.128996009752235,10.5,False
949,0.30207708928335647,0.9054849705608925,nan,nan,20,6454,49.62882036921719,46.23195010165704,10.6,False
950,0.2683817840041629,0.9115773115773116,0.32101940529541,0.8965128089380431,20,6435,46.27956865489036,45.08688361783154,10.5,False
951,0.26190267683871105,0.9125195618153364,nan,nan,20,6390,47.10042179972106,44.99647986430314,10.45,False
952,0.2746118748386139,0.9054467564259486,nan,nan,20,6536,47.39169275668993,46.41662464850104,10.7,False
953,0.2920384710042089,0.9033207917552757,nan,nan,20,6113,43.48887138795813,42.348709998168495,10.1,False
954,0.3065359195296433,0.8947636858211493,nan,nan,20,5882,41.808707081564236,39.989741642903496,9.7,False
955,0.25112097033101954,0.916060606060606,nan,nan,20,6600,47.994123252204815,47.07838719057959,10.8,False
956,0.2763267550867901,0.9076624007775798,nan,nan,20,6173,44.48845021411663,42.602186097528495,10.1,False
957,0.2617047975507675,0.9117602542757681,nan,nan,20,6607,48.684152763404185,47.0265593043505,10.75,False
958,0.2846584508731574,0.9053766955384867,nan,nan,20,6119,42.53661777744004,41.61176851019948,10.0,False
959,0.26136948587065584,0.908466104342393,nan,nan,20,6402,48.361650251491824,45.632692630430746,10.5,False
960,0.3161174510983847,0.8921362829000484,0.32150532221662287,0.8960049655795057,20,6193,46.18519760664339,43.07233435633449,10.15,False
961,0.27711646483940744,0.9084077031470174,nan,nan,20,6387,46.83974466763853,44.9752298504815,10.45,False
962,0.28938210301787554,0.9075669747767507,nan,nan,20,6383,46.6369590085432,44.3972142523836,10.35,False
963,0.25570789662467,0.9171380522855832,nan,nan,20,6541,47.76779981046362,46.75797595825555,10.75,False
964,0.25544788873905205,0.9102902374670184,nan,nan,20,6443,46.32574355657318,45.107823695262006,10.5,False
965,0.3088220596779209,0.9053950787100719,nan,nan,20,6543,47.571656578458494,46.44008511144604,10.7,False
966,0.30409911557825486,0.9029334971586546,nan,nan,20,6511,47.69674711216122,46.21760756088149,10.65,False
967,0.27964600298954545,0.909255079006772,nan,nan,20,6645,48.55396717660554,47.191940135905504,10.8,False
968,0.28711229981400516,0.9038175508180466,nan,nan,20,6051,42.737299071390304,41.395188121263494,9.95,False
969,0.2912384374184556,0.9064272211720227,nan,nan,20,6348,46.95911347755645,44.95417333167074,10.45,False
970,0.2879292163233767,0.9047545538746526,0.312458923117004,0.8986006094120302,20,6478,47.95425073072688,46.532424632663144,10.7,False
971,0.2578584884563928,0.9144144144144144,nan,nan,20,6438,46.149196862136755,45.06361686513104,10.5,False
972,0.27674010046345765,0.9046007078012002,nan,nan,20,6499,49.575180508070375,47.030779042827994,10.75,False
973,0.2700680462221752,0.9076200417536534,nan,nan,20,5748,41.11048032767208,38.509858556108995,9.45,False
974,0.30559339952220277,0.8964980544747082,nan,nan,20,6425,46.809226752719574,44.968236910655044,10.45,False
975,0.2502766173790093,0.9112279616455304,nan,nan,20,6466,47.00415645369491,45.29888204917199,10.5,False
976,0.2582067897563217,0.9137404580152672,nan,nan,20,6550,48.11431247084874,46.8402834411436,10.75,False
977,0.27951084061197395,0.9093980343980343,nan,nan,20,6512,48.2290840219068,46.10290733191379,10.6,False
978,0.30647496924722967,0.8951248115262188,nan,nan,20,5969,43.68217256983609,41.1197675352475,9.85,False
979,0.2559705631161529,0.9139784946236559,nan,nan,20,5952,41.72859571746933,39.927164169908494,9.7,False
980,0.25765317007526534,0.9115890083632019,0.3110703235083678,0.8984877553323553,20,6696,51.885263866647016,48.70500124572359,10.95,False
981,0.29769582401061373,0.8993277586489589,nan,nan,20,6099,43.429350913058656,42.0794404227285,10.05,False
982,0.3368779321617025,0.898431182273977,nan,nan,20,6183,44.4834615602572,42.59073566974249,10.1,False
983,0.3128172823789451,0.8991423670668953,nan,nan,20,5830,41.656187546615776,39.41418231196349,9.6,False
984,0.28621025752380075,0.9051792828685259,nan,nan,20,6275,46.59336309608362,43.90956562889555,10.25,False
985,0.2669139417658607,0.9103835978835979,nan,nan,20,6048,43.05458201639231,41.47375077857299,9.95,False
986,0.3023335780766175,0.8983022356698604,nan,nan,20,5949,41.283221684838836,40.300389058372545,9.8,False
987,0.3381348394586181,0.8842423278740659,nan,nan,20,6289,46.71212095955583,43.9873848005741,10.25,False
988,0.27833188831206707,0.9075524913820119,nan,nan,20,6382,45.29344344227923,44.601409733832995,10.45,False
989,0.29821917120625496,0.899641577060932,nan,nan,20,6138,44.62484217223717,43.37063311474249,10.25,False
990,0.25894737328743483,0.9114743486000971,0.3124182723994826,0.8989391716510552,20,6179,44.052874733493105,42.7307619826285,10.15,False
991,0.27648949300688985,0.9068415808701428,nan,nan,20,6022,42.46234602017678,40.84930498720449,9.85,False
992,0.3032894837519636,0.9018754186202277,nan,nan,20,5972,43.137861898029314,41.47730189390705,9.95,False
993,0.2623569249725782,0.9155203107298916,nan,nan,20,6179,43.96985522355337,42.709238622128495,10.15,False
994,0.2526860966338777,0.915219450584149,nan,nan,20,6334,46.38618871656674,44.55293109507409,10.4,False
995,0.2947039440813956,0.9024146544546211,nan,nan,20,6005,42.82388891682196,41.150610384137536,9.9,False
996,0.2865797285977807,0.9052385719052386,nan,nan,20,5994,44.34439129205854,41.001632632326036,9.8,False
997,0.3063806556191241,0.8967711890717168,nan,nan,20,6442,47.70170016097708,45.97599765602005,10.6,False
998,0.26783465834049686,0.9094321148825065,nan,nan,20,6128,44.34924463307017,42.38174056772399,10.05,False
999,0.27550395381589493,0.9063612443894135,nan,nan,20,6461,46.0943988142084,45.32072358955249,10.55,False
1000,0.26887479348783117,0.9121217025408642,0.3118213871480272,0.8976977767746304,20,6179,44.769888664539685,42.940958908695094,10.15,True
