round,train_loss,train_accuracy,test_loss,test_accuracy,num_fit_clients,num_fit_examples,tau_eff,mean_local_normalizer,mean_local_steps,run_completed
1,4.017379173244538,0.05676578152329464,nan,nan,20,6289,47.07844154327323,44.52879346680554,10.35,False
2,3.7978509182360343,0.057198888707305114,nan,nan,20,6119,43.69661677082674,42.67652311416849,10.15,False
3,3.771009324314794,0.057955080885817495,nan,nan,20,6367,44.859806547018,43.97313969302849,10.35,False
4,3.767616175741038,0.05589430894308943,nan,nan,20,5904,41.93982339095177,40.43798574971301,9.8,False
5,3.749142595208417,0.058381984987489574,nan,nan,20,5995,42.010863534946274,40.732265470053996,9.85,False
6,3.7281845776185993,0.05504290108466893,nan,nan,20,6177,44.24071545947122,42.57330174773749,10.1,False
7,3.7496603060297558,0.0572255264426941,nan,nan,20,6221,44.49537212395365,42.88528057914249,10.15,False
8,3.733009372388211,0.06473398122220392,nan,nan,20,6071,42.181071505763654,41.021121303548995,9.9,False
9,3.716372979682365,0.06760262475202197,nan,nan,20,6553,47.410437377909155,46.39744733429554,10.7,False
10,3.7262577109437567,0.05891694457678259,3.722907223102538,0.10489786705789414,20,6297,46.65625789101745,44.64625662535054,10.4,False
11,3.721551821691895,0.06595845885524021,nan,nan,20,6307,45.391209557686466,44.05922646278674,10.35,False
12,3.7179550454340267,0.06422440220723483,nan,nan,20,6524,46.396487203439655,45.9232301678385,10.65,False
13,3.733261990138967,0.05614684559617461,nan,nan,20,6483,45.93137937836489,45.291279632388495,10.55,False
14,3.708249783877985,0.06059239212148549,nan,nan,20,6651,49.245119897650255,47.90426105179855,10.9,False
15,3.7347939039710143,0.05618658185673179,nan,nan,20,6603,47.47834192951908,46.69172705463654,10.75,False
16,3.7216748543699527,0.055846422338568937,nan,nan,20,6303,46.440284640141506,44.310277091994784,10.35,False
17,3.7029361910580842,0.06175548589341693,nan,nan,20,6380,45.90741265505133,44.46601546070299,10.4,False
18,3.712553007000258,0.057151731635347106,nan,nan,20,6439,44.9926603479935,44.536904222414485,10.45,False
19,3.7121735663331643,0.06639201394390747,nan,nan,20,6311,45.564763881307975,43.92493418837154,10.3,False
20,3.697160541447234,0.06245450575047314,3.704185870549114,0.07064665387653764,20,6869,51.37635910806952,50.286882248449196,11.25,False
21,3.682716085721622,0.06859479103573592,nan,nan,20,6604,48.17058471791091,46.8559739709481,10.75,False
22,3.6815610259360696,0.07292150487691593,nan,nan,20,6459,46.94503783600505,45.7783225693675,10.6,False
23,3.706869604304931,0.06854103343465046,nan,nan,20,6580,46.89982809735822,46.012997432242244,10.65,False
24,3.6959138734859622,0.07429022082018927,nan,nan,20,6340,44.50273568536682,43.374313609388,10.25,False
25,3.6917409020068517,0.06809583858764187,nan,nan,20,6344,45.793922926749424,44.232792996852005,10.35,False
26,3.672597858397468,0.07350879925245289,nan,nan,20,6421,46.66158759753835,45.41908965170959,10.55,False
27,3.6903505279342403,0.07391933151213241,nan,nan,20,6223,44.26685452461447,42.7989479886925,10.15,False
28,3.6597539698730284,0.06846043623626812,nan,nan,20,6281,44.3589925626797,43.34002904844753,10.25,False
29,3.6791299835637314,0.06889285135354191,nan,nan,20,6169,44.38273336631059,42.805299532376054,10.15,False
30,3.6764228543000046,0.0648403306856865,3.656123106426639,0.10252793138471956,20,6169,42.970974632783225,41.71697469632348,10.0,False
31,3.641326741893689,0.08378170637970792,nan,nan,20,6505,48.145961114369776,46.07146837446505,10.6,False
32,3.6429201100924242,0.07234805279452501,nan,nan,20,6137,44.26816951295588,42.305969274742495,10.05,False
33,3.640603567970756,0.0846869578930768,nan,nan,20,6341,45.10430231577794,43.5226550014385,10.25,False
34,3.640774766300228,0.08457040035987404,nan,nan,20,6669,49.13257391882419,47.63180841048905,10.85,False
35,3.599562258807418,0.08837445082798243,nan,nan,20,5918,42.342231928016844,40.52902956462799,9.8,False
36,3.569370935498076,0.11120051496620534,nan,nan,20,6214,44.17331789763502,42.74488345945254,10.15,False
37,3.548175631421904,0.1106145251396648,nan,nan,20,6265,44.720476155005784,43.427392368717044,10.25,False
38,3.515888357751808,0.11530037546933668,nan,nan,20,6392,46.152565932220114,44.30814628196249,10.35,False
39,3.478452403544992,0.12965674312672848,nan,nan,20,6147,43.44487690420347,42.329338973718485,10.1,False
40,3.457470954232754,0.15105312794718642,3.41283101169671,0.15957566866042208,20,6362,46.7829825522167,44.908403881652646,10.45,False
41,3.421004046261718,0.13113735239279056,nan,nan,20,6436,47.671960303157746,45.42843546069359,10.5,False
42,3.3519832058061163,0.15993511759935117,nan,nan,20,6165,44.23193665187601,42.783257458887995,10.15,False
43,3.2863327251888315,0.17279752704791346,nan,nan,20,6470,49.01751246089259,46.38023447624204,10.65,False
44,3.2571387717899825,0.16848427374743163,nan,nan,20,6327,46.05773399709892,44.043678568250044,10.3,False
45,3.1599359978438035,0.21373785580364751,nan,nan,20,5867,40.222267949566536,38.75871453229899,9.55,False
46,3.0622171969548893,0.24057925879788228,nan,nan,20,6422,44.62114818058705,44.19380952045949,10.4,False
47,2.9636379089261693,0.24192289683159046,nan,nan,20,6407,47.66586455601199,45.673797339015046,10.55,False
48,2.8928639914333183,0.27786805329866754,nan,nan,20,6154,44.07980482906019,42.47212709961154,10.1,False
49,2.835212576025533,0.28646748681898065,nan,nan,20,6259,46.46652451970676,43.69235176261559,10.2,False
50,2.6580545093629744,0.3153069153069153,2.731865877061729,0.30273106872813454,20,6435,48.00030032928879,46.31786077002958,10.65,False
51,2.7057742737945247,0.31118367346938774,nan,nan,20,6125,44.840474365769076,42.933830371697496,10.15,False
52,2.5236575008528326,0.35131017672151127,nan,nan,20,6564,48.11855530028123,46.812040487495494,10.75,False
53,2.4520267067355146,0.37565716106420266,nan,nan,20,6277,46.318349706483275,44.29084816970504,10.35,False
54,2.344635020493711,0.4062303335431089,nan,nan,20,6356,45.67746890371058,44.669770079117036,10.45,False
55,2.248854250150581,0.4197623702812453,nan,nan,20,6649,49.109974541976484,48.15999243348404,10.95,False
56,2.2172154949332743,0.4232466149399057,nan,nan,20,6573,47.42911203864963,46.426891291459555,10.7,False
57,2.28747391886106,0.4178231065039291,nan,nan,20,5981,44.07680483315364,40.932992719846744,9.8,False
58,2.171545573988602,0.4361254094525035,nan,nan,20,6411,46.18783110463899,45.340094614002496,10.55,False
59,2.13132026935215,0.4464202152550304,nan,nan,20,6411,45.06166640708829,44.29686337053349,10.4,False
60,2.1427166448822628,0.44824950313407735,2.1080165240312856,0.4586954068389572,20,6541,46.266500653559746,45.613259917693,10.6,False
61,2.090788748898324,0.4484076433121019,nan,nan,20,6280,45.70629168518679,43.887220953446246,10.3,False
62,1.8497476087803821,0.5228915662650603,nan,nan,20,6225,46.71780651784906,43.90438041220264,10.25,False
63,1.9033757017223558,0.49952305246422896,nan,nan,20,6290,45.37399261322396,43.55216328953555,10.25,False
64,1.9661531886105583,0.4932421429734571,nan,nan,20,6141,43.91340393617444,41.95721608131204,10.0,False
65,1.8976130507677627,0.49959967974379504,nan,nan,20,6245,44.94319768244851,43.47476767666204,10.25,False
66,1.704763163379489,0.5536182687856812,nan,nan,20,6481,47.00888497958023,45.562973555800546,10.55,False
67,1.7792672458110976,0.530370136032901,nan,nan,20,6322,47.017903626882074,44.77076235711005,10.4,False
68,1.7805718804077255,0.5298447751640263,nan,nan,20,6249,46.46764710563701,43.54618661817959,10.2,False
69,1.7035084123918367,0.5521858364252299,nan,nan,20,6199,43.42397406205012,42.05249317538251,10.05,False
70,1.7103154700500924,0.5458929165281011,1.7453384560314988,0.5359440243764813,20,6014,42.32730689788816,41.036402889504004,9.9,False
71,1.7542351506596237,0.5336918696614995,nan,nan,20,6322,44.41891969664073,43.88751976495949,10.35,False
72,1.597022896439987,0.5777354295696363,nan,nan,20,6297,45.577350401077375,44.40594376154749,10.4,False
73,1.5850823712619453,0.5639374425022999,nan,nan,20,6522,48.992721580293804,46.35503062109654,10.65,False
74,1.5811420283938145,0.5785793739075162,nan,nan,20,6293,45.074791442923384,43.47814445277605,10.25,False
75,1.494401072280974,0.6051169836727823,nan,nan,20,5941,44.30285547202236,41.14721449369249,9.8,False
76,1.6067698106466293,0.5704982090524259,nan,nan,20,6142,43.51247000401352,42.36089437254755,10.1,False
77,1.4645728227414265,0.6039668346610307,nan,nan,20,6151,43.432642966060996,42.060263108522996,10.05,False
78,1.5180468502054212,0.5934010998166972,nan,nan,20,6001,42.97567402053139,40.77638511408754,9.8,False
79,1.4412712578519113,0.6077772443590974,nan,nan,20,6249,45.43805172446408,43.61242869893554,10.25,False
80,1.450805216959422,0.6087667648020936,1.552499920301305,0.5777564608960614,20,6114,46.3537244663471,42.1035287680341,9.9,False
81,1.4594532147866306,0.5930742968622988,nan,nan,20,6151,45.376423983491165,43.055095137090554,10.15,False
82,1.4922414884799196,0.5917919270393515,nan,nan,20,5921,43.40630620057519,40.314746777938,9.7,False
83,1.4874236845143485,0.5952718676122931,nan,nan,20,6345,46.01320964737037,44.54320277527654,10.4,False
84,1.3356112618272136,0.6385581471211874,nan,nan,20,6131,44.00907963062085,42.70555812748299,10.15,False
85,1.2294836980354276,0.6688614099887586,nan,nan,20,6227,45.314002151623725,43.53873486491959,10.25,False
86,1.38493432585963,0.6420178599404669,nan,nan,20,6383,48.04168474808939,45.49914185227213,10.5,False
87,1.4084280482657014,0.6092925026399155,nan,nan,20,6629,48.748648449785414,47.517910852246686,10.85,False
88,1.4072367731138524,0.6266793108898372,nan,nan,20,6327,45.22753666572448,44.316234394983496,10.4,False
89,1.406011110870754,0.6010705289672544,nan,nan,20,6352,45.36472908283322,43.87243871211204,10.3,False
90,1.2626556886260787,0.6489028213166145,1.3008677524632948,0.640221193996163,20,6380,45.11008475540577,44.0219546746425,10.35,False
91,1.2432593417678368,0.6659687550330166,nan,nan,20,6209,46.49474657914867,43.456090200262,10.15,False
92,1.156869215958487,0.6813152070818843,nan,nan,20,6326,46.50837539968991,44.64424804409104,10.4,False
93,1.1703304749908618,0.6711805002389677,nan,nan,20,6277,44.30576068549253,43.32416417942299,10.25,False
94,1.1074142143982904,0.6970091027308193,nan,nan,20,6152,45.384351154869904,42.770184987300055,10.1,False
95,1.228207241236998,0.6544177690674506,nan,nan,20,6123,43.11308941940235,40.9973426607235,9.85,False
96,1.113654823243141,0.6975984316288188,nan,nan,20,6121,42.98527841394462,41.71379163045399,10.0,False
97,1.1787882068850575,0.6797822706065318,nan,nan,20,6430,46.996098745275255,45.503413873476504,10.55,False
98,1.164214999335288,0.6869344340371487,nan,nan,20,6299,45.77415825863806,43.45447366619674,10.2,False
99,1.1645492106659603,0.677159126858589,nan,nan,20,6322,45.7396802466852,44.137560948560086,10.35,False
100,1.0882457665188376,0.6999179655455291,1.1733267565045853,0.6702403791897077,20,6095,42.95703662379233,41.974643180453995,10.05,False
101,1.046074482007087,0.697394484229773,nan,nan,20,6563,48.045901779340035,46.81299182002959,10.75,False
102,1.0259587505507854,0.7148387096774194,nan,nan,20,6200,44.966128017275835,42.994095781097485,10.15,False
103,1.2280620369937834,0.6681933038534428,nan,nan,20,6332,45.07201577323255,44.0025836501925,10.35,False
104,1.1881387883083199,0.672639225181598,nan,nan,20,6195,44.815857159488466,43.180487956321045,10.2,False
105,1.1555411674724043,0.681214109926169,nan,nan,20,6095,44.09153592166385,42.244328522606544,10.05,False
106,1.1048171542504681,0.6987017099430018,nan,nan,20,6316,45.05909084698039,43.753182527978495,10.3,False
107,0.9564913754451779,0.724341580207502,nan,nan,20,6265,45.288150174250504,43.53309598361705,10.25,False
108,1.0233343010799651,0.7122013788680456,nan,nan,20,6237,44.33850426726528,43.0370517381285,10.2,False
109,1.0474395755265562,0.709729381443299,nan,nan,20,6208,43.72832400380503,42.392275432156545,10.1,False
110,1.0170243467610227,0.7230670721946534,1.0737584447796142,0.691569800248279,20,6247,45.042458432461636,43.47179290909249,10.25,False
111,1.1298035445511965,0.6788206559665039,nan,nan,20,5732,41.64906981378072,38.36991206861364,9.4,False
112,1.0522986046509697,0.7088650672111622,nan,nan,20,5877,41.311684807303806,39.58172342165899,9.65,False
113,1.0226587568639134,0.7187257187257188,nan,nan,20,6435,45.85538787212111,45.000680406692986,10.5,False
114,1.0176285141746488,0.7137242056993122,nan,nan,20,6106,44.27081598657194,42.763886434438,10.15,False
115,1.0901300519485315,0.692929292929293,nan,nan,20,5940,43.123910368792096,41.201233088885104,9.9,False
116,0.8761251462515788,0.7511298114383669,nan,nan,20,6417,45.98610588592835,44.723834608356995,10.45,False
117,0.9814555562505727,0.7184970215365817,nan,nan,20,6547,47.62755701521756,46.73593388476749,10.75,False
118,0.8956414602655005,0.751004016064257,nan,nan,20,6225,45.16838318505097,43.27692507365249,10.2,False
119,0.8234903336502883,0.7647916059457884,nan,nan,20,6862,50.484893689447794,49.8179146296181,11.2,False
120,0.9264074794081298,0.7237123580714169,0.9947809233190298,0.7185983523304368,20,6077,41.71909603994984,40.633042778149,9.85,False
121,0.773651542864351,0.7785314066647007,nan,nan,20,6782,50.09837828945947,48.632640546960644,11.0,False
122,0.8799284201489703,0.7528753026634383,nan,nan,20,6608,48.118759214751314,47.102639713190996,10.8,False
123,0.9537226615269115,0.734217676202653,nan,nan,20,6257,45.39787322552777,43.784434208276046,10.3,False
124,0.9551240696037238,0.7278831626657714,nan,nan,20,5957,42.09630537809282,40.48099157632805,9.8,False
125,0.9711784042728794,0.7221774842969882,nan,nan,20,6209,44.353029591017446,42.850147546073494,10.15,False
126,0.9608582696728217,0.7335423197492164,nan,nan,20,6061,42.65379506814516,41.385330422154496,9.95,False
127,0.9407225603167151,0.7308491923876539,nan,nan,20,6253,44.8802404547949,43.969459198383,10.35,False
128,0.8616145058550045,0.7515619861887537,nan,nan,20,6082,43.47573941057456,42.07360759203299,10.05,False
129,0.9121800926054121,0.7429293727287091,nan,nan,20,6329,45.171687625816986,44.00258365019249,10.35,False
130,0.7945927594425456,0.7783096484667166,0.9325704621671352,0.7297709062182598,20,6685,49.83329452561288,48.58078646684405,11.0,False
131,0.817282187104305,0.7642330877427997,nan,nan,20,5972,44.599350943830714,41.1646484156975,9.8,False
132,0.8558003744691982,0.7542427153378162,nan,nan,20,6246,45.47630742533197,43.862069208748,10.3,False
133,0.8860170437247206,0.7515151515151515,nan,nan,20,5775,44.59529347864158,39.9459816597565,9.55,False
134,0.7444086887148034,0.7834708121827412,nan,nan,20,6304,45.54760189160557,43.88150456413105,10.3,False
135,0.7791913804239811,0.7769369962164829,nan,nan,20,6079,43.61271428240772,41.316833144943004,9.9,False
136,0.9454121587993245,0.7284844495639295,nan,nan,20,6077,44.81039799696771,41.8707661691075,9.95,False
137,0.9569655861233796,0.7267301177609292,nan,nan,20,6199,44.15048945814864,43.0370517381285,10.2,False
138,0.8099568249240094,0.7657304252314452,nan,nan,20,6373,45.35596037553204,44.36311227415249,10.4,False
139,0.8265075355032426,0.7583671019060483,nan,nan,20,6663,48.88655646490335,47.55498914538004,10.85,False
140,0.861239731747363,0.7554400779473855,0.8478791336350806,0.7505360568784561,20,6158,43.964015896378996,42.69856518765655,10.15,False
141,0.7255438409701469,0.7892845985629491,nan,nan,20,6402,46.17876980796957,45.06011070970559,10.5,False
142,0.7072693055364382,0.790345258553351,nan,nan,20,6401,45.87603651824913,44.73270653755509,10.45,False
143,0.7836109809116287,0.7731927250496714,nan,nan,20,6543,47.874182467558505,46.77540988026055,10.75,False
144,0.7567556731603338,0.7786248131539611,nan,nan,20,6690,49.071863104362684,48.41746720737005,11.0,False
145,0.8101693109424201,0.7726634420346388,nan,nan,20,6409,46.19260421401295,45.06167976268604,10.5,False
146,0.7739227810168061,0.7744061302681993,nan,nan,20,6525,47.32781417153028,46.128371469100045,10.65,False
147,0.7940126288826905,0.772181875592043,nan,nan,20,6334,46.2346413579299,44.31049232825699,10.35,False
148,0.9028868662108064,0.7369190770230745,nan,nan,20,6154,44.91770060869517,42.49197179127104,10.05,False
149,0.7654050693330099,0.7814276689829438,nan,nan,20,6332,45.21743108811463,43.765063183826044,10.3,False
150,0.8332136714424919,0.7670915411355735,0.7971087177697644,0.7683105744272656,20,6041,41.6282226271786,40.62742518105849,9.85,False
151,0.8357361855375034,0.7569563723806252,nan,nan,20,5822,40.64515540233748,39.137583450889494,9.6,False
152,0.7690460135074633,0.7745321770880876,nan,nan,20,6573,47.867556915385386,46.781436421200546,10.75,False
153,0.750657252992671,0.7796473062611228,nan,nan,20,6181,44.46034599061738,43.0858667197425,10.2,False
154,0.6968853563257994,0.7871748732210044,nan,nan,20,6113,44.38600111096663,42.281910674951995,10.05,False
155,0.744216390857084,0.7869188337273444,nan,nan,20,6345,45.1892965550038,44.048901921988495,10.35,False
156,0.6725199828662959,0.8091102736359168,nan,nan,20,6103,44.80798018950264,42.339124310981546,10.05,False
157,0.7241595910532952,0.7874676017685622,nan,nan,20,6559,47.15153445990134,46.34688896048104,10.7,False
158,0.66429644633186,0.7996887159533074,nan,nan,20,6425,48.05240023172727,45.96497960863165,10.6,False
159,0.7605498131180619,0.7799382716049382,nan,nan,20,6480,47.621726751787534,45.91844634237909,10.6,False
160,0.8936665570671458,0.7480796363066311,0.7815019775897974,0.7773953278411014,20,6379,45.6430651424374,44.67308252429799,10.45,False
161,0.7503037407465053,0.7787864309603441,nan,nan,20,6279,45.6041419023858,44.13692579419174,10.35,False
162,0.7177706979605551,0.7798880786840766,nan,nan,20,5897,42.53191296571981,39.894096499368494,9.65,False
163,0.7162052967506854,0.7887126865671642,nan,nan,20,6432,46.26326968507345,44.819434703456245,10.45,False
164,0.7146122359916882,0.7897165458141068,nan,nan,20,6068,43.09896230697165,41.49312180302299,9.95,False
165,0.6780440260796275,0.7937646141855027,nan,nan,20,6415,47.79715812747671,46.4814982093841,10.7,False
166,0.7433067614905045,0.7757556575407502,nan,nan,20,6319,46.32658772045409,44.804204988800045,10.45,False
167,0.7341100820613315,0.7873400897158996,nan,nan,20,6019,41.86934709879823,40.680288706782534,9.85,False
168,0.7142185678035069,0.7995488237189816,nan,nan,20,6206,44.5715035664885,42.83459282601655,10.15,False
169,0.6289216552902035,0.8068306438978536,nan,nan,20,6383,46.07514373956573,44.7664723855075,10.45,False
170,0.6734350193393418,0.8034682080924855,0.7364581695004949,0.7821916262272881,20,6055,44.871556336791926,41.73502967782604,9.9,False
171,0.6712194523227751,0.7999690354544047,nan,nan,20,6459,47.1224313639124,46.071786554345536,10.65,False
172,0.738445541148289,0.7860603219253008,nan,nan,20,6399,48.30566551493992,45.163708713287036,10.45,False
173,0.5923920794011186,0.8210886377156454,nan,nan,20,6724,50.11876219737096,49.178971154341646,11.1,False
174,0.6599024532125689,0.8082280531260123,nan,nan,20,6174,43.587050768976866,42.35721387790204,10.1,False
175,0.6789552637548849,0.7994181347987717,nan,nan,20,6187,43.82162475791251,43.232517710413994,10.25,False
176,0.6376426286671473,0.8095317725752509,nan,nan,20,5980,43.21688706494144,40.82787239067349,9.8,False
177,0.6789503063381154,0.8050283860502838,nan,nan,20,6165,43.293688311507104,41.614171337763494,9.95,False
178,0.642991321486219,0.8128972252363974,nan,nan,20,6451,47.429222702650684,45.343138619523344,10.5,False
179,0.6197936082153818,0.8167879820350008,nan,nan,20,6457,46.53575232773202,45.956354619647996,10.65,False
180,0.6562104146688108,0.8011898859692613,0.6900803424370046,0.7963548132264981,20,6051,43.997735430849694,41.5026919096335,9.9,False
181,0.6710446558579841,0.80249343832021,nan,nan,20,6096,44.22669392453627,41.51023754514749,9.9,False
182,0.7668634153985232,0.7731941683233929,nan,nan,20,6036,42.52574408593945,41.340755542558995,9.95,False
183,0.6175204973609884,0.8162953921269454,nan,nan,20,6554,48.605115260892916,46.94585767673214,10.75,False
184,0.6418829170459044,0.8235573874445149,nan,nan,20,6308,46.02262243317197,44.46847127613604,10.4,False
185,0.648246530662066,0.8117379287920663,nan,nan,20,6151,44.25384808736875,42.30381693869249,10.05,False
186,0.59164676127544,0.8191076624636275,nan,nan,20,6186,45.100535178012244,42.981076300331054,10.15,False
187,0.6021960378360767,0.8219641993226899,nan,nan,20,6201,46.56324666107345,43.899044103880996,10.25,False
188,0.6386521207265246,0.8112331734488628,nan,nan,20,6463,48.59921086969784,45.7464762176585,10.55,False
189,0.6085798435879772,0.8188824662813102,nan,nan,20,6228,44.90414355421799,43.156164167471545,10.2,False
190,0.7295356895942745,0.792711467736543,0.6850119034830435,0.7964676673061731,20,5982,42.938125954932254,40.47930496539705,9.75,False
191,0.6288784518658281,0.8114451052885389,nan,nan,20,6221,45.55859776742098,43.097149631171504,10.15,False
192,0.6099733124944087,0.8085403726708075,nan,nan,20,6440,45.57474127199949,44.92707051378299,10.5,False
193,0.6655657044339289,0.8039634146341463,nan,nan,20,6560,48.878379778910706,47.51318625938333,10.85,False
194,0.5847954354669299,0.8309409888357256,nan,nan,20,6270,43.12179909423507,42.273531052278045,10.1,False
195,0.5991631238050783,0.8246516257465163,nan,nan,20,6028,44.58471579070709,41.446511309366045,9.85,False
196,0.6645867476937958,0.8040529759055369,nan,nan,20,6267,45.72313411053164,43.9145646850075,10.3,False
197,0.6279057362093322,0.8125670498084291,nan,nan,20,6525,48.329815831672306,46.89120986442264,10.75,False
198,0.6161741206030067,0.8196502914238135,nan,nan,20,6005,43.32005866616206,40.804188752033,9.8,False
199,0.6621958077475391,0.8109452736318408,nan,nan,20,5829,42.55288664948053,39.72408360181349,9.6,False
200,0.6530814508446643,0.8069511355815554,0.6485536961371978,0.8059474099988715,20,5812,42.986697003951214,39.67111460834249,9.6,False
201,0.607528021357938,0.8223399133365431,nan,nan,20,6231,44.97429244959426,43.46817031228674,10.25,False
202,0.689991974413245,0.7907890600440113,nan,nan,20,6362,45.658871140206564,44.18441754351705,10.35,False
203,0.6663732954812817,0.802703627652293,nan,nan,20,5844,43.00665046262563,39.753646388857035,9.6,False
204,0.7170424669504547,0.7944044764188649,nan,nan,20,6255,45.1537662720915,43.75766130015009,10.3,False
205,0.656417254168521,0.8107659079581325,nan,nan,20,6019,43.26595094211217,41.276276225027985,9.9,False
206,0.5797621439377961,0.8192355889724311,nan,nan,20,6384,46.24888752294807,44.560332978750054,10.4,False
207,0.6323862315826991,0.8129201508444007,nan,nan,20,6099,43.0016185203897,41.4952026602585,9.95,False
208,0.6088819994053062,0.8148510014655593,nan,nan,20,6141,45.1473601730698,42.76673673237154,10.1,False
209,0.5983493581428144,0.8268452195577701,nan,nan,20,6422,46.90995886849556,44.973221269222,10.45,False
210,0.5656480683232578,0.8349481557028727,0.6284687534477463,0.8109694165444081,20,5883,42.76433135501266,39.885951605078006,9.65,False
211,0.6061376578760699,0.8190095846645368,nan,nan,20,6260,46.059794686568104,44.470623612186046,10.4,False
212,0.6536382479597547,0.8066307640525076,nan,nan,20,5942,43.64400539106886,40.65992233712849,9.75,False
213,0.6102811351934952,0.8132446232399815,nan,nan,20,6463,48.73348978517453,46.28510122283204,10.65,False
214,0.6008566994067348,0.8247884519661524,nan,nan,20,6027,44.64828255866508,41.6791504901475,9.9,False
215,0.5792079253820139,0.827074939564867,nan,nan,20,6205,43.90304201825477,42.976786328728494,10.2,False
216,0.5901323706686314,0.8307339449541284,nan,nan,20,6540,47.327105118353224,46.39587828131509,10.7,False
217,0.5483574382662211,0.8392169984942279,nan,nan,20,5977,44.547137380387056,41.37418035546654,9.85,False
218,0.6024536132082647,0.8231836734693877,nan,nan,20,6125,45.829691759885336,42.47824580348849,10.05,False
219,0.5395973543758379,0.8373857828713025,nan,nan,20,6457,46.554327351172844,45.15506962389555,10.5,False
220,0.5539579124659458,0.8315390447308567,0.595764384913049,0.823044803069631,20,6595,48.16926603092499,47.12610017613599,10.8,False
221,0.578435100899519,0.8207145198295641,nan,nan,20,6102,44.224361631750824,42.33716568812849,10.05,False
222,0.5069281271684972,0.8472921914357683,nan,nan,20,6352,45.5798612272426,44.170296066693,10.35,False
223,0.6018893056241071,0.8118746924717074,nan,nan,20,6097,42.79449201471224,41.69616399820448,10.0,False
224,0.5681541795466595,0.8298588838999359,nan,nan,20,6236,44.9121177697199,43.20037099760249,10.2,False
225,0.5811426212008816,0.8271353370691119,nan,nan,20,5889,41.25301525736472,40.0543003813395,9.75,False
226,0.5646253562395818,0.8328634085213033,nan,nan,20,6384,46.925995377617106,44.96134704381054,10.45,False
227,0.5652996562196193,0.8276081424936387,nan,nan,20,6288,44.88320959542096,43.430898524142506,10.25,False
228,0.6230370999005246,0.8174220507875282,nan,nan,20,6222,43.863428692417,42.96712233986399,10.2,False
229,0.5188199643594636,0.8407691152170648,nan,nan,20,6657,47.518728373117,46.7070495349765,10.75,False
230,0.6468425044636732,0.80625,0.58003392515246,0.8276153932964677,20,6080,43.91090912317599,41.479193950573496,9.9,False
231,0.5700761387138313,0.8370347200500469,nan,nan,20,6394,46.17530649206595,45.06536025733154,10.5,False
232,0.6297605431156247,0.8102908977166093,nan,nan,20,6394,46.34792969353304,45.115744291926,10.5,False
233,0.54248251984023,0.841112047177759,nan,nan,20,5935,41.5495176009371,40.61560885614399,9.85,False
234,0.5842276999086147,0.8193569235740831,nan,nan,20,6189,43.65235320523065,42.65306265122349,10.15,False
235,0.5672255845614337,0.8277197709666554,nan,nan,20,5938,42.98152245494257,40.205779554332494,9.7,False
236,0.5524617625857642,0.8320889836964803,nan,nan,20,6563,48.25052172380753,46.83991539167906,10.75,False
237,0.5442452702296556,0.830426658361881,nan,nan,20,6422,46.058484522742134,44.76914343454555,10.45,False
238,0.5999585543127423,0.8224370779619399,nan,nan,20,6516,48.26081163728151,47.40598507297459,10.85,False
239,0.5009523633147376,0.8516582013743651,nan,nan,20,6694,48.54418043153882,47.74696833326455,10.9,False
240,0.57040369432776,0.8285304887756727,0.5579351306755351,0.8333145243200542,20,6281,44.78059159842905,43.721497749837994,10.3,False
241,0.5082742601642195,0.8489208633093526,nan,nan,20,6533,48.17419750289244,46.84768532481955,10.75,False
242,0.5816677504536176,0.8205635948210206,nan,nan,20,6565,47.88851211727988,46.7955578980246,10.75,False
243,0.5169291036079176,0.8439987752602572,nan,nan,20,6532,47.02923644696268,46.040037445272,10.65,False
244,0.5227097766018437,0.8405641575961981,nan,nan,20,6523,47.40186530262794,46.414881256300546,10.7,False
245,0.575583560806599,0.8294690860215054,nan,nan,20,5952,42.044066662891396,40.71074210955399,9.85,False
246,0.5328136392487621,0.8400123781525607,nan,nan,20,6463,46.70006807772929,45.2023155525291,10.5,False
247,0.5184553530482424,0.8454303182316978,nan,nan,20,6379,46.50046459735149,44.848779868395546,10.45,False
248,0.478993858786269,0.8527974783293932,nan,nan,20,6345,44.93203679331182,43.98689312038799,10.35,False
249,0.5291978294498739,0.8333075135553835,nan,nan,20,6455,47.41053953514073,45.87269798525429,10.6,False
250,0.5695427419772402,0.8362528560548362,0.5545086484301939,0.8351766166346913,20,6565,48.655746791415275,47.2165025949081,10.8,False
251,0.5762862531390982,0.822933164396579,nan,nan,20,6314,44.95152245008089,43.985149728187494,10.35,False
252,0.5624492111033009,0.8341935483870968,nan,nan,20,6200,45.41357050433221,43.544761405859596,10.25,False
253,0.5020946262963087,0.8496205668266997,nan,nan,20,6457,47.52167751897421,46.163239313110054,10.65,False
254,0.5015297207167874,0.8504260018933417,nan,nan,20,6338,45.47934626555515,43.89512218174299,10.3,False
255,0.48864623334770335,0.8501163692785104,nan,nan,20,6445,47.167900427023916,45.82051266061959,10.6,False
256,0.5348734398833555,0.8391934677553741,nan,nan,20,6001,43.98934051437639,41.416912014871045,9.9,False
257,0.4874194731054572,0.8557723057243364,nan,nan,20,6254,46.160432646860116,44.255274598619096,10.35,False
258,0.5649590761051184,0.8368534841177449,nan,nan,20,6013,42.58433171556256,40.93340582069949,9.85,False
259,0.41879403641176516,0.8674065420560748,nan,nan,20,6848,49.56475922388612,49.07210121245099,11.1,False
260,0.5462090416129121,0.8327937843962447,0.5400100797162531,0.8373208441485159,20,6178,47.14689617891995,43.26454466175609,10.15,False
261,0.5283065243350427,0.8392308935207626,nan,nan,20,6189,44.5507083669476,42.867652946892996,10.15,False
262,0.49877588538812495,0.8527746319365799,nan,nan,20,6181,44.26084159047603,42.7989479886925,10.15,False
263,0.48850238350167624,0.8529817568603403,nan,nan,20,6523,47.49560727395763,46.440085111446045,10.7,False
264,0.49265590575195317,0.8542100565307944,nan,nan,20,6722,48.9068409792186,48.10749695722455,10.95,False
265,0.4715892750269406,0.8584482205835203,nan,nan,20,6238,43.69267611979649,42.92291550973304,10.2,False
266,0.5331416022156087,0.8317535545023697,nan,nan,20,6330,44.41575944866582,43.32181813312849,10.25,False
267,0.5040262917369613,0.8454866688082235,nan,nan,20,6226,43.63322230121639,42.6336916267735,10.15,False
268,0.4406965083391275,0.8664673642252118,nan,nan,20,6021,43.87447504131858,41.64918293361155,9.95,False
269,0.44924106076584674,0.8624905660377359,nan,nan,20,6625,47.894222569358526,47.059209876374084,10.8,False
270,0.5738179704044171,0.8243243243243243,0.5254126101607811,0.8429635481322649,20,5994,43.17912137182898,41.50069802591899,9.95,False
271,0.5506962960999873,0.8388573232323232,nan,nan,20,6336,46.21261132597329,44.035829450400556,10.3,False
272,0.5142319250521941,0.844248388191381,nan,nan,20,5894,43.6809625354368,40.66205075866154,9.75,False
273,0.5399636106112812,0.8369723435225619,nan,nan,20,6183,45.740040951229744,42.891313942945544,10.1,False
274,0.49290035976543467,0.8553357119688615,nan,nan,20,6166,44.932774517392474,42.67478654483105,10.1,False
275,0.5425010261318581,0.8376920562275253,nan,nan,20,6118,42.61055040332344,41.352356633868496,9.95,False
276,0.5759322871850969,0.8265725078009525,nan,nan,20,6089,44.83911582972148,42.151397687407,10.0,False
277,0.4260353003115755,0.8636580327347847,nan,nan,20,6293,46.573619940045006,44.125467338150045,10.3,False
278,0.4989851745289739,0.8414690841469085,nan,nan,20,6453,46.92124324727503,45.769586237340555,10.6,False
279,0.49309585937295447,0.850513095420432,nan,nan,20,6529,46.28396287356826,45.63106188916253,10.6,False
280,0.60800979614239,0.8185833727717305,0.51352634129655,0.848606252116014,20,6339,46.72491659710974,44.540708347781546,10.35,False
281,0.5428399496342661,0.833634719710669,nan,nan,20,6083,43.30640664826473,41.61591472996399,9.95,False
282,0.5699398685002904,0.8262434554973822,nan,nan,20,6112,43.061922634829436,41.703221268964,10.0,False
283,0.4656942294615556,0.8564927184466019,nan,nan,20,6592,48.641919141192794,47.208465556863786,10.8,False
284,0.4699773150678755,0.8603750193708353,nan,nan,20,6453,49.48051519485678,45.70907995722104,10.5,False
285,0.5129370529999079,0.8427323272438443,nan,nan,20,6295,45.485122338331834,44.12752891023105,10.35,False
286,0.5210822396521457,0.8452420151465262,nan,nan,20,6074,46.27068588457668,42.8435821680765,10.05,False
287,0.42624998607506476,0.8678692568609312,nan,nan,20,6486,46.95721843507398,45.75656675657409,10.6,False
288,0.49451704844235095,0.8512462295602476,nan,nan,20,6299,45.18996703494977,43.29305513173604,10.2,False
289,0.5590669010865158,0.8320696886594612,nan,nan,20,6199,46.02113381807342,43.222202747456244,10.15,False
290,0.48465323115854414,0.8539596024366785,0.5072527477830302,0.848831960275364,20,6238,44.677677857998475,43.39368463383799,10.25,False
291,0.47315991593647194,0.8591833305326836,nan,nan,20,5951,43.67282442620207,40.6526407687425,9.75,False
292,0.42353813492179554,0.8671407790528528,nan,nan,20,6187,44.02301007404515,42.1885208137425,10.05,False
293,0.47399015382603144,0.8577996195307546,nan,nan,20,6308,45.98622916442091,44.26802889032654,10.35,False
294,0.4013584251193914,0.8752445447705042,nan,nan,20,6645,48.35584075575332,47.165944221093596,10.8,False
295,0.4580188409995113,0.8563191522518311,nan,nan,20,6417,46.430095283600174,44.84546742321459,10.45,False
296,0.5241334639720218,0.830848995463383,nan,nan,20,6172,43.55435811691853,42.38429050455949,10.1,False
297,0.4308633837173125,0.8580792682926829,nan,nan,20,6560,48.692772181252735,46.984231676167596,10.75,False
298,0.4795455308288474,0.854095826893354,nan,nan,20,6470,46.08599617238919,45.31741114437155,10.55,False
299,0.43335265112590843,0.864650941902802,nan,nan,20,6317,45.9695869595772,44.4632217285101,10.4,False
300,0.4946614092373119,0.8562101663298617,0.4986025488090063,0.850919760749351,20,6433,46.524201536944176,45.67288393095009,10.6,False
301,0.4906188411377051,0.844201174044106,nan,nan,20,6303,45.58064859323379,43.59351205654055,10.25,False
302,0.4446292163323061,0.8658555854005372,nan,nan,20,6329,45.41146767182449,44.11371115193849,10.35,False
303,0.5084726847177125,0.8472505091649695,nan,nan,20,6383,45.74154365016413,44.98130938224299,10.5,False
304,0.47146376174718835,0.8597697473616885,nan,nan,20,6254,45.202557643053815,43.538345531242996,10.25,False
305,0.5077500778173729,0.8397898883782009,nan,nan,20,6092,43.5275636361819,42.093691278864,10.05,False
306,0.4409270596584297,0.8548258864684369,nan,nan,20,6289,44.91961649625253,43.69298144951154,10.3,False
307,0.455331799764286,0.8553064743690234,nan,nan,20,6379,47.36241711213322,45.322932703919555,10.5,False
308,0.4846396790460546,0.8476568462830102,nan,nan,20,6551,48.105319129385194,46.830425742034585,10.75,False
309,0.47020493414854286,0.8574260697174955,nan,nan,20,6053,41.81866247523601,40.68553825440849,9.85,False
310,0.5191699736574333,0.8429568527918782,0.49039688638795403,0.8532332693826882,20,6304,45.70484802582638,43.69072616718604,10.25,False
311,0.49923728935260414,0.8476458626622869,nan,nan,20,6393,46.21679208619834,44.829538223256996,10.45,False
312,0.40738283723143315,0.8703358208955224,nan,nan,20,6432,46.05394238290896,44.723834608356995,10.45,False
313,0.46908557700134346,0.8518895102524996,nan,nan,20,5901,41.49563725363058,40.087424833149,9.75,False
314,0.5119774183735563,0.8397446955321718,nan,nan,20,5797,41.51877630995069,38.67509100646349,9.45,False
315,0.46361375244974057,0.8626689451607892,nan,nan,20,6437,47.11588955743656,45.79401309917199,10.6,False
316,0.4744676072037514,0.8550510279544447,nan,nan,20,6761,48.57924888326969,48.307459159518494,11.0,False
317,0.47272098683750624,0.8479307025986526,nan,nan,20,6234,44.07345367151598,42.48740868556654,10.1,False
318,0.5264516015046203,0.8468043584322654,nan,nan,20,6149,44.05022793064755,42.739050628757035,10.15,False
319,0.4761616506843836,0.8564169808228159,nan,nan,20,6101,43.44071806968285,42.3334284122135,10.1,False
320,0.41462889054928403,0.8719070609535304,0.48108134019080223,0.8525561449046383,20,6628,46.74128846305944,46.264581477592984,10.7,False
321,0.4219067136169331,0.8625156054931336,nan,nan,20,6408,46.07885355703548,44.78059386233154,10.45,False
322,0.4782689472614871,0.8523399222841697,nan,nan,20,5919,42.68603880811966,40.132120824947044,9.7,False
323,0.4392535099870892,0.8635043562439496,nan,nan,20,6198,43.81587730139311,42.1751763302325,10.05,False
324,0.4625461308247408,0.8603970061828832,nan,nan,20,6146,44.24991314175295,42.281133469061544,10.05,False
325,0.40387837810115274,0.8724572166612851,nan,nan,20,6194,44.8551754436719,42.66686594816704,10.1,False
326,0.43896362793533006,0.8591704778426116,nan,nan,20,6341,44.86553164635971,44.2426245020735,10.4,False
327,0.43602210589078516,0.8688696172248804,nan,nan,20,6688,49.12265854728172,48.148449240014294,10.95,False
328,0.4027471559699181,0.8813220599538816,nan,nan,20,6505,46.99069610827736,45.49752292970765,10.55,False
329,0.4030949692498809,0.8721275597936533,nan,nan,20,6397,47.241681023237085,45.2793672699315,10.5,False
330,0.4887074500574101,0.8548009367681498,0.479842030205612,0.8563931836135876,20,5978,42.84395435874326,40.5214149688185,9.75,False
331,0.49529762338669814,0.8568896051571313,nan,nan,20,6205,45.48822270350738,43.27899798584506,10.2,False
332,0.412750715097699,0.8695384615384616,nan,nan,20,6500,47.24272509048551,46.08922047635054,10.65,False
333,0.429475670128757,0.8648081534772182,nan,nan,20,6672,47.84719567905174,47.33067052991299,10.85,False
334,0.4676123540010378,0.8597277822257806,nan,nan,20,6245,43.63842189760771,42.90879403290899,10.2,False
335,0.4035972839678766,0.8744129677321618,nan,nan,20,6601,48.58280905701078,46.98085490005359,10.75,False
336,0.4718509251057141,0.8599010690920695,nan,nan,20,6267,44.51516303037428,43.367320669561536,10.25,False
337,0.4286846845357274,0.8689221085759244,nan,nan,20,6355,46.62427706132585,44.62105277020505,10.4,False
338,0.37985218624011846,0.8805276570229351,nan,nan,20,6671,50.4720214004085,48.32449212035654,10.95,False
339,0.48344874702426477,0.8491923876539261,nan,nan,20,6253,45.68301199500268,44.1170879280525,10.35,False
340,0.4461888900256549,0.8632759910246821,0.47919711581929625,0.8522740097054509,20,6685,48.81238935198007,48.07437250541504,10.95,False
341,0.41760756720492037,0.8679155421495476,nan,nan,20,6299,44.72561482999685,43.38806703674749,10.25,False
342,0.42864210527182606,0.863996273870517,nan,nan,20,6441,49.408921293321036,46.19520948613509,10.6,False
343,0.3851263635724415,0.8784004756949606,nan,nan,20,6727,49.03618786220662,48.12161843404859,10.95,False
344,0.4803666759943098,0.8512396694214877,nan,nan,20,6292,44.47765766294934,43.10523774419251,10.2,False
345,0.4444831627971825,0.8607967073349992,nan,nan,20,6803,50.183801519492015,48.928489320282104,11.05,False
346,0.38946129210485597,0.873499399759904,nan,nan,20,6664,48.8238796994621,47.55260435703666,10.85,False
347,0.43266831525160293,0.8649671052631579,nan,nan,20,6080,45.495540445141245,42.378461464312,10.0,False
348,0.4707799879262861,0.8594621187274516,nan,nan,20,6098,45.09087424992835,42.01579487978104,9.95,False
349,0.4285246538327637,0.8716585899640457,nan,nan,20,6397,46.116592146869515,45.0338048585025,10.5,False
350,0.49547266926928824,0.8435531985415976,0.46433089551262685,0.8569574540119625,20,6034,42.58279823636263,40.84432062863754,9.85,False
351,0.43574232856392064,0.8671454219030521,nan,nan,20,6127,43.526043751387206,42.123135236028006,10.05,False
352,0.4333863463104847,0.8705776173285199,nan,nan,20,5540,39.95520546879406,36.72329542649655,9.15,False
353,0.4081461864661866,0.8726717557251908,nan,nan,20,6550,48.29563368878138,46.88636304278649,10.75,False
354,0.4146374044717435,0.8675361407919547,nan,nan,20,6364,46.55488340055617,44.90659615851909,10.45,False
355,0.4123158839361571,0.8736467677080111,nan,nan,20,6466,46.97435122526637,45.488651000509556,10.55,False
356,0.4713176118866365,0.8541937581274383,nan,nan,20,6152,42.41097641884699,41.58871699110399,10.0,False
357,0.38409354594542167,0.8771225686940414,nan,nan,20,6478,46.136284029107955,45.33217401733849,10.55,False
358,0.3988835574121891,0.8726474278544541,nan,nan,20,6376,46.514785196642976,44.877296168722005,10.45,False
359,0.4863215966287208,0.8429429917167451,nan,nan,20,6157,44.70497811211819,42.18742542797154,10.0,False
360,0.449128140160847,0.858787781864705,0.45837678874726895,0.8613023360794493,20,6253,45.96254873362358,43.29906697513104,10.15,False
361,0.416643494841738,0.8721899072472882,nan,nan,20,6361,45.51856935459785,44.3650493765975,10.4,False
362,0.4521565946670794,0.8623898139079333,nan,nan,20,6126,43.20283455805893,41.7598061837185,10.0,False
363,0.37385382151256036,0.8809162621359223,nan,nan,20,6592,48.62119179485429,47.47922691642004,10.85,False
364,0.462203290051686,0.856758467869579,nan,nan,20,6318,46.25704672129939,44.013074714531506,10.3,False
365,0.3752227437160358,0.8788164935473717,nan,nan,20,6354,44.55144034169937,43.65331174377399,10.3,False
366,0.45786161943823495,0.8608103928240025,nan,nan,20,6466,47.6240914228586,45.9024520940431,10.6,False
367,0.46813181499003204,0.8573444113497414,nan,nan,20,6379,48.22451414436099,45.41336732248574,10.45,False
368,0.4001594247628375,0.8724739742804654,nan,nan,20,6532,47.99089113031008,46.810471434515044,10.75,False
369,0.4154092952961683,0.870866635323617,nan,nan,20,6381,45.77212488840001,44.43943626282154,10.4,False
370,0.4491212788031156,0.8562995184091968,0.45406105974137334,0.8615280442387993,20,6437,46.93593416503773,45.48819018536123,10.55,False
371,0.4075194869579539,0.8737365634525911,nan,nan,20,6233,44.80255280039699,43.40044512137104,10.25,False
372,0.4034468466559835,0.8690476190476191,nan,nan,20,6216,43.80723036826701,42.69432508563804,10.15,False
373,0.3997687313443655,0.8729957136053342,nan,nan,20,6299,44.823882595337594,43.428961421697494,10.25,False
374,0.43630925491828937,0.8725331607893886,nan,nan,20,6182,44.15811039302867,42.510804817578496,10.1,False
375,0.4429767832273531,0.8581025725053253,nan,nan,20,6103,42.696932942354955,41.666416322508994,10.0,False
376,0.38262282070744197,0.8768070395977373,nan,nan,20,6364,46.10075398678463,44.796284392136045,10.45,False
377,0.42450111746483615,0.8690555927662424,nan,nan,20,5972,43.38501384466055,40.8221110387925,9.8,False
378,0.3779608140720552,0.8780824015928932,nan,nan,20,6529,47.033945977540924,46.607676179547994,10.75,False
379,0.47081770849623805,0.8588159794641425,nan,nan,20,6233,43.7847170976708,42.95935240672349,10.2,False
380,0.45190442364260214,0.8656763590391909,0.4393730828635863,0.8673400293420607,20,6328,44.64944923284535,43.130960312326046,10.2,False
381,0.40956992708613926,0.8718596934744826,nan,nan,20,6329,44.92118186490149,43.73193873201654,10.3,False
382,0.44562088538649497,0.8637992831541219,nan,nan,20,6138,43.762303322874686,41.906554847091996,10.0,False
383,0.4210620682492379,0.8696824445775914,nan,nan,20,6676,49.17634509011824,48.161735825684545,10.95,False
384,0.40892656702896246,0.8738870001618909,nan,nan,20,6177,44.0950369924176,42.48280053408349,10.1,False
385,0.419496624500876,0.8732530120481927,nan,nan,20,6225,44.18811975786873,42.75805360374249,10.15,False
386,0.4021589967078931,0.8782838489040883,nan,nan,20,6433,46.17914782529912,45.07313019047204,10.5,False
387,0.3965852891100059,0.8730362295607567,nan,nan,20,6238,44.20814791570743,42.801332564459486,10.15,False
388,0.401655048849978,0.8711571675302245,nan,nan,20,5790,42.99707744954545,39.417320329102,9.55,False
389,0.43715520841899297,0.8598860862489829,nan,nan,20,6145,43.87248501317757,41.962932470627244,10.0,False
390,0.41770534704064544,0.8738238469844208,0.4394443934543073,0.865985780385961,20,6483,46.344459472395975,45.12013744895249,10.5,False
391,0.4826069843622107,0.8491860836259176,nan,nan,20,6266,44.84997746183561,43.69435679224749,10.3,False
392,0.4085052108198598,0.8701298701298701,nan,nan,20,6160,44.9310839990479,42.908611662776046,10.15,False
393,0.419896278867926,0.8660194174757282,nan,nan,20,6180,44.93334020268491,42.661104596286044,10.1,False
394,0.3517952692568028,0.8889739663093414,nan,nan,20,6530,46.718941998755504,45.45358944625505,10.55,False
395,0.40626272526346124,0.8728179551122195,nan,nan,20,6416,46.39065831948491,45.110862793764596,10.5,False
396,0.3714191035614478,0.887995143420853,nan,nan,20,6589,48.19663084953741,46.86548729628909,10.75,False
397,0.4852265638062048,0.8550315509797409,nan,nan,20,6022,42.940442141832335,40.94269484841399,9.85,False
398,0.35670651066070364,0.8911782661782662,nan,nan,20,6552,47.9229670634346,46.511583562691,10.7,False
399,0.3880551985599688,0.8763190564866542,nan,nan,20,6444,46.23369698069493,45.357528536007486,10.55,False
400,0.4302532307075986,0.860702677604086,0.4362856619595647,0.8685249971786481,20,6461,46.71327260771792,45.709320827940545,10.6,False
401,0.4277029900195278,0.8668442077230359,nan,nan,20,6008,41.864196950411284,40.43006515304899,9.8,False
402,0.4217007624767786,0.87761623262502,nan,nan,20,6259,45.401533446364375,43.819670101750596,10.3,False
403,0.3947487328897199,0.874075170168689,nan,nan,20,6758,48.97122619079711,48.3876552007415,11.0,False
404,0.47009779092431425,0.8560785641720284,nan,nan,20,5906,41.58393268590019,40.1319997127445,9.75,False
405,0.48319821126608675,0.847839798170924,nan,nan,20,6342,45.50733584703886,44.12752891023104,10.35,False
406,0.4481073583778733,0.8643152208452495,nan,nan,20,6294,44.69381181868151,43.41327089189299,10.25,False
407,0.4344944911076981,0.8653780362641122,nan,nan,20,5846,41.8531608819467,39.392283990313494,9.6,False
408,0.34425953404747844,0.8863820808310339,nan,nan,20,6161,45.18720945482126,42.93433423090959,10.15,False
409,0.3623235128405019,0.8837772397094431,nan,nan,20,6195,43.92135452525926,42.46168611743299,10.1,False
410,0.4284475449798268,0.8659712343922871,0.42651513652410833,0.8672271752623857,20,6327,43.63806195122485,42.906856930463995,10.2,False
411,0.3966441102047719,0.8812978966248166,nan,nan,20,6133,43.1118669962196,41.243151773218486,9.9,False
412,0.46634271419223694,0.8542264752791069,nan,nan,20,6270,46.07998539032196,44.2272703151241,10.35,False
413,0.37362178719143163,0.8806888068880688,nan,nan,20,6504,46.62181365853628,45.698879845761994,10.6,False
414,0.4493772029614028,0.860897435897436,nan,nan,20,6240,45.90504575153271,43.47414577825005,10.2,False
415,0.38860934576783973,0.8770028994353731,nan,nan,20,6553,47.24911161336178,46.38175680449104,10.7,False
416,0.3718780768790867,0.8842105263157894,nan,nan,20,6365,46.76387319138493,44.72194737549604,10.4,False
417,0.44371615875854037,0.8613535320270048,nan,nan,20,6073,43.92274790964305,41.676027320552,9.95,False
418,0.43355424751317534,0.8591307335509363,nan,nan,20,5821,40.13585090171905,38.49331916174899,9.5,False
419,0.4446031912655613,0.8633445429532253,nan,nan,20,6542,49.151235718323726,46.693517171568494,10.7,False
420,0.420900975832372,0.8743311172369062,0.42685420752486475,0.8684121430989731,20,6167,44.36715084090767,42.783257458888,10.15,False
421,0.3902948854823224,0.8759309142766598,nan,nan,20,6311,45.375090142216564,44.07853958939699,10.35,False
422,0.3495722674147495,0.886477201748907,nan,nan,20,6404,48.48246859497167,45.68958758437249,10.55,False
423,0.3798981699442496,0.8837092731829574,nan,nan,20,5985,42.203373723934696,40.48021458301399,9.8,False
424,0.37636645492365917,0.8831085420680796,nan,nan,20,6228,44.54816579336755,43.09824480436605,10.2,False
425,0.44483709973512,0.8592799605457834,nan,nan,20,6083,43.696684844408935,41.68778123067348,9.95,False
426,0.4062969283454604,0.868563021088769,nan,nan,20,6117,44.20842813541597,42.213875332411504,10.05,False
427,0.4364271463960317,0.8723404255319149,nan,nan,20,6157,46.10361450002539,43.59878756218605,10.2,False
428,0.4656460968777224,0.8628638734645802,nan,nan,20,5943,43.33414986369713,40.48450455461655,9.75,False
429,0.5113477043124431,0.8441426146010187,nan,nan,20,5890,43.11740558687098,40.33003843502799,9.7,False
430,0.4787836969967305,0.8582138200782269,0.4220719963645117,0.8689199864575105,20,6136,43.83398897391049,42.1797201507825,10.05,False
431,0.44299094877233197,0.8662247152813191,nan,nan,20,5883,42.6330158216731,40.57944397107559,9.8,False
432,0.38724875447143575,0.8735574510787757,nan,nan,20,5979,41.96082550019348,40.447499075054,9.8,False
433,0.45589792256339307,0.8613512083259834,nan,nan,20,5669,40.143279658695164,37.505648926078045,9.3,False
434,0.4565898522832007,0.85791841166434,nan,nan,20,6447,46.297876058206896,45.35421609082654,10.55,False
435,0.37995287610536965,0.8813244623239982,nan,nan,20,6463,47.091265918796495,45.53432787616264,10.55,False
436,0.46492315581111004,0.8530639505760561,nan,nan,20,5989,46.502350416180356,41.93971108726753,9.9,False
437,0.37329655178925897,0.8845127883257492,nan,nan,20,6373,46.317513854097456,45.12188084115299,10.5,False
438,0.3862699226326451,0.8732663797226208,nan,nan,20,6273,44.26283129389591,43.300703716478,10.25,False
439,0.3558188884939523,0.8851362115660347,nan,nan,20,6277,45.44196474733408,44.16828748543349,10.35,False
440,0.41189571238896566,0.8679942187249077,0.4161177833991615,0.8707256517323101,20,6227,47.405849898586084,44.610214187241,10.35,False
441,0.36886765194807014,0.8787739463601533,nan,nan,20,6525,47.14987811013408,46.07021750136509,10.65,False
442,0.4079060227637079,0.8698779060043486,nan,nan,20,5979,43.079241453791035,40.702653996532995,9.8,False
443,0.3891920781902289,0.8778967556336903,nan,nan,20,6257,45.92787473054629,44.19046536866909,10.35,False
444,0.47293173360152224,0.8596300326441785,nan,nan,20,5514,39.183698050599176,36.12856784537254,9.05,False
445,0.4017530162552095,0.8761142166490407,nan,nan,20,6619,50.178707273867985,47.22592683523299,10.75,False
446,0.3758494387607285,0.8797299419061078,nan,nan,20,6369,45.1297651723229,43.75053276315249,10.3,False
447,0.431428927732483,0.8767229363481492,nan,nan,20,6457,46.335017170233314,45.361209030652994,10.55,False
448,0.4716701875302524,0.8500085807448087,nan,nan,20,5827,40.21973132994339,38.558465856733996,9.5,False
449,0.3668880453466426,0.8837846060237299,nan,nan,20,6574,48.74086552665271,46.98091923098665,10.75,False
450,0.433966951254146,0.8640420784188715,0.41209538982382965,0.8729827333258098,20,6274,44.47767059291498,43.35687968738299,10.25,False
451,0.3913341018345706,0.8749596122778676,nan,nan,20,6190,44.08287872688687,42.72124865728749,10.15,False
452,0.40868939228710677,0.8726353555120678,nan,nan,20,6132,41.7108637766275,40.90795147403999,9.9,False
453,0.3509666628430034,0.8861629048086359,nan,nan,20,6114,45.59381485251882,42.68207063173604,10.05,False
454,0.34329983516094564,0.893064013069954,nan,nan,20,6733,51.56264625768366,48.85258010580905,11.0,False
455,0.39833057247019343,0.8761526232114467,nan,nan,20,6290,44.6929919744107,43.6709393760235,10.3,False
456,0.3818901556677095,0.8753843664023305,nan,nan,20,6179,45.03320181913913,43.19792187832605,10.2,False
457,0.4124632718050191,0.8656270736562708,nan,nan,20,6028,42.80560218786279,40.921580431763495,9.85,False
458,0.3875022395231884,0.8785462352399939,nan,nan,20,6521,47.09972621486942,46.35194479786249,10.7,False
459,0.4620776760576483,0.8508480212836714,nan,nan,20,6014,41.2032864629711,40.289948076193994,9.8,False
460,0.3532356472702427,0.896584440227704,0.4097631226246761,0.8730955874054848,20,6324,45.68145682404646,43.884817009311995,10.3,False
461,0.4039968024379118,0.8700681350023768,nan,nan,20,6311,44.35345931295159,43.618443899763996,10.3,False
462,0.35951777592509737,0.8852607709750567,nan,nan,20,6615,48.621094017234405,47.29989894726104,10.8,False
463,0.44832096889315487,0.8644617380025941,nan,nan,20,6168,42.592133276232815,41.906457174389985,10.05,False
464,0.4292406952703217,0.8647468047241547,nan,nan,20,6181,43.80127296143681,42.416702293987996,10.1,False
465,0.33938023248821075,0.8872800871866728,nan,nan,20,6423,45.59457102566116,44.655648602293,10.45,False
466,0.372061156874438,0.8812206572769953,nan,nan,20,6390,49.12507532110987,45.64413491752349,10.5,False
467,0.38554290157313803,0.8786492030929461,nan,nan,20,6337,47.495174515479434,45.35181705371055,10.5,False
468,0.34634234977844064,0.8831578947368421,nan,nan,20,6650,47.27209440296306,46.658234553362476,10.75,False
469,0.4293667080728018,0.8651090342679127,nan,nan,20,6420,44.927551440952584,44.26199552652349,10.4,False
470,0.38887683137518236,0.8841723212876755,0.4228676962551125,0.87162848436971,20,6337,45.30608435614198,44.331924924788,10.4,False
471,0.39403951651174557,0.8730362295607567,nan,nan,20,6238,47.313684290191574,44.338648308384094,10.3,False
472,0.40935860594607215,0.8676782509381629,nan,nan,20,6129,43.05584273963638,41.74043515926849,10.0,False
473,0.3997871838968743,0.8709284627092846,nan,nan,20,6570,47.382741721216554,46.672356030186535,10.75,False
474,0.39575623597557297,0.8756289308176101,nan,nan,20,6360,45.732361213711215,44.46881588905249,10.4,False
475,0.41654342575492453,0.8701914632004216,nan,nan,20,5693,40.40998255501453,37.83023805820399,9.35,False
476,0.38666365321247753,0.8771269633507853,nan,nan,20,6112,44.7368119806489,42.17151172247154,10.0,False
477,0.3823749695819992,0.8735330450895614,nan,nan,20,6476,46.51100557557395,45.665755393952495,10.6,False
478,0.35070975997267617,0.8862945786022709,nan,nan,20,6253,46.090743510073274,43.99486358663604,10.3,False
479,0.3474737589317966,0.8913627033001736,nan,nan,20,6333,45.72735532015772,44.150212379862,10.35,False
480,0.39736874750019935,0.8745789895749799,0.40491347336604977,0.8740548470827221,20,6235,44.6712639610781,43.1420426906475,10.2,False
481,0.40468548570857127,0.8734495211179149,nan,nan,20,6369,46.74397999221566,44.887211765670735,10.45,False
482,0.4006416840265578,0.8809011098227596,nan,nan,20,6037,42.742990107447056,41.40369200099704,9.95,False
483,0.45389410515297574,0.8543426833389659,nan,nan,20,5918,44.76311086607048,41.12896937686459,9.8,False
484,0.44089185823232346,0.865554010199351,nan,nan,20,6471,46.7383321140162,45.72869185239055,10.6,False
485,0.3685043561990567,0.8875321336760925,nan,nan,20,6224,44.844100072272006,42.89163212282604,10.15,False
486,0.3839564494076416,0.8746691577144636,nan,nan,20,6423,47.96183645921676,45.59963012105505,10.5,False
487,0.37059646667739676,0.8837864721485411,nan,nan,20,6032,42.352703501939864,41.05966964220449,9.9,False
488,0.36695223016954026,0.8797408343868521,nan,nan,20,6328,45.042058151880774,43.74353982332604,10.3,False
489,0.38449722643994927,0.8758127438231469,nan,nan,20,6152,43.72312720160351,42.383986786028,10.1,False
490,0.3354703739621936,0.8936972255729795,0.4032534518355966,0.8752962419591468,20,6632,48.85328652481594,47.81864112372955,10.9,False
491,0.37397038466518834,0.8776206728425159,nan,nan,20,6153,43.338770796033224,42.075759928082995,10.05,False
492,0.34963481835947274,0.8887607119314437,nan,nan,20,6068,42.91754033430454,41.49694605245898,9.95,False
493,0.3795734853125535,0.8795648795648796,nan,nan,20,6435,45.83686110675434,44.97799693706204,10.5,False
494,0.4270152775633569,0.8671372549019608,nan,nan,20,6375,45.52022747327629,44.36679276879799,10.4,False
495,0.3331698418032498,0.8904323396285313,nan,nan,20,6407,47.14889022041414,45.281519605981494,10.5,False
496,0.4017229955395645,0.8719822109275731,nan,nan,20,6296,48.112009090901694,44.54376821299604,10.35,False
497,0.3500483254097645,0.8902163383919922,nan,nan,20,6194,44.52523004034345,42.356895698021546,10.05,False
498,0.40630382200758686,0.8656864364777797,nan,nan,20,6053,42.726249045651706,41.389161580323496,9.95,False
499,0.4594165288405153,0.8533927686973749,nan,nan,20,6057,43.309810362784084,40.81131728903059,9.8,False
500,0.35970885320323803,0.8855939069842813,0.4071774473377039,0.8723056088477599,20,6171,45.063876821864824,42.98884623347154,10.15,False
501,0.40343734784082735,0.8734572980088859,nan,nan,20,6077,41.53484880094409,40.61735224834449,9.85,False
502,0.3504185340363197,0.887836415576605,nan,nan,20,6651,49.124760069512455,46.97129062674203,10.75,False
503,0.3876580848246984,0.883133912473365,nan,nan,20,6101,44.69682931863865,42.853595801001994,10.15,False
504,0.4235126591513107,0.8685686808783459,nan,nan,20,6239,45.17727003516114,43.747220317971546,10.3,False
505,0.38100491114529356,0.8775767112509835,nan,nan,20,6355,46.3323667504214,44.5970021154575,10.4,False
506,0.3778745737526531,0.8808049535603715,nan,nan,20,6460,45.764820162742666,44.963875460237986,10.5,False
507,0.35334528480305427,0.8876899696048632,nan,nan,20,6580,47.49803981286101,46.451686202755546,10.7,False
508,0.3764662680140337,0.8794520547945206,nan,nan,20,6205,44.44079764966795,42.81275931389175,10.15,False
509,0.3286318081023014,0.8943222354340071,nan,nan,20,6728,49.45203031750377,48.50483052763955,11.0,False
510,0.34174144550289276,0.8877309332070109,0.3967505388450386,0.8747883986006094,20,6333,45.972977349214865,44.475873159812,10.4,False
511,0.3819088983114271,0.8759664948453608,nan,nan,20,6208,45.19022478356005,42.82089617992655,10.1,False
512,0.3053649259151897,0.9006300114547537,nan,nan,20,6984,53.06349342691129,51.14613333203859,11.35,False
513,0.3817039053435614,0.8731600375822111,nan,nan,20,6386,45.667226823433325,44.415975799876534,10.4,False
514,0.3055247094071451,0.8985716578398331,nan,nan,20,6231,44.46762207326996,43.08081088236105,10.2,False
515,0.3580948935991738,0.8889595927457843,nan,nan,20,6286,45.58852397785571,43.83867307673604,10.3,False
516,0.39949420803451524,0.8748562982427328,nan,nan,20,6089,43.74901337856764,41.69555116381399,9.95,False
517,0.358931074807942,0.8860779890428617,nan,nan,20,6206,43.66198574277967,42.11450197698299,10.05,False
518,0.39548890524132424,0.8722061081726667,nan,nan,20,5861,41.07958803228946,39.31480895653499,9.6,False
519,0.3422535583585487,0.8890962824700576,nan,nan,20,6429,46.682219029541514,45.18645068350454,10.5,False
520,0.35750904569278336,0.887957790192427,0.38904091694623805,0.8779483128315089,20,6444,47.42438861633812,45.656098227951034,10.55,False
521,0.4278476647209664,0.8626609442060086,nan,nan,20,5825,42.660868861944834,39.90706602172849,9.65,False
522,0.37565657689619847,0.8795934323690383,nan,nan,20,6395,46.06422831211483,44.26434839568104,10.35,False
523,0.3518665708745589,0.8832841843861555,nan,nan,20,6443,46.84289356696163,45.746125774395544,10.6,False
524,0.3380639105330858,0.8919315403422983,nan,nan,20,6135,43.811335469504435,42.3781539553325,10.1,False
525,0.4196174413957634,0.8653695276949631,nan,nan,20,6373,47.918625017966896,44.79080200470349,10.4,False
526,0.35038479531984673,0.8861814684193652,nan,nan,20,6238,44.71549529379937,43.399517464533496,10.25,False
527,0.338216158991061,0.8916782891678289,nan,nan,20,6453,46.08726352910438,45.33217401733849,10.55,False
528,0.3913830705485318,0.8728560188827694,nan,nan,20,6355,44.353901454777336,43.57386902016849,10.3,False
529,0.3851661923188318,0.877959053103007,nan,nan,20,6252,43.49451612000312,42.619938199413994,10.15,False
530,0.3860209005996156,0.8802912292583813,0.3987003898609843,0.8766504909152466,20,5906,42.43002227622583,39.921237456959,9.65,False
531,0.33137684771545034,0.8880704563650921,nan,nan,20,6245,45.23616255845538,42.7434120791741,10.1,False
532,0.3955638421936511,0.8781512605042017,nan,nan,20,6426,46.27108254886722,45.35384804136199,10.55,False
533,0.43700168169297804,0.8637690561141745,nan,nan,20,6166,44.90631844172865,43.16823210047029,10.2,False
534,0.356254014445568,0.8818211702827088,nan,nan,20,6084,43.668985501622224,41.67034730866849,9.95,False
535,0.3835596695575841,0.8780643107290672,nan,nan,20,6282,45.34029721863783,43.288791354021,10.2,False
536,0.37021618309821114,0.8838901753225273,nan,nan,20,6046,43.70637060595895,41.38185046061655,9.9,False
537,0.38108931687036873,0.8810355781448539,nan,nan,20,6296,44.543510876697674,43.36732066956154,10.25,False
538,0.3165147100820674,0.8985270049099836,nan,nan,20,6110,44.002642377266746,42.03087593262849,10.0,False
539,0.3501726700071718,0.8905617613728347,nan,nan,20,6177,44.09188090058527,42.994413960977994,10.2,False
540,0.33312184918062887,0.89251974601208,0.38769224736427105,0.879923259225821,20,6457,45.88989662993515,45.00825662958899,10.5,False
541,0.3807085369475983,0.8789437585733882,nan,nan,20,5832,41.89095481806199,39.41606945600205,9.6,False
542,0.4206441410534134,0.8695723955753674,nan,nan,20,6057,43.02210118924583,41.47730189390703,9.95,False
543,0.34799309203584944,0.8864714542777687,nan,nan,20,6113,44.21318533220589,42.045485774207044,10.0,False
544,0.33434996191212496,0.8966532383018283,nan,nan,20,6454,46.51063357279448,44.905228973402494,10.45,False
545,0.4157565974735061,0.8709518329771494,nan,nan,20,6083,44.97587918348269,41.998360957776036,9.95,False
546,0.3305088568606437,0.8953542937587987,nan,nan,20,6393,45.800919531428896,44.715914011692995,10.45,False
547,0.35884713476551755,0.8862544552921122,nan,nan,20,6453,46.931046906441715,44.96414747216006,10.45,False
548,0.3613211019376083,0.891532321177023,nan,nan,20,6389,47.760996427979215,45.67379733901505,10.55,False
549,0.3631400302992957,0.8794537749175954,nan,nan,20,6371,47.02864759990258,45.243209937479094,10.5,False
550,0.34680231878012957,0.8836987607244995,0.3817535008255158,0.8812775081819207,20,6294,45.991045839894966,44.21986843144814,10.35,False
551,0.3677725551980535,0.8809862494073021,nan,nan,20,6327,46.147891177579,44.78059386233154,10.45,False
552,0.36520621161164385,0.8802471091398701,nan,nan,20,6313,45.101196941317454,43.7350359435925,10.3,False
553,0.36076181450908185,0.8830300202208742,nan,nan,20,6429,46.195403191368776,45.09019606301249,10.5,False
554,0.3574071917305999,0.8879228580461587,nan,nan,20,6326,45.388065305527114,43.844635286742985,10.3,False
555,0.39685674104699586,0.8724114896459586,nan,nan,20,5988,43.83327050859524,41.280183535819,9.85,False
556,0.38361005707671203,0.8831799163179916,nan,nan,20,5975,41.821303695190146,40.1312870503635,9.75,False
557,0.3089281389922825,0.9004243710215216,nan,nan,20,6598,47.227099518219156,46.63923157837704,10.75,False
558,0.40529965604927326,0.8740901347374942,nan,nan,20,6457,46.41458900179088,45.41441716929349,10.55,False
559,0.3825394753086919,0.8821940928270042,nan,nan,20,5925,41.52098672726368,39.6129538177445,9.65,False
560,0.3664283906753378,0.8838358872960949,0.3758280600533907,0.880600383703871,20,6069,44.275731525186494,42.135771730964485,10.0,False
561,0.406932110011083,0.874356846473029,nan,nan,20,6025,43.473767446408324,41.18124040845205,9.85,False
562,0.3527842185397382,0.8901435715437974,nan,nan,20,6199,44.61321950858139,43.147875521342996,10.2,False
563,0.35139488926070067,0.8877898491973407,nan,nan,20,6167,44.00841489984586,42.22416565106654,10.05,False
564,0.3864287575727042,0.8791923911229768,nan,nan,20,5993,42.23907960712578,40.77542196019254,9.85,False
565,0.3847596351430752,0.8748827025336253,nan,nan,20,6394,46.29633712834876,45.35578514380699,10.55,False
566,0.3741551896661881,0.884663148090655,nan,nan,20,6442,45.29090800850215,44.33192492478799,10.4,False
567,0.3775335467766281,0.8788227556724761,nan,nan,20,6082,43.31425521522521,42.03873974802299,10.05,False
568,0.28495220565548113,0.907687605074125,nan,nan,20,6543,47.62463114394382,46.710730029622,10.75,False
569,0.38230270925966875,0.8794141578519121,nan,nan,20,6145,44.17944059256723,42.5419206881285,10.1,False
570,0.3924342129580857,0.8766490765171504,0.37114627752652785,0.8843245683331452,20,6064,44.48042878544416,42.29539075563315,10.05,False
571,0.3841752116145058,0.8816287878787878,nan,nan,20,6336,46.66659870624351,44.387550263519095,10.35,False
572,0.34139484785615454,0.8860317460317461,nan,nan,20,6300,44.71442003411458,43.402188513571545,10.25,False
573,0.383073481539352,0.8783719074221867,nan,nan,20,6265,44.2286352960021,43.31656858550254,10.25,False
574,0.31926413324338804,0.8940560517400677,nan,nan,20,6494,46.03495541322227,45.30697016219299,10.55,False
575,0.3280305214118879,0.8948336654913384,nan,nan,20,6523,47.188458529553586,46.0846123248675,10.65,False
576,0.38496326455933216,0.8731182795698925,nan,nan,20,5580,40.20839214210264,36.865668178104,9.15,False
577,0.3331705178425273,0.8920829406220546,nan,nan,20,6366,47.621549046170536,44.93308123499809,10.4,False
578,0.30392959521479307,0.9015428662319072,nan,nan,20,6287,46.54953076370479,43.672806398945546,10.2,False
579,0.3289004869809882,0.8935537190082644,nan,nan,20,6050,44.274359519030256,41.87635985463349,9.95,False
580,0.356844709941921,0.8873714652956298,0.36938147328397974,0.8821239137794832,20,6224,43.11559710387199,42.26810716543204,10.1,False
581,0.3391065101950319,0.8871048670346212,nan,nan,20,5979,44.260601870646056,41.345671203021546,9.85,False
582,0.37060806466301316,0.8804224207961008,nan,nan,20,6155,43.299346041555864,41.822606832408994,10.0,False
583,0.37233467134412723,0.8768058421971742,nan,nan,20,6299,45.658288737447975,44.39660477542654,10.4,False
584,0.3213800190979013,0.8970043236565781,nan,nan,20,6476,47.39233791395555,46.158357814948644,10.65,False
585,0.3488621250093156,0.8852281515854602,nan,nan,20,6465,46.95363788562817,45.74980626904104,10.6,False
586,0.3538907111608119,0.8884892086330936,nan,nan,20,6394,44.81205454638261,43.96789014540254,10.35,False
587,0.37168897420747854,0.8859996555880834,nan,nan,20,5807,43.56965989252492,39.413163052242496,9.5,False
588,0.3069006453357628,0.8997569866342648,nan,nan,20,6584,46.322197072593475,45.64307192432154,10.6,False
589,0.36348603013095526,0.8794349012682614,nan,nan,20,6229,44.47326442520823,43.10186096807849,10.2,False
590,0.32676270727181245,0.8949314435372053,0.38168997476216887,0.8783433021103713,20,6491,47.171700668827974,45.8168321659741,10.6,False
591,0.3800146757830412,0.8796581196581197,nan,nan,20,5850,42.39572366046688,39.796378048261545,9.65,False
592,0.33048091611938485,0.8921615201900237,nan,nan,20,6315,45.54946491263481,44.13120940487654,10.35,False
593,0.36274810107730593,0.8869949494949495,nan,nan,20,6336,46.654030190271314,44.248172019641046,10.3,False
594,0.3525720028067257,0.8836111984900912,nan,nan,20,6358,46.363879048937186,44.85654980153605,10.45,False
595,0.34182586594198394,0.8949137009317244,nan,nan,20,6547,51.18736208588544,47.47969847188554,10.75,False
596,0.37047142210408907,0.8803629094264186,nan,nan,20,6503,47.40225140612977,46.126802416119595,10.65,False
597,0.3308969269237963,0.8945134889360412,nan,nan,20,6598,48.5426988695989,47.44242196996505,10.85,False
598,0.34058439446283023,0.8919732441471572,nan,nan,20,5980,42.994158571573024,40.950615445078,9.85,False
599,0.3453045264581117,0.8920670037926675,nan,nan,20,6328,45.44723487989804,44.35648738379059,10.4,False
600,0.3478540878275807,0.8892559383356929,0.3805732982393555,0.8828574652973705,20,6357,46.17475385911141,44.77108053699054,10.45,False
601,0.3742808934499295,0.8777708398376523,nan,nan,20,6406,45.93999213750845,44.75539000718605,10.45,False
602,0.2681305548089023,0.912563276576162,nan,nan,20,6519,46.4479404967259,45.64307192432154,10.6,False
603,0.3135900757060252,0.8933060967944689,nan,nan,20,6364,47.02514309896856,44.78819627911504,10.4,False
604,0.31465460341032025,0.9012682613581634,nan,nan,20,6229,42.998596080079714,42.24003855100399,10.1,False
605,0.309103989420816,0.9038206225106948,nan,nan,20,6779,49.9316836953838,48.8660197035333,11.05,False
606,0.35967378606337314,0.8830074709903036,nan,nan,20,6291,44.86711913034926,43.698037286893,10.3,False
607,0.3046854940159094,0.8963934426229508,nan,nan,20,6100,42.97921103981855,41.968616639513996,10.05,False
608,0.3719649126769819,0.8804869684499315,nan,nan,20,5832,42.582342769334595,39.630709710077994,9.6,False
609,0.4168550176709051,0.8661832564271589,nan,nan,20,6068,42.77733403630861,41.95118271750899,10.05,False
610,0.3690346689790437,0.8765704584040747,0.36687708025779914,0.8844374224128202,20,5890,40.53407344577005,39.35754061593949,9.65,False
611,0.3899506046290177,0.872301861921239,nan,nan,20,6069,43.81215571767717,41.724586177128494,9.95,False
612,0.4038973271180772,0.8705202312138728,nan,nan,20,6055,42.88505984813402,41.69954077431849,10.0,False
613,0.3676345209375686,0.8785267781719885,nan,nan,20,5919,44.26242361385245,41.015345165300594,9.8,False
614,0.3338278842193152,0.8921921452041934,nan,nan,20,6391,44.6926219462231,43.93633474657349,10.35,False
615,0.3778424557427006,0.884565288179746,nan,nan,20,6142,45.968412767074454,42.9025900288543,10.1,False
616,0.32587136344023526,0.895741556534508,nan,nan,20,6129,44.21727250713109,42.22799680923554,10.05,False
617,0.34179942576515004,0.8922954725972995,nan,nan,20,6295,44.86035461544208,43.705165823890596,10.3,False
618,0.40154732123616105,0.8707115628970775,nan,nan,20,6296,45.170578736832525,44.0393885966475,10.35,False
619,0.32731483213691503,0.89710910786447,nan,nan,20,6434,46.50023446332103,45.665755393952495,10.6,False
620,0.31843437613669373,0.8973700120918985,0.3675569230803059,0.8833088816160705,20,6616,47.830724537014646,46.78474886638149,10.75,False
621,0.3282693137588346,0.8961058950284747,nan,nan,20,6497,46.45401587354613,45.65876245412604,10.6,False
622,0.3550407290447227,0.892253304641869,nan,nan,20,6506,46.135793465208096,45.3280845788435,10.55,False
623,0.3670521752173633,0.8808322824716267,nan,nan,20,6344,46.68524186543574,44.172532494470246,10.3,False
624,0.3231080986536783,0.8986070618723679,nan,nan,20,6174,45.15939524626361,42.8026852646075,10.1,False
625,0.34981465869405404,0.8894053534220228,nan,nan,20,6239,45.32986515791577,43.38991025693849,10.2,False
626,0.32212428150242567,0.8961639192728393,nan,nan,20,6491,46.27522119974774,45.355785143807,10.55,False
627,0.33945030759737277,0.8912353127977135,nan,nan,20,6298,44.79358807495302,43.95045622339754,10.35,False
628,0.3503892507119697,0.8899308983218164,nan,nan,20,6078,44.66441317968983,42.402398234454594,10.05,False
629,0.35700568699924257,0.8848428260192966,nan,nan,20,6426,49.99029494698663,45.906539813221045,10.5,False
630,0.4032937196254039,0.8701364325416877,0.36363792514615373,0.8840424331339578,20,5937,41.88449997245679,40.185934862672994,9.75,False
631,0.3514747479557866,0.888871834228703,nan,nan,20,6515,47.696215049908744,46.179355790218835,10.65,False
632,0.3128292424696325,0.8956441434508234,nan,nan,20,6497,46.88539415060336,46.02996451255799,10.65,False
633,0.34867568746305033,0.8895357744752567,nan,nan,20,6527,47.660854878026484,46.47105722720555,10.7,False
634,0.3117737640662888,0.8951574988246357,nan,nan,20,6381,46.39686338256796,45.35421609082654,10.55,False
635,0.3138754902159309,0.8981495879334473,nan,nan,20,6431,45.7257861158409,44.9776288875975,10.5,False
636,0.3218275979332724,0.8950598343050016,nan,nan,20,6518,46.35360579282339,45.3575285360075,10.55,False
637,0.38482941187782044,0.868936877076412,nan,nan,20,6020,42.51350703522249,41.33860320650899,9.95,False
638,0.36259026256590104,0.8858541206188822,nan,nan,20,6334,45.19001569885987,44.064592451793,10.35,False
639,0.3608834300290133,0.8880584620494935,nan,nan,20,6021,43.017131067784995,41.496946052458995,9.95,False
640,0.3944152364499243,0.8752917639213071,0.3628187392059587,0.8859609524884324,20,5998,41.81941632700632,40.42771910675449,9.8,False
641,0.3192280804625705,0.8955223880597015,nan,nan,20,6231,45.94156336756226,43.76806651314799,10.25,False
642,0.39009287083775707,0.8772965879265092,nan,nan,20,6096,43.3985185384424,42.056173670027995,10.05,False
643,0.3505766783100828,0.8841964136081784,nan,nan,20,5967,43.656290040786146,41.594087887128495,9.95,False
644,0.32618827879336193,0.8950725562111306,nan,nan,20,6271,44.079612649372315,43.286950289118494,10.25,False
645,0.26969816364072563,0.9119786255009649,nan,nan,20,6737,51.336789457234474,48.78633120219005,11.0,False
646,0.3231753687085283,0.8956535634387983,nan,nan,20,6258,47.835251392875975,43.953224079327484,10.25,False
647,0.3506955972759444,0.8899141978306622,nan,nan,20,6177,46.36594933002078,43.78306568840314,10.25,False
648,0.38456197069979037,0.8831382891049943,nan,nan,20,6067,44.94989210204603,42.40985801597029,10.05,False
649,0.30251119528301784,0.9008633980881899,nan,nan,20,6486,46.73672889711182,45.45395749571959,10.55,False
650,0.33164187688837776,0.8914188351920694,0.36085461880038466,0.8853402550502201,20,6456,47.28726036323911,46.38175680449105,10.7,False
651,0.3225568566244621,0.8946729397480649,nan,nan,20,6589,48.85310458642119,47.002442591486655,10.75,False
652,0.31718807808995664,0.8945713339953658,nan,nan,20,6042,42.436933610026934,41.05383681150899,9.9,False
653,0.42567370195902327,0.8661592134475103,nan,nan,20,6306,45.50742151398224,43.81755866008555,10.3,False
654,0.35181953178482117,0.8888888888888888,nan,nan,20,6291,45.091173842127816,43.74799731128559,10.3,False
655,0.37684660910072,0.8826479438314945,nan,nan,20,5982,42.11861344725197,40.49065556519254,9.8,False
656,0.32569643303465384,0.8914691178842122,nan,nan,20,6201,43.75931789959487,42.41338984880704,10.1,False
657,0.34356325297082996,0.8874076453581754,nan,nan,20,6226,43.791267161556966,42.951431810059496,10.2,False
658,0.34712601775224944,0.8948187334681811,nan,nan,20,6427,46.142113693673124,44.78999074629224,10.45,False
659,0.31787066540284603,0.8950293790693982,nan,nan,20,6297,44.51857605330984,43.3531991927375,10.25,False
660,0.33505858788865034,0.8889586932621328,0.3514646188075461,0.8888951585599819,20,6367,45.79631913496929,44.44910025168605,10.4,False
661,0.3289976110447449,0.894745122718691,nan,nan,20,6356,46.28363930447458,44.107480720457495,10.3,False
662,0.3288898766739789,0.8956244302643573,nan,nan,20,6582,47.566266026939374,46.98232628033204,10.8,False
663,0.3263431016741963,0.8937276568085798,nan,nan,20,6154,44.4404454761012,42.818902296212045,10.15,False
664,0.2946377527758267,0.9056311881188119,nan,nan,20,6464,45.98063317102488,45.28759913774299,10.55,False
665,0.35634150559574695,0.8893922824558663,nan,nan,20,6401,45.72875833337349,44.67501962674299,10.45,False
666,0.35413728818256995,0.8893494897959183,nan,nan,20,6272,44.31755881089824,43.31482519330204,10.25,False
667,0.2994007245524895,0.9021686746987951,nan,nan,20,6225,44.15314309831719,42.744515409988,10.15,False
668,0.3126506546916876,0.9031334739379331,nan,nan,20,6638,46.75635251759434,46.266324869793486,10.7,False
669,0.31794842929721123,0.8990186767964545,nan,nan,20,6318,45.535259220116856,44.102693104550085,10.35,False
670,0.3941410144010467,0.8743976871185352,0.34942195217666716,0.8905879697551067,20,6226,43.869957781908404,42.96303290136899,10.2,False
671,0.3057677694463222,0.8994774054718722,nan,nan,20,6506,47.146401831045104,45.80813457599604,10.6,False
672,0.3276546881904477,0.8900836320191159,nan,nan,20,6696,49.40223774066736,48.48040366580809,11.0,False
673,0.3158773718433605,0.8990683229813664,nan,nan,20,6440,46.36619080570812,45.373219065811995,10.55,False
674,0.3335501619357073,0.8895789154801576,nan,nan,20,6602,50.68663839340873,47.868174598071036,10.85,False
675,0.31588465939775856,0.8976402562900453,nan,nan,20,6399,45.16002770285619,44.03146799998349,10.35,False
676,0.3410937591977185,0.8891377379619261,nan,nan,20,6251,45.636873355644695,43.83692968453555,10.3,False
677,0.32250138534931944,0.894503405670838,nan,nan,20,6313,44.842714447906985,43.42896142169751,10.25,False
678,0.3229865861195258,0.8908433338813085,nan,nan,20,6083,41.98052666749314,40.991828009908495,9.9,False
679,0.35972831964197216,0.8853904282115869,nan,nan,20,6352,45.49406015543556,44.097716903602496,10.35,False
680,0.2866136154013004,0.9045264946701684,0.3570527228547897,0.8857352443290825,20,6473,48.410735610917826,46.13808532754859,10.6,False
681,0.27434169953691834,0.9099540581929556,nan,nan,20,6530,46.40630390202135,45.65180825634849,10.6,False
682,0.35779688682790733,0.8844415752098128,nan,nan,20,6196,47.74452289781941,43.689060084146554,10.2,False
683,0.3162388760989961,0.8956291802768704,nan,nan,20,6429,46.7292646317329,44.91078866999605,10.45,False
684,0.3164251006105133,0.8922229026331905,nan,nan,20,6532,47.6773268527119,46.47483651407574,10.7,False
685,0.3253875342208837,0.8923738258239133,nan,nan,20,6281,46.41528719424153,44.13903611928654,10.3,False
686,0.35855429720808946,0.8856365962891874,nan,nan,20,6252,46.894970926064545,43.752985460300536,10.2,False
687,0.28630129470606475,0.9047691373025516,nan,nan,20,6584,47.35819338524174,46.400759779476495,10.7,False
688,0.33399424248126214,0.8893568767212052,nan,nan,20,6173,44.45898724139761,42.850219024888,10.15,False
689,0.3041523716436576,0.8968686181075561,nan,nan,20,5876,43.09152796004657,40.28838281366154,9.7,False
690,0.3081326147639618,0.9000613120784795,0.3467690576254252,0.8903058345559192,20,6524,46.255780529559765,45.61151652549249,10.6,False
691,0.3404197643176336,0.8908002991772626,nan,nan,20,6685,49.52647048155611,48.5172086122631,11.0,False
692,0.3161280324228622,0.8995869081665078,nan,nan,20,6294,45.673519077192964,44.14689993468105,10.35,False
693,0.3073227299807839,0.9031858954531395,nan,nan,20,6466,48.81715033814521,46.75701638223215,10.7,False
694,0.2915376013205415,0.905642333439592,nan,nan,20,6274,45.702260917886846,44.146531885216504,10.35,False
695,0.2875722539794974,0.9044486215538847,nan,nan,20,6384,48.77497997233711,45.528403681732144,10.45,False
696,0.2802159048325307,0.9081772498857926,nan,nan,20,6567,47.100334393138176,46.08461232486749,10.65,False
697,0.2916488540493675,0.8992161254199328,nan,nan,20,6251,45.870398585667495,43.71003286070299,10.25,False
698,0.308748020373494,0.8928044824535535,nan,nan,20,6782,51.40356702118794,49.374716303651994,11.1,False
699,0.25651472857954316,0.9129075480125056,nan,nan,20,6717,51.158189405020835,48.778410605526034,11.0,False
700,0.2863386198878288,0.9013380622279542,0.3566993428075735,0.88624308768762,20,6203,48.032731307719935,44.02419101895809,10.2,False
701,0.31963023921733164,0.8913529310641224,nan,nan,20,5817,41.45050407553756,39.5469270564635,9.65,False
702,0.29608515457036927,0.904017508206972,nan,nan,20,6397,47.74049030807393,45.922925114550694,10.6,False
703,0.3181254665236979,0.8965880054110927,nan,nan,20,6653,51.52185936993404,48.60894033547605,10.95,False
704,0.36079282541750385,0.8887823585810163,nan,nan,20,6258,43.59393383796844,42.624027637908995,10.15,False
705,0.3164840581313147,0.896085409252669,nan,nan,20,5620,39.98807071947249,37.10698103729899,9.2,False
706,0.3346835421418094,0.8901980036000654,nan,nan,20,6111,42.69929725799792,41.37949759145899,9.95,False
707,0.31118005804999,0.8999397227245328,nan,nan,20,6636,48.33898312105382,47.42673144016054,10.85,False
708,0.30239770747808603,0.900672610667918,nan,nan,20,6393,46.397118893651346,45.39685386797704,10.55,False
709,0.320727415588845,0.8975849731663685,nan,nan,20,6708,48.81136935785035,48.076115897615544,10.95,False
710,0.27740645019129284,0.9055984239041208,0.34744776061756755,0.8880487529624196,20,6091,43.96313453215168,42.15806741097104,10.05,False
711,0.36225413421140323,0.8801646351116036,nan,nan,20,6317,46.31032627225112,44.31728340021959,10.35,False
712,0.31741843111315315,0.8990392718692062,nan,nan,20,5933,41.08202127557357,39.4799654904635,9.65,False
713,0.3569199331272184,0.8853932584269663,nan,nan,20,6230,43.31939603209205,42.30822455706799,10.1,False
714,0.296705884005194,0.9038491028983284,nan,nan,20,6521,47.81760194420315,46.773666488060044,10.75,False
715,0.3072639949587,0.8961671379202011,nan,nan,20,6366,44.92829860077458,43.99057361503348,10.35,False
716,0.36000926668855865,0.8866320264525271,nan,nan,20,6351,45.45113700768078,44.150853563428484,10.35,False
717,0.32338735850750094,0.8936602123672704,nan,nan,20,6404,47.13497557286613,45.816832165974084,10.6,False
718,0.3230346721294488,0.8948566226672735,nan,nan,20,6591,48.300131382155456,47.40929751815554,10.85,False
719,0.3085970933745786,0.9006490264603095,nan,nan,20,6009,44.94031299530305,41.50643925373104,9.85,False
720,0.345232664906601,0.8827284946236559,0.34513315807991407,0.8905315427152691,20,5952,42.030247220298165,40.732265470053996,9.85,False
721,0.3407779729724606,0.8917792229448057,nan,nan,20,5997,43.41008457259953,40.81057427841605,9.8,False
722,0.35091295679781515,0.8856214459788789,nan,nan,20,6155,43.70351799114713,42.13602533748299,10.05,False
723,0.3666445691717116,0.8815949851993732,nan,nan,20,5743,41.04979693978261,38.5402968689085,9.45,False
724,0.3067570712106668,0.8978954291351529,nan,nan,20,6082,43.64212629433286,41.91774008581899,10.0,False
725,0.3465241516035065,0.8880894060012248,nan,nan,20,6532,51.48222440005902,47.28955331346409,10.7,False
726,0.35009374471864424,0.8871064467766117,nan,nan,20,6670,48.375772044538365,47.17053924332673,10.8,False
727,0.377068415280868,0.8791352767769407,nan,nan,20,6106,42.81887224624434,41.4011716154825,9.95,False
728,0.3319036499235039,0.8925297113752122,nan,nan,20,5890,40.718784177911,39.201823773249,9.6,False
729,0.3076150235979291,0.8980762740465744,nan,nan,20,5926,42.396308368081115,40.367704188868494,9.75,False
730,0.3481636755919613,0.883732134254055,0.340505626922455,0.8901365534364067,20,6227,45.96478579439233,43.73234012325005,10.25,False
731,0.35333236858009615,0.8838375396958048,nan,nan,20,5983,41.25170924544489,40.294037514688995,9.8,False
732,0.3157682271613252,0.8972494467277901,nan,nan,20,6326,46.31507732382679,44.5492506004286,10.4,False
733,0.32461161549155826,0.8963697425235887,nan,nan,20,6253,45.45997172717295,43.567789488407,10.25,False
734,0.30367455085764977,0.8953243811680958,nan,nan,20,6181,45.520214922292915,43.352881012857,10.2,False
735,0.2845431592565176,0.9047175667287399,nan,nan,20,6444,49.325494784412065,45.99188772936799,10.55,False
736,0.3281682657221875,0.8953488372093024,nan,nan,20,5848,40.311958890992365,39.092145245389496,9.6,False
737,0.3109279408545288,0.8939276285137444,nan,nan,20,6439,46.42941100104163,45.10543890691859,10.5,False
738,0.3054347474091357,0.8999052731291443,nan,nan,20,6334,46.58507997413238,44.634719864974095,10.4,False
739,0.3507796030825617,0.8847736625514403,nan,nan,20,6318,45.41802125075952,44.35805643677104,10.4,False
740,0.33148842298443826,0.8977609483042476,0.34262770418052063,0.8905315427152691,20,6074,43.42106579720863,41.09895683712848,9.85,False
741,0.2876812604557125,0.9045719035743973,nan,nan,20,6015,43.660866250927114,41.67625956026899,9.95,False
742,0.3096334196047375,0.8997793885912386,nan,nan,20,6346,44.99137877866039,43.995590710366045,10.35,False
743,0.3255132012286467,0.8935513730330145,nan,nan,20,6482,46.70712412733073,45.975725644098,10.65,False
744,0.34074392354897637,0.8884590586718246,nan,nan,20,6204,43.88770350925168,42.94559897936399,10.2,False
745,0.3246070648648409,0.8913983661701105,nan,nan,20,6243,43.3062862098262,42.586813747604495,10.15,False
746,0.31888370216800943,0.8952589105581709,nan,nan,20,5948,43.50985128597538,40.913324652387494,9.8,False
747,0.2921533553726504,0.9045743714026053,nan,nan,20,6602,50.66499795018105,47.83317737474959,10.85,False
748,0.31546920821390717,0.894534380509697,nan,nan,20,6239,45.9248090528535,43.275063884681046,10.15,False
749,0.28950736214647965,0.8999203187250996,nan,nan,20,6275,45.614082981247776,43.620284964666496,10.25,False
750,0.3244986800688281,0.8932521237377785,0.34154375500353984,0.8891772937591694,20,6239,46.660466063761454,44.09545346365765,10.3,False
751,0.3027790254362672,0.9011656542439666,nan,nan,20,6091,44.29525841798651,42.033172020516545,10.0,False
752,0.28509428470899856,0.9064841968067775,nan,nan,20,6138,45.290292186704086,42.35057702109055,10.0,False
753,0.34223154689903595,0.886437908496732,nan,nan,20,6120,44.213214769799244,42.268755384437995,10.05,False
754,0.3259085276873511,0.8961380443714051,nan,nan,20,6085,43.273772835272936,42.03680264557799,10.05,False
755,0.3693068296460477,0.881167021799705,nan,nan,20,6101,43.69034021196202,42.11624536918349,10.05,False
756,0.3029910837396602,0.8983770665857728,nan,nan,20,6593,49.45237174091536,46.738242714687495,10.7,False
757,0.27716947908478756,0.9084876543209877,nan,nan,20,6480,46.12184750748175,45.047558285861996,10.5,False
758,0.3121699712546178,0.8932115293747047,nan,nan,20,6349,46.19077567391096,45.059936370485545,10.5,False
759,0.2936320624963852,0.904424778761062,nan,nan,20,6215,44.85577145578144,43.007858272478494,10.15,False
760,0.31905419385522243,0.8947710295550504,0.3361661515599408,0.8911522401534816,20,6158,42.79056544621083,41.385481085677995,9.95,False
761,0.33131674091371405,0.8927536231884058,nan,nan,20,6210,44.21227814092975,42.76388643443799,10.15,False
762,0.30793488765396704,0.8941330711242216,nan,nan,20,6102,42.492067862076,41.58871699110399,10.0,False
763,0.31508222547223463,0.8995021779713752,nan,nan,20,6428,45.57616743884392,44.67133913209749,10.45,False
764,0.34144875975200156,0.8895526960784313,nan,nan,20,6528,47.35111700611094,46.39219778666959,10.7,False
765,0.37772274426678504,0.8708414872798435,nan,nan,20,6132,44.27008686530272,42.034741073496996,10.0,False
766,0.36802965676257304,0.8751864743908503,nan,nan,20,6033,43.11725723357172,41.29587154710449,9.9,False
767,0.3379044776026828,0.8871725990597716,nan,nan,20,5956,42.825555257160325,40.78491628364449,9.8,False
768,0.33876758165552534,0.8913184321347587,nan,nan,20,6174,44.67134164301669,42.852026748021544,10.15,False
769,0.32837107498273,0.895457373988799,nan,nan,20,6428,47.080467931489125,45.02097105706764,10.45,False
770,0.29216062613034627,0.903387703889586,0.33520715677728774,0.8922243539103939,20,6376,45.97833384550271,44.7387330784951,10.45,False
771,0.3210883174345868,0.8956987553174728,nan,nan,20,6347,46.682385197193454,44.733598425211994,10.4,False
772,0.32578618539605153,0.8923780487804878,nan,nan,20,6560,48.24077596635698,46.857717363148595,10.75,False
773,0.31508802178330486,0.8999382334774553,nan,nan,20,6476,48.70335313499058,46.04874086559654,10.6,False
774,0.3010931831270062,0.8995882166613874,nan,nan,20,6314,44.721573443321866,43.96945919838299,10.35,False
775,0.2940982426207912,0.9004214140783519,nan,nan,20,6407,46.661140277983165,45.433484475212,10.55,False
776,0.2811288724912847,0.9071980963712076,nan,nan,20,6724,48.375821904810394,47.17177705178909,10.8,False
777,0.32843885314650834,0.8967461340206185,nan,nan,20,6208,44.9170044031056,43.16660514965009,10.2,False
778,0.3185069663088228,0.8946867565424267,nan,nan,20,6305,45.31526726486709,43.811207116402,10.3,False
779,0.27792759486271457,0.9094272844272844,nan,nan,20,6216,47.812565463486266,44.22291517367405,10.25,False
780,0.33100574893036017,0.8913934426229508,0.33884535288786516,0.8901365534364067,20,6344,45.774324870854116,44.15389287450749,10.35,False
781,0.3335104977945651,0.894817540631708,nan,nan,20,6522,48.31485435116975,46.87340789295309,10.75,False
782,0.2904667507577569,0.900938317181972,nan,nan,20,6501,47.28455479973439,46.165112084621995,10.65,False
783,0.30380725607926024,0.90048,nan,nan,20,6250,47.38817946689015,44.37385361742909,10.3,False
784,0.289243853177729,0.9096676737160121,nan,nan,20,6620,48.58972519756824,46.97754245487264,10.75,False
785,0.31355896759557766,0.8990175551618618,nan,nan,20,6209,46.90031634273181,43.706985279562645,10.2,False
786,0.3142831637031812,0.9000904159132007,nan,nan,20,6636,48.210249553621416,47.396919433531984,10.85,False
787,0.34215054990281896,0.8881480246707785,nan,nan,20,5999,43.26481980789759,41.061663525919,9.85,False
788,0.29553922361889595,0.9049548145839825,nan,nan,20,6418,46.03725405053315,45.04250244848055,10.5,False
789,0.3313050924772097,0.8893404188809003,nan,nan,20,6398,46.08597253822212,45.060752105848486,10.5,False
790,0.31208484136918463,0.896893085592446,0.33490987590736626,0.891547229432344,20,6566,46.69263781798481,45.97047609647205,10.65,False
791,0.35004379400212937,0.8841619682214249,nan,nan,20,5853,41.53785503292857,39.37745678641349,9.6,False
792,0.3256098113986146,0.8960341286143151,nan,nan,20,6329,45.82739515312353,44.69921403628104,10.45,False
793,0.3304104929076523,0.8981998758535071,nan,nan,20,6444,47.44225330011626,45.42848541910005,10.5,False
794,0.3216945578041219,0.8924594336621062,nan,nan,20,6286,45.5051510249179,43.33544709085199,10.2,False
795,0.3217291957703488,0.8930021107322618,nan,nan,20,6159,44.128943944399964,42.543664080328995,10.1,False
796,0.29037307997464573,0.9021649314162948,nan,nan,20,6051,44.46381893036635,41.780161882471546,9.95,False
797,0.2787761394261471,0.8999673095782935,nan,nan,20,6118,44.313410253588074,42.23576674237604,10.05,False
798,0.27371333175852053,0.908468640560331,nan,nan,20,6282,46.4397312402485,43.89387509909105,10.25,False
799,0.29608608369274053,0.9017435228939221,nan,nan,20,6137,42.997564637922274,41.97464318045399,10.05,False
800,0.33244317010865965,0.8891904837937091,0.33328612663853235,0.8907572508746191,20,6263,45.96024934590452,44.18574077580574,10.35,False
801,0.2654087089155274,0.9143568981625662,nan,nan,20,6422,46.197397580486246,45.056623925304585,10.5,False
802,0.2885915859307137,0.9026340545625587,nan,nan,20,6378,46.77404337243839,45.17449854618528,10.5,False
803,0.30098320445547894,0.8949211908931699,nan,nan,20,6281,44.89590747052233,43.440562513006995,10.25,False
804,0.3175224312616168,0.8946357085668535,nan,nan,20,6245,44.29976160604956,43.056422762578485,10.2,False
805,0.2842099401471591,0.9061408614668219,nan,nan,20,6872,49.735476926648055,49.397761992400994,11.15,False
806,0.2897922807927276,0.9061287820015516,nan,nan,20,6445,46.31232784579095,45.088452670812,10.5,False
807,0.33958489956759447,0.8931370980643097,nan,nan,20,6251,44.51419113753654,43.645541810633496,10.3,False
808,0.24926939153057895,0.9223744292237442,nan,nan,20,6570,46.98015495273951,46.061345572167,10.65,False
809,0.3077350328949558,0.8950391644908616,nan,nan,20,5745,40.62161007436545,38.1737417040085,9.4,False
810,0.29364593059882077,0.9020048115477145,0.335009313486672,0.8896851371177068,20,6235,45.400626490514554,43.60258585360249,10.25,False
811,0.3634608035366305,0.8853786315288141,nan,nan,20,6299,46.5933276982938,44.18978820334554,10.3,False
812,0.2858809496847706,0.9051973784484073,nan,nan,20,6561,47.6661175287913,46.99958586311699,10.8,False
813,0.3167874191956313,0.8906627963231737,nan,nan,20,6201,44.76262090367633,42.9201484231525,10.15,False
814,0.27928192560534876,0.9061781388931474,nan,nan,20,6523,48.80341187816907,46.54007700785309,10.65,False
815,0.2951291192370966,0.9031527890056589,nan,nan,20,6185,45.84220386246448,43.458455248445546,10.2,False
816,0.321405339832706,0.8947628458498024,nan,nan,20,6072,43.98635128379481,41.77592154425704,9.95,False
817,0.34094753291484625,0.8921972820277905,nan,nan,20,6549,46.78558164589101,45.98442323407603,10.65,False
818,0.29027163768491643,0.9060255094560915,nan,nan,20,6821,51.20085703107667,49.061239898081034,11.05,False
819,0.27890347806013654,0.908205619412516,nan,nan,20,6264,45.70842669180841,43.656824722062495,10.25,False
820,0.3021443927572103,0.9029825737265416,0.32960196799462943,0.8938043110258436,20,5968,41.46570608371561,40.5979812238945,9.85,False
821,0.30887610987440006,0.8976210008203446,nan,nan,20,6095,45.68625521769885,42.68972412349625,10.05,False
822,0.3360158674040062,0.8893753157097154,nan,nan,20,5939,41.959177069253315,40.231301589358495,9.75,False
823,0.2969325412793374,0.8996768982229403,nan,nan,20,6190,45.11738639906588,43.18864722313815,10.2,False
824,0.25018175179621965,0.9163698311909555,nan,nan,20,6457,47.05317634058297,46.05766507752149,10.65,False
825,0.29273964001727903,0.9029576338928856,nan,nan,20,6255,44.869358172256675,43.14880317818055,10.2,False
826,0.31935414756724234,0.9011557702259789,nan,nan,20,5797,41.57871270363174,38.6664577474185,9.45,False
827,0.27724917407951855,0.9046438605189225,nan,nan,20,6051,43.39913706573496,41.78184825720654,10.0,False
828,0.3101669115990119,0.8976482278900298,nan,nan,20,6038,44.603503771895916,41.684983320842996,9.9,False
829,0.3152703236022939,0.8927374301675978,nan,nan,20,6265,44.132882309759836,43.03530834592799,10.2,False
830,0.28790475903016843,0.9005077753094256,0.3306010417987471,0.8920550727908814,20,6302,45.59475571770723,44.41371369468799,10.4,False
831,0.32540493057282605,0.8952935765751955,nan,nan,20,6523,46.940412431997146,46.026284017912495,10.65,False
832,0.2717110857478679,0.9073252790946628,nan,nan,20,6539,49.77356284753841,46.805636661085096,10.7,False
833,0.28741856824189416,0.9020364085158902,nan,nan,20,6482,46.727842053223775,45.99141617390249,10.65,False
834,0.31417552533617593,0.8964465456763764,nan,nan,20,6557,47.209469723037635,46.098617360311245,10.65,False
835,0.2571692898790372,0.9148029818956337,nan,nan,20,6573,47.88106735287056,46.77192309585955,10.75,False
836,0.2935874395720436,0.8993521169202953,nan,nan,20,6637,48.31197015667405,47.42130755331455,10.85,False
837,0.29821198977130453,0.8964662120272784,nan,nan,20,6452,46.2838410376342,44.78851445899555,10.45,False
838,0.27840136477675415,0.9093927893738141,nan,nan,20,6324,45.98258289697377,44.50200467179505,10.4,False
839,0.30903858728824724,0.8958860759493671,nan,nan,20,6320,45.23102929672453,43.58515193159749,10.25,False
840,0.32684692356661843,0.8980237154150198,0.33138569092363096,0.8927321972689313,20,6325,45.66111312721564,44.1687913446456,10.35,False
841,0.27343436470144544,0.9077508321445554,nan,nan,20,6309,45.78414999933756,43.94594574461651,10.3,False
842,0.31503799718754466,0.8964124864109334,nan,nan,20,6439,46.45521651609279,45.11243184674505,10.5,False
843,0.27805793575509025,0.9053446940356313,nan,nan,20,6455,46.581960286476445,45.700623237962496,10.6,False
844,0.3032482249488949,0.8976539127696426,nan,nan,20,6351,46.19339304536415,44.547810926759595,10.4,False
845,0.3008509497490528,0.9016809387884555,nan,nan,20,6306,43.55479686181177,42.89310350310449,10.2,False
846,0.3380153839387753,0.8875164690382081,nan,nan,20,6072,45.403089940685696,41.869490541924485,9.95,False
847,0.30565281176838915,0.9028636511552229,nan,nan,20,6146,43.85376664721724,42.41542574347674,10.1,False
848,0.3007273908586003,0.9017749699157641,nan,nan,20,6648,48.3963521812453,47.44242196996505,10.85,False
849,0.3116204414213078,0.8984515077424613,nan,nan,20,6135,44.96473026620941,42.18581141242529,10.0,False
850,0.3039765291199541,0.8970328505828329,0.3261499147041968,0.8939735921453561,20,5662,40.2072990315414,37.5459600279585,9.3,False
851,0.2891853509850561,0.9018451300665457,nan,nan,20,6612,49.98592461878792,47.414768129732984,10.8,False
852,0.2837549056641747,0.9076657783351623,nan,nan,20,6379,45.33930366193997,44.353039341438496,10.4,False
853,0.31971710543939574,0.8946706492689829,nan,nan,20,6361,45.512480587512215,44.65564860229299,10.45,False
854,0.33922747147365334,0.885884435860293,nan,nan,20,6213,43.17328752440842,42.294277419463995,10.1,False
855,0.27211267181238785,0.9092189701048677,nan,nan,20,6389,47.03647410930206,45.01872380565505,10.45,False
856,0.258702582668432,0.9166800966962128,nan,nan,20,6205,43.86948521483443,41.97023556207849,10.0,False
857,0.28979088412783177,0.906934306569343,nan,nan,20,6028,42.4228369448241,40.591830213318495,9.8,False
858,0.27993274851829414,0.9046986551552383,nan,nan,20,6023,44.07111851752692,41.3145324276925,9.85,False
859,0.2618904919626097,0.9136168809759314,nan,nan,20,6066,45.43240776376113,41.785532542300054,9.9,False
860,0.31300086142894,0.899290561381863,0.32664691586955086,0.8948199977429184,20,6484,47.73074250043635,46.48890009306005,10.7,False
861,0.30011228849693317,0.9009411389376296,nan,nan,20,6269,44.26738962582834,43.070176189937996,10.2,False
862,0.26896908868368014,0.9120961682945155,nan,nan,20,6655,48.1570232907463,47.395176041331496,10.85,False
863,0.27633502072597105,0.9117274167987321,nan,nan,20,6310,46.912105614490464,44.02537377067699,10.25,False
864,0.2726366601215902,0.9118276283618582,nan,nan,20,6544,47.23908098154595,46.404440274121995,10.7,False
865,0.27116468009601374,0.9088007295941632,nan,nan,20,6579,47.69977020554066,46.495893032886485,10.7,False
866,0.319915289500791,0.8951243455497382,nan,nan,20,6112,44.969092720690035,42.752535834642494,10.1,False
867,0.2847450350632221,0.9081494822152184,nan,nan,20,6663,49.38357950486992,48.20566930913715,10.95,False
868,0.2874680021706214,0.9032521653865011,nan,nan,20,6119,43.04285730365981,41.445746495078,9.95,False
869,0.3478813444578741,0.8853586636095644,nan,nan,20,6106,48.071369633695355,43.087868952322495,10.05,False
870,0.2950881976271445,0.9022606382978723,0.3269225119528713,0.8954971222209683,20,6016,42.25836381175961,41.30179826005399,9.95,False
871,0.3038977944069437,0.9006068558307364,nan,nan,20,6097,45.72275515295655,42.5868319105791,10.05,False
872,0.3038621955374768,0.9001286587327115,nan,nan,20,6218,43.818856484986554,42.68812420547799,10.15,False
873,0.28635098226427486,0.9110653138871274,nan,nan,20,6308,46.15256671747489,44.5249918599575,10.4,False
874,0.28172669090864105,0.9057947019867549,nan,nan,20,6040,44.49586055419327,42.017617300459605,10.0,False
875,0.29946796257048847,0.9004761904761904,nan,nan,20,6300,44.34753576294302,43.5913029421735,10.3,False
876,0.3354065317959503,0.890873902039601,nan,nan,20,6717,49.32186527674555,48.4472792139986,11.0,False
877,0.35580593947511086,0.8807611731843575,nan,nan,20,5728,39.68642711807624,37.910896270294,9.4,False
878,0.2835700741908535,0.9045958795562599,nan,nan,20,6310,44.99779215381604,43.754990251112034,10.3,False
879,0.2734978033312111,0.9060497108019384,nan,nan,20,6397,45.49230262174218,44.36679276879799,10.4,False
880,0.3160492404147847,0.9006435410453618,0.32724396008802664,0.8926193431892563,20,6371,45.231665203932636,44.589399698673994,10.45,False
881,0.29239021582106334,0.9065934065934066,nan,nan,20,6188,43.446327776465964,42.341155298633005,10.1,False
882,0.302327682390637,0.9019303688383317,nan,nan,20,5802,41.4817988426908,39.174240016144,9.55,False
883,0.2951401083952001,0.9025778372949448,nan,nan,20,5974,42.298776279226146,40.31937757200899,9.75,False
884,0.31150480919597917,0.8955271565495208,nan,nan,20,6260,45.123963806534654,43.06885762847154,10.15,False
885,0.277553600682519,0.9084594010497067,nan,nan,20,6478,47.04679558733229,45.80114163616959,10.6,False
886,0.26375419274396733,0.9082479258174719,nan,nan,20,6147,43.08723784360237,41.7284251241095,10.0,False
887,0.3566206187632808,0.8874318801089919,nan,nan,20,5872,41.41329511263685,39.5799800294585,9.65,False
888,0.3211897997333192,0.8936866208701341,nan,nan,20,6114,44.307886809148656,42.520014424387995,10.1,False
889,0.29047466179459125,0.8985342019543974,nan,nan,20,6140,43.38920937574142,42.05092412240204,10.05,False
890,0.27877858250351534,0.9063347694271582,0.3207191987966471,0.8953842681412933,20,6267,46.06232433052482,44.21934971846009,10.35,False
891,0.32355661550246784,0.8976528820054287,nan,nan,20,6263,46.68237320371568,44.168623828288595,10.3,False
892,0.2796150944408338,0.9058713886300093,nan,nan,20,6438,46.378835489295554,45.650064864148,10.6,False
893,0.27568138950226995,0.9081517352703793,nan,nan,20,6195,44.332605122474185,42.7989479886925,10.15,False
894,0.27831330323725434,0.9107281478031362,nan,nan,20,6441,47.22856121913161,46.11442433149604,10.65,False
895,0.2905747536525086,0.8994110353378797,nan,nan,20,6452,47.602380988422084,46.171527959238595,10.65,False
896,0.26918853230021533,0.9116235876799257,nan,nan,20,6461,46.411930826902434,45.37358711527654,10.55,False
897,0.2842268502671926,0.9036027263875365,nan,nan,20,6162,44.07650302359372,42.05455957126899,10.0,False
898,0.2698231083150092,0.9091727968773458,nan,nan,20,6661,50.44475792735708,48.192798705413054,10.9,False
899,0.2753622870120662,0.9059518400726942,nan,nan,20,6603,47.51355543138939,46.707417584441046,10.75,False
900,0.3193332906563127,0.8957934990439771,0.3201181296569851,0.8962306737388557,20,6276,44.202936077517215,43.28501318667349,10.25,False
901,0.28728395032735526,0.9042640091488319,nan,nan,20,6121,45.61203860144173,42.604978494965096,10.05,False
902,0.26114783655283363,0.906588959041606,nan,nan,20,6177,43.26897683018896,42.068896367568,10.05,False
903,0.2883265782633792,0.9027733503347147,nan,nan,20,6274,45.60249402295806,44.669595739897,10.45,False
904,0.2861522829028922,0.8990886495443248,nan,nan,20,6035,41.421511738058975,40.59623783169399,9.85,False
905,0.30799238681729424,0.9011986301369863,nan,nan,20,5840,41.89799585434241,39.94459809191349,9.7,False
906,0.34022929275336117,0.8900187734668336,nan,nan,20,6392,47.020250249435385,45.301285993306244,10.5,False
907,0.27614012651741476,0.9066624264588965,nan,nan,20,6289,45.53236412436888,43.912556103747995,10.3,False
908,0.32010862790326544,0.8973592426507224,nan,nan,20,6021,43.54133118821722,41.14029051416155,9.85,False
909,0.28721995231617753,0.9041032733978792,nan,nan,20,6507,47.391130371749085,46.15122927795104,10.65,False
910,0.2918452210216856,0.9020520779444732,0.3216377601284782,0.8955535492608058,20,5799,41.915527972343185,39.3886749744825,9.6,False
911,0.2672594698997502,0.9123686337914308,nan,nan,20,6185,45.60465246992339,43.675165016692986,10.25,False
912,0.3411012759607512,0.8863404689092762,nan,nan,20,5886,41.61225034409084,40.371327902244495,9.8,False
913,0.28032506496952475,0.9044506691565515,nan,nan,20,6426,46.195974967473454,44.815287367121506,10.45,False
914,0.2714363235898808,0.9105809802012333,nan,nan,20,6162,44.216436744657585,42.50129149223749,10.1,False
915,0.26620605910443196,0.9132684114424833,nan,nan,20,6572,46.90290605762445,46.02297157273155,10.65,False
916,0.32149903996017526,0.893144208037825,nan,nan,20,6345,46.39444574955041,44.56039087658979,10.4,False
917,0.27815277512962955,0.9055588762701734,nan,nan,20,6692,48.11268274701025,47.377548409081996,10.85,False
918,0.27438805124971327,0.9081585795193632,nan,nan,20,6533,48.187946760080095,46.861806801643596,10.75,False
919,0.28825279432745216,0.9008158694608862,nan,nan,20,6251,44.63969057056965,43.644166467897534,10.3,False
920,0.2862189542864665,0.9060979565358417,0.3181455581354484,0.8963435278185307,20,6166,43.495437464076375,42.099220391028,10.05,False
921,0.3000687405884523,0.901500638569604,nan,nan,20,6264,45.044550433082335,43.74722031797154,10.3,False
922,0.3550149379724947,0.8848958333333333,nan,nan,20,5760,40.42379708813237,38.36920767629399,9.45,False
923,0.256490741427071,0.9138655462184874,nan,nan,20,6664,48.21688930807403,47.154343129784095,10.8,False
924,0.30370371563995846,0.8968729208250167,nan,nan,20,6012,42.85041811657559,41.40894154862299,9.95,False
925,0.2687996095847523,0.9087136929460581,nan,nan,20,6266,45.058167774250265,43.4711515129496,10.25,False
926,0.3058164267782641,0.89996720236143,nan,nan,20,6098,43.799997025930416,41.93610166466154,10.0,False
927,0.3167077487647084,0.895478374836173,nan,nan,20,6104,43.446607923451275,41.814908378083004,10.0,False
928,0.2490933407186165,0.9167455061494797,nan,nan,20,6342,44.97460735547494,43.99927120501154,10.35,False
929,0.29432265013964337,0.9016450216450217,nan,nan,20,5775,41.97428558249086,39.0042962288825,9.5,False
930,0.3301009979438237,0.8890480738618275,0.31912160658658784,0.8961742466990181,20,6282,44.87586654733213,43.983580675207044,10.35,False
931,0.3243957238548712,0.8884311140408702,nan,nan,20,6068,43.649103601799176,41.87108434898799,10.0,False
932,0.32946011042362905,0.8948764715635882,nan,nan,20,6031,42.61576170674677,40.88637512271849,9.85,False
933,0.35693559380147805,0.8850632069194944,nan,nan,20,6012,42.462053874388765,40.796362037623,9.85,False
934,0.3019479783133687,0.9052186636319298,nan,nan,20,6151,44.50607690485423,42.09150032747155,10.0,False
935,0.30140494923998,0.9030808729139923,nan,nan,20,6232,45.50417849249941,43.58559145987655,10.25,False
936,0.29752079941633464,0.9030924678505817,nan,nan,20,6532,48.294883889367526,46.92524884647699,10.75,False
937,0.2862941080207938,0.9055625392834695,nan,nan,20,6364,44.70331670423006,43.93633474657349,10.35,False
938,0.2545478436351411,0.9139020537124802,nan,nan,20,6330,45.503320077195156,43.89144168709749,10.3,False
939,0.2606420911199627,0.9138221337823358,nan,nan,20,6533,47.66528421081985,46.1967318143841,10.65,False
940,0.3759717887554795,0.87534853206495,0.317700526317723,0.897077079336418,20,6097,44.98063879778046,42.658900388937234,10.1,False
941,0.26149939205754497,0.912117576484703,nan,nan,20,6668,48.327956088448,47.428300493141,10.85,False
942,0.29703674575103306,0.9026861830464854,nan,nan,20,6217,45.45043881981808,43.58016757303055,10.25,False
943,0.24860431802406013,0.9134937557112397,nan,nan,20,6566,47.95306817875488,46.26141166502264,10.65,False
944,0.286495212530866,0.909538737124944,nan,nan,20,6699,51.499917261992984,49.096301452335545,11.05,False
945,0.309779780452536,0.8958628283781658,nan,nan,20,6357,44.892439846044155,44.261995526523485,10.4,False
946,0.26657693342660665,0.9128357225243039,nan,nan,20,6069,42.5540464104148,40.8650669958235,9.85,False
947,0.27370561651197417,0.9086849399445642,nan,nan,20,6494,46.53233653646393,45.39480032415174,10.55,False
948,0.2843317778229718,0.9063912201420271,nan,nan,20,6196,44.199951424884,42.52830307051654,10.1,False
949,0.2677492121375931,0.91478093403948,nan,nan,20,6231,46.528941072090944,44.17332068022701,10.3,False
950,0.31383046584920515,0.8926651912741068,0.3139813849873796,0.897189933416093,20,6326,46.770287168147334,44.6429441801696,10.4,False
951,0.3228807676825862,0.8933354591836735,nan,nan,20,6272,44.39046369344808,43.14074677176899,10.2,False
952,0.32301302946390015,0.8894651539708266,nan,nan,20,6170,45.85468837903907,43.4120960822646,10.2,False
953,0.2892212399964984,0.9010931806350859,nan,nan,20,5763,41.14364867771177,39.223267709891545,9.6,False
954,0.2974755884105084,0.8991372549019608,nan,nan,20,6375,44.67042758985036,43.42564897651655,10.25,False
955,0.2674400817915618,0.9149588510569631,nan,nan,20,6197,44.50450334614049,42.67326745025704,10.1,False
956,0.27992476151434525,0.9080987029421069,nan,nan,20,6322,46.263307142428964,44.534201466767,10.4,False
957,0.27388783813127476,0.9082273385928192,nan,nan,20,6211,45.730592317384136,43.384436411686046,10.2,False
958,0.2707623992091592,0.9077412513255567,nan,nan,20,6601,48.01529230214017,47.35505864969554,10.85,False
959,0.28504672972142914,0.9039336801040312,nan,nan,20,6152,44.46351149508993,43.08268365387299,10.2,False
960,0.30822528338888655,0.895791915175613,0.312742864429083,0.8982056201331678,20,6036,42.31309479365598,41.28242723560399,9.95,False
961,0.3211731194758474,0.8914664457332229,nan,nan,20,6035,43.4265408416283,41.06027911916154,9.85,False
962,0.28735361713193175,0.8978007761966365,nan,nan,20,6184,44.18001237644978,42.54017729592799,10.1,False
963,0.24204327653594346,0.9161778326644026,nan,nan,20,6478,48.685365753496455,46.156446906391146,10.6,False
964,0.29874186253280455,0.8986748545572075,nan,nan,20,6188,45.106498641903016,43.49699676423799,10.25,False
965,0.26311724012487797,0.9117422507253016,nan,nan,20,6549,48.76395015090708,46.9685411463631,10.75,False
966,0.27396936071902556,0.9106821527891379,nan,nan,20,6113,42.633205517286406,41.647045298059,10.0,False
967,0.2937973277264942,0.9028184198367473,nan,nan,20,6493,47.539255155872766,46.152798330931496,10.65,False
968,0.25225994115723954,0.9127031908488862,nan,nan,20,6644,48.78040498212897,47.529785290234535,10.85,False
969,0.25475282348333833,0.9171886936592819,nan,nan,20,6545,48.1334381021229,47.108199197208144,10.8,False
970,0.29091223771076485,0.9000820344544709,0.3172262673479697,0.897077079336418,20,6095,43.36033891690474,42.052861224847035,10.05,False
971,0.26268542799929157,0.9113374519953248,nan,nan,20,5989,42.78698382200325,40.9349249152735,9.85,False
972,0.26313238273811196,0.9114921223354958,nan,nan,20,6474,46.394640703767685,45.13354626339554,10.5,False
973,0.2567633059780941,0.919617079471205,nan,nan,20,6581,47.98245495227037,46.800439396186,10.75,False
974,0.243202892438263,0.9193524209263978,nan,nan,20,6671,47.94944076395228,47.35837109487649,10.85,False
975,0.30617824534909066,0.8944731738849386,nan,nan,20,6188,44.54611936967734,43.09148431683299,10.2,False
976,0.3191677370556435,0.8972134156515935,nan,nan,20,5993,42.187875993768124,40.7653899218635,9.85,False
977,0.28572608422604406,0.9037598638403218,nan,nan,20,6463,46.68048183245609,45.443925457390534,10.55,False
978,0.24245100982994988,0.9157276622758292,nan,nan,20,6301,44.49442851786847,43.374313609388,10.25,False
979,0.2698967579030162,0.9132046332046332,nan,nan,20,6475,45.829007055577236,44.99506280960249,10.5,False
980,0.2924724333973665,0.9031147284395054,0.3142544339996282,0.8980927660534929,20,6389,44.79948751472557,43.950088173933,10.35,False
981,0.2582704803027375,0.9184644670050761,nan,nan,20,6304,46.56767585398121,44.43774965189054,10.35,False
982,0.3166220418215048,0.89748322147651,nan,nan,20,5960,42.430098685180134,40.817885398122996,9.85,False
983,0.26088565742723985,0.911525974025974,nan,nan,20,6160,43.403831660895335,42.077697030528,10.05,False
984,0.3049275356351881,0.9054551271796513,nan,nan,20,6251,45.62461767081756,43.67503563738154,10.25,False
985,0.2751706982456951,0.9054117647058824,nan,nan,20,6375,45.65224473059938,44.4018543230525,10.4,False
986,0.2711542371338558,0.9083189180688788,nan,nan,20,6359,47.58518151778849,45.12787567548356,10.45,False
987,0.276048703198313,0.9033901002705714,nan,nan,20,6283,45.7076463019257,43.655548171551246,10.25,False
988,0.2570687875507172,0.9114339268978444,nan,nan,20,6402,46.03344700719959,44.76063955481199,10.45,False
989,0.2953791480932696,0.9013806706114399,nan,nan,20,6084,43.560057814007436,41.898369061368996,10.0,False
990,0.27281334616506264,0.9067381316998468,0.31251339257711913,0.8986006094120302,20,6530,47.39725480224105,46.40250317167699,10.7,False
991,0.2599874477579409,0.9124543239951279,nan,nan,20,6568,47.40907299159683,46.14948588575054,10.65,False
992,0.24741894329758013,0.9179928548229945,nan,nan,20,6158,44.28742315687788,42.78577784440254,10.15,False
993,0.2774988405229496,0.9056540649046504,nan,nan,20,5978,43.14072341637994,40.58751320891399,9.75,False
994,0.2949156581334324,0.8951523764408653,nan,nan,20,6333,48.30190934669411,44.852507087772494,10.4,False
995,0.34409479436135243,0.8946280991735537,nan,nan,20,5808,41.53173938818926,39.5662980809135,9.65,False
996,0.25685764121700005,0.9127153404429861,nan,nan,20,6095,44.574395565092345,42.34213282505459,10.05,False
997,0.2860605513935725,0.9056126246836386,nan,nan,20,6717,48.64148285042448,48.32314968932299,11.0,False
998,0.29762689175353707,0.8984101748807631,nan,nan,20,6290,43.53031261315916,42.89310350310449,10.2,False
999,0.27514878149661515,0.9045789797172711,nan,nan,20,6508,49.37212470067398,47.376445078268105,10.8,False
1000,0.2709599189354168,0.9066191940443438,0.3168205675967403,0.8949328518225934,20,6179,44.31875971981208,42.8056441452925,10.15,True
