round,train_loss,train_accuracy,test_loss,test_accuracy,num_fit_clients,num_fit_examples,mean_local_steps,c_global_norm,mean_c_delta_norm,run_completed
1,3.948224675228011,0.06069182389937107,nan,nan,20,31800,51.75,0.0300967155605448,0.8355429217422282,False
2,3.6708270940527874,0.06461076846141023,nan,nan,20,29995,49.5,0.038688404308900665,0.5033107524949972,False
3,3.6860243210283596,0.06523494267721622,nan,nan,20,30965,50.75,0.03921015662159567,0.36204458430651265,False
4,3.6814329678183717,0.0643110680864795,nan,nan,20,30990,50.75,0.03876171447192005,0.44480038412177825,False
5,3.698761050492947,0.05831080006362335,nan,nan,20,31435,51.75,0.03877869646049639,0.39568168242265794,False
6,3.692810274186251,0.05857767698039851,nan,nan,20,30865,50.25,0.03827149253559082,0.4183906154770952,False
7,3.670725045490354,0.05814316974054392,nan,nan,20,31990,52.5,0.038297008939415615,0.3693196768202663,False
8,3.6663653238953335,0.06629535327816677,nan,nan,20,31420,51.0,0.03699000027357153,0.3856165188938488,False
9,3.6586349708566597,0.06375516956162118,nan,nan,20,30225,49.5,0.037920352516348114,0.40165487853922544,False
10,3.6689719207583726,0.06512968299711816,3.7098801492797158,0.05907911070985216,20,32965,54.25,0.037495487651352966,0.34108521967994776,False
11,3.645849504453828,0.06944898262290213,nan,nan,20,33665,55.0,0.03745986130289142,0.3349784204065962,False
12,3.690485389972333,0.05955075156223611,nan,nan,20,29605,48.25,0.03658662871339759,0.3767442313080664,False
13,3.653817548687525,0.06855888348753332,nan,nan,20,31885,52.0,0.036427028259745683,0.31212940127427197,False
14,3.650368019187581,0.07336463223787168,nan,nan,20,31950,52.25,0.037336957356567405,0.41946142710054213,False
15,3.663836615084498,0.06859083191850594,nan,nan,20,32395,53.0,0.03732422156263247,0.3379183659305439,False
16,3.67532592232784,0.06255291436014328,nan,nan,20,30710,51.25,0.03766010169858516,0.38378436048939973,False
17,3.674613953161502,0.0655661163915291,nan,nan,20,29985,49.0,0.03719369808141154,0.34889373485391306,False
18,3.661318230285447,0.06508013598834386,nan,nan,20,30885,50.5,0.03760429299789492,0.3503007466000473,False
19,3.6426752984999715,0.0705495537811179,nan,nan,20,31935,52.75,0.03899976551555371,0.3707244904064483,False
20,3.636018168579613,0.0733881163084703,3.6939387437170157,0.06410111725538878,20,31640,52.25,0.039968990968463694,0.30690683643642724,False
21,3.6472186228379595,0.0781279847182426,nan,nan,20,31410,51.25,0.040234567547030156,0.32572024006081524,False
22,3.6340030476628136,0.07665647298674821,nan,nan,20,29430,48.0,0.04140195757150802,0.3656210381612222,False
23,3.6500742976096756,0.07292259083728278,nan,nan,20,31650,51.75,0.043125370303562456,0.33507778797234394,False
24,3.613281145830924,0.07645018915510719,nan,nan,20,31720,52.0,0.045502315060888865,0.3439464828316459,False
25,3.633786202855414,0.07220170226433274,nan,nan,20,31135,51.0,0.04729672578827169,0.3062669536384295,False
26,3.610910200024537,0.08520123839009287,nan,nan,20,32300,52.75,0.04964737328736672,0.30932151070379804,False
27,3.6102321928047307,0.08265460030165912,nan,nan,20,33150,54.0,0.05228359026189994,0.309155474626445,False
28,3.6042440662612116,0.08260089686098655,nan,nan,20,33450,54.25,0.055794252794035,0.3177108970573749,False
29,3.620833434436837,0.08251564043463945,nan,nan,20,30370,49.75,0.059550628784194454,0.3642137362502044,False
30,3.5787816025785366,0.09435173299101413,3.612085932951293,0.11736824286197946,20,31160,51.0,0.06404817728781727,0.368580743147744,False
31,3.567958658229377,0.09958373358949728,nan,nan,20,31230,51.25,0.06869483410603586,0.4023907273935289,False
32,3.5220348039762004,0.10855522293997164,nan,nan,20,31735,51.75,0.07407197030007766,0.36774668262030713,False
33,3.4830089859417823,0.11710955710955712,nan,nan,20,32175,52.75,0.08188247585044646,0.41806633828824047,False
34,3.454004535381923,0.1278149726110773,nan,nan,20,32860,53.75,0.09088216739962571,0.463872088376414,False
35,3.4277973641186,0.1335149863760218,nan,nan,20,31195,51.25,0.099557677920453,0.4904325717167085,False
36,3.3497690141027245,0.15419501133786848,nan,nan,20,30870,50.75,0.10882560287701963,0.505446872367748,False
37,3.3295978138416826,0.16548643282594308,nan,nan,20,30220,49.5,0.11976661811259424,0.563793883401714,False
38,3.2196973871170598,0.1936890951276102,nan,nan,20,32325,53.0,0.12981420292728563,0.5739021767550445,False
39,3.111144646818988,0.21798640746009168,nan,nan,20,31635,52.25,0.14169318018790092,0.5925132288199301,False
40,2.988414971816128,0.24295010845986983,2.96394548256313,0.27683105744272657,20,29965,48.75,0.15313772141001028,0.6619249801919325,False
41,2.9003704322649866,0.2666241632132611,nan,nan,20,31370,51.0,0.16173224123270524,0.6045089443222453,False
42,2.830209027715625,0.2922572857389205,nan,nan,20,28995,47.75,0.1711344104535569,0.7149961142874124,False
43,2.6619228673050137,0.3217272312604531,nan,nan,20,32885,53.25,0.17785821217568581,0.5829173050933075,False
44,2.6008443940516663,0.3504758980657046,nan,nan,20,32570,53.0,0.18954509584377355,0.7482476819060502,False
45,2.5700305641550134,0.34928474114441416,nan,nan,20,29360,47.75,0.19336130757883815,0.7197456645119705,False
46,2.315021636511901,0.4056497175141243,nan,nan,20,32745,53.75,0.2027299296442813,0.7255837730513263,False
47,2.303253593428636,0.4096952471182694,nan,nan,20,31665,52.0,0.20915885725470204,0.738987069888148,False
48,2.172812533612163,0.4393406935157829,nan,nan,20,32155,52.25,0.2131736758948612,0.6754153730102269,False
49,2.1129328533382146,0.45861319966583125,nan,nan,20,29925,49.25,0.21691131307773956,0.8541127250586504,False
50,2.0455781444065844,0.47230238393977414,2.1722725987259497,0.4504006319828462,20,31880,52.0,0.22036544216067744,0.7896540924548907,False
51,2.038941637290072,0.4673582295988935,nan,nan,20,28920,47.75,0.22533222176590642,0.8431781235769019,False
52,1.9594666967629437,0.5016095617529881,nan,nan,20,31375,51.5,0.22577347886543486,0.7516050377531739,False
53,1.8884503794311165,0.5110491562729274,nan,nan,20,34075,55.75,0.22649382708637053,0.6374786413704555,False
54,1.9106352249667777,0.5032431524113594,nan,nan,20,29755,49.25,0.2262538034990202,0.8101447580241427,False
55,1.6994695988778703,0.5573642288196958,nan,nan,20,34525,56.25,0.22539245252239348,0.6814827644618415,False
56,1.6421362575698026,0.5744172145845786,nan,nan,20,33460,54.5,0.22464921792319828,0.6726263650092161,False
57,1.5679103788786364,0.5978770595690748,nan,nan,20,31560,51.0,0.22549337122060623,0.7614607898850091,False
58,1.6660559690872736,0.5602472022715884,nan,nan,20,29935,49.0,0.2239227266192547,0.729419770387917,False
59,1.7255849202523115,0.5544147208906758,nan,nan,20,32335,52.75,0.22259011523330874,0.7539312550678304,False
60,1.562396768391525,0.6001881467544685,1.7938004536118037,0.5305834555919197,20,31890,52.0,0.22504362053883264,0.8194249538925966,False
61,1.5165611782785795,0.6037593984962406,nan,nan,20,31920,51.5,0.2239185046168059,0.8173651656203299,False
62,1.439087729306396,0.6209785932721713,nan,nan,20,32700,53.25,0.22283045440754312,0.732632619558227,False
63,1.4533512949808864,0.6066171723692705,nan,nan,20,30980,50.75,0.2228413675308807,0.7416711307065125,False
64,1.4767026442633295,0.6089108910891089,nan,nan,20,32320,52.75,0.22140057370205393,0.8654021457334572,False
65,1.3876228972437687,0.6357482185273159,nan,nan,20,33680,55.0,0.21937419034040762,0.7479209684011054,False
66,1.5580596122860868,0.5936607453848833,nan,nan,20,28710,47.25,0.21802877764807918,0.9186886972554416,False
67,1.3196276128894806,0.6508711885500933,nan,nan,20,32140,52.5,0.21629260492805497,0.6935615478346013,False
68,1.328424084113121,0.647136,nan,nan,20,31250,51.5,0.2161048255653903,0.9260945821065633,False
69,1.3243692399537292,0.6413915857605178,nan,nan,20,30900,50.75,0.21421877945663523,0.7486450961504099,False
70,1.310944658582869,0.6566741911211437,1.534178545466665,0.585994808712335,20,33225,54.0,0.21294009796682015,0.8129727075615364,False
71,1.3043643734028398,0.6501935284099706,nan,nan,20,32295,52.5,0.21258039221260752,0.7659118966421694,False
72,1.243833784465767,0.6692356687898089,nan,nan,20,31400,51.5,0.2091358415703836,0.7713425980139412,False
73,1.2227524818559534,0.6731322505800464,nan,nan,20,32325,53.0,0.20904943926104835,0.7789472304462707,False
74,1.2412313392266858,0.671407884151247,nan,nan,20,31075,50.75,0.2082343963584641,0.8219765587628043,False
75,1.2658268165292563,0.6666987951807228,nan,nan,20,31125,51.25,0.20582014534798995,0.7945693731831822,False
76,1.1320214529649673,0.6892868265337901,nan,nan,20,32110,52.5,0.20378436107927336,0.6942578182766462,False
77,1.0863096313626603,0.7054370681886453,nan,nan,20,33290,54.5,0.2016907974550215,0.8180980046455103,False
78,1.0855839043288353,0.705004605465152,nan,nan,20,32570,52.75,0.19841897634909367,0.7781585422203353,False
79,1.2670348621094734,0.658146537303446,nan,nan,20,29890,49.0,0.196302430584977,0.9055437594641764,False
80,1.0338751256779057,0.723287203143687,1.383156716588146,0.6205845841327164,20,29265,47.75,0.19564186406687215,0.8934166650405659,False
81,1.0844597106763145,0.7026431718061674,nan,nan,20,31780,52.0,0.19418190577718317,0.786147981306223,False
82,1.072455701467775,0.7074351217958924,nan,nan,20,31405,51.25,0.19315009093043517,0.7625801689613987,False
83,1.0480474484999827,0.7141797961075069,nan,nan,20,32370,53.0,0.1914812644633677,0.6790273394169185,False
84,1.0405534644284087,0.7201468710089399,nan,nan,20,31320,51.5,0.19082842750909676,0.7571351592975539,False
85,1.1281695233133668,0.6950640424867229,nan,nan,20,32010,52.25,0.18941996011959658,0.8358954035450866,False
86,0.9704824448319014,0.7434849891674404,nan,nan,20,32310,53.25,0.18845421578564478,0.7987066900575841,False
87,1.0216673932955396,0.7298034242232087,nan,nan,20,31540,52.0,0.1858919014223164,0.7661949468896159,False
88,0.9770388127040668,0.7366071428571429,nan,nan,20,34720,56.0,0.18445113173765088,0.7139719877311285,False
89,1.0510696583030759,0.7209437621202327,nan,nan,20,30940,51.0,0.18245747523680575,0.8469147903360381,False
90,1.021343256662326,0.7273014868712433,1.2251281869988613,0.6560207651506602,20,31610,52.0,0.180174186978665,0.8417721886324587,False
91,0.9586109506400555,0.7399134754045826,nan,nan,20,31205,51.25,0.17832352885991465,0.7652485161267185,False
92,0.9741892542278011,0.734847247181833,nan,nan,20,30605,49.5,0.17778029605803,0.7472222056583111,False
93,0.9817624347967435,0.732074878087148,nan,nan,20,31785,51.5,0.17580976452757455,0.7221248545053982,False
94,0.8576504418337483,0.7587070194897797,nan,nan,20,31555,52.0,0.17305393296247437,0.7569033519099381,False
95,0.8902353982558175,0.7549626104690687,nan,nan,20,29420,48.5,0.17169806850366165,0.7449595567628126,False
96,0.8976064241080058,0.7576705920309728,nan,nan,20,30995,50.75,0.16951296590562898,0.8088437499154969,False
97,1.0300490763003811,0.7357427055702918,nan,nan,20,30160,49.5,0.16722964437172835,0.8663904063230081,False
98,0.899024312856691,0.7547962784728905,nan,nan,20,31170,51.25,0.16592482900113553,0.7402972934529392,False
99,0.8828047152611425,0.7565412857785104,nan,nan,20,33365,53.75,0.16487889463761973,0.6989967414526832,False
100,0.9486213271429559,0.7417463352453793,1.0777230464420635,0.6961403904751157,20,31380,52.0,0.16305557517426011,0.7525732166129455,False
101,0.8972835476924912,0.754889298892989,nan,nan,20,32520,52.75,0.1614046280744824,0.7612013308134202,False
102,0.8937494586366926,0.7571728934174349,nan,nan,20,30915,50.75,0.16022575882289852,0.7631374695201935,False
103,0.7885356290402594,0.7883869011522134,nan,nan,20,32980,53.75,0.1588260189319015,0.618815077232847,False
104,0.8483820334659766,0.7729022082018927,nan,nan,20,31700,52.0,0.15721184264426896,0.7448298971631746,False
105,0.8287406360535573,0.7674968474148802,nan,nan,20,31720,52.0,0.15596532955393655,0.6489132860783882,False
106,0.842883053332045,0.76275146009085,nan,nan,20,30820,50.0,0.15471281620199565,0.6627231250877507,False
107,0.7721534640728466,0.789228119617974,nan,nan,20,31935,52.5,0.15362531763679194,0.7295110786035813,False
108,0.7906305411952752,0.7828563041244679,nan,nan,20,34065,55.0,0.15224721290303733,0.7070862512287844,False
109,0.8171997287667679,0.7858988326848249,nan,nan,20,32125,52.0,0.15126407110789758,0.735389917384365,False
110,0.9356019259545417,0.7472292191435769,0.9796269626895107,0.7214761313621487,20,31760,51.75,0.1501967971157879,0.7156931939549652,False
111,0.8607808461769489,0.7620534277438044,nan,nan,20,31070,50.75,0.14866741712421347,0.7297305331061196,False
112,0.8305527399196136,0.7712531486146096,nan,nan,20,31760,51.75,0.14706097883256755,0.7869822356989831,False
113,0.8097303121363283,0.7732910970323441,nan,nan,20,29990,49.5,0.14576677849265962,0.8627856693179389,False
114,0.741337022921015,0.7993381866313699,nan,nan,20,30220,49.0,0.14470520902057316,0.7039213835853555,False
115,0.7221551118891588,0.8043382027445772,nan,nan,20,33885,54.75,0.14366561130445257,0.6140299629227973,False
116,0.7368467114829425,0.7935148748622698,nan,nan,20,31765,52.0,0.14259862591887495,0.7870388581194893,False
117,0.7539811872958558,0.7908460471567268,nan,nan,20,32445,53.5,0.14138583345461317,0.7372355858675649,False
118,0.7288644341890954,0.8020872865275143,nan,nan,20,31620,51.75,0.1398182347574053,0.8229508695583915,False
119,0.85765860665475,0.7738756613756613,nan,nan,20,30240,50.0,0.13881416702986815,0.9715707326934442,False
120,0.6746520819942599,0.8126232114467409,0.9057761216699075,0.7420155738629951,20,31450,51.5,0.13776773496300743,0.606828009436103,False
121,0.768698739368754,0.7848722986247544,nan,nan,20,30540,49.5,0.13698407250806205,0.7144489191115289,False
122,0.7343504075836124,0.7984773151025482,nan,nan,20,32180,52.5,0.13618630205594828,0.7577514495126145,False
123,0.9053642470752602,0.7655938204055359,nan,nan,20,31070,50.5,0.13473759375092523,0.9413349591183164,False
124,0.7441412832782459,0.7980651105651105,nan,nan,20,32560,53.0,0.1340009932954165,0.6784866769529329,False
125,0.6227607487640094,0.8245326336503772,nan,nan,20,30490,50.0,0.13301293537149195,0.7559974166306258,False
126,0.7720595264323395,0.7870876531573987,nan,nan,20,31830,52.0,0.13169558979701854,0.7736297910282768,False
127,0.7448242513174961,0.7986736144007579,nan,nan,20,31665,52.0,0.131036909165468,0.7433525715998134,False
128,0.8119313395234493,0.7763284224466148,nan,nan,20,30205,49.25,0.13046229945141866,0.8263754520034802,False
129,0.6790789809563836,0.8045204642638973,nan,nan,20,32740,54.0,0.12919509992491734,0.6940690534525239,False
130,0.6497781668166605,0.8179954785229842,0.8624982594192573,0.7524545762329308,20,33175,54.0,0.12890446324201005,0.6456992385164273,False
131,0.7002257351545911,0.803187969924812,nan,nan,20,33250,54.5,0.12803560464064265,0.6338195968658351,False
132,0.7594874760921697,0.7858738501971091,nan,nan,20,30440,50.0,0.1270770085305854,0.7732672239593791,False
133,0.6594004544990189,0.8233224349992215,nan,nan,20,32115,52.5,0.12563405619158244,0.8417529511967018,False
134,0.6282055269710587,0.8264766483516484,nan,nan,20,29120,48.0,0.12480336883030868,0.8250453760937985,False
135,0.7013330540296081,0.8110307982401006,nan,nan,20,31820,51.75,0.12408214824124318,0.6835887045736091,False
136,0.7784892031579626,0.7945751633986928,nan,nan,20,30600,50.5,0.12324717692496019,0.8618048201088181,False
137,0.7554214458074882,0.7947834981247869,nan,nan,20,29330,48.25,0.12240988851821848,0.7844119472733855,False
138,0.6216701660422035,0.8221266133988937,nan,nan,20,32540,53.5,0.12182211207865154,0.72142332939225,False
139,0.7557761852528685,0.7975324066843668,nan,nan,20,32015,52.5,0.12105322504275398,0.789495531960636,False
140,0.6460190304119832,0.820752926289149,0.7825026134311339,0.7758153707256518,20,31610,51.0,0.12048100182320069,0.6777847797377576,False
141,0.7147651342222471,0.7964011891722735,nan,nan,20,31955,52.5,0.11968886412316063,0.7072344335840677,False
142,0.6587260413521056,0.818313404657017,nan,nan,20,31780,51.5,0.11888227811902889,0.7157758780401493,False
143,0.6834636956739271,0.8107457627118644,nan,nan,20,29500,48.75,0.1177165936152602,0.855888529678736,False
144,0.6851483214459754,0.8178452776459421,nan,nan,20,31605,52.25,0.1168883529981594,0.8657696359684076,False
145,0.6654703816691862,0.8158483530142946,nan,nan,20,32180,52.25,0.11618899369271479,0.6949806790315451,False
146,0.7248770037765284,0.7965217391304348,nan,nan,20,30475,49.5,0.11556227675128869,0.8088156737665069,False
147,0.69714132383368,0.8032005120819331,nan,nan,20,31245,51.0,0.1148164462732321,0.7405046148867234,False
148,0.6670084462508633,0.8185744488070069,nan,nan,20,33110,54.0,0.114331194593622,0.804235383958475,False
149,0.6665167218237231,0.8117016243494717,nan,nan,20,31705,51.75,0.11330964980600272,0.8065124592880231,False
150,0.6861253496789202,0.8084724907716646,0.7413702052140825,0.7865365082947748,20,28445,46.5,0.11280251184854882,0.8962407384203825,False
151,0.6286261968344079,0.8225159525979945,nan,nan,20,32910,53.5,0.11193190017815098,0.7449777741920215,False
152,0.6350216164034397,0.8213677907343209,nan,nan,20,31730,51.75,0.11154368005449007,0.6835448111802627,False
153,0.7686313358638058,0.802793124616329,nan,nan,20,32580,53.5,0.11066232743547819,0.8694108236390917,False
154,0.5792749062196306,0.8321477221129105,nan,nan,20,33035,54.5,0.10975810578526411,0.748184221539462,False
155,0.6270408870159246,0.8212758960868135,nan,nan,20,30410,49.75,0.1094102255606496,0.794800836156362,False
156,0.6381048852601383,0.8224643486620734,nan,nan,20,31205,51.25,0.1092226253436144,0.8526294416926661,False
157,0.6292975044073826,0.8198959482894529,nan,nan,20,31715,52.0,0.10844576654158798,0.7591313084969314,False
158,0.6467625771354645,0.8165097755249819,nan,nan,20,27620,45.25,0.10778038729681332,0.9379578290659193,False
159,0.613583743448647,0.8363997555012225,nan,nan,20,32720,53.75,0.1067882210924674,0.7899969387434391,False
160,0.6388402676113558,0.8219044523886903,0.7055320531893309,0.7972012188240605,20,30770,49.75,0.10602897336850099,0.7880181703336528,False
161,0.7897962821389969,0.8013614703880191,nan,nan,20,29380,48.5,0.10509606987125851,1.0206619544337467,False
162,0.7356429800524861,0.8059696875966594,nan,nan,20,32330,53.5,0.1044008757245812,0.9576308295685841,False
163,0.5960820307485718,0.8339452395768513,nan,nan,20,32140,52.0,0.10399818125466903,0.7593958124187167,False
164,0.6091392278195072,0.828023598820059,nan,nan,20,30510,50.0,0.10327613964343642,0.7863759562775358,False
165,0.6105706276476374,0.8266889835666463,nan,nan,20,32860,53.5,0.10279016688391088,0.7558164306127337,False
166,0.5190605590156666,0.8534011443102352,nan,nan,20,31460,52.0,0.10211122881915774,0.7726769739989452,False
167,0.5765530179964699,0.83581589958159,nan,nan,20,29875,49.0,0.10162184553609817,0.7685341986743365,False
168,0.633032548746977,0.8287804102401017,nan,nan,20,31445,51.25,0.10095782294144082,0.7382099169515131,False
169,0.6508942667771053,0.8190115269224696,nan,nan,20,31665,51.75,0.10027682677533546,0.8155522994565529,False
170,0.6144103385266637,0.8216621662166217,0.6694186965844228,0.8073580859948087,20,33330,54.0,0.09966740326929945,0.7925479879189427,False
171,0.6323154327783146,0.8215311004784689,nan,nan,20,31350,51.25,0.09921642316049169,0.8906893232108709,False
172,0.6406896670866343,0.828391472868217,nan,nan,20,30960,51.0,0.09872765288852331,0.8789355889460027,False
173,0.6382288629690615,0.8145964691046659,nan,nan,20,31720,52.0,0.09837412944656031,0.7235001229411214,False
174,0.6266188662114434,0.8289557760215235,nan,nan,20,29735,49.0,0.09836268921576298,0.9496196740857241,False
175,0.6911946832884515,0.8158598432457353,nan,nan,20,32535,53.25,0.09753514203179071,0.8250783370738256,False
176,0.6156009543238443,0.8293603744149766,nan,nan,20,32050,53.0,0.09702334148404582,0.7331770823185276,False
177,0.5531007809245592,0.8451438563026545,nan,nan,20,31455,50.75,0.09669659914858804,0.6954734858744833,False
178,0.531586320741414,0.8459728506787331,nan,nan,20,33150,54.0,0.09629275409011413,0.5785568384512303,False
179,0.5963318916533392,0.837037037037037,nan,nan,20,31320,52.0,0.0956041922995488,0.8958623159906569,False
180,0.5884963265981599,0.8297400126823081,0.6355002577559645,0.8153142986118949,20,31540,51.5,0.09502885030234005,0.8681850159892812,False
181,0.5936744192238215,0.8326899128268991,nan,nan,20,32120,52.5,0.0946015802283916,0.7149454196250368,False
182,0.5734021786666301,0.8472089314194577,nan,nan,20,31350,51.25,0.09434334593468549,0.88699093389288,False
183,0.5812465348379945,0.8379117464263518,nan,nan,20,32180,52.5,0.093758240231306,0.7595157166030857,False
184,0.5249830565385538,0.8507088691064952,nan,nan,20,30330,49.25,0.09325157031513413,0.7944037004434313,False
185,0.6035074432863954,0.8279918226136185,nan,nan,20,31795,52.25,0.09262793589532353,0.7169039761976803,False
186,0.56194216140942,0.8399812294697325,nan,nan,20,31965,51.5,0.0925101535354724,0.7446191777370477,False
187,0.5489000952422649,0.8489157841654059,nan,nan,20,29745,48.25,0.09227661166250041,0.7461372417831267,False
188,0.5785181527820621,0.8411755259354424,nan,nan,20,31135,51.0,0.09179876576786498,0.8264165812177324,False
189,0.7050643781473094,0.8213516160626837,nan,nan,20,30630,50.25,0.09125885399340121,1.065429929962224,False
190,0.6788958717750522,0.8206389776357828,0.6232153618931703,0.8194898995598691,20,31300,51.5,0.09062266950447248,1.0814460028565283,False
191,0.585752623310229,0.838794103031307,nan,nan,20,30185,50.0,0.09026229774901905,0.8249315540189504,False
192,0.5047203559861223,0.8572378261592155,nan,nan,20,30085,49.25,0.08985193441779847,0.7064524291190447,False
193,0.5240057942023945,0.843747937974266,nan,nan,20,30310,49.25,0.08954925869099356,0.8041638101169823,False
194,0.5617671791916031,0.8428641975308642,nan,nan,20,30375,50.25,0.08945617229786662,0.8907400974739927,False
195,0.5594292372906596,0.8433543791484539,nan,nan,20,30885,50.25,0.0893610178143499,0.7738745443475256,False
196,0.5625788425267366,0.8440608172315489,nan,nan,20,31570,51.75,0.08884773657485565,0.8318060023108845,False
197,0.5823066157249974,0.8436176648517847,nan,nan,20,33060,54.5,0.0881908257513478,0.7562678109229024,False
198,0.6197413281952558,0.8329252150893448,nan,nan,20,30220,50.25,0.08751481588697198,0.9426093160184014,False
199,0.5275914453517955,0.8525249223729368,nan,nan,20,30595,50.25,0.08703828713824167,0.8344899507571306,False
200,0.46732640021453437,0.8690322580645161,0.5926100413991129,0.8274461121769552,20,32550,52.75,0.08712071664953494,0.6943967776420744,False
201,0.6048189047679886,0.835592203898051,nan,nan,20,33350,54.5,0.08680324844133158,0.9006614439755347,False
202,0.5798108509765156,0.8336786712711725,nan,nan,20,30405,50.0,0.08652541568260766,0.8434316172105982,False
203,0.5541647423826033,0.848206918438591,nan,nan,20,31510,52.25,0.08575733531540133,0.8526214082470455,False
204,0.5122566943481738,0.8492268041237113,nan,nan,20,31040,51.0,0.08554779969961893,0.7963787243930452,False
205,0.5473082273456119,0.8436662901403905,nan,nan,20,30985,50.75,0.08525820125017144,0.8821193590533859,False
206,0.5111076501025502,0.8538888888888889,nan,nan,20,32400,53.75,0.08474956906331674,0.812682597532303,False
207,0.5371329247845036,0.8363575938850116,nan,nan,20,30090,49.0,0.08465495815539034,0.8811353067108711,False
208,0.4872277254090085,0.8682356608478803,nan,nan,20,32080,52.5,0.0842327830606193,0.7665646000964227,False
209,0.518726403762281,0.8525418474891506,nan,nan,20,32260,53.25,0.08402220663286249,0.8077498780036413,False
210,0.4616341607872244,0.8657469914881127,0.571053738539435,0.8328631080013542,20,34070,55.5,0.08368013318915639,0.7499483695443485,False
211,0.5011893433264331,0.8611067318303642,nan,nan,20,31715,52.0,0.08339077476809298,0.843602262809086,False
212,0.45923799836647194,0.8669415177889754,nan,nan,20,32745,54.0,0.08294036917605262,0.7280434449705517,False
213,0.5233516792602434,0.8562965360958239,nan,nan,20,30890,50.25,0.08256194845005477,0.7938170333092727,False
214,0.5215680125039248,0.8510101826410215,nan,nan,20,30935,50.75,0.0823544741905089,0.8237792698243233,False
215,0.5264432394282639,0.8506817833614218,nan,nan,20,32635,53.25,0.08186588764019785,0.8234184127084523,False
216,0.565038340144714,0.8381773399014778,nan,nan,20,28420,46.5,0.08134787626343964,0.9041705419086167,False
217,0.4862505170593498,0.8588476070528968,nan,nan,20,31760,52.0,0.08115643132962493,0.8545421399331344,False
218,0.5123160197443992,0.847940074906367,nan,nan,20,30705,50.25,0.08085160732617987,0.8277421117257809,False
219,0.5690608321083868,0.8299177021139261,nan,nan,20,30985,50.5,0.0804388751102951,0.8119354967578627,False
220,0.5055307667112288,0.8588327580796987,0.55718827011515,0.834104502877779,20,31870,52.5,0.08024215828729037,0.8742897068796058,False
221,0.5076109754996955,0.8568318081413695,nan,nan,20,31690,52.0,0.07976718507940184,0.8208381306578449,False
222,0.4645514488751924,0.8637892543533264,nan,nan,20,33595,54.75,0.07968315435331672,0.7901721789762817,False
223,0.4375087856997508,0.8718836993504485,nan,nan,20,32330,52.75,0.07934515481062532,0.6090005517707284,False
224,0.5120753450661194,0.8499842519685039,nan,nan,20,31750,51.75,0.07933888999214261,0.8253460865511307,False
225,0.47962040646405163,0.8554694762937713,nan,nan,20,32270,52.5,0.07946772178638997,0.7800455087106447,False
226,0.494961238638744,0.8529759200363471,nan,nan,20,33015,54.25,0.07925902122875199,0.7706348828434662,False
227,0.4828943849502358,0.8548895899053628,nan,nan,20,30115,49.25,0.07903562045732393,0.8454564687643427,False
228,0.44980730075705366,0.8690123067213632,nan,nan,20,31690,51.75,0.07921850833580424,0.8439199453106758,False
229,0.6768720678655499,0.8298389746960236,nan,nan,20,30430,50.25,0.0786888756044345,1.1488927247246101,False
230,0.4736142207793028,0.869120913995557,0.5466647450292423,0.8374901252680285,20,31510,51.5,0.0784349723876828,0.8063086903953204,False
231,0.4590551347520458,0.8668619892058597,nan,nan,20,32425,52.5,0.07791009463175937,0.7114293121813374,False
232,0.5973424904327975,0.8354864821110571,nan,nan,20,30885,50.25,0.07787709170314423,0.9416555438040074,False
233,0.49654032676862353,0.8688060405851817,nan,nan,20,31785,52.25,0.07798206531197435,0.9788870565120688,False
234,0.4422919344577624,0.8748276390378428,nan,nan,20,32635,52.75,0.07788624592232178,0.7242130291921157,False
235,0.43802062665518443,0.8760730593607305,nan,nan,20,32850,53.5,0.07805853561847582,0.7522902951916117,False
236,0.5170648969056272,0.8584411486273272,nan,nan,20,31690,51.75,0.07745432790279203,0.8176461245777042,False
237,0.4566463090327822,0.8643933386201428,nan,nan,20,31525,51.75,0.07741081029348823,0.9011308734954525,False
238,0.44329097647375465,0.8708277204011375,nan,nan,20,33405,54.75,0.07751699834364785,0.7730469393315382,False
239,0.5176230479863079,0.8635930536345474,nan,nan,20,32535,53.25,0.07673989311981494,0.969848873539276,False
240,0.5060123351220318,0.8475998657267539,0.5272261991200577,0.8431892562916149,20,29790,48.75,0.07646809431680936,0.977800854862622,False
241,0.5199555278896428,0.854370120924537,nan,nan,20,32665,53.75,0.07617338632881805,0.9935757316992604,False
242,0.49821756706955206,0.8551835678473233,nan,nan,20,30915,50.5,0.07615585746947703,0.7809073232937894,False
243,0.5175871846511144,0.8505119453924914,nan,nan,20,30765,50.0,0.07594028987664382,0.8866440790342752,False
244,0.42994111863425827,0.8732651455546814,nan,nan,20,31775,52.25,0.07613640185497428,0.7271285023496266,False
245,0.5015477526473093,0.8554942456250986,nan,nan,20,31715,51.75,0.07599268786702493,0.9584012653490399,False
246,0.6378416969691316,0.8265244387836331,nan,nan,20,31405,51.75,0.07574314675523904,1.0065630227734057,False
247,0.4652557174388497,0.8644484958979034,nan,nan,20,32910,53.75,0.07534642856335338,0.8305377459271789,False
248,0.46870238302645284,0.8691039203484754,nan,nan,20,32140,52.5,0.07506738791437965,0.8442703065782247,False
249,0.5575633592456696,0.8510272819131021,nan,nan,20,29690,49.0,0.07434957601305464,0.9532670146712917,False
250,0.3961458145503276,0.8786755386565273,0.5122124233548279,0.8475905653989392,20,31560,51.5,0.0738362589189206,0.8566083315786439,False
251,0.45614797096906434,0.8670987654320987,nan,nan,20,32400,52.25,0.0733908308097561,0.7574540830485995,False
252,0.49434379710429094,0.8633767846058349,nan,nan,20,32220,52.75,0.07290694992959076,0.9406701173865114,False
253,0.44379230923161705,0.8673254701944533,nan,nan,20,31370,51.0,0.07245694168077722,0.8281907243290785,False
254,0.5381531680570466,0.854774661203908,nan,nan,20,31730,52.5,0.07170141054334463,1.0214119543670772,False
255,0.5196256487185096,0.8504077791718946,nan,nan,20,31880,52.0,0.07109690052554256,0.7355082514779887,False
256,0.48925335816231746,0.8577756532823454,nan,nan,20,31380,51.25,0.07104871569054168,0.8587627698035023,False
257,0.4810982268852558,0.8612913907284768,nan,nan,20,30200,49.25,0.07078385552393876,0.9121142395222588,False
258,0.5265361126706622,0.8616839536302624,nan,nan,20,32780,53.5,0.07042214451128866,0.7879187961903529,False
259,0.4873200105077309,0.8563196434256606,nan,nan,20,31410,51.75,0.07020266029744855,0.8485927621853,False
260,0.49841000175281586,0.8611917725347853,0.4975821063731355,0.8508069066696761,20,33060,53.75,0.07019124070689402,0.7586254274300919,False
261,0.49402772658055616,0.8639860693367105,nan,nan,20,31585,51.75,0.06990782407529499,0.910925122576795,False
262,0.5943341954817203,0.8417962003454231,nan,nan,20,31845,52.25,0.06951116374547574,0.9245821220081497,False
263,0.4794525542454657,0.864988344988345,nan,nan,20,32175,52.25,0.06941720701339778,0.7207216860772201,False
264,0.47682244622407677,0.8569714656290531,nan,nan,20,30840,50.25,0.06990759140890364,0.8679094396422409,False
265,0.4084398221132393,0.8829931972789116,nan,nan,20,32340,52.5,0.07044570791052301,0.8937310256541922,False
266,0.4847978057189864,0.861300688599847,nan,nan,20,32675,53.5,0.07116085954467298,0.9176011178702661,False
267,0.5027404293997063,0.8618134965372846,nan,nan,20,31045,51.0,0.0706054972750481,0.9896722221201196,False
268,0.4196340916573924,0.8736313573048267,nan,nan,20,30870,50.75,0.07042968625385075,0.8534912058454045,False
269,0.45106206835205936,0.8737677399664275,nan,nan,20,32765,54.0,0.07003544280379463,0.7966863101877099,False
270,0.38415808540404234,0.8829666876178504,0.49354763249486716,0.8505247714704887,20,31820,51.75,0.06948082508753292,0.7636651506842471,False
271,0.4273900591391801,0.8709134233518666,nan,nan,20,31475,51.25,0.06936830634337324,0.8419697263114612,False
272,0.40266903227742584,0.8808992154496077,nan,nan,20,33140,54.25,0.06941072578198348,0.7169858251183887,False
273,0.4506572977387414,0.8675144880875725,nan,nan,20,31060,51.25,0.06902595603589734,0.8140808151349395,False
274,0.4576120940730405,0.8622355488922205,nan,nan,20,30015,49.5,0.06832734251154396,0.7601516288272968,False
275,0.47138298771286297,0.8701849345963013,nan,nan,20,33255,54.0,0.06778781759424203,0.7206438344072448,False
276,0.328032178591609,0.8972815235754876,nan,nan,20,32555,53.0,0.06786863183049584,0.697131218180231,False
277,0.37144704531579636,0.8850391186332428,nan,nan,20,31315,51.25,0.06780397215502271,0.8284305356739992,False
278,0.42750397969318776,0.8785564685033027,nan,nan,20,31035,51.0,0.06769812525698107,0.8062958991828879,False
279,0.3700092981190706,0.8893473941616995,nan,nan,20,32715,53.75,0.06753087809956262,0.7063482500306937,False
280,0.4510482616949707,0.868730358265242,0.4846344487336941,0.8533461234623632,20,31820,51.75,0.0672263832872413,0.7034881685717698,False
281,0.4236334613330716,0.8698174372973895,nan,nan,20,29305,48.25,0.06693072874596408,0.8239860745676012,False
282,0.4260101423212549,0.871968253968254,nan,nan,20,31500,51.75,0.06681931155405316,0.7796511607953707,False
283,0.4268175070199879,0.8730443285528031,nan,nan,20,30680,50.0,0.0664966629145226,0.857956358041316,False
284,0.4558827697270017,0.8650049850448654,nan,nan,20,30090,49.5,0.06668185953057013,0.7420474361538683,False
285,0.43315100526823147,0.870527790751985,nan,nan,20,32115,52.5,0.06659405300114904,0.7215316226669494,False
286,0.4414301974437697,0.868787928489421,nan,nan,20,30485,50.25,0.06677598297227855,0.8946257960389321,False
287,0.4194942654408665,0.8751935483870967,nan,nan,20,31000,50.75,0.0667891590442421,0.7460974634843021,False
288,0.5423835738070315,0.8575743707093821,nan,nan,20,32775,53.75,0.0660266106928338,0.7702644230300146,False
289,0.4451951239300092,0.8702194357366771,nan,nan,20,31900,52.0,0.06589433150684572,0.8145392327320898,False
290,0.41990687011437144,0.8722354057902231,0.47520111470442566,0.8546439453786254,20,31605,51.75,0.0659289700482771,0.7611903016106172,False
291,0.4037271146591662,0.8807302853636084,nan,nan,20,32590,53.0,0.06591629119282083,0.7091769995856688,False
292,0.44480761646309375,0.8667019587083112,nan,nan,20,28335,46.25,0.06596654963335319,0.8751572743294741,False
293,0.35523432266335375,0.8925977011494253,nan,nan,20,32625,53.75,0.0662782635529891,0.7512567892058029,False
294,0.42884010883978757,0.8701826846703733,nan,nan,20,31475,51.5,0.06585187939589264,0.7405073241096956,False
295,0.526692417913519,0.8471964895173086,nan,nan,20,30765,50.5,0.06551698429118388,0.9536307863135993,False
296,0.51841562303984,0.8557778145147958,nan,nan,20,30245,50.25,0.0645114141831867,0.9225536386856484,False
297,0.41459948427231963,0.8812847436689314,nan,nan,20,32380,52.5,0.06430343084369661,0.7413732015551193,False
298,0.5098467054734491,0.8601764234161989,nan,nan,20,31175,51.5,0.06374145902139279,0.906376506542129,False
299,0.3707655670357589,0.8860735317523476,nan,nan,20,31415,51.5,0.06386973014805758,0.7602059510542012,False
300,0.4886559990002956,0.8756179237761123,0.4656927532326918,0.8578038596095249,20,31355,51.25,0.06359355257961753,0.8701190855860371,False
301,0.4563606109398846,0.8666023476443158,nan,nan,20,31095,51.25,0.06356239787579678,0.7875436750268383,False
302,0.4522267129745162,0.8665071770334928,nan,nan,20,31350,51.5,0.06363431660240136,0.8736735028330729,False
303,0.45751786405440203,0.8676515851031087,nan,nan,20,32490,53.25,0.06335206638061074,0.8753701305987628,False
304,0.40344616135198125,0.8817160044324838,nan,nan,20,31585,51.5,0.06327492175319441,0.780970355411999,False
305,0.4629788675472464,0.8609469562121751,nan,nan,20,28090,46.25,0.06299651538379436,0.8208165406400807,False
306,0.4859905194721632,0.8579624748022949,nan,nan,20,32245,52.5,0.06248390906396508,0.7060200481585457,False
307,0.421662557779319,0.86891573827083,nan,nan,20,31865,52.0,0.06252910192575237,0.7543814529638881,False
308,0.46259315351410013,0.8585326175370099,nan,nan,20,30735,49.75,0.06262554297188523,0.8412679338934617,False
309,0.4407001390229178,0.871965811965812,nan,nan,20,29250,48.0,0.0628496323919499,0.945011920108905,False
310,0.39746704266028643,0.8880227500836401,0.46073899152329756,0.8618101794379867,20,29890,49.25,0.06287684515636693,0.854231866078333,False
311,0.445697410903009,0.8692307692307693,nan,nan,20,31590,52.0,0.06273924844398875,0.8232480972307892,False
312,0.41055204972133114,0.8803995415097429,nan,nan,20,30535,50.25,0.062708816478514,0.8724274536316182,False
313,0.3827551754452045,0.8845446455057846,nan,nan,20,33710,55.0,0.06264194369112414,0.611513519552283,False
314,0.3612762581188625,0.893866424352567,nan,nan,20,33015,53.5,0.062407678874684305,0.6735544918316922,False
315,0.39170750033093005,0.8863936591809776,nan,nan,20,30280,49.5,0.062414404804977876,0.817459911173126,False
316,0.3941359353987675,0.8829783877583215,nan,nan,20,31695,51.75,0.06207274483203861,0.791752975990385,False
317,0.4791032208932736,0.8568543556392264,nan,nan,20,29215,48.0,0.06226112651088361,0.9272288205867956,False
318,0.42782415048077993,0.8715589887640449,nan,nan,20,28480,46.0,0.06231888655713455,0.8977799306994164,False
319,0.4362673176277921,0.8837314105452907,nan,nan,20,33285,54.25,0.061930515240296205,0.7384148730448982,False
320,0.48793944947108286,0.8650063856960408,0.4527367392319237,0.8640672610314862,20,31320,51.5,0.061462426194189054,0.7741759522888059,False
321,0.39394697687932617,0.8844458952178881,nan,nan,20,30635,50.25,0.06164594928713862,0.7703506190687729,False
322,0.4437359080838526,0.8744148506860371,nan,nan,20,30975,51.0,0.06169021781507868,0.9440647189187169,False
323,0.3995601777978828,0.8781634938409855,nan,nan,20,31255,51.25,0.06141416042268756,0.7227632672220454,False
324,0.3797372388131095,0.8833173537871525,nan,nan,20,31290,50.75,0.061517222170287725,0.7352354112146184,False
325,0.34758349444191694,0.8908747044917258,nan,nan,20,31725,51.5,0.061865386890797784,0.7389260058464477,False
326,0.3987571266593971,0.8804643962848298,nan,nan,20,32300,52.25,0.06186335252965198,0.703078458824731,False
327,0.37805237496104394,0.8929307805596466,nan,nan,20,33950,56.0,0.06196286674590367,0.7618391140126579,False
328,0.4044325926162753,0.876899368161504,nan,nan,20,32445,52.75,0.06196745040551766,0.7844069322936557,False
329,0.41011654214041515,0.8811803484539319,nan,nan,20,31855,51.75,0.06213781532783479,0.8904584884334137,False
330,0.3410201604833368,0.8973115773115773,0.44706896092415177,0.8645751043900237,20,32175,52.75,0.0621855502744269,0.7001656539948741,False
331,0.36135788880088804,0.8909572809479264,nan,nan,20,32070,52.5,0.06238230839486343,0.6830020048883423,False
332,0.4038827610521181,0.880765456329735,nan,nan,20,30570,50.0,0.06171544979323163,0.8566068986269547,False
333,0.3260205035824263,0.8998826291079812,nan,nan,20,34080,55.75,0.06147767941295659,0.5889634240551109,False
334,0.36764793333694124,0.890677834651776,nan,nan,20,32235,53.0,0.06109591837191385,0.7159098943404967,False
335,0.40113452537148947,0.8753841229193342,nan,nan,20,31240,51.0,0.06059769226876607,0.8271740513623289,False
336,0.41339337358021777,0.8763061968408262,nan,nan,20,32920,54.25,0.0599282351086088,0.8049018851407727,False
337,0.4036570857840112,0.8760482091325751,nan,nan,20,29455,48.25,0.059583569260980074,0.8331407327494116,False
338,0.3334246495429217,0.8973551841635568,nan,nan,20,30815,50.75,0.059821281236204324,0.7325233843597413,False
339,0.49354178235370044,0.8752959262106073,nan,nan,20,32525,53.25,0.05935144317607564,0.8041958635947093,False
340,0.4423747349903594,0.876419853539463,0.4394414087858578,0.8664371967046609,20,30725,51.0,0.05870881058619509,0.9928316953722168,False
341,0.37633685078712886,0.8903889424622308,nan,nan,20,31110,51.25,0.05852105190283716,0.739102795970944,False
342,0.41651289378355383,0.8819964917875937,nan,nan,20,31355,51.5,0.058225788862769426,0.9138150123915635,False
343,0.39063802603707054,0.8806294994140298,nan,nan,20,29865,49.5,0.057960626383976165,0.7912617773999241,False
344,0.41362313453544164,0.8804949527841094,nan,nan,20,30710,50.5,0.057517613921075565,0.6710026625217121,False
345,0.4176363471065867,0.8755072228534329,nan,nan,20,30805,50.75,0.057154864914062145,0.757996896590109,False
346,0.39919608563109665,0.8781962338949455,nan,nan,20,30270,49.5,0.05693197106425941,0.7381597442343104,False
347,0.3791537979398439,0.8864376713433317,nan,nan,20,31005,50.75,0.05679281578062152,0.7289219165963428,False
348,0.3128581806923355,0.9045945945945946,nan,nan,20,33300,54.0,0.05678729163927124,0.5522890288200774,False
349,0.4323543126340834,0.8833937635968093,nan,nan,20,34475,56.25,0.05703494492734221,0.8072546898483008,False
350,0.4032646776021317,0.8766569673456192,0.42999994012507936,0.8692585486965354,20,30930,51.0,0.05701445677576719,0.7192059312057719,False
351,0.5287222777471554,0.8635637897273686,nan,nan,20,33195,55.0,0.05696625223309849,1.0209636804816722,False
352,0.4137641074495417,0.8787897988278156,nan,nan,20,31565,51.75,0.05687055734388144,0.7281038685773273,False
353,0.34743271844930873,0.8921556322560401,nan,nan,20,31870,52.5,0.05723244580541879,0.7142331147770107,False
354,0.4367392396923608,0.8786700125470515,nan,nan,20,31880,52.75,0.05710175236863214,0.8510500184057037,False
355,0.38443439770111226,0.8815139192993431,nan,nan,20,31970,52.5,0.05680636170687076,0.7606335537467441,False
356,0.3197426731080613,0.9052520374283127,nan,nan,20,33130,54.0,0.056844253120409284,0.6395017967691721,False
357,0.4923515810911319,0.862768534970118,nan,nan,20,30955,51.0,0.05687422062713772,0.9491260885273919,False
358,0.4121755714902371,0.8837306031035035,nan,nan,20,31255,51.0,0.056849370542866234,0.958805198760572,False
359,0.3568350192315008,0.8902875399361022,nan,nan,20,31300,51.5,0.05682978036411926,0.69072945345938,False
360,0.39444275861051686,0.8822830336200156,0.4258512832512773,0.8711206410111726,20,31975,52.5,0.0571187285046874,0.7579431590176393,False
361,0.483408245750226,0.8773923815422732,nan,nan,20,32290,52.75,0.05659847131725606,0.7928026695118608,False
362,0.3317866793331331,0.8984793187347931,nan,nan,20,32880,54.0,0.05722849068568234,0.6627885842331342,False
363,0.6261460006954034,0.8546354635463547,nan,nan,20,33330,55.0,0.056303059899792736,0.8796086141165411,False
364,0.4233550706351089,0.8692547092547093,nan,nan,20,30525,49.75,0.05651627058004931,0.8775098448904911,False
365,0.3356898579166172,0.9029671717171717,nan,nan,20,31680,51.75,0.05684999184967915,0.662965502918097,False
366,0.3802085123146605,0.8860364842454395,nan,nan,20,30150,49.25,0.056904446900624524,0.9064228651846763,False
367,0.38034967588231333,0.8812077370655763,nan,nan,20,31795,52.25,0.05743196270936799,0.7489017460295738,False
368,0.4536797542655233,0.8626086956521739,nan,nan,20,31625,52.0,0.057102667330356564,0.9177667067986581,False
369,0.36622388999211214,0.8933645589383294,nan,nan,20,32025,52.25,0.05702753512664185,0.6804536660471783,False
370,0.40539396464603555,0.8727529855436832,0.4235446427701464,0.8695406838957228,20,31820,52.25,0.05710399703208119,0.8311772518915961,False
371,0.3992756715253758,0.8767603410167351,nan,nan,20,31670,51.25,0.05704425347687405,0.7496377648691388,False
372,0.39683573317914966,0.8845669291338583,nan,nan,20,31750,51.75,0.05680958834825067,0.7600320006979556,False
373,0.38525343249136756,0.887719298245614,nan,nan,20,30495,50.5,0.05714779767152824,0.9583466030621747,False
374,0.3717761569902967,0.8811871393239901,nan,nan,20,30325,50.0,0.05693983205860791,0.7956478067762838,False
375,0.4859368868191161,0.8758781421674713,nan,nan,20,30035,49.5,0.056003628211103364,1.095345391165265,False
376,0.41971555873328176,0.8724623759205892,nan,nan,20,31230,50.75,0.0561611036375941,0.7618539441578986,False
377,0.4235858119069296,0.8740740740740741,nan,nan,20,31590,52.25,0.05630558834093839,0.7624888086583013,False
378,0.38127088062151193,0.8878444084278768,nan,nan,20,30850,51.0,0.0564565279687431,0.912075858560431,False
379,0.4383221755432013,0.8891350531107739,nan,nan,20,32950,54.0,0.056330565514033766,0.8554164361173171,False
380,0.3712749310964017,0.8888321825277694,0.4171550922241239,0.8714592032501975,20,33310,54.0,0.055785798136026805,0.6274144113314655,False
381,0.3685730134661311,0.8871533503222905,nan,nan,20,33355,54.25,0.055419903379593766,0.7739654059826876,False
382,0.39862934762113605,0.8786753110215525,nan,nan,20,28535,47.0,0.055541177711663524,0.956315247033381,False
383,0.34583278820548274,0.8962939990696231,nan,nan,20,32245,53.0,0.05546538587572583,0.686805440376593,False
384,0.39974571185757923,0.8873861355565849,nan,nan,20,32385,52.75,0.055314228739003844,0.7271043911061057,False
385,0.4587564256601422,0.8670520231213873,nan,nan,20,33735,54.75,0.055200027820587,0.9228840756702249,False
386,0.431778915505789,0.8714101323007422,nan,nan,20,30990,51.25,0.05473547845232285,0.8302281731896943,False
387,0.3707272927809627,0.8856079824116354,nan,nan,20,29565,48.25,0.054946284591004646,0.8368789275000845,False
388,0.44779795003807626,0.871713275474124,nan,nan,20,31110,51.0,0.05469475095051026,0.7242195013433808,False
389,0.341998075584423,0.8966210906804967,nan,nan,20,31815,52.25,0.05487951087066002,0.6934609859441375,False
390,0.37247542033291253,0.8889398806792106,0.4173325755037582,0.8715720573298725,20,32685,53.25,0.055034237453830966,0.8321318588428268,False
391,0.36373602109873066,0.8964972425100611,nan,nan,20,33545,54.5,0.05490043932956707,0.7470104650951609,False
392,0.3746281250722296,0.8845301040422991,nan,nan,20,29315,48.25,0.055071090073833914,0.8905195697584561,False
393,0.3476538978219695,0.8956906729634002,nan,nan,20,33880,55.0,0.0550309821350549,0.6826418474230975,False
394,0.3125915345406985,0.9060646699448667,nan,nan,20,33555,55.0,0.05508434119027723,0.7175189036210494,False
395,0.41074993369877927,0.8760303330036268,nan,nan,20,30330,49.25,0.05519542545088389,0.8231171820502723,False
396,0.3658925949507997,0.886367939413064,nan,nan,20,31690,51.5,0.0556442138177557,0.7746610982265045,False
397,0.30241407821633126,0.9028741623231571,nan,nan,20,33575,55.25,0.05575894784494543,0.6671274557391234,False
398,0.37504681260188694,0.8851297405189621,nan,nan,20,30060,48.5,0.056203691501842144,0.8044133690115398,False
399,0.36019567369269806,0.8927598095550813,nan,nan,20,30455,49.75,0.05619660104779499,0.6877158702937907,False
400,0.33378949960533516,0.9039322444041137,0.4094643959940159,0.8749012526802844,20,33060,53.75,0.05604817852844241,0.7777898088617016,False
401,0.5060486219191562,0.8686241037896894,nan,nan,20,29290,48.5,0.05588072178028295,0.9363436761887911,False
402,0.3757482689776397,0.8884294649061848,nan,nan,20,28780,47.25,0.05645079380005455,0.9198522676238369,False
403,0.33823292950423334,0.898088769546675,nan,nan,20,31655,51.5,0.05661882218496239,0.7050815552953209,False
404,0.36041137133319906,0.8893471856101721,nan,nan,20,32245,52.75,0.05623573438597602,0.8277181185008684,False
405,0.3712615135600905,0.8876304966782663,nan,nan,20,31610,51.5,0.05666570160214973,0.8125339379801657,False
406,0.4144864639328179,0.8760695187165776,nan,nan,20,29920,49.0,0.05636051783270878,0.9372868548413102,False
407,0.40251748062004833,0.8824678344442722,nan,nan,20,32255,52.75,0.056477713737910246,0.8110328548793229,False
408,0.34191056916202117,0.8962962962962963,nan,nan,20,31860,51.75,0.056188461930677135,0.756210338300906,False
409,0.3606645501466938,0.8881877022653721,nan,nan,20,30900,50.5,0.05586224798059347,0.8145666678602218,False
410,0.3847444697110989,0.8826179206789619,0.40607697124769637,0.8749576797201218,20,30635,50.25,0.05539965038626805,0.7545511437945086,False
411,0.3943224226390739,0.87533239480682,nan,nan,20,31965,52.25,0.05491622765049986,0.7383178201942705,False
412,0.37213318171971743,0.8888479262672812,nan,nan,20,32550,53.25,0.05415888250156788,0.8093773414367762,False
413,0.3115334251818185,0.9080785029666819,nan,nan,20,32865,53.5,0.05450717991323427,0.6308780349928425,False
414,0.3029183324342671,0.9051975051975052,nan,nan,20,31265,50.75,0.05458304744430431,0.6575933765850628,False
415,0.34558714368429466,0.9004035512510089,nan,nan,20,30975,51.0,0.05497046391218138,0.8274537873699368,False
416,0.3800425127562674,0.8835986782817663,nan,nan,20,33290,54.25,0.05478862312895529,0.72255931261748,False
417,0.3798072288697042,0.8859273670557717,nan,nan,20,30840,50.0,0.05498098843730585,0.7432209451579898,False
418,0.34084305788649494,0.8983846388296252,nan,nan,20,32810,53.75,0.054786391169137916,0.6936963484597904,False
419,0.40234550777003986,0.8835478806907379,nan,nan,20,31850,52.5,0.054115711828091356,0.8919609827824976,False
420,0.41939628216057573,0.875347619826599,0.4045032677095101,0.8754655230786593,20,30565,50.25,0.05392061419886064,0.8874099795217306,False
421,0.41073919836689016,0.888163140141061,nan,nan,20,32610,53.25,0.05393769423359199,0.7666290762209564,False
422,0.5313697961821678,0.8557806496681802,nan,nan,20,28630,47.75,0.052770496820853725,0.9960093409138727,False
423,0.43158460430889845,0.8828840532640467,nan,nan,20,30790,50.5,0.05286020701498807,0.9276425936001852,False
424,0.3687218453122851,0.8865491009681881,nan,nan,20,28920,47.75,0.05235048846608887,0.8150488124352062,False
425,0.4233463218954667,0.8845402387967126,nan,nan,20,32245,52.5,0.052064097948923256,0.8737557358429673,False
426,0.3887923774876785,0.8856531753866403,nan,nan,20,30390,50.0,0.05253628484625104,0.8458817799335014,False
427,0.44519463816807314,0.875886415963162,nan,nan,20,32575,52.75,0.052417995285618316,0.8510824246746447,False
428,0.3796429213073274,0.8866875981161696,nan,nan,20,31850,52.0,0.051878124314207776,0.6742394162270118,False
429,0.34194921581620186,0.893731249013106,nan,nan,20,31665,51.75,0.051930159451852906,0.7369567884840844,False
430,0.43138653251426845,0.8887457924776818,0.3971479181618578,0.8777226046721589,20,34165,56.0,0.05181693945806809,0.7401288629075949,False
431,0.3399154596623805,0.8980016515276631,nan,nan,20,30275,49.5,0.051624461947854874,0.7629521169426883,False
432,0.3469262979207266,0.8930389451088623,nan,nan,20,32610,53.0,0.05131625393390723,0.6061772026811635,False
433,0.3865659943753643,0.880548829701372,nan,nan,20,30975,50.75,0.051892306169201374,0.7935587073226167,False
434,0.3941781858852321,0.8805211726384364,nan,nan,20,30700,50.0,0.05220470258534891,0.8411273015500085,False
435,0.3804594337820121,0.8847574334898278,nan,nan,20,31950,52.0,0.05243971440306478,0.7458229089567994,False
436,0.38977842856312667,0.8841810699588477,nan,nan,20,30375,50.5,0.05274994532124309,0.8955250358081173,False
437,0.3519026295009505,0.8974700802908651,nan,nan,20,33005,54.5,0.05267462891290534,0.8907690865901913,False
438,0.3624558820703165,0.8925413533834586,nan,nan,20,33250,54.25,0.05279447061579695,0.7514577504092891,False
439,0.32087974359003313,0.9051527016444793,nan,nan,20,31925,51.75,0.05283897260210932,0.7037227383445132,False
440,0.44748547251691356,0.879254617414248,0.39612410525855357,0.8767633449949216,20,30320,50.0,0.05222330069436736,0.9910101717958841,False
441,0.32197750064856745,0.9007129572225666,nan,nan,20,32260,53.0,0.0521538751745297,0.715225961643216,False
442,0.39582615298207613,0.8830988046603117,nan,nan,20,33045,54.25,0.05208234381541151,0.7270572634974048,False
443,0.2865863246040793,0.9125805967911231,nan,nan,20,33345,55.0,0.05226381669365046,0.6411143990205604,False
444,0.3305732568721071,0.9029103989535644,nan,nan,20,30580,50.25,0.05242947692044329,0.7829440914612733,False
445,0.4178423788806073,0.8791419141914192,nan,nan,20,30300,50.0,0.052263656685864204,0.877560777048707,False
446,0.3570078682319156,0.8935525055857007,nan,nan,20,31330,51.75,0.05247662804854739,0.8562835882255111,False
447,0.35169829803634506,0.8885165105963528,nan,nan,20,30435,49.5,0.052224361457653176,0.7879124725851075,False
448,0.31259576874733686,0.9044469061560374,nan,nan,20,31595,51.75,0.05256564893966254,0.7971483782808072,False
449,0.3403992740274437,0.8942209450830141,nan,nan,20,31320,51.5,0.052869426967034665,0.7281239875198039,False
450,0.3974399586497927,0.8873518428316285,0.3937417097997617,0.8784561561900462,20,30795,50.75,0.05217401645676607,0.8872244779023042,False
451,0.31009684311566005,0.9090794649881982,nan,nan,20,31775,52.5,0.05220676621097127,0.7381666173439501,False
452,0.3314635821296706,0.9010030395136778,nan,nan,20,32900,53.25,0.051978798143131714,0.7140707311104884,False
453,0.2937009836015616,0.9118199433596661,nan,nan,20,33545,55.25,0.05200675020759595,0.6571940051044783,False
454,0.34304080476876964,0.8961841690318512,nan,nan,20,31710,51.75,0.05182674410178186,0.6769780400453714,False
455,0.3939337264728082,0.8758697378872121,nan,nan,20,31475,51.5,0.05191610766537712,0.7414829549927089,False
456,0.3391474416137716,0.8958496476115897,nan,nan,20,31925,52.0,0.05173476470349452,0.7388363717632755,False
457,0.38839942278195977,0.8847496706192358,nan,nan,20,30360,50.25,0.0516814407110823,0.96315203196094,False
458,0.38192256800776375,0.8836714975845411,nan,nan,20,31050,51.0,0.051744051346156346,0.7966274845380329,False
459,0.3523520392834794,0.8939203354297693,nan,nan,20,31005,51.0,0.05177030026282672,0.7438199470660252,False
460,0.3341889135702896,0.9035238841033673,0.38724547577837953,0.8798104051461461,20,31925,52.0,0.05180771704046341,0.7928760422814934,False
461,0.33977824678257895,0.8962588792423046,nan,nan,20,31675,51.5,0.051962059608181725,0.7484183356760405,False
462,0.35272716111072844,0.8963469609824343,nan,nan,20,32165,52.5,0.051932527201463984,0.7895994570417615,False
463,0.40099536725326124,0.8875020802130138,nan,nan,20,30045,49.5,0.051946232167761994,0.8226080104221973,False
464,0.31521953528801666,0.9022145437411654,nan,nan,20,31835,51.75,0.052542663133216566,0.7674391355988041,False
465,0.3063845182039423,0.9089372358741588,nan,nan,20,31945,52.5,0.052739242261569313,0.7085308746111473,False
466,0.5799013464494807,0.8774246938099967,nan,nan,20,30210,49.75,0.053036646080591256,1.1573996654433256,False
467,0.4013032091462956,0.8845604121655309,nan,nan,20,30085,49.75,0.0526661906912987,0.8509200096605343,False
468,0.3175024868600018,0.9058585858585858,nan,nan,20,32175,52.5,0.053109319287795255,0.7711965541829138,False
469,0.3425327437945281,0.9017543859649123,nan,nan,20,30210,49.0,0.052777953038994636,0.8583232376319364,False
470,0.31778543477017857,0.8998165137614679,0.38888872431559834,0.8799796862656585,20,32700,53.5,0.052658298097200164,0.6626602435182709,False
471,0.4385441077483451,0.8817681347150259,nan,nan,20,30880,50.75,0.05181355471537987,0.9183494112096934,False
472,0.2946331086681705,0.9088137208194378,nan,nan,20,31485,51.75,0.0525089878862442,0.7981157044352243,False
473,0.308572750260175,0.9063077939233818,nan,nan,20,30280,49.75,0.0528266710488549,0.7249816504176361,False
474,0.3554980084224995,0.8957614826752619,nan,nan,20,31025,50.75,0.05238017318758482,0.7646507572080928,False
475,0.3195201841751267,0.9040226063829787,nan,nan,20,30080,49.0,0.052569871930130796,0.7748867815383632,False
476,0.4117675651151252,0.8894418071697495,nan,nan,20,30545,50.75,0.05194586193612512,0.9984012445793666,False
477,0.322846457690197,0.9029747547837272,nan,nan,20,31095,51.25,0.051666613023885664,0.7261734466149885,False
478,0.4164372969413549,0.875197628458498,nan,nan,20,30360,49.75,0.05131638868484432,0.8359788415971938,False
479,0.32049748515249016,0.8981372103589278,nan,nan,20,33015,53.5,0.05186726471846325,0.7143957898764157,False
480,0.32569642315841163,0.8988324392552856,0.3830497516000692,0.8815596433811083,20,31690,51.75,0.0518513366318364,0.6348576865198534,False
481,0.3227945246544318,0.9029990627928772,nan,nan,20,32010,52.25,0.05195819311535868,0.7131392451093632,False
482,0.28337842227977483,0.9115727002967359,nan,nan,20,32015,51.75,0.05210902466100696,0.6416508055585397,False
483,0.2852406749497525,0.9145099246037852,nan,nan,20,32495,53.0,0.052182400059109645,0.6702899461870272,False
484,0.34011406238194875,0.897829666217632,nan,nan,20,33405,54.25,0.05191771184721402,0.752226348980417,False
485,0.3213603611795051,0.8981689490690875,nan,nan,20,32495,53.25,0.05172774442371959,0.7129903019887783,False
486,0.2577590111840613,0.9189462717666319,nan,nan,20,33595,55.25,0.052438015649020626,0.7151703212914838,False
487,0.2928712304653326,0.9094181163767247,nan,nan,20,33340,55.0,0.052355685074711694,0.6260691718121005,False
488,0.40676394778437835,0.8875490196078432,nan,nan,20,30600,50.5,0.051444289007933824,1.0280113321821511,False
489,0.37014915205296417,0.8880239520958084,nan,nan,20,31730,52.0,0.05139871133497023,0.7796474538030301,False
490,0.32899007832245314,0.9005008347245409,0.3799466911731516,0.8821803408193206,20,32945,53.5,0.05155408138769524,0.7380160779052533,False
491,0.3753542647127403,0.8947064811672888,nan,nan,20,29470,48.5,0.05146295507763156,0.9402558663308749,False
492,0.2775755667506067,0.913066490241482,nan,nan,20,30230,50.0,0.051783268851626006,0.7466940151675967,False
493,0.2924477373864233,0.9081620128873887,nan,nan,20,32590,53.25,0.05241895872592691,0.6923621275980357,False
494,0.37536802874512676,0.8872166246851385,nan,nan,20,31760,52.5,0.05171003423543804,0.841515502012139,False
495,0.3026832158858737,0.9072080579162732,nan,nan,20,31770,51.75,0.05217465725465815,0.6835430666632527,False
496,0.38106258604579035,0.8867735146511252,nan,nan,20,30885,50.75,0.05161456107142466,0.8500226575665772,False
497,0.3053848995362549,0.9023575331772054,nan,nan,20,32025,52.5,0.051687002457053065,0.6943052935777763,False
498,0.33698979280328734,0.9003117206982544,nan,nan,20,32080,52.75,0.051326188564931374,0.7413213479088337,False
499,0.30381457087055186,0.9048673286667752,nan,nan,20,30715,49.75,0.050859676335476306,0.7010948385513542,False
500,0.28382194930630417,0.9141512298815669,0.37824649966041574,0.8817289245006207,20,32930,53.75,0.05109888024628268,0.658275230741512,False
501,0.4258756286493278,0.8857097084267863,nan,nan,20,31210,51.0,0.05053646773805716,0.9516783809779911,False
502,0.31704433996908177,0.904208673387742,nan,nan,20,31245,50.75,0.05062108178363797,0.7445344603804371,False
503,0.37778028178595097,0.8865433673469387,nan,nan,20,31360,51.5,0.050347460572743044,0.7963246460906981,False
504,0.2767497790087385,0.9128074908744643,nan,nan,20,31505,51.5,0.05051477774894661,0.6902175722269618,False
505,0.4247472956345972,0.8818755328218244,nan,nan,20,29325,48.5,0.050297134114469774,0.9405735203079235,False
506,0.27336223527660103,0.9167935512763099,nan,nan,20,33495,55.0,0.050316830424874226,0.6159343732245572,False
507,0.31806197535306796,0.9053193110806279,nan,nan,20,32805,53.5,0.05037894711840975,0.7260752204227715,False
508,0.293002422458822,0.9134918184624884,nan,nan,20,32390,52.5,0.050953750760787446,0.7307381609241294,False
509,0.29102170795353044,0.9099466582993411,nan,nan,20,31870,52.5,0.05110555096306686,0.7124445881408928,False
510,0.33486343144327785,0.8975312600192369,0.3729207871622405,0.8822931948989956,20,31190,51.25,0.0511224044026331,0.6650489566954367,False
511,0.2797172780097198,0.9104522113632599,nan,nan,20,30185,49.5,0.051445221957628975,0.7730715528555414,False
512,0.363745317880921,0.8915774332747323,nan,nan,20,31285,51.0,0.05102491801308383,0.8040184127803368,False
513,0.2830137254432378,0.9148025324088032,nan,nan,20,33170,54.25,0.05111322151770845,0.6583698053338688,False
514,0.3334562190387899,0.9001453723146503,nan,nan,20,30955,50.75,0.05087564567519844,0.7268822468630088,False
515,0.31059039255406967,0.9080312949065943,nan,nan,20,31315,51.5,0.050521084571574816,0.7296723025390204,False
516,0.2838867122085891,0.9081234361968307,nan,nan,20,29975,49.0,0.0505401147820825,0.8169817112831426,False
517,0.33671042414911306,0.8979226589964845,nan,nan,20,31290,51.75,0.04992185318228611,0.711068789075306,False
518,0.3204803497654494,0.900325430032543,nan,nan,20,32265,52.75,0.05007587733645901,0.6557101418383935,False
519,0.3557986775296043,0.8999846460924306,nan,nan,20,32565,53.0,0.05015903880081045,0.8011403409414137,False
520,0.3434488354070045,0.8991554893194238,0.374347844732331,0.8817289245006207,20,30195,49.5,0.051272911020980416,0.8845654343736244,False
521,0.28698513786691826,0.9108574953732264,nan,nan,20,32420,53.0,0.05115387985745988,0.6043378951546912,False
522,0.3681525871613525,0.8913304434811604,nan,nan,20,29990,49.5,0.050896330254958676,0.8578830985281523,False
523,0.30870396618030876,0.9023580515048092,nan,nan,20,32230,52.75,0.051056183640451766,0.6399495588074475,False
524,0.3580870561829122,0.8983307573415765,nan,nan,20,32350,53.0,0.05061674797721131,0.7449263093798368,False
525,0.4002197775874493,0.8892833876221499,nan,nan,20,30700,50.5,0.05131951666635933,1.0091415176293899,False
526,0.35524980447714244,0.8929942575881871,nan,nan,20,30475,50.5,0.05118116795050069,0.7387481572841232,False
527,0.294665727798691,0.9083967096073258,nan,nan,20,32215,52.25,0.05134911402052918,0.6984408979344734,False
528,0.33634200315332147,0.8983574564969914,nan,nan,20,30745,50.5,0.05166500499166694,0.8334999403536154,False
529,0.25890681351516454,0.9194478527607362,nan,nan,20,32600,53.0,0.0514079935326407,0.6391854119017946,False
530,0.3410384412673815,0.8939367155736256,0.3701084374930786,0.8833088816160705,20,28285,46.5,0.05148662343877224,0.8624520107308982,False
531,0.3439140149819597,0.8946712575832103,nan,nan,20,30495,50.25,0.05188654579589189,0.7857927299069308,False
532,0.28743648649072767,0.9090117152297987,nan,nan,20,33290,54.5,0.051645833863226506,0.6852355917198414,False
533,0.2991645675022404,0.9062879708383961,nan,nan,20,32920,53.5,0.05183316692274321,0.6504254984192973,False
534,0.2951009919712169,0.9075107638335194,nan,nan,20,31355,51.0,0.052030260128453014,0.6694581243283894,False
535,0.4023244068590242,0.8902154828411811,nan,nan,20,31325,50.75,0.051791313059467506,0.8657793267508268,False
536,0.2877387424931232,0.914512177547197,nan,nan,20,34695,56.5,0.05191397573665367,0.6396642602202827,False
537,0.3118039092201153,0.9098523748395378,nan,nan,20,31160,51.25,0.05201580731899158,0.6315104912009345,False
538,0.3277136464723169,0.8959705788295491,nan,nan,20,31270,51.5,0.05157573314682267,0.6750080355579089,False
539,0.2902487925714263,0.9131502224950131,nan,nan,20,32585,53.25,0.051571055967867416,0.7495859494156603,False
540,0.4646124970003735,0.8910272669625872,0.37602408563440937,0.8804311025843584,20,31540,52.25,0.05058498240932638,0.8597224126584709,False
541,0.2576902599182813,0.918061533556512,nan,nan,20,31365,51.5,0.05067619048084376,0.7100763690080948,False
542,0.302834446517229,0.9083719493358048,nan,nan,20,32370,52.5,0.05054911518344499,0.6716205528444898,False
543,0.35666626813625923,0.8929898516783763,nan,nan,20,32025,52.5,0.05040483128184498,0.7416556703208362,False
544,0.3357677651271878,0.8963177633822025,nan,nan,20,29330,48.0,0.050486348465399636,0.8823444510163853,False
545,0.3210624119247923,0.9007959905660378,nan,nan,20,33920,55.25,0.05054897610136164,0.7156696821854074,False
546,0.3066891586088887,0.9053312302839117,nan,nan,20,31700,52.0,0.05064079348823303,0.7544863841617133,False
547,0.3206762984231499,0.9045365535248042,nan,nan,20,30640,50.0,0.050833583326171834,0.8078995532409285,False
548,0.3632764971161993,0.8920269855872431,nan,nan,20,32610,53.25,0.05064434830966227,0.9702544438221977,False
549,0.2994118691965395,0.9113796576032226,nan,nan,20,29790,49.0,0.05039228398270613,0.7878020912947329,False
550,0.30120126169704453,0.9098744380716168,0.3681659122518863,0.8843245683331452,20,32255,52.75,0.05067838205234599,0.8140755070206052,False
551,0.2838654522536516,0.9128754088611359,nan,nan,20,33630,54.5,0.05031003499331077,0.571094256557214,False
552,0.2577605336079575,0.9197312919856272,nan,nan,20,32005,52.75,0.050428656591285974,0.6582726046221133,False
553,0.3381791110334199,0.9004112622587789,nan,nan,20,31610,51.5,0.05044966532721915,0.7741077709695664,False
554,0.3044148788439576,0.9060979462875197,nan,nan,20,31650,51.5,0.05057211389936216,0.7160478583120886,False
555,0.33322838694863205,0.9000787029749725,nan,nan,20,31765,52.5,0.05010200173970509,0.6832223363898645,False
556,0.36945959841710885,0.8880361173814898,nan,nan,20,31010,50.75,0.050126338716564606,0.8736693020246783,False
557,0.3184074657323806,0.9057803468208092,nan,nan,20,29410,48.5,0.05041922273822832,0.861205057939445,False
558,0.2976356523304565,0.9079648842777335,nan,nan,20,31325,51.25,0.05007148611054794,0.6046172126789766,False
559,0.269900999066891,0.9151363990646921,nan,nan,20,32075,52.75,0.050389980505912244,0.6874848670916696,False
560,0.37290705858282275,0.8880538594019102,0.3628530293121226,0.8865816499266449,20,31935,51.75,0.0505438219379284,0.8505139563217055,False
561,0.3540289217281109,0.8975178510710643,nan,nan,20,29410,49.0,0.050128809829230965,1.1648139610887882,False
562,0.330409546326777,0.8979578710403602,nan,nan,20,31095,51.0,0.04951737231864659,0.697014976019494,False
563,0.29254452886397697,0.9108153078202995,nan,nan,20,30050,49.25,0.050035611363910694,0.8840178496018007,False
564,0.32003183592943457,0.9029310882444652,nan,nan,20,32070,52.5,0.04991411344140081,0.7179052502008123,False
565,0.2829441169392963,0.9116400491400491,nan,nan,20,32560,53.0,0.04973668361774783,0.5805333660624526,False
566,0.31828438918937807,0.9033478406427854,nan,nan,20,29870,49.0,0.04965751473110458,0.7813021110056542,False
567,0.3002074163685568,0.9092786885245902,nan,nan,20,30500,50.0,0.04980211688632049,0.6908495525004694,False
568,0.30607043819844715,0.9035601764335224,nan,nan,20,31740,51.5,0.0499540329574332,0.6684365478838925,False
569,0.3013530406818016,0.9053819981441386,nan,nan,20,32330,53.0,0.0499688376687152,0.7699581966090916,False
570,0.35381009661393903,0.9002119285498033,0.36154118275793073,0.8859609524884324,20,33030,54.0,0.04954406193213923,0.7462316587788829,False
571,0.33799002106533943,0.8986508191455188,nan,nan,20,31130,51.0,0.049369478019271974,0.8910882952293985,False
572,0.2837053587631557,0.9086086692937254,nan,nan,20,32990,53.75,0.049365115210924855,0.5890589869371393,False
573,0.28815008235397943,0.91256038647343,nan,nan,20,31050,51.0,0.049300208203534056,0.8636106469776947,False
574,0.3207767223800192,0.903272271802098,nan,nan,20,31935,52.25,0.04873722005397033,0.6881251528353658,False
575,0.303959455136671,0.9060531947416692,nan,nan,20,32710,53.25,0.04872116399722199,0.6780110041955639,False
576,0.2808405675539421,0.9122722914669223,nan,nan,20,31290,51.0,0.049035896319989655,0.7171387901163763,False
577,0.30190733191554203,0.9054887950633322,nan,nan,20,30790,50.25,0.04918989322057189,0.7156465773948956,False
578,0.3002267165045953,0.9072865150016486,nan,nan,20,30330,49.5,0.04950332378334564,0.6733920847876469,False
579,0.29217981862223835,0.906885037366831,nan,nan,20,31445,51.0,0.049329780109244825,0.6603050514964625,False
580,0.28650647709423127,0.9123972271481541,0.35969860505511536,0.8870894932851823,20,31015,50.25,0.04964129920484123,0.8353039441667391,False
581,0.3137001538636953,0.903448275862069,nan,nan,20,31175,51.25,0.049872023460095186,0.6735417656623333,False
582,0.28274633887579864,0.9107020280811232,nan,nan,20,32050,52.25,0.04978293709062052,0.6849917315092171,False
583,0.3430514291269666,0.891393900686572,nan,nan,20,31315,51.25,0.049504731867792515,0.775474063504577,False
584,0.2875692285104847,0.9101422097202688,nan,nan,20,31995,52.0,0.04911764291251165,0.6672820052478611,False
585,0.3588840949656145,0.9060547742413028,nan,nan,20,33775,55.25,0.048885109203906055,0.7184265826279912,False
586,0.2976245912008263,0.9083912691996766,nan,nan,20,30925,51.0,0.04863620409835068,0.7512424089183015,False
587,0.26851372491785963,0.9154133001864512,nan,nan,20,32180,52.75,0.048872519823569216,0.6609346111542177,False
588,0.2595991029914851,0.9181415252942076,nan,nan,20,32715,53.5,0.04881585190897836,0.6800604316359362,False
589,0.33223567219793126,0.8975959933222036,nan,nan,20,29950,49.5,0.04828221017803226,0.6681986814388543,False
590,0.2694257460395981,0.9146906430966169,0.3553547467836716,0.8890080126396569,20,32810,53.5,0.04819133324695049,0.6360429671397687,False
591,0.28888369225174854,0.9108946257509336,nan,nan,20,30795,50.5,0.048472715277172965,0.6759160341613426,False
592,0.28023433920181556,0.9155590551181102,nan,nan,20,31750,51.75,0.048500095487236834,0.6599282027442801,False
593,0.3054185570786229,0.9010554988083078,nan,nan,20,29370,48.0,0.04849952824833067,0.7590009063801864,False
594,0.29948355674428695,0.9093527407866212,nan,nan,20,32290,52.75,0.04873937731236737,0.7577961150260578,False
595,0.3015366983897978,0.9094171827854534,nan,nan,20,31485,52.0,0.04893275886621849,0.7142563576346538,False
596,0.29667067705524136,0.9106004207800615,nan,nan,20,30895,50.5,0.04904476693724039,0.7197142896824984,False
597,0.3228388291094633,0.9000323624595469,nan,nan,20,30900,51.0,0.04896238783965385,0.6994955913019607,False
598,0.28646186195237483,0.9107222398981865,nan,nan,20,31430,51.75,0.0487602538825992,0.6425955605970672,False
599,0.3060326232821507,0.9030341540905481,nan,nan,20,31475,51.5,0.04833934113336382,0.6682212672206453,False
600,0.309932477312412,0.9033725739739102,0.352610676101739,0.8904186886355941,20,31430,51.0,0.048710892100789244,0.7339195824909817,False
601,0.2636412800582727,0.9175495708789583,nan,nan,20,33790,54.75,0.04844139950136329,0.6741233472478941,False
602,0.30912726942369245,0.9051692307692307,nan,nan,20,32500,53.0,0.0485942320372777,0.8602763436973936,False
603,0.2941825167834892,0.9062778840025494,nan,nan,20,31380,51.0,0.04849876687583084,0.812244744524364,False
604,0.34495404185316203,0.896610727212899,nan,nan,20,30390,50.25,0.04826096499062627,0.7352586265128944,False
605,0.3172920206478203,0.9007966184360267,nan,nan,20,30755,50.5,0.04793129347702133,0.9324243292720877,False
606,0.30160487993524077,0.9098141506358005,nan,nan,20,30670,49.75,0.04789912741150798,0.7251187287756966,False
607,0.29816484361314327,0.908323793949305,nan,nan,20,30575,50.25,0.04765057860101384,0.6689578584906644,False
608,0.27188142806298604,0.917316153362665,nan,nan,20,31820,52.5,0.047622378811993285,0.6641726767733531,False
609,0.2818939594189449,0.9120162297128589,nan,nan,20,32040,52.75,0.04742672855309614,0.5894700152490371,False
610,0.2770440714013489,0.9134246575342466,0.35309152158317547,0.8889515855998195,20,32850,53.5,0.04769812904815632,0.6612316440285695,False
611,0.32487928416247347,0.90208499124622,nan,nan,20,31415,51.5,0.04778577377603376,0.7396843238860533,False
612,0.254270392660745,0.9184398195313637,nan,nan,20,34355,56.5,0.048695118937012664,0.6503289264473907,False
613,0.3682697982643598,0.8962128632060072,nan,nan,20,30630,50.5,0.048560486100972806,0.9295010502072862,False
614,0.3337999347157636,0.8959026888604353,nan,nan,20,31240,51.5,0.04843932643296788,0.743676968605967,False
615,0.34136785634131483,0.9013929492691316,nan,nan,20,29075,48.25,0.04849988526916173,0.8842198026546381,False
616,0.3819521370768909,0.8932169241101411,nan,nan,20,29780,48.75,0.04803530718528725,1.0206717202011153,False
617,0.29725664092590753,0.9063589260480452,nan,nan,20,31845,52.0,0.047790602686469306,0.6433465261726704,False
618,0.27197054022228434,0.9135881786058464,nan,nan,20,31130,51.0,0.04786785873902331,0.7112821331437229,False
619,0.35261687515427487,0.9033475349969567,nan,nan,20,32860,54.0,0.04731970213063451,0.6876231314867552,False
620,0.360936158331095,0.888,0.34900569472823073,0.8904186886355941,20,29000,47.75,0.04705961877499253,0.7798877928607547,False
621,0.28832358585014456,0.9108669108669109,nan,nan,20,32760,53.0,0.04712708520352153,0.6763059567519046,False
622,0.33803735600771084,0.901225139220366,nan,nan,20,31425,51.75,0.046933654167285836,0.7692575639535253,False
623,0.3029781141694556,0.9064877717391304,nan,nan,20,29440,48.5,0.04700188215897737,0.810348502425651,False
624,0.4842649873488752,0.8793092420850656,nan,nan,20,31270,51.75,0.0470665668378104,0.9018957276990903,False
625,0.2965769679610631,0.9080737444373808,nan,nan,20,31460,52.0,0.047281932375866705,0.7758353335822904,False
626,0.28797447028421885,0.9177235772357724,nan,nan,20,33825,55.25,0.04735277190158326,0.6420570018428784,False
627,0.34441426888926907,0.9052481369906453,nan,nan,20,31535,51.25,0.04736142551201502,0.8072881255994778,False
628,0.339818851637892,0.898108368066688,nan,nan,20,31190,51.5,0.047174455158019345,0.6645333611786799,False
629,0.3713861310511638,0.8904375,nan,nan,20,32000,53.0,0.046517268859686975,0.8376647901094897,False
630,0.2908976987126598,0.906969696969697,0.3496522145519648,0.8893465748786819,20,33000,54.0,0.04675597212210215,0.7224519181528403,False
631,0.23054581519106795,0.9275237529691212,nan,nan,20,33680,54.75,0.046876879587353815,0.6416673088804312,False
632,0.32602588437635444,0.9011745513866232,nan,nan,20,30650,50.25,0.04689842595317736,0.820347608440491,False
633,0.2743223245626475,0.9193699833409057,nan,nan,20,33015,54.25,0.04684882036859105,0.6734600801126678,False
634,0.3114782866824287,0.9033903777849532,nan,nan,20,30970,50.75,0.04676004303759618,0.7140447001123597,False
635,0.28304591518369726,0.9100864553314121,nan,nan,20,29495,48.25,0.04716901337476481,0.7632530182889624,False
636,0.30243674959192696,0.9059174540029836,nan,nan,20,30165,49.5,0.04725691627098722,0.7096608556782019,False
637,0.2569465360373784,0.9206089743589744,nan,nan,20,31200,51.25,0.04761851076564266,0.6372832155832076,False
638,0.2832869452757194,0.9123773345995568,nan,nan,20,31590,51.75,0.047732174822327916,0.6931857980477882,False
639,0.30627713561139797,0.9073921319796955,nan,nan,20,31520,52.0,0.047510213106546385,0.8177281276864463,False
640,0.3616552038351762,0.9092238295224763,0.34807215695079274,0.8908136779144566,20,32145,52.75,0.04770285651467804,0.8918147089611388,False
641,0.28603669525114955,0.9116379310344828,nan,nan,20,32480,53.0,0.047501158795354444,0.6143477446560597,False
642,0.2723130261723459,0.9161171599447937,nan,nan,20,32605,53.25,0.04721333906810652,0.7396054067693509,False
643,0.2952185255844112,0.911783042394015,nan,nan,20,32080,52.75,0.047547796421122474,0.7498562400739671,False
644,0.28087621291133325,0.9140373470701867,nan,nan,20,31060,50.5,0.04762589937303465,0.6773566869993515,False
645,0.27253621448193716,0.914558325638658,nan,nan,20,32490,53.0,0.047322531866148175,0.527510935283259,False
646,0.3274507782077962,0.9100272644653136,nan,nan,20,33010,54.5,0.04700104058792981,0.7219767950375096,False
647,0.2736929516878703,0.9183181225554107,nan,nan,20,30680,49.75,0.04678093693878586,0.6983249651748757,False
648,0.2824877790047885,0.9140742933254403,nan,nan,20,33785,54.75,0.046590891473846804,0.6165571803324476,False
649,0.28671464154286413,0.9099752679307502,nan,nan,20,30325,49.75,0.04721049778303188,0.7470176609622884,False
650,0.30311991111522707,0.9065485605820943,0.34513972150917555,0.8921679268705563,20,31610,52.0,0.04724605653527722,0.7483659845867476,False
651,0.24704819780829693,0.9219834710743802,nan,nan,20,33275,54.25,0.04750501446544351,0.6642003033000562,False
652,0.2402836211635963,0.9259118300031716,nan,nan,20,31530,51.5,0.047744224405811345,0.646606233865692,False
653,0.315694024992979,0.9073238998600529,nan,nan,20,32155,52.75,0.047357404491094116,0.6265080028002059,False
654,0.2819732950480356,0.9121959078459804,nan,nan,20,31035,51.0,0.047866770979218924,0.7463544035071877,False
655,0.33077936602102276,0.9040468227424749,nan,nan,20,29900,49.0,0.047858886966539435,0.8270228951749221,False
656,0.3534349750867672,0.8962239004886717,nan,nan,20,33765,55.0,0.04765556394646242,0.7595809460606336,False
657,0.30163914085226434,0.910412147505423,nan,nan,20,32270,52.5,0.047536131455478886,0.6409463553913054,False
658,0.32736145208876755,0.9003600205726041,nan,nan,20,29165,48.0,0.04764530406203374,0.9232950660915484,False
659,0.2813312982390843,0.9135257865715213,nan,nan,20,30830,51.0,0.04768766776828087,0.7179481186852235,False
660,0.2891228987550973,0.9083239413943004,0.34713506858029464,0.8900236993567318,20,31055,51.0,0.04732023063572828,0.7290583868550979,False
661,0.36045993407807986,0.8943013270882123,nan,nan,20,32025,52.5,0.04682495560568863,0.8198988485473416,False
662,0.2926376421554656,0.9080344827586206,nan,nan,20,29000,48.0,0.0466271167936971,0.7907785216950637,False
663,0.3225436271103985,0.8992794956469529,nan,nan,20,33310,54.5,0.046210328241958226,0.7053055853455643,False
664,0.35607540538624,0.8957593214914387,nan,nan,20,31245,51.25,0.046132386429736036,0.773179798102555,False
665,0.31183618113808464,0.906741382238071,nan,nan,20,29445,49.0,0.04604862333665572,0.7774005179529674,False
666,0.2624079849798406,0.9169267000294378,nan,nan,20,33970,55.0,0.04613421056538281,0.6083367354470602,False
667,0.2825052501910362,0.9142684584025366,nan,nan,20,33115,54.5,0.046024657605280836,0.6490747476323981,False
668,0.4292864660305629,0.8742424242424243,nan,nan,20,31020,51.25,0.04549995961960023,0.8998887878149743,False
669,0.2723814425581112,0.9144321889078764,nan,nan,20,32185,52.5,0.045828722939222535,0.6473374878081514,False
670,0.3265002795017273,0.902068497795863,0.34905664726878216,0.888443742241282,20,29490,48.25,0.04601534273470602,0.967579620442628,False
671,0.3458467755516013,0.8994409937888199,nan,nan,20,32200,52.5,0.04595870361236699,0.8249202001946834,False
672,0.3114815550867722,0.9035509736540664,nan,nan,20,30555,49.5,0.045436944633949365,0.8547721195415884,False
673,0.36123523023415405,0.8969407265774378,nan,nan,20,31380,51.5,0.04532249809669017,0.8367296928830081,False
674,0.2954083610634827,0.9122074824862125,nan,nan,20,33545,54.75,0.045221306962383155,0.7577133606502523,False
675,0.33325894728266847,0.8974101396954952,nan,nan,20,31855,52.75,0.04513214911305423,0.7686291594961768,False
676,0.29809554743081307,0.9022327790973872,nan,nan,20,31575,51.25,0.04477550136374145,0.6601067398435583,False
677,0.2766246424616264,0.9139620232966331,nan,nan,20,31335,51.5,0.04511131185925623,0.6806313355534002,False
678,0.2675847607360535,0.9177504926481734,nan,nan,20,32985,54.0,0.04523634340709158,0.6316458399914923,False
679,0.2510580775322859,0.9189428658722885,nan,nan,20,32730,53.5,0.045254615726885696,0.6637916846271201,False
680,0.27660785689618017,0.9161146591415417,0.34012524432649516,0.8912650942331565,20,33665,54.75,0.04537653655212559,0.6098972491146205,False
681,0.28125177373312227,0.911659344373099,nan,nan,20,29590,49.0,0.0449818653656974,0.7232776806946574,False
682,0.3068977672436107,0.9075201579726839,nan,nan,20,30385,49.75,0.04519087503597633,0.7817446927337586,False
683,0.31999906886772567,0.9027299317517062,nan,nan,20,30770,50.5,0.04518746049962805,0.727363130509947,False
684,0.2625705674532528,0.9179194139194139,nan,nan,20,34125,55.75,0.045075720051274484,0.6430392764949835,False
685,0.31913877007534724,0.8991309745499689,nan,nan,20,32220,52.75,0.0451904081795647,0.7312986290612802,False
686,0.3171580326031236,0.9102980602428639,nan,nan,20,31705,51.5,0.045046607171654394,0.7795851112521099,False
687,0.27239027834506435,0.9127485740712193,nan,nan,20,32435,52.75,0.04466245594971386,0.5903955496663031,False
688,0.2753262281879435,0.9146744412050535,nan,nan,20,30870,50.75,0.04469856399260558,0.6385072604361398,False
689,0.28002056628274397,0.9123054708807957,nan,nan,20,31165,51.25,0.04505344935129805,0.7405262972498903,False
690,0.2831121546869173,0.9113097172570686,0.3382000852426252,0.8927321972689313,20,30770,50.0,0.045228133696746976,0.7584907786300703,False
691,0.2859754850430616,0.9116585067319461,nan,nan,20,32680,53.0,0.045782451409859024,0.726411950447196,False
692,0.2552998732906626,0.9192483814937629,nan,nan,20,31665,51.75,0.04628993949359921,0.6326111696289826,False
693,0.3149022972730543,0.9051449039400846,nan,nan,20,30710,50.5,0.04641595891194078,0.86209364291425,False
694,0.28205201232781485,0.9159641255605381,nan,nan,20,33450,54.75,0.04651810382077873,0.7503920880765703,False
695,0.2663511839326799,0.9143545279383429,nan,nan,20,31140,51.0,0.04654534557001362,0.7807274225055691,False
696,0.2545958042272457,0.9223045516407077,nan,nan,20,33065,53.75,0.04637479920051919,0.6800325319837441,False
697,0.2868026474639773,0.911079365079365,nan,nan,20,31500,51.25,0.046476467889378315,0.7053470176939299,False
698,0.34195446146590003,0.9025833453600808,nan,nan,20,34645,56.75,0.0460791674379154,0.676699595933682,False
699,0.3403810511650995,0.8937137330754352,nan,nan,20,31020,51.0,0.046256589047258476,0.8286724214341816,False
700,0.2987114789530229,0.9095681888785337,0.3390646333142067,0.8926193431892563,20,32190,53.5,0.04565969051376375,0.7032818994071341,False
701,0.3032768828041819,0.9026320091548145,nan,nan,20,30585,50.25,0.04558635621907017,0.731126966259142,False
702,0.32806125712950446,0.905778935373596,nan,nan,20,30715,50.0,0.04539701375992284,0.7992781450350597,False
703,0.3077988382673654,0.9078233927188226,nan,nan,20,32275,53.0,0.04524937030839654,0.8288022292753052,False
704,0.2514122363196321,0.9227518427518427,nan,nan,20,30525,50.25,0.04498462827166721,0.6180081808547346,False
705,0.25935448060754834,0.9164741641337386,nan,nan,20,32900,54.0,0.04487645703293102,0.6279413413286399,False
706,0.2778176722001017,0.9149372862029647,nan,nan,20,30695,50.25,0.04492830072682324,0.8296428335953172,False
707,0.27027752312470604,0.9136252645287319,nan,nan,20,30715,50.5,0.044821779536466905,0.6466258135176325,False
708,0.2754329111827606,0.9128703408728894,nan,nan,20,31390,51.5,0.04551082344998542,0.7838231251482585,False
709,0.3450143636436251,0.89614898989899,nan,nan,20,31680,52.25,0.04527166189129549,0.7791090453393539,False
710,0.36552093302674815,0.8895541004053633,0.3372898667482366,0.8930143324681187,20,32070,52.5,0.0454997163951602,0.7911909929849673,False
711,0.2577245942337746,0.9199352750809061,nan,nan,20,30900,50.5,0.04557241241944558,0.7370367208357171,False
712,0.28444596088820023,0.9126422047748758,nan,nan,20,31205,51.75,0.04617165569697203,0.9948062774907752,False
713,0.2684854555553612,0.9146541995808479,nan,nan,20,31015,51.25,0.04622491801804738,0.6804983114617652,False
714,0.3272264492211689,0.90553125,nan,nan,20,32000,52.25,0.04604238998716637,0.7170542465984464,False
715,0.28804450598894676,0.9092434263590902,nan,nan,20,30995,51.0,0.046226030834653105,0.7722375009831055,False
716,0.24894818229989457,0.9208831341301461,nan,nan,20,30120,49.0,0.04668090319985241,0.7740740101447476,False
717,0.2881441853067408,0.9105572755417957,nan,nan,20,32300,53.0,0.04648373528667208,0.7201468325916178,False
718,0.2814104368651695,0.9189992181391712,nan,nan,20,31975,52.25,0.04666007299013767,0.8649971073769522,False
719,0.2690743396771935,0.9167646591450819,nan,nan,20,31465,51.75,0.0467203271042916,0.7856605775984189,False
720,0.279845703844143,0.9103960396039604,0.3397140749763277,0.8919986457510439,20,32320,53.0,0.04679344775878541,0.6472628185282001,False
721,0.2499486275723415,0.9219143576826196,nan,nan,20,31760,52.5,0.04696268381525134,0.7048567622970957,False
722,0.3164979981850737,0.9037225580655425,nan,nan,20,31430,51.75,0.04695818114042867,0.85408356266741,False
723,0.43581340800568824,0.8906895981478419,nan,nan,20,30235,50.25,0.04612234303787018,1.0514351871566014,False
724,0.28618214168665157,0.90559026635975,nan,nan,20,30410,49.75,0.046453983621862774,0.6917969046949486,False
725,0.33667639626843043,0.9070478723404255,nan,nan,20,30080,49.5,0.04634509450262904,0.9033450746810459,False
726,0.27345581485917336,0.9144301320723952,nan,nan,20,30665,50.25,0.046546083094561985,0.8097644127054986,False
727,0.2526329582418733,0.9211327549517105,nan,nan,20,30545,49.5,0.046683923510068295,0.6406965171659119,False
728,0.2670426049188258,0.9175329836274042,nan,nan,20,31455,51.25,0.046342652926823436,0.7221404591380882,False
729,0.3159487137050881,0.9045427013930951,nan,nan,20,33020,54.25,0.04622235825183394,0.6867210821453953,False
730,0.29633760772156853,0.9094622626456039,0.3345473504452576,0.8953278411014558,20,31335,51.5,0.046129988113333346,0.7847210932099385,False
731,0.30361099170090877,0.9108576642335766,nan,nan,20,32880,53.75,0.04612217229298198,0.8564939608760932,False
732,0.24895286913803807,0.9226969943135662,nan,nan,20,30775,50.75,0.04644419909508922,0.7712858032436385,False
733,0.22057715957188567,0.928031212484994,nan,nan,20,33320,53.5,0.046942333277732624,0.6354466452674631,False
734,0.30030158110289884,0.9119008803390936,nan,nan,20,30670,50.5,0.046288404285737356,0.8563194049844369,False
735,0.23025463541644384,0.9265897858319605,nan,nan,20,30350,49.25,0.04624484247964207,0.6609638086282261,False
736,0.3100923767367819,0.9031967871485944,nan,nan,20,31125,50.75,0.04555180311453545,0.6475716120598584,False
737,0.3398595256774039,0.8983824928639391,nan,nan,20,31530,51.25,0.04554910371750086,0.7392443016221277,False
738,0.3053964833358764,0.9057090798663833,nan,nan,20,32930,54.0,0.045106561375359275,0.6937331007254645,False
739,0.29179897967834223,0.9095767686129131,nan,nan,20,32370,53.25,0.04491151018361733,0.6524809812684451,False
740,0.2946118157169237,0.9094475831763967,0.33742797944470676,0.8920550727908814,20,31860,52.75,0.045197442822725864,0.7988460719671548,False
741,0.28217395849040794,0.9074626865671642,nan,nan,20,30485,49.5,0.045343758661902926,0.6862194028513141,False
742,0.2489752535151075,0.9223047223047223,nan,nan,20,33670,55.25,0.04551435325425885,0.6691580026633427,False
743,0.25152432178259254,0.9187965260545906,nan,nan,20,32240,53.25,0.0455841202648976,0.6688045743284443,False
744,0.3233670535064947,0.9012219644238205,nan,nan,20,32325,52.75,0.04590358356025398,0.7448342242645409,False
745,0.25275136071646476,0.920731329408119,nan,nan,20,32270,52.25,0.046081558425163156,0.5819264685788174,False
746,0.28348191586807947,0.9117360208062418,nan,nan,20,30760,50.75,0.04614695873499362,0.8197193720945102,False
747,0.28680663806509593,0.9102277939153035,nan,nan,20,32705,53.75,0.045334910390769374,0.6858751966405277,False
748,0.26612059675291017,0.9204024410357908,nan,nan,20,30315,49.25,0.04534404258894886,0.6938084349084568,False
749,0.29611084831094425,0.9067810592311499,nan,nan,20,30305,50.0,0.045339653811912045,0.816642647579126,False
750,0.2906620727573173,0.9086816720257235,0.33392590374148007,0.8938043110258436,20,29545,48.5,0.04475198833176141,0.8018203526208554,False
751,0.34752740128720316,0.9001478560867422,nan,nan,20,30435,50.25,0.04416885066784231,0.8230778209386813,False
752,0.3188617622900726,0.9060566590687072,nan,nan,20,30710,50.25,0.0441424180097525,0.8118294923513834,False
753,0.27884553098009435,0.9141582025238535,nan,nan,20,32490,52.75,0.04444418578564966,0.6452514189184371,False
754,0.2419391795222599,0.9223890130948579,nan,nan,20,31310,50.75,0.044316640844628594,0.598552838219139,False
755,0.24334479816223506,0.9221598414795245,nan,nan,20,30280,49.75,0.04475902086882517,0.6634191534711127,False
756,0.30310483467749433,0.9067859554355165,nan,nan,20,29620,48.0,0.04502306748303618,0.7932512045724831,False
757,0.2602415780674392,0.9172218730358265,nan,nan,20,31820,52.25,0.0449738136839989,0.7307277657874094,False
758,0.23130740917889125,0.9264632627646326,nan,nan,20,32120,52.25,0.045331158438472845,0.7057887499497453,False
759,0.2571564951881817,0.9179071940205543,nan,nan,20,32110,52.5,0.04546150684394792,0.7159265210134392,False
760,0.2684767430627827,0.9156125878399022,0.33107457247992267,0.8945378625437309,20,32730,53.75,0.04577913358912396,0.7573188391971615,False
761,0.28273684079641426,0.9158207968259217,nan,nan,20,30245,49.75,0.045820439299228743,0.7821206639454968,False
762,0.28758401168718567,0.9109524532887742,nan,nan,20,32915,54.0,0.04565404940828276,0.6958563359178324,False
763,0.28500492796051236,0.9116226292754093,nan,nan,20,30845,50.5,0.04607768841815086,0.768531869379878,False
764,0.29303260072161214,0.9081789137380192,nan,nan,20,31300,51.25,0.046062820623985264,0.6955906452842667,False
765,0.3151677532174017,0.9064871078994909,nan,nan,20,30445,50.25,0.0460087694288865,0.9139387383109214,False
766,0.28411126370735595,0.9114150447133088,nan,nan,20,28515,46.75,0.0458245472931296,0.7372164638489004,False
767,0.25336068179144855,0.9174992243251628,nan,nan,20,32230,52.75,0.04610890272556295,0.747270575620268,False
768,0.2749457344943112,0.9130053274835475,nan,nan,20,31910,52.0,0.046110725894812424,0.751657855343317,False
769,0.2965702082919306,0.9115759220820693,nan,nan,20,31315,51.0,0.04554282635172356,0.7446934856328055,False
770,0.2512153064105861,0.9195061728395062,0.3331729777980478,0.8954971222209683,20,32400,53.25,0.045608160910468994,0.6709955810048811,False
771,0.336144645139213,0.9035278381541548,nan,nan,20,29905,49.25,0.044977238991670374,0.8396995656491046,False
772,0.25393740194937264,0.9189172656369475,nan,nan,20,32695,53.25,0.045361154786339695,0.6674436035678798,False
773,0.261714725831452,0.9170172084130019,nan,nan,20,31380,51.5,0.04554054051777676,0.7231367784846825,False
774,0.2896478727632583,0.9069365105271748,nan,nan,20,30635,49.5,0.045718500310017625,0.7312036623827189,False
775,0.2697648299771445,0.9140412155082082,nan,nan,20,28630,46.5,0.045765905150925115,0.7004457344594359,False
776,0.3379962570217563,0.9036057313808848,nan,nan,20,31755,52.0,0.04546763518598426,0.7200792052834784,False
777,0.298314660929577,0.9082289519581418,nan,nan,20,31535,51.5,0.045319524125574384,0.6196802976614608,False
778,0.32571246550214944,0.9031828515751867,nan,nan,20,30790,50.75,0.045261839959061766,0.8949600664563377,False
779,0.25317210960709496,0.9174181300427148,nan,nan,20,31605,51.75,0.045256198857486704,0.6869365455742601,False
780,0.2756791965641858,0.9144574599260172,0.33357008833901874,0.8945378625437309,20,32440,53.0,0.045401646258597356,0.7943275511066427,False
781,0.25364981044315776,0.9185832274459974,nan,nan,20,31480,51.25,0.04530449377980779,0.6385621036191692,False
782,0.2883745208176228,0.9087276895365973,nan,nan,20,30535,50.0,0.0450593253038143,0.732946864269707,False
783,0.3040800284371492,0.9111572890025575,nan,nan,20,31280,51.5,0.04562480279446277,0.8919083333946146,False
784,0.2866985327317418,0.9077975811584977,nan,nan,20,31420,51.25,0.045700126232271744,0.6940889906909109,False
785,0.37667481195789343,0.8937725490196079,nan,nan,20,31875,52.25,0.04549742748904438,0.7815387862246557,False
786,0.2243251243013349,0.9278503562945368,nan,nan,20,33680,55.25,0.04575451259237336,0.6300652238148293,False
787,0.3502318047763392,0.9070482569645304,nan,nan,20,32845,54.25,0.04524037759622788,0.8883084240871428,False
788,0.27991764468720537,0.9150031786395423,nan,nan,20,31460,51.75,0.045350027723369025,0.6913853763517719,False
789,0.24439690795395172,0.9229795520934762,nan,nan,20,30810,50.75,0.0451385321819537,0.7654581625794822,False
790,0.2377341088523836,0.9237605804111245,0.32744132689463207,0.8956099763006433,20,33080,54.0,0.045690799946239515,0.7086127200859345,False
791,0.2893399240722253,0.9128321256038647,nan,nan,20,33120,54.5,0.045558938304415326,0.6834694763683307,False
792,0.421648278734243,0.892617671345995,nan,nan,20,30275,49.75,0.04543332580920897,0.9360779680895653,False
793,0.296564911193306,0.9043830915613789,nan,nan,20,32055,52.5,0.045012785762107814,0.7895022159460523,False
794,0.28033364007517425,0.9138861138861138,nan,nan,20,30030,49.25,0.04505820827369405,0.74514978490361,False
795,0.262726271099244,0.9125330842285536,nan,nan,20,32115,52.75,0.04577431996656497,0.8133212325729646,False
796,0.2701704189394971,0.9222584856396867,nan,nan,20,30640,50.5,0.04521415953432976,0.7497170110460862,False
797,0.3173296924006933,0.9043549983503794,nan,nan,20,30310,50.0,0.04459893782467753,0.8083036251676333,False
798,0.25544638227999994,0.916302833255922,nan,nan,20,32295,52.75,0.04519297274901247,0.6944393219391605,False
799,0.2411503064808805,0.9205667276051188,nan,nan,20,32820,53.75,0.04542934179422059,0.6860021156963977,False
800,0.2669081681437087,0.9149849992104848,0.3283006744357321,0.8954406951811308,20,31665,52.25,0.04538545915496494,0.6416312223891991,False
801,0.24585012786538482,0.922788121249423,nan,nan,20,32495,53.5,0.045541227666604706,0.615231383994356,False
802,0.28656895359025836,0.9168340026773761,nan,nan,20,29880,48.75,0.04544875940037039,0.8022440124526702,False
803,0.28037477358794594,0.9114875062887808,nan,nan,20,29815,49.25,0.04520054757901224,0.7418789435678346,False
804,0.27563811643777625,0.9131954465287798,nan,nan,20,31185,50.75,0.045299114546505856,0.7724376330223254,False
805,0.28434681162623054,0.9059910771191841,nan,nan,20,31380,51.75,0.04516059301129976,0.725006724032932,False
806,0.2528512224270213,0.9180431177446102,nan,nan,20,30150,49.75,0.045336881995917275,0.7278997400350253,False
807,0.2768069430630931,0.9087603305785124,nan,nan,20,30250,49.75,0.04592833103078925,0.7242381509693936,False
808,0.2889791629622271,0.9095859513452553,nan,nan,20,31035,51.75,0.04572265899148378,0.8331385782311107,False
809,0.24706232721972984,0.9160898603521554,nan,nan,20,32940,53.75,0.04578878194543039,0.7059748369818074,False
810,0.23973124238733498,0.9219512195121952,0.32655819801172464,0.8953842681412933,20,31775,51.75,0.04627958250714423,0.7056202609948935,False
811,0.23540981610401743,0.9230645161290323,nan,nan,20,31000,50.75,0.0471719160285585,0.732762842579849,False
812,0.3040447791229198,0.9077627063245628,nan,nan,20,30595,50.25,0.04728876064561892,0.7459495730823622,False
813,0.24636078888783128,0.9206683971447113,nan,nan,20,30820,50.75,0.04768586388443114,0.6755781706986647,False
814,0.2565617799491948,0.9167539267015706,nan,nan,20,30560,49.75,0.047780619767772585,0.7112302865239446,False
815,0.27064169552827005,0.9244486156733928,nan,nan,20,31965,52.5,0.04786596058226773,0.7860585003447478,False
816,0.22987567834652844,0.9267963842500383,nan,nan,20,32635,53.5,0.0478617078777123,0.678825708776345,False
817,0.27549253476616303,0.9206289895687374,nan,nan,20,32115,52.5,0.047990547275224886,0.7296300771591786,False
818,0.24172297120584316,0.9213427010148322,nan,nan,20,32025,52.75,0.047824688403113234,0.7204238160494849,False
819,0.2681502547951638,0.9172198846813152,nan,nan,20,32085,52.25,0.04751439238406425,0.6247361284224033,False
820,0.2771798053429961,0.9241965973534971,0.33420949369827035,0.8929579054282812,20,31740,52.0,0.04753949645550724,0.7208989714080256,False
821,0.2543130373367039,0.9181082367878115,nan,nan,20,31505,52.0,0.04762441257960966,0.6631088725803453,False
822,0.27228738525649243,0.9149249061326659,nan,nan,20,31960,51.5,0.047572609399828915,0.7161330468201973,False
823,0.2855546590582999,0.9102153000458085,nan,nan,20,32745,53.25,0.046876321305346746,0.6333220368955236,False
824,0.25378222165194086,0.9224703526875097,nan,nan,20,32465,52.75,0.046534185039650074,0.6172207169507102,False
825,0.24249396143407725,0.9241411764705882,nan,nan,20,31875,52.25,0.04664449310394154,0.6347800441403095,False
826,0.3059664071449575,0.914115058157812,nan,nan,20,31810,52.25,0.046420790678496776,0.8109728268776687,False
827,0.23840446659622674,0.9221610805402701,nan,nan,20,29985,49.0,0.04675522413073784,0.639628423927855,False
828,0.2904082450184476,0.9124072825354013,nan,nan,20,29660,49.0,0.04691824206286454,0.8518542288316381,False
829,0.24652427303701338,0.9179106832886224,nan,nan,20,31685,51.5,0.04681572354837782,0.6935515815389642,False
830,0.25456875944420637,0.920359466997211,0.3353027313049673,0.891547229432344,20,32270,52.5,0.04638452734362472,0.6598727834660393,False
831,0.2618652331048693,0.9195679398872887,nan,nan,20,31940,52.75,0.046296870595394786,0.7556728567899846,False
832,0.2634434556313112,0.9182287591926146,nan,nan,20,31955,52.5,0.046177284474337145,0.6951951562223707,False
833,0.268322897647017,0.9139445890096434,nan,nan,20,32665,53.5,0.04605208522577769,0.7607463977587489,False
834,0.29194335241366354,0.9078479460453709,nan,nan,20,32620,53.25,0.04602364481141498,0.6166941420358985,False
835,0.2817233902880071,0.9106730115567641,nan,nan,20,29420,48.25,0.04575894534015298,0.7021025861629635,False
836,0.28304970051852185,0.9107858243451464,nan,nan,20,32450,53.25,0.045435684334861615,0.7195545463443281,False
837,0.22607402132649965,0.9286186186186186,nan,nan,20,33300,54.75,0.045993383150489446,0.6168288408416215,False
838,0.2875715976650432,0.9143502824858757,nan,nan,20,30975,50.75,0.04551344513191367,0.7198442960072756,False
839,0.2778583798029321,0.9116325511732402,nan,nan,20,30045,49.0,0.04561783068644101,0.7683954654849935,False
840,0.3107535459355938,0.9200379566661395,0.3287034725082767,0.8939735921453561,20,31615,52.0,0.045404047585939605,0.8006788951228714,False
841,0.254437960887341,0.9199054373522458,nan,nan,20,31725,52.0,0.04530561363367191,0.6299598824495645,False
842,0.44993107007165545,0.8964518695306285,nan,nan,20,31425,51.75,0.04469227664918469,0.9730993678413109,False
843,0.24058038846538665,0.9217743190661478,nan,nan,20,32125,52.75,0.044668475436974726,0.6959955478707508,False
844,0.2525784452792095,0.9258935791686883,nan,nan,20,30915,50.75,0.04443031951610753,0.7340486152080248,False
845,0.2353972302484726,0.9238424109245017,nan,nan,20,31855,52.25,0.04482364585504788,0.6923711752969439,False
846,0.2344260298320338,0.9264276649746193,nan,nan,20,31520,51.5,0.04460772943435401,0.7678535025012354,False
847,0.21532165164431225,0.9312458800263679,nan,nan,20,30340,49.25,0.04526163386413526,0.6855915999039776,False
848,0.2763619891031098,0.9128722230975264,nan,nan,20,31735,51.75,0.04549376823467733,0.7384329449713687,False
849,0.23993194822062247,0.9248844253148414,nan,nan,20,31365,51.0,0.04566693950672236,0.6246004988108061,False
850,0.25402964941390954,0.9202974899287264,0.32270342793667534,0.8957228303803183,20,32270,52.25,0.04620102135450016,0.6358007316638697,False
851,0.2535049903861246,0.9201578531965272,nan,nan,20,31675,52.0,0.045823656747618235,0.61059935600918,False
852,0.2588971202852012,0.9169303264893975,nan,nan,20,29710,48.0,0.046329798607245856,0.7108535643917003,False
853,0.2610229649465795,0.9189666238767651,nan,nan,20,31160,51.0,0.04639857825512617,0.704342700143185,False
854,0.22927157197118955,0.9277917467830202,nan,nan,20,33805,55.0,0.04628923358556492,0.5286758930463062,False
855,0.2872094886267457,0.9076998368678629,nan,nan,20,30650,50.25,0.04633979217669597,0.69038829554899,False
856,0.27894979795032787,0.9127996240012534,nan,nan,20,31915,52.5,0.04612375729458834,0.7067917632568956,False
857,0.45312327799979063,0.8867712634186623,nan,nan,20,30275,50.5,0.045582824766053374,1.0304901578161365,False
858,0.22279108544593515,0.9318793046900623,nan,nan,20,30490,49.75,0.04556884455423204,0.7449642466213302,False
859,0.25140769153577325,0.9206484104501101,nan,nan,20,31770,52.5,0.045941362664423065,0.6798967343268671,False
860,0.2618814409937555,0.9159225725881985,0.3193707079108985,0.8955535492608058,20,32030,52.5,0.04613458344185093,0.7391267457524361,False
861,0.2695166523384789,0.9143401619818962,nan,nan,20,31485,51.75,0.046376515096068126,0.8024011639238493,False
862,0.2726810910447269,0.9122772918691286,nan,nan,20,30870,50.75,0.0457576753808909,0.6196940271796787,False
863,0.28082398516102147,0.911122483793927,nan,nan,20,29310,48.0,0.0458078826344364,0.6799971458001886,False
864,0.24582074381768157,0.9250641025641025,nan,nan,20,31200,51.25,0.04591488008647774,0.6656695228345056,False
865,0.23694028188167973,0.9259282970550576,nan,nan,20,31240,50.75,0.046229118170181015,0.6441882818864897,False
866,0.28678715759943824,0.9089766317485899,nan,nan,20,31025,51.25,0.045710623495555325,0.8519458155450923,False
867,0.2718261073889624,0.9124160549742308,nan,nan,20,32015,52.5,0.04553495017928879,0.6557190332849497,False
868,0.2678105889515018,0.9200187822820473,nan,nan,20,31945,52.25,0.04508878614322957,0.7227582261857984,False
869,0.28614921714176234,0.9097580515942958,nan,nan,20,31205,50.75,0.04537109828002278,0.8270542030615967,False
870,0.23452652438830066,0.925242718446602,0.3218624617758541,0.896851371177068,20,30900,50.75,0.045288386779854486,0.6487915952359122,False
871,0.29806780282949114,0.9100671140939597,nan,nan,20,31290,51.5,0.04540099798352491,0.7969012921770586,False
872,0.23742270366226786,0.9245320197044335,nan,nan,20,30450,49.75,0.04594358460365101,0.6788673275017165,False
873,0.22350326567425147,0.9306581547347621,nan,nan,20,32895,54.0,0.04683417785524059,0.7204349405535255,False
874,0.24249540025263727,0.9218348623853211,nan,nan,20,29975,49.25,0.04710523171264224,0.7135066678318387,False
875,0.2967062800646491,0.9216520265063954,nan,nan,20,32445,53.0,0.04648426227170558,0.7375683696276021,False
876,0.2682181358084587,0.9182564561874906,nan,nan,20,33495,54.75,0.04643868902975679,0.7030595879859788,False
877,0.25885445440200167,0.9186666666666666,nan,nan,20,30750,50.25,0.046236573383314244,0.7357599033218666,False
878,0.26192969879178346,0.9205192211682476,nan,nan,20,30045,49.75,0.046678461092074935,0.8266451821382758,False
879,0.30713098509059134,0.917597634977439,nan,nan,20,32135,52.75,0.04657290646464752,0.8437854106767713,False
880,0.2457016457746297,0.9228239553477146,0.32065444014610817,0.896851371177068,20,33145,54.0,0.0467881774571708,0.672188320728727,False
881,0.261821599758177,0.9152701391135555,nan,nan,20,30910,50.75,0.04627994168540416,0.6570129233518308,False
882,0.22347643677149284,0.927227646056098,nan,nan,20,32265,52.75,0.04659461619622361,0.664283900137039,False
883,0.2637028887895224,0.9160731169240467,nan,nan,20,31730,52.0,0.046604506935729186,0.6124086457648467,False
884,0.2786003158486327,0.9135379342576725,nan,nan,20,32095,52.75,0.046729150610996785,0.7616870187576096,False
885,0.2375543392902936,0.9240803212851406,nan,nan,20,31125,50.5,0.04671530283402984,0.6616744527490688,False
886,0.2830556241820176,0.9168853296984154,nan,nan,20,29345,47.75,0.047478754430586176,0.8680348263181636,False
887,0.3490747667271411,0.9212159594680177,nan,nan,20,31580,51.25,0.04776298013908734,0.8661483426055318,False
888,0.24708239185230008,0.9217688180783612,nan,nan,20,30755,50.0,0.04759506708974616,0.6545143031851699,False
889,0.2762508982569178,0.9163083030102547,nan,nan,20,30230,49.75,0.04715658142977131,0.911642349828,False
890,0.2564888894621316,0.9163959546429666,0.32027654668477895,0.8986570364518678,20,32630,53.75,0.046978848921495064,0.6345058205876313,False
891,0.32577697983225196,0.8983473861720067,nan,nan,20,29650,48.25,0.04735315057813641,0.8738302298997626,False
892,0.27903838772855616,0.9221984296930764,nan,nan,20,35025,57.5,0.047178620950209665,0.8663854438274416,False
893,0.24959267164773158,0.919641693811075,nan,nan,20,30700,50.25,0.046926980046866094,0.6598278206606372,False
894,0.28184191119816887,0.9111465476000637,nan,nan,20,31355,51.5,0.046128725710169356,0.6994267229710324,False
895,0.2484391235510863,0.9219278646664539,nan,nan,20,31330,50.5,0.046287076696970936,0.6429789593548255,False
896,0.2456357569168901,0.9243006719799969,nan,nan,20,31995,52.0,0.046214622346461266,0.7141447529380656,False
897,0.27452335485431917,0.9209575429087624,nan,nan,20,33210,54.25,0.04620679636419148,0.7510269445158221,False
898,0.23735246306799673,0.924438331040807,nan,nan,20,32715,53.25,0.0463168529885042,0.6411003128755179,False
899,0.26416911516493785,0.9156722112009766,nan,nan,20,32765,53.5,0.04581671734859283,0.6796325875265179,False
900,0.23437362729523925,0.9284813197476953,0.32117912280897215,0.8958356844599932,20,30915,51.0,0.046216684458866446,0.6778113477443795,False
901,0.26578957608368076,0.9181099922540666,nan,nan,20,32275,53.0,0.04646180107301295,0.7712073779215676,False
902,0.21469147424108875,0.9331349206349207,nan,nan,20,30240,49.5,0.046402293691927554,0.7153796688791341,False
903,0.23462034996056513,0.9242943081906525,nan,nan,20,32415,53.0,0.04602494809309382,0.6948297285100541,False
904,0.24766824384976951,0.9217405215165574,nan,nan,20,31255,51.25,0.04602005348718586,0.6314511395564766,False
905,0.3164387830296136,0.9020620230556908,nan,nan,20,30795,50.5,0.04500696177574151,0.7614674113865296,False
906,0.23658483235559316,0.9229709493860437,nan,nan,20,33390,53.75,0.0451300075896099,0.6919347819491216,False
907,0.2856899249301129,0.9070540708514605,nan,nan,20,32180,53.0,0.04453930088168301,0.7677435857615958,False
908,0.2795171260111546,0.9155010355265254,nan,nan,20,31385,51.5,0.04434734686510842,0.8130401079729511,False
909,0.33971044242363085,0.9069667738478028,nan,nan,20,32655,53.75,0.04365427211917054,0.8526814454585596,False
910,0.2612642607462032,0.9165445665445665,0.31838389633808,0.8978670578941429,20,32760,53.5,0.04315050861152471,0.6224276859475729,False
911,0.2996425695768853,0.9105388650453028,nan,nan,20,31455,51.5,0.042510222978372154,0.7760123532731655,False
912,0.2472224970839957,0.9229327286470144,nan,nan,20,33075,53.5,0.04285917440988154,0.6050781300755721,False
913,0.2666527494663007,0.9178761061946903,nan,nan,20,31075,50.75,0.04299441669468388,0.733497801168005,False
914,0.31528119898262374,0.9041699952069021,nan,nan,20,31295,50.75,0.04270438943319669,0.6772059024156437,False
915,0.2715597958411425,0.9143551523007128,nan,nan,20,30860,50.25,0.042412346535897615,0.7052983454453241,False
916,0.3083249529501735,0.90764242704956,nan,nan,20,32385,53.0,0.04232091248617788,0.7112459127917277,False
917,0.27196437145470714,0.9120757180156658,nan,nan,20,30640,50.25,0.04306611491674774,0.803981459882435,False
918,0.25503085531260794,0.9194195336703082,nan,nan,20,30665,50.25,0.043244280651878075,0.6275847252292499,False
919,0.28928423260955005,0.9107400866912827,nan,nan,20,31145,51.5,0.0432448533082173,0.8346336526867277,False
920,0.32971274454152283,0.9122380419132938,0.3189089974913367,0.8980927660534929,20,31255,51.0,0.04355215187751026,0.8891251164213336,False
921,0.28715909453805927,0.9073308897034322,nan,nan,20,30010,49.0,0.04393856208824401,0.7948609477669324,False
922,0.2924226719131628,0.9104761904761904,nan,nan,20,32025,52.5,0.04412923763553999,0.9116107899703622,False
923,0.2623114684512263,0.9172251220744233,nan,nan,20,29695,48.75,0.04409195442811178,0.8046451567554028,False
924,0.29228627794990064,0.9148626282687852,nan,nan,20,30210,49.25,0.04412816928530739,0.8568530821134889,False
925,0.22643333178716107,0.9301861098502042,nan,nan,20,33045,54.0,0.04432838406519604,0.6498662271360043,False
926,0.24433901129722577,0.919960343688037,nan,nan,20,30260,49.25,0.04444069384870233,0.5853691089628341,False
927,0.21656870951034285,0.929521625163827,nan,nan,20,30520,49.5,0.045263897494744,0.7409091147377989,False
928,0.28669850253956836,0.9163941802909854,nan,nan,20,33335,54.75,0.04554493995431145,0.7177102170043627,False
929,0.23747081255843183,0.9216943521594685,nan,nan,20,30100,49.0,0.045753180150412964,0.7974994464865443,False
930,0.23432090414098009,0.9234831813895001,0.3167543746341823,0.8964563818982056,20,31810,52.0,0.045838518135856335,0.6691846167221343,False
931,0.2696014563952763,0.9143173548489163,nan,nan,20,31605,51.25,0.04575860385717581,0.6775048525903522,False
932,0.27348795419999494,0.9120478036175711,nan,nan,20,30960,50.75,0.04567221651717729,0.725463462451341,False
933,0.25892558103514035,0.9181759379042691,nan,nan,20,30920,50.75,0.045439691465969025,0.7115574574295827,False
934,0.31726785035758737,0.9191503267973856,nan,nan,20,30600,50.0,0.04502719388433674,0.832915957365724,False
935,0.2608551974435285,0.9168479170152251,nan,nan,20,29885,49.0,0.045205237333204064,0.7733912411707209,False
936,0.29808658442497393,0.9099374141352465,nan,nan,20,32755,53.5,0.044925619612271254,0.7847476637931627,False
937,0.25945701058966864,0.9158250191864927,nan,nan,20,32575,53.75,0.04543487200735748,0.8608181493169029,False
938,0.24535603789090135,0.92137845002339,nan,nan,20,32065,52.0,0.04535451039411506,0.6965386891072136,False
939,0.21065301059491764,0.9309560723514212,nan,nan,20,29025,48.25,0.045794811704659356,0.7437481736717182,False
940,0.22344171814278785,0.9334415584415584,0.3173221839986419,0.8967949441372306,20,30800,50.5,0.045954115604610817,0.7627496826326928,False
941,0.25329464379424405,0.9188499434663221,nan,nan,20,30955,50.75,0.045886641582288154,0.8292370599405599,False
942,0.23799781920972565,0.9237407814216224,nan,nan,20,31865,52.0,0.04619425557026014,0.6491304166123804,False
943,0.22541333587437515,0.9218760038548024,nan,nan,20,31130,50.75,0.046407382389568964,0.6817289865726698,False
944,0.27302823980185437,0.9122207621550591,nan,nan,20,30440,49.75,0.04641766823068516,0.7235917710595898,False
945,0.263395637259995,0.9189363416599516,nan,nan,20,31025,50.75,0.04611608769758309,0.6843198725808619,False
946,0.3229015731602279,0.9036916571800293,nan,nan,20,30745,50.5,0.046014095270060514,0.8183754052894991,False
947,0.24673069418031576,0.9208708462923555,nan,nan,20,30545,49.75,0.045887395008862596,0.6032446146430548,False
948,0.2441039303332091,0.9232822540781018,nan,nan,20,30345,50.0,0.04599059108364898,0.7667210363284972,False
949,0.27632796026159717,0.9207515796474892,nan,nan,20,30070,49.25,0.0457028052771088,0.7900056876128005,False
950,0.2584045198528496,0.9211369346733669,0.32015351322350794,0.8978670578941429,20,31840,52.5,0.045800301080129655,0.7828420551642942,False
951,0.23869562006055972,0.9216799091940976,nan,nan,20,30835,50.0,0.04579172995028046,0.6995906851311191,False
952,0.2722814482405684,0.916422435573522,nan,nan,20,29685,48.75,0.04587709557931736,0.7784142596423564,False
953,0.24314465975960403,0.9197732793522267,nan,nan,20,30875,50.5,0.04598707100926101,0.6722115940335314,False
954,0.2875086228679479,0.9120911310008136,nan,nan,20,30725,50.5,0.046364390042698454,0.8684110845323735,False
955,0.2094077433733089,0.9307124518613608,nan,nan,20,31160,50.5,0.04687448108669063,0.7243922664112898,False
956,0.23987579616233803,0.9246306169078446,nan,nan,20,32825,53.5,0.04755381258985542,0.6164852014552409,False
957,0.30989833391257116,0.9015170278637771,nan,nan,20,32300,52.75,0.04708602546422695,0.7687200409154618,False
958,0.25667949257629863,0.9185470909675345,nan,nan,20,31110,51.25,0.04688410759050917,0.6714418483185516,False
959,0.3117479186646465,0.9102193187120858,nan,nan,20,32145,52.5,0.04657111830492729,0.6468265026432422,False
960,0.2343341961034838,0.9282962962962963,0.3158107598779595,0.8980363390136553,20,30375,49.75,0.046034341510196114,0.7353948199616516,False
961,0.22273411506145044,0.9316549069916613,nan,nan,20,31180,51.25,0.04606049966704279,0.6558731795417515,False
962,0.2213344470462972,0.9301459486663312,nan,nan,20,29805,48.25,0.04608937092331281,0.6863484428528156,False
963,0.2571275864949678,0.9178128350436514,nan,nan,20,32645,53.75,0.04577815199674728,0.7931372113072925,False
964,0.29478995980280975,0.9115522290920924,nan,nan,20,30730,51.0,0.04551999777863296,0.8573745227409502,False
965,0.2862089426100635,0.9114349775784754,nan,nan,20,31220,52.0,0.04533403791766725,0.8522675264838231,False
966,0.2092314133550069,0.9311224489795918,nan,nan,20,31360,50.75,0.04548652645250298,0.651034098943964,False
967,0.26319866578191425,0.9178831526136916,nan,nan,20,30895,50.5,0.04598524778706144,0.9267790863717517,False
968,0.31444886284391393,0.9079588168001307,nan,nan,20,30595,51.0,0.04500811081231215,0.8633311435722053,False
969,0.22791471855699602,0.9281440877055599,nan,nan,20,31925,52.0,0.04445449248988173,0.6047248013485506,False
970,0.24319612963074203,0.9264430828764915,0.3265489659376923,0.8900801263965692,20,31010,51.0,0.04426080304923878,0.8019504897960228,False
971,0.2205281175279437,0.9295783611774066,nan,nan,20,31425,51.5,0.044139535002241055,0.6443289941186451,False
972,0.2990599176073497,0.9087628027962933,nan,nan,20,30755,50.5,0.04341927360953655,0.7603564556122868,False
973,0.2570901273684382,0.9217880688213539,nan,nan,20,31095,51.5,0.043127537350846304,0.702023747408836,False
974,0.2694526928510652,0.9262483231480101,nan,nan,20,33545,55.0,0.042366759830872104,0.8740476050099761,False
975,0.25659746893760677,0.9177767427418103,nan,nan,20,32205,53.0,0.042457437467751664,0.7205750107573078,False
976,0.253279934909914,0.9231053604436229,nan,nan,20,29755,48.75,0.04344588216969527,0.8403772469028281,False
977,0.23903231138265668,0.9220170226433274,nan,nan,20,31135,50.75,0.04370335889595238,0.7751086437787669,False
978,0.2307825706531851,0.9234785343607486,nan,nan,20,31795,51.75,0.0437731149315027,0.6078825034698714,False
979,0.22921352932366845,0.9255047002619818,nan,nan,20,32445,52.75,0.04365040500304935,0.6477134039958214,False
980,0.23455045942316716,0.9255269320843091,0.3107105363284394,0.9000112854079675,20,32025,53.0,0.04432663624965531,0.7659557641925056,False
981,0.25456192952300155,0.9200913987269463,nan,nan,20,30635,50.25,0.04434196103937083,0.7265164374399302,False
982,0.3342948727832872,0.9013377926421404,nan,nan,20,29900,49.75,0.04437884686832932,0.9487916381035569,False
983,0.21571802366655296,0.9341257428839537,nan,nan,20,31970,52.25,0.04442969929638424,0.6343970712069315,False
984,0.29168181658712944,0.9100926221654424,nan,nan,20,31310,51.25,0.04495658802421768,0.7835213211132669,False
985,0.28060381429990705,0.9132364681462558,nan,nan,20,31315,51.5,0.04481940192468051,0.7416213261891864,False
986,0.2698025865626429,0.9137047710534743,nan,nan,20,31230,50.5,0.0441285689344263,0.5618714479898289,False
987,0.21992245301026656,0.9273145864167078,nan,nan,20,30405,50.0,0.044183180577653254,0.8043464386119101,False
988,0.24388442519387474,0.9187520418163999,nan,nan,20,30610,50.25,0.04484782885615686,0.7002264113723828,False
989,0.2311739148099589,0.9280587275693312,nan,nan,20,30650,49.75,0.04502719477691074,0.7127503237579366,False
990,0.2229092263594171,0.9279728199320498,0.3088047633710826,0.8998984313282925,20,30905,50.75,0.04562394520304418,0.7576526201326375,False
991,0.2630793713019551,0.9189345096708517,nan,nan,20,29470,48.0,0.04579212015581787,0.8358611284668692,False
992,0.2326788410461149,0.9245650438946529,nan,nan,20,31325,51.5,0.046174992007024726,0.722086890617329,False
993,0.23605204550902964,0.924740249962355,nan,nan,20,33205,54.25,0.0463303390034723,0.6286442506011649,False
994,0.19860240005535232,0.9366140513772826,nan,nan,20,32310,52.75,0.04602302607150128,0.6957714247378092,False
995,0.23811318284675348,0.926983105390185,nan,nan,20,31075,51.25,0.04603484983300984,0.7742263793794585,False
996,0.26823950790197737,0.9194740137758297,nan,nan,20,31940,51.75,0.0456427333677061,0.7269460760596584,False
997,0.22953283225316082,0.9250237567310738,nan,nan,20,31570,51.25,0.045985176274199374,0.7487036181661748,False
998,0.2194654835856201,0.9328367103694875,nan,nan,20,33560,55.5,0.04569590850410476,0.6606863708557217,False
999,0.2427356975391306,0.9202861056155837,nan,nan,20,32855,53.75,0.045066431986383465,0.5943964524591666,False
1000,0.2173857661121261,0.9312510114905325,0.30990818135155307,0.9001241394876425,20,30895,50.25,0.04496792201457193,0.7292192634973046,True
